Date,Open,High,Low,Close,Volume,Dividends,Splits,AdjOpen,AdjHigh,AdjLow,AdjClose,sma20,sma50,sma100,sma200,ema12,ema26,macd,macd_signal,macd_hist,rsi14,bb_mid,bb_up,bb_low,bb_pctb,atr14,atr_pct,ret_1d,ret_1w,ret_1m,ret_3m,ret_6m,ret_12m,vol_21,drawdown,dist_52w_high,dist_52w_low,vol_sma20,turnover_sar,rs_bench_3m
2020-12-10,146.000000,165.000000,141.250000,144.710007,70447500,0.000000,0.000000,146.000000,165.000000,141.250000,144.710007,,,,,,,,,,50.000000,,,,,,,,,,,,,,0.000000,,,,10194458218.132500,
2020-12-11,146.550003,151.500000,135.100006,139.250000,26980800,0.000000,0.000000,146.550003,151.500000,135.100006,139.250000,,,,,,,,,,50.000000,,,,,,,-0.037731,,,,,,,-0.037731,,,,3757076400.000000,
2020-12-14,135.000000,135.300003,125.160004,130.000000,16966100,0.000000,0.000000,135.000000,135.300003,125.160004,130.000000,,,,,,,,,,50.000000,,,,,,,-0.066427,,,,,,,-0.101652,,,,2205593000.000000,
2020-12-15,126.690002,127.599998,121.500000,124.800003,10914400,0.000000,0.000000,126.690002,127.599998,121.500000,124.800003,,,,,,,,,,50.000000,,,,,,,-0.040000,,,,,,,-0.137586,,,,1362117152.743200,
2020-12-16,125.830002,142.000000,124.910004,137.990005,20409600,0.000000,0.000000,125.830002,142.000000,124.910004,137.990005,,,,,,,,,,50.000000,,,,,,,0.105689,,,,,,,-0.046438,,,,2816320806.048000,
2020-12-17,143.000000,152.449997,142.669998,147.050003,15054700,0.000000,0.000000,143.000000,152.449997,142.669998,147.050003,,,,,,,,,,50.000000,,,,,,,0.065657,0.016170,,,,,,0.000000,,,,2213793680.164100,
2020-12-18,150.449997,159.000000,150.300003,157.300003,15954200,0.000000,0.000000,150.449997,159.000000,150.300003,157.300003,,,,,,,,,,50.000000,,,,,,,0.069704,0.129623,,,,,,0.000000,,,,2509595707.862600,
2020-12-21,155.309998,172.000000,145.110001,163.020004,17788100,0.000000,0.000000,155.309998,172.000000,145.110001,163.020004,,,,,,,,,,50.000000,,,,,,,0.036364,0.254000,,,,,,0.000000,,,,2899816133.152400,
2020-12-22,170.000000,174.970001,161.050003,163.190002,9872600,0.000000,0.000000,170.000000,174.970001,161.050003,163.190002,,,,,,,,,,50.000000,,,,,,,0.001043,0.307612,,,,,,0.000000,,,,1611109613.745200,
2020-12-23,162.813995,168.250000,155.500000,158.009995,5852500,0.000000,0.000000,162.813995,168.250000,155.500000,158.009995,,,,,,,,,,50.000000,,,,,,,-0.031742,0.145083,,,,,,-0.031742,,,,924753495.737500,
2020-12-24,159.160004,162.789993,154.112000,154.839996,3621400,0.000000,0.000000,159.160004,162.789993,154.112000,154.839996,,,,,,,,,,50.000000,,,,,,,-0.020062,0.052975,,,,,,-0.051167,,,,560737561.514400,
2020-12-28,158.600006,163.639999,147.520004,149.000000,6229200,0.000000,0.000000,158.600006,163.639999,147.520004,149.000000,,,,,151.407355,,,,,50.000000,,,,,,,-0.037716,-0.052765,,,,,,-0.086954,,,,928150800.000000,
2020-12-29,150.000000,151.651001,143.119995,150.000000,5402300,0.000000,0.000000,150.000000,151.651001,143.119995,150.000000,,,,,151.162985,,,,,50.000000,,,,,,,0.006711,-0.079868,,,,,,-0.080826,,,,810345000.000000,
2020-12-30,151.339996,152.813004,145.600006,148.429993,3462400,0.000000,0.000000,151.339996,152.813004,145.600006,148.429993,,,,,150.697644,,,,,50.000000,,,,,13.533349,0.091177,-0.010467,-0.090447,,,,,,-0.090447,,,,513924007.763200,
2020-12-31,146.899994,147.889999,144.509995,146.800003,2795800,0.000000,0.000000,146.899994,147.889999,144.509995,146.800003,,,,,150.044722,,,,,48.944989,,,,,12.509960,0.085218,-0.010982,-0.070945,,,,,,-0.100435,,,,410423448.387400,
2021-01-04,150.990005,151.005005,137.000000,139.149994,6409900,0.000000,0.000000,150.990005,151.005005,137.000000,139.149994,,,,,148.244282,,,,,41.053838,,,,,12.663729,0.091008,-0.052112,-0.101330,,,,,,-0.147313,,,,891937546.540600,
2021-01-05,138.279999,149.000000,137.250000,148.300003,5974200,0.000000,0.000000,138.279999,149.000000,137.250000,148.300003,,,,,148.253387,,,,,51.190225,,,,,12.572613,0.084778,0.065756,-0.004698,,,,,,-0.091243,,,,885973877.922600,
2021-01-06,145.750000,148.350006,141.110001,142.770004,4213900,0.000000,0.000000,145.750000,148.350006,141.110001,142.770004,,,,,147.365912,,,,,46.037600,,,,,12.055481,0.084440,-0.037289,-0.048200,,,,,,-0.125130,,,,601618519.855600,
2021-01-07,146.369995,154.419998,145.261002,151.270004,4482800,0.000000,0.000000,146.369995,154.419998,145.261002,151.270004,,,,,147.992766,,,,,53.744556,,,,,12.017138,0.079442,0.059536,0.019134,,,,,,-0.073044,,,,678113173.931200,
2021-01-08,153.449997,155.539993,147.250000,149.770004,4615600,0.000000,0.000000,153.449997,155.539993,147.250000,149.770004,147.282501,,,,148.276221,,,,,52.324347,147.282501,167.052022,127.512980,0.562913,11.672668,0.077937,-0.009916,0.020232,,,,,,-0.082235,,,12872400.000000,691278430.462400,
2021-01-11,147.990005,150.500000,144.020004,148.130005,2801900,0.000000,0.000000,147.990005,150.500000,144.020004,148.130005,147.453501,,,,148.253032,,,,,50.745456,147.453501,167.188466,127.718536,0.517140,11.202620,0.075627,-0.010950,0.064535,,,,,,-0.092285,,,9490120.000000,415045461.009500,
2021-01-12,148.080002,163.880005,143.610001,160.800003,8123600,0.000000,0.000000,148.080002,163.880005,143.610001,160.800003,148.531001,,,,150.233530,,,,,60.629541,148.531001,168.727867,128.334136,0.803735,12.008035,0.074677,0.085533,0.084289,0.111188,,,,0.800865,-0.014645,,,8547260.000000,1306274904.370800,
2021-01-13,160.809998,178.619995,159.350006,169.990005,12529700,0.000000,0.000000,160.809998,178.619995,159.350006,169.990005,150.530501,,,,153.339598,,,,,65.964659,150.530501,170.919969,130.141034,0.977195,12.642053,0.074369,0.057152,0.190656,0.220754,,,,0.802703,0.000000,,,8325440.000000,2129923765.648500,
2021-01-14,175.539993,187.419998,174.975006,180.500000,9926500,0.000000,0.000000,175.539993,187.419998,174.975006,180.500000,153.315501,,,,157.595347,,,,,70.832576,153.315501,174.118877,132.512125,1.153367,13.053539,0.072319,0.061827,0.193231,0.388462,,,,0.769627,0.000000,,,8276045.000000,1791733250.000000,
2021-01-15,184.580002,185.994995,164.860001,169.270004,8575700,0.000000,0.000000,184.580002,185.994995,164.860001,169.270004,154.879501,,,,159.419456,,,,,60.822465,154.879501,175.534362,134.224640,0.848356,13.738140,0.081161,-0.062216,0.130200,0.356330,,,,0.793771,-0.062216,,,7684350.000000,1451608773.302800,
2021-01-19,173.000000,178.600006,166.600006,173.690002,4685400,0.000000,0.000000,173.000000,178.600006,166.600006,173.690002,156.211501,,,,161.643824,156.641980,5.001844,,,63.036604,156.211501,178.137261,134.285741,0.898584,13.592828,0.078259,0.026112,0.172551,0.258714,,,,0.725105,-0.037729,,,7165885.000000,813807135.370800,
2021-01-20,176.009995,176.309998,161.000000,161.830002,8517400,0.000000,0.000000,176.009995,176.309998,161.000000,161.830002,156.438001,,,,161.672785,157.081271,4.591514,,,54.187240,156.438001,178.504249,134.371753,0.622178,13.734660,0.084871,-0.068283,0.006405,0.100510,,,,0.748291,-0.103435,,,6794045.000000,1378370859.034800,
2021-01-21,164.990005,183.470001,155.330002,180.399994,17618400,0.000000,0.000000,164.990005,183.470001,155.330002,180.399994,157.307001,,,,164.580946,159.035054,5.545892,,,62.956174,157.307001,181.709838,132.904163,0.973162,14.911351,0.082657,0.114750,0.061239,0.146853,,,,0.810577,-0.000554,,,6785560.000000,3178359254.289600,
2021-01-22,178.089996,185.307007,175.190002,181.869995,7136800,0.000000,0.000000,178.089996,185.307007,175.190002,181.869995,158.241000,,,,167.261902,160.929901,6.332001,,,63.550928,158.241000,184.916050,131.565951,0.942904,14.523703,0.079858,0.008149,0.007590,0.115630,,,,0.803899,0.000000,,,6648770.000000,1297969780.316000,
2021-01-25,186.050003,192.470001,170.029999,177.529999,7472900,0.000000,0.000000,186.050003,192.470001,170.029999,177.529999,159.217000,,,,168.852201,162.295219,6.556981,,,60.464349,159.217000,187.250298,131.183703,0.826629,15.157799,0.085382,-0.023863,0.048798,0.087873,,,,0.810600,-0.023863,,,6729790.000000,1326663929.527100,
2021-01-26,180.000000,193.000000,177.300003,192.740005,6460900,0.000000,0.000000,180.000000,193.000000,177.300003,192.740005,161.112001,,,,172.548075,164.778930,7.769146,,,66.588861,161.112001,192.786913,129.437088,0.999260,15.200856,0.078867,0.085676,0.109678,0.219796,,,,0.844454,0.000000,,,6871765.000000,1245273898.304500,
2021-01-27,187.639999,216.000000,185.500000,201.250000,11019800,0.000000,0.000000,187.639999,216.000000,185.500000,201.250000,163.724501,,,,176.984913,167.732101,9.252812,,,69.441214,163.724501,199.541376,127.907626,1.023852,16.406161,0.081521,0.044153,0.243589,0.299729,,,,0.844158,0.000000,,,7111295.000000,2217734750.000000,
2021-01-28,202.600006,212.839996,187.050003,187.369995,7077700,0.000000,0.000000,202.600006,212.839996,187.050003,187.369995,165.593001,,,,178.589091,169.311345,9.277746,,,60.386099,165.593001,202.283606,128.902396,0.796765,17.140046,0.091477,-0.068969,0.038636,0.257517,,,,0.874621,-0.068969,,,7195065.000000,1326148613.611500,
2021-01-29,190.710007,193.500000,179.309998,183.630005,4529800,0.000000,0.000000,190.710007,193.500000,179.309998,183.630005,167.353001,,,,179.367273,170.455566,8.911707,7.911924,0.999782,58.184445,167.353001,203.954022,130.751980,0.722357,16.910884,0.092092,-0.019960,0.009677,0.224200,,,,0.881657,-0.087553,,,7248435.000000,831807196.649000,
2021-02-01,187.479996,188.820007,179.740005,180.440002,3877400,0.000000,0.000000,187.479996,188.820007,179.740005,180.440002,169.035001,,,,179.532786,171.248804,8.283982,7.995287,0.288695,56.298982,169.035001,204.740010,133.329993,0.659711,16.306354,0.090370,-0.017372,0.016392,0.215657,,,,0.884109,-0.103404,,,7302515.000000,699638063.754800,
2021-02-02,183.220001,186.479004,177.110001,179.169998,4413600,0.000000,0.000000,183.220001,186.479004,177.110001,179.169998,171.036001,,,,179.476836,171.874759,7.602076,7.909255,-0.307178,55.527514,171.036001,204.075215,137.996788,0.623096,15.773876,0.088039,-0.007038,-0.070406,0.220504,,,,0.882990,-0.109714,,,7202700.000000,790784703.172800,
2021-02-03,181.979996,190.899994,180.000000,185.720001,4169000,0.000000,0.000000,181.979996,190.899994,180.000000,185.720001,172.907001,,,,180.439313,172.963462,7.475851,7.816178,-0.340326,58.672897,172.907001,204.741217,141.072785,0.701246,15.465131,0.083271,0.036557,-0.077168,0.334675,,,,0.856172,-0.077168,,,7112440.000000,774266684.169000,
2021-02-04,187.070007,195.990005,186.190002,195.800003,3631500,0.000000,0.000000,187.070007,195.990005,186.190002,195.800003,175.558501,,,,182.806640,174.751033,8.055606,7.866849,0.188757,63.008842,175.558501,205.607493,145.509509,0.836808,15.070433,0.076969,0.054275,0.044991,0.320297,,,,0.848521,-0.027081,,,7083320.000000,711047710.894500,
2021-02-05,197.000000,197.250000,190.250000,195.309998,2869700,0.000000,0.000000,197.000000,197.250000,190.250000,195.309998,177.760501,,,,184.733086,176.353588,8.379498,7.974096,0.405402,62.664654,177.760501,206.751202,148.769800,0.802675,14.460058,0.074036,-0.002503,0.063606,0.368004,,,,0.830042,-0.029516,,,7002665.000000,560481101.260600,
2021-02-08,199.929993,201.960007,191.500000,200.429993,3488100,0.000000,0.000000,199.929993,201.960007,191.500000,200.429993,180.293500,,,,187.151025,178.223080,8.927945,8.171822,0.756122,64.826684,180.293500,207.801604,152.785397,0.866010,14.158796,0.070642,0.026215,0.110785,0.324982,,,,0.816089,-0.004075,,,6946290.000000,699119858.583300,
2021-02-09,199.203003,209.220001,196.160004,199.880005,4725800,0.000000,0.000000,199.203003,209.220001,196.160004,199.880005,182.881000,,,,189.111408,179.898714,9.212694,8.386026,0.826668,64.395300,182.881000,207.201416,158.560585,0.849480,14.076361,0.070424,-0.002744,0.115589,0.334580,,,,0.813735,-0.006807,,,7042485.000000,944592927.629000,
2021-02-10,205.479996,214.716003,202.097000,211.660004,5257200,0.000000,0.000000,205.479996,214.716003,202.097000,211.660004,185.424001,,,,192.583538,182.348064,10.235474,8.764437,1.471037,69.133130,185.424001,210.642482,160.205519,1.020174,14.133147,0.066773,0.058935,0.139673,0.428880,,,,0.821550,0.000000,,,6899165.000000,1112738973.028800,
2021-02-11,213.500000,219.940002,207.000000,216.839996,3595200,0.000000,0.000000,213.500000,219.940002,207.000000,216.839996,187.766500,,,,196.318136,184.999923,11.318213,9.284562,2.033651,70.962890,187.766500,215.524387,160.008613,1.023698,14.044250,0.064768,0.024473,0.107457,0.348507,,,,0.785102,0.000000,,,6452440.000000,779583153.619200,
2021-02-12,214.457993,216.940002,209.000000,212.679993,3041700,0.000000,0.000000,214.457993,216.940002,209.000000,212.679993,189.375500,,,,198.836962,187.122100,11.714862,9.777729,1.937133,67.502155,189.375500,219.026022,159.724978,0.892986,13.590840,0.063903,-0.019185,0.088936,0.251132,,,,0.778570,-0.019185,,,6108200.000000,646908734.708100,
2021-02-16,216.240005,218.779999,209.089996,209.860001,3487900,0.000000,0.000000,216.240005,218.779999,209.089996,209.860001,191.405000,,,,200.533737,188.860861,11.672876,10.161179,1.511697,65.181553,191.405000,220.816724,161.993275,0.813735,13.301917,0.063385,-0.013259,0.047049,0.162659,,,,0.761101,-0.032190,,,5853810.000000,731970697.487900,
2021-02-17,207.050003,208.764999,196.020004,201.960007,4090600,0.000000,0.000000,207.050003,208.764999,196.020004,201.960007,192.818500,,,,200.753264,189.860155,10.893109,10.308928,0.584181,59.056443,192.818500,221.349601,164.287398,0.660202,13.341666,0.066061,-0.037644,0.010406,0.193123,,,,0.736795,-0.068622,,,5824070.000000,826137604.634200,
2021-02-18,199.009995,200.360001,192.169998,198.039993,2791400,0.000000,0.000000,199.009995,200.360001,192.169998,198.039993,194.628999,,,,200.335675,190.482792,9.852883,10.217041,-0.364158,56.232709,194.628999,219.201263,170.056736,0.569407,13.079938,0.066047,-0.019410,-0.064349,0.140192,,,,0.740690,-0.086700,,,5537770.000000,552808836.460200,
2021-02-19,203.949997,205.550003,200.179993,201.070007,2605800,0.000000,0.000000,203.949997,205.550003,200.179993,201.070007,195.662500,,,,200.448686,191.287031,9.161656,10.004711,-0.843055,57.908028,195.662500,219.440823,171.884177,0.613707,12.670407,0.063015,0.015300,-0.072726,0.242477,,,,0.687961,-0.072726,,,4787140.000000,523948224.240600,
2021-02-22,200.699997,205.000000,193.500000,195.339996,3674200,0.000000,0.000000,200.699997,205.000000,193.500000,195.339996,196.336000,,,,199.662515,191.594327,8.068188,9.615568,-1.547380,53.720271,196.336000,219.215501,173.456499,0.478234,12.584532,0.064424,-0.028498,-0.081531,0.082816,,,,0.588184,-0.099151,,,4614010.000000,717718213.303200,
2021-02-23,189.000000,191.669998,175.000000,187.589996,5902400,0.000000,0.000000,189.000000,191.669998,175.000000,187.589996,196.839000,171.728801,,,197.804766,191.291247,6.513519,8.992806,-2.479287,48.600886,196.839000,218.380913,175.297087,0.285325,13.152459,0.070113,-0.039674,-0.106118,0.031451,,,,0.607403,-0.134892,,,4535485.000000,1107231192.390400,
2021-02-24,190.979996,208.145004,189.000000,200.199997,5983500,0.000000,0.000000,190.979996,208.145004,189.000000,200.199997,197.211999,172.838600,,,198.173337,191.964445,6.208892,8.434335,-2.225443,55.955638,197.211999,218.713376,175.710623,0.569484,13.693568,0.068399,0.067221,-0.008715,0.127697,,,,0.639336,-0.076739,,,4511615.000000,1197896682.049500,
2021-02-25,197.410004,199.800003,180.000000,182.059998,11568500,0.000000,0.000000,197.410004,199.800003,180.000000,182.059998,196.252499,173.694800,,,195.693943,191.217122,4.476822,7.640914,-3.164092,45.802345,196.252499,218.687592,173.817407,0.183699,14.168381,0.077823,-0.090609,-0.080691,-0.055411,,,,0.655705,-0.160395,,,4539050.000000,2106161086.863000,
2021-02-26,194.179993,214.100006,185.750000,206.350006,19368600,0.000000,0.000000,194.179993,214.100006,185.750000,206.350006,197.201500,175.221800,,,197.333572,192.357375,4.976196,7.106938,-2.130741,57.042599,197.201500,219.660268,174.742732,0.703673,15.470564,0.074972,0.133418,0.026260,0.025342,,,,0.793187,-0.048377,,,5153595.000000,3996710726.211600,
2021-03-01,195.820007,199.690002,192.619995,196.419998,15798500,0.000000,0.000000,195.820007,199.690002,192.619995,196.419998,197.841000,176.654200,,,197.193005,192.663102,4.529903,6.590732,-2.060829,52.270002,197.841000,219.382286,176.299714,0.467017,15.343923,0.078118,-0.048122,0.005529,0.048300,,,,0.772586,-0.094171,,,5717030.000000,3103141338.403000,
2021-03-02,195.630005,200.000000,188.500000,189.899994,9144900,0.000000,0.000000,195.630005,200.000000,188.500000,189.899994,198.313999,177.692400,,,196.070888,192.455413,3.615475,5.994943,-2.379468,49.350365,198.313999,218.626912,178.001086,0.292890,15.064616,0.079329,-0.033194,0.012314,0.034145,,,,0.778951,-0.124239,,,5980405.000000,1736616455.130600,
2021-03-03,186.970001,188.479996,178.800003,180.399994,10592900,0.000000,0.000000,186.970001,188.479996,178.800003,180.399994,198.375499,178.359400,,,193.659773,191.550258,2.109515,5.217087,-3.107572,45.373516,198.375499,218.450420,178.300578,0.052290,14.776893,0.081912,-0.050026,-0.098901,-0.000222,,,,0.797556,-0.168050,,,6289370.000000,1910959096.442600,
2021-03-04,178.639999,183.899994,170.869995,180.229996,9993700,0.000000,0.000000,178.639999,183.899994,170.869995,180.229996,198.100999,178.818000,,,191.593502,190.701156,0.892346,4.351453,-3.459107,45.303163,198.100999,219.036249,177.165748,0.073184,14.650261,0.081286,-0.000942,-0.010052,0.005916,,,,0.797045,-0.168834,,,6580605.000000,1801164511.025200,
2021-03-05,182.520004,183.500000,161.899994,179.809998,8788500,0.000000,0.000000,182.520004,183.500000,161.899994,179.809998,197.301499,179.153800,,,189.780543,189.885002,-0.104459,3.459705,-3.564165,45.117036,197.301499,219.771757,174.831240,0.110786,15.153511,0.084275,-0.002330,-0.128616,-0.031822,,,,0.786784,-0.170771,,,6838455.000000,1580260167.423000,
2021-03-08,179.992004,186.399994,177.029999,180.809998,4988500,0.000000,0.000000,179.992004,186.399994,177.029999,180.809998,196.576499,179.506200,,,188.400387,189.205533,-0.805146,2.606303,-3.411448,45.689178,196.576499,220.222241,172.930756,0.166610,14.735123,0.081495,0.005561,-0.079473,-0.076558,,,,0.761835,-0.166159,,,6944395.000000,901970675.023000,
2021-03-09,184.990005,189.460007,180.720001,183.110001,6079900,0.000000,0.000000,184.990005,189.460007,180.720001,183.110001,195.710499,180.008200,,,187.586445,188.749508,-1.163063,1.852124,-3.015186,47.056258,195.710499,220.021309,171.399689,0.240846,14.301822,0.078105,0.012721,-0.035756,-0.062465,,,,0.763711,-0.155552,-0.155552,0.467228,7073985.000000,1113290495.079900,
2021-03-10,184.570007,191.000000,181.550003,183.789993,6145600,0.000000,0.000000,184.570007,191.000000,181.550003,183.789993,194.905998,180.587200,,,187.002354,188.378746,-1.376393,1.206211,-2.582603,47.477194,194.905998,219.696034,170.115963,0.275797,13.951450,0.075910,0.003714,0.018792,-0.083022,,,,0.757191,-0.152417,-0.152417,0.472676,7144975.000000,1129499780.980800,
2021-03-11,189.899994,201.000000,188.500000,197.869995,6031200,0.000000,0.000000,189.899994,201.000000,188.500000,197.869995,194.216498,181.564600,,,188.674352,189.087805,-0.413454,0.882194,-1.295647,55.386692,194.216498,217.781294,170.651702,0.577520,14.186580,0.071696,0.076609,0.097875,-0.010056,,,,0.805938,-0.087484,-0.087484,0.585497,7183675.000000,1193393513.844000,
2021-03-12,196.270004,208.699997,192.199997,206.740005,5556500,0.000000,0.000000,196.270004,208.699997,192.199997,206.740005,193.711498,182.699400,,,191.453758,190.405708,1.048050,0.915372,0.132678,59.522157,193.711498,215.608810,171.814187,0.797491,14.353390,0.069427,0.044827,0.149769,-0.023245,,,,0.794498,-0.046578,-0.046578,0.656571,7281740.000000,1148750837.782500,
2021-03-15,209.537994,213.740005,203.809998,209.990005,4329400,0.000000,0.000000,209.537994,213.740005,203.809998,209.990005,193.576999,183.930600,,,194.305553,191.867004,2.438549,1.220058,1.218491,60.950459,193.576999,215.011906,172.142092,0.882857,14.034656,0.066835,0.015720,0.161385,-0.031590,0.451109,,,0.791681,-0.031590,-0.031590,0.682612,7346125.000000,909130727.647000,0.366157
2021-03-16,209.110001,215.490005,198.179993,200.009995,4605600,0.000000,0.000000,209.110001,215.490005,198.179993,200.009995,193.084499,184.994800,,,195.183176,192.474270,2.708906,1.517867,1.191039,54.581345,193.084499,213.365724,172.803273,0.670737,14.270519,0.071349,-0.047526,0.092294,-0.059573,0.436337,,,0.806122,-0.077615,-0.077615,0.602644,7402010.000000,921166032.972000,0.347978
2021-03-17,195.630005,203.460007,194.440002,201.360001,3781900,0.000000,0.000000,195.630005,203.460007,194.440002,201.360001,193.054498,186.239000,,,196.133472,193.136594,2.996878,1.813701,1.183177,55.262372,193.054498,213.282149,172.826848,0.705301,13.892643,0.068994,0.006750,0.095598,-0.040503,0.548923,,,0.805494,-0.071389,-0.071389,0.613462,7386575.000000,761523387.781900,0.461692
2021-03-18,196.800003,199.899994,190.679993,191.449997,3711500,0.000000,0.000000,196.800003,199.899994,190.679993,191.449997,192.724998,187.102000,,,195.412928,193.010937,2.401991,1.931369,0.470622,49.405951,192.724998,212.824999,172.624998,0.468284,13.661557,0.071358,-0.049215,-0.032446,-0.052040,0.534054,,,0.813129,-0.117091,-0.117091,0.534054,7432580.000000,710566663.865500,0.492680
2021-03-19,193.009995,196.490005,187.809998,194.389999,4444600,0.000000,0.000000,193.009995,196.490005,187.809998,194.389999,192.390998,188.134400,,,195.255552,193.113638,2.141914,1.973481,0.168434,51.062865,192.390998,212.125817,172.656179,0.550647,13.303412,0.068437,0.015357,-0.059737,-0.018431,0.408725,,,0.812302,-0.103533,-0.103533,0.557612,7524520.000000,863985789.555400,0.364718
2021-03-22,196.850006,203.300003,194.710007,195.000000,3740400,0.000000,0.000000,196.850006,203.300003,194.710007,195.000000,192.373998,189.009000,,,195.216236,193.254062,1.962174,1.971219,-0.009045,51.418365,192.373998,212.098704,172.649292,0.566566,12.987698,0.066604,0.003138,-0.071384,-0.030189,0.326080,,,0.810570,-0.100719,-0.100719,0.562500,7527830.000000,729378000.000000,0.278073
2021-03-23,195.500000,196.750000,185.740005,187.139999,3460600,0.000000,0.000000,195.500000,196.750000,185.740005,187.139999,192.351498,189.756400,,,193.973728,192.799087,1.174640,1.811897,-0.637256,46.709823,192.351498,212.100194,172.602803,0.368055,12.845640,0.068642,-0.040308,-0.064347,-0.041978,0.189701,,,0.816766,-0.136967,-0.136967,0.499519,7405740.000000,647616680.539400,0.152693
2021-03-24,189.000000,189.779999,178.509995,178.850006,3756100,0.000000,0.000000,189.000000,189.779999,178.509995,178.850006,191.283999,190.370800,,,191.646985,191.761427,-0.114442,1.426615,-1.541057,42.309153,191.283999,211.547798,171.020200,0.193197,12.732508,0.071191,-0.044298,-0.111790,-0.046591,0.097105,,,0.819690,-0.175198,-0.175198,0.433093,7294370.000000,671778507.536600,0.079889
2021-03-25,173.100006,179.539993,170.500000,176.160004,5264100,0.000000,0.000000,173.100006,179.539993,170.500000,176.160004,190.988999,190.678000,,,189.264358,190.601216,-1.336858,0.873905,-2.210763,40.960624,190.988999,211.977040,170.000958,0.146728,12.467480,0.070774,-0.015041,-0.079864,-0.120080,0.079478,,,0.782062,-0.187604,-0.187604,0.411538,6979150.000000,927323877.056400,0.066224
2021-03-26,178.416000,181.000000,168.000000,174.399994,3562900,0.000000,0.000000,178.416000,181.000000,168.000000,174.399994,189.391499,190.766199,,,186.977521,189.396752,-2.419230,0.215264,-2.634494,40.060932,189.391499,210.320246,168.462751,0.141844,12.505688,0.071707,-0.009991,-0.102835,-0.042074,0.103728,,,0.718035,-0.195720,-0.195720,0.397436,6188865.000000,621369738.622600,0.074942
2021-03-29,175.360001,185.460007,173.500000,182.500000,4508800,0.000000,0.000000,175.360001,185.460007,173.500000,182.500000,188.695499,190.806199,,,186.288669,188.884158,-2.595488,-0.346897,-2.248592,45.945497,188.695499,209.565845,167.825153,0.351572,12.466549,0.068310,0.046445,-0.064103,-0.115580,0.178636,,,0.558133,-0.158366,-0.158366,0.462340,5624380.000000,822856000.000000,0.158728
2021-03-30,182.350006,185.229996,178.380005,183.100006,2903300,0.000000,0.000000,182.350006,185.229996,178.380005,183.100006,188.355499,191.082799,,,185.798104,188.454364,-2.656260,-0.808776,-1.847484,46.365549,188.355499,209.364323,167.346676,0.374922,12.063813,0.065886,0.003288,-0.021588,-0.067814,0.228859,,,0.536358,-0.155599,-0.155599,0.467147,5312300.000000,531594247.419800,0.217543
2021-03-31,185.429993,192.274994,185.130005,187.940002,3079500,0.000000,0.000000,185.429993,192.274994,185.130005,187.940002,188.732500,191.367799,,,186.127628,188.416153,-2.288525,-1.104729,-1.183796,49.757259,188.732500,209.408194,168.056805,0.480835,11.856727,0.063088,0.026434,0.050825,-0.010321,0.252933,,,0.533546,-0.133278,-0.133278,0.505929,4936630.000000,578761236.159000,0.222066
2021-04-01,192.500000,193.990005,185.369995,188.240005,2921400,0.000000,0.000000,192.500000,193.990005,185.369995,188.240005,189.133000,191.895999,,,186.452610,188.403070,-1.950460,-1.273877,-0.676583,49.968454,189.133000,209.421927,168.844073,0.477993,11.624761,0.061755,0.001596,0.068574,0.043459,0.268207,,,0.501514,-0.131894,-0.131894,0.508333,4583015.000000,549924350.607000,0.220802
2021-04-05,191.660004,192.100006,185.809998,186.690002,2591400,0.000000,0.000000,191.660004,192.100006,185.809998,186.690002,189.477000,192.021800,,,186.489132,188.275862,-1.786730,-1.376448,-0.410282,48.826476,189.477000,209.328956,169.625044,0.429805,11.242527,0.060220,-0.008234,0.070470,0.035843,0.271730,,,0.502779,-0.139043,-0.139043,0.495913,4273160.000000,483788471.182800,0.208315
2021-04-06,188.699997,194.479996,187.520004,190.029999,3565600,0.000000,0.000000,188.699997,194.479996,187.520004,190.029999,189.938000,192.185000,,,187.033881,188.406096,-1.372214,-1.375602,0.003387,51.403762,189.938000,209.366218,170.509783,0.502368,10.995209,0.057860,0.017891,0.041260,0.056838,0.365649,,,0.505380,-0.123640,-0.123640,0.522676,4202015.000000,677570964.434400,0.286904
2021-04-07,189.380005,190.619995,179.470001,179.940002,6663500,0.000000,0.000000,189.380005,190.619995,179.470001,179.940002,189.779500,192.233200,,,185.942514,187.777646,-1.835132,-1.467508,-0.367624,44.166991,189.779500,209.491907,170.067094,0.250424,11.006295,0.061166,-0.053097,-0.017258,-0.004812,0.213351,,,0.541372,-0.170172,-0.170172,0.441827,4231195.000000,1199030203.327000,0.145492
2021-04-08,181.647995,183.899994,179.300003,180.179993,2625300,0.000000,0.000000,181.647995,183.899994,179.300003,180.179993,189.599000,191.982000,,,185.055971,187.213751,-2.157780,-1.605563,-0.552217,44.367608,189.599000,209.606235,169.591765,0.264610,10.547567,0.058539,0.001334,-0.041290,-0.016001,0.262030,,,0.539520,-0.169065,-0.169065,0.443750,4055180.000000,473026535.622900,0.176594
2021-04-09,179.619995,182.460007,177.250000,179.500000,2910200,0.000000,0.000000,179.619995,182.460007,177.250000,179.500000,188.680501,191.547000,,,184.201205,186.641322,-2.440117,-1.772474,-0.667642,43.886437,188.680501,208.775447,168.585555,0.271572,10.165436,0.056632,-0.003774,-0.046430,-0.023342,0.186620,,,0.539456,-0.172201,-0.172201,0.438301,3899130.000000,522380900.000000,0.122896
2021-04-12,179.679993,181.490005,176.250000,176.490005,2619800,0.000000,0.000000,179.679993,181.490005,176.250000,176.490005,187.168001,191.329400,,,183.014865,185.888106,-2.873240,-1.992628,-0.880612,41.729096,187.168001,206.057106,168.278896,0.217350,9.812868,0.055600,-0.016769,-0.054636,-0.108051,0.178407,,,0.462622,-0.186082,-0.186082,0.414183,3752295.000000,462368515.099000,0.129322
2021-04-13,175.264999,178.610001,172.139999,177.949997,3573600,0.000000,0.000000,175.264999,178.610001,172.139999,177.949997,185.566000,191.215800,,,182.235654,185.299180,-3.063526,-2.206808,-0.856718,43.187905,185.566000,201.510585,169.621415,0.261173,9.573618,0.053799,0.008272,-0.063569,-0.139257,0.201310,,,0.429108,-0.179349,-0.179349,0.425881,3714505.000000,635922109.279200,0.127695
2021-04-14,179.500000,181.466995,175.309998,176.429993,2938600,0.000000,0.000000,179.500000,181.466995,175.309998,176.429993,184.387000,191.135599,,,181.342475,184.641255,-3.298780,-2.425203,-0.873577,42.008765,184.387000,199.287571,169.486429,0.232997,9.329125,0.052877,-0.008542,-0.019507,-0.159817,0.097201,,,0.421249,-0.186359,-0.186359,0.413702,3631155.000000,518457177.429800,0.037120
2021-04-15,177.000000,178.240005,174.250000,175.350006,2894900,0.000000,0.000000,177.000000,178.240005,174.250000,175.350006,183.086500,191.059200,,,180.420556,183.952094,-3.531538,-2.646470,-0.885068,41.149113,183.086500,196.180387,169.992614,0.204576,8.947107,0.051024,-0.006121,-0.026806,-0.123294,0.031531,,,0.395849,-0.191339,-0.191339,0.405048,3586805.000000,507620732.369400,-0.037767
2021-04-16,176.011993,179.509995,172.940002,178.690002,3058300,0.000000,0.000000,176.011993,179.509995,172.940002,178.690002,182.448501,190.918600,,,180.154317,183.561827,-3.407510,-2.798678,-0.608832,44.904145,182.448501,195.061168,169.835833,0.351003,8.777044,0.049119,0.019048,-0.004513,-0.112584,-0.010028,,,0.403046,-0.175936,-0.175936,0.431811,3554145.000000,546487633.116600,-0.081691
2021-04-19,177.320007,178.720001,171.500000,174.580002,3125700,0.000000,0.000000,177.320007,178.720001,171.500000,174.580002,181.458001,190.494200,,,179.296730,182.895744,-3.599014,-2.958745,-0.640269,41.403276,181.458001,193.203721,169.712281,0.207213,8.665662,0.049637,-0.023001,-0.010822,-0.088117,0.031370,,,0.376460,-0.194890,-0.194890,0.398878,3488200.000000,545684712.251400,-0.039120
2021-04-20,173.184006,175.000000,165.520004,169.570007,4575000,0.000000,0.000000,173.184006,175.000000,165.520004,169.570007,180.186501,189.979400,,,177.800310,181.907605,-4.107295,-3.188455,-0.918839,37.559249,180.186501,191.245421,169.127581,0.020003,8.723909,0.051447,-0.028697,-0.047092,-0.127681,-0.023720,,,0.378678,-0.217995,-0.217995,0.358734,3529930.000000,775782782.025000,-0.068358
2021-04-21,168.089996,170.320007,164.119995,167.070007,3878600,0.000000,0.000000,168.089996,170.320007,164.119995,167.070007,179.183002,189.312200,,,176.149494,180.807444,-4.657950,-3.482354,-1.175595,35.774360,179.183002,191.187165,167.178839,-0.004533,8.543401,0.051137,-0.014743,-0.053052,-0.143231,0.032380,,,0.378182,-0.229524,-0.229524,0.338702,3550830.000000,647997729.150200,-0.004253
2021-04-22,168.490005,176.919998,168.429993,170.710007,3856500,0.000000,0.000000,168.490005,176.919998,168.429993,170.710007,178.776002,188.728800,,,175.312650,180.058805,-4.746156,-3.735115,-1.011041,40.228219,178.776002,191.365408,166.186596,0.179652,8.636839,0.050594,0.021787,-0.026461,-0.087795,-0.053714,,,0.370498,-0.212737,-0.212737,0.367869,3555850.000000,658343141.995500,-0.074962
2021-04-23,172.919006,178.250000,172.000000,174.250000,3329900,0.000000,0.000000,172.919006,178.250000,172.000000,174.250000,178.680501,187.980600,,,175.149165,179.628161,-4.478996,-3.883891,-0.595105,44.275469,178.680501,191.381942,165.979061,0.325591,8.558407,0.049116,0.020737,-0.024848,-0.025720,-0.041898,,,0.349502,-0.196412,-0.196412,0.396234,3459140.000000,580235075.000000,-0.076879
2021-04-26,175.210007,176.031006,171.070007,174.880005,2549400,0.000000,0.000000,175.210007,176.031006,171.070007,174.880005,178.704502,187.141400,,,175.107756,179.276172,-4.168416,-3.940796,-0.227620,44.989368,178.704502,191.373659,166.035345,0.349063,8.301188,0.047468,0.003616,0.001718,-0.007266,-0.014927,,,0.346022,-0.193507,-0.193507,0.401282,3408465.000000,445839084.747000,-0.051799
2021-04-27,176.164993,179.610001,174.800003,177.940002,2883000,0.000000,0.000000,176.164993,179.610001,174.800003,177.940002,178.476502,186.446600,,,175.543486,179.177125,-3.633639,-3.879365,0.245726,48.444220,178.476502,191.021577,165.931427,0.478617,8.051582,0.045249,0.017498,0.049360,0.020298,-0.076787,,,0.349230,-0.179395,-0.179395,0.425801,3327175.000000,513001025.766000,-0.110852
2021-04-28,174.436996,181.669998,173.350998,180.000000,2409700,0.000000,0.000000,174.436996,181.669998,173.350998,180.000000,178.321502,185.849400,,,176.229104,179.238119,-3.009015,-3.705295,0.696279,50.689412,178.321502,190.701567,165.941437,0.567790,8.070700,0.044837,0.011577,0.077393,-0.013699,-0.105590,,,0.311103,-0.169895,-0.169895,0.442308,3302495.000000,433746000.000000,-0.164399
2021-04-29,182.750000,183.220001,173.350006,177.679993,3116000,0.000000,0.000000,182.750000,183.220001,173.350006,177.679993,177.808501,185.363800,,,176.452317,179.122631,-2.670313,-3.498298,0.827985,48.146407,177.808501,189.330984,166.286019,0.494424,8.199326,0.046147,-0.012889,0.040829,-0.029601,-0.051716,,,0.313677,-0.180594,-0.180594,0.423718,3304320.000000,553650858.188000,-0.107604
2021-04-30,173.003998,176.449997,172.009995,172.710007,3580000,0.000000,0.000000,173.003998,176.449997,172.009995,172.710007,177.032001,184.857200,,,175.876577,178.647350,-2.770772,-3.352793,0.582021,43.152026,177.032001,187.652393,166.411609,0.296524,8.018523,0.046428,-0.027972,-0.008838,-0.081036,-0.059467,,,0.309788,-0.203514,-0.203514,0.383894,3337250.000000,618301825.060000,-0.127711
2021-05-03,173.190002,173.440002,167.800003,168.110001,3149700,0.000000,0.000000,173.190002,173.440002,167.800003,168.110001,176.103001,184.198000,,,174.681719,177.866391,-3.184672,-3.319169,0.134497,39.108360,176.103001,186.412218,165.793785,0.112337,7.848509,0.046687,-0.026634,-0.038712,-0.106938,-0.068333,,,0.318858,-0.224728,-0.224728,0.347035,3365165.000000,529496070.149700,-0.105020
2021-05-04,167.014999,169.039993,161.960007,168.899994,4658000,0.000000,0.000000,167.014999,169.039993,161.960007,168.899994,175.046501,183.669200,,,173.792223,177.201887,-3.409664,-3.337268,-0.072396,40.145695,175.046501,183.512258,166.580744,0.136978,7.793579,0.046143,0.004699,-0.050804,-0.095292,-0.057320,,,0.320439,-0.221085,-0.221085,0.353365,3419785.000000,786736172.052000,-0.058842
2021-05-05,169.300003,170.179993,162.119995,162.330002,3590100,0.000000,0.000000,169.300003,170.179993,162.119995,162.330002,174.166001,183.164000,177.446400,,172.028804,176.099765,-4.070961,-3.484007,-0.586954,34.831263,174.166001,184.035522,164.296480,-0.099624,7.812620,0.048128,-0.038899,-0.098167,-0.145766,-0.125942,,,0.330532,-0.251383,-0.251383,0.300721,3266115.000000,582780940.180200,-0.123876
2021-05-06,161.910004,162.104996,150.699997,153.639999,8529000,0.000000,0.000000,161.910004,162.104996,150.699997,153.639999,172.839001,182.232800,177.535700,,169.199757,174.435378,-5.235621,-3.834329,-1.401292,29.305345,172.839001,185.918640,159.759363,-0.233927,8.085444,0.052626,-0.053533,-0.135299,-0.146160,-0.215322,,,0.331296,-0.291459,-0.291459,0.231090,3561300.000000,1310395551.471000,-0.204805
2021-05-07,156.500000,157.054001,148.779999,151.210007,7134000,0.000000,0.000000,156.500000,157.054001,148.779999,151.210007,171.424502,181.615800,177.655300,,166.432103,172.714310,-6.282206,-4.323905,-1.958301,27.969108,171.424502,187.292668,155.556336,-0.136951,8.098919,0.053561,-0.015816,-0.124486,-0.160784,-0.225795,,,0.331000,-0.302666,-0.302666,0.211619,3772490.000000,1078732189.938000,-0.218285
2021-05-10,150.283997,150.500000,144.520004,146.729996,5827200,0.000000,0.000000,150.283997,150.500000,144.520004,146.729996,169.936501,180.423400,177.822600,,163.401010,170.788851,-7.387841,-4.936692,-2.451149,25.647246,169.936501,189.053428,150.819575,-0.106962,7.998234,0.054510,-0.029628,-0.127179,-0.182563,-0.267924,,,0.338765,-0.323326,-0.323326,0.175721,3932860.000000,855025032.691200,-0.226046
2021-05-11,139.100006,144.350006,136.009995,142.729996,8257400,0.000000,0.000000,139.100006,144.350006,136.009995,142.729996,168.175501,179.349600,178.001900,,160.220854,168.709722,-8.488869,-5.647127,-2.841741,23.751362,168.175501,190.417593,145.933410,-0.072012,8.192733,0.057400,-0.027261,-0.154944,-0.191286,-0.285922,,,0.343582,-0.341773,-0.341773,0.143670,4167050.000000,1178578668.970400,-0.241784
2021-05-12,140.899994,144.770004,138.750000,140.250000,5307500,0.000000,0.000000,140.899994,144.770004,138.750000,140.250000,166.366502,178.356600,178.024500,,157.148415,166.600942,-9.452528,-6.408207,-3.044320,22.634211,166.366502,191.481492,141.251512,-0.019939,8.037473,0.057308,-0.017375,-0.136019,-0.211857,-0.337381,,,0.337995,-0.353210,-0.353210,0.123798,4285495.000000,744376875.000000,-0.270045
2021-05-13,142.250000,142.328995,131.279999,135.750000,13005400,0.000000,0.000000,142.250000,142.328995,131.279999,135.750000,164.386501,177.463600,177.911500,,153.856351,164.315032,-10.458682,-7.218302,-3.240379,20.728979,164.386501,192.575270,136.197733,-0.007942,8.252666,0.060793,-0.032086,-0.116441,-0.230573,-0.373962,,,0.345545,-0.373962,-0.373962,0.087740,4791020.000000,1765483050.000000,-0.309739
2021-05-14,137.679993,142.250000,131.669998,141.199997,20325400,0.000000,0.000000,137.679993,142.250000,131.669998,141.199997,162.512001,176.683000,177.750500,,151.909219,162.602353,-10.693134,-7.913269,-2.779865,28.570957,162.512001,191.665427,133.358575,0.134485,8.418964,0.059624,0.040147,-0.066199,-0.194753,-0.336092,,,0.390064,-0.348829,-0.348829,0.131410,5654375.000000,2869946419.023800,-0.288879
2021-05-17,137.156006,137.789993,130.253006,132.500000,39755000,0.000000,0.000000,137.156006,137.789993,130.253006,132.500000,160.408001,175.736801,177.445300,,148.923186,160.372002,-11.448816,-8.620378,-2.828438,24.418234,160.408001,191.876207,128.939795,0.056568,8.599597,0.064903,-0.061615,-0.096981,-0.258492,-0.368627,,,0.413809,-0.388950,-0.388950,0.061699,7485840.000000,5267537500.000000,-0.321042
2021-05-18,134.000000,138.399994,131.490005,135.020004,18555600,0.000000,0.000000,134.000000,138.399994,131.490005,135.020004,158.680501,174.821001,177.163600,,146.784235,158.493649,-11.709414,-9.238185,-2.471229,27.696429,158.680501,191.781942,125.579060,0.142606,8.478874,0.062797,0.019019,-0.054018,-0.226601,-0.331452,,,0.427431,-0.377329,-0.377329,0.081891,8184870.000000,2505377186.222400,-0.284060
2021-05-19,129.949997,138.380005,129.710007,138.190002,15565500,0.000000,0.000000,129.949997,138.380005,129.710007,138.190002,157.236501,173.922601,176.965400,,145.462045,156.989358,-11.527313,-9.696011,-1.831302,31.709007,157.236501,191.302612,123.170389,0.220448,8.492529,0.061455,0.023478,-0.014688,-0.185056,-0.302212,,,0.439505,-0.362710,-0.362710,0.107292,8769215.000000,2150996476.131000,-0.261418
2021-05-20,138.839005,138.889999,135.649994,136.199997,8903600,0.000000,0.000000,138.839005,138.889999,135.649994,136.199997,155.511000,172.970801,176.779000,,144.037114,155.449105,-11.411991,-10.039207,-1.372784,30.562358,155.511000,190.194006,120.827994,0.221607,8.117249,0.059598,-0.014400,0.003315,-0.184773,-0.322624,,,0.439453,-0.371887,-0.371887,0.091346,9021570.000000,1212670293.289200,-0.298211
2021-05-21,136.550003,137.169998,132.880005,134.710007,10056500,0.000000,0.000000,136.550003,137.169998,132.880005,134.710007,153.534000,171.707601,176.636100,,142.602175,153.912598,-11.310423,-10.293450,-1.016973,29.696461,153.534000,188.227204,118.840796,0.228708,7.843805,0.058227,-0.010940,-0.045963,-0.210884,-0.310382,,,0.424645,-0.378758,-0.378758,0.079407,9357900.000000,1354711185.395500,-0.305796
2021-05-24,135.500000,137.979996,134.389999,135.910004,8543600,0.000000,0.000000,135.500000,137.979996,134.389999,135.910004,151.585500,170.291001,176.495200,,141.572610,152.578850,-11.006240,-10.436008,-0.570232,31.382607,151.585500,185.601620,117.569381,0.269587,7.539892,0.055477,0.008908,0.025736,-0.220029,-0.275494,,,0.415429,-0.373224,-0.373224,0.089022,9657610.000000,1161160710.174400,-0.290048
2021-05-25,137.399994,137.850006,133.559998,133.990005,10435800,0.000000,0.000000,137.399994,137.850006,133.559998,133.990005,149.388001,168.771001,176.350800,,140.406055,151.201685,-10.795630,-10.507932,-0.287697,30.137158,149.388001,181.879843,116.896158,0.263048,7.307707,0.054539,-0.014127,-0.007628,-0.233817,-0.330719,,,0.411861,-0.382079,-0.382079,0.073638,10035250.000000,1398292894.179000,-0.335073
2021-05-26,134.940002,135.759995,133.720993,134.750000,8179200,0.000000,0.000000,134.940002,135.759995,133.720993,134.750000,147.125501,167.465801,176.230300,,139.535893,149.982867,-10.446974,-10.495741,0.048767,31.299388,147.125501,176.823871,117.427130,0.291647,6.931296,0.051438,0.005672,-0.024893,-0.242722,-0.259859,,,0.403032,-0.378574,-0.378574,0.079728,10323725.000000,1102147200.000000,-0.307009
2021-05-27,135.070007,143.820007,134.500000,143.169998,21270200,0.000000,0.000000,135.070007,143.820007,134.500000,143.169998,145.400001,166.302001,176.270500,,140.094986,149.478143,-9.383157,-10.273224,0.890067,42.677205,145.400001,171.404007,119.395994,0.457122,7.101950,0.049605,0.062486,0.051175,-0.204611,-0.306179,,,0.474196,-0.339744,-0.339744,0.147195,11231435.000000,3045254491.459600,-0.347410
2021-05-28,144.759995,145.000000,140.250000,140.399994,12000600,0.000000,0.000000,144.759995,145.000000,140.250000,140.399994,143.784500,165.281001,176.191500,,140.141910,148.805605,-8.663695,-9.951318,1.287623,40.311913,143.784500,166.444256,121.124744,0.425319,6.933925,0.049387,-0.019348,0.042239,-0.209815,-0.285205,,,0.475147,-0.352518,-0.352518,0.125000,11652465.000000,1684884167.996400,-0.296973
2021-06-01,143.889999,146.089005,141.589996,144.309998,16552100,0.000000,0.000000,143.889999,146.089005,141.589996,144.309998,142.594500,164.279401,176.206900,,140.783155,148.472559,-7.689405,-9.498935,1.809531,44.949889,142.594500,162.164513,123.024487,0.543830,6.844988,0.047433,0.027849,0.061806,-0.164438,-0.240074,,,0.488770,-0.334486,-0.334486,0.156330,12322585.000000,2388633517.895800,-0.268347
2021-06-02,145.350006,152.699997,144.399994,151.000000,16245100,0.000000,0.000000,145.350006,152.699997,144.399994,151.000000,141.699500,163.399401,176.204200,,142.354977,148.659797,-6.304820,-8.860112,2.555293,51.844650,141.699500,157.473120,125.925881,0.794812,6.955362,0.046062,0.046359,0.126950,-0.101779,-0.162971,,,0.518342,-0.303634,-0.303634,0.209936,12901940.000000,2453010100.000000,-0.221334
2021-06-03,149.550003,151.119995,143.800003,144.190002,11083300,0.000000,0.000000,149.550003,151.119995,143.800003,144.190002,140.792500,162.540401,176.148400,,142.637289,148.328669,-5.691380,-8.226366,2.534986,45.585782,140.792500,153.324276,128.260725,0.635555,6.981411,0.048418,-0.045099,0.070056,-0.146300,-0.199967,,,0.535517,-0.335040,-0.335040,0.155369,13276600.000000,1598101049.166600,-0.269998
2021-06-04,145.830002,151.570007,145.000000,150.729996,8534900,0.000000,0.000000,145.830002,151.570007,145.000000,150.729996,140.647000,161.978001,176.174400,,143.882320,148.506561,-4.624240,-7.505941,2.881700,51.625583,140.647000,152.605153,128.688847,0.921595,7.009886,0.046506,0.045357,0.052804,-0.071459,-0.161726,,,0.551505,-0.304879,-0.304879,0.207772,13276895.000000,1286465442.860400,-0.230947
2021-06-07,150.960007,150.960007,146.399994,148.970001,7780200,0.000000,0.000000,150.960007,150.960007,146.399994,148.970001,140.535000,161.434201,176.056100,,144.665041,148.540893,-3.875852,-6.779923,2.904071,50.016630,140.535000,152.112493,128.957507,0.864284,6.834874,0.045881,-0.011676,0.061040,-0.030396,-0.176096,,,0.521370,-0.312996,-0.312996,0.193670,13309205.000000,1159016401.780200,-0.277020
2021-06-08,150.600006,150.750000,145.800003,147.009995,7125800,0.000000,0.000000,150.600006,150.750000,145.800003,147.009995,140.549000,160.886401,175.826300,,145.025803,148.427484,-3.401681,-6.104275,2.702593,48.214497,140.549000,152.158667,128.939332,0.778259,6.700225,0.045577,-0.013157,0.018710,-0.027776,-0.197149,,,0.520496,-0.322035,-0.322035,0.177965,13374135.000000,1047563822.371000,-0.262248
2021-06-09,148.570007,149.360001,144.460007,144.850006,5606500,0.000000,0.000000,148.570007,149.360001,144.460007,144.850006,140.655000,160.133401,175.469800,,144.998757,148.162467,-3.163709,-5.516162,2.352452,46.237327,140.655000,152.386586,128.923415,0.678791,6.571624,0.045368,-0.014693,-0.040728,-0.012813,-0.211872,,,0.512596,-0.331996,-0.331996,0.160657,13241590.000000,812101558.639000,-0.276371
2021-06-10,142.149994,147.449997,141.039993,146.119995,9482500,0.000000,0.000000,142.149994,147.449997,141.039993,146.119995,140.948500,159.393801,175.238300,,145.171255,148.011162,-2.839907,-4.980911,2.141004,47.597980,140.948500,152.928504,128.968497,0.715839,6.560079,0.044895,0.008768,0.013385,0.023751,-0.261535,,,0.503675,-0.326139,-0.326139,0.170833,13450340.000000,1385582852.587500,-0.307933
2021-06-11,145.869995,148.949997,145.199997,148.440002,4819900,0.000000,0.000000,145.869995,148.949997,145.199997,148.440002,141.583000,158.603801,174.985800,,145.674139,148.042930,-2.368791,-4.458487,2.089696,50.083323,141.583000,153.746524,129.419477,0.781867,6.359341,0.042841,0.015877,-0.015193,0.058396,-0.281997,,,0.501059,-0.315440,-0.315440,0.189423,13041065.000000,715465965.639800,-0.338271
2021-06-14,149.250000,149.600006,146.850006,149.210007,6107500,0.000000,0.000000,149.250000,149.600006,146.850006,149.210007,141.983501,157.823201,174.859600,,146.218119,148.129385,-1.911266,-3.949043,2.037776,50.915416,141.983501,154.612500,129.354501,0.786108,6.101510,0.040892,0.005187,0.001611,0.099153,-0.289442,0.031097,,0.484363,-0.311889,-0.311889,0.195593,12330170.000000,911300117.752500,-0.342521
2021-06-15,149.199997,153.740005,148.839996,151.779999,12007700,0.000000,0.000000,149.199997,153.740005,148.839996,151.779999,142.947501,157.125001,174.573400,,147.073793,148.399815,-1.326023,-3.424439,2.098416,53.690159,142.947501,155.471447,130.423554,0.852624,6.015682,0.039634,0.017224,0.032447,0.074929,-0.241138,0.089982,,0.469663,-0.300037,-0.300037,0.216186,10942805.000000,1822528693.992300,-0.285772
2021-06-16,150.949997,152.350006,146.919998,149.149994,9632800,0.000000,0.000000,150.949997,152.350006,146.919998,149.149994,143.654000,156.307401,174.246200,,147.393208,148.455387,-1.062178,-2.951987,1.889808,50.541435,143.654000,155.885769,131.422231,0.724661,5.973845,0.040053,-0.017328,0.029686,0.125660,-0.259287,0.147308,,0.413574,-0.312166,-0.312166,0.195112,10496665.000000,1436732062.203200,-0.297325
2021-06-17,148.990005,152.289993,148.612000,150.699997,8171300,0.000000,0.000000,148.990005,152.289993,148.612000,150.699997,144.279500,155.722600,173.977900,,147.901945,148.621662,-0.719717,-2.505533,1.785816,52.316321,144.279500,156.613813,131.945187,0.760270,5.809845,0.038552,0.010392,0.031344,0.116131,-0.212849,0.207532,,0.411218,-0.305018,-0.305018,0.207532,10126955.000000,1231414885.486100,-0.292536
2021-06-18,150.380005,154.800003,149.399994,152.520004,11628900,0.000000,0.000000,150.380005,154.800003,149.399994,152.520004,145.095500,155.169401,173.575700,,148.612416,148.910440,-0.298024,-2.064031,1.766007,54.386224,145.095500,157.338247,132.852754,0.803221,5.780569,0.037900,0.012077,0.027486,0.103698,-0.215392,0.105297,,0.406833,-0.296624,-0.296624,0.222115,10263220.000000,1773639874.515600,-0.277074
2021-06-21,152.520004,152.610001,145.830002,149.699997,8040200,0.000000,0.000000,152.520004,152.610001,145.830002,149.699997,145.845000,154.573401,173.060200,,148.779736,148.968928,-0.189192,-1.689063,1.499871,50.712889,145.845000,157.214959,134.475040,0.669526,5.851961,0.039091,-0.018489,0.003284,0.099119,-0.232308,0.018021,,0.409530,-0.309629,-0.309629,0.199519,10162405.000000,1203617915.879400,-0.289414
2021-06-22,149.750000,151.647003,148.399994,149.679993,5790400,0.000000,0.000000,149.750000,151.647003,148.399994,149.679993,146.533499,154.037200,172.683300,,148.918237,149.021601,-0.103364,-1.371923,1.268559,50.686736,146.533499,157.002333,136.064665,0.650279,5.665883,0.037853,-0.000134,-0.013836,0.111127,-0.200171,-0.048443,,0.405984,-0.309721,-0.309721,0.199359,10024745.000000,866707031.467200,-0.277703
2021-06-23,149.759995,154.589996,147.800003,151.580002,9335700,0.000000,0.000000,149.759995,154.589996,147.800003,151.580002,147.412999,153.509800,172.362800,,149.327739,149.211119,0.116621,-1.074215,1.190835,53.157669,147.412999,156.277367,138.548631,0.735042,5.746181,0.037909,0.012694,0.016292,0.115297,-0.152474,-0.070175,,0.406615,-0.300959,-0.300959,0.214583,9969740.000000,1415105424.671400,-0.253527
2021-06-24,152.669998,153.626999,149.860001,150.729996,8173400,0.000000,0.000000,152.669998,153.626999,149.860001,150.729996,148.211999,152.995801,172.065700,,149.543471,149.323632,0.219839,-0.815404,1.035243,51.904659,148.211999,154.878866,141.545132,0.688844,5.604804,0.037184,-0.005608,0.000199,0.124935,-0.144357,-0.076353,,0.402478,-0.304879,-0.304879,0.207772,9969450.000000,1231976549.306400,-0.251621
2021-06-25,151.229996,153.169998,149.279999,149.669998,6452400,0.000000,0.000000,151.229996,153.169998,149.279999,149.669998,148.536999,152.482200,171.770700,,149.562937,149.349289,0.213648,-0.609593,0.823241,50.311982,148.536999,154.789834,142.284163,0.590599,5.482313,0.036629,-0.007032,-0.018686,0.110724,-0.141800,-0.052781,,0.404977,-0.309768,-0.309768,0.199279,9228560.000000,965730695.095200,-0.234782
2021-06-28,148.615005,150.929993,147.080002,149.940002,6451000,0.000000,0.000000,148.615005,150.929993,147.080002,149.940002,149.013999,151.907200,171.412900,,149.620947,149.393047,0.227900,-0.442095,0.669995,50.726728,149.013999,153.975371,144.052627,0.593321,5.365714,0.035786,0.001804,0.001603,0.047286,-0.178411,-0.031646,,0.347528,-0.308522,-0.308522,0.201442,8951080.000000,967262952.902000,-0.288740
2021-06-29,149.750000,149.940002,145.770004,146.080002,7479000,0.000000,0.000000,149.750000,149.940002,145.770004,146.080002,149.102499,151.337200,170.915700,,149.076186,149.147630,-0.071444,-0.367965,0.296521,44.950229,149.102499,153.764695,144.440304,0.175850,5.280303,0.036147,-0.025744,-0.024051,0.040456,-0.202185,-0.019597,,0.353237,-0.326324,-0.326324,0.170513,8497425.000000,1092532334.958000,-0.315860
2021-06-30,145.544998,154.089996,144.244995,153.139999,9798600,0.000000,0.000000,145.544998,154.089996,144.244995,153.139999,149.209499,151.008600,170.494000,,149.701388,149.443368,0.258020,-0.242768,0.500788,55.035727,149.209499,154.145260,144.273739,0.898166,5.606363,0.036609,0.048330,0.010292,0.061188,-0.185165,0.020933,,0.378268,-0.293765,-0.293765,0.227083,8175100.000000,1500557594.201400,-0.280062
2021-07-01,154.500000,157.410004,151.410004,153.080002,9787100,0.000000,0.000000,154.500000,157.410004,151.410004,153.080002,149.653999,150.728800,170.020500,,150.221175,149.712754,0.508421,-0.092530,0.600951,54.943604,149.653999,154.277784,145.030215,0.870476,5.634481,0.036807,-0.000392,0.015591,0.013775,-0.186783,0.031328,,0.344021,-0.294042,-0.294042,0.226603,8110290.000000,1498209287.574200,-0.264102
2021-07-02,153.309998,154.949997,149.559998,150.229996,4826500,0.000000,0.000000,153.309998,154.949997,149.559998,150.229996,149.628999,150.319200,169.524000,,150.222532,149.751069,0.471463,0.020269,0.451194,50.609890,149.628999,154.233656,145.024343,0.565260,5.617018,0.037389,-0.018618,0.003742,0.041889,-0.195297,0.023365,,0.309978,-0.307185,-0.307185,0.203766,7924870.000000,725085075.694000,-0.263425
2021-07-06,150.080002,152.800003,147.809998,148.369995,5069400,0.000000,0.000000,150.080002,152.800003,147.809998,148.369995,149.598999,149.801600,168.891100,,149.937526,149.648765,0.288761,0.073967,0.214794,47.951623,149.598999,154.229479,144.968519,0.367292,5.572230,0.037556,-0.012381,-0.010471,-0.015657,-0.219229,0.066259,,0.270561,-0.315763,-0.315763,0.188862,7789330.000000,752146852.653000,-0.289694
2021-07-07,148.149994,148.940002,143.600006,143.720001,5650900,0.000000,0.000000,148.149994,148.940002,143.600006,143.720001,149.434499,149.178400,168.159900,,148.980984,149.209590,-0.228606,0.013453,-0.242059,42.010784,149.434499,154.649152,144.219847,-0.047927,5.555641,0.038656,-0.031341,-0.016156,-0.035242,-0.201289,-0.030883,,0.288660,-0.337207,-0.337207,0.151603,7715585.000000,812147353.650900,-0.272604
2021-07-08,140.429993,143.729996,139.529999,142.529999,4827200,0.000000,0.000000,140.429993,143.729996,139.529999,142.529999,149.318499,148.470200,167.458400,,147.988525,148.714798,-0.726273,-0.134493,-0.591781,40.623696,149.318499,155.041036,143.595962,-0.093137,5.458807,0.038299,-0.008280,-0.069283,-0.030474,-0.208958,-0.001681,,0.286677,-0.342695,-0.342695,0.142067,7676620.000000,688020811.172800,-0.261778
2021-07-09,143.300003,150.259995,143.300003,149.639999,7065100,0.000000,0.000000,143.300003,150.259995,143.300003,149.639999,149.494499,147.863000,166.856200,,148.242598,148.783332,-0.540735,-0.215741,-0.324994,51.027694,149.494499,155.015821,143.973178,0.513176,5.621039,0.037564,0.049884,-0.022472,0.033069,-0.166351,-0.010775,,0.332357,-0.309906,-0.309906,0.199038,7555750.000000,1057221556.934900,-0.224029
2021-07-12,148.990005,150.419998,146.009995,146.690002,3276300,0.000000,0.000000,148.990005,150.419998,146.009995,146.690002,149.406999,147.243200,166.303500,,148.003737,148.628269,-0.624532,-0.297499,-0.327033,47.322655,149.406999,155.052749,143.761250,0.259377,5.534534,0.037729,-0.019714,-0.023564,0.003901,-0.168848,-0.020565,,0.339358,-0.323510,-0.323510,0.175401,7478570.000000,480600453.552600,-0.232620
2021-07-13,147.695007,147.695007,143.000000,143.410004,5871500,0.000000,0.000000,147.695007,147.695007,143.000000,143.410004,149.116999,146.657200,165.757200,,147.297009,148.241726,-0.944717,-0.426943,-0.517774,43.537472,149.116999,155.368684,142.865314,0.043563,5.474567,0.038174,-0.022360,-0.033430,-0.033886,-0.194099,-0.031864,,0.343214,-0.338637,-0.338637,0.149119,7466770.000000,842031838.486000,-0.242795
2021-07-14,143.860001,144.199997,139.039993,139.089996,8545500,0.000000,0.000000,143.860001,144.199997,139.039993,139.089996,148.482499,146.076800,165.137400,,146.034391,147.563812,-1.529421,-0.647439,-0.881983,39.101335,148.482499,156.036436,140.928561,-0.121696,5.452098,0.039198,-0.030123,-0.032215,-0.067824,-0.211642,-0.135012,,0.356200,-0.358559,-0.358559,0.114503,7293660.000000,1188593560.818000,-0.268441
2021-07-15,139.179993,140.520004,136.539993,137.500000,6576100,0.000000,0.000000,139.179993,140.520004,136.539993,137.500000,147.899999,145.448800,164.559000,,144.721408,146.818337,-2.096929,-0.937337,-1.159592,37.583464,147.899999,156.896232,138.903766,-0.078020,5.346947,0.038887,-0.011431,-0.035291,-0.094084,-0.215854,-0.191129,,0.349363,-0.365892,-0.365892,0.101763,7140825.000000,904213750.000000,-0.251781
2021-07-16,139.690002,139.789993,133.509995,134.309998,6094600,0.000000,0.000000,139.690002,139.789993,133.509995,134.309998,147.080499,144.888400,164.026200,,143.119653,145.891784,-2.772132,-1.304296,-1.467836,34.675152,147.080499,157.819945,136.341054,-0.094561,5.413595,0.040307,-0.023200,-0.102446,-0.099497,-0.248363,-0.255900,,0.352663,-0.380603,-0.380603,0.076202,7036990.000000,818565713.810800,-0.275042
2021-07-19,131.360001,133.770004,130.309998,131.880005,7215700,0.000000,0.000000,131.360001,133.770004,130.309998,131.880005,146.048499,144.453200,163.343000,,141.390476,144.853865,-3.463389,-1.736114,-1.727275,32.605336,146.048499,158.428541,133.668457,-0.072231,5.312622,0.040284,-0.018092,-0.100961,-0.124884,-0.244587,-0.220890,,0.351058,-0.391810,-0.391810,0.056731,6816330.000000,951606552.078500,-0.270474
2021-07-20,132.750000,137.434998,131.699997,136.089996,6274600,0.000000,0.000000,132.750000,137.434998,131.699997,136.089996,145.367999,144.150800,162.883300,,140.575018,144.204685,-3.629667,-2.114825,-1.514842,39.359015,145.367999,158.382870,132.353128,0.143561,5.342792,0.039259,0.031923,-0.051043,-0.107724,-0.197441,-0.216478,,0.370215,-0.372394,-0.372394,0.090465,6728050.000000,853910288.901600,-0.249131
2021-07-21,136.710007,140.149994,135.725006,139.250000,5269600,0.000000,0.000000,136.710007,140.149994,135.725006,139.250000,144.846500,144.001200,162.212300,,140.371169,143.837668,-3.466499,-2.385160,-1.081340,43.903085,144.846500,157.969280,131.723719,0.286764,5.277234,0.037898,0.023220,0.001150,-0.069806,-0.166517,-0.139529,,0.379371,-0.357821,-0.357821,0.115785,6702010.000000,733791800.000000,-0.215386
2021-07-22,141.289993,141.289993,137.660004,139.470001,4628400,0.000000,0.000000,141.289993,141.289993,137.660004,139.470001,144.241000,143.936000,161.642800,,140.232528,143.514135,-3.281607,-2.564449,-0.717158,44.216491,144.241000,157.171739,131.310260,0.315517,5.159573,0.036994,0.001580,0.014327,-0.068212,-0.183000,-0.226885,,0.379591,-0.356807,-0.356807,0.117548,6466645.000000,645522952.628400,-0.245684
2021-07-23,139.800003,140.000000,137.410004,138.729996,2811100,0.000000,0.000000,139.800003,140.000000,137.410004,138.729996,143.641000,143.905600,161.131100,,140.001369,143.159752,-3.158383,-2.683236,-0.475147,43.339399,143.641000,156.416660,130.865339,0.307798,4.976029,0.035868,-0.005306,0.032909,-0.084774,-0.203845,-0.237202,,0.375257,-0.360220,-0.360220,0.111619,6198530.000000,389983891.755600,-0.262359
2021-07-26,139.130005,142.190002,137.199997,142.000000,6489500,0.000000,0.000000,139.130005,142.190002,137.199997,142.000000,143.257500,144.030600,160.747100,,140.308851,143.073844,-2.764993,-2.699587,-0.065406,48.226656,143.257500,155.727977,130.787023,0.449581,4.977028,0.035049,0.023571,0.076736,-0.057918,-0.188015,-0.200135,,0.387057,-0.345139,-0.345139,0.137820,6200385.000000,921509000.000000,-0.237660
2021-07-27,141.255005,142.520004,138.309998,141.580002,5113100,0.000000,0.000000,141.255005,142.520004,138.309998,141.580002,142.839500,144.038200,160.360600,,140.504412,142.963188,-2.458776,-2.651425,0.192649,47.658060,142.839500,154.921234,130.757765,0.447876,4.922240,0.034766,-0.002958,0.040341,-0.054052,-0.204339,-0.265435,,0.386721,-0.347076,-0.347076,0.134455,6133490.000000,723912708.226200,-0.244818
2021-07-28,141.309998,143.729996,141.029999,143.300003,4466800,0.000000,0.000000,141.309998,143.729996,141.029999,143.300003,142.700500,144.254200,159.995500,,140.934503,142.988138,-2.053634,-2.531867,0.478233,50.245189,142.700500,154.688865,130.712135,0.525004,4.763507,0.033241,0.012149,0.029084,-0.044284,-0.203889,-0.287950,,0.389773,-0.339144,-0.339144,0.148237,5982880.000000,640092453.400400,-0.254529
2021-07-29,143.645996,145.000000,141.710007,143.470001,5005500,0.000000,0.000000,143.645996,145.000000,141.710007,143.470001,142.217000,144.423200,159.622100,,141.324580,143.023831,-1.699252,-2.365344,0.666092,50.505579,142.217000,153.167681,131.266318,0.557211,4.658255,0.032468,0.001186,0.028680,-0.017867,-0.192537,-0.234296,,0.380033,-0.338360,-0.338360,0.149599,5743225.000000,718139090.005500,-0.241939
2021-07-30,141.750000,144.690002,141.740005,144.009995,4167100,0.000000,0.000000,141.750000,144.690002,141.740005,144.009995,141.763499,144.539600,159.231100,,141.737721,143.096881,-1.359160,-2.164107,0.804947,51.376080,141.763499,151.504401,132.022598,0.615313,4.536236,0.031499,0.003764,0.038060,-0.059619,-0.166175,-0.215760,,0.336631,-0.335870,-0.335870,0.153926,5462225.000000,600104050.164500,-0.217024
2021-08-02,143.850006,146.270004,143.399994,145.490005,4522400,0.000000,0.000000,143.850006,146.270004,143.399994,145.490005,141.526500,144.725400,158.848100,,142.314995,143.274150,-0.959155,-1.923117,0.963962,53.775705,141.526500,150.608425,132.444575,0.718208,4.417219,0.030361,0.010277,0.024577,-0.049582,-0.134555,-0.193693,,0.339573,-0.329044,-0.329044,0.165785,5447020.000000,657963998.612000,-0.191118
2021-08-03,147.727997,147.789993,143.279999,145.649994,5491000,0.000000,0.000000,147.727997,147.789993,143.279999,145.649994,141.390500,144.944200,158.325900,,142.828072,143.450139,-0.622067,-1.662907,1.040840,54.039755,141.390500,150.115374,132.665625,0.744101,4.423846,0.030373,0.001100,0.028747,-0.030487,-0.137655,-0.187085,,0.334393,-0.328307,-0.328307,0.167067,5468100.000000,799764117.054000,-0.220377
2021-08-04,145.100006,147.460007,145.009995,147.399994,4631400,0.000000,0.000000,145.100006,147.460007,145.009995,147.399994,141.574500,145.173999,157.732500,,143.531445,143.742722,-0.211278,-1.372581,1.161303,56.937421,141.574500,150.654224,132.494775,0.820797,4.282857,0.029056,0.012015,0.028611,-0.006538,-0.091973,-0.206332,,0.334852,-0.320236,-0.320236,0.181090,5417125.000000,682668332.211600,-0.180184
2021-08-05,146.669998,150.410004,146.399002,150.320007,4737500,0.000000,0.000000,146.669998,150.410004,146.399002,150.320007,141.964000,145.500599,157.135800,,144.575839,144.229930,0.345909,-1.028883,1.374792,61.319584,141.964000,151.848952,132.079048,0.922663,4.263439,0.028362,0.019810,0.047745,0.045923,-0.021609,-0.232278,,0.321334,-0.306770,-0.306770,0.204487,5412640.000000,712141033.162500,-0.114200
2021-08-06,148.990005,150.190002,147.550003,149.990005,4043500,0.000000,0.000000,148.990005,150.190002,147.550003,149.990005,141.981500,145.805399,156.635600,,145.408787,144.656603,0.752184,-0.672670,1.424854,60.569416,141.981500,151.924739,132.038261,0.902711,4.156764,0.027714,-0.002195,0.041525,0.052340,-0.008068,-0.232041,,0.319488,-0.308292,-0.308292,0.201843,5261560.000000,606484585.217500,-0.086857
2021-08-09,148.740005,151.000000,148.699997,149.440002,5541900,0.000000,0.000000,148.740005,151.000000,148.699997,149.440002,142.119000,145.930800,156.116400,,146.028974,145.010930,1.018044,-0.334527,1.352571,59.268011,142.119000,152.406490,131.831510,0.855821,4.024138,0.026928,-0.003667,0.027150,-0.001337,0.018469,-0.254403,,0.269644,-0.310828,-0.310828,0.197436,5374840.000000,828181547.083800,-0.090345
2021-08-10,149.365005,150.759995,147.850006,147.949997,5149800,0.000000,0.000000,149.365005,150.759995,147.850006,147.949997,142.346000,146.081800,155.681400,,146.324516,145.228640,1.095877,-0.048446,1.144323,55.771923,142.346000,152.948953,131.743047,0.764266,3.944555,0.026661,-0.009971,0.015791,0.008590,0.036573,-0.259806,,0.262657,-0.317700,-0.317700,0.185497,5338755.000000,761912894.550600,-0.067887
2021-08-11,147.539993,149.279999,145.158005,148.160004,6717700,0.000000,0.000000,147.539993,149.279999,145.158005,148.160004,142.799500,146.158800,155.219100,,146.606899,145.445778,1.161121,0.193467,0.967654,56.164405,142.799500,153.590288,132.008712,0.748383,3.957230,0.026709,0.001419,0.005156,0.033122,0.056399,-0.300009,,0.249104,-0.316731,-0.316731,0.187179,5247365.000000,995294458.870800,-0.076620
2021-08-12,148.860001,151.679993,146.550003,151.149994,8794100,0.000000,0.000000,148.860001,151.679993,146.550003,151.149994,143.482000,146.161800,154.780600,,147.305837,145.868314,1.437523,0.442278,0.995245,61.414491,143.482000,154.583685,132.380315,0.845353,4.040999,0.026735,0.020181,0.005521,0.086706,0.113444,-0.302942,,0.228288,-0.302942,-0.302942,0.211138,5358265.000000,1329228162.235400,-0.015415
2021-08-13,146.660004,152.759995,144.509995,152.759995,16789100,0.000000,0.000000,146.660004,152.759995,144.509995,152.759995,144.404500,146.333199,154.436800,,148.144938,146.378810,1.766128,0.707048,1.059080,63.920276,144.404500,155.362416,133.446584,0.881254,4.341642,0.028421,0.010652,0.018468,0.110982,0.081870,-0.281738,,0.222134,-0.295517,-0.295517,0.224038,5892990.000000,2564702832.054500,-0.021848
2021-08-16,151.990005,152.029999,144.899994,148.570007,7715200,0.000000,0.000000,151.990005,152.029999,144.899994,148.570007,145.239000,146.290000,154.134000,,148.210333,146.541121,1.669212,0.899481,0.769731,54.077694,145.239000,154.607719,135.870280,0.677773,4.592955,0.030914,-0.027429,-0.005822,0.106172,0.121283,-0.292052,,0.229294,-0.314840,-0.314840,0.190465,5917965.000000,1146247318.006400,0.015542
2021-08-17,145.000000,148.199997,143.580002,143.899994,7855100,0.000000,0.000000,145.000000,148.199997,143.580002,143.899994,145.629500,146.188600,153.811400,,147.547204,146.345481,1.201723,0.959929,0.241793,45.641931,145.629500,153.989305,137.269694,0.396558,4.621315,0.032115,-0.031433,-0.027374,0.091143,0.065768,-0.287483,,0.249892,-0.336377,-0.336377,0.153045,5996990.000000,1130348842.869400,-0.035899
2021-08-18,144.020004,148.679993,141.699997,146.740005,5190100,0.000000,0.000000,144.020004,148.679993,141.699997,146.740005,146.004000,146.183200,153.534800,,147.423020,146.374705,1.048314,0.977606,0.070708,50.680545,146.004000,153.813446,138.194554,0.547123,4.789793,0.032641,0.019736,-0.009584,0.078257,0.061871,-0.259039,,0.236091,-0.323280,-0.323280,0.175801,5993015.000000,761595299.950500,-0.030324
2021-08-19,143.791000,145.279999,141.919998,142.649994,4732400,0.000000,0.000000,143.791000,145.279999,141.919998,142.649994,146.163000,146.139199,153.136300,,146.688708,146.098800,0.589907,0.900067,-0.310159,44.310495,146.163000,153.529223,138.796776,0.261546,4.791951,0.033592,-0.027873,-0.056236,0.024416,0.047357,-0.290546,,0.248861,-0.342142,-0.342142,0.143029,5998215.000000,675076831.605600,-0.026969
2021-08-20,142.000000,143.949005,141.500000,143.699997,2996200,0.000000,0.000000,142.000000,143.949005,141.500000,143.699997,146.411500,146.090800,152.742300,,146.228906,145.921111,0.307795,0.781612,-0.473817,46.180705,146.411500,153.018079,139.804920,0.294788,4.624598,0.032182,0.007361,-0.059309,0.030329,0.066736,-0.264360,,0.249757,-0.337299,-0.337299,0.151442,6007470.000000,430553931.011400,-0.025586
2021-08-23,144.899994,147.630005,144.149994,146.789993,4727400,0.000000,0.000000,144.899994,147.630005,144.149994,146.789993,146.650999,146.057799,152.330800,,146.315227,145.985473,0.329755,0.691241,-0.361486,51.357758,146.650999,152.923034,140.378965,0.511080,4.574984,0.031167,0.021503,-0.011981,0.058098,0.080053,-0.217496,,0.257637,-0.323049,-0.323049,0.176202,5919365.000000,693935012.908200,-0.013752
2021-08-24,147.000000,161.979996,146.500000,161.419998,22096800,0.000000,0.000000,147.000000,161.979996,146.500000,161.419998,147.642999,146.301999,152.062600,,148.639038,147.128772,1.510266,0.855046,0.655220,67.364578,147.642999,156.343689,138.942310,1.291719,5.353915,0.033168,0.099666,0.121751,0.136761,0.204717,-0.193706,,0.419114,-0.255580,-0.255580,0.293429,6768550.000000,3566865411.806400,0.104943
2021-08-25,158.764008,163.059006,158.000000,160.350006,7267700,0.000000,0.000000,158.764008,163.059006,158.000000,160.350006,148.495499,146.473399,151.799200,,150.440726,148.108124,2.332601,1.150557,1.182045,65.662690,148.495499,158.627842,138.363156,1.084983,5.332850,0.033258,-0.006629,0.092749,0.132575,0.189981,-0.119246,,0.420342,-0.260515,-0.260515,0.284856,6908595.000000,1165375738.606200,0.095072
2021-08-26,159.339996,159.500000,151.449997,152.729996,7243000,0.000000,0.000000,159.339996,159.500000,151.449997,152.729996,148.958499,146.544999,151.426200,,150.792921,148.450485,2.342436,1.388933,0.953503,55.005040,148.958499,158.969480,138.947519,0.688368,5.587647,0.036585,-0.047521,0.070662,0.065806,0.066774,-0.259850,,0.458880,-0.295656,-0.295656,0.223798,7020470.000000,1106223361.028000,-0.021280
2021-08-27,152.251007,156.440002,151.449997,154.179993,4818800,0.000000,0.000000,152.251007,156.440002,151.449997,154.179993,149.466999,146.614599,151.168600,,151.314009,148.874894,2.439115,1.598969,0.840146,56.453454,149.466999,159.452763,139.481235,0.735986,5.544959,0.035964,0.009494,0.072930,0.074650,0.098148,-0.215049,,0.459271,-0.288969,-0.288969,0.235417,7053055.000000,742962550.268400,-0.002280
2021-08-30,154.410004,157.490005,151.919998,156.020004,3968700,0.000000,0.000000,154.410004,157.490005,151.919998,156.020004,149.993499,146.684599,150.927000,,152.038008,149.404162,2.633847,1.805945,0.827902,58.288402,149.993499,160.204225,139.782773,0.795107,5.546748,0.035552,0.011934,0.062879,0.083397,0.081145,-0.178410,,0.460129,-0.280483,-0.280483,0.250160,7025370.000000,619196589.874800,-0.030194
2021-08-31,155.940002,158.149994,153.580002,154.990005,7404000,0.000000,0.000000,155.940002,158.149994,153.580002,154.990005,150.460499,146.790399,150.681900,,152.492162,149.817928,2.674233,1.979602,0.694631,56.844429,150.460499,160.689120,140.231879,0.721413,5.476979,0.035338,-0.006602,-0.039834,0.065297,0.026424,-0.140854,,0.461040,-0.285233,-0.285233,0.241907,7121020.000000,1147545997.020000,-0.082828
2021-09-01,154.839996,158.639999,154.289993,156.589996,4324700,0.000000,0.000000,154.839996,158.639999,154.289993,156.589996,150.920000,146.928599,150.482900,,153.122598,150.319563,2.803034,2.144289,0.658746,58.561720,150.920000,161.392504,140.447495,0.770709,5.396481,0.034462,0.010323,-0.023449,0.075112,0.085998,-0.131166,,0.461565,-0.277855,-0.277855,0.254728,7105685.000000,677204755.701200,-0.038492
2021-09-02,156.500000,159.460007,156.500000,157.199997,3301000,0.000000,0.000000,156.500000,159.460007,156.500000,157.199997,151.263999,147.040999,150.275400,,153.749890,150.829225,2.920665,2.299564,0.621101,59.227864,151.263999,162.099225,140.428773,0.773921,5.222447,0.033222,0.003896,0.029267,0.066486,0.042924,-0.125744,,0.460610,-0.275042,-0.275042,0.259615,7033860.000000,518917190.097000,-0.066865
2021-09-03,158.050003,160.639999,157.199997,158.000000,4456400,0.000000,0.000000,158.050003,160.639999,157.199997,158.000000,151.664499,147.186399,150.091100,,154.403753,151.360394,3.043359,2.448323,0.595036,60.133025,151.664499,162.886683,140.442315,0.782276,5.095129,0.032248,0.005089,0.024776,0.051091,0.060616,-0.126155,,0.456833,-0.271352,-0.271352,0.266026,7054505.000000,704111200.000000,-0.046128
2021-09-07,159.720001,165.735001,159.550003,165.000000,11008800,0.000000,0.000000,159.720001,165.735001,159.550003,165.000000,152.442499,147.493000,149.987600,,156.033945,152.370736,3.663209,2.691300,0.971909,67.030177,152.442499,165.083154,139.801844,0.996711,5.283692,0.032022,0.044304,0.057557,0.100073,0.122373,-0.098902,,0.478370,-0.239070,-0.239070,0.322115,7327850.000000,1816452000.000000,0.018284
2021-09-08,163.229996,166.550003,161.600006,163.929993,5866500,0.000000,0.000000,163.229996,166.550003,161.600006,163.929993,153.241499,147.772799,149.840000,,157.248721,153.226978,4.021744,2.957389,1.064355,65.174064,153.241499,166.681393,139.801604,0.897641,5.259857,0.032086,-0.006485,0.057681,0.096962,0.131722,-0.108058,,0.479110,-0.244005,-0.244005,0.313542,7363685.000000,961695303.934500,0.032893
2021-09-09,163.000000,166.970001,160.830002,166.000000,5935800,0.000000,0.000000,163.000000,166.970001,160.830002,166.000000,154.133498,148.171199,149.754200,,158.595072,154.173128,4.421944,3.250300,1.171644,67.073603,154.133498,168.490163,139.776833,0.913275,5.322724,0.032065,0.012627,0.060093,0.122001,0.136053,-0.161065,,0.476698,-0.234459,-0.234459,0.330128,7324590.000000,985342800.000000,0.048471
2021-09-10,166.949997,168.235992,165.009995,165.199997,3985300,0.000000,0.000000,166.949997,168.235992,165.009995,165.199997,154.835998,148.412399,149.710500,,159.611214,154.989933,4.621281,3.524496,1.096785,65.584747,154.835998,169.933831,139.738166,0.843228,5.172958,0.031313,-0.004819,0.050891,0.115011,0.112908,-0.200929,,0.477928,-0.238148,-0.238148,0.323718,7084150.000000,658371548.044100,0.038557
2021-09-13,160.250000,162.990005,154.789993,160.320007,7520900,0.000000,0.000000,160.250000,162.990005,154.789993,160.320007,155.213999,148.557199,149.643000,,159.720259,155.384754,4.335505,3.686698,0.648807,57.238328,155.213999,170.470704,139.957294,0.667337,5.547033,0.034600,-0.029540,0.014684,0.060668,0.074459,-0.236535,,0.489728,-0.260653,-0.260653,0.284615,6620740.000000,1205750740.646300,0.008745
2021-09-14,160.660004,164.699997,159.410004,163.300003,4655500,0.000000,0.000000,160.660004,164.699997,159.410004,163.300003,155.950499,148.818600,149.568900,,160.270989,155.971069,4.299920,3.809342,0.490578,60.540715,155.950499,171.278737,140.622261,0.739737,5.528673,0.033856,0.018588,-0.010303,0.068997,0.075899,-0.183541,,0.492006,-0.246910,-0.246910,0.308494,6467755.000000,760243163.966500,0.007335
2021-09-15,162.320007,166.630005,160.490005,166.369995,5656000,0.000000,0.000000,162.320007,166.630005,160.490005,166.369995,157.073999,149.178599,149.490100,,161.209298,156.741360,4.467938,3.941061,0.526876,63.654774,157.073999,171.971133,142.176865,0.812006,5.572339,0.033494,0.018800,0.014884,0.119809,0.115454,-0.173768,,0.481181,-0.232752,-0.232752,0.333093,6357800.000000,940988691.720000,0.035549
2021-09-16,165.259995,169.449997,165.039993,168.149994,6094800,0.000000,0.000000,165.259995,169.449997,165.039993,168.149994,158.144498,149.667199,149.422800,,162.277097,157.586444,4.690653,4.090980,0.599673,65.361651,158.144498,172.991853,143.297144,0.836945,5.489315,0.032645,0.010699,0.012952,0.168520,0.115793,-0.121703,,0.461815,-0.224543,-0.224543,0.347356,6403035.000000,1024840583.431200,0.043726
2021-09-17,169.300003,170.000000,163.610001,166.589996,20024700,0.000000,0.000000,169.300003,170.000000,163.610001,166.589996,159.341499,150.148399,149.309299,,162.940620,158.253374,4.687246,4.210233,0.477013,62.587493,159.341499,172.716253,145.966744,0.770977,5.553650,0.033337,-0.009277,0.008414,0.135273,0.092250,-0.143011,,0.463329,-0.231738,-0.231738,0.334856,7167650.000000,3335914692.901200,0.020008
2021-09-20,162.240005,166.539993,159.445007,161.639999,6846800,0.000000,0.000000,162.240005,166.539993,159.445007,161.639999,160.238499,150.388399,149.125699,,162.740525,158.504235,4.236289,4.215444,0.020845,54.659879,160.238499,171.423391,149.053606,0.562651,5.667317,0.035061,-0.029714,0.008233,0.133123,0.079760,-0.171077,,0.465089,-0.254566,-0.254566,0.295192,7360180.000000,1106716745.153200,0.039281
2021-09-21,164.000000,170.009995,162.960007,169.289993,8592500,0.000000,0.000000,164.000000,170.009995,162.960007,169.289993,161.363499,150.840399,149.041799,,163.748135,159.303181,4.444954,4.261346,0.183608,62.553961,161.363499,171.310605,151.416392,0.898432,5.860365,0.034617,0.047327,0.036681,0.178079,0.131013,-0.095383,,0.486289,-0.219286,-0.219286,0.356490,7553435.000000,1454624264.852500,0.096415
2021-09-22,170.029007,171.809998,167.371002,169.960007,4353600,0.000000,0.000000,170.029007,171.809998,167.371002,169.960007,161.790499,151.371399,149.014299,,164.703808,160.092575,4.611232,4.331323,0.279909,63.158965,161.790499,172.455134,151.125864,0.883019,5.758839,0.033883,0.003958,0.021578,0.157845,0.121256,-0.049706,,0.484066,-0.216196,-0.216196,0.361859,6666275.000000,739937886.475200,0.077455
2021-09-23,171.550003,176.000000,170.500000,175.130005,5370800,0.000000,0.000000,171.550003,176.000000,170.500000,175.130005,162.529499,152.092199,149.084499,,166.307838,161.206459,5.101379,4.485334,0.616044,67.519735,162.529499,174.713903,150.345095,1.017075,5.778921,0.032998,0.030419,0.041511,0.084934,0.161879,-0.005847,,0.361821,-0.192354,-0.192354,0.403285,6571430.000000,940588230.854000,0.114381
2021-09-24,174.529999,176.960007,173.610001,175.880005,4084900,0.000000,0.000000,174.529999,176.960007,173.610001,175.880005,163.686999,152.859799,149.154300,,167.780479,162.293389,5.487090,4.685686,0.801405,68.109458,163.686999,176.341045,151.032953,0.981783,5.605427,0.031871,0.004283,0.055766,0.096851,0.175119,0.008486,,0.359698,-0.188895,-0.188895,0.409295,6413525.000000,718452232.424500,0.127257
2021-09-27,175.000000,176.319000,172.020004,174.259995,3551400,0.000000,0.000000,175.000000,176.319000,172.020004,174.259995,164.691000,153.658799,149.273600,163.360000,168.777328,163.179804,5.597523,4.868053,0.729470,65.349439,164.691000,177.355396,152.026603,0.877791,5.512111,0.031632,-0.009211,0.078075,0.140968,0.162198,-0.045151,,0.310840,-0.196366,-0.196366,0.396314,6350155.000000,618866946.243000,0.129823
2021-09-28,172.516006,173.559998,166.899994,168.580002,4362800,0.000000,0.000000,172.516006,173.559998,166.899994,168.580002,165.318999,154.392799,149.423000,163.479350,168.746970,163.579819,5.167151,4.927873,0.239278,56.677258,165.318999,177.405429,153.232570,0.634903,5.644103,0.033480,-0.032595,-0.004194,0.093397,0.154025,-0.079301,,0.338649,-0.222560,-0.222560,0.350801,6369860.000000,735480832.725600,0.152762
2021-09-29,170.100006,171.220993,166.550003,168.070007,2788700,0.000000,0.000000,170.100006,171.220993,166.550003,168.070007,165.973000,155.032400,149.591600,163.623450,168.642822,163.912426,4.730396,4.888377,-0.157981,55.959197,165.973000,177.082161,154.863838,0.594382,5.574595,0.033168,-0.003025,-0.011120,0.077234,0.097493,-0.105725,,0.338463,-0.224912,-0.224912,0.346715,6139095.000000,468696828.520900,0.096907
2021-09-30,168.100006,169.500000,165.710007,167.750000,2662500,0.000000,0.000000,168.100006,169.500000,165.710007,167.750000,166.531000,155.602400,149.801800,163.812200,168.505465,164.196690,4.308774,4.772457,-0.463683,55.484191,166.531000,176.740425,156.321575,0.559700,5.447123,0.032472,-0.001904,-0.042140,0.082328,0.095832,-0.108850,,0.337039,-0.226388,-0.226388,0.344151,6055985.000000,446634375.000000,0.100914
2021-10-01,170.309998,173.199997,168.550003,173.009995,4963000,0.000000,0.000000,170.309998,173.199997,168.550003,173.009995,167.321500,156.273199,150.104600,164.053250,169.198469,164.849528,4.348941,4.687754,-0.338812,61.299294,167.321500,176.918820,157.724179,0.796359,5.447329,0.031486,0.031356,-0.016318,0.104860,0.151634,-0.073277,,0.349659,-0.202131,-0.202131,0.386298,6139085.000000,858648605.185000,0.156595
2021-10-04,171.990005,172.259995,164.029999,164.500000,4459400,0.000000,0.000000,171.990005,172.259995,164.029999,164.500000,167.646500,156.788600,150.347100,164.185800,168.475628,164.823637,3.651991,4.480601,-0.828610,49.934267,167.646500,176.309472,158.983527,0.318394,5.699662,0.034648,-0.049188,-0.056008,0.046438,0.108715,-0.134347,,0.396912,-0.241376,-0.241376,0.318109,6139235.000000,733571300.000000,0.136550
2021-10-05,165.669998,166.589996,162.429993,164.740005,4340100,0.000000,0.000000,165.669998,166.589996,162.429993,164.740005,167.633500,157.243400,150.637000,164.274250,167.900917,164.817442,3.083475,4.201176,-1.117701,50.214612,167.633500,176.313956,158.953043,0.333333,5.589686,0.033930,0.001459,-0.022778,0.042658,0.146257,-0.084473,,0.396808,-0.240269,-0.240269,0.320032,5805800.000000,714988095.700500,0.162024
2021-10-06,161.389999,167.320007,160.630005,167.250000,2461500,0.000000,0.000000,161.389999,167.320007,160.630005,167.250000,167.799500,157.756800,150.897500,164.324000,167.800776,164.997632,2.803144,3.921569,-1.118425,53.168073,167.799500,176.307008,159.291992,0.467705,5.668280,0.033891,0.015236,-0.004879,0.013636,0.173437,-0.071762,,0.369891,-0.228694,-0.228694,0.340144,5635550.000000,411685875.000000,0.177412
2021-10-07,170.000000,171.270004,168.600006,169.600006,2119600,0.000000,0.000000,170.000000,171.270004,168.600006,169.600006,167.979501,158.282800,151.268500,164.356900,168.077580,165.338548,2.739032,3.685062,-0.946030,55.811225,167.979501,176.479032,159.479969,0.595329,5.550546,0.032727,0.014051,0.011028,0.034588,0.133387,-0.055153,,0.371559,-0.217856,-0.217856,0.358974,5444740.000000,359484172.717600,0.136645
2021-10-08,170.100006,174.100006,169.479996,169.970001,2265100,0.000000,0.000000,170.100006,174.100006,169.479996,169.970001,168.218001,158.812800,151.618000,164.390800,168.368722,165.681619,2.687103,3.485470,-0.798367,56.230083,168.218001,176.656614,159.779387,0.603809,5.484079,0.032265,0.002182,-0.017571,0.023916,0.158702,-0.036943,,0.369509,-0.216150,-0.216150,0.361939,5358730.000000,384999049.265100,0.169134
2021-10-11,170.000000,171.539993,166.630005,166.669998,2046300,0.000000,0.000000,170.000000,171.539993,166.630005,166.669998,168.535500,159.266000,151.902800,164.434100,168.107380,165.754832,2.352548,3.258886,-0.906338,51.537798,168.535500,176.161637,160.909363,0.377690,5.443073,0.032658,-0.019415,0.013191,0.008898,0.162192,-0.063389,,0.375999,-0.231369,-0.231369,0.335497,5085000.000000,341056816.907400,0.175236
2021-10-12,172.694000,175.899994,171.229996,172.750000,6028100,0.000000,0.000000,172.694000,175.899994,171.229996,172.750000,169.008000,159.811200,152.268300,164.523650,168.821629,166.272993,2.548636,3.116836,-0.568199,58.421997,169.008000,176.436775,161.579225,0.751858,5.713567,0.033074,0.036479,0.048622,0.077532,0.242002,-0.020858,,0.378662,-0.203330,-0.203330,0.384215,5153630.000000,1041354275.000000,0.254226
2021-10-13,173.000000,175.190002,171.800003,173.580002,3521900,0.000000,0.000000,173.000000,175.190002,171.800003,173.580002,169.368501,160.369800,152.657000,164.646550,169.553686,166.814253,2.739434,3.041355,-0.301922,59.272542,169.368501,176.956326,161.780675,0.777517,5.547598,0.031960,0.004805,0.037848,0.062952,0.262400,-0.010094,,0.374887,-0.199502,-0.199502,0.390865,5046925.000000,611331409.043800,0.260440
2021-10-14,175.240005,176.750000,170.039993,170.500000,4139400,0.000000,0.000000,175.240005,176.750000,170.039993,170.500000,169.486001,160.831800,153.002900,164.749050,169.699273,167.087271,2.612002,2.955485,-0.343483,54.793172,169.486001,177.067156,161.904845,0.566876,5.630627,0.033024,-0.017744,0.005307,0.024824,0.269451,-0.045834,,0.377066,-0.213706,-0.213706,0.366186,4949155.000000,705767700.000000,0.241990
2021-10-15,171.899994,172.949997,168.580002,169.179993,3592700,0.000000,0.000000,171.899994,172.949997,168.580002,169.179993,169.615501,161.209000,153.354799,164.852800,169.619384,167.242287,2.377096,2.839807,-0.462711,52.946414,169.615501,177.075888,162.155114,0.470812,5.540582,0.032750,-0.007742,-0.004648,0.006125,0.282833,-0.030931,,0.376770,-0.219793,-0.219793,0.355609,4127555.000000,607812960.851100,0.239235
2021-10-18,167.500000,172.699997,167.110001,172.320007,2793700,0.000000,0.000000,167.500000,172.699997,167.110001,172.320007,170.149501,161.655600,153.730500,164.980400,170.034864,167.618415,2.416449,2.755136,-0.338686,56.686224,170.149501,176.676774,163.622228,0.666264,5.544112,0.032173,0.018560,0.033899,0.034396,0.266221,0.016217,,0.379940,-0.205313,-0.205313,0.380769,3924900.000000,481410403.555900,0.230154
2021-10-19,172.570007,172.809998,170.059998,170.740005,2776600,0.000000,0.000000,172.570007,172.809998,170.059998,170.740005,170.222002,162.081600,154.006200,165.138350,170.143348,167.849644,2.293704,2.662849,-0.369145,54.345599,170.222002,176.741284,163.702720,0.539729,5.344532,0.031302,-0.009169,-0.011635,0.056298,0.226140,0.021967,,0.364774,-0.212599,-0.212599,0.368109,3634105.000000,474076697.883000,0.192164
2021-10-20,170.059998,171.940002,168.199997,169.759995,2687000,0.000000,0.000000,170.059998,171.940002,168.199997,169.759995,170.212001,162.517800,154.299800,165.245650,170.084370,167.991151,2.093219,2.548923,-0.455704,52.886918,170.212001,176.733589,163.690414,0.465345,5.229923,0.030808,-0.005740,-0.022007,0.002776,0.217179,-0.005565,,0.327707,-0.217119,-0.217119,0.360256,3550775.000000,456145106.565000,0.187415
2021-10-21,169.074005,171.529999,167.699997,170.500000,2889400,0.000000,0.000000,169.074005,171.529999,167.699997,170.500000,169.980501,162.964600,154.561700,165.384300,170.148313,168.176992,1.971321,2.433403,-0.462081,53.893268,169.980501,176.082219,163.878783,0.542570,5.129929,0.030088,0.004359,0.000000,0.003177,0.229006,-0.021521,,0.327766,-0.213706,-0.213706,0.366186,3426705.000000,492642700.000000,0.203481
2021-10-22,169.300003,169.440002,165.160004,166.639999,2986000,0.000000,0.000000,169.300003,169.440002,165.160004,166.639999,169.518501,163.274400,154.718100,165.461150,169.608573,168.063141,1.545432,2.255809,-0.710377,48.119420,169.518501,175.117993,163.919008,0.242968,5.144934,0.030875,-0.022639,-0.015014,-0.048478,0.173521,-0.047118,,0.317829,-0.231507,-0.231507,0.335256,3371760.000000,497587037.014000,0.156710
2021-10-25,166.690002,170.328995,166.649994,169.240005,2620800,0.000000,0.000000,166.690002,170.328995,166.649994,169.240005,169.267501,163.604000,154.968600,165.558500,169.551870,168.150316,1.401554,2.084958,-0.683404,51.860556,169.267501,174.402905,164.132097,0.497323,5.040938,0.029786,0.015603,-0.017874,-0.037753,0.195367,-0.048893,,0.323100,-0.219517,-0.219517,0.356090,3325230.000000,443544205.104000,0.156751
2021-10-26,170.399994,172.000000,167.899994,171.139999,2937900,0.000000,0.000000,170.399994,172.000000,167.899994,171.139999,169.395501,164.055400,155.172700,165.673550,169.796197,168.371774,1.424424,1.952851,-0.528427,54.445733,169.395501,174.586073,164.204929,0.668045,4.973729,0.029062,0.011227,0.002343,-0.017904,0.194278,-0.049222,,0.324812,-0.210754,-0.210754,0.371314,3253985.000000,502792203.062100,0.162228
2021-10-27,170.740005,172.649994,168.880005,169.100006,3009800,0.000000,0.000000,170.740005,172.649994,168.880005,169.100006,169.447001,164.559400,155.374000,165.715050,169.689091,168.425717,1.263374,1.814956,-0.551581,51.262626,169.447001,174.602519,164.291482,0.466347,4.887747,0.028904,-0.011920,-0.003888,0.003085,0.178644,-0.048289,,0.306584,-0.220162,-0.220162,0.354968,3265040.000000,508957198.058800,0.147681
2021-10-28,170.199997,171.850006,168.710007,171.699997,2143700,0.000000,0.000000,170.199997,171.850006,168.710007,171.699997,169.644501,165.058600,155.620900,165.723600,169.998461,168.668256,1.330205,1.718005,-0.387800,54.883016,169.644501,174.828851,164.460150,0.698240,4.762908,0.027740,0.015375,0.007038,0.021598,0.192278,-0.005848,,0.310650,-0.208172,-0.208172,0.375801,3239100.000000,368073283.568900,0.139429
2021-10-29,171.389999,171.389999,168.848999,170.660004,2294400,0.000000,0.000000,171.389999,171.389999,168.848999,170.660004,169.527001,165.618800,155.879000,165.674400,170.100237,168.815793,1.284444,1.631293,-0.346849,53.181268,169.527001,174.492072,164.561931,0.614097,4.626343,0.027109,-0.006057,0.024124,0.017347,0.173002,0.015169,,0.311505,-0.212968,-0.212968,0.367468,3105670.000000,391562313.177600,0.117330
2021-11-01,170.500000,175.440002,170.500000,174.600006,4401100,0.000000,0.000000,170.500000,175.440002,170.500000,174.600006,170.032001,166.236800,156.163800,165.701050,170.792509,169.244253,1.548256,1.614686,-0.066430,58.438951,170.032001,174.897796,165.166207,0.969400,4.648747,0.026625,0.023087,0.031671,0.009190,0.198764,0.033748,,0.302540,-0.194798,-0.194798,0.399038,3102755.000000,768432086.406600,0.142222
2021-11-02,174.949997,175.300003,170.580002,172.869995,3292100,0.000000,0.000000,174.949997,175.300003,170.580002,172.869995,170.438501,166.758400,156.408100,165.696950,171.112122,169.512827,1.599296,1.611608,-0.012312,55.492198,170.438501,174.772089,166.104913,0.780541,4.653837,0.026921,-0.009908,0.010109,0.050881,0.172795,0.064929,,0.246482,-0.202776,-0.202776,0.385176,3050355.000000,569105310.539500,0.113997
2021-11-03,171.889999,173.750000,170.929993,172.869995,2827100,0.000000,0.000000,171.889999,173.750000,170.929993,172.869995,170.719501,166.987400,156.644700,165.752150,171.382564,169.761506,1.621058,1.613498,0.007561,55.492198,170.719501,174.908995,166.530007,0.756653,4.522849,0.026163,0.000000,0.022294,0.049350,0.150013,0.125163,,0.246610,-0.202776,-0.202776,0.385176,3068635.000000,488720762.864500,0.088486
2021-11-04,175.949997,179.434998,173.960007,178.449997,9664600,0.000000,0.000000,175.949997,179.434998,173.960007,178.449997,171.162000,167.349400,156.911400,165.742400,172.469862,170.405098,2.064764,1.703751,0.361013,62.555177,171.162000,176.551318,165.772683,1.176152,4.668717,0.026163,0.032279,0.039313,0.066966,0.189746,0.180147,,0.264215,-0.177043,-0.177043,0.429888,3445885.000000,1724647841.006200,0.115294
2021-11-05,186.149994,203.294998,185.944000,201.619995,27330500,0.000000,0.000000,186.149994,203.294998,185.944000,201.619995,172.744500,168.327200,157.436100,165.841150,176.954498,172.717313,4.237185,2.210438,2.026747,78.097624,172.744500,187.356283,158.132717,1.488089,6.109880,0.030304,0.129840,0.181413,0.188797,0.349170,0.374088,,0.512145,-0.070190,-0.070190,0.615545,4699155.000000,5510375273.347500,0.274379
2021-11-08,203.350006,211.335999,199.750000,200.320007,12855300,0.000000,0.000000,203.350006,211.335999,199.750000,200.320007,174.427000,169.250000,157.932300,165.955100,180.549191,174.761957,5.787235,2.925797,2.861438,76.186866,174.427000,193.239302,155.614698,1.188193,6.501032,0.032453,-0.006448,0.147308,0.178561,0.353971,0.403489,,0.514404,-0.076185,-0.076185,0.605128,5239605.000000,2575173785.987100,0.273212
2021-11-09,201.440002,201.500000,187.500000,194.679993,9056100,0.000000,0.000000,201.440002,201.500000,187.500000,194.679993,175.523500,170.023200,158.353900,165.964800,182.723161,176.237367,6.485794,3.637797,2.847998,68.371189,175.523500,196.370628,154.676372,0.959452,7.036672,0.036145,-0.028155,0.126164,0.168057,0.313985,0.388093,,0.521189,-0.102195,-0.102195,0.559936,5391005.000000,1763041484.607300,0.238036
2021-11-10,190.229996,195.000000,189.279999,192.220001,6704100,0.000000,0.000000,190.229996,195.000000,189.279999,192.220001,176.455500,170.767800,158.779100,165.919650,184.184213,177.421266,6.762948,4.262827,2.500121,65.228081,176.455500,198.565210,154.345790,0.856506,6.942624,0.036118,-0.012636,0.111934,0.112706,0.271717,0.415985,,0.514999,-0.113540,-0.113540,0.540224,5550115.000000,1288662108.704100,0.217287
2021-11-11,195.199997,197.929993,190.770004,191.610001,5899000,0.000000,0.000000,195.199997,197.929993,190.770004,191.610001,177.511000,171.468200,159.198400,165.940850,185.326642,178.472283,6.854359,4.781133,2.073226,64.437034,177.511000,200.424548,154.597452,0.807656,6.958150,0.036314,-0.003173,0.073746,0.103871,0.254321,0.357011,,0.515889,-0.116353,-0.116353,0.535337,5638095.000000,1130307395.899000,0.194860
2021-11-12,192.464996,208.160004,192.059998,206.539993,12057800,0.000000,0.000000,192.464996,208.160004,192.059998,206.539993,179.379000,172.455000,159.748000,166.055400,188.590235,180.551373,8.038862,5.432679,2.606183,73.051328,179.379000,205.323816,153.434184,1.023438,7.643283,0.037006,0.077919,0.024402,0.211378,0.390186,0.558792,,0.566277,-0.047500,-0.047500,0.654968,6061350.000000,2490417927.595400,0.318048
2021-11-15,206.199997,209.240005,204.160004,207.210007,7479300,0.000000,0.000000,206.199997,209.240005,204.160004,207.210007,181.123500,173.439200,160.312800,166.189250,191.454815,182.526086,8.928729,6.131889,2.796840,73.363155,181.123500,209.634824,152.612176,0.957476,7.460191,0.036003,0.003244,0.034395,0.224790,0.439958,0.534662,,0.563273,-0.044411,-0.044411,0.660337,6295630.000000,1549785805.355100,0.358241
2021-11-16,205.589996,209.929993,203.470001,207.039993,4431300,0.000000,0.000000,205.589996,209.929993,203.470001,207.039993,182.938499,174.280000,160.886500,166.328600,193.852535,184.341931,9.510603,6.807632,2.702972,73.131912,182.938499,213.232557,152.644441,0.897792,7.388748,0.035688,-0.000820,0.063489,0.201486,0.410931,0.498227,,0.563680,-0.045195,-0.045195,0.658974,6378365.000000,917456320.980900,0.311250
2021-11-17,207.000000,212.584000,198.399994,199.110001,6383400,0.000000,0.000000,207.000000,212.584000,198.399994,199.110001,184.406000,174.983600,161.378200,166.395550,194.661376,185.435862,9.225513,7.291208,1.934305,63.135644,184.406000,214.855235,153.956765,0.741451,7.874124,0.039547,-0.038302,0.035844,0.166159,0.395794,0.461894,,0.584390,-0.081765,-0.081765,0.595433,6563185.000000,1270998780.383400,0.300910
2021-11-18,199.339996,205.000000,196.000000,204.330002,4597700,0.000000,0.000000,199.339996,205.000000,196.000000,204.330002,186.097500,175.750200,161.960700,166.438200,196.148857,186.835428,9.313428,7.695652,1.617776,66.392166,186.097500,217.048586,155.146414,0.794537,7.954544,0.038930,0.026217,0.066385,0.203640,0.421921,0.516814,,0.585436,-0.057692,-0.057692,0.637260,6648600.000000,939448050.195400,0.334997
2021-11-19,196.600006,199.360001,190.500000,196.419998,8181900,0.000000,0.000000,196.600006,199.360001,190.500000,196.419998,187.586500,176.374600,162.393500,166.443750,196.190571,187.545396,8.645174,7.885556,0.759618,58.027106,187.586500,217.442200,157.730800,0.647937,8.374219,0.042634,-0.038712,-0.048998,0.152023,0.338102,0.445221,,0.608732,-0.094171,-0.094171,0.573878,6908395.000000,1607088781.636200,0.263498
2021-11-22,190.440002,190.759995,176.720001,181.729996,12619800,0.000000,0.000000,190.440002,190.759995,176.720001,181.729996,188.210999,176.802800,162.680000,166.350250,193.965867,187.114626,6.851241,7.678693,-0.827453,46.347925,188.210999,216.952600,159.469399,0.387254,9.183203,0.050532,-0.074789,-0.122967,0.090554,0.125821,0.356295,,0.665361,-0.161917,-0.161917,0.456170,7408345.000000,2293396203.520800,0.070230
2021-11-23,181.143005,183.729996,175.250000,178.270004,6451900,0.000000,0.000000,181.143005,183.729996,175.250000,178.270004,188.567500,177.102200,162.960400,166.242200,191.551119,186.459469,5.091650,7.161285,-2.069635,44.096668,188.567500,216.585316,160.549683,0.316233,9.132974,0.051231,-0.019039,-0.138959,0.053356,0.111756,0.322968,,0.669181,-0.177873,-0.177873,0.428446,7584045.000000,1150180238.807600,0.063006
2021-11-24,175.630005,182.779999,175.000000,179.889999,4763300,0.000000,0.000000,175.630005,182.779999,175.000000,179.889999,189.106999,177.372600,163.275600,166.083350,189.757100,185.972841,3.784259,6.485879,-2.701621,45.433101,189.106999,215.936814,162.277184,0.328232,9.036333,0.050233,0.009087,-0.096530,0.051128,0.177830,0.256478,,0.668902,-0.170402,-0.170402,0.441426,7671720.000000,856870032.236700,0.117651
2021-11-26,167.759995,174.639999,167.039993,173.860001,6044100,0.000000,0.000000,167.759995,174.639999,167.039993,173.860001,189.214999,177.486800,163.577000,165.868450,187.311393,185.075594,2.235799,5.635863,-3.400065,41.460021,189.214999,215.765722,162.664277,0.210837,9.308738,0.053542,-0.033520,-0.149122,0.028149,0.127643,0.238319,,0.679159,-0.198211,-0.198211,0.393109,7866740.000000,1050827232.044100,0.103706
2021-11-29,176.880005,180.699997,175.899994,180.080002,5317400,0.000000,0.000000,176.880005,180.699997,175.899994,180.080002,189.685999,177.756600,163.952500,165.705450,186.198871,184.705550,1.493321,4.807355,-3.314034,46.643271,189.685999,215.163306,164.208692,0.311479,9.132400,0.050713,0.035776,-0.083189,0.048806,0.154211,0.247869,,0.687780,-0.169526,-0.169526,0.442949,8017890.000000,957557402.634800,0.120349
2021-11-30,176.404999,180.639999,170.921005,172.539993,10682700,0.000000,0.000000,176.404999,180.639999,170.921005,172.539993,189.582999,177.974600,164.181500,165.518850,184.097505,183.804398,0.293107,3.904505,-3.611398,41.810452,189.582999,215.332311,163.833686,0.169059,9.174299,0.053172,-0.041870,-0.050570,0.011016,0.113233,0.142649,,0.704791,-0.204298,-0.204298,0.382532,8331970.000000,1843192983.221100,0.094985
2021-12-01,174.009995,180.130005,162.029999,163.080002,7645700,0.000000,0.000000,174.009995,180.130005,162.029999,163.080002,189.093499,177.850400,164.345400,165.324450,180.864043,182.269257,-1.405214,2.842561,-4.247776,36.675969,189.093499,216.499495,161.687503,0.025405,9.811850,0.060166,-0.054828,-0.085208,-0.065979,0.041446,0.131008,,0.725990,-0.247925,-0.247925,0.306731,8549650.000000,1246860771.291400,0.045060
2021-12-02,161.360001,170.294998,160.490005,169.600006,5687600,0.000000,0.000000,161.360001,170.294998,160.490005,169.600006,188.930000,177.843200,164.607300,165.182250,179.131114,181.330794,-2.199680,1.834113,-4.033793,41.965754,188.930000,216.778955,161.081044,0.152949,9.811360,0.057850,0.039980,-0.057202,-0.018916,0.078880,0.125191,,0.739821,-0.217856,-0.217856,0.358974,8692675.000000,964616994.125600,0.075610
2021-12-03,168.979996,170.729996,162.139999,166.750000,6460900,0.000000,0.000000,168.979996,170.729996,162.139999,166.750000,188.345000,177.675600,164.883900,165.010650,177.226328,180.250735,-3.024408,0.862409,-3.886817,40.377952,188.345000,217.578030,159.111969,0.130640,9.724120,0.058316,-0.016804,-0.040895,-0.035402,0.055380,0.119353,,0.742135,-0.231000,-0.231000,0.336138,8532490.000000,1077355075.000000,0.073478
2021-12-06,167.274994,181.929993,162.850006,180.850006,9813800,0.000000,0.000000,167.274994,181.929993,162.850006,180.850006,187.306500,177.775000,165.317400,164.938200,177.783817,180.295126,-2.511309,0.187665,-2.698975,50.380524,187.306500,216.025054,158.587947,0.387590,10.392396,0.057464,0.084558,0.004276,0.013449,0.096061,0.230189,,0.791842,-0.165975,-0.165975,0.449119,7656655.000000,1774825788.882800,0.105764
2021-12-07,185.610001,187.500000,182.020004,183.139999,6264600,0.000000,0.000000,185.610001,187.500000,182.020004,183.139999,186.447500,177.952600,165.805700,164.915950,178.607845,180.505857,-1.898013,-0.229470,-1.668542,51.795003,186.447500,214.548215,158.346785,0.441149,10.125082,0.055286,0.012662,0.061435,-0.091658,0.117184,0.264342,,0.643159,-0.155414,-0.155414,0.467468,7327120.000000,1147298837.735400,0.090999
2021-12-08,186.000000,187.500000,182.139999,186.490005,4218700,0.000000,0.000000,186.000000,187.500000,182.139999,186.490005,186.038000,178.310800,166.351800,164.847400,179.820485,180.949127,-1.128643,-0.409305,-0.719338,53.866830,186.038000,213.871008,158.204993,0.508120,9.784719,0.052468,0.018292,0.143549,-0.069040,0.123434,0.276280,,0.647568,-0.139965,-0.139965,0.494311,7085250.000000,786745384.093500,0.088102
2021-12-09,182.089996,185.302002,179.279999,181.460007,3518000,0.000000,0.000000,182.089996,185.302002,179.279999,181.460007,185.500001,178.578600,166.805500,164.844400,180.072719,180.986970,-0.914251,-0.510294,-0.403957,50.366491,185.500001,213.245705,157.754296,0.427196,9.600811,0.052909,-0.026972,0.069929,-0.067906,0.098426,0.222447,,0.646992,-0.163162,-0.163162,0.454006,6925945.000000,638376304.626000,0.071839
2021-12-10,178.149994,181.100006,175.854004,180.419998,3980400,0.000000,0.000000,178.149994,181.100006,175.854004,180.419998,184.940501,178.832000,167.217200,164.714750,180.126146,180.944972,-0.818826,-0.572000,-0.246825,49.648125,184.940501,212.618643,157.262358,0.418338,9.315467,0.051632,-0.005731,0.081979,-0.061388,0.125374,0.209168,0.246769,0.646079,-0.167958,-0.167958,0.445673,6830015.000000,718143760.039200,0.090618
2021-12-13,178.250000,180.000000,168.889999,171.039993,7263700,0.000000,0.000000,178.250000,180.000000,168.889999,171.039993,183.165501,178.792600,167.532900,164.587850,178.728277,180.211270,-1.482994,-0.754199,-0.728794,43.607086,183.165501,209.533550,156.797451,0.270072,9.473648,0.055388,-0.051990,-0.054244,-0.107354,0.047397,0.126894,0.228294,0.668711,-0.211216,-0.211216,0.370513,6590310.000000,1242383197.154100,0.022426
2021-12-14,168.298004,169.910004,164.500000,167.960007,5660400,0.000000,0.000000,168.298004,169.910004,164.500000,167.960007,181.203001,178.861800,167.825200,164.478150,177.071620,179.303769,-2.232149,-1.049789,-1.182360,41.808213,181.203001,205.820462,156.585539,0.231024,9.264101,0.055157,-0.018007,-0.082887,-0.186792,0.009557,0.126115,0.292000,0.598524,-0.225420,-0.225420,0.345833,6499365.000000,950720823.622800,0.004537
2021-12-15,167.639999,168.960007,160.179993,168.139999,6678500,0.000000,0.000000,167.639999,168.960007,160.179993,168.139999,179.258001,178.929800,168.086600,164.416850,175.697524,178.476823,-2.779299,-1.395691,-1.383608,41.958897,179.258001,201.291581,157.224421,0.247703,9.229524,0.054892,0.001072,-0.098397,-0.188553,-0.000059,0.115727,0.347276,0.598006,-0.224590,-0.224590,0.274947,6611725.000000,1122922983.321500,-0.025330
2021-12-16,166.250000,167.729996,153.600006,156.380005,9415100,0.000000,0.000000,166.250000,167.729996,153.600006,156.380005,177.121501,178.712400,168.234600,164.297600,172.725598,176.840022,-4.114424,-1.939438,-2.174986,35.492254,177.121501,199.335919,154.907083,0.033152,9.608843,0.061445,-0.069942,-0.138212,-0.244687,-0.061288,0.025308,0.133271,0.632695,-0.278823,-0.278823,0.185775,6763310.000000,1472333385.075500,-0.070359
2021-12-17,154.619995,158.309998,149.440002,157.910004,24062400,0.000000,0.000000,154.619995,158.309998,149.440002,157.910004,174.800501,178.478600,168.380700,164.188100,170.446276,175.437798,-4.991522,-2.549855,-2.441668,36.855760,174.800501,194.615806,154.985196,0.073802,9.556068,0.060516,0.009784,-0.124764,-0.206921,-0.023076,0.054843,0.073852,0.629925,-0.271767,-0.271767,0.197376,7736545.000000,3799693680.249599,-0.054052
2021-12-20,151.160004,158.479996,151.000000,157.229996,4639300,0.000000,0.000000,151.160004,158.479996,151.000000,157.229996,172.841001,178.223800,168.518300,164.070200,168.413002,174.089072,-5.676070,-3.175098,-2.500972,36.486624,172.841001,191.363234,154.318769,0.078587,9.407777,0.059834,-0.004306,-0.080741,-0.230509,-0.071239,0.050441,-0.000445,0.616403,-0.274903,-0.274903,0.192220,7559415.000000,729437120.442800,-0.087144
2021-12-21,159.500000,167.274994,158.369995,165.660004,6293500,0.000000,0.000000,159.500000,167.274994,158.369995,165.660004,172.037501,178.203600,168.734800,163.982950,167.989464,173.464697,-5.475233,-3.635125,-1.840108,43.977650,172.037501,190.328929,153.746074,0.325670,9.453293,0.057064,0.053616,-0.013694,-0.156603,-0.025300,0.092888,0.016194,0.647576,-0.236027,-0.236027,0.256142,7243100.000000,1042581235.174000,-0.055121
2021-12-22,165.679993,170.679993,162.800003,169.289993,4802500,0.000000,0.000000,165.679993,170.679993,162.800003,169.289993,171.588501,178.134400,168.972800,163.910450,168.189545,173.155460,-4.965914,-3.901283,-1.064632,46.882830,171.588501,189.675485,153.501517,0.436460,9.340914,0.055177,0.021912,0.006840,-0.068453,-0.033347,0.123134,0.037380,0.605862,-0.219286,-0.219286,0.283667,7160630.000000,813015191.382500,-0.064548
2021-12-23,170.500000,171.990005,166.889999,171.309998,4017400,0.000000,0.000000,170.500000,171.990005,166.889999,171.309998,171.159501,178.089000,169.229400,163.777650,168.669615,173.018759,-4.349144,-3.990855,-0.358289,48.483814,171.159501,188.819399,153.499603,0.504261,9.037992,0.052758,0.011932,0.095473,-0.039042,-0.025984,0.144585,0.084172,0.604823,-0.209970,-0.209970,0.298984,7123335.000000,688220785.965200,-0.066234
2021-12-27,169.806000,172.429993,168.779999,171.679993,2725200,0.000000,0.000000,169.806000,172.429993,168.779999,171.679993,171.050500,178.112600,169.472200,163.602350,169.132750,172.919591,-3.786841,-3.950052,0.163211,48.788288,171.050500,188.667075,153.433926,0.517866,8.653135,0.050403,0.002160,0.087201,-0.045639,-0.014805,0.144991,0.108757,0.603813,-0.208264,-0.208264,0.301789,6957390.000000,467862316.923600,-0.075012
2021-12-28,171.320007,172.729996,167.729996,169.710007,2292600,0.000000,0.000000,171.320007,172.729996,167.729996,169.710007,170.532001,178.123200,169.666100,163.400950,169.221559,172.681844,-3.460285,-3.852099,0.391814,47.189100,170.532001,187.632452,153.431550,0.475966,8.392197,0.049450,-0.011475,0.079374,-0.023870,0.006703,0.161761,0.138993,0.593845,-0.217349,-0.217349,0.286852,6806150.000000,389077162.048200,-0.078199
2021-12-29,169.520004,170.479996,165.020004,167.440002,1995400,0.000000,0.000000,169.520004,170.479996,165.020004,167.440002,170.277001,178.025600,169.840600,163.238100,168.947473,172.293559,-3.346086,-3.750896,0.404810,45.344684,170.277001,187.403458,153.150544,0.417175,8.182754,0.048870,-0.013376,0.010745,-0.070191,-0.003748,0.093379,0.116267,0.580284,-0.227818,-0.227818,0.269639,6371785.000000,334109779.990800,-0.090142
2021-12-30,167.059998,170.850006,165.710007,168.779999,2181100,0.000000,0.000000,167.059998,170.850006,165.710007,168.779999,170.562001,177.986400,170.034000,163.075200,168.921708,172.033296,-3.111588,-3.623034,0.511447,46.669794,170.562001,187.370949,153.753053,0.446992,7.965414,0.047194,0.008003,-0.003013,-0.021792,0.006140,0.102561,0.137102,0.563476,-0.221638,-0.221638,0.279800,6098555.000000,368126055.818900,-0.083348
2021-12-31,168.779999,170.869995,166.080002,166.490005,2596000,0.000000,0.000000,168.779999,170.869995,166.080002,166.490005,170.406501,177.921000,170.219400,162.950400,168.547600,171.622681,-3.075082,-3.513444,0.438362,44.676313,170.406501,187.310194,153.502808,0.384153,7.738598,0.046481,-0.013568,-0.028136,0.020910,-0.037686,0.108234,0.134128,0.530467,-0.232199,-0.232199,0.262436,5943975.000000,432208052.980000,-0.111709
2022-01-03,165.296997,172.839996,165.220001,172.679993,4224900,0.000000,0.000000,165.296997,172.839996,165.220001,172.679993,170.703001,177.964600,170.464600,162.841850,169.183353,171.701001,-2.517648,-3.314285,0.796636,50.794592,170.703001,187.544560,153.861441,0.558694,7.730127,0.044766,0.037179,0.005825,0.018160,0.049726,0.163847,0.240963,0.527991,-0.203652,-0.203652,0.309372,5832175.000000,729555702.425700,-0.060920
2022-01-04,174.154007,175.899994,167.199997,170.800003,4080000,0.000000,0.000000,174.154007,175.899994,167.199997,170.800003,170.200501,178.047800,170.661100,162.720850,169.432068,171.634260,-2.202192,-3.091866,0.889674,49.021406,170.200501,186.352923,154.048078,0.518558,7.799403,0.045664,-0.010887,0.006423,0.024288,0.036785,0.188422,0.151719,0.525816,-0.212322,-0.212322,0.295117,5545485.000000,696864012.240000,-0.045583
2022-01-05,169.882996,175.106995,162.240005,162.250000,4804600,0.000000,0.000000,169.882996,175.106995,162.240005,162.250000,169.156001,177.908000,170.756000,162.596400,168.327134,170.939130,-2.611995,-2.995892,0.383897,41.863756,169.156001,184.465020,153.846981,0.274447,8.161374,0.050301,-0.050059,-0.030996,-0.102848,-0.029895,0.138357,0.136443,0.461231,-0.251752,-0.251752,0.230285,5472485.000000,779546350.000000,-0.071149
2022-01-06,160.289993,163.729996,156.339996,159.750000,5049600,0.000000,0.000000,160.289993,163.729996,156.339996,159.750000,167.819000,177.680200,170.867800,162.500900,167.007575,170.110305,-3.102730,-3.017260,-0.085470,40.023581,167.819000,181.317481,154.320520,0.201114,8.106275,0.050744,-0.015408,-0.053502,-0.127716,-0.058078,0.067562,0.056059,0.458120,-0.263282,-0.263282,0.211328,5514030.000000,806673600.000000,-0.087206
2022-01-07,159.179993,166.880005,158.455002,166.050003,5624600,0.000000,0.000000,159.179993,166.880005,158.455002,166.050003,167.048500,177.619200,171.089300,162.450350,166.860257,169.809542,-2.949286,-3.003665,0.054379,46.415687,167.048500,178.931008,155.165992,0.457985,8.129042,0.048955,0.039437,-0.002643,-0.109604,-0.023063,0.131979,0.108700,0.477732,-0.234228,-0.234228,0.259099,5619360.000000,933964846.873800,-0.047505
2022-01-10,159.759995,161.699997,152.100006,160.710007,6973600,0.000000,0.000000,159.759995,161.699997,152.100006,160.710007,166.063001,177.399400,171.229000,162.381900,165.914064,169.135503,-3.221438,-3.047220,-0.174219,42.300464,166.063001,176.451525,155.674476,0.242360,8.544824,0.053169,-0.032159,-0.069319,-0.114350,-0.035759,0.120633,0.084925,0.481054,-0.258854,-0.258854,0.218608,5769020.000000,1120727304.815200,-0.067281
2022-01-11,160.710007,169.389999,159.078003,168.610001,5331600,0.000000,0.000000,160.710007,169.389999,159.078003,168.610001,165.941501,177.358400,171.488600,162.312450,166.328824,169.096577,-2.767753,-2.991326,0.223573,49.441962,165.941501,176.140039,155.742963,0.630828,8.671051,0.051427,0.049157,-0.012822,-0.065458,-0.023965,0.212237,0.048570,0.516723,-0.222422,-0.222422,0.278511,5672415.000000,898961081.331600,-0.071493
2022-01-12,170.240005,171.039993,165.110001,169.539993,3534300,0.000000,0.000000,170.240005,171.039993,165.110001,169.539993,166.020500,177.257200,171.747000,162.244650,166.822850,169.129422,-2.306572,-2.854375,0.547803,50.223019,166.020500,176.308954,155.732047,0.671041,8.475261,0.049990,0.005516,0.044931,-0.008770,-0.023275,0.233018,-0.002647,0.485049,-0.218133,-0.218133,0.285563,5566110.000000,599205197.259900,-0.065600
2022-01-13,170.233002,171.990005,165.764999,166.000000,4893800,0.000000,0.000000,170.233002,171.990005,165.764999,166.000000,165.913500,177.119800,171.939100,162.134950,166.696258,168.897613,-2.201356,-2.723772,0.522416,47.231887,165.913500,176.153540,155.673460,0.504224,8.314528,0.050088,-0.020880,0.039124,-0.011669,-0.026393,0.235947,-0.080332,0.486495,-0.234459,-0.234459,0.258720,5476875.000000,812370800.000000,-0.025272
2022-01-14,165.750000,167.630005,160.240005,163.990005,4144000,0.000000,0.000000,165.750000,167.630005,160.240005,163.990005,166.294000,176.942200,171.964800,162.013700,166.279911,168.534087,-2.254176,-2.629852,0.375677,45.572259,166.294000,175.561876,157.026125,0.375700,8.248491,0.050299,-0.012108,-0.012406,-0.024682,-0.030677,0.243479,-0.031193,0.488231,-0.243728,-0.243728,0.243479,5213320.000000,679574580.720000,-0.030436
2022-01-18,156.910004,160.789993,153.869995,154.690002,5775400,0.000000,0.000000,156.910004,160.789993,153.869995,154.690002,166.133000,176.467000,171.908200,161.853700,164.496848,167.508599,-3.011751,-2.706232,-0.305519,38.782106,166.133000,176.099651,156.166349,-0.074064,8.382171,0.054187,-0.056711,-0.037459,-0.010807,-0.102310,0.136674,-0.109390,0.466258,-0.286617,-0.286617,0.172960,4298970.000000,893396637.550800,-0.068032
2022-01-19,157.000000,160.229996,154.440002,154.580002,5127400,0.000000,0.000000,157.000000,160.229996,154.440002,154.580002,166.000500,175.526201,171.926700,161.676450,162.971179,166.550925,-3.579746,-2.880935,-0.698811,38.708641,166.000500,176.520600,155.480401,-0.042794,8.197015,0.053028,-0.000711,-0.083210,-0.021088,-0.094647,0.110090,-0.044800,0.464868,-0.287124,-0.287124,0.172126,4323375.000000,792593502.254800,-0.042507
2022-01-20,157.807999,165.199997,157.350006,158.000000,4941900,0.000000,0.000000,157.807999,165.199997,157.350006,158.000000,165.617500,174.679800,171.964900,161.566750,162.206383,165.917523,-3.711141,-3.046976,-0.664165,42.364249,165.617500,176.730817,154.504184,0.157281,8.370085,0.052975,0.022124,-0.068066,0.004897,-0.069274,0.132860,-0.124168,0.471191,-0.271352,-0.271352,0.198059,4255795.000000,780820200.000000,-0.005283
2022-01-21,156.815002,160.199997,152.410004,156.729996,7242300,0.000000,0.000000,156.815002,160.199997,152.410004,156.729996,164.989500,173.920800,171.972000,161.449500,161.363862,165.236966,-3.873104,-3.212202,-0.660902,41.377318,164.989500,176.635737,153.343264,0.145400,8.328650,0.053140,-0.008038,-0.055843,-0.053906,-0.080762,0.129748,-0.138231,0.430519,-0.277209,-0.277209,0.188429,4377785.000000,1135085650.030800,0.014322
2022-01-24,150.000000,151.160004,135.759995,147.899994,14606600,0.000000,0.000000,150.000000,151.160004,135.759995,147.899994,163.819000,173.034400,171.901100,161.291500,159.292497,163.952746,-4.660248,-3.501811,-1.158437,35.231754,163.819000,177.344544,150.293457,-0.088479,9.231604,0.062418,-0.056339,-0.098116,-0.126351,-0.112458,0.041549,-0.166901,0.459470,-0.317930,-0.317930,0.121474,4907245.000000,2160316052.360400,-0.030612
2022-01-25,143.899994,147.380005,140.130005,144.559998,5704900,0.000000,0.000000,143.899994,147.380005,140.130005,144.559998,162.463000,172.093400,171.780800,161.131850,157.025959,162.516246,-5.490287,-3.899506,-1.590781,33.221772,162.463000,177.963804,146.962197,-0.077486,9.127203,0.063138,-0.022583,-0.065486,-0.156150,-0.145828,0.021048,-0.249974,0.458042,-0.333333,-0.333333,0.096148,5056230.000000,824700332.590200,-0.035009
2022-01-26,149.285004,152.399994,140.041000,142.139999,6990300,0.000000,0.000000,149.285004,152.399994,140.041000,142.139999,161.084500,170.805400,171.630200,160.952800,154.735811,161.006894,-6.271083,-4.373821,-1.897261,31.805914,161.084500,178.639262,143.529739,-0.039583,9.358045,0.065837,-0.016740,-0.080476,-0.172064,-0.169452,-0.008095,-0.293714,0.457619,-0.344494,-0.344494,0.077798,5291115.000000,993601235.009700,-0.058293
2022-01-27,143.479996,145.548004,137.919998,138.410004,4493800,0.000000,0.000000,143.479996,145.548004,137.919998,138.410004,159.633000,169.429400,171.434300,160.762700,152.224149,159.333050,-7.108902,-4.920837,-2.188064,29.704567,159.633000,179.608823,139.657177,-0.031217,9.234471,0.066718,-0.026242,-0.123987,-0.184432,-0.181490,-0.035269,-0.261301,0.461648,-0.361695,-0.361695,0.049515,5416035.000000,621986875.975200,-0.057896
2022-01-28,138.544998,143.110001,134.373993,142.770004,5604400,0.000000,0.000000,138.544998,143.110001,134.373993,142.770004,158.332500,168.144001,171.212000,160.599800,150.769665,158.106158,-7.336493,-5.403969,-1.932525,35.101965,158.332500,179.169089,137.495912,0.126558,9.198866,0.064431,0.031501,-0.089070,-0.147336,-0.168492,-0.008610,-0.222513,0.482315,-0.341588,-0.341588,0.082575,5587200.000000,800140210.417600,-0.059899
2022-01-31,144.802994,153.970001,143.809998,153.970001,5463000,0.000000,0.000000,144.802994,153.970001,143.809998,153.970001,157.706500,167.241201,171.112400,160.476200,151.262024,157.799776,-6.537752,-5.630725,-0.907027,46.471840,157.706500,178.261562,137.151438,0.409110,9.341804,0.060673,0.078448,0.041041,-0.087747,-0.097797,0.058286,-0.146697,0.564822,-0.289937,-0.289937,0.167501,5730550.000000,841138115.463000,-0.016594
2022-02-01,155.350006,157.389999,152.500000,156.940002,3799300,0.000000,0.000000,155.350006,157.389999,152.500000,156.940002,156.919501,166.293401,171.021800,160.388000,152.135559,157.736089,-5.600530,-5.624686,0.024156,49.022351,156.919501,176.228184,137.610818,0.500531,9.023818,0.057499,0.019289,0.085639,-0.057361,-0.101145,0.077515,-0.124072,0.569089,-0.276241,-0.276241,0.190021,5709270.000000,596262149.598600,-0.021001
2022-02-02,156.313004,156.509995,150.712006,151.759995,3678300,0.000000,0.000000,156.313004,156.509995,150.712006,151.759995,155.967500,165.400200,170.887400,160.298950,152.077780,157.293415,-5.215635,-5.542876,0.327241,44.995441,155.967500,174.244584,137.690417,0.384897,8.824116,0.058145,-0.033006,0.067680,-0.121149,-0.122115,0.029579,-0.182856,0.559753,-0.300129,-0.300129,0.150743,5689185.000000,558218789.608500,-0.043388
2022-02-03,147.970001,152.179993,146.679993,149.570007,4577100,0.000000,0.000000,147.970001,152.179993,146.679993,149.570007,155.333501,164.757001,170.779900,160.211450,151.691969,156.721311,-5.029342,-5.440169,0.410827,43.373272,155.333501,173.572643,137.094358,0.342002,8.586680,0.057409,-0.014431,0.080630,-0.124297,-0.134783,-0.004989,-0.236108,0.560314,-0.310229,-0.310229,0.134137,5677810.000000,684596879.039700,-0.012546
2022-02-04,150.139999,157.240005,150.000000,155.559998,4687700,0.000000,0.000000,150.139999,157.240005,150.000000,155.559998,155.124001,164.302801,170.702500,160.135700,152.287050,156.635288,-4.348238,-5.221783,0.873545,48.809369,155.124001,173.245421,137.002580,0.512030,8.521202,0.054778,0.040048,0.089585,-0.041233,-0.128271,0.037136,-0.203523,0.557390,-0.282605,-0.282605,0.179557,5659715.000000,729218602.624600,-0.012696
2022-02-07,156.789993,160.880005,155.949997,157.910004,4690700,0.000000,0.000000,156.789993,160.880005,155.949997,157.910004,154.717001,163.863201,170.617900,160.054000,153.152120,156.729711,-3.577591,-4.892945,1.315353,50.804708,154.717001,172.158055,137.275946,0.591537,8.292545,0.052514,0.015107,0.025589,-0.011518,-0.216794,0.056678,-0.212144,0.557765,-0.271767,-0.271767,0.197376,5613020.000000,740708455.762800,-0.094331
2022-02-08,154.000000,163.078995,153.440002,162.259995,4309100,0.000000,0.000000,154.000000,163.078995,153.440002,162.259995,154.794500,163.631201,170.559000,159.990900,154.553332,157.139362,-2.586030,-4.431562,1.845531,54.351660,154.794500,172.361004,137.227996,0.712492,8.388720,0.051699,0.027547,0.033898,-0.022824,-0.189996,0.096722,-0.188213,0.548628,-0.251706,-0.251706,0.230361,5479795.000000,699194544.454500,-0.078128
2022-02-09,165.369995,170.070007,165.080002,169.529999,4868300,0.000000,0.000000,165.369995,170.070007,165.080002,169.529999,154.840500,163.420201,170.588400,159.948850,156.857434,158.057187,-1.199753,-3.785200,2.585447,59.594891,154.840500,172.563452,137.117548,0.914420,8.347384,0.049238,0.044805,0.117093,0.054881,-0.129186,0.144236,-0.199046,0.557438,-0.218179,-0.218179,0.285487,5456630.000000,825322894.131700,-0.041303
2022-02-10,165.244995,177.059998,165.244995,171.949997,8261400,0.000000,0.000000,165.244995,177.059998,165.244995,171.949997,154.961000,163.408401,170.691500,159.908600,159.179367,159.086284,0.093083,-3.009543,3.102626,61.192798,154.961000,173.131878,136.790123,0.967479,8.595071,0.049986,0.014275,0.149629,0.019809,-0.105452,0.137612,-0.207019,0.533741,-0.207019,-0.191508,0.303837,5692985.000000,1420547705.215800,-0.013466
2022-02-11,175.309006,176.740005,164.830002,166.529999,6464400,0.000000,0.000000,175.309006,176.740005,164.830002,166.529999,154.987500,163.477401,170.663900,159.852850,160.310233,159.637670,0.672563,-2.273122,2.945685,55.864149,154.987500,173.227577,136.747423,0.816405,8.831852,0.053035,-0.031521,0.070519,-0.017754,-0.130891,0.090141,-0.216993,0.545495,-0.232014,-0.206962,0.262739,5771515.000000,1076516525.535600,-0.009069
2022-02-14,166.630005,171.800003,165.029999,169.660004,4847600,0.000000,0.000000,166.630005,171.800003,165.029999,169.660004,155.271000,163.478600,170.660900,159.837600,161.748660,160.380065,1.368594,-1.544779,2.913373,58.131579,155.271000,174.261063,136.280937,0.878856,8.684577,0.051188,0.018795,0.074409,0.022048,-0.178561,0.141953,-0.191556,0.543941,-0.217580,-0.192057,0.286473,5806695.000000,822443835.390400,-0.048049
2022-02-15,172.919998,180.632004,172.750000,180.070007,11733900,0.000000,0.000000,172.919998,180.632004,172.750000,180.070007,156.540000,163.745001,170.710300,159.897400,164.567329,161.838580,2.728749,-0.690073,3.418822,64.638350,156.540000,178.522782,134.557219,1.035192,8.847964,0.049136,0.061358,0.109762,0.098055,-0.130978,0.251355,-0.108388,0.579023,-0.169572,-0.142483,0.365408,6104620.000000,2112923455.137300,-0.022860
2022-02-16,178.294998,191.729996,178.000000,186.639999,22252900,0.000000,0.000000,178.294998,191.729996,178.000000,186.639999,158.143000,163.860801,170.817900,159.986100,167.963124,163.675722,4.287402,0.305422,3.981980,68.016673,158.143000,183.879228,132.406772,1.053636,9.196681,0.049275,0.036486,0.100926,0.206542,-0.098532,0.271909,-0.057564,0.542534,-0.139273,-0.111196,0.415226,6960895.000000,4153281233.747100,0.017268
2022-02-17,184.899994,188.979996,181.539993,183.600006,7779200,0.000000,0.000000,184.899994,188.979996,181.539993,183.600006,159.423000,163.870001,170.911301,160.092450,170.368798,165.151595,5.217203,1.287778,3.929425,64.925819,159.423000,187.563436,131.282565,0.929578,9.071204,0.049407,-0.016288,0.067752,0.187735,-0.077897,0.287066,-0.086885,0.548886,-0.153293,-0.125673,0.392175,7102760.000000,1428261166.675200,0.060585
2022-02-18,180.259995,182.660004,173.619995,174.899994,8848800,0.000000,0.000000,180.259995,182.660004,173.619995,174.899994,160.331500,163.638200,170.974500,160.198750,171.065905,165.873698,5.192207,2.068664,3.123543,56.949781,160.331500,189.267827,131.395174,0.751734,9.136119,0.052236,-0.047386,0.050261,0.106962,-0.144032,0.217119,-0.104638,0.579568,-0.193415,-0.167103,0.326206,7183085.000000,1547655066.907200,0.008881
2022-02-22,172.130005,176.380005,161.320007,165.240005,8392600,0.000000,0.000000,172.130005,176.380005,161.320007,165.240005,161.198501,163.313800,170.946200,160.268900,170.169613,165.826758,4.342855,2.523502,1.819353,49.655558,161.198501,189.600667,132.796335,0.571148,9.559253,0.057851,-0.055231,-0.026052,0.054297,-0.158741,0.125690,-0.119143,0.615388,-0.237963,-0.213105,0.252957,6872385.000000,1386793265.963000,0.007905
2022-02-23,165.929993,166.654999,149.850006,150.039993,9778500,0.000000,0.000000,165.929993,166.654999,149.850006,150.039993,161.472501,162.706200,170.769100,160.285450,167.072748,164.657368,2.415380,2.501878,-0.086498,40.800281,161.472501,189.298711,133.646290,0.294573,10.076806,0.067161,-0.091987,-0.166769,0.014469,-0.174380,-0.070499,-0.250549,0.668931,-0.308061,-0.285490,0.137701,7076065.000000,1467166071.550500,0.003313
2022-02-24,141.300003,158.960007,141.179993,158.259995,10354600,0.000000,0.000000,141.300003,158.960007,141.179993,158.259995,162.278500,162.450600,170.621600,160.363100,165.716940,164.183489,1.533451,2.308192,-0.774741,46.370249,162.278500,188.642341,135.914660,0.423788,10.627035,0.067149,0.054785,-0.152057,0.094770,-0.112246,-0.013034,-0.130726,0.687223,-0.270153,-0.246345,0.200030,7244280.000000,1638718944.227000,0.033652
2022-02-25,159.259995,159.449997,152.910004,155.089996,6173200,0.000000,0.000000,159.259995,159.449997,152.910004,155.089996,163.112500,162.193200,170.527500,160.437300,164.082026,163.509897,0.572129,1.960980,-1.388851,44.626447,163.112500,187.259226,138.965774,0.333880,10.335103,0.066639,-0.020030,-0.155283,0.091107,-0.137862,0.015452,-0.248413,0.688641,-0.284772,-0.261441,0.175993,7328250.000000,957401563.307200,-0.002136
2022-02-28,155.024994,155.095993,148.300003,151.490005,11078500,0.000000,0.000000,155.024994,155.095993,148.300003,151.490005,163.548500,161.860200,170.395000,160.516000,162.144792,162.619534,-0.474743,1.473835,-1.948578,42.664222,163.548500,186.430435,140.666565,0.236506,10.082310,0.066554,-0.023212,-0.133848,0.094502,-0.128667,-0.017447,-0.228744,0.686983,-0.301374,-0.278585,0.148696,7601955.000000,1678282020.392500,-0.016331
2022-03-01,150.529999,154.220001,149.949997,151.009995,5165800,0.000000,0.000000,150.529999,154.220001,149.949997,151.009995,163.400500,161.752800,170.232600,160.565050,160.431746,161.759568,-1.327822,0.913504,-2.241326,42.396540,163.400500,186.579653,140.221347,0.232723,9.667145,0.064017,-0.003169,-0.086117,0.057715,-0.161428,-0.032111,-0.204792,0.680733,-0.303588,-0.280871,0.145056,7587095.000000,780087432.171000,-0.018845
2022-03-02,152.479996,158.080002,151.889999,157.529999,5028300,0.000000,0.000000,152.479996,158.080002,151.889999,157.529999,163.430000,161.745200,170.111900,160.690200,159.985323,161.446267,-1.460943,0.438614,-1.899558,47.238854,163.430000,186.576011,140.283988,0.372548,9.481635,0.060189,0.043176,0.049920,0.023121,-0.086994,0.016388,-0.126774,0.641685,-0.273520,-0.249821,0.194495,7648545.000000,792108093.971700,0.027931
2022-03-03,158.330002,159.220001,150.990005,151.690002,4045800,0.000000,0.000000,158.330002,159.220001,150.990005,151.690002,163.426500,161.634400,169.929100,160.773550,158.709120,160.723581,-2.014460,-0.052001,-1.962460,43.695681,163.426500,186.579961,140.273039,0.246550,9.392232,0.061917,-0.037072,-0.041514,-0.033452,-0.069843,-0.031292,-0.158353,0.652034,-0.300452,-0.277632,0.150212,7666920.000000,613707410.091600,0.042659
2022-03-04,150.770004,151.889999,140.460007,142.699997,8390800,0.000000,0.000000,150.770004,151.889999,140.460007,142.699997,163.082999,161.175200,169.689400,160.796100,156.246178,159.388500,-3.142322,-0.670065,-2.472257,38.863265,163.082999,187.282254,138.883745,0.078851,9.537787,0.066838,-0.059266,-0.079889,-0.059700,-0.158609,-0.092239,-0.206385,0.674337,-0.341911,-0.320444,0.082044,7857605.000000,1197367134.827600,-0.024168
2022-03-07,145.000000,145.270004,131.520004,131.589996,9177300,0.000000,0.000000,145.000000,145.270004,131.520004,131.589996,161.884499,160.421200,169.277800,160.773050,152.452919,157.329352,-4.876433,-1.511338,-3.365094,33.877058,161.884499,189.749227,134.019772,-0.043599,9.838659,0.074768,-0.077856,-0.131362,-0.120211,-0.210855,-0.167152,-0.272219,0.723034,-0.393147,-0.373351,0.000000,8082085.000000,1207640870.290800,-0.061406
2022-03-08,131.630005,144.470001,131.500000,142.130005,9587000,0.000000,0.000000,131.630005,144.470001,131.500000,142.130005,161.095499,159.837600,168.963300,160.810150,150.864779,156.203474,-5.338696,-2.276810,-3.061886,41.540092,161.095499,190.295706,131.895293,0.175251,10.062326,0.070797,0.080097,-0.058804,-0.086333,-0.214100,-0.138606,-0.223800,0.766530,-0.344540,-0.323158,0.080097,8326900.000000,1362600357.935000,-0.054522
2022-03-09,145.429993,150.990005,145.330002,148.309998,7023900,0.000000,0.000000,145.429993,150.990005,145.330002,148.309998,160.398000,159.370200,168.741400,160.872150,150.471735,155.618772,-5.147037,-2.850855,-2.296182,45.526361,160.398000,190.142456,130.653543,0.296802,9.976446,0.067268,0.043481,-0.058529,-0.060794,-0.190182,-0.095285,-0.193046,0.781217,-0.316039,-0.293728,0.127061,8462640.000000,1041714594.952200,-0.035189
2022-03-10,145.220001,152.889999,144.408997,151.800003,5302500,0.000000,0.000000,145.220001,152.889999,144.408997,151.800003,159.511500,159.012000,168.567600,160.961200,150.676084,155.335901,-4.659816,-3.212647,-1.447169,47.695418,159.511500,189.166693,129.856307,0.369981,9.869628,0.065017,0.023532,0.000725,-0.064464,-0.186015,-0.085542,-0.232830,0.779436,-0.299945,-0.277108,0.153583,8484350.000000,804919515.907500,-0.017710
2022-03-11,154.130005,155.000000,145.000000,145.139999,4577300,0.000000,0.000000,154.130005,155.000000,145.000000,145.139999,158.171000,158.566000,168.295800,161.013150,149.824379,154.580649,-4.756270,-3.521372,-1.234898,44.087680,158.171000,187.882524,128.459475,0.280708,9.878941,0.068065,-0.043874,0.017099,-0.143868,-0.200154,-0.121429,-0.297959,0.772832,-0.330659,-0.308824,0.102971,8300145.000000,664349317.422700,-0.027860
2022-03-14,143.410004,144.669998,136.039993,138.500000,6330200,0.000000,0.000000,143.410004,144.669998,136.039993,138.500000,156.769500,157.960400,167.973400,160.989800,148.082167,153.389489,-5.307323,-3.878562,-1.428761,40.776051,156.769500,187.449413,126.089587,0.202256,9.823302,0.070926,-0.045749,0.052512,-0.194533,-0.232347,-0.136103,-0.340445,0.780693,-0.361280,-0.331596,0.052512,8293435.000000,876732700.000000,-0.037256
2022-03-15,140.000000,144.729996,138.320007,143.949997,5488700,0.000000,0.000000,140.000000,144.729996,138.320007,143.949997,155.484000,157.509600,167.715300,161.007550,147.446448,152.690268,-5.243819,-4.151614,-1.092206,44.463419,155.484000,186.044020,124.923979,0.311289,9.579494,0.066547,0.039350,0.012805,-0.135591,-0.158384,-0.118494,-0.280286,0.793535,-0.336146,-0.305294,0.093928,8325490.000000,790098348.533900,0.001521
2022-03-16,148.145004,156.979996,146.309998,155.750000,7105400,0.000000,0.000000,148.145004,156.979996,146.309998,155.750000,154.267999,157.171000,167.567800,161.064750,148.723918,152.916915,-4.192997,-4.159890,-0.033107,51.503818,154.267999,182.560164,125.975834,0.526191,9.825959,0.063088,0.081973,0.050165,-0.081988,-0.072696,-0.063834,-0.226510,0.846534,-0.281728,-0.248347,0.183601,8094065.000000,1106666050.000000,0.045504
2022-03-17,153.789993,157.600006,151.050003,157.550003,5031700,0.000000,0.000000,153.789993,157.600006,151.050003,157.550003,152.813499,156.906000,167.476900,161.097500,150.081777,153.260106,-3.178329,-3.963578,0.785249,52.493168,152.813499,176.754810,128.872189,0.598919,9.591962,0.060882,0.011557,0.037879,-0.125062,-0.062983,-0.063039,-0.177070,0.816075,-0.273427,-0.239660,0.197279,7233005.000000,792744350.095100,0.062345
2022-03-18,156.070007,167.179993,155.699997,167.000000,8467500,0.000000,0.000000,156.070007,167.179993,155.699997,167.000000,151.983499,157.001000,167.454500,161.211550,152.684581,154.277876,-1.593296,-3.489522,1.896226,57.406020,151.983499,172.308774,131.658224,0.869405,9.726822,0.058244,0.059981,0.150613,-0.105229,0.067911,0.002461,-0.140902,0.834993,-0.229847,-0.194054,0.269093,7267420.000000,1414072500.000000,0.152665
2022-03-21,164.570007,165.949997,159.000000,161.800003,4584400,0.000000,0.000000,164.570007,165.949997,159.000000,161.800003,151.328500,157.042000,167.361100,161.266900,154.086953,154.835071,-0.748118,-2.941241,2.193123,54.091197,151.328500,169.245985,133.411014,0.792215,9.603477,0.059354,-0.031138,0.168231,-0.118736,0.024634,0.000990,-0.170256,0.839329,-0.253828,-0.219150,0.229577,7054200.000000,741755933.753200,0.112390
2022-03-22,163.610001,168.175003,162.000000,166.440002,4099900,0.000000,0.000000,163.610001,168.175003,162.000000,166.440002,151.388499,157.049800,167.334500,161.354250,155.987422,155.694695,0.292727,-2.294447,2.587174,56.504684,151.388499,169.509019,133.267979,0.915317,9.372872,0.056314,0.028677,0.156235,-0.048370,0.058577,-0.016835,-0.110612,0.831877,-0.232429,-0.196757,0.264838,6839565.000000,682387364.199800,0.116792
2022-03-23,163.639999,166.889999,162.880005,164.160004,2814300,0.000000,0.000000,163.639999,166.889999,162.880005,164.160004,152.094500,157.118800,167.259100,161.440000,157.244743,156.321755,0.922987,-1.650960,2.573948,54.975295,152.094500,171.073724,133.115276,0.817861,8.989809,0.054762,-0.013699,0.053997,-0.006536,-0.009055,-0.034126,-0.082136,0.809943,-0.242944,-0.207760,0.247511,6491355.000000,461995499.257200,0.083409
2022-03-24,164.809998,171.000000,162.667999,170.830002,4223500,0.000000,0.000000,164.809998,171.000000,162.667999,170.830002,152.723000,157.163200,167.260800,161.569900,159.334782,157.396440,1.938342,-0.933100,2.871442,58.512998,152.723000,173.325031,132.120969,0.939447,8.942823,0.052349,0.040631,0.084291,0.138563,0.009097,-0.024553,-0.030257,0.746007,-0.212184,-0.175571,0.298199,6184800.000000,721500513.447000,0.094786
2022-03-25,169.940002,170.610001,164.134003,167.220001,2952300,0.000000,0.000000,169.940002,170.610001,164.134003,167.220001,153.329501,157.116800,167.187000,161.675400,160.547893,158.124111,2.423782,-0.261723,2.685505,55.950629,153.329501,174.915612,131.743389,0.821746,8.782335,0.052520,-0.021132,0.001317,0.056616,-0.023875,-0.049238,-0.041170,0.731259,-0.228832,-0.192993,0.270765,6023755.000000,493683608.952300,0.070934
2022-03-28,167.220001,168.718994,162.429993,167.649994,3829800,0.000000,0.000000,167.220001,168.718994,162.429993,167.649994,154.137500,157.149800,167.134800,161.771450,161.640524,158.829732,2.810792,0.352780,2.458012,56.196685,154.137500,176.624673,131.650327,0.800449,8.604240,0.051323,0.002571,0.036156,0.080985,-0.023474,-0.037932,-0.081370,0.726219,-0.226849,-0.190917,0.274033,5661320.000000,642065947.021200,0.072067
2022-03-29,172.110001,178.880005,171.809998,175.520004,5452800,0.000000,0.000000,172.110001,178.880005,171.809998,175.520004,155.363000,157.380400,167.161300,161.903000,163.775829,160.066049,3.709780,1.024180,2.685600,60.541169,155.363000,179.725784,131.000217,0.913684,8.791795,0.050090,0.046943,0.054554,0.158624,0.034235,0.041167,-0.041398,0.732867,-0.190555,-0.152937,0.333840,5675670.000000,957075477.811200,0.107869
2022-03-30,173.130997,176.820007,172.020004,173.630005,3707400,0.000000,0.000000,173.130997,176.820007,172.020004,173.630005,156.168001,157.759200,167.113100,162.012250,165.291856,161.070786,4.221069,1.663558,2.557512,59.027073,156.168001,181.859969,130.476033,0.839834,8.506667,0.048993,-0.010768,0.057688,0.149791,0.036968,0.033081,-0.076141,0.734803,-0.199271,-0.162058,0.319477,5609625.000000,643715880.537000,0.120942
2022-03-31,173.539993,176.149994,171.164001,171.759995,3232200,0.000000,0.000000,173.539993,176.149994,171.164001,171.759995,157.171500,158.102800,166.814500,162.125300,166.286954,161.862579,4.424375,2.215721,2.208654,57.494930,157.171500,183.681814,130.661187,0.775148,8.255190,0.048062,-0.010770,0.005444,0.090332,0.017656,0.023905,-0.087548,0.725680,-0.207895,-0.171083,0.305266,5568945.000000,555162655.839000,0.114282
2022-04-01,173.059998,177.940002,172.229996,173.070007,3644900,0.000000,0.000000,173.059998,177.940002,172.229996,173.070007,158.690001,158.404200,166.542000,162.237150,167.330501,162.692759,4.637741,2.700125,1.937616,58.311292,158.690001,185.189278,132.190724,0.771328,8.106963,0.046842,0.007627,0.034984,0.140945,0.039522,0.000347,-0.072955,0.709270,-0.201854,-0.164760,0.315222,5331650.000000,630822868.514300,0.127951
2022-04-04,175.020004,177.020004,172.585007,177.020004,3495700,0.000000,0.000000,175.020004,177.020004,172.585007,177.020004,160.961501,158.810000,166.365400,162.359650,168.821193,163.754037,5.067157,3.173531,1.893625,60.758619,160.961501,185.387070,136.535932,0.828723,7.844680,0.044315,0.022823,0.055890,0.240505,0.025133,0.076109,-0.068463,0.668086,-0.183638,-0.145698,0.345239,5047570.000000,618808827.982800,0.107257
2022-04-05,177.190002,179.089996,170.119995,171.210007,4065000,0.000000,0.000000,177.190002,179.089996,170.119995,171.210007,162.415501,159.276201,166.155300,162.467200,169.188703,164.306331,4.882372,3.515300,1.367073,55.589351,162.415501,185.549047,139.281956,0.690081,7.925060,0.046289,-0.032821,-0.024556,0.301087,0.002400,0.039274,-0.048516,0.607997,-0.210432,-0.173737,0.301087,4771470.000000,695968678.455000,0.093201
2022-04-06,167.050003,168.770004,161.580002,164.660004,4287700,0.000000,0.000000,167.050003,168.770004,161.580002,164.660004,163.233002,159.678201,165.885800,162.542100,168.491980,164.332529,4.159452,3.644130,0.515322,50.384932,163.233002,185.403256,141.062748,0.532183,8.046842,0.048869,-0.038257,-0.051662,0.158517,0.014854,-0.015486,-0.086136,0.581831,-0.240638,-0.205347,0.251311,4634660.000000,706012699.150800,0.095075
2022-04-07,163.190002,167.860001,161.710007,165.910004,4146600,0.000000,0.000000,163.190002,167.860001,161.710007,165.910004,163.938502,160.153601,165.479501,162.613750,168.094753,164.449379,3.645374,3.644379,0.000995,51.321567,163.938502,185.465567,142.411437,0.545791,7.911352,0.047685,0.007591,-0.034059,0.118670,0.038560,-0.021757,-0.075710,0.567089,-0.234874,-0.199315,0.260810,4576865.000000,687962422.586400,0.117041
2022-04-08,162.520004,164.899994,159.350006,162.559998,3448400,0.000000,0.000000,162.520004,164.899994,159.350006,162.559998,164.809502,160.636601,165.033000,162.672900,167.243252,164.309425,2.933828,3.502269,-0.568441,48.669793,164.809502,184.462078,145.156926,0.442768,7.814827,0.048073,-0.020192,-0.060727,0.070883,-0.021018,-0.043596,-0.078928,0.570232,-0.250323,-0.215482,0.235352,4520420.000000,560571897.103200,0.060993
2022-04-11,159.839996,163.570007,157.410004,160.250000,3877200,0.000000,0.000000,159.839996,163.570007,157.410004,160.250000,165.897002,160.986201,164.565101,162.725800,166.167367,164.008727,2.158641,3.233543,-1.074902,46.871358,165.897002,181.385597,150.408406,0.317705,7.696625,0.048029,-0.014210,-0.094735,0.104106,-0.002862,-0.038519,-0.099466,0.547752,-0.260976,-0.226630,0.217798,4397770.000000,621321300.000000,0.099586
2022-04-12,163.699997,166.110001,157.279999,160.110001,4113000,0.000000,0.000000,163.699997,166.110001,157.279999,160.110001,166.705002,161.109001,164.175101,162.776650,165.235465,163.719932,1.515533,2.889941,-1.374408,46.758588,166.705002,178.654632,154.755372,0.224050,7.777581,0.048576,-0.000874,-0.064833,0.156029,-0.050412,-0.073169,-0.092501,0.516222,-0.261621,-0.227306,0.216734,4328985.000000,658532434.113000,0.067177
2022-04-13,160.839996,172.960007,160.649994,171.850006,7211900,0.000000,0.000000,160.839996,172.960007,160.649994,171.850006,167.510002,161.407201,163.850301,162.905500,166.253087,164.322160,1.930927,2.698138,-0.767211,56.261903,167.510002,178.481433,156.538571,0.697787,8.139897,0.047366,0.073325,0.043666,0.193817,0.013625,-0.009967,-0.019960,0.554682,-0.207480,-0.170648,0.305950,4334310.000000,1239365058.271400,0.115334
2022-04-14,171.660004,174.639999,170.294998,170.699997,5125100,0.000000,0.000000,171.660004,174.639999,170.294998,170.699997,168.167502,161.786001,163.593101,162.993300,166.937227,164.794592,2.142635,2.587037,-0.444403,55.222088,168.167502,178.157990,158.177014,0.626745,7.868833,0.046097,-0.006692,0.028871,0.095987,0.028313,0.001173,-0.044714,0.488928,-0.212784,-0.176198,0.297211,4338980.000000,874854554.624700,0.126628
2022-04-18,169.270004,170.119995,164.350006,165.740005,3339900,0.000000,0.000000,169.270004,170.119995,164.350006,165.740005,168.104502,162.109401,163.433201,163.056600,166.753039,164.864623,1.888416,2.447313,-0.558897,50.856410,168.104502,178.141770,158.067234,0.382214,7.760344,0.046822,-0.029057,0.019562,0.051984,0.010671,-0.020333,-0.050636,0.501944,-0.235658,-0.200135,0.259518,4082600.000000,553555042.699500,0.115507
2022-04-19,165.740005,170.820007,165.710007,170.119995,2857100,0.000000,0.000000,165.740005,170.820007,165.710007,170.119995,168.520502,162.400601,163.351701,163.156050,167.271032,165.253910,2.017122,2.361275,-0.344153,54.292784,168.520502,178.138483,158.902520,0.583151,7.571034,0.044504,0.026427,0.061591,0.018683,0.099748,-0.012767,0.003243,0.466024,-0.215458,-0.178997,0.292803,3996235.000000,486049837.714500,0.160908
2022-04-20,172.610001,172.610001,164.309998,164.550003,3997900,0.000000,0.000000,172.610001,172.610001,164.309998,164.550003,168.426002,162.533401,163.198301,163.236950,166.852412,165.201768,1.650644,2.219149,-0.568505,49.547906,168.426002,178.166414,158.685590,0.301035,7.623103,0.046327,-0.032742,0.027731,0.016996,0.064497,-0.036254,-0.015084,0.467461,-0.241146,-0.205878,0.250475,3991135.000000,657854456.993700,0.126364
2022-04-21,168.979996,170.929993,156.679993,157.910004,4714600,0.000000,0.000000,168.979996,170.929993,156.679993,157.910004,168.113502,162.446401,163.038801,163.307900,165.476657,164.661638,0.815019,1.938323,-1.123303,44.549579,168.113502,178.786572,157.440431,0.021998,8.096453,0.051273,-0.040352,-0.081117,-0.051250,-0.000570,-0.069804,-0.074981,0.477410,-0.271767,-0.237923,0.200015,4086150.000000,744482504.858400,0.068624
2022-04-22,157.839996,161.669998,154.779999,156.089996,3863400,0.000000,0.000000,157.839996,161.669998,154.779999,156.089996,167.376501,162.177601,162.798901,163.375700,164.032555,164.026701,0.005854,1.551829,-1.545975,43.261361,167.376501,179.230131,155.522872,0.023922,8.010278,0.051318,-0.011526,-0.085589,-0.049159,-0.004083,-0.084516,-0.104218,0.476802,-0.280160,-0.246706,0.186184,4068145.000000,603038090.546400,0.063433
2022-04-25,154.330002,159.789993,152.100006,158.389999,3868100,0.000000,0.000000,154.330002,159.789993,152.100006,158.389999,166.935001,161.906401,162.657401,163.419450,163.164470,163.609168,-0.444698,1.152524,-1.597222,45.409692,166.935001,179.452356,154.417647,0.158674,7.987400,0.050429,0.014735,-0.044347,-0.072821,0.070926,-0.049508,-0.094293,0.455614,-0.269554,-0.235606,0.203663,4113935.000000,612668355.131900,0.132296
2022-04-26,158.399994,159.199997,152.800003,153.039993,4075000,0.000000,0.000000,158.399994,159.199997,152.800003,153.039993,166.204501,161.636601,162.557001,163.451200,161.606858,162.826266,-1.219408,0.678137,-1.897545,41.475757,166.204501,180.167891,152.241111,0.028606,7.874014,0.051451,-0.033777,-0.100400,-0.084799,0.058661,-0.095722,-0.139935,0.463913,-0.294226,-0.261426,0.163006,4126195.000000,623637971.475000,0.136106
2022-04-27,153.820007,157.300003,150.440002,152.229996,4826000,0.000000,0.000000,153.820007,157.300003,150.440002,152.229996,165.040001,161.288000,162.383300,163.495300,160.164264,162.041357,-1.877093,0.167091,-2.044184,40.898066,165.040001,179.604010,150.475992,0.060217,7.801584,0.051249,-0.005293,-0.074871,-0.091977,0.070986,-0.110494,-0.154278,0.463350,-0.297962,-0.265335,0.156851,4094855.000000,734661960.696000,0.148758
2022-04-28,154.009995,161.255005,153.660004,159.740005,4854500,0.000000,0.000000,154.009995,161.255005,153.660004,159.740005,164.345501,160.881400,162.313201,163.598550,160.098993,161.870886,-1.771893,-0.220706,-1.551188,48.114004,164.345501,178.503849,150.187153,0.337358,7.888972,0.049386,0.049333,0.011589,-0.089904,0.154107,-0.055352,-0.100968,0.466734,-0.263328,-0.229091,0.213922,4152210.000000,775457854.272500,0.190149
2022-04-29,158.880005,163.240005,153.000000,153.210007,4033100,0.000000,0.000000,158.880005,163.240005,153.000000,153.210007,163.418002,160.212801,162.036801,163.677100,159.039149,161.229340,-2.190191,-0.614603,-1.575588,43.177639,163.418002,177.956508,148.879495,0.148932,8.056903,0.052587,-0.040879,-0.018451,-0.117606,0.073125,-0.107688,-0.112906,0.483532,-0.293442,-0.260605,0.164298,4192255.000000,617911279.231700,0.177400
2022-05-02,153.210007,155.130005,147.210999,152.779999,5945300,0.000000,0.000000,153.210007,155.130005,147.210999,152.779999,162.403501,159.596400,161.733201,163.769450,158.076203,160.603463,-2.527260,-0.997134,-1.530126,42.865754,162.403501,176.937820,147.869183,0.168939,8.047053,0.052671,-0.002807,-0.035419,-0.110503,-0.007729,-0.104770,-0.091190,0.483226,-0.295425,-0.262680,0.161031,4307275.000000,908322928.054700,0.111925
2022-05-03,154.089996,154.490005,141.580002,145.000000,16774700,0.000000,0.000000,154.089996,154.490005,141.580002,145.000000,160.802501,158.998401,161.318300,163.835050,156.064479,159.447651,-3.383171,-1.474342,-1.908830,37.577086,160.802501,175.609300,145.995702,-0.033623,8.394406,0.057892,-0.050923,-0.052535,-0.162189,-0.076080,-0.169530,-0.141504,0.505797,-0.331304,-0.300227,0.101907,4971225.000000,2432331500.000000,0.048153
2022-05-04,152.550003,158.740005,145.871994,156.179993,20598100,0.000000,0.000000,152.550003,158.740005,145.871994,156.179993,160.051000,158.817200,161.065500,163.935500,156.082251,159.205602,-3.123351,-1.804143,-1.319208,47.584894,160.051000,174.142076,145.959925,0.362643,8.776235,0.056193,0.077103,0.025948,-0.117727,0.029125,-0.096547,-0.037886,0.577260,-0.279745,-0.246272,0.186868,5797880.000000,3217011113.813300,0.129883
2022-05-05,152.190002,153.880005,140.858002,143.089996,11367200,0.000000,0.000000,152.190002,153.880005,140.858002,143.089996,158.972500,158.678200,160.692200,163.954700,154.083442,158.011853,-3.928411,-2.228997,-1.699414,39.583099,158.972500,174.776043,143.168956,-0.002498,9.243789,0.064601,-0.083814,-0.104232,-0.164243,-0.043324,-0.172268,-0.068667,0.632266,-0.340113,-0.309445,0.087393,6151855.000000,1626532602.531200,0.069159
2022-05-06,142.699997,143.110001,133.039993,135.839996,9573100,0.000000,0.000000,142.699997,143.110001,133.039993,135.839996,157.468999,158.229800,160.340200,163.936550,151.276758,156.369494,-5.092735,-2.801745,-2.290991,35.974820,157.468999,175.982695,138.955304,-0.084135,9.302805,0.068484,-0.050667,-0.113374,-0.175027,-0.126768,-0.238778,-0.101647,0.641208,-0.373547,-0.344433,0.032297,6423180.000000,1300409865.707600,0.011787
2022-05-09,131.759995,131.884995,118.830002,119.370003,14430900,0.000000,0.000000,131.759995,131.884995,118.830002,119.370003,155.309500,157.515401,159.854300,163.839750,146.368027,153.628791,-7.260764,-3.693548,-3.567215,29.414910,155.309500,180.274494,130.344506,-0.219798,9.853318,0.082544,-0.121246,-0.218680,-0.280514,-0.244063,-0.407946,-0.186465,0.747387,-0.449502,-0.423918,0.000000,6972305.000000,1722616576.292700,-0.073367
2022-05-10,122.949997,123.459999,113.529999,116.129997,13638500,0.000000,0.000000,122.949997,123.459999,113.529999,116.129997,153.103500,156.808200,159.334200,163.710400,141.716022,150.851102,-9.135080,-4.781855,-4.353225,28.320846,153.103500,183.447971,122.759028,-0.109230,9.858795,0.084894,-0.027143,-0.199103,-0.285618,-0.284297,-0.420278,-0.186366,0.748443,-0.464444,-0.439554,0.000000,7460370.000000,1583838964.084500,-0.111216
2022-05-11,114.529999,123.769997,112.366997,116.150002,13661400,0.000000,0.000000,114.529999,123.769997,112.366997,116.150002,150.905500,156.111001,158.931900,163.583250,137.782788,148.280650,-10.497862,-5.925056,-4.572806,28.338569,150.905500,185.221627,116.589372,-0.006402,9.969096,0.085829,0.000172,-0.256307,-0.275195,-0.314871,-0.403380,-0.171836,0.750246,-0.464352,-0.439458,0.000172,7937790.000000,1586771637.322800,-0.099132
2022-05-12,113.660004,120.489998,111.220001,115.940002,9264300,0.000000,0.000000,113.660004,120.489998,111.220001,115.940002,148.109999,155.279201,158.512200,163.446450,134.422360,145.885047,-11.462687,-7.032582,-4.430105,28.259578,148.109999,184.300144,111.919855,0.055542,9.919160,0.085554,-0.001808,-0.189741,-0.275873,-0.325734,-0.396837,-0.145930,0.750045,-0.465320,-0.440471,0.000000,8040410.000000,1074102960.528600,-0.127317
2022-05-13,119.959999,123.290001,118.820000,121.449997,8595400,0.000000,0.000000,119.959999,123.290001,118.820000,121.449997,145.647499,154.674400,158.154400,163.336350,132.426612,144.075043,-11.648432,-7.955752,-3.692679,33.497431,145.647499,182.067190,109.227809,0.167796,9.735649,0.080162,0.047525,-0.105933,-0.293279,-0.270702,-0.366160,-0.139873,0.716706,-0.439910,-0.413880,0.047525,8213925.000000,1043911304.213800,-0.126686
2022-05-16,121.000000,121.070000,113.250000,114.440002,7588400,0.000000,0.000000,121.000000,121.070000,113.250000,114.440002,143.082499,154.109201,157.642200,163.188500,129.659441,141.879855,-12.220414,-8.808685,-3.411729,30.451314,143.082499,180.748582,105.416417,0.119784,9.625959,0.084114,-0.057719,-0.041300,-0.329584,-0.325474,-0.445918,-0.136302,0.730557,-0.472238,-0.447710,0.000000,8426350.000000,868416511.176800,-0.171161
2022-05-17,119.970001,120.180000,114.510002,117.500000,6962900,0.000000,0.000000,119.970001,120.180000,114.510002,117.500000,140.451500,153.827401,157.124300,163.048550,127.788758,140.073940,-12.285182,-9.503984,-2.781198,33.302546,140.451500,177.511849,103.391150,0.190350,9.348391,0.079561,0.026739,0.011797,-0.291058,-0.347476,-0.432942,-0.129759,0.745176,-0.458126,-0.432942,0.026739,8631640.000000,818140750.000000,-0.195052
2022-05-18,116.110001,117.040001,107.620003,108.029999,9718700,0.000000,0.000000,116.110001,117.040001,107.620003,108.029999,137.625499,153.145401,156.491500,162.860450,124.748949,137.700314,-12.951366,-10.193460,-2.757905,29.299283,137.625499,175.558045,99.692954,0.109893,9.386362,0.086887,-0.080596,-0.069910,-0.364978,-0.421185,-0.478217,-0.218250,0.761929,-0.501799,-0.478645,0.000000,8917680.000000,1049911151.281300,-0.229602
2022-05-19,108.180000,116.349998,107.449997,114.169998,8926600,0.000000,0.000000,108.180000,116.349998,107.449997,114.169998,135.438499,152.462601,155.916400,162.694300,123.121418,135.957328,-12.835910,-10.721950,-2.113960,34.773985,135.438499,173.490294,97.386704,0.220532,9.351622,0.081910,0.056836,-0.015267,-0.306168,-0.378159,-0.426598,-0.161747,0.805403,-0.473483,-0.449013,0.056836,9128280.000000,1019149904.146800,-0.208423
2022-05-20,115.459999,116.250000,108.500000,112.550003,6961900,0.000000,0.000000,115.459999,116.250000,108.500000,112.550003,133.261499,151.677601,155.344800,162.505450,121.495046,134.223452,-12.728406,-11.123241,-1.605164,34.025351,133.261499,171.320520,95.202479,0.227903,9.237221,0.082072,-0.014189,-0.073281,-0.287252,-0.356489,-0.449175,-0.164502,0.800522,-0.480954,-0.456831,0.041840,9283205.000000,783561865.885700,-0.194588
2022-05-23,113.544998,115.150002,110.930000,113.279999,6000800,0.000000,0.000000,113.544998,115.150002,110.930000,113.279999,131.005999,151.040401,154.803200,162.321900,120.231193,132.672085,-12.440892,-11.386772,-1.054121,34.707485,131.005999,168.129963,93.882036,0.261259,8.878848,0.078380,0.006486,-0.010136,-0.274265,-0.314452,-0.423277,-0.166507,0.803864,-0.477587,-0.453308,0.048598,9389840.000000,679770617.999200,-0.176482
2022-05-24,111.279999,111.419998,103.740997,106.239998,6415800,0.000000,0.000000,111.279999,111.419998,103.740997,106.239998,128.666000,150.395200,154.177800,162.105900,118.078701,130.714153,-12.635451,-11.636508,-0.998944,31.341940,128.666000,165.841946,91.490053,0.198380,8.926002,0.084017,-0.062147,-0.095830,-0.329251,-0.291922,-0.415396,-0.207105,0.813416,-0.510053,-0.487283,0.000000,9506880.000000,681614579.168400,-0.155927
2022-05-25,105.889999,111.940002,104.970001,110.400002,6203300,0.000000,0.000000,105.889999,111.940002,104.970001,110.400002,126.574500,149.724201,153.616900,161.918150,116.897363,129.209401,-12.312038,-11.771614,-0.540424,35.332415,126.574500,162.864674,90.284326,0.277150,8.786287,0.079586,0.039157,0.021938,-0.278620,-0.302414,-0.380715,-0.180705,0.834072,-0.490869,-0.467207,0.039157,9575745.000000,684844332.406600,-0.151092
2022-05-26,109.739998,115.550003,108.110001,114.300003,6883200,0.000000,0.000000,109.739998,115.550003,108.110001,114.300003,124.302500,148.895201,153.033100,161.748850,116.497769,128.105001,-11.607232,-11.738737,0.131505,38.916768,124.302500,157.399208,91.205792,0.348890,8.690124,0.076029,0.035326,0.001139,-0.249162,-0.263009,-0.364612,-0.201648,0.851163,-0.472883,-0.448386,0.075866,9677180.000000,786749780.649600,-0.120327
2022-05-27,116.000000,120.699997,115.769997,120.500000,7391500,0.000000,0.000000,116.000000,120.699997,115.769997,120.500000,122.666999,148.154201,152.530100,161.595600,117.113497,127.541668,-10.428171,-11.476624,1.048453,44.210791,122.666999,152.853892,92.480107,0.464107,8.526543,0.070760,0.054243,0.070635,-0.245649,-0.204568,-0.306914,-0.141738,0.855790,-0.444291,-0.418464,0.134224,9845100.000000,890675750.000000,-0.086742
2022-05-31,120.500000,122.299004,117.160004,120.870003,9117600,0.000000,0.000000,120.500000,122.299004,117.160004,120.870003,121.071500,147.231601,152.116300,161.436150,117.691421,127.047470,-9.356049,-11.052509,1.696460,44.519821,121.071500,147.723069,94.419930,0.496220,8.284576,0.068541,0.003071,0.067002,-0.211083,-0.199589,-0.328798,-0.162428,0.850579,-0.442584,-0.416679,0.137707,10003715.000000,1102044339.352800,-0.092361
2022-06-01,121.050003,121.073997,114.394997,116.720001,6879600,0.000000,0.000000,121.050003,121.073997,114.394997,116.720001,119.657500,146.330001,151.686000,161.276900,117.541972,126.282473,-8.740501,-10.590107,1.849607,41.727894,119.657500,143.851143,95.463857,0.439292,8.169892,0.069996,-0.034334,0.098645,-0.236026,-0.259062,-0.323519,-0.227020,0.854303,-0.461723,-0.436707,0.098645,9508960.000000,802986918.879600,-0.131258
2022-06-02,117.129997,123.000000,116.269997,121.260002,5166200,0.000000,0.000000,117.129997,123.000000,116.269997,121.260002,117.911500,145.426401,151.238100,161.163700,118.113976,125.910438,-7.796461,-10.031378,2.234917,45.736993,117.911500,135.005875,100.817125,0.597942,8.067043,0.066527,0.038897,0.098370,-0.163724,-0.200606,-0.256439,-0.159026,0.858503,-0.440786,-0.414797,0.141378,8737365.000000,626453422.332400,-0.110413
2022-06-03,118.070999,121.500000,117.559998,119.830002,4584600,0.000000,0.000000,118.070999,121.500000,117.559998,119.830002,116.748500,144.539801,150.829300,161.029150,118.377980,125.460035,-7.082055,-9.441513,2.359459,44.693956,116.748500,129.151442,104.345559,0.624225,7.772254,0.064861,-0.011793,0.048381,-0.232744,-0.160266,-0.293455,-0.205002,0.802080,-0.447381,-0.421698,0.127918,8398235.000000,549372627.169200,-0.062567
2022-06-06,123.330002,124.180000,119.919998,122.019997,4160200,0.000000,0.000000,123.330002,124.180000,119.919998,122.019997,116.057500,143.563600,150.363400,160.926000,118.938291,125.205217,-6.266927,-8.806596,2.539669,46.698713,116.057500,125.054113,107.060888,0.831375,7.527807,0.061693,0.018276,0.012614,-0.147250,-0.072726,-0.268246,-0.180909,0.762765,-0.437281,-0.411129,0.148532,8127590.000000,507627591.519400,-0.012747
2022-06-07,119.760002,123.912003,119.120003,122.900002,3331200,0.000000,0.000000,119.760002,123.912003,119.120003,122.900002,116.234000,142.677200,149.897000,160.822000,119.547785,125.034461,-5.486676,-8.142612,2.655936,47.521891,116.234000,125.633715,106.834286,0.854585,7.332393,0.059661,0.007212,0.016795,-0.095259,-0.135299,-0.320431,-0.164002,0.746646,-0.433223,-0.406882,0.156815,7572605.000000,409404486.662400,-0.086819
2022-06-08,121.430000,125.510002,121.230003,123.769997,3775600,0.000000,0.000000,121.430000,125.510002,121.230003,123.769997,116.616000,141.799601,149.474700,160.706900,120.197356,124.940797,-4.743441,-7.462778,2.719337,48.370813,116.616000,126.600688,106.631313,0.858248,7.114364,0.057481,0.007079,0.060401,0.036860,-0.165464,-0.324178,-0.145530,0.612264,-0.429210,-0.402683,0.165004,7079460.000000,467306000.673200,-0.077254
2022-06-09,122.309998,122.980003,115.419998,115.720001,5315900,0.000000,0.000000,122.309998,122.980003,115.419998,115.720001,116.594500,140.603600,148.992000,160.478400,119.508532,124.257775,-4.749243,-6.920071,2.170828,41.656042,116.594500,126.585263,106.603738,0.456235,7.202624,0.062242,-0.065040,-0.045687,-0.003530,-0.237681,-0.379484,-0.208048,0.648349,-0.466335,-0.441533,0.089232,6662185.000000,615155953.315900,-0.132903
2022-06-10,111.800003,115.129997,108.320000,108.910004,6936900,0.000000,0.000000,111.800003,115.129997,108.320000,108.910004,116.243000,139.309200,148.534200,160.221200,117.877989,123.120903,-5.242914,-6.584639,1.341726,36.979310,116.243000,126.808834,105.677167,0.152985,7.216722,0.066263,-0.058849,-0.091129,-0.062333,-0.249621,-0.399813,-0.266303,0.680331,-0.497740,-0.474398,0.025132,6545815.000000,755497806.747600,-0.132538
2022-06-13,102.849998,105.330002,98.360001,98.930000,9587300,0.000000,0.000000,102.849998,105.330002,98.360001,98.930000,115.117001,137.852601,147.977700,159.952200,114.962914,121.328984,-6.366070,-6.540926,0.174855,31.413272,115.117001,127.911281,102.322721,-0.132587,7.454814,0.075354,-0.091635,-0.189231,-0.146714,-0.285704,-0.451668,-0.336975,0.747564,-0.543765,-0.522562,0.000000,6595410.000000,948471589.000000,-0.144860
2022-06-14,99.540001,101.349998,97.200996,98.870003,5915300,0.000000,0.000000,99.540001,101.349998,97.200996,98.870003,114.338501,136.368601,147.386400,159.675650,112.487081,119.665356,-7.178274,-6.668395,-0.509879,31.382690,114.338501,129.056409,99.620592,-0.025499,7.218684,0.073012,-0.000606,-0.195525,-0.185920,-0.313164,-0.421948,-0.348597,0.721931,-0.544042,-0.522851,0.000000,6511755.000000,584845728.745900,-0.149419
2022-06-15,100.019997,103.650002,98.919998,101.470001,6260400,0.000000,0.000000,100.019997,103.650002,98.919998,101.470001,113.537001,134.857600,146.833800,159.402900,110.792146,118.317552,-7.525406,-6.839797,-0.685608,34.364729,113.537001,129.242750,97.831252,0.115841,7.044493,0.069424,0.026297,-0.180173,-0.113335,-0.348507,-0.395868,-0.319678,0.708657,-0.532051,-0.510304,0.026297,6476630.000000,635242794.260400,-0.174549
2022-06-16,96.190002,97.500000,92.089996,93.260002,9435700,0.000000,0.000000,96.190002,97.500000,92.089996,93.260002,112.798501,133.298600,146.287400,159.094250,108.094893,116.461437,-8.366544,-7.145147,-1.221397,29.940004,112.798501,130.813741,94.783261,-0.042277,7.211315,0.077325,-0.080911,-0.194089,-0.206298,-0.408061,-0.445343,-0.381155,0.745558,-0.569913,-0.549925,0.000000,6462480.000000,879973400.871400,-0.190013
2022-06-17,93.529999,100.610001,93.529999,99.489998,11293100,0.000000,0.000000,93.529999,100.610001,93.529999,99.489998,112.064501,131.995200,145.836700,158.808750,106.771063,115.204293,-8.433230,-7.402763,-1.030467,36.609970,112.064501,131.016336,93.112666,0.168251,7.221221,0.072582,0.066802,-0.086493,-0.079052,-0.404252,-0.363793,-0.347692,0.744216,-0.541182,-0.519859,0.066802,6580805.000000,1123550496.413800,-0.181456
2022-06-21,102.690002,104.889000,101.620003,102.269997,6532700,0.000000,0.000000,102.690002,104.889000,101.620003,102.269997,111.550501,130.722400,145.438000,158.534100,106.078591,114.246197,-8.167606,-7.555732,-0.611874,39.383214,111.550501,130.998027,92.102974,0.261396,7.091062,0.069337,0.027942,0.033761,-0.104231,-0.367923,-0.352353,-0.316834,0.721400,-0.528362,-0.506443,0.096612,6559345.000000,668099209.401900,-0.167817
2022-06-22,99.000000,102.500000,98.720001,99.529999,8986000,0.000000,0.000000,99.000000,102.500000,98.720001,99.529999,110.863001,129.461800,145.049200,158.241750,105.071116,113.156109,-8.084993,-7.661584,-0.423409,37.635559,110.863001,131.012589,90.713412,0.218778,6.854558,0.068869,-0.026792,0.006675,-0.115682,-0.402007,-0.366978,-0.335048,0.724906,-0.540998,-0.519666,0.067231,6708605.000000,894376571.014000,-0.185423
2022-06-23,100.000000,100.800003,93.019997,95.720001,12340800,0.000000,0.000000,100.000000,100.800003,93.019997,95.720001,110.337001,128.171200,144.578700,157.895350,103.632483,111.864545,-8.232062,-7.775680,-0.456383,35.290461,110.337001,131.517592,89.156410,0.154944,6.920661,0.072301,-0.038280,-0.056667,-0.155014,-0.416910,-0.422190,-0.368518,0.732650,-0.558569,-0.538053,0.026378,7004855.000000,1181261388.340800,-0.223670
2022-06-24,97.519997,104.180000,96.330002,103.510002,28797400,0.000000,0.000000,97.519997,104.180000,96.330002,103.510002,109.992501,127.039200,144.074100,157.593250,103.613639,111.245690,-7.632051,-7.746954,0.114903,43.097581,109.992501,131.391778,88.593223,0.348535,7.030614,0.067922,0.081383,0.109908,-0.025696,-0.394076,-0.388564,-0.313275,0.764438,-0.522643,-0.500458,0.109908,8134560.000000,2980818931.594800,-0.211984
2022-06-27,103.959999,104.169998,99.330002,101.500000,7352100,0.000000,0.000000,103.959999,104.169998,99.330002,101.500000,109.352501,125.632200,143.519700,157.270750,103.288464,110.523787,-7.235323,-7.644628,0.409305,41.699610,109.352501,130.973831,87.731170,0.318408,6.874141,0.067726,-0.019418,0.020203,-0.080616,-0.393015,-0.407507,-0.321841,0.753365,-0.531913,-0.510159,0.088355,8158005.000000,746238150.000000,-0.206362
2022-06-28,103.339996,105.449997,97.089996,97.529999,7744100,0.000000,0.000000,103.339996,105.449997,97.089996,97.529999,108.204001,124.168800,142.977400,156.932400,102.402546,109.561284,-7.158738,-7.547450,0.388712,39.008199,108.204001,129.772315,86.635686,0.252554,6.980274,0.071571,-0.039113,-0.046348,-0.146719,-0.418252,-0.431908,-0.349540,0.749884,-0.550221,-0.529318,0.045786,8175635.000000,755282065.255900,-0.197188
2022-06-29,96.830002,97.000000,92.050003,93.930000,6522600,0.000000,0.000000,96.830002,97.000000,92.050003,93.930000,106.857000,122.732600,142.421000,156.600450,101.099078,108.403411,-7.304334,-7.498827,0.194493,36.695308,106.857000,128.459604,85.254397,0.200800,6.873111,0.073173,-0.036912,-0.056264,-0.220498,-0.464847,-0.446526,-0.356996,0.722914,-0.566823,-0.546692,0.007184,8045885.000000,612667818.000000,-0.229428
2022-06-30,92.489998,92.910004,86.709999,89.080002,9007800,0.000000,0.000000,92.489998,92.910004,86.709999,89.080002,105.475000,121.111800,141.756200,156.229350,99.249989,106.972048,-7.722059,-7.543473,-0.178586,33.788651,105.475000,127.940125,83.009876,0.135101,6.897889,0.077435,-0.051634,-0.069369,-0.263010,-0.486955,-0.467989,-0.418310,0.734439,-0.589190,-0.570098,0.000000,8152295.000000,802414842.015600,-0.250598
2022-07-01,89.089996,91.459999,87.430000,91.410004,5995400,0.000000,0.000000,89.089996,91.459999,87.430000,91.410004,103.982501,119.649000,141.091200,155.854550,98.043838,105.819304,-7.775466,-7.589872,-0.185595,36.395239,103.982501,125.993719,81.971282,0.214407,6.693040,0.073220,0.026156,-0.116897,-0.216844,-0.467804,-0.458407,-0.402861,0.742563,-0.578445,-0.558853,0.026156,8193755.000000,548039537.981600,-0.250324
2022-07-05,88.879997,96.010002,86.750000,95.940002,7648500,0.000000,0.000000,88.879997,96.010002,86.750000,95.940002,102.788001,118.409600,140.428000,155.493500,97.720171,105.087504,-7.367333,-7.545364,0.178031,41.238719,102.788001,123.745839,81.830162,0.336624,6.876394,0.071674,0.049557,-0.054778,-0.208808,-0.445658,-0.423749,-0.361379,0.752356,-0.557554,-0.536991,0.077009,8346950.000000,733797105.297000,-0.239560
2022-07-06,95.290001,96.169998,91.800003,92.879997,5703000,0.000000,0.000000,95.290001,96.169998,91.800003,92.879997,101.331001,117.145400,139.661500,155.124950,96.975528,104.183244,-7.207715,-7.477834,0.270119,39.074175,101.331001,120.646601,82.015400,0.281239,6.697366,0.072108,-0.031895,-0.047678,-0.224902,-0.475314,-0.462126,-0.373997,0.756168,-0.571666,-0.551759,0.042658,8424090.000000,529694622.891000,-0.257134
2022-07-07,93.660004,97.550003,92.160004,97.500000,7480500,0.000000,0.000000,93.660004,97.550003,92.160004,97.500000,100.061000,115.927600,138.917000,154.804250,97.056216,103.688189,-6.631972,-7.308662,0.676689,43.864894,100.061000,116.536729,83.585271,0.422280,6.603983,0.067733,0.049742,0.038007,-0.200951,-0.430524,-0.429157,-0.321598,0.779013,-0.550360,-0.529463,0.094522,8631555.000000,729348750.000000,-0.248689
2022-07-08,96.230003,98.120003,93.241997,97.349998,5669500,0.000000,0.000000,96.230003,98.120003,93.241997,97.349998,98.740000,114.813800,138.225200,154.444550,97.101414,103.218693,-6.117280,-7.070385,0.953106,43.744622,98.740000,110.877095,86.602906,0.442737,6.480698,0.066571,-0.001538,0.092838,-0.207893,-0.408782,-0.400000,-0.316986,0.777240,-0.551051,-0.530187,0.092838,8726250.000000,551925813.661000,-0.246528
2022-07-11,96.000000,97.089996,93.269997,95.099998,6041400,0.000000,0.000000,96.000000,97.089996,93.269997,95.099998,97.709000,113.671200,137.479600,154.070250,96.793503,102.617308,-5.823805,-6.821069,0.997264,41.889299,97.709000,106.924411,88.493590,0.358444,6.309220,0.066343,-0.023112,0.040368,-0.231639,-0.426798,-0.404695,-0.364475,0.775970,-0.561428,-0.541045,0.067580,8762525.000000,574537127.917200,-0.245129
2022-07-12,95.300003,97.685997,93.320000,96.550003,4170200,0.000000,0.000000,95.300003,97.685997,93.320000,96.550003,97.091000,112.407400,136.644400,153.677350,96.756042,102.167878,-5.411836,-6.539223,1.127386,43.550888,97.091000,104.653098,89.528902,0.464230,6.170418,0.063909,0.015247,0.006358,-0.165658,-0.406065,-0.418549,-0.341809,0.755518,-0.554741,-0.534048,0.083857,8624190.000000,402632822.510600,-0.227649
2022-07-13,93.750000,96.588997,91.610001,95.639999,6967800,0.000000,0.000000,93.750000,96.588997,91.610001,95.639999,96.926500,111.256000,135.734400,153.276150,96.584343,101.684332,-5.099989,-6.251376,1.151387,42.725211,96.926500,104.463254,89.389747,0.414651,6.085317,0.063627,-0.009425,0.029716,-0.121844,-0.403183,-0.404891,-0.333101,0.732236,-0.558937,-0.538439,0.073642,8493215.000000,666400385.032200,-0.241806
2022-07-14,94.279999,94.580002,90.169998,91.050003,8334600,0.000000,0.000000,94.279999,94.580002,90.169998,91.050003,96.535500,110.021400,134.808900,152.860100,95.732906,100.896604,-5.163698,-6.033840,0.870143,38.736044,96.535500,104.449658,88.621343,0.153438,6.041366,0.066352,-0.047992,-0.066154,-0.079652,-0.431328,-0.459996,-0.345388,0.681109,-0.580105,-0.560591,0.022115,8614180.000000,758865355.003800,-0.272755
2022-07-15,92.550003,95.650002,90.660004,94.660004,7497200,0.000000,0.000000,92.550003,95.650002,90.660004,94.660004,96.195000,109.014600,134.006500,152.490500,95.567844,100.434633,-4.866789,-5.800430,0.933641,43.225858,96.195000,103.795006,88.594995,0.399013,5.966268,0.063028,0.039649,-0.027632,-0.042581,-0.449171,-0.441666,-0.311564,0.697034,-0.563457,-0.543169,0.062640,8676020.000000,709684981.988800,-0.288570
2022-07-18,96.779999,101.879997,95.980003,97.669998,7171500,0.000000,0.000000,96.779999,101.879997,95.980003,97.669998,96.415500,107.844400,133.330800,152.138500,95.891252,100.229845,-4.338593,-5.508063,1.169470,46.731266,96.415500,103.912157,88.918843,0.583670,6.055820,0.062003,0.031798,0.027024,-0.037450,-0.427827,-0.411627,-0.272802,0.700017,-0.549576,-0.528642,0.096430,8562810.000000,700440390.657000,-0.278698
2022-07-19,99.699997,102.709999,98.760002,102.199997,5603800,0.000000,0.000000,99.699997,102.709999,98.760002,102.199997,96.551000,107.026600,132.852400,151.810750,96.861829,100.375783,-3.513954,-5.109241,1.595287,51.576973,96.551000,104.372563,88.729437,0.861117,5.983261,0.058545,0.046381,0.058519,0.095861,-0.383372,-0.376791,-0.225053,0.654052,-0.528685,-0.506781,0.147283,8278345.000000,572708343.188600,-0.261922
2022-07-20,103.110001,108.919998,102.750000,107.730003,6834100,0.000000,0.000000,103.110001,108.919998,102.750000,107.730003,96.824000,106.464400,132.347100,151.484350,98.533855,100.920540,-2.386684,-4.564730,2.178045,56.749344,96.824000,105.784294,87.863706,1.108574,6.035886,0.056028,0.054110,0.126412,0.082822,-0.366741,-0.303575,-0.208391,0.640315,-0.503182,-0.480093,0.209362,8293415.000000,736237613.502300,-0.240305
2022-07-21,106.980003,108.500000,104.410004,108.139999,4284900,0.000000,0.000000,106.980003,108.500000,104.410004,108.139999,97.254500,106.239800,131.877600,151.202550,100.011724,101.455314,-1.443591,-3.940502,2.496911,57.115091,97.254500,107.497705,87.011296,1.031352,5.896893,0.054530,0.003806,0.187699,0.057397,-0.342814,-0.300427,-0.223411,0.634646,-0.501291,-0.478114,0.213965,8058360.000000,463369081.715100,-0.239234
2022-07-22,108.309998,110.099998,102.930000,103.970001,4243900,0.000000,0.000000,108.309998,110.099998,102.930000,103.970001,97.667000,105.996600,131.402400,150.898700,100.620689,101.641588,-1.020898,-3.356581,2.335683,52.273269,97.667000,108.306802,87.027199,0.796199,5.987829,0.057592,-0.038561,0.098352,0.044610,-0.341587,-0.341962,-0.254535,0.642959,-0.520522,-0.498239,0.167153,7653515.000000,441238287.243900,-0.239836
2022-07-25,103.779999,105.260002,101.478996,104.949997,3142900,0.000000,0.000000,103.779999,105.260002,101.478996,104.949997,97.739000,105.772600,130.941800,150.587200,101.286737,101.886655,-0.599918,-2.805249,2.205330,53.275744,97.739000,108.563176,86.914824,0.833097,5.830199,0.055552,0.009426,0.074537,0.096427,-0.327631,-0.330377,-0.243495,0.625504,-0.516003,-0.493509,0.178154,6370790.000000,329847345.571300,-0.245336
2022-07-26,102.379997,103.629997,101.099998,101.910004,4191000,0.000000,0.000000,102.379997,103.629997,101.099998,101.910004,97.759500,105.492000,130.385601,150.248750,101.382624,101.888384,-0.505760,-2.345351,1.839590,49.782556,97.759500,108.615176,86.903825,0.691167,5.688756,0.055821,-0.028966,-0.002838,-0.015457,-0.356588,-0.310953,-0.282324,0.570371,-0.530022,-0.508180,0.144028,6212735.000000,427104826.764000,-0.245685
2022-07-27,105.790001,107.985001,104.059998,107.360001,5362700,0.000000,0.000000,105.790001,107.985001,104.059998,107.360001,98.251001,105.210200,129.942300,149.935700,102.302220,102.293689,0.008531,-1.874575,1.883106,55.425287,98.251001,109.922400,86.579601,0.890227,5.716345,0.053245,0.053479,-0.003435,0.057734,-0.298484,-0.257333,-0.241701,0.594689,-0.504888,-0.481878,0.205209,6093665.000000,575739477.362700,-0.261791
2022-07-28,108.169998,110.059998,104.680000,108.839996,4471900,0.000000,0.000000,108.169998,110.059998,104.680000,108.839996,98.996500,105.098200,129.603700,149.646550,103.308032,102.778601,0.529431,-1.393773,1.923204,56.843463,98.996500,111.388288,86.604713,0.897178,5.692320,0.052300,0.013785,0.006473,0.115964,-0.285029,-0.234276,-0.240475,0.575012,-0.498063,-0.474736,0.221823,5991130.000000,486721578.112400,-0.258899
2022-07-29,108.195000,111.160004,107.110001,110.980003,4637800,0.000000,0.000000,108.195000,111.160004,107.110001,110.980003,100.091500,104.967800,129.397601,149.337700,104.488335,103.386112,1.102223,-0.894574,1.996797,58.880633,100.091500,112.662811,87.520190,0.933070,5.575012,0.050234,0.019662,0.067423,0.181518,-0.305246,-0.198179,-0.226458,0.555036,-0.488194,-0.464408,0.245846,5772630.000000,514703057.913400,-0.267889
2022-08-01,110.000000,113.959999,107.480003,111.199997,6019500,0.000000,0.000000,110.000000,113.959999,107.480003,111.199997,101.081000,105.031200,129.088300,149.025800,105.520899,103.964919,1.555980,-0.404463,1.960443,59.094402,101.081000,113.888300,88.273700,0.895048,5.639654,0.050716,0.001982,0.059552,0.248316,-0.274199,-0.221125,-0.227831,0.511113,-0.487179,-0.463346,0.248316,5773835.000000,669368381.941500,-0.276983
2022-08-02,111.669998,117.779999,111.099998,116.339996,15208200,0.000000,0.000000,111.669998,117.779999,111.099998,116.339996,102.101000,105.074600,128.768600,148.755000,107.185375,104.881591,2.303784,0.137186,2.166598,63.826223,102.101000,116.352330,87.849669,0.999567,5.713964,0.049114,0.046223,0.141595,0.272727,-0.238513,-0.244398,-0.200357,0.523143,-0.463475,-0.438541,0.306017,6151820.000000,1769321927.167200,-0.223575
2022-08-03,108.224998,115.570000,107.650002,115.019997,23354900,0.000000,0.000000,108.224998,115.570000,107.650002,115.019997,103.208000,105.124000,128.400800,148.484200,108.390702,105.632584,2.758118,0.661373,2.096745,61.847597,103.208000,117.876919,88.539081,0.902620,5.926538,0.051526,-0.011346,0.071349,0.198874,-0.206759,-0.267108,-0.210299,0.510536,-0.469563,-0.444911,0.291199,7034415.000000,2686280527.935300,-0.215068
2022-08-04,114.309998,119.239998,114.254997,119.220001,9180300,0.000000,0.000000,114.309998,119.239998,114.254997,119.220001,104.294000,105.242800,128.141600,148.218700,110.056748,106.639059,3.417688,1.212636,2.205053,65.511161,104.294000,120.335437,88.252562,0.965233,5.859285,0.049147,0.036515,0.095369,0.283592,-0.236650,-0.214417,-0.191180,0.496007,-0.450194,-0.424642,0.338348,7119405.000000,1094475375.180300,-0.217808
2022-08-05,115.519997,118.870003,114.820000,117.110001,6495000,0.000000,0.000000,115.519997,118.870003,114.820000,117.110001,105.282000,105.460200,127.927700,147.950550,111.141864,107.414685,3.727179,1.715544,2.011635,62.275829,105.282000,121.944687,88.619313,0.854925,5.755050,0.049142,-0.017698,0.055235,0.201128,-0.181564,-0.217022,-0.220929,0.487007,-0.459924,-0.434825,0.314661,7160680.000000,760629456.495000,-0.209155
2022-08-08,118.154999,119.639999,115.430000,115.820000,5382900,0.000000,0.000000,118.154999,119.639999,115.430000,115.820000,106.318000,105.568600,127.646400,147.680850,111.861577,108.037301,3.824276,2.137291,1.686986,60.314644,106.318000,122.891440,89.744560,0.786663,5.644690,0.048737,-0.011015,0.041547,0.189728,-0.147379,-0.255464,-0.227815,0.490735,-0.465873,-0.441050,0.300180,7127755.000000,623447478.000000,-0.188533
2022-08-09,115.000000,115.669998,112.800003,114.440002,4201200,0.000000,0.000000,115.000000,115.669998,112.800003,114.440002,107.212500,105.571400,127.233300,147.400550,112.258258,108.511575,3.746683,2.459169,1.287514,58.203015,107.212500,123.494717,90.930283,0.721945,5.457212,0.047686,-0.011915,-0.016331,0.203365,-0.041300,-0.275283,-0.234208,0.483044,-0.472238,-0.447710,0.284688,7129305.000000,480785336.402400,-0.116209
2022-08-10,119.330002,120.339996,116.300003,118.730003,5529000,0.000000,0.000000,119.330002,120.339996,116.300003,118.730003,108.367000,105.536000,126.845100,147.161000,113.253911,109.268495,3.985415,2.764418,1.220997,62.588012,108.367000,124.467658,92.266343,0.821819,5.488839,0.046230,0.037487,0.032255,0.229726,0.022389,-0.268273,-0.197499,0.492549,-0.452453,-0.427006,0.332847,7057365.000000,656458186.587000,-0.072786
2022-08-11,121.300003,127.089996,120.959999,121.500000,8110100,0.000000,0.000000,121.300003,127.089996,120.959999,121.500000,109.889500,105.548600,126.390100,146.922300,114.522540,110.174533,4.348007,3.081136,1.266871,65.131688,109.889500,124.810945,94.968055,0.889054,5.693921,0.046864,0.023330,0.019124,0.270389,0.046061,-0.283313,-0.179941,0.489035,-0.439679,-0.413638,0.363942,7046140.000000,985377150.000000,-0.078511
2022-08-12,122.800003,125.000000,121.120003,124.510002,5012500,0.000000,0.000000,122.800003,125.000000,121.120003,124.510002,111.382000,105.704400,126.017200,146.689150,116.059073,111.236419,4.822653,3.429440,1.393214,67.701524,111.382000,125.854156,96.909844,0.953561,5.564355,0.044690,0.024774,0.063188,0.367490,0.073918,-0.275894,-0.176249,0.439145,-0.425798,-0.399112,0.397732,6921905.000000,624106385.025000,-0.073496
2022-08-15,123.550003,126.434998,123.199997,126.040001,4884700,0.000000,0.000000,123.550003,126.434998,123.199997,126.040001,112.800500,105.800000,125.613200,146.473850,117.594600,112.332981,5.261619,3.795875,1.465744,68.954054,112.800500,127.174825,98.426175,0.960526,5.397973,0.042827,0.012288,0.088240,0.331502,0.037793,-0.243139,-0.174915,0.430228,-0.418742,-0.391728,0.414908,6807565.000000,615667592.884700,-0.074282
2022-08-16,124.230003,125.419998,122.620003,124.180000,4370700,0.000000,0.000000,124.230003,125.419998,122.620003,124.180000,113.899500,105.887000,125.213400,146.236250,118.607738,113.210538,5.397201,4.116140,1.281060,65.622362,113.899500,128.222225,99.576775,0.858888,5.256689,0.042331,-0.014757,0.085110,0.271424,0.085110,-0.268066,-0.164165,0.436246,-0.427320,-0.400705,0.394028,6745910.000000,542753526.000000,-0.038339
2022-08-17,121.629997,123.269997,120.639999,121.870003,4336200,0.000000,0.000000,121.629997,123.269997,120.639999,121.870003,114.606500,105.884000,124.723800,145.992300,119.109625,113.851980,5.257646,4.344441,0.913204,61.639054,114.606500,129.042467,100.170534,0.751577,5.134068,0.042127,-0.018602,0.026447,0.192466,0.037192,-0.323208,-0.153092,0.429474,-0.437973,-0.411853,0.368096,6621015.000000,528452707.008600,-0.042378
2022-08-18,121.500000,122.199997,120.279999,121.269997,3373900,0.000000,0.000000,121.500000,122.199997,120.279999,121.269997,115.263000,105.851400,124.264300,145.725650,119.441990,114.401463,5.040528,4.483659,0.556869,60.609937,115.263000,129.654906,100.871094,0.708694,4.904492,0.040443,-0.004923,-0.001893,0.125685,0.122559,-0.350246,-0.173572,0.398505,-0.440740,-0.414748,0.361361,6575465.000000,409152842.878300,-0.012944
2022-08-19,118.184998,119.220001,114.099998,114.760002,5288800,0.000000,0.000000,118.184998,119.220001,114.099998,114.760002,115.802500,105.671200,123.735400,145.435100,118.721684,114.428021,4.293663,4.445660,-0.151996,50.716107,115.802500,129.185546,102.419455,0.461052,5.066314,0.044147,-0.053682,-0.078307,0.061217,0.005168,-0.374946,-0.195513,0.448968,-0.470762,-0.446166,0.288280,6627710.000000,606942698.577600,-0.110451
2022-08-22,110.360001,114.227997,109.970001,111.389999,6057400,0.000000,0.000000,110.360001,114.227997,109.970001,111.389999,116.124500,105.584600,123.094100,145.127700,117.593733,114.202982,3.390750,4.234678,-0.843927,46.485770,116.124500,128.693239,103.555761,0.311656,5.046577,0.045305,-0.029366,-0.116233,0.071367,-0.010307,-0.363122,-0.224843,0.439211,-0.486303,-0.462429,0.250449,6773435.000000,674733779.942600,-0.100750
2022-08-23,112.410004,114.019997,111.410004,111.599998,5447200,0.000000,0.000000,112.410004,114.019997,111.410004,111.599998,116.609000,105.638400,122.473800,144.793450,116.671620,114.010169,2.661451,3.920032,-1.258581,46.783653,116.609000,127.506582,105.711418,0.270178,4.873964,0.043674,0.001885,-0.101305,0.063364,-0.014831,-0.324619,-0.239730,0.438739,-0.485335,-0.461416,0.252806,6836245.000000,607907509.105600,-0.088173
2022-08-24,110.930000,115.570000,110.839996,114.510002,3634000,0.000000,0.000000,110.930000,115.570000,110.839996,114.510002,116.966500,105.950000,121.901300,144.357900,116.339063,114.047193,2.291870,3.594400,-1.302530,50.865216,116.966500,127.023211,106.909789,0.377868,4.863682,0.042474,0.026075,-0.060392,0.123638,0.077843,-0.236803,-0.290608,0.429071,-0.471915,-0.447372,0.285474,6749810.000000,416129347.268000,-0.025765
2022-08-25,115.889999,117.949997,115.419998,117.029999,4021600,0.000000,0.000000,115.889999,117.949997,115.419998,117.029999,117.376000,106.313200,121.340900,143.941450,116.445361,114.268142,2.177219,3.310964,-1.133745,54.145099,117.376000,126.678099,108.073901,0.481402,4.761990,0.040690,0.022007,-0.034963,0.090071,0.060054,-0.260521,-0.270159,0.397825,-0.460293,-0.435211,0.313763,6727295.000000,470647843.978400,-0.045285
2022-08-26,117.059998,118.269997,112.779999,112.820000,3778700,0.000000,0.000000,117.059998,118.269997,112.779999,112.820000,117.468000,106.540200,120.698900,143.532150,115.887613,114.160872,1.726741,2.994119,-1.267378,48.339607,117.468000,126.537231,108.398769,0.243749,4.813990,0.042670,-0.035974,-0.016905,0.036567,-0.012948,-0.272551,-0.261311,0.419793,-0.479709,-0.455528,0.266502,6684340.000000,426312934.000000,-0.047108
2022-08-29,111.769997,115.800003,111.529999,113.540001,4620600,0.000000,0.000000,111.769997,115.800003,111.529999,113.540001,117.585000,106.945800,120.122200,143.138750,115.526442,114.114882,1.411560,2.677607,-1.266047,49.340023,117.585000,126.369671,108.800330,0.269769,4.775134,0.042057,0.006382,0.019302,0.023067,-0.057759,-0.250512,-0.263588,0.415267,-0.476388,-0.452053,0.274585,6614395.000000,524622928.620600,-0.048407
2022-08-30,114.500000,116.019997,110.440002,112.559998,4507200,0.000000,0.000000,114.500000,116.019997,110.440002,112.559998,117.396000,107.207200,119.601200,142.743500,115.070066,113.999705,1.070361,2.356158,-1.285797,47.978123,117.396000,126.451917,108.340083,0.232992,4.832624,0.042934,-0.008631,0.008602,0.012230,-0.068752,-0.254619,-0.278554,0.416709,-0.480908,-0.456783,0.263583,6079345.000000,507330422.985600,-0.052342
2022-08-31,113.489998,115.580002,112.400002,113.120003,6191600,0.000000,0.000000,113.489998,115.580002,112.400002,113.120003,117.301001,107.424200,119.073300,142.276400,114.770056,113.934542,0.835514,2.052029,-1.216515,48.847015,117.301001,126.500589,108.101412,0.272762,4.714580,0.041678,0.004975,-0.012139,-0.027677,-0.030843,-0.281915,-0.270146,0.383354,-0.478325,-0.454080,0.269870,5221180.000000,700393810.574800,-0.015981
2022-09-01,111.099998,114.080002,108.169998,113.400002,5661500,0.000000,0.000000,111.099998,114.080002,108.169998,113.400002,117.010001,107.701600,118.581700,141.807350,114.559279,113.894946,0.664332,1.774490,-1.110158,49.302960,117.010001,126.321517,107.698484,0.306154,4.799967,0.042328,0.002475,-0.031018,-0.014084,-0.064819,-0.252423,-0.275816,0.381665,-0.477034,-0.452729,0.273013,5045240.000000,642014111.323000,-0.021645
2022-09-02,114.320000,116.459999,112.330002,113.639999,4121700,0.000000,0.000000,114.320000,116.459999,112.330002,113.639999,116.836501,108.060000,118.115600,141.340350,114.417851,113.876061,0.541790,1.527950,-0.986160,49.716672,116.836501,126.268702,107.404299,0.330554,4.752112,0.041817,0.002116,0.007268,-0.046804,-0.051657,-0.203644,-0.277099,0.357588,-0.475927,-0.451571,0.275707,4926575.000000,468389983.878300,-0.019868
2022-09-06,114.089996,114.519997,110.500000,113.699997,4067100,0.000000,0.000000,114.089996,114.519997,110.500000,113.699997,116.730500,108.263800,117.651500,140.913300,114.307412,113.863020,0.444392,1.311238,-0.866846,49.826903,116.730500,126.257969,107.203031,0.340960,4.699818,0.041335,0.000528,0.001409,-0.029118,-0.068186,-0.135953,-0.280380,0.353075,-0.475650,-0.451281,0.276381,4860785.000000,462429257.798700,-0.025366
2022-09-07,112.849998,116.440002,112.709999,116.070000,4619300,0.000000,0.000000,112.849998,116.440002,112.709999,116.070000,116.812000,108.555200,117.093700,140.472000,114.578579,114.026500,0.552080,1.159407,-0.607327,54.106716,116.812000,126.284700,107.339300,0.460835,4.630546,0.039894,0.020844,0.031183,0.002159,-0.055574,-0.183353,-0.296545,0.359078,-0.464721,-0.439844,0.302986,4881690.000000,536162151.000000,-0.024089
2022-09-08,114.000000,119.347000,114.000000,118.580002,4064000,0.000000,0.000000,114.000000,119.347000,114.000000,118.580002,116.804500,108.976200,116.572500,140.082800,115.194183,114.363796,0.830387,1.093603,-0.263216,58.175756,116.804500,126.271042,107.337959,0.593778,4.681721,0.039482,0.021625,0.048267,0.036176,-0.041933,-0.200458,-0.276642,0.363415,-0.453145,-0.427730,0.331163,4808440.000000,481909128.128000,-0.023388
2022-09-09,120.017998,123.709999,119.900002,123.480003,5413300,0.000000,0.000000,120.017998,123.709999,119.900002,123.480003,116.903500,109.567200,116.149900,139.791550,116.468924,115.039071,1.429854,1.160853,0.269001,64.746974,116.903500,126.615043,107.191958,0.838592,4.713741,0.038174,0.041322,0.088889,0.040007,0.067058,-0.186561,-0.256145,0.368351,-0.430548,-0.404083,0.386170,4673600.000000,668434300.239900,0.036595
2022-09-12,124.250000,127.239998,123.785004,124.790001,6993300,0.000000,0.000000,124.250000,127.239998,123.785004,124.790001,116.917500,110.281400,115.696600,139.524150,117.749090,115.761362,1.987728,1.326228,0.661500,66.272640,116.917500,126.675907,107.159094,0.903370,4.645616,0.037227,0.010609,0.098117,0.027078,0.145808,-0.140209,-0.244613,0.361701,-0.424507,-0.397761,0.400876,4772640.000000,872693913.993300,0.064116
2022-09-13,119.699997,123.860001,119.050003,121.540001,7126500,0.000000,0.000000,119.699997,123.860001,119.050003,121.540001,116.692500,110.884000,115.266500,139.232400,118.332307,116.189409,2.142898,1.489562,0.653336,59.403925,116.692500,125.747431,107.637570,0.767672,4.723786,0.038866,-0.026044,0.068953,-0.023854,0.228545,-0.122455,-0.241891,0.363374,-0.439495,-0.413445,0.364392,4884730.000000,866154817.126500,0.152283
2022-09-14,121.629997,127.000000,119.510002,126.800003,5690100,0.000000,0.000000,121.629997,127.000000,119.510002,126.800003,116.823500,111.501200,114.955400,138.997100,119.635030,116.975379,2.659650,1.723580,0.936071,65.615372,116.823500,126.395572,107.251429,1.021126,4.921373,0.038812,0.043278,0.092444,0.006030,0.282492,-0.119139,-0.223515,0.392253,-0.415237,-0.388060,0.423440,4950700.000000,721504697.070300,0.200178
2022-09-15,125.290001,129.380005,124.279999,125.040001,6606100,0.000000,0.000000,125.290001,129.380005,124.279999,125.040001,116.982000,112.144400,114.644900,138.721900,120.466564,117.572759,2.893805,1.957625,0.936180,62.186758,116.982000,127.000487,106.963514,0.902157,4.934132,0.039460,-0.013880,0.054478,0.006925,0.232285,-0.197175,-0.248422,0.391833,-0.423354,-0.396554,0.403682,5064195.000000,826026750.606100,0.191453
2022-09-16,121.110001,122.260002,117.589996,118.750000,13704400,0.000000,0.000000,121.110001,122.260002,117.589996,118.750000,116.856001,112.569400,114.248500,138.452950,120.202477,117.659962,2.542515,2.074603,0.467912,51.774376,116.856001,126.709445,107.002556,0.596108,5.113837,0.043064,-0.050304,-0.038306,-0.025601,0.273322,-0.246271,-0.293785,0.425381,-0.452361,-0.426910,0.333071,5580720.000000,1627397500.000000,0.197961
2022-09-19,116.870003,119.779999,116.470001,118.779999,4715400,0.000000,0.000000,116.870003,119.779999,116.470001,118.779999,117.057000,112.998000,113.905900,138.231450,119.983634,117.742927,2.240707,2.107824,0.132883,51.815814,117.057000,126.894413,107.219588,0.587574,4.984992,0.041968,0.000253,-0.048161,-0.020533,0.193889,-0.288743,-0.286992,0.425141,-0.452223,-0.426765,0.333408,5552050.000000,560095207.284600,0.125668
2022-09-20,117.930000,121.660004,116.620003,116.709999,5610900,0.000000,0.000000,117.930000,121.660004,116.620003,116.709999,117.323000,113.430200,113.550700,137.967000,119.479998,117.666414,1.813584,2.048976,-0.235392,48.705893,117.323000,126.796178,107.849823,0.467645,4.988921,0.042746,-0.017427,-0.039740,0.016992,0.141195,-0.278677,-0.277963,0.384786,-0.461769,-0.436755,0.310171,5529725.000000,654848133.389100,0.109056
2022-09-21,116.370003,119.330002,112.360001,114.010002,6898700,0.000000,0.000000,116.370003,119.330002,112.360001,114.010002,117.443501,113.779400,113.093400,137.703300,118.638460,117.395569,1.242891,1.887759,-0.644867,44.918906,117.443501,126.668215,108.218786,0.313897,5.130427,0.045000,-0.023134,-0.100868,0.023521,0.145484,-0.315008,-0.326540,0.379137,-0.474221,-0.449785,0.279861,5602300.000000,786520800.797400,0.130365
2022-09-22,112.669998,113.720001,103.260002,103.720001,8399400,0.000000,0.000000,112.669998,113.720001,103.260002,103.720001,116.904001,113.941000,112.598500,137.317650,116.343313,116.382564,-0.039251,1.502357,-1.541608,34.052269,116.904001,127.936114,105.871887,-0.097528,5.531825,0.053334,-0.090255,-0.170505,-0.070609,0.083577,-0.368177,-0.389739,0.494419,-0.521675,-0.499445,0.164347,5840570.000000,871185776.399400,0.098301
2022-09-23,102.199997,103.180000,99.709999,101.750000,6245600,0.000000,0.000000,102.199997,103.180000,99.709999,101.750000,116.140001,114.155000,112.088200,136.910700,114.098188,115.298670,-1.200483,0.961789,-2.162272,32.434527,116.140001,129.085756,103.194246,-0.055781,5.423123,0.053299,-0.018993,-0.143158,-0.111431,-0.017003,-0.404379,-0.419003,0.485586,-0.530760,-0.508952,0.142232,5951770.000000,635489800.000000,0.046721
2022-09-26,101.779999,105.360001,101.559998,103.230003,5278800,0.000000,0.000000,101.779999,105.360001,101.559998,103.230003,115.660501,114.326400,111.670500,136.494400,112.426159,114.404695,-1.978536,0.373724,-2.352260,34.935384,115.660501,129.781124,101.539878,0.059846,5.307186,0.051411,0.014545,-0.130914,-0.117918,0.017044,-0.382670,-0.413066,0.480994,-0.523935,-0.501810,0.158846,6026775.000000,544930539.836400,0.079661
2022-09-27,106.040001,108.169998,104.139999,106.370003,5081000,0.000000,0.000000,106.040001,108.169998,104.139999,106.370003,115.302001,114.500400,111.172400,136.118950,111.494443,113.809532,-2.315090,-0.164039,-2.151051,40.008831,115.302001,130.001506,100.602496,0.196180,5.280958,0.049647,0.030418,-0.088596,-0.057171,0.090639,-0.365523,-0.389590,0.482990,-0.509454,-0.486656,0.194095,6049795.000000,540465985.243000,0.122123
2022-09-28,106.700996,111.129997,105.779999,110.690002,4518200,0.000000,0.000000,106.700996,111.129997,105.779999,110.690002,115.208501,114.670200,110.848400,135.770300,111.370683,113.578456,-2.207773,-0.572786,-1.634988,46.221852,115.208501,130.004912,100.412090,0.347311,5.285889,0.047754,0.040613,-0.029120,-0.025101,0.178431,-0.369360,-0.343398,0.504848,-0.489531,-0.465808,0.242591,6050345.000000,500119567.036400,0.189725
2022-09-29,109.190002,109.474998,105.169998,106.660004,4259500,0.000000,0.000000,109.190002,109.474998,105.169998,106.660004,114.885501,114.648800,110.556600,135.448400,110.645963,113.065978,-2.420015,-0.942232,-1.477784,41.865912,114.885501,130.148555,99.622447,0.230542,5.302612,0.049715,-0.036408,0.028346,-0.052416,0.197351,-0.385705,-0.365383,0.519297,-0.508117,-0.485257,0.197351,5953740.000000,454318287.038000,0.223757
2022-09-30,104.760002,109.080002,104.730003,105.040001,4750600,0.000000,0.000000,104.760002,109.080002,104.730003,105.040001,114.467501,114.586801,110.413300,135.133800,109.783507,112.471461,-2.687954,-1.291376,-1.396578,40.224851,114.467501,130.347290,98.587712,0.203160,5.234568,0.049834,-0.015188,0.032334,-0.071429,0.149108,-0.388449,-0.373830,0.520561,-0.515588,-0.493075,0.179165,5908195.000000,499003028.750600,0.198734
2022-10-03,105.489998,106.349998,102.180000,105.000000,6208900,0.000000,0.000000,105.489998,106.349998,102.180000,105.000000,114.035501,114.607401,110.302001,134.818100,109.047583,111.918020,-2.870437,-1.607188,-1.263249,40.182967,114.035501,130.470463,97.600539,0.225113,5.158527,0.049129,-0.000381,0.017146,-0.074074,0.094434,-0.393309,-0.393099,0.520276,-0.515772,-0.493268,0.178716,6012555.000000,651934500.000000,0.139196
2022-10-04,109.139999,111.610001,108.680000,110.809998,4835000,0.000000,0.000000,109.139999,111.610001,108.680000,110.809998,113.891001,114.724601,110.248600,134.590250,109.318724,111.835944,-2.517220,-1.789195,-0.728026,48.560862,113.891001,130.389081,97.392921,0.406625,5.262204,0.047489,0.055333,0.041741,-0.024903,0.193045,-0.374026,-0.326383,0.558315,-0.488978,-0.465229,0.243938,6050950.000000,535766340.330000,0.209366
2022-10-05,110.519997,112.339996,107.839996,111.760002,4008700,0.000000,0.000000,110.519997,112.339996,107.839996,111.760002,113.675501,114.921601,110.206800,134.359500,109.694305,111.830319,-2.136014,-1.858558,-0.277455,49.798965,113.675501,130.166334,97.184669,0.441922,5.207761,0.046598,0.008573,0.009667,-0.017062,0.146256,-0.347234,-0.321598,0.559215,-0.484597,-0.460644,0.254603,6020420.000000,448012320.017400,0.186932
2022-10-06,112.000000,114.410004,110.199997,111.580002,3446500,0.000000,0.000000,112.000000,114.410004,110.199997,111.580002,113.325501,115.006001,110.108101,134.131250,109.984412,111.811777,-1.827364,-1.852320,0.024955,49.555584,113.325501,129.674574,96.976428,0.446618,5.136493,0.046034,-0.001611,0.046128,-0.038684,0.146174,-0.322361,-0.332855,0.553943,-0.485427,-0.461512,0.252582,5989545.000000,384560476.893000,0.194475
2022-10-07,108.870003,109.531998,107.099998,108.540001,3352700,0.000000,0.000000,108.870003,109.531998,107.099998,108.540001,112.578501,115.000001,110.049101,133.845650,109.762195,111.569423,-1.807228,-1.843301,0.036073,45.510182,112.578501,128.328287,96.828715,0.371792,5.089601,0.046891,-0.027245,0.033321,-0.084669,0.141325,-0.345790,-0.360024,0.554341,-0.499447,-0.476184,0.218455,5886515.000000,363902061.352700,0.204653
2022-10-10,108.550003,111.620003,107.410004,110.989998,3945200,0.000000,0.000000,108.550003,111.620003,107.410004,110.989998,111.888501,115.000201,109.984000,133.554150,109.951088,111.526503,-1.575415,-1.789724,0.214309,49.115403,111.888501,126.557806,97.219196,0.469375,5.026772,0.045290,0.022572,0.057048,-0.101150,0.149560,-0.317237,-0.347002,0.538776,-0.488148,-0.464360,0.245959,5734110.000000,437877740.109600,0.213710
2022-10-11,110.987999,111.000000,103.595001,106.820000,5696700,0.000000,0.000000,110.987999,111.000000,103.595001,106.820000,111.152501,114.912601,109.971900,133.231700,109.469382,111.177873,-1.708491,-1.773477,0.064987,43.803171,111.152501,125.248784,97.056217,0.346325,5.196645,0.048649,-0.037571,-0.036008,-0.144002,0.116897,-0.333417,-0.359093,0.547523,-0.507379,-0.484484,0.199147,5662620.000000,608521494.000000,0.189925
2022-10-12,107.470001,112.980003,106.110001,112.349998,5547500,0.000000,0.000000,107.470001,112.980003,106.110001,112.349998,110.430001,114.832801,109.953700,132.935050,109.912554,111.264697,-1.352143,-1.689210,0.337067,51.322235,110.430001,122.482511,98.377490,0.579651,5.316171,0.047318,0.051769,0.005279,-0.075613,0.233937,-0.298295,-0.349638,0.578541,-0.481876,-0.457796,0.261226,5655490.000000,623261613.905000,0.308071
2022-10-13,107.300003,113.129997,105.300003,112.650002,6172500,0.000000,0.000000,107.300003,113.129997,105.300003,112.650002,109.810501,114.785401,109.954700,132.649750,110.333700,111.367312,-1.033612,-1.558091,0.524478,51.699797,109.810501,119.797861,99.823141,0.642155,5.495730,0.048786,0.002670,0.009590,-0.111593,0.190049,-0.344486,-0.351020,0.554113,-0.480493,-0.456349,0.264594,5633810.000000,695332137.345000,0.260188
2022-10-14,115.000000,116.447998,109.010002,109.160004,5001700,0.000000,0.000000,115.000000,116.447998,109.010002,109.160004,109.331001,114.584201,109.913501,132.358350,110.153131,111.203808,-1.050677,-1.456608,0.405931,47.120971,109.331001,118.388828,100.273174,0.490561,5.634463,0.051617,-0.030981,0.005712,-0.126999,0.117641,-0.360515,-0.359765,0.560682,-0.496587,-0.473191,0.225415,5198675.000000,545985592.006800,0.209072
2022-10-17,112.330002,116.760002,111.029999,116.500000,5423900,0.000000,0.000000,112.330002,116.760002,111.029999,116.500000,109.217001,114.572001,110.016101,132.096950,111.129572,111.596118,-0.466546,-1.258596,0.792050,55.955990,109.217001,117.820074,100.613928,0.923279,5.774858,0.049570,0.067241,0.049644,-0.018947,0.139922,-0.297092,-0.311384,0.590316,-0.462737,-0.437768,0.307813,5234100.000000,631884350.000000,0.228485
2022-10-18,120.029999,120.709999,115.699997,117.940002,5580000,0.000000,0.000000,120.029999,120.709999,115.699997,117.940002,109.278501,114.614401,110.091501,131.854200,112.177331,112.066036,0.111295,-0.984617,1.095913,57.457736,109.278501,118.121354,100.435648,0.989746,5.720226,0.048501,0.012361,0.104100,-0.007072,0.094774,-0.306725,-0.315576,0.591933,-0.456097,-0.430819,0.323978,5232555.000000,658105211.160000,0.189351
2022-10-19,116.235001,118.839996,115.300003,116.870003,3408900,0.000000,0.000000,116.235001,118.839996,115.300003,116.870003,109.421501,114.663001,110.117201,131.575150,112.899280,112.421885,0.477395,-0.692215,1.169610,55.931673,109.421501,118.669728,100.173275,0.902699,5.564495,0.047613,-0.009072,0.040231,0.001371,0.080729,-0.289760,-0.315509,0.589478,-0.461031,-0.435983,0.311967,5058065.000000,398398153.226700,0.195086
2022-10-20,116.349998,120.559998,116.000000,117.000000,3962200,0.000000,0.000000,116.349998,120.559998,116.000000,117.000000,110.085501,114.628401,110.082201,131.306150,113.530160,112.761005,0.769156,-0.399941,1.169096,56.084281,110.085501,119.515293,100.655709,0.866630,5.492745,0.046947,0.001112,0.038615,0.026226,0.125325,-0.259072,-0.310792,0.583061,-0.460432,-0.435355,0.313426,4836205.000000,463577400.000000,0.228355
2022-10-21,116.760002,120.339996,114.639999,119.949997,4146100,0.000000,0.000000,116.760002,120.339996,114.639999,119.949997,110.995501,114.597401,110.073000,131.094650,114.517828,113.293523,1.224305,-0.075092,1.299397,59.510880,110.995501,120.550223,101.440779,0.968590,5.507549,0.045915,0.025214,0.098846,0.156479,0.142925,-0.231533,-0.296481,0.481515,-0.446827,-0.421119,0.346542,4731230.000000,497324682.561700,0.221256
2022-10-24,118.330002,119.070000,112.823997,116.389999,4452800,0.000000,0.000000,118.330002,119.070000,112.823997,116.389999,111.653501,114.435001,110.069700,130.877850,114.805854,113.522891,1.282963,0.196519,1.086443,54.031824,111.653501,120.758488,102.548514,0.760105,5.623152,0.048313,-0.029679,-0.000944,0.143882,0.142086,-0.265168,-0.301548,0.490233,-0.463245,-0.438299,0.306578,4689930.000000,518261387.547200,0.194839
2022-10-25,115.370003,119.379997,112.629997,118.449997,6278900,0.000000,0.000000,115.370003,119.379997,112.629997,118.449997,112.257500,114.283201,110.041600,130.639850,115.366491,113.887862,1.478629,0.452941,1.025688,56.526074,112.257500,121.488563,103.026438,0.835416,5.703642,0.048152,0.017699,0.004324,0.147438,0.103297,-0.226019,-0.300106,0.490976,-0.453745,-0.428358,0.329704,4749825.000000,743735686.163300,0.172552
2022-10-26,117.000000,119.910004,114.970001,115.309998,4263100,0.000000,0.000000,117.000000,119.910004,114.970001,115.309998,112.488500,114.105801,109.996400,130.412850,115.357800,113.993205,1.364595,0.635272,0.729323,51.903081,112.488500,121.785392,103.191609,0.651744,5.649096,0.048991,-0.026509,-0.013348,0.084046,0.059445,-0.242528,-0.326224,0.496369,-0.468225,-0.443511,0.294454,4737070.000000,491578052.473800,0.157418
2022-10-27,116.050003,116.370003,111.925003,112.059998,4594000,0.000000,0.000000,116.050003,116.370003,111.925003,112.059998,112.758500,113.909600,109.896800,130.130100,114.850446,113.850005,1.000441,0.708306,0.292135,47.566804,112.758500,121.647371,103.869629,0.460709,5.563089,0.049644,-0.028185,-0.042222,0.012377,0.009731,-0.298485,-0.337315,0.490144,-0.483213,-0.459196,0.257970,4753795.000000,514803630.812000,0.138701
2022-10-28,111.190002,115.250000,110.389999,115.209999,4757300,0.000000,0.000000,111.190002,115.250000,110.389999,115.209999,113.267000,113.788400,109.819900,129.858450,114.905762,113.950745,0.955017,0.757648,0.197369,51.772435,113.267000,121.430724,105.103276,0.619002,5.512869,0.047851,0.028110,-0.039516,0.080161,0.036061,-0.248026,-0.329004,0.478870,-0.468687,-0.443994,0.293332,4754130.000000,548088528.242700,0.138457
2022-10-31,113.059998,113.800003,106.669998,106.910004,10733800,0.000000,0.000000,113.059998,113.800003,106.669998,106.910004,113.362500,113.631400,109.651300,129.563000,113.675645,113.429209,0.246436,0.655406,-0.408969,42.173622,113.362500,121.155291,105.569709,0.085996,5.729092,0.053588,-0.072042,-0.081450,0.017803,-0.081055,-0.300236,-0.373550,0.543828,-0.506964,-0.484050,0.200157,4980375.000000,1147550600.935200,0.029126
2022-11-01,110.964996,113.099998,108.000000,109.050003,15979800,0.000000,0.000000,110.964996,113.099998,108.000000,109.050003,113.274500,113.584601,109.584600,129.288300,112.964008,113.104823,-0.140815,0.496161,-0.636977,45.004781,113.274500,121.226773,105.322228,0.234384,5.762014,0.052838,0.020017,-0.079358,0.038571,-0.051904,-0.247931,-0.375430,0.547565,-0.497095,-0.473722,0.224181,5537615.000000,1742597237.939400,0.088393
2022-11-02,102.644997,104.980003,94.250000,94.410004,29191400,0.000000,0.000000,102.644997,104.980003,94.250000,94.410004,112.407000,113.240801,109.439600,128.986900,110.109546,111.720022,-1.610476,0.074834,-1.685310,33.074639,112.407000,124.004713,100.809288,-0.275886,6.407584,0.067870,-0.134250,-0.181250,-0.148001,-0.208103,-0.395505,-0.453867,0.691447,-0.564610,-0.544375,0.059834,6796750.000000,2755960190.765600,-0.035486
2022-11-03,94.080002,95.309998,91.272003,92.019997,10099300,0.000000,0.000000,94.080002,95.309998,91.272003,92.019997,111.429000,112.791001,109.370500,128.674100,107.326538,110.260761,-2.934222,-0.526977,-2.407245,31.601845,111.429000,126.188291,96.669709,-0.157518,6.238328,0.067793,-0.025315,-0.178833,-0.176629,-0.214243,-0.356908,-0.467692,0.692007,-0.575632,-0.555909,0.033004,7129390.000000,929337555.702100,-0.031379
2022-11-04,94.995003,96.160004,92.010002,96.089996,9717400,0.000000,0.000000,94.995003,96.160004,92.010002,96.089996,110.806500,112.372201,109.342700,128.364550,105.597839,109.211074,-3.613235,-1.144229,-2.469006,36.765761,110.806500,127.054012,94.558988,0.047115,6.089162,0.063369,0.044230,-0.165958,-0.138824,-0.170351,-0.292624,-0.461530,0.715390,-0.556862,-0.536268,0.078693,7447625.000000,933744927.130400,0.001204
2022-11-07,96.760002,97.250000,93.279999,95.459999,7972700,0.000000,0.000000,96.760002,97.250000,93.279999,95.459999,110.030000,112.025001,109.282600,128.058200,104.038172,108.192476,-4.154305,-1.746244,-2.408061,36.308804,110.030000,127.665701,92.394299,0.086917,5.937793,0.062202,-0.006556,-0.107099,-0.120509,-0.165851,-0.200302,-0.526535,0.711259,-0.559768,-0.539308,0.071621,7649000.000000,761073934.027300,-0.011423
2022-11-08,95.529999,101.918999,94.269997,98.900002,7829400,0.000000,0.000000,95.529999,101.918999,94.269997,98.900002,109.634000,111.732201,109.339000,127.813200,103.247684,107.504145,-4.256461,-2.248287,-2.008173,40.646726,109.634000,127.916990,91.351010,0.206449,6.060022,0.061274,0.036036,-0.093077,-0.108929,-0.167018,-0.148368,-0.506290,0.719343,-0.543903,-0.522706,0.110238,7755635.000000,774327675.658800,0.007127
2022-11-09,97.750000,99.089996,95.150002,95.790001,4650900,0.000000,0.000000,97.750000,99.089996,95.150002,95.790001,108.806000,111.396801,109.302000,127.569350,102.100348,106.636430,-4.536082,-2.705846,-1.830236,38.118998,108.806000,128.045979,89.566022,0.161746,5.908592,0.061683,-0.031446,0.014617,-0.103258,-0.211605,-0.175291,-0.507962,0.716097,-0.558246,-0.537715,0.075326,7710805.000000,445509715.650900,-0.021718
2022-11-10,100.910004,102.500000,99.040001,102.400002,7343000,0.000000,0.000000,100.910004,102.500000,99.040001,102.400002,108.293500,111.182401,109.303300,127.370650,102.146449,106.322621,-4.176172,-2.999912,-1.176261,45.829664,108.293500,127.648070,88.938931,0.347749,5.965835,0.058260,0.069005,0.112802,-0.088562,-0.177576,-0.116785,-0.467277,0.735294,-0.527762,-0.505815,0.149529,7769330.000000,751923214.686000,-0.029419
2022-11-11,103.449997,109.769997,102.160004,109.570000,6864400,0.000000,0.000000,103.449997,109.769997,102.160004,109.570000,108.314000,111.105801,109.403700,127.226450,103.288534,106.563168,-3.274634,-3.054856,-0.219778,52.712716,108.314000,127.673302,88.954698,0.532439,6.083275,0.055520,0.070020,0.140285,-0.027341,-0.130673,-0.097818,-0.428161,0.778013,-0.494697,-0.471213,0.230018,7862465.000000,752132308.000000,0.006798
2022-11-14,107.739998,108.690002,105.040001,105.160004,4951400,0.000000,0.000000,107.739998,108.690002,105.040001,105.160004,107.747000,110.936201,109.498100,127.038400,103.576452,106.459229,-2.882777,-3.020440,0.137663,48.620637,107.747000,126.757936,88.736064,0.431960,5.972327,0.056793,-0.040248,0.101613,-0.036643,-0.153165,-0.081091,-0.490849,0.783286,-0.515034,-0.492496,0.180512,7838840.000000,520689243.805600,-0.007672
2022-11-15,109.269997,111.235001,106.599998,107.010002,5357400,0.000000,0.000000,109.269997,111.235001,106.599998,107.010002,107.200500,110.802401,109.533100,126.803600,104.104691,106.500027,-2.395337,-2.895420,0.500083,50.361502,107.200500,125.596136,88.804865,0.494822,5.979660,0.055879,0.017592,0.082002,-0.081459,-0.121933,-0.089277,-0.483567,0.747167,-0.506502,-0.483143,0.201280,7827710.000000,573295384.714800,0.000164
2022-11-16,107.699997,107.699997,104.379997,104.430000,3681800,0.000000,0.000000,107.699997,107.699997,104.379997,104.430000,106.578500,110.569601,109.562400,126.541050,104.154738,106.346692,-2.191954,-2.754726,0.562773,47.922836,106.578500,124.430735,88.726265,0.439825,5.789685,0.055441,-0.024110,0.090197,-0.114550,-0.138864,-0.033324,-0.495605,0.748432,-0.518401,-0.488915,0.172317,7841355.000000,384490374.000000,-0.001445
2022-11-17,101.830002,101.980003,98.849998,99.300003,5181200,0.000000,0.000000,101.830002,101.980003,98.849998,99.300003,105.693500,110.184001,109.580100,126.278750,103.407856,105.824715,-2.416859,-2.687153,0.270294,43.420572,105.693500,123.120281,88.266720,0.316561,5.774707,0.058154,-0.049124,-0.030273,-0.150338,-0.134716,-0.130244,-0.501281,0.764086,-0.542059,-0.514021,0.114728,7902305.000000,514493175.543600,-0.011911
2022-11-18,100.839996,100.839996,96.599998,97.769997,5913100,0.000000,0.000000,100.839996,100.839996,96.599998,97.769997,104.584500,109.669801,109.618500,126.019750,102.540493,105.228069,-2.687576,-2.687238,-0.000339,42.148729,104.584500,120.983966,88.185034,0.292234,5.665085,0.057943,-0.015408,-0.107694,-0.164359,-0.122273,-0.131319,-0.521509,0.764131,-0.549115,-0.502240,0.097553,7990655.000000,578123769.260700,-0.022487
2022-11-21,97.010002,97.849998,93.919998,95.709999,5145700,0.000000,0.000000,97.010002,97.849998,93.919998,95.709999,103.550500,109.088201,109.684800,125.720500,101.489648,104.523027,-3.033379,-2.756466,-0.276913,40.431546,103.550500,119.414930,87.686070,0.252891,5.541151,0.057895,-0.021070,-0.089863,-0.202084,-0.142384,-0.155102,-0.512728,0.756034,-0.558615,-0.487195,0.074427,8025300.000000,492494941.854300,-0.032800
2022-11-22,93.529999,95.370003,92.980003,95.279999,5951600,0.000000,0.000000,93.529999,95.370003,92.980003,95.279999,102.392000,108.563001,109.723500,125.407350,100.534317,103.838358,-3.304041,-2.865981,-0.438060,40.064619,102.392000,117.010261,87.773739,0.256743,5.340354,0.056049,-0.004493,-0.109616,-0.181373,-0.167933,-0.103163,-0.475706,0.752625,-0.560598,-0.489499,0.069600,8008935.000000,567068442.048400,-0.066809
2022-11-23,95.559998,97.050003,94.339996,96.629997,4337600,0.000000,0.000000,95.559998,97.050003,94.339996,96.629997,101.458000,107.959600,109.730400,125.079200,99.933653,103.304406,-3.370753,-2.966935,-0.403818,41.848913,101.458000,114.944237,87.971763,0.321003,5.152472,0.053322,0.014169,-0.074691,-0.184213,-0.174314,-0.124728,-0.457957,0.751182,-0.554372,-0.482265,0.084755,8012660.000000,419142274.987200,-0.067192
2022-11-25,96.970001,98.830002,96.760002,97.669998,2245100,0.000000,0.000000,96.970001,98.830002,96.760002,97.669998,100.738500,107.412200,109.778300,124.719900,99.585398,102.887042,-3.301644,-3.033877,-0.267767,43.250533,100.738500,113.350243,88.126757,0.378347,4.941581,0.050595,0.010763,-0.016415,-0.152979,-0.134285,-0.145494,-0.457057,0.751051,-0.549576,-0.476693,0.096430,7895215.000000,219278912.509800,-0.058896
2022-11-28,97.000000,98.320000,94.809998,95.300003,5133900,0.000000,0.000000,97.000000,98.320000,94.809998,95.300003,99.743000,106.943200,109.756300,124.336650,98.926106,102.325039,-3.398933,-3.106888,-0.292044,40.835050,99.743000,110.560616,88.925385,0.294641,4.839326,0.050780,-0.024265,-0.025263,-0.149563,-0.160648,-0.209129,-0.451858,0.749765,-0.560505,-0.489391,0.069825,7914045.000000,489260685.401700,-0.080086
2022-11-29,96.099998,97.260002,95.300003,95.379997,3694000,0.000000,0.000000,96.099998,97.260002,95.300003,95.379997,99.166500,106.475200,109.736600,123.980900,98.380551,101.810592,-3.430041,-3.171519,-0.258522,40.954915,99.166500,109.597947,88.735053,0.318505,4.633660,0.048581,0.000839,-0.003448,-0.172120,-0.152630,-0.210888,-0.470347,0.739747,-0.560137,-0.488963,0.070723,7562055.000000,352333708.918000,-0.076946
2022-11-30,95.860001,102.250000,95.720001,102.139999,8387500,0.000000,0.000000,95.860001,102.250000,95.720001,102.139999,98.821000,106.183800,109.807000,123.643300,98.958928,101.834992,-2.876064,-3.112428,0.236363,50.146602,98.821000,108.287198,89.354801,0.675308,4.793398,0.046930,0.070874,0.071998,-0.044617,-0.097065,-0.124914,-0.408021,0.749184,-0.528961,-0.452743,0.146610,7182440.000000,856699241.612500,-0.067597
2022-12-01,101.489998,102.760002,99.550003,101.269997,5040300,0.000000,0.000000,101.489998,102.760002,99.550003,101.269997,99.164000,105.929000,109.854200,123.249300,99.314477,101.793141,-2.478664,-2.985675,0.507011,49.087493,99.164000,108.452703,89.875296,0.613363,4.680298,0.046216,-0.008518,0.048018,-0.071343,-0.106967,-0.164852,-0.379016,0.745571,-0.532974,-0.457405,0.136843,5974885.000000,510431165.879100,-0.081283
2022-12-02,99.250000,101.739998,98.970001,101.000000,4128600,0.000000,0.000000,99.250000,101.739998,98.970001,101.000000,99.613000,105.874600,109.907800,122.821100,99.573788,101.734390,-2.160601,-2.820660,0.660059,48.743430,99.613000,108.296101,90.929899,0.579868,4.543848,0.044989,-0.002666,0.034094,0.069802,-0.111228,-0.157139,-0.404481,0.571473,-0.534219,-0.458851,0.133812,5676350.000000,416988600.000000,-0.096667
2022-12-05,100.000000,101.169998,98.040001,98.510002,3601500,0.000000,0.000000,100.000000,101.169998,98.040001,98.510002,99.734000,105.809800,109.982400,122.395650,99.410129,101.495546,-2.085417,-2.673612,0.588194,45.571077,99.734000,108.276703,91.191297,0.428360,4.442859,0.045101,-0.024653,0.033683,0.070528,-0.133597,-0.192673,-0.409235,0.571052,-0.545702,-0.472192,0.105860,5370555.000000,354783772.203000,-0.107181
2022-12-06,98.250000,98.500000,91.900002,93.120003,8380900,0.000000,0.000000,98.250000,98.500000,91.900002,93.120003,99.617000,105.607600,109.967000,121.986750,98.442417,100.875135,-2.432718,-2.625433,0.192715,39.567879,99.617000,108.464819,90.769182,0.132848,4.597655,0.049373,-0.054715,-0.023695,-0.030908,-0.197725,-0.242311,-0.485098,0.585588,-0.570559,-0.501072,0.045353,5390965.000000,780429433.142700,-0.131832
2022-12-07,88.805000,91.669998,86.879997,91.500000,12640500,0.000000,0.000000,88.805000,91.669998,86.879997,91.500000,99.247000,105.310200,109.905300,121.618050,97.374353,100.180681,-2.806328,-2.661612,-0.144716,37.949747,99.247000,108.810991,89.683010,0.094991,4.714966,0.051530,-0.017397,-0.104171,-0.041483,-0.228369,-0.260726,-0.500382,0.588116,-0.578030,-0.509751,0.027167,5631520.000000,1156605750.000000,-0.152196
2022-12-08,92.970001,95.610001,91.750000,94.830002,6115700,0.000000,0.000000,92.970001,95.610001,91.750000,94.830002,99.199000,104.993000,109.831600,121.342000,96.982914,99.784334,-2.801420,-2.689574,-0.111846,43.100743,99.199000,108.845325,89.552675,0.273541,4.671754,0.049265,0.036393,-0.063592,-0.041153,-0.232021,-0.180522,-0.491501,0.588404,-0.562673,-0.491910,0.064549,5704760.000000,579951843.231400,-0.146958
2022-12-09,93.839996,96.667999,93.239998,94.699997,4405800,0.000000,0.000000,93.839996,96.667999,93.239998,94.699997,98.814000,104.753800,109.701300,121.024200,96.631696,99.407717,-2.776021,-2.706863,-0.069157,42.950837,98.814000,108.536737,89.091263,0.288434,4.582914,0.048394,-0.001371,-0.062376,-0.011379,-0.241125,-0.130475,-0.478122,0.578159,-0.563272,-0.492606,0.063089,5557900.000000,417229246.782600,-0.138260
2022-12-12,93.760002,95.959999,93.489998,95.580002,4664100,0.000000,0.000000,93.760002,95.959999,93.489998,95.580002,98.114500,104.564600,109.575700,120.726650,96.469897,99.124182,-2.654285,-2.696347,0.042062,44.361489,98.114500,106.500031,89.728969,0.348877,4.431992,0.046369,0.009293,-0.029743,-0.066602,-0.213592,-0.033862,-0.470236,0.522814,-0.559214,-0.487891,0.072968,5447885.000000,445794687.328200,-0.171487
2022-12-13,100.370003,100.650002,93.120003,93.339996,7378900,0.000000,0.000000,100.370003,100.650002,93.120003,93.339996,97.523500,104.331400,109.469400,120.435900,95.988374,98.695724,-2.707350,-2.698548,-0.008802,41.545424,97.523500,105.473044,89.573955,0.236871,4.653278,0.049853,-0.023436,0.002362,-0.148125,-0.263880,-0.055932,-0.454280,0.454671,-0.569544,-0.499893,0.047822,5569260.000000,688746496.484400,-0.224385
2022-12-14,93.540001,95.260002,91.209999,93.930000,6737800,0.000000,0.000000,93.540001,95.260002,91.209999,93.930000,96.869500,103.993800,109.359200,120.150500,95.671701,98.342707,-2.671007,-2.693040,0.022033,42.579363,96.869500,103.590131,90.148869,0.281308,4.610187,0.049081,0.006321,0.026557,-0.106790,-0.248800,-0.074308,-0.440760,0.440438,-0.566823,-0.496732,0.054445,5638280.000000,632881554.000000,-0.215779
2022-12-15,91.519997,92.709999,89.519997,90.610001,5332000,0.000000,0.000000,91.519997,92.709999,89.519997,90.610001,96.178500,103.570800,109.246200,119.815900,94.892978,97.769914,-2.876937,-2.729819,-0.147117,38.457229,96.178500,102.453147,89.903852,0.056270,4.595888,0.050722,-0.035345,-0.044501,-0.153257,-0.236968,-0.028415,-0.461104,0.444384,-0.582134,-0.514520,0.017176,5720790.000000,483132525.332000,-0.181251
2022-12-16,89.860001,91.290001,88.559998,89.570000,6830200,0.000000,0.000000,89.860001,91.290001,88.559998,89.570000,95.691999,103.130600,109.068300,119.505300,94.074058,97.162513,-3.088455,-2.801546,-0.286909,37.240974,95.691999,102.438664,88.945335,0.046294,4.462611,0.049823,-0.011478,-0.054171,-0.142296,-0.245917,-0.099708,-0.427229,0.440580,-0.586930,-0.520092,0.005501,5803240.000000,611781014.000000,-0.173996
2022-12-19,89.510002,89.760002,85.400002,85.930000,4717100,0.000000,0.000000,89.510002,89.760002,85.400002,85.930000,95.100000,102.678400,108.839200,119.221450,92.821126,96.330475,-3.509349,-2.943107,-0.566242,33.274453,95.100000,103.049542,87.150457,-0.076763,4.455281,0.051848,-0.040639,-0.100963,-0.134643,-0.263731,-0.159773,-0.455829,0.431219,-0.603717,-0.539595,0.000000,5743440.000000,405340403.000000,-0.186793
2022-12-20,86.709999,90.860001,86.519997,87.620003,7325800,0.000000,0.000000,86.709999,90.860001,86.519997,87.620003,94.695500,102.211000,108.605600,119.001600,92.020953,95.685255,-3.664302,-3.087346,-0.576956,36.648244,94.695500,103.309848,86.081152,0.089319,4.489190,0.051235,0.019667,-0.061281,-0.103815,-0.231471,-0.119662,-0.442727,0.439150,-0.595923,-0.530540,0.019667,5852445.000000,641886617.977400,-0.171483
2022-12-21,87.489998,88.790001,86.589996,87.070000,5594800,0.000000,0.000000,87.489998,88.790001,86.589996,87.070000,94.285000,101.816000,108.364300,118.726300,91.259268,95.047088,-3.787820,-3.227441,-0.560379,36.010109,94.285000,103.540662,85.029338,0.110239,4.325677,0.049680,-0.006277,-0.073033,-0.090273,-0.160528,-0.090368,-0.474405,0.435235,-0.598460,-0.533487,0.013267,5834605.000000,487139236.000000,-0.128230
2022-12-22,85.540001,86.089996,82.580002,84.870003,5643100,0.000000,0.000000,85.540001,86.089996,82.580002,84.870003,93.697000,101.266400,108.049600,118.409100,90.276304,94.293230,-4.016926,-3.385338,-0.631588,33.497560,93.697000,103.782403,83.611598,0.062387,4.337414,0.051107,-0.025267,-0.063348,-0.109257,-0.165897,-0.180079,-0.498671,0.441354,-0.608605,-0.545274,0.000000,5899880.000000,478929913.929300,-0.129845
2022-12-23,84.699997,85.510002,83.500000,85.250000,3057700,0.000000,0.000000,84.699997,85.510002,83.500000,85.250000,93.076000,100.718400,107.751900,118.076350,89.503027,93.623361,-4.120334,-3.532337,-0.587997,34.349620,93.076000,103.649076,82.502925,0.129909,4.171170,0.048929,0.004477,-0.048230,-0.117769,-0.174174,-0.160099,-0.502364,0.437273,-0.606853,-0.543238,0.004477,5940510.000000,260668925.000000,-0.145936
2022-12-27,84.779999,84.930000,82.830002,83.489998,3982400,0.000000,0.000000,84.779999,84.930000,82.830002,83.489998,92.485500,100.205000,107.394600,117.768100,88.577945,92.872742,-4.294796,-3.684829,-0.609967,32.286292,92.485500,103.826841,81.144159,0.103420,4.046086,0.048462,-0.020645,-0.028395,-0.145183,-0.215098,-0.143956,-0.513688,0.436007,-0.614970,-0.552668,0.000000,5882935.000000,332490568.035200,-0.171119
2022-12-28,83.250000,84.250000,81.910004,82.489998,4931700,0.000000,0.000000,83.250000,84.250000,81.910004,82.489998,91.841000,99.524800,107.048400,117.488050,87.641338,92.103649,-4.462311,-3.840325,-0.621986,31.141676,91.841000,103.930125,79.751875,0.113247,3.924223,0.047572,-0.011977,-0.058548,-0.134418,-0.254766,-0.121793,-0.513936,0.431965,-0.619581,-0.558026,0.000000,5944820.000000,406815923.136600,-0.178908
2022-12-29,82.970001,85.559998,82.290001,85.230003,4031300,0.000000,0.000000,82.970001,85.559998,82.290001,85.230003,90.995500,98.870600,106.742500,117.194450,87.270363,91.594490,-4.324127,-3.937086,-0.387041,37.662835,90.995500,102.397591,79.593410,0.247174,3.877492,0.045494,0.033216,-0.021132,-0.106416,-0.200919,-0.043220,-0.490982,0.452948,-0.606945,-0.543345,0.033216,5727010.000000,343587711.093900,-0.176759
2022-12-30,83.610001,86.059998,83.599998,85.500000,3372500,0.000000,0.000000,83.610001,86.059998,83.599998,85.500000,90.207000,98.243200,106.453100,116.843200,86.998000,91.143047,-4.145047,-3.978678,-0.166369,38.283082,90.207000,100.767473,79.646528,0.277141,3.776243,0.044167,0.003168,0.007423,-0.162914,-0.186024,-0.064654,-0.493423,0.361641,-0.605700,-0.541899,0.036489,5643620.000000,288348750.000000,-0.175704
