Date,Open,High,Low,Close,Volume,Dividends,Splits,AdjOpen,AdjHigh,AdjLow,AdjClose,sma20,sma50,sma100,sma200,ema12,ema26,macd,macd_signal,macd_hist,rsi14,bb_mid,bb_up,bb_low,bb_pctb,atr14,atr_pct,ret_1d,ret_1w,ret_1m,ret_3m,ret_6m,ret_12m,vol_21,drawdown,dist_52w_high,dist_52w_low,vol_sma20,turnover_sar,rs_bench_3m
2018-04-27,38.000000,40.889999,37.000000,39.730000,16392400,0.000000,0.000000,38.000000,40.889999,37.000000,39.730000,,,,,,,,,,50.000000,,,,,,,,,,,,,,0.000000,,,,651270052.000000,
2018-04-30,39.904999,40.189999,37.529999,38.630001,3312100,0.000000,0.000000,39.904999,40.189999,37.529999,38.630001,,,,,,,,,,50.000000,,,,,,,-0.027687,,,,,,,-0.027687,,,,127946426.312100,
2018-05-01,38.700001,39.889999,37.849998,39.450001,1285600,0.000000,0.000000,38.700001,39.889999,37.849998,39.450001,,,,,,,,,,50.000000,,,,,,,0.021227,,,,,,,-0.007048,,,,50716921.285600,
2018-05-02,39.849998,40.500000,38.750000,39.320000,1251300,0.000000,0.000000,39.849998,40.500000,38.750000,39.320000,,,,,,,,,,50.000000,,,,,,,-0.003295,,,,,,,-0.010320,,,,49201116.000000,
2018-05-03,39.689999,42.560001,38.810001,41.959999,2783600,0.000000,0.000000,39.689999,42.560001,38.810001,41.959999,,,,,,,,,,50.000000,,,,,,,0.067141,,,,,,,0.000000,,,,116799853.216400,
2018-05-04,42.400002,42.660000,41.009998,41.090000,763500,0.000000,0.000000,42.400002,42.660000,41.009998,41.090000,,,,,,,,,,50.000000,,,,,,,-0.020734,0.034231,,,,,,-0.020734,,,,31372215.000000,
2018-05-07,41.650002,41.911999,41.040001,41.310001,630800,0.000000,0.000000,41.650002,41.911999,41.040001,41.310001,,,,,,,,,,50.000000,,,,,,,0.005354,0.069376,,,,,,-0.015491,,,,26058348.630800,
2018-05-08,41.500000,43.680000,40.500000,43.220001,821200,0.000000,0.000000,41.500000,43.680000,40.500000,43.220001,,,,,,,,,,50.000000,,,,,,,0.046236,0.095564,,,,,,0.000000,,,,35492264.821200,
2018-05-09,44.439999,44.869999,43.244999,44.099998,1178100,0.000000,0.000000,44.439999,44.869999,43.244999,44.099998,,,,,,,,,,50.000000,,,,,,,0.020361,0.121567,,,,,,0.000000,,,,51954207.643800,
2018-05-10,44.880001,46.699001,43.660000,44.009998,1467900,0.000000,0.000000,44.880001,46.699001,43.660000,44.009998,,,,,,,,,,50.000000,,,,,,,-0.002041,0.048856,,,,,,-0.002041,,,,64602276.064200,
2018-05-11,44.560001,45.889999,44.009998,44.369999,761900,0.000000,0.000000,44.560001,45.889999,44.009998,44.369999,,,,,,,,,,50.000000,,,,,,,0.008180,0.079825,,,,,,0.000000,,,,33805502.238100,
2018-05-14,44.990002,45.727001,43.369999,44.189999,1031900,0.000000,0.000000,44.990002,45.727001,43.369999,44.189999,,,,,42.821373,,,,,50.000000,,,,,,,-0.004057,0.069717,,,,,,-0.004057,,,,45599659.968100,
2018-05-15,44.389999,45.730000,43.494999,45.459999,423000,0.000000,0.000000,44.389999,45.730000,43.494999,45.459999,,,,,43.279539,,,,,50.000000,,,,,,,0.028740,0.051828,,,,,,0.000000,,,,19229579.577000,
2018-05-16,45.340000,45.650002,44.560001,45.230000,299000,0.000000,0.000000,45.340000,45.650002,44.560001,45.230000,,,,,43.611640,,,,,50.000000,,,,,2.191554,0.048454,-0.005059,0.025624,,,,,,-0.005059,,,,13523770.000000,
2018-05-17,45.200001,46.400002,44.549999,44.900002,339400,0.000000,0.000000,45.200001,46.400002,44.549999,44.900002,,,,,43.827463,,,,,74.069031,,,,,2.155194,0.048000,-0.007296,0.020223,,,,,,-0.012318,,,,15239060.678800,
2018-05-18,44.750000,45.000000,44.360001,44.779999,350800,0.000000,0.000000,44.750000,45.000000,44.360001,44.779999,,,,,43.984877,,,,,72.615045,,,,,1.999352,0.044648,-0.002673,0.009240,,,,,,-0.014958,,,,15708823.649200,
2018-05-21,45.500000,45.500000,41.720001,42.980000,804400,0.000000,0.000000,45.500000,45.500000,41.720001,42.980000,,,,,43.820687,,,,,55.132755,,,,,2.176916,0.050650,-0.040196,-0.027382,,,,,,-0.054553,,,,34573112.000000,
2018-05-22,43.240002,44.720001,42.851002,43.049999,1062500,0.000000,0.000000,43.240002,44.720001,42.851002,43.049999,,,,,43.695952,,,,,55.580622,,,,,2.147056,0.049874,0.001629,-0.053014,,,,,,-0.053014,,,,45740623.937500,
2018-05-23,43.639999,45.619999,43.099998,45.419998,1125400,0.000000,0.000000,43.639999,45.619999,43.099998,45.419998,,,,,43.972771,,,,,67.433646,,,,,2.187049,0.048152,0.055052,0.004201,,,,,,-0.000880,,,,51115665.749200,
2018-05-24,45.939999,47.700001,45.296001,46.799999,1011700,0.000000,0.000000,45.939999,47.700001,45.296001,46.799999,43.000000,,,,44.423691,,,,,72.101833,43.000000,47.750493,38.249506,0.899958,2.207100,0.047160,0.030383,0.042316,,,,,,0.000000,,,1854825.000000,47347558.988300,
2018-05-25,47.230000,48.900002,46.106998,46.369999,678000,0.000000,0.000000,47.230000,48.900002,46.106998,46.369999,43.332000,,,,44.732369,,,,,68.792838,43.332000,48.048235,38.615764,0.822079,2.260137,0.048741,-0.009188,0.035507,,,,,,-0.009188,,,1069105.000000,31438859.322000,
2018-05-29,46.669998,49.330002,45.855000,48.430000,931100,0.000000,0.000000,46.669998,49.330002,45.855000,48.430000,43.822000,,,,45.316028,,,,,74.767282,43.822000,48.517630,39.126369,0.990669,2.368048,0.048896,0.044425,0.126803,0.218978,,,,0.439727,0.000000,,,950055.000000,45093173.000000,
2018-05-30,48.900002,51.000000,48.560001,49.990002,830900,0.000000,0.000000,48.900002,51.000000,48.560001,49.990002,44.349000,,,,46.050859,,,,,78.174839,44.349000,49.335461,39.362538,1.065632,2.385680,0.047723,0.032211,0.161208,0.294072,,,,0.424004,0.000000,,,927320.000000,41536692.661800,
2018-05-31,50.130001,51.201000,49.529999,49.810001,867100,0.000000,0.000000,50.130001,51.201000,49.529999,49.810001,44.873500,,,,46.639877,,,,,76.884651,44.873500,49.839436,39.907563,0.997036,2.324259,0.046662,-0.003601,0.096654,0.262611,,,,0.426418,-0.003601,,,908110.000000,43190251.867100,
2018-06-01,50.279999,50.740002,49.759998,50.119999,564700,0.000000,0.000000,50.279999,50.740002,49.759998,50.119999,45.281500,,,,47.183630,,,,,77.571183,45.281500,50.569927,39.993072,0.957461,2.210384,0.044102,0.006224,0.070940,0.274669,,,,0.423520,0.000000,,,797165.000000,28302763.435300,
2018-06-04,51.000000,54.150002,50.540001,53.650002,1121200,0.000000,0.000000,51.000000,54.150002,50.540001,53.650002,45.909500,,,,48.191551,46.442975,1.748577,,,83.559215,45.909500,52.021110,39.797890,1.133262,2.362508,0.044036,0.070431,0.156998,0.278599,,,,0.429039,0.000000,,,815050.000000,60152382.242400,
2018-06-05,54.290001,58.279999,52.000000,54.590000,2463600,0.000000,0.000000,54.290001,58.279999,52.000000,54.590000,46.573500,,,,49.186870,47.132817,2.054053,,,84.728439,46.573500,53.422222,39.724778,1.085255,2.686079,0.049205,0.017521,0.127194,0.328547,,,,0.412274,0.000000,,,906690.000000,134487924.000000,
2018-06-06,55.630001,57.380001,54.360001,57.360001,989500,0.000000,0.000000,55.630001,57.380001,54.360001,57.360001,47.280500,,,,50.456081,47.989712,2.466369,,,87.540441,47.280500,55.461407,39.099592,1.116038,2.713355,0.047304,0.050742,0.147429,0.388526,,,,0.429972,0.000000,,,915105.000000,56757720.989500,
2018-06-07,58.950001,59.860001,53.500000,55.990002,3617100,0.000000,0.000000,58.950001,59.860001,53.500000,55.990002,47.875000,,,,51.314208,48.653577,2.660630,,,79.721751,47.875000,56.778880,38.971120,0.955700,3.008205,0.053728,-0.023884,0.124071,0.295465,,,,0.436601,-0.023884,,,1037055.000000,202521436.234200,
2018-06-08,58.250000,60.450001,55.310001,57.919998,7147600,0.000000,0.000000,58.250000,60.450001,55.310001,57.919998,48.570500,,,,52.337297,49.415718,2.921579,,,82.141602,48.570500,58.334720,38.806280,0.978763,3.178962,0.054885,0.034470,0.155626,0.313379,,,,0.442395,0.000000,,,1321040.000000,413988977.704800,
2018-06-11,58.299999,60.000000,58.200001,59.540001,2131400,0.000000,0.000000,58.299999,60.000000,58.200001,59.540001,49.329000,,,,53.451685,50.241666,3.210020,,,83.880427,49.329000,60.031132,38.626868,0.977055,3.091692,0.051926,0.027970,0.109786,0.352874,,,,0.441385,0.000000,,,1389515.000000,126903558.131400,
2018-06-12,60.490002,63.349998,60.000000,61.820000,2408600,0.000000,0.000000,60.490002,63.349998,60.000000,61.820000,50.210500,,,,54.745287,51.179198,3.566089,,,85.953376,50.210500,61.981286,38.439714,0.993149,3.148282,0.050927,0.038294,0.132442,0.393284,,,,0.447923,0.000000,,,1458350.000000,148899652.000000,
2018-06-13,63.279999,64.970001,62.000000,63.770000,2126700,0.000000,0.000000,63.279999,64.970001,62.000000,63.770000,51.126000,,,,56.139329,52.191727,3.947602,,,87.440944,51.126000,64.125183,38.126817,0.986338,3.148416,0.049371,0.031543,0.111750,0.443087,,,,0.444509,0.000000,,,1543535.000000,135619659.000000,
2018-06-14,64.989998,65.816002,63.099998,63.529999,1932200,0.000000,0.000000,64.989998,65.816002,63.099998,63.529999,52.041000,,,,57.280250,53.097782,4.182468,3.397058,0.785410,86.230544,52.041000,65.844135,38.237865,0.916174,3.114826,0.049029,-0.003764,0.134667,0.397492,,,,0.448841,-0.003764,,,1625195.000000,122752664.067800,
2018-06-15,63.090000,64.580002,62.299999,63.950001,3584200,0.000000,0.000000,63.090000,64.580002,62.299999,63.950001,52.993500,,,,58.309339,53.959964,4.349375,3.610432,0.738943,86.580625,52.993500,67.340232,38.646768,0.881847,3.050379,0.047699,0.006611,0.104109,0.413885,,,,0.443588,0.000000,,,1787435.000000,229209593.584200,
2018-06-18,63.509998,66.191002,61.645000,63.900002,1553300,0.000000,0.000000,63.509998,66.191002,61.645000,63.900002,53.949500,,,,59.171548,54.745454,4.426095,3.788895,0.637200,86.299335,53.949500,68.537872,39.361128,0.841042,3.165176,0.049533,-0.000782,0.073228,0.423163,,,,0.439650,-0.000782,,,1847560.000000,99255873.106600,
2018-06-19,62.139999,64.699997,57.599998,63.869999,3791400,0.000000,0.000000,62.139999,64.699997,57.599998,63.869999,54.994000,,,,59.895885,55.462951,4.432935,3.927207,0.505727,86.118527,54.994000,69.263324,40.724677,0.811017,3.465594,0.054260,-0.000470,0.033161,0.426306,,,,0.438453,-0.001251,,,1996910.000000,242156714.208600,
2018-06-20,64.669998,66.800003,62.029999,62.459999,2381500,0.000000,0.000000,64.669998,66.800003,62.029999,62.459999,55.964500,,,,60.291056,56.010657,4.280399,4.001955,0.278444,77.862368,55.964500,69.431099,42.497901,0.741171,3.564697,0.057072,-0.022076,-0.020543,0.453234,,,,0.412160,-0.023299,,,2062860.000000,148748487.618500,
2018-06-21,63.060001,63.189999,57.470001,57.590000,3209100,0.000000,0.000000,63.060001,63.189999,57.470001,57.590000,56.573000,,,,59.874893,56.133766,3.741127,3.947390,-0.206263,57.395419,56.573000,69.100523,44.045477,0.540591,3.727704,0.064728,-0.077970,-0.093499,0.337747,,,,0.528483,-0.099453,,,2167045.000000,184812069.000000,
2018-06-22,58.900002,58.990002,55.000000,57.549999,4039300,0.000000,0.000000,58.900002,58.990002,55.000000,57.549999,57.110500,,,,59.516768,56.243734,3.273034,3.807600,-0.534566,57.262275,57.110500,68.764497,45.456504,0.518856,3.747459,0.065117,-0.000695,-0.100078,0.267063,,,,0.509504,-0.100078,,,2318425.000000,232461710.960700,
2018-06-25,55.580002,55.654999,52.049999,55.000000,2847100,0.000000,0.000000,55.580002,55.654999,52.049999,55.000000,57.542000,,,,58.821143,56.147504,2.673639,3.574239,-0.900600,49.395687,57.542000,68.110038,46.973962,0.379732,3.878940,0.070526,-0.044309,-0.139280,0.175214,,,,0.540016,-0.139953,,,2426880.000000,156590500.000000,
2018-06-26,55.490002,56.969002,54.900002,56.470001,1601600,0.000000,0.000000,55.490002,56.969002,54.900002,56.470001,57.944000,,,,58.459104,56.172374,2.286730,3.310806,-1.024076,53.372391,57.944000,67.627245,48.260756,0.423889,3.743639,0.066294,0.026727,-0.115860,0.217813,,,,0.539717,-0.116966,,,2460405.000000,90442353.601600,
2018-06-27,56.950001,57.200001,51.740002,51.770000,2267000,0.000000,0.000000,56.950001,57.200001,51.740002,51.770000,58.033000,,,,57.429229,55.833904,1.595325,2.961415,-1.366090,42.006217,58.033000,67.437127,48.628873,0.167008,3.871519,0.074783,-0.083230,-0.171150,0.068966,,,,0.613224,-0.190461,,,2532210.000000,117362590.000000,
2018-06-28,51.619999,54.000000,50.344002,53.040001,2312000,0.000000,0.000000,51.619999,54.000000,50.344002,53.040001,58.194500,,,,56.753529,55.619701,1.133828,2.590553,-1.456725,45.390426,58.194500,67.101851,49.287149,0.210660,3.855511,0.072691,0.024532,-0.079007,0.061012,,,,0.609321,-0.170602,,,2604455.000000,122628482.312000,
2018-06-29,53.669998,54.000000,51.831001,52.950001,1636900,0.000000,0.000000,53.669998,54.000000,51.831001,52.950001,58.336000,,,,56.168053,55.415550,0.752503,2.218656,-1.466152,45.189177,58.336000,66.781192,49.890808,0.181120,3.730596,0.070455,-0.001697,-0.079930,0.063040,,,,0.609076,-0.172009,,,2658065.000000,86673856.636900,
2018-07-02,52.459999,53.160000,50.500000,52.340000,1933500,0.000000,0.000000,52.459999,53.160000,50.500000,52.340000,58.270500,,,,55.578851,55.180926,0.397925,1.851120,-1.453194,43.772588,58.270500,66.887297,49.653703,0.155876,3.651509,0.069765,-0.011520,-0.048364,0.044294,,,,0.611221,-0.181548,,,2698680.000000,101199390.000000,
2018-07-03,52.459999,53.500000,51.849998,51.970001,721700,0.000000,0.000000,52.459999,53.500000,51.849998,51.970001,58.139500,,,,55.023427,54.936515,0.086912,1.495655,-1.408743,42.894246,58.139500,67.065991,49.213009,0.154428,3.504014,0.067424,-0.007069,-0.079688,-0.031314,,,,0.559955,-0.187334,,,2611585.000000,37506749.721700,
2018-07-05,52.490002,55.389999,51.592999,54.619999,2172000,0.000000,0.000000,52.490002,55.389999,51.592999,54.619999,58.002500,,,,54.961341,54.912471,0.048869,1.204580,-1.155710,50.548003,58.002500,67.062470,48.942530,0.313327,3.525556,0.064547,0.050991,0.055051,0.000550,,,,0.585265,-0.145895,,,2670710.000000,118634637.828000,
2018-07-06,54.750000,55.959999,54.070000,54.950001,1177600,0.000000,0.000000,54.750000,55.959999,54.070000,54.950001,57.950500,,,,54.959596,54.915317,0.044279,0.971419,-0.927140,51.421170,57.950500,67.070843,48.830158,0.335505,3.405553,0.061975,0.006042,0.036011,-0.042015,,,,0.556892,-0.140735,,,2548735.000000,64709121.177600,
2018-07-09,55.279999,56.490002,54.870998,55.349998,901400,0.000000,0.000000,55.279999,56.490002,54.870998,55.349998,57.822000,50.813400,,,55.019672,54.948217,0.071455,0.790743,-0.719288,52.515604,57.822000,67.016272,48.627728,0.365568,3.274725,0.059164,0.007279,0.045326,-0.011431,,,,0.551505,-0.134480,,,2236425.000000,49892488.197200,
2018-07-10,55.770000,55.770000,52.189999,52.369999,1583100,0.000000,0.000000,55.770000,55.770000,52.189999,52.369999,57.463500,51.066200,,,54.611948,54.753391,-0.141443,0.603741,-0.745184,44.476352,57.463500,66.930805,47.996195,0.230995,3.297040,0.062957,-0.053839,0.000573,-0.095822,,,,0.566678,-0.181079,,,2209010.000000,82906945.416900,
2018-07-11,52.000000,53.759998,51.610001,51.980000,1120300,0.000000,0.000000,52.000000,53.759998,51.610001,51.980000,56.971500,51.333200,,,54.206965,54.544130,-0.337165,0.415104,-0.752269,43.537022,56.971500,66.508025,47.434975,0.238296,3.213334,0.061819,-0.007447,0.000192,-0.126973,,,,0.554524,-0.187177,,,2144595.000000,58233194.000000,
2018-07-12,52.240002,56.439999,51.500000,55.369999,2377700,0.000000,0.000000,52.240002,56.439999,51.500000,55.369999,56.551500,51.651600,,,54.385919,54.606359,-0.220440,0.287749,-0.508188,52.857215,56.551500,65.552172,47.550828,0.434366,3.339144,0.060306,0.065217,0.013731,-0.104335,,,,0.588342,-0.134167,,,2157145.000000,131653246.622300,
2018-07-13,55.380001,56.000000,54.680000,55.330002,1038900,0.000000,0.000000,55.380001,56.000000,54.680000,55.330002,56.141500,51.971800,,,54.531180,54.660815,-0.129635,0.204142,-0.333778,52.746586,56.141500,64.529939,47.753061,0.451630,3.192233,0.057694,-0.000722,0.006915,-0.132351,,,,0.573827,-0.134793,,,2112480.000000,57482339.077800,
2018-07-16,55.250000,57.278999,54.900002,55.049999,830900,0.000000,0.000000,55.250000,57.278999,54.900002,55.049999,55.696500,52.233600,,,54.611006,54.690068,-0.079062,0.147431,-0.226493,51.927219,55.696500,63.242796,48.150204,0.457164,3.133142,0.056914,-0.005061,-0.005420,-0.133480,,,,0.573778,-0.139171,,,1974815.000000,45741044.169100,
2018-07-17,54.500000,55.400002,52.939999,54.090000,1461300,0.000000,0.000000,54.500000,55.400002,52.939999,54.090000,55.206000,52.493600,,,54.530845,54.645013,-0.114169,0.095059,-0.209228,49.110451,55.206000,61.710538,48.701462,0.414214,3.084291,0.057021,-0.017439,0.032843,-0.154183,,,,0.573078,-0.154183,,,1970215.000000,79041717.000000,
2018-07-18,53.930000,54.599998,52.910000,53.049999,939000,0.000000,0.000000,53.930000,54.599998,52.910000,53.049999,54.665000,52.728400,,,54.303006,54.525376,-0.222370,0.031523,-0.253893,46.187458,54.665000,59.788684,49.541315,0.342398,2.983219,0.056234,-0.019227,0.020585,-0.169797,,,,0.573991,-0.170446,,,1827595.000000,49813949.061000,
2018-07-19,52.930000,53.810001,51.930000,52.360001,1209100,0.000000,0.000000,52.930000,53.810001,51.930000,52.360001,54.160000,52.911200,,,54.004063,54.363108,-0.359045,-0.046640,-0.312405,44.303419,54.160000,57.834899,50.485101,0.255095,2.903332,0.055449,-0.013007,-0.054362,-0.180210,,,,0.573509,-0.181235,,,1768975.000000,63308477.209100,
2018-07-20,52.250000,52.764999,51.709999,52.209999,663100,0.000000,0.000000,52.250000,52.764999,51.709999,52.209999,53.891000,53.073400,,,53.728039,54.201899,-0.473860,-0.132127,-0.341733,43.884328,53.891000,57.285688,50.496312,0.252407,2.769620,0.053048,-0.002865,-0.056389,-0.164105,,,,0.571759,-0.183581,,,1641675.000000,34620450.336900,
2018-07-23,51.970001,55.849998,51.750000,55.529999,1260300,0.000000,0.000000,51.970001,55.849998,51.750000,55.529999,53.790000,53.303800,,,54.005276,54.301258,-0.295983,-0.164912,-0.131071,54.209028,53.790000,56.827748,50.752252,0.786396,2.865774,0.051608,0.063589,0.008719,-0.035770,,,,0.563308,-0.131665,-0.131665,0.437484,1502725.000000,69984457.739700,
2018-07-24,56.119999,57.500000,52.900002,53.790001,1763700,0.000000,0.000000,56.119999,57.500000,52.900002,53.790001,53.729500,53.492200,,,53.972155,54.263038,-0.290883,-0.190114,-0.100768,49.109243,53.729500,56.713503,50.745497,0.510138,2.991010,0.055605,-0.031334,-0.005546,-0.065334,,,,0.572926,-0.158874,-0.158874,0.392441,1448555.000000,94869424.763700,
2018-07-25,53.759998,55.661999,53.759998,54.689999,555400,0.000000,0.000000,53.759998,55.661999,53.759998,54.689999,53.640500,53.702200,,,54.082596,54.294935,-0.212338,-0.194560,-0.017778,51.643289,53.640500,56.376193,50.904807,0.691816,2.912430,0.053253,0.016732,0.030914,-0.005636,,,,0.555682,-0.144801,-0.144801,0.415739,1396245.000000,30374825.444600,
2018-07-26,54.009998,55.880001,53.770000,55.509998,1622600,0.000000,0.000000,54.009998,55.880001,53.770000,55.509998,53.827500,53.903200,,,54.302203,54.385651,-0.083448,-0.172333,0.088885,53.895827,53.827500,56.536003,51.118996,0.810596,2.854571,0.051424,0.014994,0.060160,-0.017000,,,,0.550114,-0.131978,-0.131978,0.436966,1364025.000000,90070522.754800,
2018-07-27,56.730000,57.000000,53.500000,54.820000,1317500,0.000000,0.000000,56.730000,57.000000,53.500000,54.820000,53.916500,54.095000,,,54.381865,54.418060,-0.036194,-0.145101,0.108906,51.712927,53.916500,56.633016,51.199983,0.666298,2.901078,0.052920,-0.012430,0.049990,0.058914,0.379814,,,0.463371,-0.142768,-0.142768,0.419104,1314300.000000,72225350.000000,0.293067
2018-07-30,54.919998,55.240002,50.060001,51.709999,2140100,0.000000,0.000000,54.919998,55.240002,50.060001,51.709999,53.854500,54.231200,,,53.970801,54.216105,-0.245304,-0.165144,-0.080160,43.216675,53.854500,56.716596,50.992403,0.125362,3.065186,0.059276,-0.056731,-0.068792,-0.025075,0.338597,,,0.500129,-0.191400,-0.191400,0.338597,1339460.000000,110664568.859900,0.258819
2018-07-31,51.889999,54.959999,51.509998,53.900002,1178200,0.000000,0.000000,51.889999,54.959999,51.509998,53.900002,53.932500,54.413600,,,53.959909,54.192544,-0.232635,-0.178644,-0.053991,49.507711,53.932500,56.704418,51.160582,0.494138,3.092881,0.057382,0.042352,0.002045,0.017941,0.366286,,,0.521872,-0.157154,-0.157154,0.395289,1301695.000000,63504982.356400,0.290405
2018-08-01,54.299999,56.150002,54.195000,55.750000,895500,0.000000,0.000000,54.299999,56.150002,54.195000,55.750000,54.121500,54.669000,,,54.235311,54.308580,-0.073268,-0.157567,0.084299,54.130815,54.121500,56.845052,51.397947,0.798966,3.032252,0.054390,0.034323,0.019382,0.065151,0.417854,,,0.531688,-0.128225,-0.128225,0.443179,1310385.000000,49924125.000000,0.332457
2018-08-02,55.389999,59.180000,55.000000,58.910000,1361100,0.000000,0.000000,55.389999,59.180000,55.000000,58.910000,54.336000,54.986200,,,54.954503,54.651254,0.303249,-0.065397,0.368646,60.742755,54.336000,57.799958,50.872042,1.160227,3.114769,0.052873,0.056682,0.061250,0.133539,0.403956,,,0.560730,-0.078812,-0.078812,0.524981,1269840.000000,80182401.000000,0.303148
2018-08-03,59.150002,59.599998,56.250000,57.009998,858300,0.000000,0.000000,59.150002,59.599998,56.250000,57.009998,54.439000,55.218000,,,55.270736,54.826843,0.443893,0.036466,0.407427,55.557149,54.439000,58.096907,50.781092,0.851430,3.131672,0.054932,-0.032253,0.039949,0.043757,0.387442,,,0.551726,-0.108522,-0.108522,0.475796,1253875.000000,48931681.283400,0.303889
2018-08-06,57.160000,60.389999,57.160000,60.000000,957300,0.000000,0.000000,57.160000,60.389999,57.160000,60.000000,54.671500,55.482000,,,55.998321,55.211801,0.786520,0.186483,0.600037,61.174417,54.671500,59.086070,50.256929,1.103513,3.149510,0.052492,0.052447,0.160317,0.091902,0.452433,,,0.578146,-0.061767,-0.061767,0.553197,1256670.000000,57438000.000000,0.370609
2018-08-07,60.750000,60.950001,59.456001,59.889999,919600,0.000000,0.000000,60.750000,60.950001,59.456001,59.889999,55.047500,55.752400,,,56.597045,55.559808,1.037237,0.356640,0.680597,60.869604,55.047500,59.896338,50.198661,0.999346,3.030642,0.050603,-0.001833,0.111132,0.082024,0.385701,,,0.578520,-0.063487,-0.063487,0.550349,1223495.000000,55074843.080400,0.300828
2018-08-08,59.450001,61.810001,59.200001,61.349998,854600,0.000000,0.000000,59.450001,61.810001,59.200001,61.349998,55.516000,56.010800,,,57.328273,55.990400,1.337873,0.552892,0.784981,63.471199,55.516000,60.898240,50.133759,1.041967,3.000451,0.048907,0.024378,0.100448,0.171472,0.391156,,,0.541600,-0.040657,-0.040657,0.588144,1210210.000000,52429708.290800,0.316439
2018-08-09,61.669998,62.150002,60.174999,60.450001,820200,0.000000,0.000000,61.669998,62.150002,60.174999,60.450001,55.770000,56.220000,,,57.808541,56.321945,1.486597,0.739637,0.746959,60.788215,55.770000,61.585282,49.954717,0.902388,2.926876,0.048418,-0.014670,0.026142,0.162947,0.373552,,,0.544783,-0.054730,-0.054730,0.564846,1132335.000000,49581090.820200,0.307811
2018-08-10,60.299999,60.450001,57.119999,58.200001,1525100,0.000000,0.000000,60.299999,60.450001,57.119999,58.200001,55.913500,56.387800,,,57.868766,56.461529,1.407237,0.873159,0.534077,54.576993,55.913500,61.823930,50.003069,0.693429,2.955791,0.050787,-0.037221,0.020874,0.051111,0.311697,,,0.523843,-0.089914,-0.089914,0.506601,1156645.000000,88760821.525100,0.252770
2018-08-13,58.099998,58.380001,55.570000,56.139999,962100,0.000000,0.000000,58.099998,58.380001,55.570000,56.139999,55.968000,56.508200,,,57.602801,56.437638,1.165163,0.931561,0.233602,49.581826,55.968000,61.864991,50.071008,0.514584,2.945337,0.052464,-0.035395,-0.064333,0.014639,0.270423,,,0.540365,-0.122127,-0.122127,0.453275,1163205.000000,54012293.037900,0.215320
2018-08-14,56.560001,58.224998,55.730000,57.849998,590800,0.000000,0.000000,56.560001,58.224998,55.730000,57.849998,56.156000,56.592200,,,57.640831,56.542559,1.098272,0.964904,0.133368,53.394993,56.156000,62.040628,50.271371,0.643934,2.913054,0.050355,0.030460,-0.034062,0.050863,0.272547,,,0.549086,-0.095387,-0.095387,0.497541,1119680.000000,34177778.818400,0.201915
2018-08-15,57.250000,57.799999,55.299999,56.150002,779500,0.000000,0.000000,57.250000,57.799999,55.299999,56.150002,56.311000,56.623400,,,57.411472,56.513403,0.898069,0.951537,-0.053467,49.395348,56.311000,62.011588,50.610411,0.485879,2.887035,0.051416,-0.029386,-0.084760,0.038085,0.241433,,,0.556184,-0.121970,-0.121970,0.453534,1111705.000000,43768926.559000,0.190635
2018-08-16,56.959999,57.910000,56.060001,57.689999,620200,0.000000,0.000000,56.959999,57.910000,56.060001,57.689999,56.577500,56.630000,,,57.454323,56.600774,0.853548,0.931939,-0.078391,52.841523,56.577500,61.991520,51.163480,0.602742,2.812732,0.048756,0.027426,-0.045658,0.087465,0.284855,,,0.556846,-0.097889,-0.097889,0.493399,1082260.000000,35779337.379800,0.227415
2018-08-17,57.470001,59.400002,56.355000,58.680000,611200,0.000000,0.000000,57.470001,59.400002,56.355000,58.680000,56.901000,56.683800,,,57.642889,56.755144,0.887744,0.923100,-0.035355,54.964767,56.901000,61.978972,51.823027,0.675168,2.829370,0.048217,0.017161,0.008247,0.120703,0.310406,,,0.554641,-0.082408,-0.082408,0.519027,1079665.000000,35865216.000000,0.247588
2018-08-20,58.910000,62.000000,57.900002,61.220001,1395400,0.000000,0.000000,58.910000,62.000000,57.900002,61.220001,57.185500,56.749800,,,58.193215,57.086577,1.106638,0.959808,0.146830,59.947347,57.185500,62.568473,51.802527,0.874747,2.920372,0.047703,0.043286,0.090488,0.172572,0.424383,,,0.568200,-0.042690,-0.042690,0.584779,1086420.000000,85426389.395400,0.366638
2018-08-21,61.689999,63.799999,61.560001,62.500000,1380900,0.000000,0.000000,61.689999,63.799999,61.560001,62.500000,57.621000,56.809000,,,58.855798,57.488359,1.367438,1.041334,0.326104,62.216011,57.621000,63.250979,51.991020,0.933305,2.895999,0.046336,0.020908,0.080380,0.125518,0.451800,,,0.534000,-0.022674,-0.022674,0.617913,1067280.000000,86306250.000000,0.386650
2018-08-22,62.299999,63.367001,60.340000,61.840000,870200,0.000000,0.000000,62.299999,63.367001,60.340000,61.840000,57.978500,56.809400,,,59.314906,57.811290,1.503617,1.133791,0.369826,60.318821,57.978500,63.731527,52.225473,0.835606,2.905378,0.046982,-0.010560,0.101336,0.149656,0.361515,,,0.520282,-0.032995,-0.032995,0.600828,1083020.000000,53813168.000000,0.299147
2018-08-23,61.860001,64.939003,61.860001,63.900002,1279300,0.000000,0.000000,61.860001,64.939003,61.860001,63.900002,58.398000,56.812000,,,60.020306,58.263065,1.757241,1.258481,0.498760,64.007948,58.398000,64.599245,52.196755,0.943621,2.919238,0.045684,0.033312,0.107644,0.168404,0.365385,,,0.527243,-0.000782,-0.000782,0.654155,1065855.000000,81747272.558600,0.304231
2018-08-24,64.250000,67.209999,64.000000,65.540001,1133400,0.000000,0.000000,64.250000,67.209999,64.000000,65.540001,58.934000,56.852200,,,60.869491,58.802938,2.066552,1.420096,0.646457,66.664999,58.934000,65.663722,52.204278,0.990808,2.947204,0.044968,0.025665,0.116905,0.180688,0.413414,,,0.530322,0.000000,0.000000,0.696609,1056650.000000,74283037.133400,0.344522
2018-08-27,66.989998,67.709999,64.629997,65.529999,1053100,0.000000,0.000000,66.989998,67.709999,64.629997,65.529999,59.625000,56.883800,,,61.586493,59.301959,2.284534,1.592984,0.691550,66.632691,59.625000,66.063288,53.186712,0.958585,2.956707,0.045120,-0.000153,0.070402,0.195367,0.353087,,,0.525912,-0.000153,-0.000153,0.696350,1002300.000000,69009641.946900,0.269087
2018-08-28,66.000000,68.349998,65.720001,66.300003,1225400,0.000000,0.000000,66.000000,68.349998,65.720001,66.300003,60.245000,56.931800,,,62.311648,59.821026,2.490623,1.772512,0.718111,67.921578,60.245000,66.749848,53.740152,0.965422,2.946926,0.044448,0.011750,0.060800,0.282151,0.326265,,,0.468324,0.000000,0.000000,0.716283,1004660.000000,81244023.676200,0.250206
2018-08-29,66.500000,68.019997,65.750000,67.870003,862000,0.000000,0.000000,66.500000,68.019997,65.750000,67.870003,60.851000,57.011800,,,63.166780,60.417984,2.748796,1.967769,0.781027,70.429657,60.851000,67.833352,53.868648,1.002625,2.898497,0.042707,0.023680,0.097510,0.259184,0.362578,,,0.457580,0.000000,0.000000,0.756925,1002985.000000,58503942.586000,0.272876
2018-08-30,67.300003,67.400002,64.550003,65.000000,1578700,0.000000,0.000000,67.300003,67.400002,64.550003,65.000000,61.155500,57.062600,,,63.448814,60.757782,2.691033,2.112422,0.578611,61.035120,61.155500,68.310479,54.000521,0.768659,2.928649,0.045056,-0.042287,0.017214,0.165919,0.296887,,,0.485396,-0.042287,-0.042287,0.682630,1013865.000000,102615500.000000,0.226196
2018-08-31,64.470001,65.360001,62.189999,62.439999,2944300,0.000000,0.000000,64.470001,65.360001,62.189999,62.439999,61.427000,57.159600,,,63.293612,60.882523,2.411089,2.172155,0.238934,54.102751,61.427000,68.327202,54.526799,0.573404,2.945912,0.047180,-0.039385,-0.047299,0.059922,0.163840,,,0.477464,-0.080006,-0.080006,0.616360,1118165.000000,183842089.055700,0.097701
2018-09-04,62.799999,65.699997,60.830002,64.849998,2580000,0.000000,0.000000,62.799999,65.699997,60.830002,64.849998,61.669500,57.305600,,,63.533056,61.176698,2.356358,2.208996,0.147362,58.842078,61.669500,68.698241,54.640760,0.726249,3.083521,0.047549,0.038597,-0.010377,0.137520,0.187946,,,0.474235,-0.044497,-0.044497,0.678747,1199300.000000,167312994.840000,0.128586
2018-09-05,64.690002,65.870003,62.549999,63.099998,3291500,0.000000,0.000000,64.690002,65.870003,62.549999,63.099998,61.830000,57.467600,,,63.466432,61.319295,2.147137,2.196624,-0.049487,54.445659,61.830000,68.834204,54.825796,0.590660,3.100433,0.049135,-0.026985,-0.048266,0.051667,0.100070,,,0.456948,-0.070281,-0.070281,0.633445,1317895.000000,207693643.417000,0.060283
2018-09-06,59.080002,59.900002,56.790001,57.849998,4455900,0.000000,0.000000,59.080002,59.900002,56.790001,57.849998,61.655000,57.495200,,,62.602365,61.062093,1.540271,2.065353,-0.525082,43.858668,61.655000,68.881081,54.428919,0.236717,3.329938,0.057562,-0.083201,-0.147635,-0.034062,0.033220,,,0.545661,-0.147635,-0.147635,0.497541,1497960.000000,257773806.088200,-0.004456
2018-09-07,56.799999,59.669998,56.259998,56.939999,2294600,0.000000,0.000000,56.799999,59.669998,56.259998,56.939999,61.479500,57.598600,,,61.731231,60.756515,0.974717,1.847226,-0.872509,42.322472,61.479500,68.993562,53.965438,0.197933,3.335663,0.058582,-0.015730,-0.124000,-0.071883,-0.016920,,,0.539742,-0.161043,-0.161043,0.473984,1571680.000000,130654521.705400,-0.050538
2018-09-10,58.000000,58.240002,53.639999,53.930000,3048000,0.000000,0.000000,58.000000,58.240002,53.639999,53.930000,61.266000,57.616400,,,60.531042,60.250482,0.280560,1.533893,-1.253333,37.627754,61.266000,69.390279,53.141721,0.048514,3.426058,0.063528,-0.052863,-0.136291,-0.107858,-0.094222,,,0.565747,-0.205393,-0.205393,0.396065,1647825.000000,164378640.000000,-0.128717
2018-09-11,53.750000,54.799999,52.830002,53.959999,1870500,0.000000,0.000000,53.750000,54.799999,52.830002,53.959999,61.157000,57.636600,,,59.520112,59.784209,-0.264097,1.174295,-1.438392,37.701925,61.157000,69.622194,52.691805,0.074906,3.321962,0.061563,0.000556,-0.167926,-0.072852,-0.127143,,,0.553477,-0.204951,-0.204951,0.396842,1693245.000000,100932178.129500,-0.162020
2018-09-12,53.020000,57.560001,53.020000,57.180000,2644100,0.000000,0.000000,53.020000,57.560001,53.020000,57.180000,61.123500,57.733400,,,59.160095,59.591185,-0.431090,0.853218,-1.284308,45.230604,61.123500,69.648887,52.598113,0.268720,3.409036,0.059619,0.059674,-0.093819,0.018525,-0.103340,,,0.580690,-0.157507,-0.157507,0.480197,1795910.000000,151189638.000000,-0.136934
2018-09-13,57.250000,57.490002,55.060001,55.369999,2103800,0.000000,0.000000,57.250000,57.490002,55.060001,55.369999,61.084500,57.801400,,,58.577003,59.278326,-0.701323,0.542310,-1.243632,42.147267,61.084500,69.712206,52.456794,0.168828,3.339052,0.060304,-0.031654,-0.042869,-0.042869,-0.128443,,,0.581550,-0.184176,-0.184176,0.433342,1862125.000000,116487403.896200,-0.160999
2018-09-14,55.299999,55.299999,53.430000,53.790001,6557200,0.000000,0.000000,55.299999,55.299999,53.430000,53.790001,60.889500,57.784800,,,57.840541,58.871567,-1.031026,0.227642,-1.258669,39.608958,60.889500,70.002865,51.776135,0.110490,3.239050,0.060217,-0.028535,-0.055321,-0.042030,-0.158874,,,0.581042,-0.207455,-0.207455,0.392441,2158975.000000,352711794.557200,-0.192911
2018-09-17,53.849998,54.889999,51.599998,52.180000,2705900,0.000000,0.000000,53.849998,54.889999,51.599998,52.180000,60.564500,57.729400,,,56.969689,58.375652,-1.405964,-0.099079,-1.306885,37.153518,60.564500,70.441265,50.687735,0.075544,3.242691,0.062144,-0.029931,-0.032449,-0.095510,-0.183412,,,0.579160,-0.231177,-0.231177,0.350764,2263710.000000,141193862.000000,-0.202614
2018-09-18,52.230000,53.400002,51.650002,53.029999,1750400,0.000000,0.000000,52.230000,53.400002,51.650002,53.029999,60.155000,57.683000,54.248200,,56.363582,57.979498,-1.615915,-0.402446,-1.213469,39.293204,60.155000,70.581182,49.728818,0.158312,3.136006,0.059136,0.016290,-0.017235,-0.096285,-0.169720,,,0.578765,-0.218653,-0.218653,0.372767,2281460.000000,92823710.249600,-0.199558
2018-09-19,52.770000,53.099998,51.500000,51.730000,1230000,0.000000,0.000000,52.770000,53.099998,51.500000,51.730000,59.616500,57.670200,54.368200,,55.650724,57.516377,-1.865654,-0.695088,-1.170566,37.206790,59.616500,70.628761,48.604239,0.141922,3.026230,0.058500,-0.024514,-0.095313,-0.155015,-0.171790,,,0.555923,-0.237808,-0.237808,0.339115,2273915.000000,63627900.000000,-0.193448
2018-09-20,52.320000,52.689999,51.119999,52.230000,1521300,0.000000,0.000000,52.320000,52.689999,51.119999,52.230000,59.136000,57.675200,54.504200,,55.124458,57.124641,-2.000183,-0.956107,-1.044076,38.558113,59.136000,70.570305,47.701695,0.198014,2.922159,0.055948,0.009666,-0.056709,-0.164320,-0.093072,,,0.550043,-0.230441,-0.230441,0.352058,2306470.000000,79457499.000000,-0.133948
2018-09-21,52.930000,53.320000,51.782001,52.540001,2218600,0.000000,0.000000,52.930000,53.320000,51.782001,52.540001,58.568000,57.618600,54.635100,,54.726850,56.784915,-2.058066,-1.176498,-0.881567,39.428462,58.568000,70.133737,47.002263,0.239403,2.823242,0.053735,0.005935,-0.023239,-0.150388,-0.087055,,,0.552015,-0.225873,-0.225873,0.360083,2353435.000000,116565246.218600,-0.125290
2018-09-24,52.099998,52.330002,51.400002,51.830002,1570800,0.000000,0.000000,52.099998,52.330002,51.400002,51.830002,57.882500,57.548600,54.760200,,54.281181,56.417762,-2.136581,-1.368515,-0.768066,38.097385,57.882500,69.332928,46.432072,0.235709,2.702957,0.052150,-0.013513,-0.006708,-0.188889,-0.057636,,,0.532249,-0.236334,-0.236334,0.341703,2375305.000000,81414567.141600,-0.118874
2018-09-25,52.160000,53.709999,51.619999,53.400002,1783200,0.000000,0.000000,52.160000,53.709999,51.619999,53.400002,57.276000,57.515600,54.874600,,54.145615,56.194155,-2.048540,-1.504520,-0.544020,42.703629,57.276000,68.297845,46.254155,0.324167,2.659156,0.049797,0.030291,0.006977,-0.185230,-0.054365,,,0.536313,-0.213202,-0.213202,0.382345,2411810.000000,95222883.566400,-0.113326
2018-09-26,53.509998,54.020000,52.439999,52.540001,1608700,0.000000,0.000000,53.509998,54.020000,52.439999,52.540001,56.588000,57.484600,54.989100,,53.898597,55.923399,-2.024802,-1.608577,-0.416226,40.907946,56.588000,66.935288,46.240712,0.304393,2.582043,0.049144,-0.016105,0.015658,-0.198230,0.014873,,,0.535784,-0.225873,-0.225873,0.360083,2430975.000000,84521099.608700,-0.058368
2018-09-27,52.639999,53.750000,52.250000,52.820000,1914700,0.000000,0.000000,52.639999,53.750000,52.250000,52.820000,55.835500,57.480000,55.104200,,53.732659,55.693457,-1.960798,-1.679021,-0.281777,41.766524,55.835500,64.828531,46.842469,0.332342,2.504727,0.047420,0.005329,0.011296,-0.203318,-0.004148,,,0.532967,-0.221747,-0.221747,0.367331,2483610.000000,101134454.000000,-0.075885
2018-09-28,52.770000,53.029999,52.099998,52.570000,1560200,0.000000,0.000000,52.770000,53.029999,52.099998,52.570000,55.214000,57.484200,55.197700,,53.553789,55.462033,-1.908244,-1.724866,-0.183379,41.191056,55.214000,63.202209,47.225791,0.334506,2.392209,0.045505,-0.004733,0.000571,-0.225431,-0.007177,,,0.519101,-0.225431,-0.225431,0.360859,2482685.000000,82019714.000000,-0.078552
2018-10-01,52.980000,53.000000,48.560001,48.849998,4153300,0.000000,0.000000,52.980000,53.000000,48.560001,48.849998,54.534500,57.417000,55.245200,,52.830128,54.972141,-2.142013,-1.808295,-0.333718,33.741285,54.534500,62.241716,46.827284,0.131222,2.538525,0.051966,-0.070763,-0.057496,-0.248462,-0.066679,,,0.548848,-0.280242,-0.280242,0.264561,2543135.000000,202888696.693400,-0.128734
2018-10-02,49.189999,49.243000,45.040001,46.400002,5206200,0.000000,0.000000,49.189999,49.243000,45.040001,46.400002,53.612000,57.234400,55.269100,,51.840878,54.337034,-2.496156,-1.945867,-0.550289,29.905158,53.612000,60.492882,46.731118,-0.024061,2.657450,0.057273,-0.050153,-0.131086,-0.256887,-0.107177,,,0.556601,-0.316340,-0.316340,0.201139,2674445.000000,241567690.412400,-0.173404
2018-10-03,46.400002,47.735001,45.299999,47.110001,2895200,0.000000,0.000000,46.400002,47.735001,45.299999,47.110001,52.812500,57.100800,55.296500,,51.113051,53.801594,-2.688543,-2.094402,-0.594141,32.307041,52.812500,58.694961,46.930039,0.015297,2.641557,0.056072,0.015302,-0.103350,-0.273554,-0.137495,,,0.534571,-0.305879,-0.305879,0.219519,2654630.000000,136392874.895200,-0.195317
2018-10-04,46.900002,47.549999,44.900002,45.799999,1631800,0.000000,0.000000,46.900002,47.549999,44.900002,45.799999,52.210000,56.923000,55.312600,,50.295658,53.208776,-2.913118,-2.258145,-0.654972,30.247572,52.210000,58.381319,46.038681,-0.019338,2.642160,0.057689,-0.027807,-0.132904,-0.274168,-0.166515,,,0.534819,-0.325181,-0.325181,0.185607,2513425.000000,74736438.368200,-0.191373
2018-10-05,45.650002,46.029999,43.520000,45.270000,1629700,0.000000,0.000000,45.650002,46.029999,43.520000,45.270000,51.626500,56.718200,55.310700,,49.522480,52.620620,-3.098140,-2.426144,-0.671996,29.430165,51.626500,58.113505,45.139495,0.010059,2.632718,0.058156,-0.011572,-0.138862,-0.217459,-0.182114,,,0.473032,-0.332990,-0.332990,0.171887,2480180.000000,73776519.000000,-0.186272
2018-10-08,44.630001,45.000000,42.250000,43.230000,2104000,0.000000,0.000000,44.630001,45.000000,42.250000,43.230000,51.091500,56.486400,55.290700,,48.554406,51.924911,-3.370505,-2.615017,-0.755488,26.465547,51.091500,58.480773,43.702227,-0.031954,2.660387,0.061540,-0.045063,-0.115046,-0.240780,-0.174527,,,0.487284,-0.363047,-0.363047,0.119078,2432980.000000,90955920.000000,-0.171531
2018-10-09,42.980000,45.000000,41.330002,41.509998,2132800,0.000000,0.000000,42.980000,45.000000,41.330002,41.509998,50.469000,56.282400,55.256800,,47.470651,51.153326,-3.682674,-2.828548,-0.854126,24.247707,50.469000,58.869291,42.068709,-0.033255,2.732516,0.065828,-0.039787,-0.105388,-0.230299,-0.201424,,,0.475630,-0.388390,-0.388390,0.074553,2446095.000000,88532523.734400,-0.204198
2018-10-10,42.029999,42.029999,38.279999,40.599998,3681000,0.000000,0.000000,42.029999,42.029999,38.279999,40.599998,49.640000,56.016400,55.215000,,46.413628,50.371494,-3.957866,-3.054412,-0.903455,23.142711,49.640000,58.510983,40.769017,-0.009527,2.805207,0.069094,-0.021922,-0.138187,-0.247591,-0.266751,,,0.474552,-0.401798,-0.401798,0.050997,2497940.000000,149448592.638000,-0.215387
2018-10-11,39.820000,41.650002,39.341999,40.250000,2719000,0.000000,0.000000,39.820000,41.650002,39.341999,40.250000,48.884000,55.706400,55.187700,,45.465377,49.621661,-4.156284,-3.274786,-0.881498,22.713973,48.884000,58.261539,39.506462,0.039645,2.769686,0.068812,-0.008621,-0.121179,-0.296083,-0.272547,,,0.395031,-0.406954,-0.406954,0.041936,2528700.000000,109439750.000000,-0.209050
2018-10-12,42.090000,45.000000,41.709999,44.639999,3386100,0.000000,0.000000,42.090000,45.000000,41.709999,44.639999,48.426500,55.421000,55.203600,,45.338396,49.252607,-3.914212,-3.402671,-0.511540,38.183176,48.426500,57.688342,39.164658,0.295586,2.911160,0.065214,0.109068,-0.013917,-0.193787,-0.189101,,,0.582374,-0.342272,-0.342272,0.155579,2370145.000000,151155500.613900,-0.149536
2018-10-15,44.439999,45.160000,42.639999,43.830002,1208200,0.000000,0.000000,44.439999,45.160000,42.639999,43.830002,48.009000,55.157400,55.187700,,45.106335,48.850891,-3.744555,-3.471048,-0.273507,36.722665,48.009000,57.311134,38.706866,0.275374,2.883216,0.065782,-0.018145,0.013879,-0.185165,-0.189684,,,0.579217,-0.354207,-0.354207,0.134610,2295260.000000,52955408.416400,-0.135658
2018-10-16,44.750000,48.009998,44.520000,47.720001,2432800,0.000000,0.000000,44.750000,48.009998,44.520000,47.720001,47.743500,54.911800,55.196900,,45.508438,48.767113,-3.258675,-3.428574,0.169898,47.173186,47.743500,56.740334,38.746666,0.498694,2.975856,0.062361,0.088752,0.149603,-0.085473,-0.100471,,,0.664957,-0.296891,-0.296891,0.235309,2329380.000000,116093218.432800,-0.073868
2018-10-17,48.000000,48.147999,46.500000,47.520000,1559000,0.000000,0.000000,48.000000,48.147999,46.500000,47.520000,47.533000,54.664400,55.208400,,45.817909,48.674726,-2.856817,-3.314222,0.457405,46.745723,47.533000,56.331935,38.734066,0.499261,2.880997,0.060627,-0.004191,0.170443,-0.103903,-0.092437,,,0.661077,-0.299838,-0.299838,0.230132,2345830.000000,74083680.000000,-0.069102
2018-10-18,47.029999,48.299999,45.549999,46.240002,1453500,0.000000,0.000000,47.029999,48.299999,45.549999,46.240002,47.233500,54.362200,55.186500,,45.882846,48.494361,-2.611515,-3.173681,0.562166,43.997847,47.233500,55.762916,38.704084,0.441760,2.871639,0.062103,-0.026936,0.148820,-0.106128,-0.114346,,,0.662058,-0.318698,-0.318698,0.196997,2342440.000000,67209842.907000,-0.071500
2018-10-19,46.299999,46.500000,41.599998,42.005001,2709900,0.000000,0.000000,46.299999,46.500000,41.599998,42.005001,46.706750,53.993300,55.106650,,45.286255,48.013630,-2.727376,-3.084420,0.357044,36.378339,46.706750,55.157174,38.256327,0.221804,3.016538,0.071814,-0.091587,-0.059028,-0.195769,-0.243562,,,0.724669,-0.381096,-0.381096,0.087367,2367005.000000,113829352.209900,-0.193467
2018-10-22,42.720001,43.700001,41.800999,42.459999,1326300,0.000000,0.000000,42.720001,43.700001,41.800999,42.459999,46.238250,53.678500,55.033150,,44.851446,47.602221,-2.750775,-3.017691,0.266916,37.628095,46.238250,54.530202,37.946298,0.272174,2.936705,0.069164,0.010832,-0.031257,-0.191854,-0.210634,,,0.726167,-0.374392,-0.374392,0.099146,2354780.000000,56314696.673700,-0.163172
2018-10-23,41.330002,42.279999,40.709999,41.330002,2047200,0.000000,0.000000,41.330002,42.279999,40.709999,41.330002,45.634750,53.382300,54.945250,,44.309685,47.137581,-2.827896,-2.979732,0.151836,35.749872,45.634750,53.476732,37.792769,0.225532,2.851933,0.069004,-0.026613,-0.133906,-0.202585,-0.244286,,,0.728581,-0.391042,-0.391042,0.069894,2367980.000000,84610780.094400,-0.181920
2018-10-24,40.500000,41.160000,39.119999,39.169998,4252000,0.000000,0.000000,40.500000,41.160000,39.119999,39.169998,44.966250,53.008700,54.800450,,43.518964,46.547353,-3.028389,-2.989463,-0.038926,32.418732,44.966250,52.606612,37.325888,0.120682,2.806077,0.071638,-0.052262,-0.175716,-0.266479,-0.294361,,,0.727560,-0.422867,-0.422867,0.013979,2500145.000000,166550831.496000,-0.199639
2018-10-25,39.099998,40.820000,38.549999,40.320000,2771800,0.000000,0.000000,39.099998,40.820000,38.549999,40.320000,44.341250,52.692100,54.657750,,43.026816,46.086042,-3.059226,-3.003416,-0.055810,35.846171,44.341250,51.290322,37.392178,0.210663,2.767782,0.068645,0.029359,-0.128028,-0.232585,-0.264502,0.014850,,0.742532,-0.405923,-0.405923,0.043748,2543000.000000,111758976.000000,-0.210339
2018-10-26,39.509998,41.340000,38.549999,41.180000,2737800,0.000000,0.000000,39.509998,41.340000,38.549999,41.180000,43.771750,52.361900,54.495950,,42.742690,45.722612,-2.979922,-2.998717,0.018795,38.363644,43.771750,49.668586,37.874914,0.280242,2.769370,0.067250,0.021329,-0.019641,-0.220371,-0.203636,0.066011,,0.749140,-0.393252,-0.393252,0.066011,2601880.000000,112742604.000000,-0.142982
2018-10-29,42.279999,43.000000,39.049999,40.349998,1765900,0.000000,0.000000,42.279999,43.000000,39.049999,40.349998,43.346750,51.995300,54.339550,,42.374584,45.324621,-2.950037,-2.988981,0.038944,36.860273,43.346750,48.918814,37.774686,0.231091,2.853706,0.070724,-0.020155,-0.049694,-0.232452,-0.251392,0.022814,,0.749487,-0.405481,-0.405481,0.044525,2482510.000000,71254061.468200,-0.170380
2018-10-30,40.160000,42.000000,39.810001,41.740002,1640600,0.000000,0.000000,40.160000,42.000000,39.810001,41.740002,43.113750,51.605700,54.177750,,42.276956,45.059082,-2.782126,-2.947610,0.165484,41.028130,43.113750,48.535946,37.691554,0.373322,2.806296,0.067233,0.034449,0.009920,-0.145548,-0.251300,0.061546,,0.733054,-0.385001,-0.385001,0.080507,2304230.000000,68478647.281200,-0.180505
2018-10-31,42.049999,43.200001,41.470001,41.939999,2352800,0.000000,0.000000,42.049999,43.200001,41.470001,41.939999,42.855250,51.194500,54.001750,,42.225116,44.828029,-2.602913,-2.878671,0.275758,41.625203,42.855250,47.958855,37.751645,0.410333,2.729413,0.065079,0.004791,0.070717,-0.096121,-0.288067,-0.000477,,0.716311,-0.382054,-0.382054,0.085685,2277110.000000,98676429.647200,-0.224397
2018-11-01,42.139999,42.560001,40.349998,41.849998,1741500,0.000000,0.000000,42.139999,42.560001,40.349998,41.849998,42.657750,50.794700,53.802050,,42.167406,44.607426,-2.440020,-2.790940,0.350921,41.421957,42.657750,47.584179,37.731321,0.418019,2.692310,0.064332,-0.002146,0.037946,-0.111654,-0.265918,0.018496,,0.712976,-0.383380,-0.383380,0.083355,2282595.000000,72881771.517000,-0.217538
2018-11-02,42.000000,43.360001,41.209999,42.820000,1813200,0.000000,0.000000,42.000000,43.360001,41.209999,42.820000,42.535250,50.373100,53.592550,,42.267805,44.475019,-2.207214,-2.674195,0.466981,44.563694,42.535250,47.307614,37.762886,0.529833,2.653572,0.061970,0.023178,0.039825,-0.065065,-0.286333,0.036553,,0.714011,-0.369088,-0.369088,0.108465,2291770.000000,77641224.000000,-0.222375
2018-11-05,42.630001,42.990002,40.900002,42.410000,1394200,0.000000,0.000000,42.630001,42.990002,40.900002,42.410000,42.494250,49.910500,53.381350,,42.289681,44.322050,-2.032368,-2.545830,0.513461,43.501664,42.494250,47.255559,37.732940,0.491153,2.613314,0.061620,-0.009575,0.051053,-0.063176,-0.291868,-0.018741,,0.713716,-0.375129,-0.375129,0.097851,2256280.000000,59128022.000000,-0.221494
2018-11-06,41.980000,42.900002,41.470001,42.549999,917400,0.000000,0.000000,41.980000,42.900002,41.470001,42.549999,42.546250,49.450900,53.167350,,42.329730,44.190783,-1.861052,-2.408874,0.547822,43.992490,42.546250,47.284962,37.807538,0.500396,2.528788,0.059431,0.003301,0.019406,-0.015730,-0.306438,-0.035147,,0.696537,-0.373066,-0.373066,0.101475,2195510.000000,39035369.082600,-0.241486
2018-11-07,43.000000,44.599998,42.570000,43.880001,2883800,0.000000,0.000000,43.000000,44.599998,42.570000,43.880001,42.710250,49.002500,52.967150,,42.568233,44.167761,-1.599528,-2.247005,0.647477,48.564111,42.710250,47.392044,38.028456,0.624926,2.494588,0.056850,0.031257,0.046257,0.057095,-0.274111,-0.002954,,0.688646,-0.353470,-0.353470,0.135905,2155650.000000,126541146.883800,-0.233432
2018-11-08,43.990002,45.150002,43.799999,44.820000,2081200,0.000000,0.000000,43.990002,45.150002,43.799999,44.820000,42.938750,48.541500,52.776650,,42.914659,44.216076,-1.301417,-2.057887,0.756470,51.572772,42.938750,47.560669,38.316831,0.703514,2.412828,0.053834,0.021422,0.070968,0.103941,-0.229897,0.010142,,0.684818,-0.339620,-0.339620,0.160238,2123760.000000,93279384.000000,-0.190577
2018-11-09,44.320000,45.000000,43.360001,44.430000,994700,0.000000,0.000000,44.320000,45.000000,43.360001,44.430000,42.928250,48.130100,52.596350,,43.147788,44.231923,-1.084135,-1.863137,0.779002,50.259228,42.928250,47.534825,38.321676,0.663001,2.357624,0.053064,-0.008701,0.037599,0.103851,-0.208586,0.005431,,0.684839,-0.345366,-0.345366,0.150142,2004190.000000,44194521.000000,-0.155795
2018-11-12,44.450001,44.450001,40.740002,41.340000,2260000,0.000000,0.000000,44.450001,44.450001,40.740002,41.340000,42.803750,47.708100,52.433850,,42.869667,44.017702,-1.148034,-1.720116,0.572082,41.286730,42.803750,47.442191,38.165309,0.342215,2.454226,0.059367,-0.069548,-0.025230,-0.073925,-0.285393,-0.090629,,0.621360,-0.390894,-0.390894,0.070153,2056780.000000,93428400.000000,-0.200267
2018-11-13,41.700001,43.080002,41.380001,42.590000,931300,0.000000,0.000000,41.700001,43.080002,41.380001,42.590000,42.547250,47.262900,52.284250,,42.826641,43.911944,-1.085302,-1.593154,0.507851,45.523573,42.547250,46.567127,38.527373,0.505317,2.403208,0.056427,0.030237,0.000940,-0.028291,-0.241496,-0.058368,,0.628973,-0.372477,-0.372477,0.102511,1981705.000000,39664067.000000,-0.167758
2018-11-14,43.070000,43.150002,39.680000,39.860001,2109600,0.000000,0.000000,43.070000,43.150002,39.680000,39.860001,42.164250,46.798100,52.132850,,42.370235,43.611794,-1.241559,-1.522835,0.281276,38.918218,42.164250,45.607519,38.720981,0.165398,2.479410,0.062203,-0.064100,-0.091613,-0.164711,-0.309066,-0.112249,,0.575987,-0.412701,-0.412701,0.031841,2009235.000000,84088658.109600,-0.223223
2018-11-15,39.639999,40.439999,38.299999,40.369999,2063400,0.000000,0.000000,39.639999,40.439999,38.299999,40.369999,41.870750,46.448500,51.971850,,42.062506,43.371657,-1.309150,-1.480098,0.170948,40.650690,41.870750,44.815906,38.925594,0.245217,2.455166,0.060817,0.012795,-0.099286,-0.150463,-0.312031,-0.098481,,0.580350,-0.405186,-0.405186,0.045043,2039730.000000,83299455.936600,-0.240732
2018-11-16,40.000000,40.009998,38.599998,39.000000,1612400,0.000000,0.000000,40.000000,40.009998,38.599998,39.000000,41.720500,46.089700,51.844150,,41.591352,43.047825,-1.456473,-1.475373,0.018900,37.568136,41.720500,44.931432,38.509568,0.076369,2.406224,0.061698,-0.033936,-0.122215,-0.156574,-0.362953,-0.092601,,0.583864,-0.425372,-0.425372,0.009578,1984855.000000,62883600.000000,-0.289671
2018-11-19,38.849998,39.770000,36.139999,37.410000,2643200,0.000000,0.000000,38.849998,39.770000,36.139999,37.410000,41.468000,45.759300,51.687850,,40.948067,42.630202,-1.682135,-1.516725,-0.165410,34.315780,41.468000,45.187970,37.748030,-0.045435,2.493639,0.066657,-0.040769,-0.095065,-0.109392,-0.401440,-0.131010,,0.513899,-0.448799,-0.448799,0.000000,2050700.000000,98882112.000000,-0.295743
2018-11-20,35.549999,38.580002,35.060001,38.330002,3089400,0.000000,0.000000,35.549999,38.580002,35.060001,38.330002,41.318000,45.446700,51.541650,,40.545288,42.311664,-1.766376,-1.566655,-0.199721,37.677780,41.318000,45.294492,37.341508,0.124292,2.566952,0.066970,0.024592,-0.100023,-0.097268,-0.380175,-0.156099,,0.521394,-0.435244,-0.435244,0.024592,2102810.000000,118416708.178800,-0.255917
2018-11-21,39.599998,41.360001,38.900002,40.759998,2087500,0.000000,0.000000,39.599998,41.360001,38.900002,40.759998,41.397500,45.118300,51.425850,,40.578320,42.196724,-1.618404,-1.577005,-0.041399,45.598251,41.397500,45.254970,37.540029,0.417368,2.600027,0.063789,0.063397,0.022579,-0.013792,-0.362128,-0.129060,,0.564399,-0.399440,-0.399440,0.089548,1994585.000000,85086495.825000,-0.247105
2018-11-23,40.419998,41.240002,40.020000,40.820000,425400,0.000000,0.000000,40.419998,41.240002,40.020000,40.820000,41.422500,44.827300,51.314350,,40.615501,42.094743,-1.479242,-1.557453,0.078211,45.781483,41.422500,45.256980,37.588020,0.421437,2.501452,0.061280,0.001472,0.011147,0.042124,-0.377174,-0.119689,,0.531504,-0.398556,-0.398556,0.091152,1877265.000000,17364828.000000,-0.250444
2018-11-26,41.330002,42.000000,40.270000,41.110001,1262500,0.000000,0.000000,41.330002,42.000000,40.270000,41.110001,41.419000,44.573700,51.179250,,40.691578,42.021799,-1.330220,-1.512006,0.181786,46.715610,41.419000,45.254539,37.583460,0.459719,2.446348,0.059507,0.007104,0.054103,0.019593,-0.372654,-0.151146,,0.522858,-0.394283,-0.394283,0.098904,1803500.000000,51901376.262500,-0.255909
2018-11-27,40.770000,41.250000,39.840000,40.639999,997200,0.000000,0.000000,40.770000,41.250000,39.840000,40.639999,41.433500,44.342900,51.036150,,40.683643,41.919442,-1.235799,-1.456765,0.220966,45.351849,41.433500,45.254187,37.612813,0.396157,2.372322,0.058374,-0.011433,0.086341,-0.013113,-0.387029,-0.187037,,0.519467,-0.401208,-0.401208,0.086341,1765065.000000,40526207.002800,-0.269054
2018-11-28,41.029999,42.500000,40.919998,41.820000,1766600,0.000000,0.000000,41.029999,42.500000,40.919998,41.820000,41.437500,44.118700,50.900850,,40.858467,41.912076,-1.053609,-1.376133,0.322525,49.349693,41.437500,45.259705,37.615294,0.550037,2.335727,0.055852,0.029035,0.091051,0.036431,-0.383822,-0.160410,,0.523486,-0.383822,-0.383822,0.117883,1771365.000000,73879212.000000,-0.282943
2018-11-29,41.750000,42.509998,41.110001,41.770000,1355000,0.000000,0.000000,41.750000,42.509998,41.110001,41.770000,41.429000,43.919500,50.794850,,40.998703,41.901552,-0.902849,-1.281477,0.378628,49.185498,41.429000,45.247254,37.610745,0.544654,2.268888,0.054319,-0.001196,0.024779,0.000719,-0.357385,-0.166600,,0.510239,-0.384559,-0.384559,0.116546,1721475.000000,56598350.000000,-0.256588
2018-11-30,41.904999,42.412998,40.139999,41.759998,1190100,0.000000,0.000000,41.904999,42.412998,40.139999,41.759998,41.424500,43.710100,50.692650,,41.115825,41.891066,-0.775241,-1.180229,0.404989,49.150268,41.424500,45.240877,37.608123,0.543955,2.269182,0.054339,-0.000239,0.023028,-0.004292,-0.331198,-0.221622,,0.510007,-0.384706,-0.384706,0.116279,1693905.000000,49698573.619800,-0.235138
2018-12-03,42.720001,42.919998,41.770000,42.520000,1920200,0.000000,0.000000,42.720001,42.919998,41.770000,42.520000,41.409500,43.509700,50.564150,,41.331852,41.937654,-0.605802,-1.065344,0.459542,51.965606,41.409500,45.205084,37.613916,0.646288,2.189953,0.051504,0.018199,0.034298,0.016010,-0.344333,-0.221103,,0.513638,-0.373508,-0.373508,0.136594,1699255.000000,81646904.000000,-0.264031
2018-12-04,42.150002,42.939999,41.160000,41.470001,2656300,0.000000,0.000000,42.150002,42.939999,41.160000,41.470001,41.362500,43.302500,50.425550,,41.353106,41.903013,-0.549907,-0.962257,0.412349,48.010679,41.362500,45.129089,37.595911,0.514270,2.160671,0.052102,-0.024694,0.020423,-0.031527,-0.342789,-0.277022,,0.514671,-0.388979,-0.388979,0.108527,1762360.000000,110156763.656300,-0.238134
2018-12-06,40.060001,41.980000,40.049999,41.770000,3002300,0.000000,0.000000,40.060001,41.980000,40.049999,41.770000,41.323500,43.069900,50.292750,,41.417243,41.893160,-0.475917,-0.864989,0.389072,49.200275,41.323500,45.054301,37.592699,0.559840,2.144194,0.051333,0.007234,-0.001196,-0.015091,-0.277960,-0.253974,,0.514443,-0.384559,-0.384559,0.116546,1866605.000000,125406071.000000,-0.185256
2018-12-07,42.000000,43.220001,38.750000,39.660000,4744700,0.000000,0.000000,42.000000,43.220001,38.750000,39.660000,41.112500,42.812300,50.148450,,41.146898,41.727740,-0.580842,-0.808159,0.227318,41.932757,41.112500,44.709451,37.515549,0.298093,2.310325,0.058253,-0.050515,-0.050515,-0.067920,-0.303477,-0.315262,,0.542802,-0.415648,-0.415648,0.060144,1959650.000000,188174802.000000,-0.185377
2018-12-10,38.759998,41.060001,38.759998,40.689999,2797900,0.000000,0.000000,38.759998,41.060001,38.759998,40.689999,40.906000,42.569700,50.024850,,41.076606,41.650870,-0.574264,-0.761380,0.187116,46.116933,40.906000,44.052790,37.759210,0.465679,2.309587,0.056761,0.025971,-0.025623,-0.072698,-0.245503,-0.316594,,0.538920,-0.400472,-0.400472,0.087677,1995485.000000,113846548.202100,-0.131467
2018-12-11,39.669998,41.660000,39.400002,41.660000,4912000,0.000000,0.000000,39.669998,41.660000,39.400002,41.660000,40.767500,42.351500,49.917850,,41.166359,41.651546,-0.485187,-0.706141,0.220954,49.786535,40.767500,43.474301,38.060699,0.664863,2.306045,0.055354,0.023839,-0.020226,-0.070504,-0.227947,-0.326108,,0.540364,-0.386179,-0.386179,0.113606,2191350.000000,204633920.000000,-0.109961
2018-12-12,41.660000,43.320000,41.660000,42.400002,4112900,0.000000,0.000000,41.660000,43.320000,41.660000,42.400002,40.820500,42.222500,49.819750,,41.356150,41.706987,-0.350837,-0.635081,0.284243,52.447188,40.820500,43.614602,38.026398,0.782649,2.259899,0.053299,0.017763,0.022426,-0.045690,-0.258482,-0.335111,,0.544555,-0.375276,-0.375276,0.133387,2283995.000000,174386968.225800,-0.150876
2018-12-13,42.230000,43.320000,42.139999,43.150002,3293800,0.000000,0.000000,42.230000,43.320000,42.139999,43.150002,40.848500,42.157500,49.695950,,41.632127,41.813878,-0.181750,-0.544415,0.362664,55.046988,40.848500,43.727208,37.969792,0.899746,2.182763,0.050585,0.017689,0.033038,0.043783,-0.220697,-0.320793,,0.488481,-0.364226,-0.364226,0.153435,2402120.000000,142127476.587600,-0.102976
2018-12-14,42.270000,43.320000,41.610001,42.889999,3513400,0.000000,0.000000,42.270000,43.320000,41.610001,42.889999,41.000000,42.073100,49.586950,,41.825646,41.893591,-0.067945,-0.449121,0.381176,53.945895,41.000000,43.976915,38.023085,0.817443,2.148994,0.050105,-0.006026,0.081442,0.007044,-0.202640,-0.329320,,0.478586,-0.368057,-0.368057,0.146485,2472310.000000,150689722.486600,-0.065390
2018-12-17,42.509998,43.349998,41.230000,41.750000,4276100,0.000000,0.000000,42.509998,43.349998,41.230000,41.750000,41.069000,41.992100,49.457550,,41.814008,41.882955,-0.068946,-0.373086,0.304139,49.290423,41.069000,44.048402,38.089598,0.614285,2.146923,0.051423,-0.026580,0.026051,0.047416,-0.199885,-0.346635,,0.429654,-0.384853,-0.384853,0.116012,2582945.000000,178527175.000000,-0.055243
2018-12-18,41.830002,42.570000,40.883999,41.869999,5487300,0.000000,0.000000,41.830002,42.570000,40.883999,41.869999,41.212500,41.924100,49.321150,,41.822622,41.881995,-0.059373,-0.310343,0.250971,49.781699,41.212500,44.045166,38.379834,0.616057,2.113999,0.050490,0.002874,0.005041,0.037156,-0.210447,-0.344450,,0.428047,-0.383085,-0.383085,0.119219,2776690.000000,229753245.512700,-0.063114
2018-12-19,41.209999,42.020000,40.759998,41.110001,4239200,0.000000,0.000000,41.209999,42.020000,40.759998,41.110001,41.397500,41.881700,49.184050,,41.712988,41.824810,-0.111822,-0.270639,0.158817,46.696128,41.397500,43.597068,39.197932,0.434646,2.052999,0.049939,-0.018151,-0.030425,0.054103,-0.205297,-0.341819,,0.414592,-0.394283,-0.394283,0.098904,2856490.000000,174273516.239200,-0.040114
2018-12-20,40.900002,41.740002,39.020000,39.910000,4337500,0.000000,0.000000,40.900002,41.740002,39.020000,39.910000,41.476500,41.849700,49.066050,,41.435605,41.682972,-0.247366,-0.265984,0.018618,42.243842,41.476500,43.292178,39.660822,0.068619,2.100643,0.052634,-0.029190,-0.075087,0.066827,-0.235880,-0.306998,,0.400963,-0.411964,-0.411964,0.066827,2918895.000000,173109625.000000,-0.049062
2018-12-21,39.820000,40.869999,37.270000,37.990002,8327900,0.000000,0.000000,39.820000,40.869999,37.270000,37.990002,41.338000,41.797500,48.906950,,40.905513,41.409418,-0.503905,-0.313568,-0.190337,36.282981,41.338000,43.718531,38.957469,-0.203204,2.207740,0.058114,-0.048108,-0.114246,-0.008870,-0.276932,-0.339878,,0.430521,-0.440253,-0.440253,0.015504,3230915.000000,316376937.655800,-0.069848
2018-12-24,37.290001,37.959999,36.249001,37.480000,1374800,0.000000,0.000000,37.290001,37.959999,36.249001,37.480000,41.171000,41.742100,48.724250,,40.378511,41.118349,-0.739838,-0.398822,-0.341016,34.875253,41.171000,44.108094,38.233906,-0.128342,2.174401,0.058015,-0.013425,-0.102275,-0.080471,-0.276867,-0.318545,,0.365094,-0.447768,-0.447768,0.001871,3278385.000000,51527504.000000,-0.051635
2018-12-26,37.830002,39.720001,37.570000,39.650002,1532900,0.000000,0.000000,37.830002,39.720001,37.570000,39.650002,41.098000,41.642300,48.531650,,40.266432,41.009582,-0.743150,-0.467688,-0.275462,44.705620,41.098000,44.113019,38.082981,0.259869,2.179087,0.054958,0.057898,-0.053021,-0.028662,-0.257491,-0.297857,,0.422965,-0.415795,-0.415795,0.059877,3291905.000000,60779488.065800,-0.076021
2018-12-27,39.099998,41.000000,39.000000,40.990002,1549500,0.000000,0.000000,39.099998,41.000000,39.000000,40.990002,41.115500,41.585500,48.371450,,40.377751,41.008132,-0.630381,-0.500227,-0.130154,49.749802,41.115500,44.123381,38.107620,0.479138,2.166295,0.052849,0.033796,-0.002919,-0.002919,-0.219832,-0.208229,,0.439238,-0.396051,-0.396051,0.095696,3319520.000000,63514008.099000,-0.043260
2018-12-28,40.990002,41.049999,39.889999,40.500000,2522700,0.000000,0.000000,40.990002,41.049999,39.889999,40.500000,41.049500,41.441100,48.176450,,40.396558,40.970492,-0.573934,-0.514968,-0.058966,48.024557,41.049500,44.050212,38.048789,0.408438,2.094417,0.051714,-0.011954,0.014783,-0.003445,-0.233245,-0.236425,,0.439416,-0.403271,-0.403271,0.082598,3357325.000000,102169350.000000,-0.052014
2018-12-31,40.599998,40.980000,39.150002,40.080002,2255900,0.000000,0.000000,40.599998,40.980000,39.150002,40.080002,40.965000,41.292300,47.978350,,40.347857,40.904530,-0.556673,-0.523309,-0.033364,46.534946,40.965000,43.975448,37.954552,0.353012,2.075529,0.051785,-0.010370,0.055014,-0.041607,-0.237588,-0.243059,,0.427887,-0.409459,-0.409459,0.071371,3402370.000000,90416476.511800,-0.062220
2019-01-02,39.270000,40.830002,39.139999,40.820000,1674300,0.000000,0.000000,39.270000,40.830002,39.139999,40.820000,40.918001,41.183900,47.773050,,40.420495,40.898268,-0.477774,-0.514202,0.036428,49.506689,40.918001,43.905452,37.930549,0.483598,2.047992,0.050171,0.018463,0.089114,-0.022744,-0.164381,-0.220099,,0.433546,-0.398556,-0.398556,0.091152,3426580.000000,68344926.000000,0.006244
2019-01-03,40.000000,40.520000,38.799999,38.830002,986900,0.000000,0.000000,40.000000,40.520000,38.799999,38.830002,40.733501,41.120400,47.556850,,40.175804,40.745063,-0.569260,-0.525213,-0.044046,42.642480,40.733501,43.759898,37.707103,0.185517,2.045992,0.052691,-0.048751,-0.020681,-0.070163,-0.163147,-0.252838,,0.464318,-0.427877,-0.427877,0.037958,3379915.000000,38321328.973800,0.028870
2019-01-04,39.520000,41.415001,39.419998,40.900002,1852600,0.000000,0.000000,39.520000,41.415001,39.419998,40.900002,40.705001,41.089200,47.383850,,40.287219,40.756540,-0.469322,-0.514035,0.044714,50.353590,40.705001,43.712874,37.697127,0.532415,2.084493,0.050966,0.053309,-0.002196,-0.038100,-0.131819,-0.251190,,0.499183,-0.397377,-0.397377,0.093291,3339730.000000,75771343.705200,0.028457
2019-01-07,40.040001,42.200001,39.500000,41.689999,2630900,0.000000,0.000000,40.040001,42.200001,39.500000,41.689999,40.701001,41.096400,47.239350,,40.503031,40.825685,-0.322654,-0.475759,0.153105,52.953132,40.701001,43.703118,37.698883,0.664717,2.128458,0.051054,0.019315,0.029383,0.005305,-0.089738,-0.241310,,0.496555,-0.385737,-0.385737,0.114408,3321160.000000,109682218.369100,0.044286
2019-01-08,41.959999,42.320000,40.931000,42.080002,3192600,0.000000,0.000000,41.959999,42.320000,40.931000,42.080002,40.822001,41.154600,47.081650,,40.745642,40.918598,-0.172956,-0.415198,0.242242,54.227347,40.822001,43.842475,37.801526,0.708246,2.075639,0.049326,0.009355,0.049900,0.007422,-0.070466,-0.239747,,0.496960,-0.379991,-0.379991,0.124833,3243555.000000,134344614.385200,0.043992
2019-01-09,42.000000,42.990002,41.840000,42.669998,2035800,0.000000,0.000000,42.000000,42.990002,41.840000,42.669998,40.921001,41.201600,46.946850,,41.041697,41.048331,-0.006635,-0.333486,0.326851,56.161680,40.921001,44.051064,37.790937,0.779387,2.009522,0.047095,0.014021,0.045321,0.075895,-0.012954,-0.185221,,0.462021,-0.371298,-0.371298,0.140604,3205450.000000,86867581.928400,0.087728
2019-01-10,42.200001,44.599998,42.160000,44.029999,7249400,0.000000,0.000000,42.200001,44.599998,42.160000,44.029999,41.039501,41.258600,46.810250,,41.501436,41.269196,0.232240,-0.220341,0.452580,60.323936,41.039501,44.453899,37.625102,0.937925,2.040271,0.046338,0.031873,0.133917,0.082084,0.060708,-0.152943,,0.466009,-0.351260,-0.351260,0.176958,3322320.000000,319191074.750600,0.157884
2019-01-11,43.849998,44.102001,43.099998,43.480000,1656000,0.000000,0.000000,43.849998,44.102001,43.099998,43.480000,41.093501,41.321200,46.658250,,41.805830,41.432959,0.372871,-0.101698,0.474569,57.928553,41.093501,44.630458,37.556543,0.837366,1.966109,0.045219,-0.012491,0.063081,0.043687,0.070936,-0.214737,,0.463680,-0.359364,-0.359364,0.162256,3199475.000000,72002880.000000,0.131643
2019-01-14,43.130001,43.299999,42.400002,43.220001,708600,0.000000,0.000000,43.130001,43.299999,42.400002,43.220001,41.097001,41.350800,46.478250,,42.023395,41.565333,0.458062,0.010254,0.447808,56.780716,41.097001,44.642654,37.551347,0.799381,1.902815,0.044026,-0.005980,0.036699,0.019340,0.073789,-0.218869,,0.461083,-0.363194,-0.363194,0.155306,3070215.000000,30625692.708600,0.131523
2019-01-15,44.500000,45.189999,43.500000,44.990002,2879500,0.000000,0.000000,44.500000,45.189999,43.500000,44.990002,41.202001,41.411800,46.303150,,42.479796,41.819012,0.660784,0.140360,0.520424,62.262782,41.202001,45.080022,37.323979,0.988394,1.907614,0.042401,0.040953,0.069154,0.042642,0.007841,-0.182743,,0.478219,-0.337115,-0.337115,0.202620,3038520.000000,129548710.759000,0.070941
2019-01-16,45.000000,45.000000,42.520000,43.060001,3720800,0.000000,0.000000,45.000000,45.000000,42.520000,43.060001,41.267501,41.436000,46.115350,,42.569058,41.910938,0.658121,0.243912,0.414209,54.191111,41.267501,45.227872,37.307130,0.726305,1.948498,0.045251,-0.042898,0.009140,0.003964,-0.017568,-0.203919,,0.502849,-0.365552,-0.365552,0.151029,3010755.000000,160217651.720800,0.035731
2019-01-17,42.639999,45.020000,42.220001,44.900002,2914500,0.000000,0.000000,42.639999,45.020000,42.220001,44.900002,41.419001,41.477600,45.925350,,42.927665,42.132350,0.795315,0.354193,0.441123,59.572091,41.419001,45.695610,37.142392,0.906981,2.009320,0.044751,0.042731,0.019759,0.075449,-0.059095,-0.153629,,0.512756,-0.338441,-0.338441,0.200214,2882115.000000,130861055.829000,0.014286
2019-01-18,45.099998,47.205002,45.049999,47.000000,3420400,0.000000,0.000000,45.099998,47.205002,45.049999,47.000000,41.713501,41.569400,45.739950,,43.554178,42.492917,1.061261,0.495606,0.565655,64.672552,41.713501,46.659356,36.767646,1.034437,2.030440,0.043201,0.046771,0.080957,0.122522,-0.010943,-0.102368,,0.533699,-0.307500,-0.307500,0.256349,2841175.000000,160758800.000000,0.052578
2019-01-22,46.450001,46.599998,45.599998,45.849998,1758300,0.000000,0.000000,46.450001,46.599998,45.599998,45.849998,42.010501,41.635400,45.543150,,43.907381,42.741590,1.165791,0.629643,0.536148,60.193922,42.010501,47.207379,36.813622,0.869404,1.985409,0.043302,-0.024468,0.060851,0.115300,-0.008434,-0.121816,,0.537742,-0.324444,-0.324444,0.225608,2712215.000000,80618051.483400,0.053659
2019-01-23,45.880001,47.000000,44.540001,45.400002,1748100,0.000000,0.000000,45.880001,47.000000,44.540001,45.400002,42.381001,41.665800,45.334150,,44.137015,42.938509,1.198506,0.743416,0.455090,58.487131,42.381001,47.425325,37.336676,0.799247,2.019308,0.044478,-0.009815,0.009113,0.137560,0.080824,-0.182424,,0.525937,-0.331074,-0.331074,0.213579,2383225.000000,79363743.496200,0.137645
2019-01-24,45.680000,46.750000,45.250000,46.709999,1291200,0.000000,0.000000,45.680000,46.750000,45.250000,46.709999,42.842501,41.703600,45.122550,,44.532859,43.217879,1.314980,0.857729,0.457251,61.876127,42.842501,47.683673,38.001328,0.899438,1.982215,0.042437,0.028855,0.084765,0.229534,0.100094,-0.131623,,0.491360,-0.311773,-0.311773,0.248597,2379045.000000,60311950.708800,0.153005
2019-01-25,47.220001,48.599998,47.000000,48.570000,1931800,0.000000,0.000000,47.220001,48.599998,47.000000,48.570000,43.288501,41.786400,44.958250,,45.153957,43.614333,1.539625,0.994108,0.545517,66.106963,43.288501,48.519167,38.057834,1.004859,1.975628,0.040676,0.039820,0.081737,0.295891,0.175175,-0.111903,,0.493523,-0.284367,-0.284367,0.298316,2398990.000000,93827526.000000,0.211838
2019-01-28,47.939999,48.880001,47.549999,48.820000,1977000,0.000000,0.000000,47.939999,48.880001,47.549999,48.820000,43.680000,41.936000,44.822050,,45.717964,43.999938,1.718026,1.138892,0.579135,66.642797,43.680000,49.340730,38.019270,0.954005,1.929512,0.039523,0.005147,0.038723,0.231274,0.246362,-0.120519,,0.465951,-0.280684,-0.280684,0.304999,2420365.000000,96517140.000000,0.249558
2019-01-29,48.990002,49.380001,47.540001,48.299999,1616700,0.000000,0.000000,48.990002,49.380001,47.540001,48.299999,44.070000,42.050200,44.656550,,46.115200,44.318461,1.796739,1.270461,0.526278,64.363462,44.070000,49.881031,38.258970,0.863963,1.923118,0.039816,-0.010651,0.053435,0.178336,0.197917,-0.118935,,0.463221,-0.288345,-0.288345,0.291099,2375065.000000,78086608.383300,0.237550
2019-01-30,48.779999,49.430000,48.240002,49.369999,2217200,0.000000,0.000000,48.779999,49.430000,48.240002,49.369999,44.534500,42.240400,44.519250,,46.615938,44.692649,1.923289,1.401027,0.522263,66.874115,44.534500,50.486113,38.582888,0.906234,1.870752,0.037892,0.022153,0.087445,0.219012,0.198883,-0.045252,,0.459531,-0.272580,-0.272580,0.319701,2373130.000000,109463161.782800,0.196669
2019-01-31,49.459999,50.029999,49.110001,49.450001,2556700,0.000000,0.000000,49.459999,50.029999,49.110001,49.450001,44.966000,42.422000,44.435250,,47.051948,45.045046,2.006902,1.522202,0.484701,67.060970,44.966000,51.033929,38.898072,0.869484,1.802841,0.036458,0.001620,0.058660,0.233782,0.225527,-0.082560,,0.454728,-0.271401,-0.271401,0.321839,2417250.000000,126428817.556700,0.192698
2019-02-01,49.330002,49.990002,48.209999,49.959999,2802500,0.000000,0.000000,49.330002,49.990002,48.209999,49.959999,45.522500,42.641200,44.365450,,47.499341,45.409116,2.090224,1.635806,0.454418,68.288972,45.522500,51.253111,39.791889,0.887175,1.801210,0.036053,0.010313,0.028618,0.223910,0.196933,-0.103857,,0.453792,-0.263887,-0.263887,0.335472,2508030.000000,140012897.197500,0.182660
2019-02-04,49.990002,51.230000,49.759998,51.040001,2422500,0.000000,0.000000,49.990002,51.230000,49.759998,51.040001,46.029500,42.913800,44.336550,,48.044058,45.826219,2.217838,1.752213,0.465626,70.773825,46.029500,51.831929,40.227071,0.931759,1.777552,0.034827,0.021617,0.045473,0.314448,0.216977,-0.133594,,0.401331,-0.247974,-0.247974,0.364341,2536525.000000,123644402.422500,0.211277
2019-02-05,51.259998,52.599998,50.750000,52.450001,2583700,0.000000,0.000000,51.259998,52.599998,50.750000,52.450001,46.567500,43.196200,44.321450,,48.721895,46.316870,2.405025,1.882775,0.522250,73.674183,46.567500,52.663686,40.471314,0.982474,1.782727,0.033989,0.027625,0.085921,0.282396,0.253286,-0.079986,,0.378360,-0.227199,-0.227199,0.402032,2534165.000000,135515067.583700,0.257587
2019-02-06,52.450001,52.450001,50.540001,51.299999,1812600,0.000000,0.000000,52.450001,52.450001,50.540001,51.299999,47.028500,43.407000,44.262650,,49.118526,46.685991,2.432536,1.992727,0.439808,67.767230,47.028500,53.090201,40.966799,0.852335,1.791818,0.034928,-0.021926,0.039093,0.230511,0.198038,-0.145000,,0.395165,-0.244143,-0.244143,0.371291,2465165.000000,92986378.187400,0.195552
2019-02-07,50.900002,51.549999,49.770000,50.709999,1953700,0.000000,0.000000,50.900002,51.549999,49.770000,50.709999,47.430500,43.604800,44.216050,,49.363368,46.984065,2.379303,2.070042,0.309261,64.892603,47.430500,53.339634,41.521366,0.777494,1.790974,0.035318,-0.011501,0.025480,0.205085,0.195709,-0.153281,,0.402280,-0.252836,-0.252836,0.355520,2461060.000000,99072125.046300,0.201235
2019-02-08,50.049999,51.935001,49.549999,51.770000,1065600,0.000000,0.000000,50.049999,51.935001,49.549999,51.770000,47.817500,43.818000,44.195850,,49.733619,47.338579,2.395040,2.135042,0.259998,67.555429,47.817500,53.802259,41.832742,0.830214,1.833404,0.035414,0.020903,0.036229,0.213265,0.216686,-0.156153,,0.404016,-0.237218,-0.237218,0.383855,2151870.000000,55166112.000000,0.227229
2019-02-11,51.509998,52.249001,50.400002,51.630001,1143500,0.000000,0.000000,51.509998,52.249001,50.400002,51.630001,48.225000,44.037800,44.190350,,50.025370,47.656462,2.368908,2.181815,0.187093,66.834408,48.225000,54.074561,42.375440,0.791048,1.834518,0.035532,-0.002704,0.011560,0.172610,0.176618,-0.145906,,0.397655,-0.239281,-0.239281,0.380112,2126245.000000,59038906.143500,0.211337
2019-02-12,52.000000,52.840000,51.810001,52.660000,2390000,0.000000,0.000000,52.000000,52.840000,51.810001,52.660000,48.697000,44.254600,44.186650,49.217425,50.430698,48.027095,2.403603,2.226173,0.177430,69.420337,48.697000,54.366791,43.027210,0.849484,1.789910,0.033990,0.019950,0.004004,0.211132,0.174922,-0.095189,,0.392532,-0.224105,-0.224105,0.407645,2210315.000000,125857400.000000,0.190360
2019-02-13,53.150002,54.080002,52.750000,53.650002,3384100,0.000000,0.000000,53.150002,54.080002,52.750000,53.650002,49.130000,44.492200,44.205850,49.287025,50.925976,48.443607,2.482369,2.277412,0.204957,71.704028,49.130000,54.929031,43.330969,0.889720,1.763488,0.032870,0.018800,0.045809,0.241323,0.207517,-0.044353,,0.389632,-0.209518,-0.209518,0.434109,2235545.000000,181556971.768200,0.205698
2019-02-14,53.500000,53.599998,52.560001,53.330002,2836600,0.000000,0.000000,53.500000,53.599998,52.560001,53.330002,49.643500,44.723600,44.216850,49.360525,51.295826,48.805562,2.490264,2.319982,0.170282,69.887253,49.643500,54.979733,44.307267,0.845422,1.715381,0.032165,-0.005965,0.051666,0.185375,0.290034,-0.078133,,0.377333,-0.214233,-0.214233,0.425555,2191335.000000,151275883.673200,0.258638
2019-02-15,53.500000,54.040001,53.389999,53.630001,1433400,0.000000,0.000000,53.500000,54.040001,53.389999,53.630001,50.080000,44.945800,44.227750,49.431425,51.654930,49.162928,2.492002,2.354386,0.137616,70.638344,50.080000,55.206584,44.953416,0.846235,1.643568,0.030646,0.005625,0.035928,0.245471,0.259216,-0.044880,,0.328494,-0.209813,-0.209813,0.433574,2117280.000000,76873243.433400,0.221506
2019-02-19,53.779999,54.860001,53.400002,54.330002,1895000,0.000000,0.000000,53.779999,54.860001,53.400002,54.330002,50.446500,45.203000,44.252750,49.506475,52.066479,49.545674,2.520805,2.387670,0.133135,72.370095,50.446500,55.692622,45.200379,0.870131,1.630456,0.030010,0.013052,0.052295,0.210022,0.363021,-0.058242,,0.307456,-0.199499,-0.199499,0.452286,2041010.000000,102955353.790000,0.313923
2019-02-20,54.330002,54.884998,53.849998,54.110001,1591300,0.000000,0.000000,54.330002,54.884998,53.849998,54.110001,50.859500,45.449800,44.259850,49.567225,52.380867,49.883772,2.497095,2.409555,0.087540,70.953680,50.859500,55.877584,45.841416,0.823879,1.587924,0.029346,-0.004049,0.027535,0.151277,0.340352,-0.077880,,0.278441,-0.202741,-0.202741,0.446405,2032660.000000,86105244.591300,0.308662
2019-02-21,54.110001,54.490002,53.639999,53.830002,1021100,0.000000,0.000000,54.110001,54.490002,53.639999,53.830002,51.281000,45.733201,44.272750,49.630925,52.603811,50.176086,2.427725,2.413189,0.014536,69.100038,51.281000,55.754903,46.807098,0.784875,1.535215,0.028520,-0.005175,0.003355,0.174046,0.380256,-0.120712,,0.258373,-0.206866,-0.206866,0.438920,1996310.000000,54965815.042200,0.351029
2019-02-22,54.060001,54.290001,53.610001,53.990002,1224800,0.000000,0.000000,54.060001,54.290001,53.610001,53.990002,51.645001,45.999201,44.284450,49.694325,52.817071,50.458598,2.358473,2.402246,-0.043773,69.588950,51.645001,55.719821,47.570180,0.787743,1.474128,0.027304,0.002972,0.012376,0.189207,0.443197,-0.136160,,0.251086,-0.204509,-0.204509,0.443197,1992990.000000,66126954.449600,0.372192
2019-02-25,54.500000,54.970001,54.090000,54.740002,1584300,0.000000,0.000000,54.500000,54.970001,54.090000,54.740002,51.953501,46.260801,44.306150,49.751925,53.112907,50.775739,2.337168,2.389230,-0.052063,71.838302,51.953501,55.982076,47.924926,0.845842,1.438833,0.026285,0.013891,0.020697,0.171912,0.428124,-0.114812,,0.240873,-0.193458,-0.193458,0.463245,1975615.000000,86724585.168600,0.334673
2019-02-26,54.500000,55.250000,54.290001,55.009998,2335200,0.000000,0.000000,54.500000,55.250000,54.290001,55.009998,52.263001,46.513001,44.367750,49.806475,53.404767,51.089388,2.315379,2.374460,-0.059081,72.623334,52.263001,56.228570,48.297431,0.846356,1.404631,0.025534,0.004932,0.012516,0.132592,0.349607,-0.139124,,0.210663,-0.189480,-0.189480,0.470462,1993525.000000,128459347.329600,0.266844
2019-02-27,54.950001,56.230000,54.660000,55.540001,3678600,0.000000,0.000000,54.950001,56.230000,54.660000,55.540001,52.625001,46.760801,44.459150,49.864125,53.733264,51.419063,2.314201,2.362408,-0.048207,74.146853,52.625001,56.383773,48.866229,0.887760,1.416443,0.025503,0.009635,0.026428,0.137649,0.360608,-0.152579,,0.211000,-0.181671,-0.181671,0.484630,2096620.000000,204309447.678600,0.271901
2019-02-28,55.200001,55.685001,54.470001,55.150002,1576000,0.000000,0.000000,55.200001,55.685001,54.470001,55.150002,52.914001,47.006001,44.539550,49.918025,53.951224,51.695429,2.255795,2.341086,-0.085290,71.015098,52.914001,56.504043,49.323959,0.811417,1.402054,0.025423,-0.007022,0.024522,0.141822,0.341523,-0.158401,,0.207686,-0.187417,-0.187417,0.474205,2064560.000000,86916403.152000,0.277884
2019-03-01,55.910000,56.689999,55.730000,56.290001,3229200,0.000000,0.000000,55.910000,56.689999,55.730000,56.290001,53.256001,47.296801,44.644450,49.978525,54.311036,52.035768,2.275268,2.327922,-0.052654,74.416657,53.256001,56.758743,49.753258,0.933089,1.411907,0.025083,0.020671,0.042600,0.140166,0.385089,-0.150980,,0.206330,-0.170620,-0.170620,0.504678,2098185.000000,181771671.229200,0.312708
2019-03-04,56.770000,56.889999,54.437000,55.560001,3009800,0.000000,0.000000,56.770000,56.889999,54.437000,55.560001,53.536001,47.570601,44.747350,50.029025,54.503184,52.296822,2.206362,2.303610,-0.097248,68.845033,53.536001,56.817705,50.254297,0.808376,1.486271,0.026751,-0.012969,0.014980,0.123559,0.328551,-0.181376,,0.216480,-0.181376,-0.181376,0.485164,2108550.000000,167224491.009800,0.289330
2019-03-05,55.549999,56.000000,53.810001,55.740002,1904400,0.000000,0.000000,55.549999,56.000000,53.810001,55.740002,53.771001,47.863201,44.872450,50.081575,54.693464,52.551872,2.141592,2.271207,-0.129615,69.452365,53.771001,56.972271,50.569731,0.807534,1.536537,0.027566,0.003240,0.013270,0.115693,0.334451,-0.142462,,0.215947,-0.178724,-0.178724,0.489976,2082645.000000,106151259.808800,0.292752
2019-03-06,55.590000,55.980000,54.549999,55.220001,1301500,0.000000,0.000000,55.590000,55.980000,54.549999,55.220001,53.909501,48.169401,45.009550,50.133175,54.774470,52.749512,2.024958,2.221957,-0.196999,65.481102,53.909501,57.109814,50.709188,0.704746,1.528927,0.027688,-0.009329,-0.005762,0.081897,0.322318,-0.115631,,0.213099,-0.186386,-0.186386,0.476076,2018535.000000,71868831.301500,0.298394
2019-03-07,55.000000,56.000000,54.799999,55.500000,1660500,0.000000,0.000000,55.000000,56.000000,54.799999,55.500000,54.119501,48.519601,45.158550,50.186775,54.886090,52.953251,1.932838,2.164133,-0.231295,66.588922,54.119501,57.145275,51.093727,0.728123,1.505433,0.027125,0.005071,0.006346,0.058151,0.305268,-0.144179,,0.194929,-0.182260,-0.182260,0.483561,2010930.000000,92157750.000000,0.307962
2019-03-08,54.889999,56.099998,54.419998,55.990002,1191800,0.000000,0.000000,54.889999,56.099998,54.419998,55.990002,54.383501,48.889801,45.315950,50.251825,55.055922,53.178196,1.877726,2.106852,-0.229125,68.494491,54.383501,57.057661,51.709342,0.800375,1.517902,0.027110,0.008829,-0.005330,0.091423,0.350133,-0.112678,,0.173811,-0.175041,-0.175041,0.496659,1972835.000000,66728884.383600,0.315249
2019-03-11,56.320000,57.740002,56.105999,57.150002,2478300,0.000000,0.000000,56.320000,57.740002,56.105999,57.150002,54.652501,49.239801,45.441050,50.322325,55.378088,53.472404,1.905685,2.066618,-0.160934,72.493998,54.652501,57.301981,52.003022,0.971319,1.534480,0.026850,0.020718,0.028618,0.126997,0.368207,-0.012100,,0.172898,-0.157949,-0.157949,0.527666,2043470.000000,141634849.956600,0.316762
2019-03-12,57.189999,57.980000,57.070000,57.270000,1935500,0.000000,0.000000,57.189999,57.980000,57.070000,57.270000,54.934501,49.565401,45.575450,50.381575,55.669152,53.753707,1.915445,2.036384,-0.120939,72.877572,54.934501,57.425288,52.443714,0.968828,1.489875,0.026015,0.002100,0.027449,0.106239,0.444024,0.005796,,0.164206,-0.156181,-0.156181,0.530874,2083070.000000,110846085.000000,0.354807
2019-03-13,57.500000,57.889999,57.082001,57.660000,2367500,0.000000,0.000000,57.500000,57.889999,57.082001,57.660000,55.184501,49.908601,45.674850,50.435875,55.975436,54.043062,1.932374,2.015582,-0.083208,74.139775,55.184501,57.717404,52.651599,0.988668,1.441169,0.024994,0.006810,0.044187,0.116793,0.417056,0.069164,,0.161969,-0.150435,-0.150435,0.541299,2081945.000000,136510050.000000,0.328332
2019-03-14,57.709999,59.139999,57.590000,58.849998,5028000,0.000000,0.000000,57.709999,59.139999,57.590000,58.849998,55.444501,50.284001,45.788150,50.498275,56.417676,54.399132,2.018545,2.016174,0.002371,77.569820,55.444501,58.353770,52.535232,1.085284,1.448943,0.024621,0.020638,0.060360,0.117546,0.412626,0.090623,,0.162768,-0.132901,-0.132901,0.573109,2164140.000000,295897789.944000,0.327431
2019-03-15,58.000000,59.619999,56.349998,56.470001,7536000,0.000000,0.000000,58.000000,59.619999,56.349998,56.470001,55.601501,50.597001,45.890450,50.538475,56.425726,54.552529,1.873197,1.987579,-0.114382,60.333612,55.601501,58.365587,52.837415,0.657104,1.579018,0.027962,-0.040442,0.008573,0.052563,0.331840,-0.012417,,0.220313,-0.167968,-0.167968,0.509489,2399110.000000,425557927.536000,0.248690
2019-03-18,56.950001,57.779999,56.110001,57.750000,2797600,0.000000,0.000000,56.950001,57.779999,56.110001,57.750000,55.807501,50.975401,46.047900,50.577275,56.629461,54.789379,1.840082,1.958079,-0.117998,64.856464,55.807501,58.567033,53.047969,0.851962,1.585517,0.027455,0.022667,0.010499,0.082880,0.338355,0.042984,,0.228566,-0.149109,-0.149109,0.543705,2467320.000000,161561400.000000,0.247248
2019-03-19,56.810001,57.250000,55.540001,56.660000,4810600,0.000000,0.000000,56.810001,57.250000,55.540001,56.660000,55.924001,51.290601,46.189900,50.611525,56.634159,54.927944,1.706216,1.907707,-0.201491,58.716685,55.924001,58.616824,53.231178,0.636659,1.630123,0.028770,-0.018874,-0.010651,0.056498,0.321054,0.053356,,0.241618,-0.165169,-0.165169,0.514568,2613100.000000,272568596.000000,0.203368
2019-03-20,56.070000,56.220001,54.299999,55.380001,3457600,0.000000,0.000000,56.070000,56.220001,54.299999,55.380001,55.987501,51.564401,46.330400,50.637825,56.441212,54.961429,1.479782,1.822122,-0.342339,52.438714,55.987501,58.557299,53.417703,0.381800,1.682257,0.030377,-0.022591,-0.039542,0.019326,0.326467,0.061326,,0.253682,-0.184028,-0.184028,0.480353,2706415.000000,191481891.457600,0.182067
2019-03-21,54.930000,57.230000,54.570000,57.080002,2455400,0.000000,0.000000,54.930000,57.230000,54.570000,57.080002,56.150001,51.864401,46.509500,50.654975,56.539487,55.118361,1.421127,1.741923,-0.320796,58.747330,56.150001,58.550833,53.749169,0.693683,1.752096,0.030695,0.030697,-0.030076,0.054888,0.363267,0.076372,,0.272747,-0.158980,-0.158980,0.525795,2778130.000000,140154236.910800,0.207745
2019-03-22,56.680000,57.009998,53.130001,53.340000,2915200,0.000000,0.000000,56.680000,57.009998,53.130001,53.340000,56.117501,52.077801,46.639700,50.648725,56.047258,54.986630,1.060628,1.605664,-0.545036,44.699961,56.117501,58.655148,53.579853,-0.047259,1.909089,0.035791,-0.065522,-0.055428,-0.009103,0.297494,0.031123,,0.360626,-0.214086,-0.214086,0.425822,2862650.000000,155496768.000000,0.145940
2019-03-25,53.009998,53.840000,52.070000,52.590000,1702900,0.000000,0.000000,53.009998,53.840000,52.070000,52.590000,56.010001,52.249001,46.753800,50.624875,55.515372,54.809102,0.706270,1.425785,-0.719515,42.505028,56.010001,58.944478,53.075523,-0.082727,1.899154,0.036112,-0.014061,-0.089351,-0.025931,0.317715,0.006893,,0.363563,-0.225136,-0.225136,0.405774,2868580.000000,89555511.000000,0.147822
2019-03-26,53.250000,54.340000,53.099998,53.740002,2237800,0.000000,0.000000,53.250000,54.340000,53.099998,53.740002,55.946501,52.454201,46.887700,50.613625,55.242239,54.729909,0.512329,1.243094,-0.730765,46.817303,55.946501,59.023589,52.869413,0.141463,1.888500,0.035141,0.021867,-0.051535,-0.018268,0.414583,0.022840,,0.368691,-0.208192,-0.208192,0.436514,2863710.000000,120259376.475600,0.200066
2019-03-27,53.560001,53.660000,51.380001,51.880001,1751200,0.000000,0.000000,53.560001,53.660000,51.380001,51.880001,55.763501,52.627401,46.989100,50.583425,54.724971,54.518805,0.206166,1.035708,-0.829542,41.407793,55.763501,59.337578,52.189423,-0.043287,1.922179,0.037050,-0.034611,-0.063200,-0.056899,0.384205,0.000965,,0.386224,-0.235597,-0.235597,0.386795,2767340.000000,90852257.751200,0.149992
2019-03-28,52.000000,52.459999,51.139999,51.779999,1253000,0.000000,0.000000,52.000000,52.459999,51.139999,51.779999,55.595001,52.763201,47.087500,50.544625,54.271899,54.315931,-0.044032,0.819760,-0.863792,41.132612,55.595001,59.584479,51.605522,0.021867,1.879166,0.036291,-0.001928,-0.092852,-0.067699,0.305927,-0.030337,,0.383715,-0.237071,-0.237071,0.384122,2751190.000000,64880338.747000,0.135840
2019-03-29,52.070000,52.490002,51.320000,51.840000,1597000,0.000000,0.000000,52.070000,52.490002,51.320000,51.840000,55.372501,52.938801,47.187400,50.494725,53.897760,54.132528,-0.234768,0.608855,-0.843623,41.384313,55.372501,59.682283,51.062718,0.090176,1.828511,0.035272,0.001159,-0.028121,-0.060018,0.264699,-0.013323,,0.383695,-0.236187,-0.236187,0.385726,2669580.000000,82788480.000000,0.089939
2019-04-01,52.450001,52.687000,51.630001,52.139999,1244300,0.000000,0.000000,52.450001,52.687000,51.630001,52.139999,55.201500,53.083600,47.280600,50.436575,53.627336,53.984934,-0.357598,0.415564,-0.773162,42.703432,55.201500,59.745013,50.657988,0.163091,1.773403,0.034012,0.005787,-0.008557,-0.073725,0.287407,-0.012874,,0.375672,-0.231767,-0.231767,0.393745,2581305.000000,64877800.755700,0.098420
2019-04-02,52.230000,53.849998,51.764000,53.720001,1803900,0.000000,0.000000,52.230000,53.849998,51.764000,53.720001,55.100500,53.218001,47.393700,50.387525,53.641592,53.965309,-0.323717,0.267708,-0.591425,49.189034,55.100500,59.683248,50.517752,0.349381,1.795732,0.033428,0.030303,-0.000372,-0.033117,0.340319,0.021876,,0.391319,-0.208487,-0.208487,0.435980,2576280.000000,96905509.803900,0.157447
2019-04-03,54.000000,54.720001,53.750000,54.139999,2415400,0.000000,0.000000,54.000000,54.720001,53.750000,54.139999,55.046500,53.383801,47.509600,50.338475,53.718270,53.978249,-0.259979,0.162170,-0.422150,50.783825,55.046500,59.648730,50.444271,0.401515,1.738894,0.032118,0.007818,0.043562,-0.028705,0.326311,0.108291,,0.392309,-0.202299,-0.202299,0.447207,2631975.000000,130769753.584600,0.141849
2019-04-04,54.320000,54.349998,52.200001,53.340000,1659800,0.000000,0.000000,54.320000,54.349998,52.200001,53.340000,54.938500,53.542600,47.604200,50.285675,53.660074,53.930971,-0.270897,0.075557,-0.346454,47.711971,54.938500,59.596954,50.280046,0.328430,1.768258,0.033151,-0.014776,0.030127,-0.034046,0.373680,0.149569,,0.394200,-0.214086,-0.214086,0.425822,2631940.000000,88533732.000000,0.152704
2019-04-05,53.450001,54.202000,53.299999,53.840000,1659600,0.000000,0.000000,53.450001,54.202000,53.299999,53.840000,54.831000,53.685201,47.694400,50.235525,53.687755,53.924233,-0.236477,0.013150,-0.249627,49.757527,54.831000,59.486514,50.175487,0.393567,1.706383,0.031694,0.009374,0.038580,-0.029910,0.316381,0.142857,,0.395363,-0.206719,-0.206719,0.439187,2655330.000000,89352864.000000,0.138335
2019-04-08,53.669998,54.189999,53.029999,53.810001,1313000,0.000000,0.000000,53.669998,54.189999,53.029999,53.810001,54.664000,53.790001,47.788200,50.192275,53.706562,53.915771,-0.209209,-0.031322,-0.177887,49.632071,54.664000,59.207532,50.120469,0.406020,1.667355,0.030986,-0.000557,0.032029,-0.038936,0.290717,0.174891,,0.393714,-0.207161,-0.207161,0.438385,2597065.000000,70652531.313000,0.125052
2019-04-09,53.380001,53.980000,53.200001,53.580002,3116000,0.000000,0.000000,53.380001,53.980000,53.200001,53.580002,54.479500,53.885201,47.910600,50.172225,53.687092,53.890899,-0.203808,-0.065819,-0.137989,48.619904,54.479500,58.874725,50.084276,0.397673,1.603973,0.029936,-0.004274,-0.002606,-0.062467,0.273289,0.183565,,0.385299,-0.210550,-0.210550,0.432237,2656090.000000,166955286.232000,0.126518
2019-04-10,53.799999,56.860001,53.790001,55.910000,3040300,0.000000,0.000000,53.799999,56.860001,53.790001,55.910000,54.392000,54.037401,48.043800,50.164025,54.029077,54.040462,-0.011385,-0.054932,0.043547,57.970834,54.392000,58.585683,50.198318,0.680986,1.723689,0.030830,0.043486,0.032693,-0.023747,0.310288,0.293315,,0.417253,-0.176219,-0.176219,0.494520,2689730.000000,169983173.000000,0.165521
2019-04-11,56.090000,56.360001,55.007999,55.349998,1178900,0.000000,0.000000,56.090000,56.360001,55.007999,55.349998,54.217000,54.157001,48.198700,50.165775,54.232296,54.137465,0.094831,-0.024979,0.119810,55.362895,54.217000,57.886781,50.547220,0.654369,1.697140,0.030662,-0.010016,0.037683,-0.040062,0.257097,0.333414,,0.417452,-0.184470,-0.184470,0.479551,2497275.000000,65252112.642200,0.119496
2019-04-12,55.750000,55.860001,54.810001,55.250000,1308300,0.000000,0.000000,55.750000,55.860001,54.810001,55.250000,54.156000,54.273001,48.347500,50.159675,54.388866,54.219875,0.168991,0.013815,0.155176,54.888050,54.156000,57.706724,50.605276,0.654053,1.650916,0.029881,-0.001807,0.026189,-0.061172,0.270699,0.360838,,0.409544,-0.185944,-0.185944,0.476878,2185890.000000,72283575.000000,0.125439
2019-04-15,55.360001,56.650002,55.160000,55.419998,2226500,0.000000,0.000000,55.360001,56.650002,55.160000,55.419998,54.039500,54.382201,48.511700,50.177925,54.547502,54.308773,0.238729,0.058797,0.179931,55.585472,54.039500,57.228154,50.850846,0.716470,1.639422,0.029582,0.003077,0.029920,-0.018594,0.282277,0.376894,,0.386059,-0.183439,-0.183439,0.481422,2157335.000000,123392625.547000,0.127324
2019-04-16,55.770000,56.020000,54.810001,55.209999,1200500,0.000000,0.000000,55.770000,56.020000,54.810001,55.209999,53.967000,54.465600,48.689700,50.188775,54.649424,54.375530,0.273894,0.101817,0.172077,54.465307,53.967000,56.965021,50.968979,0.707303,1.608749,0.029139,-0.003789,0.030422,-0.043983,0.227162,0.236783,,0.376727,-0.186533,-0.186533,0.475809,1976830.000000,66279603.799500,0.088149
2019-04-17,55.450001,55.490002,52.090000,53.180000,2390100,0.000000,0.000000,55.450001,55.490002,52.090000,53.180000,53.857000,54.480200,48.838200,50.189925,54.423359,54.286973,0.136386,0.108731,0.027656,45.020478,53.857000,56.797620,50.916380,0.384888,1.736695,0.032657,-0.036769,-0.048828,-0.061419,0.235021,0.213324,,0.391707,-0.216443,-0.216443,0.421545,1923455.000000,127105518.000000,0.098357
2019-04-18,53.200001,53.500000,50.919998,52.790001,1941000,0.000000,0.000000,53.200001,53.500000,50.919998,52.790001,53.642500,54.510001,48.958500,50.192175,54.172073,54.176086,-0.004013,0.086182,-0.090195,43.461184,53.642500,56.193246,51.091754,0.332892,1.796932,0.034039,-0.007334,-0.046251,-0.046768,0.175724,0.106245,,0.385471,-0.222189,-0.222189,0.411120,1897735.000000,102465391.941000,0.046765
2019-04-22,52.740002,54.366001,52.500000,54.130001,1043200,0.000000,0.000000,52.740002,54.366001,52.500000,54.130001,53.682000,54.578401,49.091600,50.202975,54.165600,54.172672,-0.007072,0.067531,-0.074603,49.883933,53.682000,56.237486,51.126515,0.587655,1.801865,0.033288,0.025384,-0.020271,-0.051682,0.151702,0.139099,,0.380197,-0.202446,-0.202446,0.446939,1804135.000000,56468417.043200,0.031818
2019-04-23,54.400002,55.550999,54.200001,55.240002,1497800,0.000000,0.000000,54.400002,55.550999,54.200001,55.240002,53.814500,54.647801,49.232900,50.206075,54.330893,54.251734,0.079159,0.069857,0.009303,54.495338,53.814500,56.406134,51.222866,0.775020,1.774660,0.032126,0.020506,-0.003248,0.035621,0.204798,0.194637,,0.310137,-0.186091,-0.186091,0.476611,1793880.000000,82738474.995600,0.048046
2019-04-24,55.470001,56.250000,55.090000,55.840000,1122000,0.000000,0.000000,55.470001,56.250000,55.090000,55.840000,53.919500,54.732001,49.384900,50.210525,54.563063,54.369383,0.193680,0.094622,0.099059,56.808802,53.919500,56.664075,51.174925,0.849872,1.730756,0.030995,0.010862,0.011411,0.061799,0.229956,0.329366,,0.306017,-0.177251,-0.177251,0.492649,1738090.000000,62652480.000000,0.076771
2019-04-25,56.209999,57.639999,55.900002,57.009998,2476000,0.000000,0.000000,56.209999,57.639999,55.900002,57.009998,54.176000,54.819001,49.536800,50.218825,54.939515,54.564984,0.374531,0.150603,0.223927,60.975259,54.176000,57.072679,51.279321,0.989181,1.735702,0.030446,0.020953,0.072020,0.060848,0.220510,0.342675,,0.305323,-0.160012,-0.160012,0.523924,1774330.000000,141156755.048000,0.072743
2019-04-26,57.200001,57.950001,56.650002,57.259998,1557000,0.000000,0.000000,57.200001,57.950001,56.650002,57.259998,54.450000,54.891200,49.691700,50.243275,55.296512,54.764615,0.531898,0.226862,0.305035,61.822713,54.450000,57.427981,51.472019,0.971796,1.704580,0.029769,0.004385,0.084675,0.103701,0.178917,0.385434,,0.272979,-0.156328,-0.156328,0.530607,1789530.000000,89153816.886000,0.041923
2019-04-29,57.610001,58.369999,57.029999,57.660000,1517500,0.000000,0.000000,57.610001,58.369999,57.029999,57.660000,54.741000,54.977800,49.850700,50.271675,55.660126,54.979088,0.681038,0.317697,0.363341,63.199714,54.741000,57.781884,51.700115,0.979959,1.678539,0.029111,0.006986,0.065213,0.113557,0.181073,0.472045,,0.271935,-0.150435,-0.150435,0.541299,1785555.000000,87499050.000000,0.029194
2019-04-30,56.500000,56.939999,55.375000,56.669998,2242900,0.000000,0.000000,56.500000,56.939999,55.375000,56.669998,54.967500,55.038600,49.992200,50.278175,55.815491,55.104340,0.711150,0.396388,0.314762,57.656798,54.967500,57.864065,52.070934,0.793882,1.721857,0.030384,-0.017170,0.025887,0.093171,0.173292,0.405506,0.426378,0.282631,-0.165021,-0.165021,0.514836,1835485.000000,127105138.514200,0.021463
2019-05-01,57.099998,57.419998,55.799999,55.820000,1501900,0.000000,0.000000,57.099998,57.419998,55.799999,55.820000,55.072500,55.068400,50.135700,50.280625,55.816184,55.157352,0.658832,0.448877,0.209955,53.331892,55.072500,57.930653,52.214347,0.630766,1.714582,0.030716,-0.014999,-0.000358,0.070579,0.130646,0.355512,0.444991,0.290412,-0.177545,-0.177545,0.492114,1820385.000000,83836058.000000,0.010007
2019-05-02,55.770000,56.500999,54.040001,54.889999,1448000,0.000000,0.000000,55.770000,56.500999,54.040001,54.889999,55.110000,55.084000,50.266900,50.279825,55.673694,55.137548,0.536146,0.466331,0.069815,49.000964,55.110000,57.936139,52.283860,0.461078,1.767897,0.032208,-0.016661,-0.037186,0.021780,0.110010,0.360347,0.391381,0.281035,-0.191248,-0.191248,0.467255,1772015.000000,79480718.552000,0.006322
2019-05-03,55.080002,56.730000,54.549999,56.459999,1657800,0.000000,0.000000,55.080002,56.730000,54.549999,56.459999,55.266000,55.136600,50.434900,50.291675,55.794664,55.235508,0.559157,0.484896,0.074261,55.561697,55.266000,58.024391,52.507608,0.716430,1.797333,0.031834,0.028603,-0.013971,0.042852,0.130104,0.352659,0.435910,0.296047,-0.168116,-0.168116,0.509222,1771915.000000,93599386.342200,0.006185
2019-05-06,54.919998,56.720001,54.209999,55.889999,1610500,0.000000,0.000000,54.919998,56.720001,54.209999,55.889999,55.368500,55.174600,50.586900,50.305875,55.809331,55.283988,0.525343,0.492985,0.032358,52.900890,55.368500,58.055200,52.681799,0.597052,1.848238,0.033069,-0.010096,-0.030697,0.047807,0.095023,0.332618,0.331983,0.293102,-0.176514,-0.176514,0.493986,1769460.000000,90010843.389500,-0.010556
2019-05-07,54.980000,55.500000,52.310001,53.230000,2198400,0.000000,0.000000,54.980000,55.500000,52.310001,53.230000,55.339500,55.144400,50.702600,50.310225,55.412511,55.131841,0.280670,0.450522,-0.169852,42.638834,55.339500,58.108298,52.570701,0.119059,1.971935,0.037046,-0.047593,-0.060702,-0.011330,0.014871,0.271924,0.295449,0.338855,-0.215707,-0.215707,0.422882,1813730.000000,117020832.000000,-0.061010
2019-05-08,53.220001,53.980000,52.689999,53.590000,1481100,0.000000,0.000000,53.220001,53.980000,52.689999,53.590000,55.340000,55.116000,50.814500,50.317125,55.132125,55.017631,0.114494,0.383317,-0.268823,44.216033,55.340000,58.107463,52.572536,0.183826,1.923226,0.035888,0.006763,-0.039950,-0.004088,0.044639,0.251518,0.297265,0.339740,-0.210402,-0.210402,0.432505,1731985.000000,79372149.000000,-0.032380
2019-05-09,52.779999,54.000000,51.520000,53.500000,1320600,0.000000,0.000000,52.779999,54.000000,51.520000,53.500000,55.219500,55.075200,50.918000,50.306975,54.881029,54.905214,-0.024185,0.301816,-0.326001,43.891118,55.219500,58.090401,52.348598,0.200530,1.962995,0.036692,-0.001679,-0.025323,-0.001493,0.055019,0.261495,0.237853,0.339445,-0.211728,-0.211728,0.430099,1646000.000000,70652100.000000,-0.030356
2019-05-10,53.049999,53.882000,50.950001,53.049999,1398500,0.000000,0.000000,53.049999,53.882000,50.950001,53.049999,55.104500,55.033200,51.019600,50.303275,54.599332,54.767790,-0.168459,0.207761,-0.376220,42.220530,55.104500,58.133311,52.075688,0.160840,2.032210,0.038307,-0.008411,-0.060397,-0.051154,0.024725,0.246769,0.202948,0.301436,-0.218359,-0.218359,0.418070,1656980.000000,74190423.601500,-0.060055
2019-05-13,51.419998,51.770000,50.020000,50.419998,1607400,0.000000,0.000000,51.419998,51.770000,50.020000,50.419998,54.862999,54.915800,51.106300,50.281925,53.956357,54.445732,-0.489374,0.068334,-0.557708,34.060815,54.862999,58.543160,51.182839,-0.103642,2.103481,0.041719,-0.049576,-0.097871,-0.089070,-0.023436,0.149043,0.145649,0.342507,-0.257109,-0.257109,0.347768,1671935.000000,81045104.785200,-0.069841
2019-05-14,51.000000,52.840000,50.900002,52.540001,2335800,0.000000,0.000000,51.000000,52.840000,50.900002,52.540001,54.719000,54.855400,51.213000,50.267075,53.738456,54.304566,-0.566110,-0.058555,-0.507555,43.534141,54.719000,58.530433,50.907566,0.214150,2.126089,0.040466,0.042047,-0.012963,-0.049050,-0.002279,0.172245,0.184133,0.378210,-0.225873,-0.225873,0.404437,1677400.000000,122722934.335800,-0.045419
2019-05-15,52.290001,53.900002,52.000000,53.669998,1300500,0.000000,0.000000,52.290001,53.900002,52.000000,53.669998,54.642000,54.814000,51.338600,50.261325,53.727924,54.257561,-0.529637,-0.152771,-0.376866,47.835992,54.642000,58.473836,50.810163,0.373168,2.109940,0.039313,0.021507,0.001493,-0.031577,0.000373,0.207968,0.214528,0.386694,-0.209224,-0.209224,0.434643,1682400.000000,69797832.399000,-0.053771
2019-05-16,53.689999,55.320000,53.689999,54.740002,1393600,0.000000,0.000000,53.689999,55.320000,53.689999,54.740002,54.720000,54.804400,51.486900,50.276475,53.883629,54.293298,-0.409669,-0.204151,-0.205518,51.596439,54.720000,58.489534,50.950466,0.502653,2.077087,0.037945,0.019937,0.023178,-0.008513,0.026439,0.324141,0.204136,0.393401,-0.193458,-0.193458,0.463245,1632575.000000,76285666.787200,-0.036992
2019-05-17,54.220001,54.840000,53.549999,53.590000,1017400,0.000000,0.000000,54.220001,54.840000,53.549999,53.590000,54.760000,54.766200,51.642900,50.274925,53.838455,54.241202,-0.402747,-0.243870,-0.158877,47.622860,54.760000,58.459632,51.060367,0.341876,2.020867,0.037710,-0.021008,0.010179,0.007710,-0.000746,0.258277,0.184833,0.378400,-0.210402,-0.210402,0.432505,1586395.000000,54522466.000000,-0.046764
2019-05-20,52.770000,53.689999,51.900002,53.169998,999600,0.000000,0.000000,52.770000,53.689999,51.900002,53.169998,54.711999,54.709800,51.799800,50.262025,53.735615,54.161853,-0.426238,-0.280343,-0.145894,46.222771,54.711999,58.470491,50.953508,0.294864,2.004376,0.037698,-0.007837,0.054542,0.007198,-0.021351,0.333919,0.184187,0.378538,-0.216591,-0.216591,0.421278,1584215.000000,53148730.000800,-0.050150
2019-05-21,53.810001,54.939999,53.810001,54.759998,1353100,0.000000,0.000000,53.810001,54.939999,53.810001,54.759998,54.687999,54.662000,51.950900,50.241275,53.893213,54.206160,-0.312947,-0.286864,-0.026083,51.978570,54.687999,58.438416,50.937583,0.509599,1.987635,0.036297,0.029904,0.042253,0.011639,0.012013,0.356453,0.222867,0.382567,-0.193163,-0.193163,0.463780,1576980.000000,74095753.293800,-0.027599
2019-05-22,54.590000,55.279999,54.020000,54.779999,1898500,0.000000,0.000000,54.590000,55.279999,54.020000,54.779999,54.634999,54.612200,52.088800,50.230125,54.029641,54.248667,-0.219025,-0.273296,0.054271,52.048097,54.634999,58.346628,50.923371,0.519533,1.935661,0.035335,0.000365,0.020682,-0.008327,0.017648,0.404615,0.274546,0.375817,-0.192869,-0.192869,0.464314,1615805.000000,103999828.101500,-0.021379
2019-05-23,53.980000,54.000000,52.520000,53.209999,1248900,0.000000,0.000000,53.980000,54.000000,52.520000,53.209999,54.444999,54.523200,52.215900,50.196175,53.903543,54.171728,-0.268186,-0.272274,0.004089,46.372513,54.444999,58.031667,50.858331,0.327835,1.958828,0.036813,-0.028660,-0.027950,-0.047099,-0.014447,0.422347,0.236005,0.386051,-0.216001,-0.216001,0.422347,1554450.000000,66453967.751100,-0.027830
2019-05-24,53.759998,54.759998,53.509998,54.099998,988700,0.000000,0.000000,53.759998,54.759998,53.509998,54.099998,54.286999,54.428200,52.356100,50.167225,53.933766,54.166415,-0.232649,-0.264349,0.031701,49.719687,54.286999,57.621048,50.952951,0.471956,1.929626,0.035668,0.016726,0.009517,-0.051044,-0.011692,0.411427,0.191105,0.383150,-0.202888,-0.202888,0.446137,1526035.000000,53488668.022600,-0.022619
2019-05-28,54.250000,55.099998,53.880001,54.470001,5576200,0.000000,0.000000,54.250000,55.099998,53.880001,54.470001,54.127499,54.388200,52.492600,50.132825,54.016264,54.188903,-0.172639,-0.246007,0.073368,51.086533,54.127499,57.063590,51.191409,0.558326,1.878938,0.034495,0.006839,0.024450,-0.048725,-0.009816,0.336359,0.163889,0.383776,-0.197436,-0.197436,0.456028,1728970.000000,303735619.576200,-0.017506
2019-05-29,53.959999,54.820000,52.775002,54.380001,1448400,0.000000,0.000000,53.959999,54.820000,52.775002,54.380001,54.012999,54.320800,52.648100,50.102475,54.072224,54.203058,-0.130835,-0.222973,0.092138,50.725316,54.012999,56.699622,51.326376,0.568302,1.890800,0.034770,-0.001652,-0.006939,-0.056885,-0.020886,0.332190,0.172741,0.382365,-0.198762,-0.198762,0.453622,1689245.000000,78763993.448400,-0.019933
2019-05-30,54.509998,55.700001,54.509998,55.480000,1471200,0.000000,0.000000,54.509998,55.700001,54.509998,55.480000,53.995999,54.297200,52.793900,50.088875,54.288805,54.297647,-0.008842,-0.180146,0.171305,54.920716,53.995999,56.638418,51.353581,0.780803,1.850028,0.033346,0.020228,0.012778,-0.020999,0.005984,0.349550,0.145571,0.386222,-0.182555,-0.182555,0.483026,1687710.000000,81622176.000000,0.001312
2019-05-31,54.299999,56.419998,54.070000,56.060001,2904400,0.000000,0.000000,54.299999,56.419998,54.070000,56.060001,54.054500,54.310800,52.937600,50.088475,54.561296,54.428191,0.133105,-0.117496,0.250601,56.999659,54.054500,56.828769,51.280230,0.861447,1.885740,0.033638,0.010454,0.053561,0.004300,-0.004086,0.379429,0.121424,0.384431,-0.174009,-0.174009,0.498530,1760530.000000,162820666.904400,0.014636
2019-06-03,56.000000,56.099998,50.250000,50.570000,4240000,0.000000,0.000000,56.000000,56.099998,50.250000,50.570000,53.760000,54.180600,53.022500,50.052075,53.947251,54.142399,-0.195149,-0.133027,-0.062122,38.772535,53.760000,56.704376,50.815623,-0.041711,2.168902,0.042889,-0.097931,-0.065250,-0.078703,-0.089813,0.209230,0.015258,0.512017,-0.254899,-0.254899,0.351778,1889640.000000,214416800.000000,-0.057540
2019-06-04,52.500000,53.000000,50.735001,52.939999,2249500,0.000000,0.000000,52.500000,53.000000,50.735001,52.939999,53.612500,54.172600,53.125200,50.036025,53.792289,54.053333,-0.261044,-0.158630,-0.102414,46.696810,53.612500,56.398925,50.826074,0.379326,2.187552,0.041321,0.046866,-0.028089,-0.062345,-0.050233,0.267417,0.056265,0.529986,-0.219979,-0.219979,0.415130,1921590.000000,119088527.750500,-0.043734
2019-06-05,53.639999,53.939999,51.889999,53.320000,2409700,0.000000,0.000000,53.639999,53.939999,51.889999,53.320000,53.617000,54.187200,53.218100,50.014175,53.719629,53.999012,-0.279383,-0.182781,-0.096602,47.861979,53.617000,56.401114,50.832885,0.446662,2.177726,0.040843,0.007178,-0.019492,-0.045983,-0.034408,0.276820,-0.006151,0.530250,-0.214380,-0.214380,0.425287,1932155.000000,128485204.000000,-0.043675
2019-06-06,53.770000,54.939999,52.770000,54.740002,5258000,0.000000,0.000000,53.770000,54.939999,52.770000,54.740002,53.674500,54.207200,53.330700,49.994475,53.876610,54.053900,-0.177290,-0.181683,0.004392,52.077615,53.674500,56.503408,50.845592,0.688324,2.177174,0.039773,0.026632,-0.013338,0.028367,-0.013694,0.287394,0.002748,0.511293,-0.193458,-0.193458,0.463245,2121000.000000,287822930.516000,-0.039846
2019-06-07,47.020000,49.230000,45.674999,48.160000,20954400,0.000000,0.000000,47.020000,49.230000,45.674999,48.160000,53.407500,54.132800,53.380100,49.929175,52.997131,53.617315,-0.620184,-0.269383,-0.350801,37.105857,53.407500,57.162255,49.652744,-0.198780,2.669162,0.055423,-0.120205,-0.140920,-0.101325,-0.139846,0.161321,-0.160391,0.662666,-0.290408,-0.290408,0.287356,3102690.000000,1009163904.000000,-0.184927
2019-06-10,49.630001,49.889999,47.599998,48.310001,5639400,0.000000,0.000000,49.630001,49.889999,47.599998,48.310001,53.170500,54.063400,53.413300,49.858225,52.276034,53.224180,-0.948146,-0.405135,-0.543011,37.546645,53.170500,57.564268,48.776731,-0.053113,2.642079,0.054690,0.003115,-0.044691,-0.097009,-0.154681,0.156572,-0.137167,0.663104,-0.288198,-0.288198,0.291366,3314735.000000,272439419.639400,-0.189757
2019-06-11,48.580002,48.900002,47.320000,47.900002,3807700,0.000000,0.000000,48.580002,48.900002,47.320000,47.900002,53.044500,53.984600,53.461700,49.788525,51.602798,52.829797,-1.226998,-0.569508,-0.657490,36.787725,53.044500,57.891530,48.197470,-0.030686,2.566217,0.053574,-0.008487,-0.095202,-0.097078,-0.163611,0.207766,-0.172997,0.663111,-0.294239,-0.294239,0.280406,3424750.000000,182388837.615400,-0.194113
2019-06-12,47.900002,48.450001,47.540001,48.080002,1578500,0.000000,0.000000,47.900002,48.450001,47.540001,48.080002,52.821500,53.903400,53.493500,49.709425,51.060830,52.477960,-1.417130,-0.739032,-0.678098,37.386095,52.821500,58.152486,47.490514,0.055289,2.447915,0.050913,0.003758,-0.098275,-0.046410,-0.166146,0.181617,-0.192476,0.642314,-0.291587,-0.291587,0.285218,3386885.000000,75894283.157000,-0.185681
2019-06-13,48.450001,48.490002,47.610001,48.279999,2095000,0.000000,0.000000,48.450001,48.490002,47.610001,48.279999,52.552000,53.794600,53.506300,49.623125,50.633010,52.167000,-1.533990,-0.898024,-0.635966,38.087363,52.552000,58.235677,46.868323,0.124187,2.335922,0.048383,0.004160,-0.118012,-0.081081,-0.179609,0.158905,-0.219023,0.623116,-0.288640,-0.288640,0.290564,3426610.000000,101146597.905000,-0.206633
2019-06-14,47.810001,51.000000,47.799999,50.779999,4208800,0.000000,0.000000,47.810001,51.000000,47.799999,50.779999,52.354000,53.727400,53.555600,49.549375,50.655623,52.064259,-1.408636,-1.000146,-0.408489,46.198939,52.354000,57.992466,46.715533,0.360423,2.397641,0.047216,0.051781,0.054402,-0.053848,-0.100761,0.197641,-0.203701,0.646648,-0.251805,-0.251805,0.357391,3567370.000000,213722859.791200,-0.114825
2019-06-17,50.900002,53.365002,50.799999,52.750000,3103900,0.000000,0.000000,50.900002,53.365002,50.799999,52.750000,52.312000,53.715600,53.629100,49.481625,50.977835,52.115055,-1.137220,-1.027561,-0.109659,51.582162,52.312000,57.924154,46.699846,0.539022,2.411024,0.045707,0.038795,0.091906,-0.036354,-0.086580,0.222480,-0.169684,0.657839,-0.222779,-0.222779,0.410051,3671695.000000,163730725.000000,-0.103502
2019-06-18,53.189999,54.200001,52.660000,53.509998,3024200,0.000000,0.000000,53.189999,54.200001,52.660000,53.509998,52.329000,53.709000,53.697100,49.409825,51.367399,52.218384,-0.850985,-0.992246,0.141261,53.514571,52.329000,57.954142,46.703858,0.604975,2.348808,0.043895,0.014408,0.117119,-0.001493,-0.055595,0.247610,-0.163253,0.655637,-0.211581,-0.211581,0.430366,3772925.000000,161824935.951600,-0.085363
2019-06-19,53.560001,53.880001,52.125000,53.090000,1755200,0.000000,0.000000,53.560001,53.880001,52.125000,53.090000,52.245500,53.694600,53.742300,49.350275,51.632414,52.282948,-0.650534,-0.923903,0.273370,52.272947,52.245500,57.767332,46.723668,0.576469,2.306394,0.043443,-0.007849,0.104201,-0.001505,-0.041351,0.271617,-0.169171,0.655639,-0.217769,-0.217769,0.419139,3793030.000000,93183568.000000,-0.074777
2019-06-20,54.000000,54.959999,53.700001,54.869999,2727300,0.000000,0.000000,54.000000,54.959999,53.700001,54.869999,52.250000,53.720400,53.802800,49.312425,52.130504,52.474582,-0.344077,-0.807938,0.463861,56.843051,52.250000,57.780668,46.719332,0.736861,2.275223,0.041466,0.033528,0.136495,0.002009,-0.038718,0.310485,-0.140911,0.657784,-0.191543,-0.191543,0.466720,3834470.000000,149646948.272700,-0.065811
2019-06-21,54.250000,54.869999,52.650002,52.830002,3092300,0.000000,0.000000,54.250000,54.869999,52.650002,52.830002,52.231000,53.658800,53.848100,49.252325,52.238119,52.500909,-0.262790,-0.698909,0.436119,50.835184,52.231000,57.750382,46.711619,0.554263,2.271278,0.042992,-0.037179,0.040370,-0.035597,-0.009561,0.285089,-0.154179,0.670934,-0.221600,-0.221600,0.412189,3926640.000000,163366215.184600,-0.060465
2019-06-24,52.950001,53.380001,50.860001,51.009998,2731000,0.000000,0.000000,52.950001,53.380001,50.860001,51.009998,52.076500,53.572000,53.864500,49.191875,52.049178,52.390471,-0.341294,-0.627386,0.286092,46.148869,52.076500,57.548385,46.604615,0.402547,2.289044,0.044874,-0.034450,-0.032986,-0.041346,-0.030044,0.278126,-0.114256,0.674251,-0.248416,-0.248416,0.363539,4013755.000000,139308304.538000,-0.078248
2019-06-25,50.950001,51.570000,49.730000,49.830002,1790800,0.000000,0.000000,50.950001,51.570000,49.730000,49.830002,51.844500,53.463600,53.868300,49.151775,51.707766,52.200807,-0.493041,-0.600517,0.107476,43.358062,51.844500,57.282450,46.406550,0.314774,2.256969,0.045293,-0.023133,-0.068772,-0.078928,-0.072758,0.311661,-0.134144,0.675104,-0.265802,-0.265802,0.331997,3824485.000000,89235567.581600,-0.097876
2019-06-26,50.160000,50.650002,49.490002,49.490002,2086000,0.000000,0.000000,50.160000,50.650002,49.490002,49.490002,51.600000,53.345000,53.863600,49.114525,51.366571,52.000006,-0.633435,-0.607100,-0.026335,42.559429,51.600000,56.997523,46.202477,0.304540,2.178614,0.044021,-0.006823,-0.067809,-0.091426,-0.046068,0.320438,-0.100182,0.674252,-0.270812,-0.270812,0.322908,3856365.000000,103236144.172000,-0.080946
2019-06-27,49.650002,51.139999,49.549999,50.650002,2626000,0.000000,0.000000,49.650002,51.139999,49.549999,50.650002,51.358500,53.253800,53.859700,49.098125,51.256330,51.900006,-0.643676,-0.614415,-0.029261,46.200426,51.358500,56.448524,46.268477,0.430403,2.140856,0.042268,0.023439,-0.076909,-0.068591,-0.021823,0.277427,-0.103064,0.680763,-0.253720,-0.253720,0.353916,3914105.000000,133006905.252000,-0.060757
2019-06-28,50.689999,51.084999,49.230000,49.709999,6188800,0.000000,0.000000,50.689999,51.084999,49.230000,49.709999,51.041000,53.184400,53.832300,49.076875,51.018433,51.737783,-0.719350,-0.635402,-0.083948,43.778724,51.041000,55.667286,46.414715,0.356148,2.120438,0.042656,-0.018559,-0.059057,-0.104001,-0.041088,0.212735,-0.039791,0.677726,-0.267570,-0.267570,0.328789,4078325.000000,307645241.811200,-0.076915
2019-07-01,50.529999,51.160000,49.520000,50.650002,1891700,0.000000,0.000000,50.529999,51.160000,49.520000,50.650002,51.045000,53.141600,53.825800,49.044225,50.961751,51.657207,-0.695456,-0.647413,-0.048043,46.782803,51.045000,55.669709,46.420292,0.457295,2.086121,0.041187,0.018910,-0.007057,-0.096504,-0.028577,0.250617,-0.045060,0.680674,-0.253720,-0.253720,0.353916,3960910.000000,95814608.783400,-0.062074
2019-07-02,50.840000,51.860001,50.209999,51.340000,1834700,0.000000,0.000000,50.840000,51.860001,50.209999,51.340000,50.965000,53.085800,53.832100,49.024075,51.019943,51.633710,-0.613767,-0.640684,0.026917,48.939547,50.965000,55.506289,46.423712,0.541288,2.054969,0.040027,0.013623,0.030303,0.015226,-0.044304,0.280938,-0.030406,0.590196,-0.243554,-0.243554,0.372360,3940170.000000,94193498.000000,-0.077481
2019-07-03,51.439999,51.799999,50.650002,51.650002,1287800,0.000000,0.000000,51.439999,51.799999,50.650002,51.650002,50.881501,53.014000,53.830900,49.013375,51.116875,51.634917,-0.518041,-0.616155,0.098114,49.921519,50.881501,55.300227,46.462774,0.586960,1.990328,0.038535,0.006038,0.043645,-0.024367,-0.045992,0.265311,-0.013183,0.567065,-0.238986,-0.238986,0.380647,3884075.000000,66514872.575600,-0.080781
2019-07-05,50.910000,52.200001,50.700001,52.160000,1292900,0.000000,0.000000,50.910000,52.200001,50.700001,52.160000,50.752500,52.940400,53.836200,49.013275,51.277356,51.673812,-0.396456,-0.572215,0.175760,51.571592,50.752500,54.834763,46.670237,0.672392,1.955305,0.037487,0.009874,0.029812,-0.021755,-0.022122,0.343291,0.003656,0.567604,-0.231472,-0.231472,0.394280,3685820.000000,67437664.000000,-0.056336
2019-07-08,52.000000,52.235001,51.330002,51.650002,1199100,0.000000,0.000000,52.000000,52.235001,51.330002,51.650002,50.927001,52.833200,53.826100,49.006375,51.334686,51.672048,-0.337362,-0.525245,0.187883,49.804318,50.927001,54.837407,47.016594,0.592446,1.880283,0.036404,-0.009778,0.039026,-0.056449,-0.040676,0.262836,-0.054376,0.559705,-0.238986,-0.238986,0.380647,2698055.000000,61933517.398200,-0.060791
2019-07-09,51.459999,52.520000,51.270000,52.000000,2480800,0.000000,0.000000,51.459999,52.520000,51.270000,52.000000,51.111500,52.728000,53.809600,49.007725,51.437042,51.696341,-0.259299,-0.472056,0.212757,51.044197,51.111500,54.846271,47.376730,0.618950,1.835263,0.035294,0.006776,0.026653,0.079734,-0.033637,0.247302,-0.053685,0.359133,-0.233829,-0.233829,0.390003,2540125.000000,129001600.000000,-0.057254
2019-07-10,52.340000,53.000000,51.340000,51.349998,1999500,0.000000,0.000000,52.340000,53.000000,51.340000,51.349998,51.284000,52.601800,53.789800,49.003325,51.423651,51.670686,-0.247035,-0.427051,0.180016,48.641212,51.284000,54.699243,47.868757,0.509662,1.822744,0.035496,-0.012500,0.000195,0.062927,-0.041620,0.220295,-0.072267,0.363610,-0.243407,-0.243407,0.372628,2449715.000000,102674321.001000,-0.078697
2019-07-11,51.759998,53.880001,51.744999,53.799999,2353500,0.000000,0.000000,51.759998,53.880001,51.744999,53.799999,51.570000,52.544400,53.791500,49.009625,51.789243,51.828413,-0.039170,-0.349475,0.310305,56.880898,51.570000,54.808979,48.331021,0.844244,1.873263,0.034819,0.047712,0.041626,0.123173,-0.037739,0.260839,0.027306,0.391943,-0.207308,-0.207308,0.438118,2488465.000000,126618297.646500,-0.066844
2019-07-12,53.849998,53.900002,52.529999,53.200001,1210700,0.000000,0.000000,53.849998,53.900002,52.529999,53.200001,51.816000,52.492000,53.780200,49.016475,52.006283,51.930012,0.076271,-0.264326,0.340597,54.571851,51.816000,54.734351,48.897650,0.737120,1.837315,0.034536,-0.011152,0.019939,0.106489,-0.038844,0.208267,0.023471,0.396317,-0.216149,-0.216149,0.422080,2444250.000000,64409241.210700,-0.076187
2019-07-15,53.500000,54.169998,52.900002,54.049999,845900,0.000000,0.000000,53.500000,54.169998,52.900002,54.049999,51.979500,52.475200,53.779600,49.019725,52.320700,52.087048,0.233652,-0.164730,0.398383,57.221249,51.979500,55.017417,48.941583,0.840776,1.796793,0.033243,0.015977,0.046467,0.119511,-0.021719,0.243100,-0.023840,0.398065,-0.203625,-0.203625,0.444801,2276105.000000,45720894.154100,-0.056041
2019-07-16,54.000000,54.090000,53.320000,53.619999,953900,0.000000,0.000000,54.000000,54.090000,53.320000,53.619999,52.023000,52.418400,53.777500,49.025125,52.520593,52.200600,0.319993,-0.067786,0.387778,55.459148,52.023000,55.131467,48.914534,0.756879,1.723450,0.032142,-0.007956,0.031154,0.055928,-0.032479,0.240629,-0.030906,0.363166,-0.209960,-0.209960,0.433307,2168605.000000,51148117.046100,-0.063421
2019-07-17,54.279999,54.299999,52.389999,52.770000,1720900,0.000000,0.000000,54.279999,54.299999,52.389999,52.770000,51.986000,52.356000,53.765300,49.024875,52.558963,52.242778,0.316185,0.009008,0.307177,52.047179,51.986000,55.037028,48.934973,0.628481,1.736775,0.032912,-0.015852,0.027653,0.000379,-0.044195,0.172927,-0.041417,0.343825,-0.222484,-0.222484,0.410585,2103440.000000,90811893.000000,-0.067317
2019-07-18,52.509998,53.299999,52.410000,53.049999,2874300,0.000000,0.000000,52.509998,53.299999,52.410000,53.049999,51.984000,52.352400,53.748400,49.027275,52.634507,52.302572,0.331935,0.073594,0.258341,53.071397,51.984000,55.032031,48.935969,0.674867,1.676291,0.031598,0.005306,-0.013941,-0.008597,-0.002445,0.232002,-0.019227,0.340530,-0.218359,-0.218359,0.418070,2159395.000000,152481612.125700,-0.028853
2019-07-19,53.490002,53.490002,52.160000,52.419998,1180700,0.000000,0.000000,53.490002,53.490002,52.160000,52.419998,51.861500,52.329000,53.722500,49.045125,52.601506,52.311270,0.290235,0.116922,0.173313,50.459875,51.861500,54.602642,49.120358,0.601873,1.651556,0.031506,-0.011876,-0.014662,-0.012620,-0.007009,0.167483,-0.011876,0.341953,-0.227641,-0.227641,0.401230,2082065.000000,61892291.638600,-0.025567
2019-07-22,52.680000,52.970001,52.020000,52.369999,2029300,0.000000,0.000000,52.680000,52.970001,52.020000,52.369999,51.838500,52.306400,53.690800,49.074975,52.565889,52.315620,0.250269,0.143591,0.106677,50.248544,51.838500,54.553015,49.123985,0.597899,1.601445,0.030579,-0.000954,-0.031082,-0.045562,-0.032514,0.114255,0.000191,0.318955,-0.228378,-0.228378,0.399893,2028915.000000,106274438.970700,-0.056078
2019-07-23,52.509998,53.230000,52.209999,52.939999,836800,0.000000,0.000000,52.509998,53.230000,52.209999,52.939999,51.935000,52.304200,53.668700,49.104125,52.623445,52.361871,0.261574,0.167188,0.094386,52.681555,51.935000,54.662693,49.207307,0.684221,1.559913,0.029466,0.010884,-0.012682,0.002082,-0.041637,0.154635,0.013982,0.294748,-0.219979,-0.219979,0.415130,1934205.000000,44300191.163200,-0.057716
2019-07-24,52.669998,54.529999,52.529999,54.349998,1211500,0.000000,0.000000,52.669998,54.529999,52.529999,54.349998,52.161000,52.382800,53.649300,49.146875,52.889068,52.509139,0.379929,0.209736,0.170193,58.135522,52.161000,54.903305,49.418694,0.899116,1.591348,0.029280,0.026634,0.029941,0.065477,-0.026683,0.197136,-0.021250,0.279675,-0.199204,-0.199204,0.452820,1905240.000000,65845022.577000,-0.053774
2019-07-25,54.299999,54.299999,52.230000,52.470001,2386500,0.000000,0.000000,54.299999,54.299999,52.230000,52.470001,52.310000,52.381400,53.618400,49.182875,52.824596,52.506240,0.318356,0.231460,0.086896,49.880212,52.310000,54.748221,49.871779,0.532811,1.629109,0.031048,-0.034591,-0.010933,0.052980,-0.079635,0.123314,-0.024540,0.295616,-0.226904,-0.226904,0.402566,1920265.000000,125219657.386500,-0.094399
2019-07-26,52.810001,54.779999,52.669998,54.680000,2809100,0.000000,0.000000,52.810001,54.779999,52.669998,54.680000,52.511500,52.401600,53.607800,49.240125,53.110043,52.667259,0.442784,0.273725,0.169059,57.517236,52.511500,55.036642,49.986357,0.929382,1.677744,0.030683,0.042119,0.043113,0.104870,-0.045058,0.125798,-0.000183,0.323233,-0.194342,-0.194342,0.461641,1929420.000000,153601588.000000,-0.067621
2019-07-29,54.660000,54.694000,52.360001,53.900002,1370500,0.000000,0.000000,54.660000,54.694000,52.360001,53.900002,52.721000,52.384800,53.594600,49.302075,53.231575,52.758574,0.473001,0.313580,0.159421,54.368417,52.721000,54.944764,50.497235,0.765091,1.724619,0.031997,-0.014265,0.029215,0.064166,-0.065210,0.104056,-0.029004,0.322455,-0.205835,-0.205835,0.440791,1688505.000000,73869952.741000,-0.081319
2019-07-30,53.549999,54.410000,53.180000,54.150002,1190200,0.000000,0.000000,53.549999,54.410000,53.180000,54.150002,52.896000,52.396000,53.581100,49.369825,53.372872,52.861643,0.511229,0.353110,0.158119,55.214702,52.896000,54.980018,50.811982,0.800862,1.689289,0.031196,0.004638,0.022856,0.089318,-0.044468,0.121118,-0.012222,0.312631,-0.202151,-0.202151,0.447474,1653430.000000,64449332.380400,-0.066483
2019-07-31,54.169998,54.200001,51.299999,51.720001,1981400,0.000000,0.000000,54.169998,54.200001,51.299999,51.720001,52.915000,52.367000,53.538400,49.427175,53.118584,52.777076,0.341507,0.350789,-0.009282,46.238273,52.915000,54.945530,50.884470,0.205742,1.775769,0.034334,-0.044875,-0.048390,0.021125,-0.073450,0.047600,0.000193,0.350743,-0.237955,-0.237955,0.382518,1660765.000000,102478009.981400,-0.089076
2019-08-01,51.730000,53.000000,49.520000,49.930000,2106600,0.000000,0.000000,51.730000,53.000000,49.520000,49.930000,52.829000,52.270400,53.466200,49.453625,52.628032,52.566182,0.061851,0.293002,-0.231151,40.956247,52.829000,55.201943,50.456057,-0.110845,1.897500,0.038003,-0.034609,-0.048409,-0.027464,-0.090363,0.009707,-0.073655,0.368608,-0.264329,-0.264329,0.334670,1701705.000000,105182538.000000,-0.099614
2019-08-02,49.860001,50.070000,48.250000,48.799999,1533300,0.000000,0.000000,49.860001,50.070000,48.250000,48.799999,52.661000,52.150800,53.381500,49.478475,52.039104,52.287205,-0.248101,0.184781,-0.432882,38.004721,52.661000,55.633413,49.688587,-0.149472,1.891964,0.038770,-0.022632,-0.107535,-0.055179,-0.135671,-0.023219,-0.124664,0.374967,-0.280978,-0.280978,0.304464,1713725.000000,74825038.466700,-0.116082
2019-08-05,47.000000,47.330002,43.930000,44.700001,4647100,0.000000,0.000000,47.000000,47.330002,43.930000,44.700001,52.313500,51.980600,53.251900,49.463375,50.910011,51.725190,-0.815179,-0.015211,-0.799968,29.654370,52.313500,56.945372,47.681627,-0.321860,2.104681,0.047085,-0.084016,-0.170686,-0.143021,-0.200215,-0.124216,-0.241215,0.466115,-0.341388,-0.341388,0.194868,1886125.000000,207725374.647100,-0.151312
2019-08-06,45.590000,46.275002,44.119999,44.590000,2990100,0.000000,0.000000,45.590000,46.275002,44.119999,44.590000,51.943000,51.790400,53.109300,49.448725,49.937702,51.196658,-1.258956,-0.263960,-0.994996,29.467299,51.943000,57.723482,46.162517,-0.136020,2.108275,0.047281,-0.002461,-0.176547,-0.136689,-0.162314,-0.149857,-0.217856,0.466236,-0.343009,-0.343009,0.191927,1911590.000000,133328559.000000,-0.145929
2019-08-07,44.000000,45.389999,43.250000,45.040001,2439600,0.000000,0.000000,44.000000,45.389999,43.250000,45.040001,51.627500,51.601800,52.995000,49.442725,49.184210,50.740609,-1.556399,-0.522448,-1.033952,31.374530,51.627500,58.181331,45.073669,-0.002569,2.110541,0.046859,0.010092,-0.129157,-0.133846,-0.159545,-0.122027,-0.249333,0.467571,-0.336378,-0.336378,0.203956,1933595.000000,109879586.439600,-0.149412
2019-08-08,45.830002,46.450001,44.110001,46.360001,3181200,0.000000,0.000000,45.830002,46.450001,44.110001,46.360001,51.255500,51.441400,52.881100,49.464500,48.749716,50.416120,-1.666404,-0.751239,-0.915165,36.775175,51.255500,58.127020,44.383980,0.143783,2.126931,0.045879,0.029307,-0.071500,-0.097176,-0.133458,-0.085782,-0.225914,0.482875,-0.316929,-0.316929,0.239241,1974980.000000,147480435.181200,-0.149711
2019-08-09,45.919998,46.529999,44.630001,45.330002,1900600,0.000000,0.000000,45.919998,46.529999,44.630001,45.330002,50.862000,51.238400,52.767800,49.478850,48.223606,50.039370,-1.815764,-0.964144,-0.851620,34.494036,50.862000,58.153207,43.570793,0.120639,2.110722,0.046563,-0.022217,-0.071106,-0.157435,-0.145523,-0.124396,-0.261125,0.447217,-0.332105,-0.332105,0.211708,2009475.000000,86154201.801200,-0.150853
2019-08-12,44.880001,45.099998,43.900002,44.209999,1545500,0.000000,0.000000,44.880001,45.099998,43.900002,44.209999,50.370000,51.001400,52.656100,49.493250,47.606128,49.607565,-2.001437,-1.171603,-0.829834,32.158132,50.370000,58.071846,42.668154,0.100096,2.062099,0.046643,-0.024708,-0.010962,-0.168985,-0.123165,-0.143715,-0.268652,0.450971,-0.348608,-0.348608,0.181770,2044455.000000,68326553.454500,-0.151463
2019-08-13,44.000000,45.919998,43.750000,45.619999,1384100,0.000000,0.000000,44.000000,45.919998,43.750000,45.619999,49.970000,50.902400,52.541500,49.525500,47.300570,49.312190,-2.011620,-1.339606,-0.672014,37.863003,49.970000,57.791194,42.148807,0.221909,2.069806,0.045371,0.031893,0.023099,-0.155967,-0.131709,-0.133688,-0.216151,0.464957,-0.327833,-0.327833,0.219460,2065965.000000,63142640.615900,-0.168152
2019-08-14,44.230000,44.469002,43.130001,43.910000,1663100,0.000000,0.000000,44.230000,44.469002,43.130001,43.910000,49.527000,50.721800,52.447200,49.543450,46.778944,48.912027,-2.133084,-1.498302,-0.634782,34.116128,49.527000,57.677185,41.376815,0.155407,2.099819,0.047821,-0.037484,-0.025089,-0.181089,-0.181852,-0.181547,-0.217848,0.476333,-0.353028,-0.353028,0.173750,2063075.000000,73026721.000000,-0.175689
2019-08-15,44.270000,44.610001,43.610001,44.130001,2132400,0.000000,0.000000,44.270000,44.610001,43.610001,44.130001,49.081000,50.538000,52.362600,49.558200,46.371414,48.557803,-2.186389,-1.635919,-0.550470,35.007241,49.081000,57.394071,40.767929,0.202216,2.021261,0.045802,0.005010,-0.048102,-0.163729,-0.193825,-0.172511,-0.237165,0.478049,-0.349786,-0.349786,0.179631,2025980.000000,94102814.132400,-0.177185
2019-08-16,44.930000,45.580002,44.639999,44.810001,1414500,0.000000,0.000000,44.930000,45.580002,44.639999,44.810001,48.700500,50.339400,52.273300,49.580500,46.131197,48.280188,-2.148992,-1.738534,-0.410458,37.807267,48.700500,57.066545,40.334455,0.267483,1.980457,0.044197,0.015409,-0.011471,-0.155325,-0.163837,-0.164460,-0.201959,0.482859,-0.339767,-0.339767,0.197808,2037670.000000,63383746.414500,-0.174035
2019-08-19,45.610001,45.990002,44.325001,44.540001,2133100,0.000000,0.000000,45.610001,45.990002,44.325001,44.540001,48.309000,50.267000,52.199900,49.594500,45.886397,48.003137,-2.116740,-1.814175,-0.302565,37.123380,48.309000,56.684842,39.933158,0.275008,1.957924,0.043959,-0.006025,0.007464,-0.150324,-0.162310,-0.180195,-0.227942,0.482625,-0.343745,-0.343745,0.190591,2042860.000000,95008276.133100,-0.201314
2019-08-20,44.360001,44.950001,43.735001,44.630001,1911500,0.000000,0.000000,44.360001,44.950001,43.735001,44.630001,47.893501,50.193400,52.128400,49.607950,45.693106,47.753275,-2.060170,-1.863374,-0.196796,37.529029,47.893501,56.125288,39.661713,0.301775,1.904858,0.042681,0.002021,-0.021701,-0.147795,-0.184989,-0.175199,-0.239434,0.483226,-0.342419,-0.342419,0.192997,2096595.000000,85310246.911500,-0.205904
2019-08-21,45.000000,45.880001,44.660000,45.020000,1259200,0.000000,0.000000,45.000000,45.880001,44.660000,45.020000,47.427001,50.135800,52.060200,49.623800,45.589551,47.550811,-1.961260,-1.882951,-0.078309,39.354870,47.427001,55.160581,39.693420,0.344380,1.858082,0.041272,0.008738,0.025279,-0.149603,-0.178167,-0.163663,-0.264619,0.482274,-0.336673,-0.336673,0.203422,2098980.000000,56689184.000000,-0.212921
2019-08-22,45.340000,45.340000,44.220001,44.724998,1254600,0.000000,0.000000,45.340000,45.340000,44.220001,44.724998,47.039750,50.068700,51.986050,49.633325,45.456543,47.341491,-1.884948,-1.883350,-0.001598,38.439681,47.039750,54.480166,39.599335,0.344447,1.805362,0.040366,-0.006553,0.013483,-0.177093,-0.159463,-0.171606,-0.284400,0.466343,-0.341020,-0.341020,0.195536,2042385.000000,56111982.490800,-0.207063
2019-08-23,44.660000,45.240002,43.770000,43.980000,1247500,0.000000,0.000000,44.660000,45.240002,43.770000,43.980000,46.504750,49.982700,51.888650,49.641175,45.229382,47.092492,-1.863109,-1.879302,0.016193,36.153170,46.504750,53.125660,39.883841,0.309335,1.781408,0.040505,-0.016657,-0.018523,-0.161807,-0.187061,-0.196566,-0.288810,0.457918,-0.351996,-0.351996,0.175621,1964305.000000,54865050.000000,-0.202088
2019-08-26,44.630001,45.340000,43.910000,45.230000,1183300,0.000000,0.000000,44.630001,45.340000,43.910000,45.230000,46.071250,49.871700,51.799550,49.654575,45.229477,46.954529,-1.725052,-1.848452,0.123400,42.349522,46.071250,51.716927,40.425573,0.425496,1.756307,0.038831,0.028422,0.015492,-0.172824,-0.169635,-0.177786,-0.292175,0.441194,-0.333579,-0.333579,0.209035,1954945.000000,53520659.000000,-0.202023
2019-08-27,45.669998,45.669998,44.169998,44.759998,1340200,0.000000,0.000000,45.669998,45.669998,44.169998,44.759998,45.601750,49.711900,51.713750,49.658975,45.157250,46.791972,-1.634722,-1.805706,0.170984,40.748197,45.601750,49.793081,41.410419,0.399584,1.738000,0.038829,-0.010391,0.002913,-0.169573,-0.176903,-0.194094,-0.317058,0.440773,-0.340504,-0.340504,0.196471,1962445.000000,59987349.319600,-0.213955
2019-08-28,44.450001,45.570000,44.080002,45.439999,1349700,0.000000,0.000000,44.450001,45.570000,44.080002,45.439999,45.287750,49.550500,51.629750,49.662075,45.200750,46.691825,-1.491076,-1.742780,0.251704,44.044795,45.287750,48.333566,42.241934,0.524993,1.720285,0.037858,0.015192,0.009329,-0.160850,-0.180966,-0.176065,-0.306577,0.446200,-0.330485,-0.330485,0.214648,1930860.000000,61330366.650300,-0.219176
2019-08-29,45.910000,46.630001,45.680000,46.419998,1215100,0.000000,0.000000,45.910000,46.630001,45.680000,46.419998,45.112250,49.417100,51.555850,49.672025,45.388326,46.671690,-1.283364,-1.650897,0.367533,48.492497,45.112250,47.321380,42.903120,0.795987,1.682408,0.036243,0.021567,0.037898,-0.102475,-0.171959,-0.175342,-0.299849,0.436132,-0.316045,-0.316045,0.240845,1886285.000000,56404939.569800,-0.241760
2019-08-30,46.900002,46.980000,45.830002,46.689999,1630400,0.000000,0.000000,46.900002,46.980000,45.830002,46.689999,45.006750,49.253500,51.486950,49.698775,45.588584,46.673046,-1.084463,-1.537610,0.453147,49.679268,45.006750,46.586117,43.427383,1.032887,1.644379,0.035219,0.005816,0.061619,-0.064891,-0.076725,-0.159647,-0.312067,0.423580,-0.312067,-0.281692,0.248062,1891140.000000,76123374.369600,-0.162619
2019-09-03,46.570000,47.349998,46.090000,46.610001,2236000,0.000000,0.000000,46.570000,47.349998,46.090000,46.610001,45.102250,49.129100,51.393950,49.718875,45.745725,46.668376,-0.922651,-1.414618,0.491967,49.316700,45.102250,46.827744,43.376756,0.936904,1.616923,0.034690,-0.001713,0.030511,-0.044877,-0.119569,-0.163796,-0.282923,0.417420,-0.313246,-0.281264,0.245924,1770585.000000,104219962.236000,-0.165675
2019-09-04,47.200001,47.755001,46.419998,46.849998,2322000,0.000000,0.000000,47.200001,47.755001,46.419998,46.849998,45.215250,49.045900,51.308950,49.753825,45.915613,46.681830,-0.766217,-1.284938,0.518721,50.484231,45.215250,47.089124,43.341376,0.936195,1.596786,0.034083,0.005149,0.046693,0.048098,-0.121343,-0.151576,-0.249680,0.291564,-0.309710,-0.277564,0.252339,1737180.000000,108785695.356000,-0.174330
2019-09-05,47.480000,47.490002,45.520000,46.250000,6858000,0.000000,0.000000,47.480000,47.490002,45.520000,46.250000,45.275750,48.974300,51.218950,49.783225,45.967057,46.649842,-0.682785,-1.164507,0.481722,47.536043,45.275750,47.203167,43.348332,0.752735,1.623444,0.035101,-0.012807,0.017826,0.037228,-0.155097,-0.166667,-0.286816,0.295908,-0.318550,-0.267036,0.236300,1958100.000000,317182500.000000,-0.220920
2019-09-06,55.700001,57.299999,54.099998,56.270000,25958200,0.000000,0.000000,55.700001,57.299999,54.099998,56.270000,45.771250,49.109900,51.227450,49.869575,47.552125,47.362447,0.189679,-0.893670,1.083349,74.411226,45.771250,51.051471,40.491029,1.494158,2.296769,0.040817,0.216649,0.212193,0.249334,0.168397,0.005001,-0.108241,0.801343,-0.170915,-0.043840,0.504143,3096950.000000,1460667914.000000,0.121773
2019-09-09,56.000000,59.740002,55.549999,58.570000,9313800,0.000000,0.000000,56.000000,59.740002,55.549999,58.570000,46.433250,49.268300,51.261050,49.975375,49.247183,48.192636,1.054547,-0.504027,1.558574,77.287323,46.433250,54.210164,38.656335,1.280306,2.432000,0.041523,0.040874,0.254444,0.263374,0.212378,0.024847,0.012446,0.805528,-0.137027,-0.004758,0.565624,3467610.000000,545509266.000000,0.178598
2019-09-10,56.230000,60.803001,55.799999,59.910000,8136900,0.000000,0.000000,56.230000,60.803001,55.799999,59.910000,47.218250,49.472300,51.328350,50.083275,50.887616,49.060589,1.827028,-0.037816,1.864844,78.783521,47.218250,56.969227,37.467273,1.150794,2.615643,0.043660,0.022879,0.285346,0.321641,0.250731,0.046097,0.052160,0.796278,-0.117283,0.000000,0.601443,3797180.000000,487481679.000000,0.217290
2019-09-11,59.500000,63.450001,59.178001,63.299999,5257400,0.000000,0.000000,59.500000,63.450001,59.178001,63.299999,48.102250,49.725300,51.433450,50.195975,52.797214,50.115360,2.681854,0.506118,2.175736,82.011905,48.102250,60.172888,36.031611,1.129534,2.733955,0.043190,0.056585,0.351121,0.431803,0.316556,0.097815,0.173744,0.795714,-0.067335,0.000000,0.692061,3990845.000000,332793414.742600,0.268182
2019-09-12,62.970001,64.180000,62.299999,62.930000,5089500,0.000000,0.000000,62.970001,64.180000,62.299999,62.930000,49.053250,49.957100,51.521450,50.306525,54.356104,51.064592,3.291511,1.063197,2.228315,80.570867,49.053250,62.635558,35.470941,1.010839,2.672958,0.042475,-0.005845,0.360649,0.379439,0.303438,0.069329,0.166234,0.798333,-0.072786,-0.005845,0.682171,4162165.000000,320282235.000000,0.257843
2019-09-13,62.990002,63.990002,62.410000,62.490002,3438900,0.000000,0.000000,62.990002,63.990002,62.410000,62.490002,49.971250,50.173900,51.593950,50.413425,55.607473,51.910919,3.696554,1.589868,2.106686,78.797710,49.971250,64.594441,35.348059,0.928044,2.594890,0.041525,-0.006992,0.110539,0.423138,0.230603,0.106605,0.092865,0.779102,-0.079269,-0.012796,0.670409,4227490.000000,214896867.877800,0.181857
2019-09-16,61.049999,62.851002,59.990002,61.880001,4190600,0.000000,0.000000,61.049999,62.851002,59.990002,61.880001,50.824750,50.368300,51.654350,50.519625,56.572477,52.649370,3.923108,2.056516,1.866592,76.290983,50.824750,66.155076,35.494424,0.860568,2.613897,0.042241,-0.009762,0.056514,0.402221,0.173081,0.071515,0.117573,0.783863,-0.088257,-0.022433,0.654103,4366295.000000,259314332.190600,0.133754
2019-09-17,61.160000,62.115002,61.040001,61.900002,3333700,0.000000,0.000000,61.160000,62.115002,61.040001,61.900002,51.692750,50.573300,51.703250,50.620025,57.392096,53.334602,4.057495,2.456712,1.600783,76.317586,51.692750,67.483716,35.901783,0.823199,2.503976,0.040452,0.000323,0.033217,0.381388,0.156793,0.092482,0.150772,0.786052,-0.087962,-0.022117,0.654638,4426325.000000,206356036.667400,0.127607
2019-09-18,61.849998,63.830002,61.500000,63.299999,3659500,0.000000,0.000000,61.849998,63.830002,61.500000,63.299999,52.626250,50.799300,51.763650,50.727675,58.301004,54.072779,4.228225,2.811014,1.417211,78.164454,52.626250,68.860404,36.392096,0.828744,2.491550,0.039361,0.022617,0.000000,0.421194,0.192315,0.143012,0.213108,0.781940,-0.067335,0.000000,0.692061,4513725.000000,231646346.340500,0.168518
2019-09-19,63.130001,63.625000,62.599998,63.360001,3615000,0.000000,0.000000,63.130001,63.625000,62.599998,63.360001,53.543250,51.039500,51.820650,50.835675,59.079312,54.760722,4.318590,3.112530,1.206060,78.242767,53.543250,70.038177,37.048323,0.797569,2.386796,0.037670,0.000948,0.006833,0.419673,0.154729,0.110021,0.194795,0.782224,-0.066451,0.000000,0.693665,4631515.000000,229046403.615000,0.138392
2019-09-20,63.720001,65.070000,63.509998,64.800003,8976600,0.000000,0.000000,63.720001,65.070000,63.509998,64.800003,54.547000,51.259500,51.901950,50.947075,59.959418,55.504372,4.455046,3.381033,1.074013,80.088460,54.547000,71.224720,37.869280,0.807386,2.338454,0.036087,0.022727,0.036966,0.439360,0.226576,0.214848,0.252658,0.781670,-0.045234,0.000000,0.732157,5017615.000000,581683706.929800,0.215873
2019-09-23,64.510002,64.779999,63.799999,64.519997,4093200,0.000000,0.000000,64.510002,64.779999,63.799999,64.519997,55.574000,51.485900,51.988950,51.062325,60.661046,56.172196,4.488849,3.602596,0.886253,78.690588,55.574000,72.040231,39.107769,0.771647,2.242850,0.034762,-0.004321,0.042663,0.442594,0.264850,0.226849,0.235305,0.780805,-0.049359,-0.004321,0.724672,5159900.000000,264093251.720400,0.251515
2019-09-24,64.699997,64.779999,61.375000,61.720001,4428300,0.000000,0.000000,64.699997,64.779999,61.375000,61.720001,56.398500,51.639300,52.057250,51.162075,60.823962,56.583145,4.240817,3.730240,0.510577,66.239930,56.398500,72.326487,40.470513,0.667049,2.325861,0.037684,-0.043397,-0.002908,0.403365,0.238611,0.148493,0.174724,0.801259,-0.090614,-0.047531,0.649826,5322150.000000,273314680.428300,0.224798
2019-09-25,61.740002,62.860001,60.610001,62.610001,2786300,0.000000,0.000000,61.740002,62.860001,60.610001,62.610001,57.291000,51.819100,52.118750,51.276825,61.098737,57.029578,4.069159,3.798024,0.271135,67.974466,57.291000,72.455193,42.126807,0.675380,2.320442,0.037062,0.014420,-0.010900,0.384258,0.265104,0.206823,0.207988,0.800291,-0.077501,-0.033796,0.673617,5394455.000000,174450245.786300,0.243940
2019-09-26,62.310001,62.700001,61.540001,62.389999,1825100,0.000000,0.000000,62.310001,62.700001,61.540001,62.389999,58.138500,52.011500,52.183750,51.385325,61.297393,57.426647,3.870746,3.812568,0.058178,67.057301,58.138500,72.380499,43.896501,0.649259,2.237553,0.035864,-0.003514,-0.015309,0.393879,0.231787,0.204905,0.168352,0.797709,-0.080743,-0.037191,0.667736,5418225.000000,113867987.174900,0.223892
2019-09-27,62.709999,62.889999,60.130001,60.639999,2277600,0.000000,0.000000,62.709999,62.889999,60.130001,60.639999,58.849500,52.163300,52.257850,51.480225,61.196255,57.664673,3.531583,3.756371,-0.224789,60.109597,58.849500,72.006750,45.692251,0.568042,2.274871,0.037514,-0.028049,-0.064198,0.334507,0.219875,0.169753,0.154168,0.812876,-0.106527,-0.064198,0.620957,5471350.000000,138113661.722400,0.228195
2019-09-30,60.619999,62.220001,59.580002,61.919998,2228800,0.000000,0.000000,60.619999,62.220001,59.580002,61.919998,59.611000,52.353300,52.341150,51.577825,61.307600,57.979882,3.327718,3.670641,-0.342922,63.119473,59.611000,71.507613,47.714387,0.597044,2.300951,0.037160,0.021108,-0.040298,0.333908,0.222507,0.187572,0.172283,0.812831,-0.087668,-0.044445,0.655172,5501270.000000,138007291.542400,0.233856
2019-10-01,62.029999,62.240002,60.650002,60.889999,2744100,0.000000,0.000000,62.029999,62.240002,60.650002,60.889999,60.325000,52.523700,52.415050,51.666525,61.243354,58.195446,3.047908,3.546094,-0.498186,59.245577,60.325000,70.530041,50.119959,0.527682,2.250169,0.036955,-0.016634,-0.013448,0.304134,0.186015,0.133470,0.158265,0.819697,-0.102844,-0.060340,0.627640,5526675.000000,167088246.255900,0.210729
2019-10-02,60.799999,61.037998,59.770000,60.759998,2879200,0.000000,0.000000,60.799999,61.037998,59.770000,60.759998,61.020500,52.680100,52.492150,51.755875,61.168991,58.385413,2.783578,3.393591,-0.610012,58.755429,61.020500,69.015468,53.025532,0.483708,2.180014,0.035879,-0.002135,-0.029548,0.303583,0.176379,0.122276,0.243808,0.819799,-0.104759,-0.062346,0.624165,5554535.000000,174940186.241600,0.223499
2019-10-03,61.450001,63.000000,60.380001,62.209999,5346100,0.000000,0.000000,61.450001,63.000000,60.380001,62.209999,61.818500,52.837300,52.610050,51.858175,61.329146,58.668716,2.660431,3.246959,-0.586528,62.483623,61.818500,65.768953,57.868047,0.549551,2.211442,0.035548,0.023864,-0.002885,0.327855,0.192676,0.166292,0.340733,0.819860,-0.083395,-0.039969,0.662924,5478940.000000,332580875.653900,0.228150
2019-10-04,62.459999,63.380001,61.930000,62.400002,2598400,0.000000,0.000000,62.459999,63.380001,61.930000,62.400002,62.125000,53.035900,52.708650,51.960825,61.493893,58.945107,2.548786,3.107324,-0.558538,62.956147,62.125000,65.091561,59.158439,0.546350,2.157053,0.034568,0.003054,0.029024,0.349189,0.208132,0.158990,0.324560,0.814972,-0.080595,-0.037037,0.668003,4310950.000000,162140165.196800,0.222444
2019-10-07,62.570000,65.599998,62.080002,65.050003,4845700,0.000000,0.000000,62.570000,65.599998,62.080002,65.050003,62.449000,53.243300,52.822450,52.080525,62.040987,59.397322,2.643666,3.014593,-0.370927,68.849233,62.449000,65.187436,59.710564,0.974907,2.254406,0.034657,0.042468,0.050549,0.156033,0.250962,0.208883,0.420306,0.381198,-0.041550,0.000000,0.738840,4087545.000000,315212799.537100,0.273738
2019-10-08,64.400002,65.364998,63.060001,64.620003,3478400,0.000000,0.000000,64.400002,65.364998,63.060001,64.620003,62.684500,53.457700,52.921250,52.204075,62.437759,59.784187,2.653572,2.942388,-0.288817,66.987041,62.684500,65.311403,60.057598,0.868400,2.258020,0.034943,-0.006610,0.061258,0.103295,0.258423,0.206047,0.427435,0.363422,-0.047886,-0.006610,0.727346,3854620.000000,224774218.435200,0.304598
2019-10-09,65.260002,67.610001,64.699997,67.040001,4472300,0.000000,0.000000,65.260002,67.610001,64.699997,67.040001,62.871500,53.715500,53.055750,52.349325,63.145796,60.321655,2.824141,2.918739,-0.094598,71.636629,62.871500,66.137597,59.605403,1.138147,2.310304,0.034462,0.037450,0.103358,0.119012,0.246097,0.199070,0.550775,0.375780,-0.012229,0.000000,0.792034,3815365.000000,299822996.472300,0.281760
2019-10-10,66.809998,67.769997,66.510002,67.139999,2667000,0.000000,0.000000,66.809998,67.769997,66.510002,67.139999,63.082000,54.023900,53.195450,52.497625,63.760289,60.826717,2.933572,2.921706,0.011866,71.813288,63.082000,66.865637,59.298364,1.036256,2.235282,0.033293,0.001492,0.079248,0.060664,0.262030,0.213008,0.617442,0.326949,-0.010756,0.000000,0.794707,3694240.000000,179062377.333000,0.297614
2019-10-11,67.800003,68.110001,65.610001,66.529999,2678500,0.000000,0.000000,67.800003,68.110001,65.610001,66.529999,63.284000,54.355900,53.313150,52.632025,64.186398,61.249183,2.937216,2.924808,0.012408,68.990426,63.284000,67.355020,59.212980,0.898671,2.254190,0.033882,-0.009085,0.066186,0.057206,0.230897,0.204163,0.638670,0.328245,-0.019744,-0.009085,0.778401,3656220.000000,178200602.321500,0.255255
2019-10-14,66.730003,67.769997,66.620003,67.089996,1618700,0.000000,0.000000,66.730003,67.769997,66.620003,67.089996,63.544500,54.721700,53.436250,52.762525,64.633106,61.681835,2.951270,2.930100,0.021170,70.150440,63.544500,67.894452,59.194548,0.907533,2.181748,0.032520,0.008417,0.031360,0.073612,0.251212,0.210574,0.666832,0.326757,-0.011493,-0.000745,0.793371,3527625.000000,108598576.525200,0.272391
2019-10-15,67.639999,67.940002,66.849998,66.989998,1758300,0.000000,0.000000,67.639999,67.940002,66.849998,66.989998,63.799000,55.167500,53.574050,52.894975,64.995704,62.075033,2.920672,2.928214,-0.007543,69.649397,63.799000,68.335439,59.262561,0.851707,2.103766,0.031404,-0.001491,0.036676,0.082579,0.269471,0.213367,0.500672,0.323741,-0.012966,-0.002234,0.790698,3448855.000000,117788513.483400,0.273931
2019-10-16,67.169998,68.169998,65.849998,67.059998,2238500,0.000000,0.000000,67.169998,68.169998,65.849998,67.059998,63.987000,55.616900,53.703650,53.029875,65.313288,62.444289,2.868999,2.916371,-0.047373,69.811941,63.987000,68.742712,59.231287,0.823085,2.119211,0.031602,0.001045,0.000298,0.083360,0.264090,0.261000,0.530002,0.323647,-0.011935,-0.001192,0.792569,3377805.000000,150113805.523000,0.274211
2019-10-17,67.150002,67.625000,66.150002,66.720001,1565000,0.000000,0.000000,67.150002,67.625000,66.150002,66.720001,64.155000,56.050500,53.826150,53.159375,65.529705,62.761009,2.768697,2.886836,-0.118140,67.909564,64.155000,69.052722,59.257278,0.761857,2.073196,0.031073,-0.005070,-0.006256,0.054028,0.272797,0.263876,0.398156,0.317757,-0.016944,-0.006256,0.783480,3275305.000000,104416801.565000,0.271525
2019-10-18,66.550003,66.879997,61.680000,64.519997,3705900,0.000000,0.000000,66.550003,66.879997,61.680000,64.519997,64.140999,56.413700,53.927550,53.287825,65.374366,62.891304,2.483061,2.806081,-0.323020,57.072179,64.140999,69.032555,59.249444,0.538740,2.296539,0.035594,-0.032974,-0.030212,0.018308,0.232003,0.191945,0.357744,0.340991,-0.049359,-0.039023,0.724672,3011770.000000,239104656.882300,0.245972
2019-10-21,64.910004,66.320000,64.629997,66.029999,2172300,0.000000,0.000000,64.910004,66.320000,64.629997,66.029999,64.216500,56.827700,54.033050,53.413475,65.475232,63.123800,2.351432,2.715152,-0.363719,61.601625,64.216500,69.178788,59.254211,0.682728,2.261072,0.034243,0.023404,-0.015800,0.018981,0.247261,0.195329,0.427984,0.341539,-0.027111,-0.016533,0.765036,2915725.000000,143436966.827700,0.257976
2019-10-22,66.110001,66.370003,62.939999,63.200001,2185000,0.000000,0.000000,66.110001,66.370003,62.939999,63.200001,64.290499,57.207500,54.104450,53.521025,65.125197,63.129445,1.995752,2.571272,-0.575520,50.786165,64.290499,69.138867,59.442132,0.387540,2.344567,0.037098,-0.042859,-0.056576,-0.020459,0.162834,0.131805,0.504583,0.373834,-0.068808,-0.058683,0.689388,2803560.000000,138092002.185000,0.188935
2019-10-23,62.959999,64.889999,62.060001,62.830002,2382900,0.000000,0.000000,62.959999,64.889999,62.060001,62.830002,64.301500,57.551700,54.227050,53.624775,64.772090,63.107264,1.664826,2.389983,-0.725156,49.561007,64.301500,69.134789,59.468211,0.347775,2.379241,0.037868,-0.005854,-0.063078,0.017984,0.197446,0.102087,0.479746,0.341011,-0.074260,-0.064194,0.679498,2783390.000000,149717611.765800,0.211860
2019-10-24,63.709999,65.220001,63.369999,64.910004,1518100,0.000000,0.000000,63.709999,65.220001,63.369999,64.910004,64.427500,57.971700,54.346750,53.735975,64.793307,63.240800,1.552507,2.222488,-0.669980,55.988747,64.427500,69.181715,59.673285,0.550745,2.380009,0.036666,0.033105,-0.027128,0.036735,0.187089,0.133601,0.570530,0.356040,-0.043613,-0.033214,0.735098,2768040.000000,98539877.072400,0.204424
2019-10-25,64.620003,66.110001,64.199997,65.400002,1051900,0.000000,0.000000,64.620003,66.110001,64.199997,65.400002,64.665500,58.397100,54.467550,53.842825,64.886645,63.400741,1.485904,2.075171,-0.589267,57.367074,64.665500,69.086262,60.244738,0.583074,2.346438,0.035878,0.007549,0.013639,0.048245,0.213358,0.134235,0.669645,0.355960,-0.036393,-0.025916,0.748196,2706755.000000,68794262.103800,0.219412
2019-10-28,65.669998,66.870003,65.589996,66.370003,1159900,0.000000,0.000000,65.669998,66.870003,65.589996,66.370003,64.888000,58.828300,54.583850,53.957275,65.114854,63.620686,1.494168,1.958970,-0.464802,60.035328,64.888000,69.172791,60.603209,0.672938,2.283835,0.034411,0.014832,0.005149,0.094492,0.225669,0.171166,0.646081,0.340260,-0.022101,-0.011469,0.774125,2653310.000000,76982566.479700,0.219338
2019-10-29,66.190002,67.099998,65.830002,66.389999,1125400,0.000000,0.000000,66.190002,67.099998,65.830002,66.389999,65.163000,59.265300,54.766150,54.073125,65.311030,63.825820,1.485210,1.864218,-0.379008,60.090780,65.163000,69.055416,61.270584,0.657614,2.211418,0.033310,0.000301,0.050475,0.072190,0.283643,0.189359,0.612190,0.335080,-0.021806,-0.011171,0.774659,2572375.000000,74715304.874600,0.271236
2019-10-30,66.629997,66.900002,65.239998,66.769997,1209700,0.000000,0.000000,66.629997,66.900002,65.239998,66.769997,65.463500,59.708100,54.950750,54.182025,65.535487,64.043908,1.491579,1.789690,-0.298111,61.192752,65.463500,68.815068,62.111932,0.694908,2.172031,0.032530,0.005724,0.062709,0.096568,0.337272,0.216433,0.654771,0.326974,-0.016208,-0.005511,0.784817,2488900.000000,80771665.370900,0.313495
2019-10-31,66.769997,66.769997,64.970001,66.190002,1191400,0.000000,0.000000,66.769997,66.769997,64.970001,66.190002,65.662500,60.131500,55.133650,54.297675,65.636181,64.202878,1.433304,1.718413,-0.285109,58.536018,65.662500,68.653973,62.671028,0.588168,2.145457,0.032414,-0.008686,0.019720,0.089368,0.356353,0.172334,0.585769,0.329453,-0.024753,-0.014149,0.769313,2281165.000000,78858768.382800,0.320335
2019-11-01,66.779999,68.000000,65.779999,66.879997,1791200,0.000000,0.000000,66.779999,68.000000,65.779999,66.879997,65.886500,60.574600,55.321650,54.407575,65.827538,64.401183,1.426355,1.660001,-0.233647,60.720842,65.886500,68.495884,63.277116,0.690370,2.150782,0.032159,0.010424,0.022630,0.075068,0.496197,0.196636,0.594659,0.322610,-0.014587,-0.003873,0.787757,2240805.000000,119795450.626400,0.410725
2019-11-04,68.000000,69.889999,67.620003,68.449997,3044900,0.000000,0.000000,68.000000,69.889999,67.620003,68.449997,66.056500,61.064000,55.523350,54.514825,66.230993,64.701095,1.529898,1.633981,-0.104083,65.212505,66.056500,68.871347,63.241652,0.925156,2.212155,0.032318,0.023475,0.031339,0.096955,0.535097,0.285929,0.635603,0.329811,0.000000,0.000000,0.829725,2150765.000000,208423395.865300,0.458510
2019-11-05,68.610001,68.839996,65.910004,66.000000,2233500,0.000000,0.000000,68.610001,68.839996,65.910004,66.000000,66.125500,61.479400,55.675550,54.615575,66.195455,64.797310,1.398145,1.586814,-0.188668,54.700474,66.125500,68.858550,63.392449,0.477040,2.263429,0.034294,-0.035793,-0.005874,0.014604,0.465364,0.231573,0.541336,0.328074,-0.035793,-0.035793,0.764234,2088520.000000,147411000.000000,0.392636
2019-11-06,66.279999,66.309998,64.250000,66.080002,1989700,0.000000,0.000000,66.279999,66.309998,64.250000,66.080002,66.077500,61.905800,55.808850,54.718975,66.177693,64.892324,1.285369,1.526525,-0.241156,54.955811,66.077500,68.776432,63.378568,0.500464,2.248898,0.034033,0.001212,-0.010334,0.022594,0.425367,0.235140,0.558123,0.326936,-0.034624,-0.034624,0.766373,1964390.000000,131479379.979400,0.379159
2019-11-07,66.250000,67.349998,65.320000,65.410004,1210900,0.000000,0.000000,66.250000,67.349998,65.320000,65.410004,65.991000,62.305200,55.927850,54.812475,66.059587,64.930671,1.128916,1.447003,-0.318087,52.297189,65.991000,68.657246,63.324754,0.391046,2.233262,0.034143,-0.010139,-0.011784,-0.024314,0.442974,0.232988,0.537250,0.301119,-0.044412,-0.044412,0.748463,1891585.000000,79204973.843600,0.383246
2019-11-08,65.470001,66.790001,65.004997,66.730003,1331000,0.000000,0.000000,65.470001,66.790001,65.004997,66.730003,66.001000,62.711400,56.064250,54.903275,66.162728,65.063955,1.098773,1.377357,-0.278584,56.737741,66.001000,68.677239,63.324761,0.636199,2.201244,0.032987,0.020180,-0.002243,-0.006107,0.509387,0.323483,0.520738,0.309898,-0.025128,-0.025128,0.783748,1824210.000000,88817633.993000,0.431571
2019-11-11,66.650002,68.470001,66.540001,67.250000,1335100,0.000000,0.000000,66.650002,68.470001,66.540001,67.250000,66.009000,63.122600,56.188050,54.995425,66.330001,65.225884,1.104117,1.322709,-0.218592,58.381329,66.009000,68.699863,63.318137,0.730595,2.181869,0.032444,0.007793,-0.017531,0.010822,0.474134,0.279977,0.500446,0.309252,-0.017531,-0.017531,0.797648,1810030.000000,89785475.000000,0.418258
2019-11-12,67.480003,67.766998,66.360001,67.010002,1268800,0.000000,0.000000,67.480003,67.766998,66.360001,67.010002,66.010001,63.530600,56.329850,55.088975,66.434616,65.358041,1.076575,1.273482,-0.196907,57.299335,66.010001,68.702413,63.317588,0.685707,2.126521,0.031734,-0.003569,0.015303,-0.001192,0.526076,0.248556,0.508215,0.308267,-0.021037,-0.021037,0.791232,1785555.000000,85022290.537600,0.434469
2019-11-13,66.690002,68.029999,66.447998,67.820000,1110200,0.000000,0.000000,66.690002,68.029999,66.447998,67.820000,66.048001,63.950000,56.497950,55.181225,66.647752,65.540408,1.107344,1.240255,-0.132911,59.994188,66.048001,68.822997,63.273004,0.819280,2.087627,0.030782,0.012088,0.026332,0.012390,0.536823,0.238948,0.640542,0.310947,-0.009204,-0.009204,0.812884,1729140.000000,75293764.000000,0.444701
2019-11-14,68.000000,68.599998,67.400002,67.750000,988400,0.000000,0.000000,68.000000,68.599998,67.400002,67.750000,66.099501,64.380000,56.677150,55.272725,66.817329,65.704082,1.113247,1.214853,-0.101606,59.643868,66.099501,68.963802,63.235199,0.788116,2.024225,0.029878,-0.001032,0.035774,0.010289,0.511939,0.264228,0.590749,0.311008,-0.010226,-0.010226,0.811013,1700310.000000,66964100.000000,0.438101
2019-11-15,67.900002,68.470001,67.080002,67.779999,1151300,0.000000,0.000000,67.900002,68.470001,67.080002,67.779999,66.262501,64.610200,56.860050,55.361825,66.965432,65.857853,1.107579,1.193398,-0.085820,59.752333,66.262501,69.119364,63.405638,0.765588,1.978923,0.029196,0.000443,0.015735,0.015887,0.521778,0.274779,0.700452,0.310311,-0.009788,-0.009788,0.811815,1572580.000000,78035112.848700,0.454549
2019-11-18,67.480003,67.750000,66.239998,66.660004,1756800,0.000000,0.000000,67.480003,67.750000,66.239998,66.660004,66.294001,64.772000,57.020150,55.439925,66.918443,65.917272,1.001171,1.154953,-0.153782,53.925064,66.294001,69.153961,63.434041,0.563987,1.947571,0.029216,-0.016524,-0.008773,0.033168,0.493614,0.217312,0.651226,0.292376,-0.026150,-0.026150,0.781877,1551805.000000,117108295.027200,0.417955
2019-11-19,66.919998,67.150002,65.828003,66.570000,2483700,0.000000,0.000000,66.919998,67.150002,65.828003,66.570000,66.462501,64.905200,57.188750,55.510525,66.864836,65.965622,0.899214,1.103805,-0.204591,53.473748,66.462501,68.924315,64.000686,0.521833,1.902888,0.028585,-0.001350,-0.006566,0.008178,0.478676,0.215225,0.706923,0.281619,-0.027465,-0.027465,0.779471,1566740.000000,165339909.000000,0.410043
2019-11-20,66.540001,68.300003,66.400002,67.889999,1878300,0.000000,0.000000,66.540001,68.300003,66.400002,67.889999,66.715501,64.997000,57.361150,55.593475,67.022554,66.108169,0.914385,1.065921,-0.151536,58.905840,66.715501,68.570794,64.860207,0.816526,1.902681,0.028026,0.019829,0.001032,0.074209,0.517943,0.275888,0.814755,0.240642,-0.008181,-0.008181,0.811366,1541510.000000,127517785.121700,0.450953
2019-11-21,69.290001,71.500000,69.197998,69.940002,3687100,0.000000,0.000000,69.290001,71.500000,69.197998,69.940002,66.967001,65.137200,57.547150,55.689625,67.471392,66.392008,1.079384,1.068614,0.010770,65.619338,66.967001,69.129971,64.804030,1.187250,2.024633,0.028948,0.030196,0.032325,0.113162,0.590268,0.292791,0.824680,0.254920,0.000000,0.000000,0.866062,1649960.000000,257875781.374200,0.492943
2019-11-22,70.300003,71.309998,69.290001,71.120003,2055800,0.000000,0.000000,70.300003,71.309998,69.290001,71.120003,67.253001,65.309800,57.741850,55.786375,68.032717,66.742230,1.290487,1.112988,0.177498,68.780900,67.253001,69.982127,64.523875,1.208469,2.024302,0.028463,0.016872,0.049277,0.095671,0.572408,0.305673,0.744848,0.238218,0.000000,0.000000,0.897545,1700155.000000,146208502.167400,0.487590
2019-11-25,71.629997,73.220001,71.260002,71.500000,3016800,0.000000,0.000000,71.629997,73.220001,71.260002,71.500000,67.509501,65.502200,57.935250,55.885725,68.566145,67.094657,1.471488,1.184688,0.286799,69.745742,67.509501,70.796479,64.222522,1.107016,2.029709,0.028388,0.005343,0.072607,0.093272,0.597408,0.314822,0.751592,0.237980,0.000000,0.000000,0.907684,1793000.000000,215701200.000000,0.494490
2019-11-26,71.750000,72.610001,70.730003,72.309998,1765800,0.000000,0.000000,71.750000,72.610001,70.730003,72.309998,67.805500,65.710400,58.141850,55.983975,69.142122,67.480979,1.661143,1.279979,0.381164,71.749955,67.805500,71.681452,63.929549,1.081083,2.019015,0.027922,0.011329,0.086225,0.089498,0.591329,0.303353,0.758939,0.236342,0.000000,0.000000,0.929296,1825020.000000,127684994.468400,0.490647
2019-11-27,72.160004,72.690002,71.180000,71.660004,1115600,0.000000,0.000000,72.160004,72.690002,71.180000,71.660004,68.050001,65.877600,58.338450,56.074025,69.529489,67.790536,1.738952,1.371774,0.367179,67.864770,68.050001,72.253973,63.846028,0.929356,1.982657,0.027668,-0.008989,0.055531,0.079380,0.543731,0.278273,0.763288,0.240427,-0.008989,-0.008989,0.911953,1820315.000000,79943900.462400,0.451952
2019-11-29,71.440002,71.970001,70.879997,71.209999,691700,0.000000,0.000000,71.440002,71.970001,70.879997,71.209999,68.301001,66.034600,58.537050,56.163425,69.788029,68.043830,1.744199,1.446259,0.297940,65.231240,68.301001,72.634823,63.967179,0.835616,1.918896,0.026947,-0.006280,0.018158,0.066497,0.525166,0.408147,0.702774,0.242772,-0.015212,-0.015212,0.899947,1795330.000000,49255956.308300,0.436933
2019-12-02,72.440002,72.500000,68.366997,69.919998,2258600,0.000000,0.000000,72.440002,72.500000,68.366997,69.919998,68.453001,66.137000,58.698250,56.244875,69.808332,68.182805,1.625526,1.482112,0.143414,58.252659,68.453001,72.790217,64.115784,0.669117,2.077046,0.029706,-0.018115,-0.016873,0.056353,0.500107,0.320740,0.673929,0.250650,-0.033052,-0.033052,0.865528,1818700.000000,157921307.482800,0.411992
2019-12-03,67.690002,70.870003,66.970001,70.680000,2003300,0.000000,0.000000,67.690002,70.870003,66.970001,70.680000,68.564501,66.260200,58.873050,56.326625,69.942435,68.367783,1.574652,1.500620,0.074032,60.906217,68.564501,73.014581,64.114421,0.737692,2.207258,0.031229,0.010870,-0.011469,0.056818,0.508645,0.325581,0.692529,0.250826,-0.022542,-0.022542,0.885806,1766620.000000,141593244.000000,0.440478
2019-12-04,71.010002,71.900002,69.099998,70.000000,2347900,0.000000,0.000000,71.010002,71.900002,69.099998,70.000000,68.764501,66.425800,59.032550,56.406075,69.951291,68.488688,1.462603,1.493017,-0.030414,57.391227,68.764501,73.087006,64.441996,0.642915,2.249597,0.032137,-0.009621,-0.031946,0.022644,0.513514,0.278772,0.646284,0.242439,-0.031946,-0.031946,0.867663,1772340.000000,164353000.000000,0.458093
2019-12-05,70.199997,70.466003,68.949997,69.500000,3233000,0.000000,0.000000,70.199997,70.466003,68.949997,69.500000,68.935501,66.563600,59.191350,56.484425,69.881861,68.563600,1.318262,1.458066,-0.139804,54.883115,68.935501,73.077680,64.793321,0.568140,2.197197,0.031614,-0.007143,-0.030142,0.053030,0.235116,0.443106,0.675910,0.204779,-0.038860,-0.038860,0.854322,1834505.000000,224693500.000000,0.177406
2019-12-06,74.940002,75.849998,71.059998,75.570000,9987500,0.000000,0.000000,74.940002,75.849998,71.059998,75.570000,69.443501,66.827200,59.419350,56.592325,70.756960,69.082592,1.674367,1.501326,0.173041,71.287882,69.443501,74.210162,64.676839,1.142641,2.493826,0.033000,0.087338,0.061227,0.143614,0.290251,0.564272,0.809193,0.357854,0.000000,0.000000,1.016275,2273335.000000,754755375.000000,0.219884
2019-12-09,75.510002,76.279999,73.900002,75.459999,2735700,0.000000,0.000000,75.510002,76.279999,73.900002,75.459999,69.880000,67.123600,59.643450,56.695925,71.480504,69.554993,1.925511,1.586163,0.339348,70.785576,69.880000,75.170500,64.589501,1.027360,2.485695,0.032941,-0.001456,0.079233,0.153646,0.259556,0.575365,0.902673,0.353966,-0.001456,-0.001456,1.013340,2343570.000000,206435919.264300,0.193047
2019-12-10,75.300003,75.375999,71.790001,72.790001,3156200,0.000000,0.000000,75.300003,75.375999,71.790001,72.790001,70.157000,67.341000,59.847150,56.784825,71.681965,69.794623,1.887342,1.646399,0.240943,59.775831,70.157000,75.447830,64.866170,0.748827,2.570288,0.035311,-0.035383,0.029853,0.090814,0.149921,0.513935,0.788892,0.379426,-0.036787,-0.036787,0.942102,2434625.000000,229739801.156200,0.095268
2019-12-11,72.849998,72.959999,71.199997,72.459999,1951500,0.000000,0.000000,72.849998,72.959999,71.199997,72.459999,70.429500,67.572400,60.048050,56.869425,71.801663,69.992058,1.809604,1.679040,0.130564,58.563422,70.429500,75.597851,65.261150,0.696436,2.512411,0.034673,-0.004534,0.035143,0.077472,0.151438,0.500829,0.739318,0.380443,-0.041154,-0.041154,0.933298,2468760.000000,141405688.048500,0.095354
2019-12-12,72.760002,72.830002,71.438004,71.970001,1419400,0.000000,0.000000,72.760002,72.830002,71.438004,71.970001,70.637000,67.796600,60.238350,56.953525,71.827561,70.138573,1.688988,1.681030,0.007959,56.723706,70.637000,75.696307,65.577693,0.631737,2.432381,0.033797,-0.006762,0.035540,0.074019,0.151704,0.417290,0.697406,0.381385,-0.047638,-0.047638,0.920224,2484220.000000,102154219.419400,0.085588
2019-12-13,71.779999,73.949997,71.779999,73.720001,2317200,0.000000,0.000000,71.779999,73.949997,71.779999,73.720001,70.935500,68.026800,60.432050,57.040675,72.118706,70.403864,1.714842,1.687792,0.027050,61.388853,70.935500,75.982060,65.888941,0.775881,2.413640,0.032741,0.024316,-0.024481,0.086995,0.191338,0.397536,0.708459,0.387094,-0.024481,-0.024481,0.966916,2550660.000000,170823986.317200,0.120039
2019-12-16,74.094002,74.830002,73.230003,73.639999,1407400,0.000000,0.000000,74.094002,74.830002,73.230003,73.639999,71.228500,68.251600,60.643750,57.131075,72.352751,70.643577,1.709173,1.692068,0.017105,61.064772,71.228500,76.183286,66.273715,0.743350,2.355522,0.031987,-0.001085,-0.024119,0.086937,0.189661,0.376191,0.716950,0.387103,-0.025539,-0.025539,0.964781,2563465.000000,103640934.592600,0.112919
2019-12-17,73.639999,73.970001,72.709999,73.629997,1930700,0.000000,0.000000,73.639999,73.970001,72.709999,73.629997,71.577000,68.423200,60.833250,57.220525,72.549250,70.864794,1.684457,1.690546,-0.006089,61.021400,71.577000,76.144137,67.009863,0.724758,2.277271,0.030929,-0.000136,0.011540,0.086309,0.163191,0.386890,0.763593,0.387180,-0.025672,-0.025672,0.964514,2572160.000000,142157435.207900,0.084196
2019-12-18,73.349998,75.059998,73.080002,73.550003,1401700,0.000000,0.000000,73.349998,75.059998,73.080002,73.550003,71.926000,68.601800,61.029750,57.312175,72.703212,71.063698,1.639514,1.680340,-0.040826,60.650365,71.926000,75.911914,67.940086,0.703718,2.256037,0.030674,-0.001086,0.015043,0.103360,0.160827,0.340441,0.756628,0.380390,-0.026730,-0.026730,0.962380,2518060.000000,103095039.205100,0.082021
2019-12-19,73.410004,74.449997,73.169998,73.379997,999100,0.000000,0.000000,73.410004,74.449997,73.169998,73.379997,72.200500,68.728600,61.222050,57.401575,72.807333,71.235276,1.572057,1.658683,-0.086626,59.817920,72.200500,75.748175,68.652826,0.666235,2.186320,0.029794,-0.002311,0.019591,0.102298,0.132407,0.388983,0.784967,0.380605,-0.028980,-0.028980,0.957844,2474100.000000,73313955.002700,0.037608
2019-12-20,74.209999,74.250000,73.059998,74.180000,1641000,0.000000,0.000000,74.209999,74.250000,73.059998,74.180000,72.412500,68.869400,61.446650,57.492525,73.018512,71.453403,1.565109,1.639968,-0.074859,62.431062,72.412500,75.897601,68.927399,0.753579,2.115154,0.028514,0.010902,0.006240,0.092650,0.149721,0.454225,0.858682,0.377441,-0.018394,-0.018394,0.979189,2371795.000000,121729380.000000,0.049566
2019-12-23,74.010002,74.400002,73.160004,73.349998,995400,0.000000,0.000000,74.010002,74.400002,73.160004,73.349998,72.524000,69.005800,61.680850,57.573525,73.069510,71.593892,1.475618,1.607098,-0.131480,58.202031,72.524000,75.977537,69.070462,0.619587,2.052643,0.027984,-0.011189,-0.003938,0.048756,0.188432,0.472005,0.930771,0.369058,-0.029377,-0.029377,0.957044,2318775.000000,73012588.009200,0.069334
2019-12-24,73.199997,73.870003,72.860001,73.699997,361800,0.000000,0.000000,73.199997,73.870003,72.860001,73.699997,72.634000,69.138000,61.929850,57.655675,73.166508,71.749900,1.416608,1.569000,-0.152392,59.449441,72.634000,76.090352,69.177647,0.654208,1.978169,0.026841,0.004772,0.000951,0.036277,0.177128,0.489190,0.966382,0.365492,-0.024745,-0.024745,0.898017,2186025.000000,26664658.914600,0.068739
2019-12-26,73.800003,75.019997,73.500000,74.440002,1011600,0.000000,0.000000,73.800003,75.019997,73.500000,74.440002,72.740500,69.287000,62.227250,57.739575,73.362430,71.949167,1.413264,1.537853,-0.124589,62.029630,72.740500,76.284957,69.196043,0.739741,1.945442,0.026134,0.010041,0.012101,0.041119,0.193140,0.469694,0.877427,0.366404,-0.014953,-0.014953,0.917074,2148315.000000,75303506.023200,0.069647
2019-12-27,74.940002,74.980003,73.550003,74.389999,924500,0.000000,0.000000,74.940002,74.980003,73.550003,74.389999,72.877000,69.433600,62.525250,57.817275,73.520518,72.129969,1.390549,1.508392,-0.117843,61.743744,72.877000,76.456350,69.297649,0.711351,1.908625,0.025657,-0.000672,0.013764,0.028765,0.226748,0.496480,0.814833,0.364978,-0.015615,-0.015615,0.915787,2138760.000000,68773554.075500,0.092360
2019-12-30,74.129997,74.500000,72.199997,73.750000,1266000,0.000000,0.000000,74.129997,74.500000,72.199997,73.750000,73.004000,69.574200,62.812350,57.903675,73.555823,72.249971,1.305852,1.467884,-0.162033,58.055610,73.004000,76.513880,69.494119,0.606271,1.936581,0.026259,-0.008603,-0.005797,0.029165,0.191053,0.456071,0.820988,0.364839,-0.024084,-0.024084,0.899305,2167475.000000,93367500.000000,0.072712
2019-12-31,73.669998,74.290001,73.139999,74.110001,799600,0.000000,0.000000,73.669998,74.290001,73.139999,74.110001,73.213500,69.766000,63.089850,57.985475,73.641081,72.387751,1.253330,1.424973,-0.171643,59.520347,73.213500,76.436798,69.990201,0.639066,1.880396,0.025373,0.004881,0.010361,0.040725,0.217113,0.443514,0.849052,0.363845,-0.019320,-0.019320,0.908576,2094525.000000,59258356.799600,0.082587
2020-01-02,74.309998,76.830002,74.110001,75.900002,2043300,0.000000,0.000000,74.309998,76.830002,74.110001,75.900002,73.474500,69.963400,63.395550,58.081675,73.988607,72.647918,1.340689,1.408116,-0.067427,65.897244,73.474500,76.679335,70.269665,0.878413,1.940368,0.025565,0.024153,0.029851,0.085526,0.249177,0.469506,0.859383,0.363652,0.000000,0.000000,0.954674,2096525.000000,155086474.086600,0.081303
2020-01-03,74.870003,75.809998,73.680000,75.559998,1255500,0.000000,0.000000,74.870003,75.809998,73.680000,75.559998,73.752500,70.210600,63.709050,58.182575,74.230360,72.863628,1.366732,1.399840,-0.033107,63.840022,73.752500,76.636889,70.868111,0.813324,1.960342,0.025944,-0.004480,0.015046,0.069044,0.214596,0.448620,0.945918,0.363969,-0.004480,-0.004480,0.847433,2041905.000000,94865577.489000,0.068702
2020-01-06,74.379997,75.459999,73.720001,75.389999,2271300,0.000000,0.000000,74.379997,75.459999,73.720001,75.389999,74.047000,70.461800,64.006750,58.274125,74.408766,73.050766,1.358000,1.391472,-0.033472,62.784629,74.047000,76.217695,71.876304,0.809348,1.951746,0.025889,-0.002250,0.013443,0.077000,0.208173,0.459632,0.843276,0.361528,-0.006719,-0.006719,0.808347,1993820.000000,171233304.728700,0.071749
2020-01-07,75.669998,75.669998,74.010002,75.239998,2289200,0.000000,0.000000,75.669998,75.669998,74.010002,75.239998,74.030500,70.668400,64.320050,58.383625,74.536648,73.212932,1.323716,1.377920,-0.054204,61.813588,74.030500,76.157018,71.903981,0.784385,1.930907,0.025663,-0.001990,0.020203,0.082590,0.156649,0.446923,0.804749,0.360004,-0.008696,-0.008696,0.788023,1608905.000000,172239403.421600,0.016849
2020-01-08,75.129997,76.900002,74.809998,76.269997,3421300,0.000000,0.000000,75.129997,76.900002,74.809998,76.269997,74.070999,70.885800,64.641450,58.502025,74.803317,73.439381,1.363936,1.375124,-0.011188,65.732731,74.070999,76.338340,71.803658,0.984929,1.942271,0.025466,0.013690,0.029146,0.009263,0.180285,0.485297,0.812500,0.200156,0.000000,0.000000,0.787438,1643185.000000,260942540.736100,0.013427
2020-01-09,76.489998,77.010002,75.529999,75.800003,1849700,0.000000,0.000000,76.489998,77.010002,75.529999,75.800003,74.221500,71.074400,64.951350,58.612325,74.956653,73.614242,1.342411,1.368581,-0.026170,62.576743,74.221500,76.530040,71.912959,0.841883,1.909252,0.025188,-0.006162,-0.001318,0.004506,0.130668,0.408922,0.776424,0.201400,-0.006162,-0.006162,0.760334,1577860.000000,140207265.549100,-0.033772
2020-01-10,75.550003,75.849998,74.360001,74.830002,2317300,0.000000,0.000000,75.550003,75.849998,74.360001,74.830002,74.340000,71.243200,65.254250,58.727075,74.937168,73.704298,1.232870,1.341439,-0.108569,56.542870,74.340000,76.506783,72.173217,0.613071,1.879305,0.025114,-0.012797,-0.009661,0.028026,0.114537,0.406579,0.699523,0.162416,-0.018880,-0.018880,0.737808,1596150.000000,173403563.634600,-0.039924
2020-01-13,73.690002,74.830002,72.813004,74.150002,1617100,0.000000,0.000000,73.690002,74.830002,72.813004,74.150002,74.449000,71.390800,65.549450,58.838925,74.816066,73.737313,1.078753,1.288902,-0.210149,52.706103,74.449000,76.311798,72.586201,0.419745,1.889140,0.025477,-0.009087,-0.016448,0.023323,0.114535,0.371878,0.705382,0.165242,-0.027796,-0.027796,0.722016,1606035.000000,119907968.234200,-0.036499
2020-01-14,73.959999,74.360001,71.680000,72.800003,2158300,0.000000,0.000000,73.959999,74.360001,71.680000,72.800003,74.403000,71.523000,65.827250,58.943725,74.505902,73.667883,0.838020,1.198725,-0.360706,46.028458,74.403000,76.383325,72.422675,0.095269,1.945630,0.026726,-0.018206,-0.032429,0.011533,0.085110,0.357702,0.684405,0.176517,-0.045496,-0.045496,0.690664,1598090.000000,157124246.474900,-0.064317
2020-01-15,73.000000,75.139999,72.720001,73.029999,1528500,0.000000,0.000000,73.000000,75.139999,72.720001,73.029999,74.372500,71.646000,66.110300,59.048175,74.278840,73.620632,0.658208,1.090622,-0.432414,47.254539,74.372500,76.419957,72.325043,0.172154,1.979514,0.027105,0.003159,-0.042481,-0.009360,0.090163,0.383930,0.623250,0.154558,-0.042481,-0.042481,0.696006,1604145.000000,111626353.471500,-0.046054
2020-01-16,73.199997,74.089996,72.629997,73.080002,1148200,0.000000,0.000000,73.199997,74.089996,72.629997,73.080002,74.345000,71.738600,66.401300,59.144975,74.094404,73.580585,0.513818,0.975261,-0.461443,47.533598,74.345000,76.448455,72.241545,0.199305,1.942405,0.026579,0.000685,-0.035884,-0.007605,0.089770,0.377568,0.697167,0.154581,-0.041825,-0.041825,0.664313,1565020.000000,83910458.296400,-0.061993
2020-01-17,73.430000,73.709999,72.264999,72.529999,1958300,0.000000,0.000000,73.430000,73.709999,72.264999,72.529999,74.294000,71.869200,66.674300,59.236925,73.853726,73.502764,0.350962,0.850401,-0.499439,44.730318,74.294000,76.524255,72.063745,0.104529,1.906876,0.026291,-0.007526,-0.030736,-0.014940,0.087080,0.383632,0.615367,0.156578,-0.049036,-0.049036,0.651788,1592850.000000,142035497.041700,-0.063969
2020-01-21,72.349998,74.830002,72.040001,73.129997,1935900,0.000000,0.000000,72.349998,74.830002,72.040001,73.129997,74.281500,72.010200,66.958000,59.335875,73.742383,73.475152,0.267231,0.733767,-0.466536,48.311521,74.281500,76.535995,72.027005,0.244621,1.969957,0.026938,0.008272,-0.013756,-0.005710,0.133447,0.396410,0.555957,0.159592,-0.041170,-0.041170,0.665452,1639690.000000,141572361.192300,-0.024939
2020-01-22,73.699997,75.190002,73.699997,74.400002,1799100,0.000000,0.000000,73.699997,75.190002,73.699997,74.400002,74.292500,72.190000,67.247600,59.438675,73.843555,73.543659,0.299896,0.646993,-0.347097,54.963448,74.292500,76.547057,72.037943,0.523841,1.976389,0.026564,0.017366,0.021978,0.013900,0.126761,0.405365,0.622683,0.170533,-0.024518,-0.024518,0.694375,1647595.000000,133853043.598200,-0.022790
2020-01-23,74.610001,74.735001,73.150002,74.330002,1823900,0.000000,0.000000,74.610001,74.735001,73.150002,74.330002,74.341500,72.342000,67.526700,59.541275,73.918393,73.601907,0.316486,0.580892,-0.264405,54.546770,74.341500,76.551975,72.131025,0.497399,1.948432,0.026213,-0.000941,0.017801,0.002022,0.176108,0.367617,0.637225,0.166503,-0.025436,-0.025436,0.692781,1689020.000000,135570490.647800,0.015923
2020-01-24,74.720001,75.980003,73.089996,74.180000,1399500,0.000000,0.000000,74.720001,75.980003,73.089996,74.180000,74.365500,72.480600,67.801600,59.644275,73.958640,73.644729,0.313912,0.527496,-0.213584,53.608892,74.365500,76.556990,72.174010,0.457677,2.015688,0.027173,-0.002018,0.015052,0.011316,0.180646,0.413760,0.588097,0.161594,-0.027403,-0.027403,0.689365,1740905.000000,103814910.000000,0.033460
2020-01-27,72.410004,73.290001,70.550003,72.769997,1584300,0.000000,0.000000,72.410004,73.290001,70.550003,72.769997,74.282000,72.595800,68.063200,59.728575,73.775772,73.579934,0.195839,0.461164,-0.265326,45.661332,74.282000,76.585915,71.978085,0.171862,2.130996,0.029284,-0.019008,0.003309,-0.012619,0.121091,0.330834,0.498250,0.174325,-0.045890,-0.045890,0.657253,1769540.000000,115289506.247100,0.004607
2020-01-28,73.059998,75.199997,72.780998,74.930000,1169400,0.000000,0.000000,73.059998,75.199997,72.780998,74.930000,74.309000,72.738000,68.344000,59.826475,73.953346,73.679939,0.273407,0.423613,-0.150206,56.339657,74.309000,76.630832,71.987169,0.633731,2.152353,0.028725,0.029683,0.024614,0.006582,0.145719,0.390167,0.534822,0.200648,-0.017569,-0.017569,0.706445,1781785.000000,87623142.000000,0.021183
2020-01-29,75.300003,77.769997,74.930000,76.919998,2615800,0.000000,0.000000,75.300003,77.769997,74.930000,76.919998,74.467500,72.921400,68.650700,59.934825,74.409754,73.919943,0.489811,0.436852,0.052958,63.463358,74.467500,77.047144,71.887856,0.975356,2.201470,0.028620,0.026558,0.033871,0.034010,0.158957,0.420499,0.592547,0.220068,0.000000,0.000000,0.751765,1849275.000000,201207330.768400,0.044956
2020-01-30,76.699997,79.260002,76.269997,79.110001,2672800,0.000000,0.000000,76.699997,79.260002,76.269997,79.110001,74.717500,73.148000,68.879100,60.053275,75.132869,74.304392,0.828477,0.515177,0.313300,69.383714,74.717500,78.019307,71.415693,1.165166,2.257794,0.028540,0.028471,0.064308,0.072678,0.191595,0.529582,0.602390,0.235186,0.000000,0.000000,0.801640,1942935.000000,211445210.672800,0.068109
2020-01-31,78.830002,80.260002,77.160004,78.510002,2502800,0.000000,0.000000,78.830002,80.260002,77.160004,78.510002,74.848000,73.385000,69.078500,60.169775,75.652428,74.615918,1.036509,0.619444,0.417066,66.217902,74.848000,78.530915,71.165086,0.997161,2.317952,0.029524,-0.007584,0.058372,0.059371,0.175828,0.572401,0.587664,0.238175,-0.007584,-0.007584,0.787975,1965910.000000,196494833.005600,0.073833
2020-02-03,79.099998,80.739998,79.040001,80.629997,1734500,0.000000,0.000000,79.099998,80.739998,79.040001,80.629997,75.101500,73.666200,69.285700,60.307025,76.418208,75.061406,1.356802,0.766915,0.589887,71.215441,75.101500,79.598695,70.604305,1.114661,2.311669,0.028670,0.027003,0.108012,0.062319,0.218160,0.652254,0.613891,0.241566,0.000000,0.000000,0.836256,1989860.000000,139852729.796500,0.099853
2020-02-04,81.459999,83.199997,80.460999,82.019997,2372400,0.000000,0.000000,81.459999,83.199997,80.460999,82.019997,75.433000,73.948800,69.472900,60.453175,77.280021,75.576857,1.703164,0.954165,0.748999,73.937799,75.433000,80.893907,69.972093,1.103105,2.342193,0.028556,0.017239,0.094622,0.085495,0.226376,0.834899,0.606975,0.244796,0.000000,0.000000,0.867912,1994915.000000,194584240.882800,0.097409
2020-02-05,82.910004,83.300003,79.930000,80.739998,1584700,0.000000,0.000000,82.910004,83.300003,79.930000,80.739998,75.708000,74.164800,69.651000,60.586225,77.812325,75.959312,1.853014,1.133935,0.719079,67.597686,75.708000,81.659853,69.756147,0.922725,2.415608,0.029918,-0.015606,0.049662,0.070964,0.179547,0.810720,0.539371,0.253334,-0.015606,-0.015606,0.838761,1959690.000000,127948674.830600,0.052018
2020-02-06,80.699997,82.000000,80.589996,81.440002,825400,0.000000,0.000000,80.699997,82.000000,80.589996,81.440002,75.966500,74.371200,69.840500,60.717225,78.370430,76.365289,2.005141,1.308176,0.696965,69.155391,75.966500,82.446757,69.486244,0.922321,2.343779,0.028779,0.008670,0.029453,0.082403,0.233939,0.808171,0.587524,0.253173,-0.007071,-0.007071,0.854703,1829895.000000,67220577.650800,0.099083
2020-02-07,81.440002,84.040001,80.889999,83.160004,1517400,0.000000,0.000000,81.440002,84.040001,80.889999,83.160004,76.334500,74.604400,70.053300,60.853825,79.107287,76.868601,2.238686,1.494278,0.744408,72.636333,76.334500,83.567182,69.101819,0.971852,2.401366,0.028876,0.021120,0.059228,0.090337,0.258475,0.793788,0.639913,0.258055,0.000000,0.000000,0.893874,1813280.000000,126186990.069600,0.126513
2020-02-10,82.949997,85.080002,82.870003,84.610001,1839500,0.000000,0.000000,82.949997,85.080002,82.870003,84.610001,76.823500,74.850400,70.280400,60.991825,79.953858,77.442038,2.511820,1.697786,0.814034,75.179372,76.823500,84.900999,68.746001,0.981987,2.387697,0.028220,0.017436,0.049361,0.116227,0.293533,0.866534,0.634344,0.259002,0.000000,0.000000,0.926896,1789390.000000,155640096.839500,0.151987
2020-02-11,84.860001,85.980003,84.260002,85.330002,1125400,0.000000,0.000000,84.860001,85.980003,84.260002,85.330002,77.382500,75.123800,70.500700,61.132175,80.780957,78.026332,2.754626,1.909154,0.845471,76.354481,77.382500,86.194953,68.570047,0.950924,2.340005,0.027423,0.008510,0.040356,0.140318,0.278735,0.930106,0.652721,0.250544,0.000000,0.000000,0.943293,1764805.000000,96030384.250800,0.141439
2020-02-12,87.180000,87.410004,84.239998,87.330002,1624000,0.000000,0.000000,87.180000,87.410004,84.239998,87.330002,78.109000,75.446200,70.740400,61.280525,81.788503,78.715492,3.073010,2.141926,0.931085,79.287884,78.109000,87.692751,68.525250,0.981075,2.399290,0.027474,0.023438,0.081620,0.177748,0.298587,0.914292,0.658375,0.250562,0.000000,0.000000,0.988841,1738090.000000,141823923.248000,0.149528
2020-02-13,87.110001,88.480003,86.919998,88.029999,1770400,0.000000,0.000000,87.110001,88.480003,86.919998,88.029999,78.859000,75.808400,70.972700,61.437325,82.748733,79.405456,3.343277,2.382196,0.961081,80.213116,78.859000,89.094740,68.623260,0.947989,2.339341,0.026574,0.008016,0.080918,0.209203,0.313684,1.004782,0.640820,0.231853,0.000000,0.000000,1.004782,1750185.000000,155848310.229600,0.169227
2020-02-14,88.430000,89.599998,88.000000,89.410004,1122300,0.000000,0.000000,88.430000,89.599998,88.000000,89.410004,79.675500,76.183000,71.221600,61.605275,83.773544,80.146534,3.627010,2.631159,0.995852,81.927161,79.675500,90.555251,68.795749,0.947368,2.286531,0.025574,0.015677,0.075156,0.224291,0.318343,1.026059,0.676542,0.231807,0.000000,0.000000,1.036211,1748890.000000,100344847.489200,0.171082
2020-02-18,88.830002,91.019997,88.500000,90.760002,1167800,0.000000,0.000000,88.830002,91.019997,88.500000,90.760002,80.587000,76.598200,71.512000,61.784625,84.848384,80.932716,3.915667,2.888060,1.027607,83.438562,80.587000,91.988238,69.185763,0.946136,2.303207,0.025377,0.015099,0.072686,0.241927,0.339631,1.025441,0.692336,0.230049,0.000000,0.000000,1.066955,1709365.000000,105989530.335600,0.191770
2020-02-19,91.680000,92.550003,90.860001,91.489998,1599500,0.000000,0.000000,91.680000,92.550003,90.860001,91.489998,81.505000,77.038000,71.800800,61.959775,85.870170,81.714737,4.155433,3.141535,1.013898,84.207644,81.505000,93.326996,69.683005,0.922306,2.266550,0.024774,0.008043,0.072190,0.261409,0.349808,1.054109,0.683968,0.220840,0.000000,0.000000,1.083580,1692545.000000,146338251.801000,0.200367
2020-02-20,91.779999,92.519997,87.510002,90.309998,1806300,0.000000,0.000000,91.779999,92.519997,87.510002,90.309998,82.300500,77.332800,72.080000,62.131875,86.553221,82.351423,4.201798,3.353587,0.848210,77.909521,82.300500,94.249943,70.351058,0.835141,2.462510,0.027267,-0.012898,0.034123,0.234924,0.354785,1.023527,0.669008,0.236043,-0.012898,-0.012898,1.056707,1692905.000000,163126949.387400,0.214313
2020-02-21,89.989998,91.110001,87.080002,88.730003,2238700,0.000000,0.000000,89.989998,91.110001,87.080002,88.730003,83.020500,77.598200,72.360900,62.309375,86.888110,82.823911,4.064200,3.495710,0.568490,70.325006,83.020500,94.679608,71.361393,0.744852,2.574474,0.029015,-0.017495,0.007952,0.192608,0.332883,0.970902,0.648337,0.252998,-0.030167,-0.030167,1.020724,1713645.000000,198639857.716100,0.215514
2020-02-24,83.610001,86.995003,80.139999,86.370003,2206500,0.000000,0.000000,83.610001,86.995003,80.139999,86.370003,83.630000,77.869800,72.605400,62.473275,86.808402,83.086584,3.721817,3.540931,0.180886,60.803478,83.630000,94.597178,72.662823,0.624918,3.004154,0.034782,-0.026598,-0.034001,0.161980,0.272205,0.931135,0.599741,0.279355,-0.055962,-0.055962,0.966978,1753995.000000,190575411.619500,0.190750
2020-02-25,87.389999,88.089996,82.669998,83.059998,1962700,0.000000,0.000000,87.389999,88.089996,82.669998,83.059998,84.144500,78.081800,72.827100,62.621075,86.231724,83.084615,3.147109,3.462167,-0.315058,50.480167,84.144500,93.860642,74.428359,0.444191,3.176715,0.038246,-0.038324,-0.084839,0.119709,0.187589,0.888586,0.517355,0.320002,-0.092141,-0.092141,0.891596,1772915.000000,163021858.074600,0.133582
2020-02-26,83.120003,86.459999,82.830002,83.580002,1908100,0.000000,0.000000,83.120003,86.459999,82.830002,83.580002,84.577001,78.314000,73.055300,62.773725,85.823767,83.121310,2.702457,3.310225,-0.607768,51.862884,84.577001,93.283764,75.870237,0.442746,3.209092,0.038395,0.006261,-0.086457,0.148550,0.175197,0.847889,0.519360,0.307243,-0.086457,-0.086457,0.903439,1809850.000000,159479001.816200,0.121100
2020-02-27,80.190002,86.440002,76.180000,83.209999,2854900,0.000000,0.000000,80.190002,86.440002,76.180000,83.209999,84.891501,78.503800,73.265300,62.937675,85.421649,83.127880,2.293769,3.106934,-0.813165,50.776459,84.891501,92.856523,76.926478,0.394445,3.712728,0.044619,-0.004427,-0.078618,0.110503,0.163776,0.859026,0.498199,0.297804,-0.090502,-0.090502,0.895013,1821805.000000,237556226.145100,0.171423
2020-02-28,80.110001,86.879997,79.889999,86.309998,3014900,0.000000,0.000000,80.110001,86.879997,79.889999,86.309998,85.251500,78.757200,73.504400,63.106525,85.558318,83.363592,2.194726,2.924492,-0.729766,58.601229,85.251500,92.753667,77.749334,0.570546,3.946819,0.045728,0.037255,-0.027274,0.122075,0.193611,0.899428,0.565004,0.309557,-0.056618,-0.056618,0.965611,1838910.000000,260216012.970200,0.202926
2020-03-02,87.389999,88.544998,84.809998,87.959999,2521300,0.000000,0.000000,87.389999,88.544998,84.809998,87.959999,85.724000,79.043800,73.733500,63.277975,85.927807,83.704067,2.223741,2.784342,-0.560601,62.058407,85.724000,92.602876,78.845124,0.662526,3.931689,0.044699,0.019117,0.018409,0.111870,0.227463,0.894873,0.562622,0.302495,-0.038583,-0.038583,1.003188,1839835.000000,221773545.478700,0.199090
2020-03-03,87.769997,88.370003,83.500000,85.809998,1965200,0.000000,0.000000,87.769997,88.370003,83.500000,85.809998,85.983000,79.289000,73.945400,63.433325,85.909683,83.860062,2.049621,2.637398,-0.587777,55.548890,85.983000,92.430878,79.535123,0.486585,3.998712,0.046600,-0.024443,0.033109,0.092982,0.205027,0.837867,0.544456,0.316797,-0.062083,-0.062083,0.954225,1851370.000000,168633808.069600,0.202879
2020-03-04,87.480003,89.550003,85.870003,89.550003,1988400,0.000000,0.000000,87.480003,89.550003,85.870003,89.550003,86.359501,79.612400,74.170500,63.613125,86.469732,84.281539,2.188193,2.547557,-0.359364,62.849105,86.359501,92.711706,80.007296,0.751133,3.980232,0.044447,0.043585,0.071429,0.110629,0.280750,0.921262,0.606566,0.336290,-0.021204,-0.021204,1.039399,1832170.000000,178061225.965200,0.228217
2020-03-05,88.070000,90.735001,87.660004,88.599998,2102500,0.000000,0.000000,88.070000,90.735001,87.660004,88.599998,86.752501,79.900800,74.385100,63.790275,86.797465,84.601425,2.196041,2.477254,-0.281213,60.146981,86.752501,92.592777,80.912224,0.658169,3.915573,0.044194,-0.010609,0.064776,0.080224,0.253537,0.891142,0.604491,0.337586,-0.031588,-0.031588,1.017764,1858060.000000,186281495.795000,0.227958
2020-03-06,87.099998,87.779999,81.250000,84.019997,2573800,0.000000,0.000000,87.099998,87.779999,81.250000,84.019997,86.881500,80.114200,74.560000,63.936575,86.370162,84.558356,1.811806,2.344164,-0.532358,49.171079,86.881500,92.328432,81.434569,0.237329,4.160889,0.049523,-0.051693,-0.026532,0.040624,0.200286,0.816649,0.513874,0.383832,-0.081648,-0.081648,0.913459,1945480.000000,216250668.278600,0.199241
2020-03-09,77.180000,80.970001,75.254997,77.629997,3110400,0.000000,0.000000,77.180000,80.970001,75.254997,77.629997,86.605000,80.192800,74.665400,64.050825,85.025522,84.045144,0.980377,2.071407,-1.091029,38.590168,86.605000,93.272120,79.937880,-0.173080,4.489754,0.057835,-0.076053,-0.117440,-0.046783,0.116978,0.379598,0.386497,0.468618,-0.151492,-0.151492,0.767934,2025130.000000,241460342.668800,0.189320
2020-03-10,80.000000,80.000000,75.300003,79.820000,2338800,0.000000,0.000000,80.000000,80.000000,75.300003,79.820000,86.365500,80.300400,74.793700,64.183875,84.224672,83.732171,0.492502,1.755626,-1.263124,43.108607,86.365500,93.649929,79.081071,0.050720,4.504771,0.056437,0.028211,-0.069805,-0.040164,0.056239,0.362814,0.396675,0.473616,-0.127555,-0.127555,0.817809,2050095.000000,186683016.000000,0.092314
2020-03-11,78.540001,80.349998,74.059998,75.000000,2708400,0.000000,0.000000,78.540001,80.349998,74.059998,75.000000,85.849000,80.312600,74.873100,64.288375,82.805492,83.085343,-0.279851,1.348530,-1.628382,36.707033,85.849000,94.732049,76.965951,-0.110657,4.632288,0.061764,-0.060386,-0.162479,-0.113580,-0.006096,0.251878,0.309586,0.509720,-0.180238,-0.180238,0.708039,2129245.000000,203130000.000000,0.071588
2020-03-12,68.353996,71.699997,64.879997,68.680000,4354300,0.000000,0.000000,68.353996,71.699997,64.879997,68.680000,84.916500,80.211200,74.892700,64.359425,80.632339,82.018281,-1.385941,0.801636,-2.187577,30.344167,84.916500,96.614505,73.218495,-0.193986,5.024267,0.073155,-0.084267,-0.224831,-0.195125,-0.056464,0.084992,0.191120,0.575321,-0.249317,-0.249317,0.564108,2265760.000000,299053324.000000,0.107690
2020-03-13,75.019997,79.589996,70.019997,77.320000,6006400,0.000000,0.000000,75.019997,79.589996,70.019997,77.320000,84.381000,80.275400,75.020700,64.474125,80.122749,81.670260,-1.547511,0.331807,-1.879318,44.506296,84.381000,96.453443,72.308556,0.207557,5.444677,0.070417,0.125801,-0.079743,-0.114623,0.067072,0.228667,0.313849,0.736250,-0.154880,-0.154880,0.760875,2477560.000000,464414848.000000,0.157107
2020-03-16,68.879997,85.750000,66.120003,72.309998,7015000,0.000000,0.000000,68.879997,85.750000,66.120003,72.309998,83.526000,80.203600,75.083500,64.558275,78.920787,80.976907,-2.056120,-0.145779,-1.910341,39.492214,83.526000,96.488140,70.563859,0.067355,6.457914,0.089309,-0.064796,-0.068530,-0.178575,0.004724,0.157145,0.280503,0.763037,-0.209640,-0.209640,0.646777,2772195.000000,507254635.970000,0.212670
2020-03-17,73.070000,75.632004,68.519997,70.940002,5056800,0.000000,0.000000,73.070000,75.632004,68.519997,70.940002,82.535000,80.111200,75.160900,64.632675,77.692974,80.233433,-2.540459,-0.624715,-1.915744,38.224058,82.535000,96.181021,68.888978,0.075151,6.504635,0.091692,-0.018946,-0.111250,-0.206576,-0.037710,0.146412,0.228398,0.758780,-0.224615,-0.224615,0.615577,2966645.000000,358729402.113600,0.122578
2020-03-18,66.800003,77.190002,65.610001,76.610001,4420500,0.000000,0.000000,66.800003,77.190002,65.610001,76.610001,81.791000,80.135600,75.298700,64.762875,77.526363,79.965030,-2.438668,-0.987505,-1.451162,45.958626,81.791000,94.996732,68.585267,0.303835,6.867161,0.089638,0.079927,0.021467,-0.155906,0.040331,0.237641,0.352100,0.816696,-0.162641,-0.162641,0.744705,3107695.000000,338654509.420500,0.247314
2020-03-19,76.529999,83.459999,74.519997,75.879997,5673500,0.000000,0.000000,76.529999,83.459999,74.519997,75.879997,81.069500,80.148400,75.408400,64.877575,77.273076,79.662435,-2.389360,-1.267876,-1.121483,45.174409,81.069500,93.886547,68.252452,0.297555,7.015221,0.092452,-0.009529,0.104834,-0.170620,0.030558,0.198736,0.370170,0.814940,-0.170620,-0.170620,0.728080,3301055.000000,430505162.979500,0.220144
2020-03-20,77.000000,82.059998,75.305000,79.699997,6081200,0.000000,0.000000,77.000000,82.059998,75.305000,79.699997,80.617999,80.217000,75.551400,65.009475,77.646448,79.665218,-2.018769,-1.418055,-0.600715,49.983926,80.617999,92.924861,68.311137,0.462704,6.996634,0.087787,0.050343,0.030781,-0.117484,0.083617,0.257891,0.396286,0.838886,-0.128867,-0.128867,0.815076,3493180.000000,484671621.756400,0.304309
2020-03-23,80.010002,87.000000,79.589996,83.500000,4712100,0.000000,0.000000,80.010002,87.000000,79.589996,83.500000,80.474499,80.371000,75.722700,65.153275,78.546995,79.949276,-1.402281,-1.414900,0.012619,54.280524,80.474499,92.563973,68.385025,0.625130,7.026160,0.084146,0.047679,0.154750,-0.058943,0.137912,0.288580,0.565429,0.856481,-0.087332,-0.087332,0.901617,3618460.000000,393460350.000000,0.365942
2020-03-24,88.000000,88.269997,84.059998,85.000000,4768400,0.000000,0.000000,88.000000,88.269997,84.059998,85.000000,80.571499,80.574400,75.908800,65.337475,79.539765,80.323403,-0.783639,-1.288648,0.505009,55.891286,80.571499,92.778876,68.364122,0.681386,6.865006,0.080765,0.017964,0.198196,-0.015862,0.145861,0.317421,0.616277,0.853947,-0.070937,-0.070937,0.935778,3758745.000000,405314000.000000,0.314725
2020-03-25,85.000000,86.699997,80.250000,81.370003,2700100,0.000000,0.000000,85.000000,86.699997,80.250000,81.370003,80.460999,80.718800,76.054800,65.502775,79.821340,80.400929,-0.579589,-1.146836,0.567247,51.191008,80.460999,92.593492,68.328507,0.537462,6.835362,0.084003,-0.042706,0.062133,-0.020347,0.109339,0.318373,0.514142,0.856595,-0.110613,-0.110613,0.853109,3798345.000000,219707145.100300,0.283876
2020-03-26,82.019997,84.820000,81.271004,83.660004,3292100,0.000000,0.000000,82.019997,84.820000,81.271004,83.660004,80.483500,80.936000,76.229500,65.681575,80.411904,80.642342,-0.230439,-0.963557,0.733118,53.828939,80.483500,92.639105,68.327894,0.630660,6.600622,0.078898,0.028143,0.102530,0.000957,0.135143,0.336208,0.612568,0.861821,-0.085583,-0.085583,0.905261,3820205.000000,275417099.168400,0.264189
2020-03-27,83.059998,83.089996,79.739998,82.570000,3329600,0.000000,0.000000,83.059998,83.089996,79.739998,82.570000,80.296500,81.126800,76.386400,65.854025,80.743918,80.785132,-0.041213,-0.779088,0.737875,52.377868,80.296500,92.186877,68.406122,0.595603,6.409149,0.077621,-0.013029,0.036010,-0.007691,0.109215,0.323449,0.594631,0.863073,-0.097497,-0.097497,0.880437,3835940.000000,274925072.000000,0.277686
2020-03-30,83.980003,89.290001,83.199997,88.139999,4910900,0.000000,0.000000,83.980003,89.290001,83.199997,88.139999,80.305500,81.428000,76.583300,66.053325,81.881777,81.329937,0.551840,-0.512902,1.064743,58.529911,80.305500,92.220547,68.390452,0.828765,6.431353,0.072967,0.067458,0.055569,0.021203,0.184837,0.453496,0.700231,0.885107,-0.036616,-0.036616,1.007288,3955420.000000,432846721.089100,0.321677
2020-03-31,88.080002,98.379997,87.919998,92.400002,7079300,0.000000,0.000000,88.080002,98.379997,87.919998,92.400002,80.635000,81.825400,76.847300,66.261425,83.499965,82.149941,1.350024,-0.140317,1.490341,62.518066,80.635000,93.516286,67.753714,0.956670,6.719113,0.072718,0.048332,0.087059,0.050478,0.252881,0.492248,0.772152,0.897728,0.000000,0.000000,1.104304,4211125.000000,654127334.158600,0.392149
2020-04-01,90.820000,95.629997,88.750000,92.089996,4680800,0.000000,0.000000,90.820000,95.629997,88.750000,92.089996,80.762000,82.204600,77.107400,66.458125,84.821509,82.886242,1.935267,0.274800,1.660467,62.050410,80.762000,94.056818,67.467182,0.926031,6.730605,0.073087,-0.003355,0.131744,0.073185,0.242612,0.512399,0.714259,0.892308,-0.003355,-0.003355,1.097244,4345745.000000,431054853.276800,0.422273
2020-04-02,92.449997,93.949997,82.609001,84.040001,4900900,0.000000,0.000000,92.449997,93.949997,82.609001,84.040001,80.534000,82.397400,77.293700,66.610775,84.701277,82.971705,1.729571,0.565754,1.163817,51.315880,80.534000,93.412740,67.655259,0.636116,7.059919,0.084007,-0.087414,0.004542,-0.061530,0.107246,0.383147,0.552272,0.935045,-0.090476,-0.090476,0.913915,4485665.000000,411871640.900900,0.283758
2020-04-03,84.260002,85.930000,78.720001,79.000000,4043600,0.000000,0.000000,84.260002,85.930000,78.720001,79.000000,80.283000,82.490800,77.416400,66.740325,83.824157,82.677505,1.146652,0.681934,0.464718,45.955501,80.283000,93.071031,67.494969,0.449836,7.070639,0.089502,-0.059971,-0.043236,-0.108352,0.045527,0.269892,0.481065,0.956573,-0.145022,-0.145022,0.799135,4559155.000000,319444400.000000,0.228182
2020-04-06,81.629997,90.480003,80.550003,90.150002,5594100,0.000000,0.000000,81.629997,90.480003,80.550003,90.150002,80.909000,82.810200,77.645400,66.916725,84.797364,83.231023,1.566341,0.858815,0.707526,56.725285,80.909000,94.358845,67.459156,0.843536,7.385593,0.081926,0.141139,0.022805,0.072959,0.195782,0.444712,0.674406,1.062150,-0.024351,-0.024351,1.053063,4683340.000000,504308126.188200,0.323460
2020-04-07,90.910004,91.040001,86.010002,87.970001,3167900,0.000000,0.000000,90.910004,91.040001,86.010002,87.970001,81.316500,83.114200,77.855000,67.092425,85.285462,83.582059,1.703403,1.027733,0.675671,54.441011,81.316500,95.116711,67.516289,0.741065,7.217336,0.082043,-0.024182,-0.047944,0.133196,0.169192,0.352344,0.634826,1.026600,-0.047944,-0.047944,1.003416,4724795.000000,278680166.167900,0.299457
2020-04-08,88.989998,90.650002,85.839996,88.370003,2399100,0.000000,0.000000,88.989998,90.650002,85.839996,88.370003,81.985000,83.383000,78.060500,67.279225,85.760007,83.936721,1.823286,1.186843,0.636442,54.800672,81.985000,95.792196,68.177805,0.731220,7.045384,0.079726,0.004547,-0.040395,0.107116,0.158647,0.367533,0.649309,1.023977,-0.043615,-0.043615,1.012526,4709330.000000,212008474.197300,0.272385
2020-04-09,89.000000,91.379997,86.129997,90.629997,3370500,0.000000,0.000000,89.000000,91.379997,86.129997,90.629997,83.082500,83.657200,78.289300,67.483225,86.509236,84.432519,2.076717,1.364818,0.711899,56.872272,83.082500,95.890034,70.274966,0.794651,6.917143,0.076323,0.025574,0.078415,0.208400,0.195646,0.351879,0.620998,0.995825,-0.019156,-0.019156,1.063994,4660140.000000,305468404.888500,0.309718
2020-04-13,91.440002,94.959999,90.040001,93.970001,3264900,0.000000,0.000000,91.440002,94.959999,90.040001,93.970001,83.915000,83.954400,78.551200,67.705625,87.657046,85.139000,2.518046,1.595464,0.922583,59.804362,83.915000,97.297051,70.532950,0.875690,6.774489,0.072092,0.036853,0.189494,0.368229,0.255780,0.399613,0.697742,0.936624,0.000000,0.000000,1.140059,4523065.000000,306802656.264900,0.363248
2020-04-14,95.690002,99.650002,95.040001,98.430000,3830300,0.000000,0.000000,95.690002,99.650002,95.040001,98.430000,85.221000,84.352800,78.868900,67.944525,89.314424,86.123518,3.190905,1.914552,1.276353,63.384186,85.221000,98.928647,71.513354,0.981811,6.696312,0.068031,0.047462,0.091847,0.273021,0.327444,0.479483,0.781538,0.857582,0.000000,0.000000,1.241631,4363830.000000,377016429.000000,0.409199
2020-04-15,97.930000,101.500000,95.919998,100.529999,2883500,0.000000,0.000000,97.930000,101.500000,95.919998,100.529999,86.700500,84.750800,79.208500,68.198625,91.039897,87.190665,3.849232,2.301488,1.547744,64.966301,86.700500,100.305167,73.095833,1.008263,6.616575,0.065817,0.021335,0.142776,0.390264,0.380907,0.498435,0.813966,0.809796,0.000000,0.000000,1.289456,4255165.000000,289878252.116500,0.473666
2020-04-16,102.900002,105.150002,99.010002,100.680000,4618800,0.000000,0.000000,102.900002,105.150002,99.010002,100.680000,87.904000,85.124000,79.536400,68.448775,92.522990,88.189875,4.333115,2.707813,1.625301,65.082358,87.904000,101.999935,73.808065,0.953180,6.582534,0.065381,0.001492,0.139301,0.419227,0.378612,0.502911,0.823583,0.801407,0.000000,0.000000,1.292872,4265080.000000,465020784.000000,0.457061
2020-04-17,99.430000,102.068001,96.790001,100.349998,2906300,0.000000,0.000000,99.430000,102.068001,96.790001,100.349998,89.127500,85.516200,79.840500,68.693825,93.727145,89.090625,4.636520,3.093555,1.542965,64.575528,89.127500,103.076205,75.178795,0.902277,6.489353,0.064667,-0.003278,0.107249,0.309881,0.373153,0.496421,0.886988,0.771680,-0.003278,-0.003278,1.285356,4126720.000000,291647199.187400,0.448709
2020-04-20,101.370003,103.449997,100.599998,101.800003,2576900,0.000000,0.000000,101.370003,103.449997,100.599998,101.800003,90.232500,85.923400,80.147300,68.944575,94.969123,90.032060,4.937063,3.462256,1.474806,65.834525,90.232500,104.533654,75.931347,0.904425,6.247256,0.061368,0.014449,0.083324,0.341592,0.403557,0.525779,0.928396,0.766908,0.000000,0.000000,1.318379,3951505.000000,262328427.730700,0.491768
2020-04-21,102.250000,103.063004,96.550003,99.330002,2885500,0.000000,0.000000,102.250000,103.063004,96.550003,99.330002,91.024001,86.246800,80.425600,69.180425,95.640027,90.720797,4.919231,3.753651,1.165580,61.804970,91.024001,105.507332,76.540669,0.786743,6.266238,0.063085,-0.024263,0.009144,0.246299,0.358266,0.539523,0.835027,0.767357,-0.024263,-0.024263,1.262127,3860175.000000,286616720.771000,0.476461
2020-04-22,100.709999,102.480003,98.250000,101.790001,2745600,0.000000,0.000000,100.709999,102.480003,98.250000,101.790001,91.863501,86.590400,80.720400,69.431125,96.586177,91.540738,5.045440,4.012009,1.033431,64.157952,91.863501,106.815464,76.911537,0.831946,6.120793,0.060132,0.024766,0.012534,0.219042,0.368145,0.541572,0.842686,0.757840,-0.000098,-0.000098,1.318151,3759035.000000,279474626.745600,0.462818
2020-04-23,101.830002,104.300003,100.500000,102.190002,2624400,0.000000,0.000000,101.830002,104.300003,100.500000,102.190002,92.904501,86.927600,81.025700,69.682075,97.448304,92.329572,5.118732,4.233353,0.885379,64.540473,92.904501,107.678341,78.130660,0.814255,5.955022,0.058274,0.003930,0.014998,0.202235,0.374815,0.616930,0.830050,0.757667,0.000000,0.000000,1.327260,3755250.000000,268187441.248800,0.471357
2020-04-24,103.250000,105.440002,100.114998,105.070000,2932900,0.000000,0.000000,103.250000,105.440002,100.114998,105.070000,93.975000,87.282400,81.364300,69.950675,98.620873,93.273307,5.347565,4.456196,0.891369,67.250555,93.975000,109.028481,78.921520,0.868519,5.910021,0.056248,0.028183,0.047035,0.291262,0.416420,0.672290,0.843010,0.735146,0.000000,0.000000,1.392849,3737290.000000,308159803.000000,0.489463
2020-04-27,106.709999,109.449997,106.199997,108.250000,2462600,0.000000,0.000000,106.709999,109.449997,106.199997,108.250000,95.259000,87.686800,81.747600,70.222925,100.102277,94.382692,5.719585,4.708874,1.010711,69.978880,95.259000,110.594635,79.923366,0.923556,5.800733,0.053586,0.030266,0.063359,0.293928,0.487564,0.667694,0.890500,0.735724,0.000000,0.000000,1.465270,3693940.000000,266576450.000000,0.532332
2020-04-28,109.519997,111.360001,103.300003,103.940002,2910500,0.000000,0.000000,109.519997,111.360001,103.300003,103.940002,96.049001,87.977400,82.080200,70.476625,100.692696,95.090641,5.602055,4.887510,0.714545,62.392118,96.049001,111.468132,80.629869,0.755883,5.962109,0.057361,-0.039815,0.046411,0.258811,0.387161,0.589297,0.802636,0.753462,-0.039815,-0.039815,1.367115,3593920.000000,302517375.821000,0.458572
2020-04-29,103.419998,105.419998,100.709999,103.400002,3220700,0.000000,0.000000,103.419998,105.419998,100.709999,103.400002,96.599001,88.230200,82.414200,70.723375,101.109205,95.706149,5.403056,4.990619,0.412436,61.492593,96.599001,112.253041,80.944960,0.717228,5.872673,0.056796,-0.005195,0.015817,0.173134,0.344254,0.557933,0.824599,0.727765,-0.044804,-0.044804,1.354817,3400990.000000,333020386.441400,0.383116
2020-04-30,103.589996,107.849998,103.293999,104.750000,2308300,0.000000,0.000000,103.589996,107.849998,103.293999,104.750000,97.232001,88.495400,82.766700,70.979025,101.669327,96.376064,5.293263,5.051148,0.242115,62.931437,97.232001,113.140135,81.323866,0.736294,5.778625,0.055166,0.013056,0.025051,0.133658,0.324106,0.577798,0.876568,0.713629,-0.032333,-0.032333,1.385561,3282365.000000,241794425.000000,0.368130
2020-05-01,103.190002,105.478996,101.879997,103.519997,1431200,0.000000,0.000000,103.190002,105.478996,101.879997,103.519997,98.206001,88.759600,83.046200,71.232775,101.954046,96.905244,5.048801,5.050679,-0.001877,60.705785,98.206001,113.064017,83.347984,0.678826,5.622937,0.054317,-0.011742,-0.014752,0.124118,0.318558,0.550397,0.885954,0.715740,-0.043695,-0.043695,1.357549,3108880.000000,148157819.706400,0.378223
2020-05-04,103.430000,108.959999,103.160004,107.080002,2089200,0.000000,0.000000,103.430000,108.959999,103.160004,107.080002,99.610001,89.126600,83.362400,71.502925,102.742654,97.658930,5.083724,5.057288,0.026437,64.607293,99.610001,111.913754,87.306247,0.803566,5.635584,0.052630,0.034390,-0.010808,0.274155,0.328042,0.617767,0.896564,0.633996,-0.010808,-0.010808,1.438625,3011160.000000,223711540.178400,0.388720
2020-05-05,109.000000,111.760002,107.360001,109.349998,2006100,0.000000,0.000000,109.000000,111.760002,107.360001,109.349998,100.570000,89.586200,83.728000,71.787575,103.759169,98.524935,5.234234,5.092677,0.141557,66.866375,100.570000,112.761543,88.378458,0.860086,5.567328,0.050913,0.021199,0.052049,0.384177,0.333211,0.635018,0.956522,0.577162,0.000000,0.000000,1.490321,2831760.000000,219367030.987800,0.402799
2020-05-06,110.879997,116.000000,110.879997,115.489998,2984200,0.000000,0.000000,110.879997,116.000000,110.879997,115.489998,101.946000,90.234800,84.158300,72.103175,105.563912,99.781606,5.782305,5.230603,0.551703,72.061028,101.946000,114.359821,89.532180,1.045521,5.644662,0.048876,0.056150,0.116925,0.281087,0.430394,0.687217,1.169641,0.390134,0.000000,0.000000,1.630153,2822575.000000,344645252.031600,0.499204
2020-05-07,117.379997,119.538002,115.110001,117.699997,3750900,0.000000,0.000000,117.379997,119.538002,115.110001,117.699997,103.412500,90.917200,84.615600,72.426975,107.431002,101.108895,6.322107,5.448903,0.873204,73.661635,103.412500,116.002030,90.822970,1.067436,5.557758,0.047220,0.019136,0.123628,0.337956,0.445236,0.783333,1.196305,0.367505,0.000000,0.000000,1.680483,2890165.000000,441480918.747300,0.507133
2020-05-08,118.480003,120.900002,115.660004,116.559998,3157300,0.000000,0.000000,118.480003,120.900002,115.660004,116.559998,104.709000,91.584200,85.044000,72.738025,108.835463,102.253421,6.582042,5.675531,0.906511,71.389644,104.709000,117.094929,92.323071,0.978406,5.535061,0.047487,-0.009686,0.125966,0.319000,0.401635,0.763922,1.178692,0.375444,-0.009686,-0.009686,1.654521,2879505.000000,368014881.685400,0.443565
2020-05-11,117.680000,121.839996,117.500000,120.650002,4240800,0.000000,0.000000,117.680000,121.839996,117.500000,120.650002,106.043000,92.271000,85.514100,73.078925,110.653084,103.616130,7.036954,5.947816,1.089138,74.436109,106.043000,119.276941,92.809059,1.051876,5.516842,0.045726,0.035089,0.126728,0.331237,0.425954,0.844519,1.274270,0.380698,0.000000,0.000000,1.747666,2928300.000000,511652528.481600,0.471242
2020-05-12,122.000000,123.790001,118.120003,120.260002,2618800,0.000000,0.000000,122.000000,123.790001,118.120003,120.260002,107.134500,92.917000,85.980400,73.406825,112.131071,104.849010,7.282062,6.214665,1.067397,73.630992,107.134500,121.293296,92.975704,0.963511,5.527782,0.045965,-0.003232,0.099771,0.279770,0.409352,0.802188,1.385165,0.375656,-0.003232,-0.003232,1.738784,2867725.000000,314936893.237600,0.475375
2020-05-13,121.110001,124.279999,115.570000,119.070000,3581100,0.000000,0.000000,121.110001,124.279999,115.570000,119.070000,108.061500,93.582200,86.435600,73.732675,113.198599,105.902417,7.296182,6.430968,0.865214,71.103812,108.061500,122.814839,93.308162,0.873085,5.755083,0.048334,-0.009895,0.030998,0.209692,0.363449,0.770558,1.266273,0.359799,-0.013096,-0.013096,1.711683,2902605.000000,426401577.000000,0.452159
2020-05-14,118.300003,123.489998,117.110001,122.010002,3045300,0.000000,0.000000,118.300003,123.489998,117.110001,122.010002,109.128000,94.231400,86.921900,74.071975,114.554199,107.095571,7.458628,6.636500,0.822128,73.521772,109.128000,124.695953,93.560048,0.913735,5.799720,0.047535,0.024691,0.036619,0.213668,0.386005,0.820773,1.273337,0.361392,0.000000,0.000000,1.778638,2823930.000000,371557059.090600,0.465108
2020-05-15,121.750000,126.279999,121.470001,125.879997,2596200,0.000000,0.000000,121.750000,126.279999,121.470001,125.879997,110.404500,94.977000,87.438900,74.442775,116.296630,108.487010,7.809620,6.871124,0.938496,76.329548,110.404500,127.088577,93.720424,0.963780,5.729025,0.045512,0.031719,0.079959,0.250298,0.407896,0.856090,1.299598,0.368051,0.000000,0.000000,1.866773,2808425.000000,326809648.211400,0.481538
2020-05-18,126.779999,128.460007,121.610001,122.919998,3899800,0.000000,0.000000,126.779999,128.460007,121.610001,122.919998,111.460500,95.755000,87.934600,74.807725,117.315610,109.556120,7.759489,7.048797,0.710692,70.198077,111.460500,128.520765,94.400235,0.835853,5.809095,0.047259,-0.023514,0.018815,0.224913,0.354341,0.814317,1.293711,0.384227,-0.023514,-0.023514,1.799362,2874570.000000,479363408.200400,0.405499
2020-05-19,124.139999,130.360001,123.389999,127.220001,2963700,0.000000,0.000000,124.139999,130.360001,123.389999,127.220001,112.855000,96.746800,88.469800,75.199825,118.839362,110.864556,7.974806,7.233999,0.740807,73.525185,112.855000,130.295548,95.414452,0.911828,5.925589,0.046577,0.034982,0.057875,0.249705,0.390535,0.876955,1.392703,0.393700,0.000000,0.000000,1.897290,2878480.000000,377041916.963700,0.454920
2020-05-20,130.000000,134.740005,127.330002,128.770004,4327900,0.000000,0.000000,130.000000,134.740005,127.330002,128.770004,114.204000,97.725800,89.013100,75.620175,120.367153,112.190885,8.176268,7.422453,0.753815,74.624896,114.204000,132.205623,96.202377,0.904575,6.039475,0.046901,0.012184,0.081465,0.296386,0.425867,0.931743,1.351534,0.372272,0.000000,0.000000,1.932589,2957595.000000,557303700.311600,0.464344
2020-05-21,132.000000,136.289993,131.080002,132.850006,4879000,0.000000,0.000000,132.000000,136.289993,131.080002,132.850006,115.737000,98.882800,89.597700,76.061475,122.287592,113.721191,8.566401,7.651243,0.915159,77.298037,115.737000,134.630681,96.843319,0.952876,6.145226,0.046257,0.031684,0.088845,0.305138,0.497239,0.995644,1.425155,0.375852,0.000000,0.000000,2.025507,3070325.000000,648175179.274000,0.527700
2020-05-22,136.169998,136.179993,131.639999,133.000000,2937600,0.000000,0.000000,136.169998,136.179993,131.639999,133.000000,117.133500,100.169200,90.190200,76.501275,123.935655,115.149251,8.786404,7.878275,0.908129,77.392327,117.133500,136.819643,97.447357,0.902986,6.030567,0.045343,0.001129,0.056562,0.301497,0.539886,0.959051,1.499530,0.376830,0.000000,0.000000,2.028923,3070560.000000,390700800.000000,0.528683
2020-05-26,136.009995,136.039993,126.500000,128.949997,4884900,0.000000,0.000000,136.009995,136.039993,126.500000,128.949997,118.168500,101.201800,90.738600,76.914225,124.707092,116.171528,8.535564,8.009733,0.525831,69.052618,118.168500,138.063613,98.273388,0.770958,6.281240,0.048711,-0.030451,0.049056,0.227277,0.552492,0.843723,1.383549,0.400832,-0.030451,-0.030451,1.936689,3191675.000000,629907840.345300,0.510709
2020-05-27,126.650002,127.459999,118.209999,126.540001,4472700,0.000000,0.000000,126.650002,127.459999,118.209999,126.540001,119.298500,102.286400,91.245000,77.320275,124.989078,116.939563,8.049515,8.017689,0.031826,64.592170,119.298500,138.339826,100.257174,0.690152,6.599723,0.052155,-0.018689,-0.005345,0.168961,0.513999,0.779246,1.323114,0.405648,-0.048571,-0.048571,1.881804,3269785.000000,565975462.472700,0.465943
2020-05-28,126.750000,132.130005,126.540001,127.800003,4278100,0.000000,0.000000,126.750000,132.130005,126.540001,127.800003,120.518500,103.423600,91.767400,77.738225,125.421528,117.744040,7.677488,7.949649,-0.272161,65.834745,120.518500,138.359687,102.677313,0.704064,6.527600,0.051077,0.009957,-0.007533,0.229556,0.535873,0.787413,1.350129,0.366868,-0.039098,-0.039098,1.910499,3322655.000000,546741192.834300,0.442193
2020-05-29,130.029999,141.429993,129.899994,139.740005,8918700,0.000000,0.000000,130.029999,141.429993,129.899994,139.740005,122.268000,104.686200,92.410900,78.208825,127.624371,119.373371,8.251000,8.009919,0.241081,74.843906,122.268000,140.457462,104.078539,0.980278,7.034914,0.050343,0.093427,0.051863,0.351451,0.619048,0.932513,1.518746,0.461729,0.000000,0.000000,2.182419,3653175.000000,1246299182.593500,0.511372
2020-06-01,142.350006,150.580002,140.449005,147.220001,6854300,0.000000,0.000000,142.350006,150.580002,140.449005,147.220001,124.453001,106.113000,93.130700,78.725375,130.639083,121.436084,9.202999,8.248535,0.954464,78.643309,124.453001,143.631929,105.274072,1.093542,7.306705,0.049631,0.053528,0.106917,0.405442,0.673715,1.054424,1.626115,0.480659,0.000000,0.000000,2.352767,3924330.000000,1009090052.854300,0.606706
2020-06-02,151.970001,152.000000,141.029999,147.679993,7561700,0.000000,0.000000,151.970001,152.000000,141.029999,147.679993,126.483000,107.472600,93.844800,79.243125,133.260761,123.380077,9.880684,8.574965,1.305719,78.854812,126.483000,146.495905,106.470095,1.029583,7.568369,0.051248,0.003125,0.145250,0.426584,0.721011,1.073866,1.920308,0.472235,0.000000,0.000000,2.363243,4197955.000000,1116711803.068100,0.614577
2020-06-03,146.860001,150.570007,145.220001,147.449997,4485000,0.000000,0.000000,146.860001,150.570007,145.220001,147.449997,128.388000,108.751600,94.561300,79.756325,135.443721,125.163034,10.280686,8.916109,1.364577,78.436543,128.388000,148.783807,107.992193,0.967302,7.409915,0.050254,-0.001557,0.165244,0.377008,0.646566,1.108839,1.785229,0.472427,-0.001557,-0.001557,2.358005,4321900.000000,661313236.545000,0.572845
2020-06-04,147.750000,148.639999,138.539993,140.059998,8408800,0.000000,0.000000,147.750000,148.639999,138.539993,140.059998,129.616500,109.852800,95.213600,80.233925,136.153917,126.266513,9.887404,9.110368,0.777036,66.272679,129.616500,149.698649,109.534352,0.760019,7.602064,0.054277,-0.050119,0.095931,0.280841,0.580813,0.981607,1.626782,0.523878,-0.051598,-0.051598,2.189706,4593130.000000,1177736511.182400,0.480428
2020-06-05,139.820007,144.949997,131.259995,139.639999,8238800,0.000000,0.000000,139.820007,144.949997,131.259995,139.639999,130.713500,111.018200,95.868500,80.708975,136.690238,127.257142,9.433096,9.174914,0.258182,65.649557,130.713500,150.448799,110.978201,0.726156,8.036917,0.057555,-0.002999,-0.000716,0.209109,0.661985,0.994857,1.550968,0.501165,-0.054442,-0.054442,2.180141,4817525.000000,1150466023.761200,0.517569
2020-06-08,136.990005,147.070007,135.419998,146.539993,4928400,0.000000,0.000000,136.990005,147.070007,135.419998,146.539993,132.212500,112.275800,96.605900,81.216575,138.205585,128.685501,9.520083,9.243948,0.276136,70.548781,132.212500,151.975601,112.449399,0.862481,8.294995,0.056606,0.049413,-0.004619,0.245030,0.887672,1.108489,2.042774,0.519117,-0.007719,-0.007719,2.337281,4906080.000000,722207701.501200,0.639383
2020-06-09,145.410004,146.050003,140.339996,141.919998,4231200,0.000000,0.000000,145.410004,146.050003,140.339996,141.919998,133.276000,113.462800,97.294800,81.702550,138.777033,129.665834,9.111199,9.217398,-0.106199,63.969954,133.276000,152.705653,113.846346,0.722443,8.145352,0.057394,-0.031527,-0.039003,0.217570,0.778000,0.877994,1.937694,0.535338,-0.039003,-0.039003,2.232066,4905600.000000,600491895.537600,0.585113
2020-06-10,144.500000,149.940002,143.660004,148.050003,4206300,0.000000,0.000000,144.500000,149.940002,143.660004,148.050003,134.665500,114.661000,98.044500,82.222900,140.203644,131.027625,9.176019,9.209122,-0.033103,68.206409,134.665500,154.150555,115.180444,0.843456,8.136399,0.054957,0.043193,0.004069,0.227103,0.974000,0.961967,2.090814,0.540841,0.000000,0.000000,2.371669,4984975.000000,622742727.618900,0.713904
2020-06-11,145.000000,154.000000,144.289993,148.899994,5593900,0.000000,0.000000,145.000000,154.000000,144.289993,148.899994,136.157000,115.791000,98.808200,82.741250,141.541544,132.351504,9.190040,9.205306,-0.015266,68.755009,136.157000,155.176822,117.137177,0.834992,8.248799,0.055398,0.005741,0.063116,0.238151,1.168026,1.045611,2.096922,0.538894,0.000000,0.000000,2.391027,5085615.000000,832931676.436600,0.849920
2020-06-12,152.059998,155.139999,146.279999,150.600006,3986800,0.000000,0.000000,152.059998,155.139999,146.279999,150.600006,137.586500,116.961200,99.582900,83.270450,142.935153,133.703245,9.231909,9.210626,0.021282,69.874631,137.586500,156.426119,118.746881,0.845376,8.292457,0.055063,0.011417,0.078488,0.264802,0.947750,1.078388,2.119304,0.533632,0.000000,0.000000,2.429743,5132690.000000,600412103.920800,0.730105
2020-06-15,154.880005,163.699997,152.863007,162.690002,8193800,0.000000,0.000000,154.880005,163.699997,152.863007,162.690002,139.427000,118.534200,100.465800,83.856700,145.974361,135.850412,10.123949,9.393291,0.730658,76.361907,139.427000,160.509885,118.344115,1.051703,8.635852,0.053082,0.080279,0.110209,0.333415,1.249896,1.260525,2.203821,0.583037,0.000000,0.000000,2.705079,5412570.000000,1333049338.387600,0.841265
2020-06-16,164.940002,165.080002,158.184006,163.050003,5554100,0.000000,0.000000,164.940002,165.080002,158.184006,163.050003,141.433500,120.215200,101.353000,84.439850,148.601383,137.865196,10.736186,9.661870,1.074316,76.524019,141.433500,163.516418,119.350582,0.989439,8.511576,0.052202,0.002213,0.148887,0.295281,1.298421,1.211747,2.090995,0.580965,0.000000,0.000000,2.713277,5495285.000000,905596021.662300,0.949250
2020-06-17,164.270004,167.867996,160.929993,161.710007,6212900,0.000000,0.000000,164.270004,167.867996,160.929993,161.710007,143.158001,121.646400,102.228300,85.014950,150.618094,139.631479,10.986615,9.926819,1.059796,74.476595,143.158001,165.943026,120.372975,0.907110,8.399178,0.051940,-0.008218,0.092266,0.315571,1.110821,1.195953,2.022052,0.571179,-0.008218,-0.008218,2.682760,5657745.000000,1004688102.490300,0.692973
2020-06-18,161.710007,163.600006,160.410004,162.300003,5971900,0.000000,0.000000,161.710007,163.600006,160.410004,162.300003,144.834500,123.133000,103.123600,85.593400,152.415311,141.310629,11.104682,10.162392,0.942291,74.796340,144.834500,168.091356,121.577645,0.875491,8.027094,0.049458,0.003648,0.089993,0.275743,1.138904,1.204265,2.057073,0.566798,-0.004600,-0.004600,2.696197,5739945.000000,969239387.915700,0.748380
2020-06-19,163.070007,165.000000,160.000000,161.419998,14150300,0.000000,0.000000,163.070007,165.000000,160.000000,161.419998,146.263000,124.594000,103.988500,86.166250,153.800647,142.800212,11.000436,10.330000,0.670435,73.320926,146.263000,169.926540,122.599460,0.820261,7.810873,0.048389,-0.005422,0.071846,0.253553,1.025345,1.194697,1.941863,0.570098,-0.009997,-0.009997,2.676156,6203510.000000,2284141397.699400,0.579587
2020-06-22,164.330002,169.850006,163.490005,168.300003,5687700,0.000000,0.000000,164.330002,169.850006,163.490005,168.300003,148.028000,126.147400,104.902300,86.776500,156.031317,144.689085,11.342232,10.532447,0.809786,77.120752,148.028000,172.767666,123.288334,0.909706,7.855097,0.046673,0.042622,0.034483,0.266842,1.015569,1.293541,2.185690,0.576223,0.000000,0.000000,2.832840,6341015.000000,957239927.063100,0.549753
2020-06-23,170.339996,171.199997,165.389999,166.800003,6113700,0.000000,0.000000,170.339996,171.199997,165.389999,166.800003,149.920501,127.604000,105.779200,87.329150,157.688038,146.326931,11.361108,10.698179,0.662929,74.625205,149.920501,174.303537,125.537464,0.846132,7.709019,0.046217,-0.008913,0.022999,0.254135,0.962353,1.248585,2.269947,0.579637,-0.008913,-0.008913,2.798679,6402455.000000,1019765178.341100,0.596545
2020-06-24,167.410004,172.210007,163.729996,163.910004,5546100,0.000000,0.000000,167.410004,172.210007,163.729996,163.910004,151.789001,128.913600,106.633200,87.855850,158.645264,147.629381,11.015883,10.761720,0.254163,69.930056,151.789001,174.282330,129.295671,0.769436,7.764090,0.047368,-0.017326,0.013605,0.271113,1.014379,1.234629,2.289384,0.569371,-0.026084,-0.026084,2.732863,6456125.000000,909061273.184400,0.672455
2020-06-25,165.000000,169.800003,161.630005,168.399994,3364900,0.000000,0.000000,165.000000,169.800003,161.630005,168.399994,153.819000,130.271000,107.510900,88.398300,160.145991,149.167945,10.978047,10.804985,0.173062,72.793979,153.819000,174.447530,133.190471,0.853418,7.793083,0.046277,0.027393,0.037585,0.330804,1.012909,1.284939,2.402707,0.560293,0.000000,0.000000,2.835117,6410465.000000,566649139.810600,0.728273
2020-06-26,168.770004,180.451004,164.220001,177.580002,8570600,0.000000,0.000000,168.770004,180.451004,164.220001,177.580002,155.711000,131.809000,108.466500,88.969700,162.828147,151.272541,11.555606,10.955109,0.600496,77.510222,155.711000,177.792528,133.629472,0.995188,8.395792,0.047279,0.054513,0.100112,0.389515,1.150660,1.385545,2.506022,0.576973,0.000000,0.000000,3.044181,6393060.000000,1521967165.141200,0.850110
2020-06-29,176.240005,177.000000,166.613007,171.669998,5126900,0.000000,0.000000,176.240005,177.000000,166.613007,171.669998,156.933500,133.235400,109.375800,89.513400,164.188432,152.783464,11.404968,11.045081,0.359887,69.193950,156.933500,179.731345,134.135655,0.823199,8.579449,0.049976,-0.033281,0.020024,0.228496,0.947697,1.307703,2.453430,0.528782,-0.033281,-0.033281,2.909588,6306690.000000,880134912.746200,0.677571
2020-06-30,172.358002,174.479996,169.770004,172.210007,3462400,0.000000,0.000000,172.358002,174.479996,169.770004,172.210007,158.160001,134.643600,110.283500,90.062000,165.422520,154.222467,11.200053,11.076075,0.123978,69.515792,158.160001,181.494779,134.825222,0.801053,8.303059,0.048215,0.003146,0.032434,0.169746,0.863745,1.335051,2.400000,0.505246,-0.030240,-0.030240,2.921886,6101725.000000,596259928.236800,0.557428
2020-07-01,171.250000,180.380005,170.800003,178.960007,3770500,0.000000,0.000000,171.250000,180.380005,170.800003,178.960007,159.735501,136.236201,111.241500,90.647400,167.505211,156.054878,11.450333,11.150927,0.299406,73.274357,159.735501,184.250689,135.220313,0.892094,8.394269,0.046906,0.039196,0.091819,0.211809,0.943316,1.414789,2.485781,0.516221,0.000000,0.000000,3.075609,6066000.000000,674768706.393500,0.563720
2020-07-02,181.000000,199.490005,178.514999,190.990005,13225100,0.000000,0.000000,181.000000,199.490005,178.514999,190.990005,162.282001,138.020201,112.305300,91.292850,171.118256,158.642665,12.475591,11.415860,1.059731,78.388555,162.282001,188.698698,135.865305,1.043369,9.292893,0.048656,0.067222,0.134145,0.295287,1.272608,1.516337,2.697773,0.551147,0.000000,0.000000,3.349579,6306815.000000,2525861915.125500,0.909284
2020-07-06,196.449997,199.449997,190.000000,190.660004,6495700,0.000000,0.000000,196.449997,199.449997,190.000000,190.660004,164.833002,139.789601,113.358600,91.929650,174.124679,161.014320,13.110359,11.754760,1.355599,77.947910,164.833002,191.889464,137.776540,0.977280,9.304115,0.048800,-0.001728,0.073657,0.361274,1.413418,1.523293,2.655291,0.504916,-0.001728,-0.001728,3.342063,6219660.000000,1238470187.982800,0.998317
2020-07-07,191.389999,202.649994,189.585007,197.750000,6189500,0.000000,0.000000,191.389999,202.649994,189.585007,197.750000,167.393502,141.643201,114.462800,92.601600,177.759343,163.735481,14.023862,12.208580,1.815282,80.485950,167.393502,196.755199,138.031805,1.016940,9.572749,0.048408,0.037187,0.151919,0.416142,1.193566,1.623027,2.828654,0.505789,0.000000,0.000000,3.503530,6282715.000000,1223973625.000000,0.886404
2020-07-08,200.970001,206.550003,200.279999,206.350006,6248700,0.000000,0.000000,200.970001,206.550003,200.279999,206.350006,170.615002,143.605201,115.646000,93.309350,182.157907,166.892113,15.265794,12.820023,2.445771,83.036335,170.615002,202.258302,138.971703,1.064654,9.517553,0.046123,0.043489,0.198246,0.408148,1.345686,1.742557,2.968269,0.501430,0.000000,0.000000,3.699385,6383590.000000,1289419282.492200,1.015376
2020-07-09,211.500000,217.000000,206.589996,212.419998,10243100,0.000000,0.000000,211.500000,217.000000,206.589996,212.419998,173.833502,145.774801,116.876100,94.048850,186.813613,170.264549,16.549065,13.565831,2.983233,84.569254,173.833502,208.739304,138.927701,1.052723,9.598441,0.045186,0.029416,0.186969,0.496759,1.403757,1.785106,3.136709,0.470778,0.000000,0.000000,3.837622,6685430.000000,2175839281.513800,1.100101
2020-07-10,212.529999,213.399994,204.149994,210.110001,4808000,0.000000,0.000000,212.529999,213.399994,204.149994,210.110001,176.894003,147.909001,118.069600,94.790800,190.397673,173.216064,17.181609,14.288987,2.892622,81.549116,176.894003,213.296554,140.491451,0.956232,9.573553,0.045564,-0.010875,0.100110,0.419183,1.318327,1.771900,2.905390,0.474170,-0.010875,-0.010875,3.785015,6646135.000000,1010208884.808000,1.016146
2020-07-13,211.509995,211.839005,185.139999,190.020004,9412900,0.000000,0.000000,211.509995,211.839005,185.139999,190.020004,178.865002,149.614401,119.054900,95.427850,190.339570,174.460800,15.878770,14.606944,1.271827,61.109377,178.865002,213.498917,144.231088,0.661042,10.796799,0.056819,-0.095617,-0.003357,0.276159,1.022135,1.539356,2.571805,0.614369,-0.105451,-0.105451,3.327488,6917440.000000,1788639295.651600,0.753787
2020-07-14,191.000000,196.940002,181.500000,196.429993,7466200,0.000000,0.000000,191.000000,196.940002,181.500000,196.429993,180.552002,151.472601,120.116100,96.098050,191.276558,176.088148,15.188411,14.723237,0.465174,64.193162,180.552002,215.155446,145.948558,0.729428,11.128457,0.056654,0.033733,-0.006675,0.304316,0.995631,1.649090,2.634228,0.618768,-0.075275,-0.075275,3.473468,6881060.000000,1466585613.736600,0.763962
2020-07-15,193.929993,195.199997,188.339996,192.830002,5429600,0.000000,0.000000,193.929993,195.199997,188.339996,192.830002,182.041002,153.187601,121.157100,96.759000,191.515550,177.328285,14.187265,14.616042,-0.428778,61.255427,182.041002,216.030874,148.051130,0.658709,10.911424,0.056586,-0.018327,-0.065520,0.185260,0.918134,1.648764,2.596233,0.577510,-0.092223,-0.092223,3.391483,6874835.000000,1046989778.859200,0.661103
2020-07-16,190.000000,193.500000,186.201996,191.720001,3771200,0.000000,0.000000,190.000000,193.500000,186.201996,191.720001,183.541502,154.835001,122.210600,97.408000,191.547004,178.394338,13.152666,14.323367,-1.170701,60.338521,183.541502,216.382531,150.700472,0.624516,10.653322,0.055567,-0.005756,-0.097448,0.175836,0.904251,1.625223,2.633125,0.579306,-0.097448,-0.097448,3.366204,6752750.000000,723014467.771200,0.676709
2020-07-17,191.100006,196.839996,188.660004,196.410004,3102400,0.000000,0.000000,191.100006,196.839996,188.660004,196.410004,185.247002,156.453401,123.344100,98.085600,192.295157,179.728832,12.566326,13.971959,-1.405633,62.867630,185.247002,216.967011,153.526992,0.675962,10.476656,0.053341,0.024463,-0.065204,0.214582,0.957250,1.687603,2.702356,0.578565,-0.075370,-0.075370,3.473013,6609275.000000,609342396.409600,0.743028
2020-07-20,197.899994,202.910004,196.580002,201.990005,4309000,0.000000,0.000000,197.899994,202.910004,196.580002,201.990005,187.275502,158.139201,124.528200,98.791750,193.786672,181.377808,12.408865,13.659340,-1.250475,65.672345,187.275502,217.743988,156.807016,0.741471,10.192609,0.050461,0.028410,0.062993,0.244547,0.984185,1.784917,2.853301,0.581522,-0.049101,-0.049101,3.600091,6117210.000000,870374931.545000,0.726454
2020-07-21,203.820007,204.869995,198.292007,201.029999,3952700,0.000000,0.000000,203.820007,204.869995,198.292007,201.029999,188.912002,159.828601,125.706400,99.485850,194.901030,182.833525,12.067505,13.340973,-1.273468,64.765972,188.912002,218.594940,159.229063,0.704124,9.934422,0.049418,-0.004753,0.023418,0.245385,1.023860,1.748940,2.838648,0.581287,-0.053620,-0.053620,3.578228,6030460.000000,794611277.047300,0.731343
2020-07-22,201.369995,204.500000,199.330002,203.979996,3011500,0.000000,0.000000,201.369995,204.500000,199.330002,203.979996,190.771002,161.495201,126.883100,100.193750,196.297794,184.399931,11.897864,13.052351,-1.154487,66.304918,190.771002,219.255905,162.286098,0.731860,9.594106,0.047035,0.014674,0.057823,0.212002,1.003930,1.741667,2.853041,0.570180,-0.039733,-0.039733,3.645411,5875350.000000,614285757.954000,0.743700
2020-07-23,204.000000,208.800003,196.610001,198.490005,3302400,0.000000,0.000000,204.000000,208.800003,196.610001,198.490005,192.500002,163.059801,127.988401,100.860950,196.635058,185.443640,11.191418,12.680164,-1.488747,60.967916,192.500002,218.179739,166.820264,0.616629,9.779527,0.049270,-0.026914,0.035312,0.189988,0.942362,1.670389,2.652070,0.580941,-0.065578,-0.065578,3.520383,5763165.000000,655493392.512000,0.710846
2020-07-24,193.000000,194.740005,186.770004,190.949997,3984200,0.000000,0.000000,193.000000,194.740005,186.770004,190.949997,193.627502,164.497401,129.039800,101.492600,195.760433,185.851518,9.908915,12.125915,-2.217000,54.481757,193.627502,216.699697,170.555307,0.441976,9.918132,0.051941,-0.037987,-0.027799,0.164969,0.817360,1.574144,2.639222,0.596911,-0.101073,-0.101073,3.348668,5794130.000000,760782978.047400,0.617156
2020-07-27,191.649994,197.800003,188.710007,196.270004,2341800,0.000000,0.000000,191.649994,197.800003,188.710007,196.270004,194.562002,165.982601,130.107000,102.138750,195.838828,186.623258,9.215571,11.543846,-2.328275,57.886125,194.562002,216.377226,172.746777,0.539147,9.858980,0.050232,0.027861,-0.028318,0.165499,0.813118,1.697128,2.589429,0.597105,-0.076029,-0.076029,3.469825,5482690.000000,459625095.367200,0.606236
2020-07-28,196.270004,202.110001,195.139999,196.729996,2475200,0.000000,0.000000,196.270004,202.110001,195.139999,196.729996,195.815002,167.399601,131.188300,102.786700,195.975931,187.371905,8.604026,10.955882,-2.351856,58.177388,195.815002,214.787560,176.842444,0.524114,9.652624,0.049065,0.002344,-0.021390,0.107839,0.892726,1.625517,2.649907,0.572756,-0.073863,-0.073863,3.480301,5350105.000000,486946086.099200,0.684267
2020-07-29,198.600006,210.479996,198.600006,209.149994,4529500,0.000000,0.000000,198.600006,210.479996,198.600006,209.149994,197.662001,169.124201,132.439600,103.499800,198.002710,188.985097,9.017613,10.568228,-1.550615,65.179790,197.662001,213.963105,181.360897,0.852369,9.945294,0.047551,0.063132,0.025346,0.218326,1.022727,1.719059,2.862419,0.587645,-0.015394,-0.015394,3.763152,5403460.000000,947344897.823000,0.840082
2020-07-30,206.110001,215.000000,205.000000,213.940002,4382800,0.000000,0.000000,206.110001,215.000000,205.000000,213.940002,199.411001,170.858601,133.802700,104.234050,200.454601,190.833608,9.620993,10.378781,-0.757788,67.443755,199.411001,214.740554,184.081448,0.973889,9.949201,0.046505,0.022902,0.077838,0.242320,1.042387,1.704336,3.136504,0.588679,0.000000,0.000000,3.872239,5434075.000000,937656240.765600,0.851347
2020-07-31,216.880005,217.699997,210.345993,216.830002,3082400,0.000000,0.000000,216.880005,217.699997,210.345993,216.830002,200.703001,172.619801,135.172801,104.983250,202.973894,192.759267,10.214626,10.345950,-0.131324,68.763374,200.703001,217.343790,184.062212,0.984562,9.763830,0.045030,0.013508,0.135533,0.211611,1.094571,1.761814,3.342680,0.579864,0.000000,0.000000,3.938055,4926940.000000,668356798.164800,0.845840
2020-08-03,218.720001,227.330002,218.330002,226.279999,3207100,0.000000,0.000000,218.720001,227.330002,218.330002,226.279999,202.484000,174.488401,136.685601,105.779350,206.559448,195.242284,11.317164,10.540193,0.776971,72.665050,202.484000,221.978843,182.989158,1.110315,9.816414,0.043382,0.043583,0.152902,0.184774,1.113186,1.806400,3.636885,0.555660,0.000000,0.000000,4.153268,4762510.000000,725702584.792900,0.861532
2020-08-04,225.199997,229.410004,221.240005,227.679993,2598200,0.000000,0.000000,225.199997,229.410004,221.240005,227.679993,203.980500,176.382001,138.275600,106.584150,209.808763,197.645078,12.163685,10.864891,1.298794,73.199140,203.980500,226.331147,181.629853,1.030175,9.698813,0.042598,0.006187,0.157322,0.194168,1.082122,1.775908,4.093512,0.554463,0.000000,0.000000,4.185151,4582945.000000,591558157.812600,0.840094
2020-08-05,227.679993,229.830002,225.059998,226.020004,1962800,0.000000,0.000000,227.679993,229.830002,225.059998,226.020004,204.964000,178.323401,139.762600,107.391650,212.302800,199.746924,12.555876,11.203088,1.352788,71.417320,204.964000,229.388530,180.539470,0.931042,9.346755,0.041354,-0.007291,0.080660,0.142958,0.957053,1.799356,4.068850,0.547416,-0.007291,-0.007291,4.147347,4368650.000000,443632063.851200,0.714912
2020-08-06,226.750000,228.500000,212.059998,215.679993,4525300,0.000000,0.000000,226.750000,228.500000,212.059998,215.679993,205.127000,180.106201,141.196300,108.139900,212.822368,200.927151,11.895217,11.341514,0.553703,61.392557,205.127000,229.803254,180.450746,0.713829,9.853415,0.045685,-0.045748,0.008133,0.045214,0.832455,1.648330,3.788632,0.559536,-0.052706,-0.052706,3.911865,4082760.000000,976016672.322900,0.595430
2020-08-07,215.190002,215.419998,199.169998,204.759995,5653500,0.000000,0.000000,215.190002,215.419998,199.169998,204.759995,204.859499,181.645400,142.534500,108.847700,211.582003,201.211066,10.370937,11.147399,-0.776461,52.940794,204.859499,229.424050,180.294949,0.497975,10.328885,0.050444,-0.050631,-0.055666,-0.036061,0.756692,1.462241,3.416738,0.579743,-0.100668,-0.100668,3.663175,4125035.000000,1157610631.732500,0.549522
2020-08-10,206.360001,207.597000,193.600006,198.380005,5006500,0.000000,0.000000,206.360001,207.597000,193.600006,198.380005,205.277499,182.818200,143.752200,109.525450,209.550926,201.001357,8.549569,10.627833,-2.078264,48.720655,205.277499,229.050594,181.504405,0.354931,10.590893,0.053387,-0.031158,-0.123299,-0.055828,0.644260,1.344640,3.376351,0.588248,-0.128689,-0.128689,3.517878,3904715.000000,993189495.032500,0.451054
2020-08-11,197.509995,199.839996,191.380005,191.820007,4488600,0.000000,0.000000,197.509995,199.839996,191.380005,191.820007,205.047000,183.710201,144.911600,110.160000,206.823093,200.321257,6.501835,9.802633,-3.300798,44.768974,205.047000,229.266493,180.827507,0.226935,10.438686,0.054419,-0.033068,-0.157502,0.009473,0.595044,1.247978,3.338838,0.495507,-0.157502,-0.157502,3.368481,3755835.000000,861003283.420200,0.397292
2020-08-12,192.649994,196.880005,189.119995,193.300003,4587400,0.000000,0.000000,192.649994,196.880005,189.119995,193.300003,205.070500,184.622601,146.047601,110.799500,204.742617,199.801165,4.941453,8.830397,-3.888944,45.836352,205.070500,229.240944,180.900056,0.256511,10.247352,0.053013,0.007716,-0.144766,-0.015934,0.623415,1.213443,3.237177,0.481800,-0.151001,-0.151001,3.402186,3713725.000000,886744433.762200,0.380943
2020-08-13,194.220001,203.850006,193.619995,199.380005,4048000,0.000000,0.000000,194.220001,203.850006,193.619995,199.380005,205.453500,185.661201,147.206401,111.464550,203.917600,199.769968,4.147633,7.893844,-3.746212,50.102552,205.453500,228.967041,181.939960,0.370851,10.268970,0.051505,0.031454,-0.075575,0.033968,0.634128,1.264910,3.540651,0.489170,-0.124297,-0.124297,3.533424,3727565.000000,807090260.240000,0.399463
2020-08-14,201.354996,204.460007,197.210007,199.710007,1952600,0.000000,0.000000,201.354996,204.460007,197.210007,199.710007,205.618501,186.854201,148.353501,112.131150,203.270278,199.765526,3.504752,7.016026,-3.511274,50.331225,205.618501,228.910106,182.326895,0.373163,10.053329,0.050340,0.001655,-0.024663,0.041675,0.586511,1.233643,3.525493,0.488354,-0.122848,-0.122848,3.540928,3670075.000000,389953759.668200,0.364122
2020-08-17,202.240005,209.830002,201.979996,207.699997,2590500,0.000000,0.000000,202.240005,209.830002,201.979996,207.699997,205.904000,188.215401,149.616801,112.835800,203.951773,200.353265,3.598509,6.332522,-2.734014,55.632881,205.904000,229.148269,182.659731,0.538633,10.058091,0.048426,0.040008,0.046981,0.057482,0.689717,1.288453,3.635126,0.500033,-0.087755,-0.087755,3.722601,3584150.000000,538046842.228500,0.484526
2020-08-18,213.490005,213.529999,207.688004,209.470001,2763900,0.000000,0.000000,213.490005,213.529999,207.688004,209.470001,206.326000,189.474001,150.874901,113.552200,204.800731,201.028578,3.772153,5.820448,-2.048295,56.734627,206.326000,229.504052,183.147948,0.567823,9.756941,0.046579,0.008522,0.092013,0.037032,0.646518,1.289540,3.702964,0.492050,-0.079981,-0.079981,3.762847,3524710.000000,578954135.763900,0.425971
2020-08-19,209.910004,212.169998,205.330002,208.210007,1880800,0.000000,0.000000,209.910004,212.169998,205.330002,208.210007,206.537501,190.799801,152.131301,114.258850,205.325235,201.560536,3.764699,5.409299,-1.644599,55.674746,206.537501,229.702611,183.372391,0.536100,9.548588,0.045860,-0.006015,0.077134,0.035716,0.616914,1.305503,3.665248,0.492294,-0.085515,-0.085515,3.734198,3468175.000000,391601381.165600,0.428057
2020-08-20,207.490005,215.500000,206.270004,214.479996,2359200,0.000000,0.000000,207.490005,215.500000,206.270004,214.479996,207.337000,192.128401,153.394701,114.989000,206.733660,202.517533,4.216127,5.170664,-0.954537,59.708466,207.337000,230.436297,184.237704,0.654615,9.525831,0.044414,0.030114,0.075735,0.051476,0.614452,1.417221,3.764105,0.500095,-0.057976,-0.057976,3.876762,3421015.000000,506001206.563200,0.401195
2020-08-21,214.419998,216.399994,209.169998,210.179993,2965800,0.000000,0.000000,214.419998,216.399994,209.169998,210.179993,208.298500,193.354001,154.572501,115.709900,207.263865,203.085123,4.178742,4.972280,-0.793538,55.948129,208.298500,230.089624,186.507376,0.543171,9.361843,0.044542,-0.020049,0.052426,0.058895,0.580301,1.433484,3.699385,0.495488,-0.076862,-0.076862,3.778990,3370095.000000,623351823.239400,0.367186
2020-08-24,212.570007,213.440002,201.554001,204.490005,3033000,0.000000,0.000000,212.570007,213.440002,201.554001,204.490005,208.709500,194.431801,155.696501,116.401950,206.837117,203.189188,3.647929,4.707410,-1.059480,51.340493,208.709500,229.845619,187.573382,0.400183,9.542140,0.046663,-0.027072,-0.015455,0.070909,0.585809,1.461955,3.649614,0.485398,-0.101853,-0.101853,3.568588,3404655.000000,620218185.165000,0.367452
2020-08-25,203.460007,205.500000,199.009995,205.089996,2317000,0.000000,0.000000,203.460007,205.500000,199.009995,205.089996,209.127500,195.279801,156.907001,117.100350,206.568329,203.329989,3.238341,4.413596,-1.175255,51.791346,209.127500,229.585887,188.669114,0.401324,9.324131,0.045464,0.002934,-0.020910,0.044938,0.620752,1.453817,3.534380,0.477387,-0.099218,-0.099218,3.581993,3396745.000000,475193520.732000,0.402517
2020-08-26,209.009995,218.419998,207.339996,214.410004,3575100,0.000000,0.000000,209.009995,218.419998,207.339996,214.410004,209.390501,196.307001,158.261101,117.838750,207.774741,204.150731,3.624010,4.255679,-0.631668,58.260809,209.390501,229.984891,188.796110,0.621866,9.610264,0.044822,0.045444,0.029778,0.089869,0.677700,1.576734,3.790215,0.499992,-0.058284,-0.058284,3.718530,3349025.000000,766537205.300400,0.432628
2020-08-27,214.149994,217.899994,209.154999,214.770004,2419000,0.000000,0.000000,214.149994,217.899994,209.154999,214.770004,209.432001,197.368201,159.507301,118.576350,208.850935,204.937343,3.913592,4.187261,-0.273670,58.492517,209.432001,230.068295,188.795706,0.629335,9.548459,0.044459,0.001679,0.001352,0.026871,0.536926,1.488356,3.726453,0.452362,-0.056702,-0.056702,3.643676,3250835.000000,519528639.676000,0.311899
2020-08-28,218.050003,223.824997,215.100006,215.240005,3469600,0.000000,0.000000,218.050003,223.824997,215.100006,215.240005,209.352501,198.427001,160.780001,119.317500,209.833869,205.700504,4.133366,4.176482,-0.043117,58.813977,209.352501,229.880762,188.824240,0.643400,9.513212,0.044198,0.002188,0.024075,0.006076,0.462030,1.447021,3.636795,0.445743,-0.054638,-0.054638,3.653838,3270195.000000,746796721.348000,0.237619
2020-08-31,218.669006,224.139999,215.514999,223.000000,3933300,0.000000,0.000000,218.669006,224.139999,215.514999,223.000000,209.188501,199.658601,162.126301,120.093400,211.859428,206.981948,4.877480,4.316682,0.560798,63.799017,209.188501,229.193086,189.183916,0.845208,9.469410,0.042464,0.036053,0.090518,0.028455,0.510022,1.598765,3.776183,0.460524,-0.020555,-0.020555,3.821622,3306505.000000,877125900.000000,0.284481
2020-09-01,240.679993,271.440002,237.000000,268.799988,20733100,0.000000,0.000000,240.679993,271.440002,237.000000,268.799988,211.244501,201.668601,163.908001,121.098650,220.619514,211.561062,9.058452,5.265036,3.793416,79.539614,211.244501,243.779252,178.709749,1.384523,12.253024,0.045584,0.205381,0.310644,0.187909,0.822991,2.001675,4.767002,0.834770,0.000000,0.000000,4.811892,4213250.000000,5573057031.202800,0.589925
2020-09-02,282.720001,290.230011,251.119995,265.160004,25428200,0.000000,0.000000,282.720001,290.230011,251.119995,265.160004,213.201501,203.635801,165.619901,122.085550,227.471897,215.531354,11.940543,6.600137,5.340406,76.685744,213.201501,253.306342,173.096660,1.147783,14.171381,0.053445,-0.013542,0.236696,0.164617,0.893189,1.992777,4.659766,0.838528,-0.013542,-0.013542,4.733189,5386520.000000,6742541613.712800,0.639374
2020-09-03,248.610001,251.899994,225.162003,242.009995,31591200,0.000000,0.000000,248.610001,251.899994,225.162003,242.009995,214.518001,205.197801,167.055701,122.962300,229.708527,217.492735,12.215793,7.723268,4.492524,61.558070,214.518001,256.643164,172.392837,0.826313,16.016139,0.066180,-0.087306,0.126833,0.070746,0.733099,1.880386,4.232649,0.901003,-0.099665,-0.099665,3.300871,6739815.000000,7645386154.044000,0.565583
2020-09-04,233.770004,234.940002,205.250000,216.259995,26988700,0.000000,0.000000,233.770004,234.940002,205.250000,216.259995,215.093001,206.155001,168.213001,123.710750,227.639522,217.401421,10.238102,8.226235,2.011867,49.792078,215.093001,256.970562,173.215440,0.513933,17.497843,0.080911,-0.106401,0.004739,0.002689,0.475775,1.785779,2.843256,0.965944,-0.195461,-0.195461,2.692334,7806575.000000,5836576127.056500,0.335884
2020-09-08,206.050003,214.139999,202.419998,205.630005,11695900,0.000000,0.000000,206.050003,214.139999,202.419998,205.630005,215.455501,206.716001,169.262501,124.399450,224.253443,216.529464,7.723979,8.125784,-0.401805,45.892435,215.455501,256.846611,174.064391,0.381309,17.236569,0.083823,-0.049154,-0.077892,0.004249,0.448915,1.576171,2.510842,0.964947,-0.235007,-0.235007,2.432315,8141045.000000,2405027975.479500,0.359106
2020-09-09,210.199997,216.250000,205.649994,211.789993,11243400,0.000000,0.000000,210.199997,216.250000,205.649994,211.789993,216.454000,207.518401,170.376900,125.108700,222.335989,216.178392,6.157597,7.732147,-1.574549,48.413768,216.454000,256.382023,176.525977,0.441595,16.763956,0.079154,0.029957,-0.212091,0.067597,0.430530,1.823867,2.535136,0.961804,-0.212091,-0.212091,2.492579,8478785.000000,2381239607.296200,0.318637
2020-09-10,214.300003,217.250000,203.526001,205.949997,6047400,0.000000,0.000000,214.300003,217.250000,203.526001,205.949997,217.086500,208.193200,171.418400,125.782850,219.815067,215.420733,4.394334,7.064584,-2.670250,46.215033,217.086500,255.854090,178.318910,0.356368,16.546816,0.080344,-0.027574,-0.223299,0.073663,0.383143,1.998690,2.253555,0.959265,-0.233817,-0.233817,2.396273,8551785.000000,1245462011.857800,0.232832
2020-09-11,207.843994,208.660004,193.660004,197.940002,8183200,0.000000,0.000000,207.843994,208.660004,193.660004,197.940002,217.014500,208.572800,172.404500,126.415050,216.449673,214.125864,2.323808,6.116429,-3.792620,43.309715,217.014500,255.925636,178.103364,0.254897,16.436329,0.083037,-0.038893,-0.182100,0.024004,0.314343,1.560010,2.145400,0.971145,-0.263616,-0.263616,2.264182,8758545.000000,1619782624.366400,0.182445
2020-09-14,200.460007,204.921997,196.639999,202.949997,5189100,0.000000,0.000000,200.460007,204.921997,196.639999,202.949997,217.176499,208.812000,173.416100,127.068250,214.372799,213.298022,1.074777,5.108099,-4.033321,45.612733,217.176499,255.810281,178.542717,0.315880,15.853877,0.078117,0.025311,-0.061546,0.017905,0.247464,1.806666,2.247719,0.969095,-0.244978,-0.244978,2.346801,8920370.000000,1053127829.432700,0.110653
2020-09-15,206.020004,207.000000,199.289993,202.020004,4497500,0.000000,0.000000,206.020004,207.000000,199.289993,202.020004,216.892500,209.039200,174.414400,127.720050,212.472369,212.462613,0.009756,4.088430,-4.078674,45.245291,216.892500,255.901285,177.883714,0.309370,15.272172,0.075597,-0.004582,-0.017556,0.011567,0.239006,1.847759,2.264706,0.969407,-0.248437,-0.248437,2.331465,9015720.000000,908584967.990000,0.108199
2020-09-16,200.429993,203.520004,195.009995,197.009995,5036400,0.000000,0.000000,200.429993,203.520004,195.009995,197.009995,216.269499,209.024400,175.333800,128.349050,210.093542,211.317975,-1.224432,3.025858,-4.250290,43.225144,216.269499,256.165320,176.373679,0.258628,14.789161,0.075068,-0.024800,-0.069786,-0.051468,0.218292,1.571596,2.182714,0.963570,-0.267076,-0.267076,2.248846,9129345.000000,992221138.818000,0.103269
2020-09-17,190.520004,195.235001,187.210007,193.389999,5685300,0.000000,0.000000,190.520004,195.235001,187.210007,193.389999,215.528499,208.765200,176.185200,128.966400,207.523767,209.989977,-2.466210,1.927444,-4.393654,41.773808,215.528499,256.588142,174.468856,0.230410,14.432791,0.074630,-0.018375,-0.060986,-0.076765,0.191559,1.548630,2.055134,0.964778,-0.280543,-0.280543,2.189149,9319570.000000,1099480161.314700,0.094282
2020-09-18,195.380005,195.850006,188.059998,194.860001,7504900,0.000000,0.000000,195.380005,195.850006,188.059998,194.860001,214.547499,208.414000,177.094400,129.587300,205.575495,208.869238,-3.293743,0.883207,-4.176949,42.616393,214.547499,256.637223,172.457775,0.266125,13.958307,0.071632,0.007601,-0.015560,-0.064118,0.207161,1.444919,2.075442,0.965240,-0.275074,-0.275074,2.213391,9576855.000000,1462404821.504900,0.121987
2020-09-21,190.339996,205.100006,189.253998,205.020004,6454200,0.000000,0.000000,190.339996,205.100006,189.253998,205.020004,214.289500,208.312200,178.110600,130.262400,205.490035,208.584109,-3.094075,0.087750,-3.181825,48.196183,214.289500,256.554839,172.024160,0.390342,14.093142,0.068740,0.052140,0.010200,-0.044107,0.218182,1.455329,2.163889,0.977265,-0.237277,-0.237277,2.380937,9751275.000000,1323240109.816800,0.146356
2020-09-22,207.559998,212.490005,200.750000,212.130005,5591900,0.000000,0.000000,207.559998,212.490005,200.750000,212.130005,214.671500,208.754400,179.184400,130.975550,206.511569,208.846768,-2.335200,-0.396840,-1.938360,51.733214,214.671500,256.701363,172.641636,0.469766,13.925061,0.065644,0.034680,0.050045,0.009278,0.271763,1.495647,2.287818,0.981801,-0.210826,-0.210826,2.498186,9879220.000000,1186209774.959500,0.189615
2020-09-23,210.509995,219.279999,207.335007,211.520004,7127600,0.000000,0.000000,210.509995,219.279999,207.335007,211.520004,214.993000,209.056200,180.264400,131.655300,207.282097,209.044786,-1.762689,-0.670009,-1.092679,51.408904,214.993000,256.812107,173.173893,0.458476,13.783628,0.065165,-0.002876,0.073651,0.034378,0.290464,1.599484,2.427090,0.976282,-0.213095,-0.213095,2.488127,10119750.000000,1507629980.510400,0.217419
2020-09-24,208.509995,209.550003,199.330002,203.850006,4979700,0.000000,0.000000,208.509995,209.550003,199.330002,203.850006,214.465000,209.276600,181.232101,132.297250,206.754083,208.659987,-1.905904,-0.917188,-0.988716,47.386415,214.465000,256.580705,172.349295,0.373978,13.669797,0.067058,-0.036261,0.054088,-0.006046,0.210511,1.436648,2.255870,0.985875,-0.241629,-0.241629,2.361643,10189980.000000,1015111874.878200,0.145095
2020-09-25,206.440002,213.110001,204.660004,212.360001,3449700,0.000000,0.000000,206.440002,213.110001,204.660004,212.360001,214.344500,209.689400,182.262201,132.995100,207.616532,208.934062,-1.317530,-0.997257,-0.320274,51.884808,214.344500,256.470320,172.218680,0.476446,13.354811,0.062888,0.041746,0.089808,-0.009561,0.195855,1.571878,2.403751,0.983878,-0.209970,-0.209970,2.501979,10241515.000000,732578295.449700,0.077344
2020-09-28,213.119995,216.800003,209.929993,213.240005,3944600,0.000000,0.000000,213.119995,216.800003,209.929993,213.240005,214.244500,210.026000,183.239701,133.699000,208.481682,209.253021,-0.771339,-0.952073,0.180734,52.338610,214.244500,256.370865,172.118135,0.488078,12.891611,0.060456,0.004144,0.040094,-0.007124,0.242151,1.419333,2.516491,0.983927,-0.206696,-0.206696,2.509546,10265265.000000,841146523.723000,0.116228
2020-09-29,214.160004,217.020004,211.804993,212.929993,3225600,0.000000,0.000000,214.160004,217.020004,211.804993,212.929993,213.741000,210.244800,184.192001,134.403800,209.166037,209.525389,-0.359352,-0.833529,0.474177,52.152001,213.741000,255.666986,171.815014,0.490328,12.343283,0.057969,-0.001454,0.003771,-0.010732,0.236455,1.304437,2.438792,0.983972,-0.207850,-0.207850,2.504444,10229880.000000,686826985.420800,0.134407
2020-09-30,212.000000,218.429993,210.110001,215.240005,3881700,0.000000,0.000000,212.000000,218.429993,210.110001,215.240005,211.063000,210.529000,185.178801,135.111400,210.100494,209.948694,0.151800,-0.636463,0.788263,53.482898,211.063000,244.075967,178.050034,0.563263,12.055905,0.056011,0.010849,0.017587,-0.034798,0.202727,1.337279,2.534899,0.976578,-0.199256,-0.199256,2.542462,9387310.000000,835497127.408500,0.102981
2020-10-01,218.800003,224.229996,218.250000,222.259995,4946500,0.000000,0.000000,218.800003,224.229996,218.250000,222.259995,208.918000,210.894600,186.194901,135.854500,211.971186,210.860642,1.110544,-0.287062,1.397606,57.364074,208.918000,230.844586,186.991414,0.804242,11.836911,0.053257,0.032615,0.090311,-0.173140,0.163726,1.644693,2.657999,0.646402,-0.173140,-0.173140,2.572737,8363225.000000,1099409065.267500,0.054114
2020-10-02,219.000000,227.199997,217.699997,218.270004,5194800,0.000000,0.000000,219.000000,227.199997,217.699997,218.270004,207.731000,211.290200,187.175001,136.577700,212.940235,211.409484,1.530751,0.076501,1.454250,54.576805,207.731000,223.939397,191.522604,0.825109,11.669989,0.053466,-0.017952,0.027830,-0.176837,0.144813,1.762911,2.508600,0.647042,-0.187984,-0.187984,2.497917,7043405.000000,1133869016.779200,0.083342
2020-10-05,228.050003,236.369995,223.820007,225.919998,7636200,0.000000,0.000000,228.050003,236.369995,223.820007,225.919998,208.214001,211.989600,188.243501,137.339550,214.937122,212.484337,2.452785,0.551758,1.901027,58.718414,208.214001,225.992240,190.435761,0.997968,12.129275,0.053688,0.035048,0.059463,-0.066485,0.142453,1.506045,2.620513,0.595856,-0.159524,-0.159524,2.595734,6075780.000000,1725170288.727600,0.046879
2020-10-06,227.580002,228.300003,218.550003,221.199997,4659500,0.000000,0.000000,227.580002,228.300003,218.550003,221.199997,208.992500,212.488200,189.235401,138.078650,215.900641,213.129941,2.770700,0.995546,1.775154,55.364234,208.992500,227.636819,190.348182,0.827378,11.959326,0.054066,-0.020892,0.038839,0.022843,0.071965,1.514494,2.400461,0.468056,-0.177083,-0.177083,2.520611,5723960.000000,1030681386.021500,0.008863
2020-10-07,224.520004,226.850006,221.889999,224.050003,3474700,0.000000,0.000000,224.520004,226.850006,221.889999,224.050003,209.605501,213.034600,190.217101,138.828000,217.154389,213.938835,3.215554,1.439548,1.776007,56.962849,209.605501,229.407348,189.803654,0.864726,11.508661,0.051366,0.012884,0.040931,0.089578,0.054750,1.535363,2.467193,0.431378,-0.166481,-0.166481,2.565972,5335525.000000,778506545.424100,-0.022693
2020-10-08,226.080002,226.899994,218.119995,220.389999,3980700,0.000000,0.000000,226.080002,226.899994,218.119995,220.389999,210.327501,213.259400,191.191801,139.563200,217.652175,214.416699,3.235476,1.798733,1.436743,54.274549,210.327501,230.615192,190.039810,0.747995,11.313756,0.051335,-0.016336,-0.008414,0.040606,0.048927,1.431756,2.287440,0.426662,-0.180097,-0.180097,2.507719,5232190.000000,877306469.019300,-0.026754
2020-10-09,222.899994,228.860001,221.339996,225.600006,4329400,0.000000,0.000000,222.899994,228.860001,221.339996,225.600006,211.710501,213.492600,192.175601,140.322700,218.874918,215.245092,3.629826,2.164952,1.464874,57.359510,211.710501,232.212619,191.208383,0.838733,11.110631,0.049249,0.023640,0.033582,0.095412,0.187243,1.400766,2.360143,0.418375,-0.160714,-0.160714,2.590641,5039500.000000,976712665.976400,0.072806
2020-10-12,229.500000,234.000000,228.289993,231.860001,3690000,0.000000,0.000000,229.500000,234.000000,228.289993,231.860001,213.156001,213.793200,193.206501,141.109800,220.872623,216.475826,4.396797,2.611321,1.785476,60.783125,213.156001,235.084433,191.227570,0.926478,10.917014,0.047085,0.027748,0.026293,0.171365,0.180370,1.355583,2.485044,0.393902,-0.137426,-0.137426,2.690275,4964545.000000,855563403.690000,0.048066
2020-10-13,233.970001,240.000000,233.449997,238.210007,3373300,0.000000,0.000000,233.970001,240.000000,233.449997,238.210007,214.965501,214.031801,194.260101,141.928900,223.539913,218.085765,5.454148,3.179886,2.274261,63.945458,214.965501,238.905221,191.025781,0.985480,10.718656,0.044997,0.027387,0.076899,0.173737,0.235337,1.369542,2.550604,0.395126,-0.113802,-0.113802,2.791342,4908335.000000,803553816.613100,0.110849
2020-10-14,244.990005,246.800003,233.000000,237.100006,5122200,0.000000,0.000000,244.990005,246.800003,233.000000,237.100006,216.970002,214.220201,195.301101,142.745650,225.626081,219.494228,6.131854,3.770280,2.361574,62.989288,216.970002,241.290013,192.649990,0.913857,10.938752,0.046136,-0.004660,0.058246,0.173646,0.236699,1.354986,2.539334,0.395157,-0.117931,-0.117931,2.773675,4912625.000000,1214473650.733200,0.113067
2020-10-15,232.279999,240.970001,230.649994,240.449997,3194100,0.000000,0.000000,232.279999,240.970001,230.649994,240.449997,219.323002,214.508801,196.416101,143.577350,227.906684,221.046507,6.860177,4.388259,2.471918,64.704620,219.323002,243.138125,195.507878,0.943563,10.894556,0.045309,0.014129,0.091020,0.220496,0.224225,1.396114,2.585595,0.377108,-0.105469,-0.105469,2.826993,4788065.000000,768021335.417700,0.108957
2020-10-16,242.289993,243.705002,234.160004,234.600006,2552500,0.000000,0.000000,242.289993,243.705002,234.160004,234.600006,221.310002,214.887201,197.496701,144.370850,228.936426,222.050470,6.885956,4.887799,1.998157,59.517110,221.310002,243.074268,199.545736,0.805317,10.798159,0.046028,-0.024329,0.039894,0.213093,0.161444,1.304519,2.516187,0.383228,-0.127232,-0.127232,2.733885,4540445.000000,598816515.315000,0.077440
2020-10-19,237.070007,238.470001,227.559998,228.410004,2981100,0.000000,0.000000,237.070007,238.470001,227.559998,228.410004,222.479502,215.360201,198.502801,145.135100,228.855438,222.521546,6.333891,5.177017,1.156874,54.534938,222.479502,243.038465,201.920540,0.644232,10.806148,0.047310,-0.026385,-0.014880,0.172175,0.136199,1.299507,2.540143,0.402946,-0.150260,-0.150260,2.635365,4366790.000000,680913062.924400,0.061433
2020-10-20,229.559998,231.690002,227.100006,227.800003,2132700,0.000000,0.000000,229.559998,231.690002,227.100006,227.800003,223.263002,215.948601,199.383401,145.897150,228.693063,222.912543,5.780520,5.297718,0.482802,54.054723,223.263002,243.350207,203.175797,0.612933,10.362137,0.045488,-0.002671,-0.043701,0.111111,0.116776,1.237941,2.449947,0.370551,-0.152530,-0.152530,2.625656,4193830.000000,485829066.398100,0.041085
2020-10-21,228.389999,232.000000,217.720001,218.119995,2909800,0.000000,0.000000,228.389999,232.000000,217.720001,218.119995,223.593002,216.474601,200.092401,146.611550,227.066437,222.557540,4.508898,5.139954,-0.631056,46.984337,223.593002,243.075678,204.110325,0.359542,10.641984,0.048790,-0.042493,-0.080051,0.028237,0.098897,1.134455,2.451266,0.389380,-0.188542,-0.188542,2.471590,3982940.000000,634685561.451000,0.001083
2020-10-22,220.000000,221.020004,211.000000,214.800003,3454700,0.000000,0.000000,220.000000,221.020004,211.000000,214.800003,224.140501,216.904601,200.763601,147.304201,225.179294,221.982907,3.196386,4.751240,-1.554854,44.819037,224.140501,241.819007,206.461995,0.235823,10.597557,0.049337,-0.015221,-0.106675,0.015507,0.124902,1.044351,2.418749,0.393500,-0.200893,-0.200893,2.309197,3906690.000000,742069570.364100,0.014624
2020-10-23,215.380005,219.970001,211.279999,219.820007,2177600,0.000000,0.000000,215.380005,219.970001,211.279999,219.820007,224.513502,217.313401,201.487301,148.024301,224.354788,221.822692,2.532096,4.307411,-1.775316,48.670978,224.513502,241.444441,207.582562,0.361393,10.461303,0.047590,0.023371,-0.063001,0.078342,0.119988,1.030670,2.386535,0.376141,-0.182217,-0.182217,2.361162,3843085.000000,478680047.243200,0.023938
2020-10-26,218.000000,227.279999,215.630005,220.169998,2982800,0.000000,0.000000,218.000000,227.279999,215.630005,220.169998,224.860001,217.722601,202.288401,148.751001,223.710974,221.700271,2.010704,3.848070,-1.837366,48.938599,224.860001,241.088582,208.631421,0.355502,10.546210,0.047900,0.001592,-0.036076,0.036777,0.119148,1.118241,2.366514,0.349999,-0.180915,-0.180915,2.365999,3794995.000000,656723070.034400,0.027162
2020-10-27,224.440002,225.240005,219.190002,222.184998,1877200,0.000000,0.000000,224.440002,225.240005,219.190002,222.184998,225.322752,218.012301,203.113851,149.491175,223.476209,221.736176,1.740032,3.426462,-1.686430,50.537554,225.322752,240.620087,210.025416,0.397441,10.225052,0.046020,0.009152,-0.024649,0.041948,0.062324,1.148791,2.347672,0.350823,-0.173419,-0.173419,2.396805,3727575.000000,417085678.245600,-0.021942
2020-10-28,220.520004,222.800003,215.119995,218.250000,2078700,0.000000,0.000000,220.520004,222.800003,215.119995,218.250000,225.473251,218.187901,203.830951,150.218425,222.672176,221.477941,1.194235,2.980017,-1.785781,47.414978,225.473251,240.407840,210.538662,0.258170,10.043263,0.046017,-0.017710,0.000596,0.024985,0.020146,1.083532,2.287393,0.357409,-0.188058,-0.188058,2.336646,3637425.000000,453676275.000000,-0.019245
2020-10-29,221.649994,223.899994,213.470001,213.649994,2119000,0.000000,0.000000,221.649994,223.899994,213.470001,213.649994,225.042751,218.296700,204.548251,150.921525,221.284148,220.898093,0.386055,2.461225,-2.075169,43.992973,225.042751,240.838867,209.246635,0.139381,10.070887,0.047137,-0.021077,-0.005354,-0.007387,-0.014666,1.063852,2.199790,0.363847,-0.205171,-0.205171,2.266320,3496050.000000,452724337.286000,-0.055644
2020-10-30,210.500000,210.910004,200.229996,202.250000,3981900,0.000000,0.000000,210.500000,210.910004,200.229996,202.250000,224.241751,218.052101,205.090251,151.567375,218.355818,219.516753,-1.160935,1.736793,-2.897728,36.887743,224.241751,242.857050,205.626452,-0.090690,10.310109,0.050977,-0.053358,-0.079929,-0.090030,-0.106196,0.888775,2.055597,0.387553,-0.247582,-0.247582,2.092035,3435405.000000,805339275.000000,-0.107002
2020-11-02,204.210007,204.649002,196.009995,201.559998,3330600,0.000000,0.000000,204.210007,204.649002,196.009995,201.559998,223.023751,217.879701,205.616851,152.212525,215.771846,218.186623,-2.414777,0.906479,-3.321256,36.503453,223.023751,244.189709,201.857793,-0.007035,10.190745,0.050559,-0.003412,-0.084526,-0.076557,-0.114722,0.843256,2.013756,0.384310,-0.250149,-0.250149,2.081486,3220125.000000,671315729.338800,-0.116225
2020-11-03,201.050003,209.141998,199.570007,208.429993,2300600,0.000000,0.000000,201.050003,209.141998,199.570007,208.429993,222.385251,217.958500,206.195151,152.889025,214.642330,217.463910,-2.821580,0.160867,-2.982447,42.883573,222.385251,244.530643,200.239859,0.184917,10.146548,0.048681,0.034084,-0.061908,-0.077417,-0.077825,0.804745,2.044996,0.383104,-0.224591,-0.224591,2.186516,3102180.000000,479514041.895800,-0.092570
2020-11-04,217.990005,235.339996,217.699997,235.009995,5728300,0.000000,0.000000,217.990005,235.339996,217.699997,235.009995,222.933250,218.556900,206.918351,153.692075,217.775817,218.763620,-0.987803,-0.068867,-0.918936,59.739187,222.933250,245.783307,200.083194,0.764261,11.343938,0.048270,0.127525,0.076793,0.062432,0.089624,0.996686,2.560758,0.588421,-0.125707,-0.125707,2.592875,3214860.000000,1346207754.358500,0.046168
2020-11-05,236.600006,246.000000,232.699997,236.770004,4355300,0.000000,0.000000,236.600006,246.000000,232.699997,236.770004,223.752251,219.004100,207.655551,154.504275,220.697999,220.097426,0.600574,0.065021,0.535552,60.568973,223.752251,247.379472,200.125030,0.775482,11.483657,0.048501,0.007489,0.108214,0.056773,0.156329,1.031314,2.583081,0.587635,-0.119159,-0.119159,2.619783,3233590.000000,1031204398.421200,0.076414
2020-11-06,234.089996,235.649994,227.000000,231.690002,2384400,0.000000,0.000000,234.089996,235.649994,227.000000,231.690002,224.056751,219.342500,208.355351,155.291825,222.389077,220.956135,1.432942,0.338605,1.094336,56.922277,224.056751,247.939824,200.173677,0.659805,11.361253,0.049036,-0.021455,0.145562,0.051273,0.167910,0.920348,2.542119,0.590049,-0.138058,-0.138058,2.480397,3136340.000000,552441640.768800,0.083406
2020-11-09,216.014008,216.014008,197.199997,197.600006,11684500,0.000000,0.000000,216.014008,216.014008,197.199997,197.600006,222.343751,218.989700,208.708351,155.915975,218.575374,219.226052,-0.650678,0.140749,-0.791427,39.664105,222.343751,248.660794,196.026708,0.029891,13.013307,0.065857,-0.147136,-0.019647,-0.124113,0.030132,0.643107,1.961187,0.780626,-0.264881,-0.264881,1.968304,3536065.000000,2308857270.107000,-0.056205
2020-11-10,201.839996,203.884995,185.358994,198.309998,8821600,0.000000,0.000000,201.839996,203.884995,185.358994,198.309998,220.348750,218.495900,209.077251,156.532875,215.457623,217.676714,-2.219091,-0.331219,-1.887871,40.071632,220.348750,247.633100,193.064401,0.096128,13.407070,0.067607,0.003593,-0.048553,-0.144699,0.025918,0.665491,1.948848,0.772253,-0.262240,-0.262240,1.978969,3808480.000000,1749411478.356800,-0.023265
2020-11-11,202.369995,209.389999,200.121994,208.550003,3660900,0.000000,0.000000,202.369995,209.389999,200.121994,208.550003,218.921250,217.290901,209.479751,157.191025,214.394913,217.000662,-2.605749,-0.786125,-1.819624,45.761705,218.921250,245.493576,192.348924,0.304849,13.240851,0.063490,0.051636,-0.112591,-0.124512,0.045993,0.709286,2.112222,0.789934,-0.224144,-0.224144,2.132793,3735415.000000,763480705.982700,-0.021377
2020-11-12,211.000000,214.500000,209.089996,212.619995,3003000,0.000000,0.000000,211.000000,214.500000,209.089996,212.619995,217.529750,216.240100,209.937951,157.858575,214.121848,216.676168,-2.554319,-1.139764,-1.414555,47.879913,217.529750,242.201976,192.857525,0.400500,12.720076,0.059825,0.019516,-0.101998,-0.103248,0.064644,0.689069,2.135063,0.794534,-0.209003,-0.209003,2.193931,3725860.000000,638497844.985000,0.002000
2020-11-13,212.610001,213.250000,204.000000,205.699997,2720600,0.000000,0.000000,212.610001,213.250000,204.000000,205.699997,216.084750,215.513900,210.355851,158.494525,212.826179,215.863118,-3.036939,-1.519199,-1.517740,44.684571,216.084750,239.918396,192.251104,0.282141,12.472213,0.060633,-0.032546,-0.112176,-0.144521,-0.009629,0.673446,2.036162,0.797590,-0.234747,-0.234747,2.089980,3734265.000000,559627411.838200,-0.072484
2020-11-16,200.679993,208.875000,199.679993,208.130005,2461500,0.000000,0.000000,200.679993,208.875000,199.679993,208.130005,215.070750,215.351301,210.753151,159.132025,212.103691,215.290295,-3.186604,-1.852680,-1.333924,46.046242,215.070750,238.417134,191.724365,0.351353,12.238127,0.058800,0.011813,0.053289,-0.112830,-0.006397,0.635985,2.070670,0.797056,-0.225707,-0.225707,2.126483,3708285.000000,512312007.307500,-0.070022
2020-11-17,210.000000,214.179993,207.919998,211.910004,1941000,0.000000,0.000000,210.000000,214.179993,207.919998,211.910004,214.276250,215.476901,211.096451,159.781475,212.073893,215.039903,-2.966010,-2.075346,-0.890664,48.183053,214.276250,236.867989,191.684511,0.447630,11.811118,0.055736,0.018162,0.068580,-0.072239,0.017771,0.645647,2.178968,0.796555,-0.211644,-0.211644,2.183266,3698700.000000,411317317.764000,-0.049774
2020-11-18,212.391998,216.798996,209.000000,214.320007,2654600,0.000000,0.000000,212.391998,216.798996,209.000000,214.320007,214.086250,215.527501,211.522951,160.449376,212.419449,214.986577,-2.567129,-2.173703,-0.393426,49.554803,214.086250,236.605679,191.566821,0.505190,11.524538,0.053773,0.011373,0.027667,-0.059175,-0.000746,0.613248,2.219468,0.797966,-0.202679,-0.202679,2.156872,3685940.000000,568933890.582200,-0.048385
2020-11-19,214.149994,222.850006,214.149994,219.699997,2417400,0.000000,0.000000,214.149994,222.850006,214.149994,219.699997,214.331250,215.802501,211.997851,161.140675,213.539533,215.335720,-1.796186,-2.098199,0.302013,52.573195,214.331250,236.989566,191.672935,0.618472,11.322786,0.051537,0.025103,0.033299,0.007244,0.045295,0.651880,2.236117,0.788698,-0.182664,-0.182664,2.198893,3634075.000000,531102772.747800,-0.007121
2020-11-20,220.600006,226.389999,219.119995,221.589996,2338900,0.000000,0.000000,220.600006,226.389999,219.119995,221.589996,214.419749,216.275501,212.424151,161.832825,214.778066,215.798999,-1.020933,-1.882746,0.861813,53.623034,214.419749,237.181919,191.657580,0.657504,11.033301,0.049792,0.008603,0.077248,0.031611,0.083623,0.718418,2.168287,0.786631,-0.175632,-0.175632,2.226412,3642140.000000,518276841.644400,0.041860
2020-11-23,220.259995,221.369995,213.559998,217.169998,2432700,0.000000,0.000000,220.259995,221.369995,213.559998,217.169998,214.269749,216.559901,212.685950,162.495625,215.146055,215.900555,-0.754499,-1.657097,0.902598,50.791417,214.269749,236.911589,191.627910,0.564046,10.818780,0.049817,-0.019947,0.043434,-0.012055,0.058901,0.716216,2.053571,0.786588,-0.192076,-0.192076,2.162056,3614635.000000,528309454.134600,0.022782
2020-11-24,215.000000,217.699997,212.500000,217.199997,2354000,0.000000,0.000000,215.000000,217.699997,212.500000,217.199997,214.020499,216.863501,212.951350,163.154975,215.462046,215.996810,-0.534763,-1.432630,0.897867,50.810403,214.020499,236.403736,191.637263,0.571024,10.417438,0.047962,0.000138,0.024963,-0.013490,0.013012,0.699530,2.037762,0.786581,-0.191964,-0.191964,2.162493,3638475.000000,511288792.938000,-0.018855
2020-11-25,218.440002,224.539993,218.270004,224.149994,1888100,0.000000,0.000000,218.440002,224.539993,218.270004,224.149994,214.315499,217.406301,213.215350,163.839075,216.798654,216.600749,0.197904,-1.106523,1.304428,55.129639,214.315499,237.085616,191.545383,0.715952,10.197621,0.045495,0.031998,0.045866,0.008844,0.043675,0.604050,2.099848,0.793679,-0.166109,-0.166109,2.263687,3628945.000000,423217603.671400,0.003326
2020-11-27,226.520004,226.910004,221.210007,226.869995,1703000,0.000000,0.000000,226.520004,226.910004,221.210007,226.869995,214.976499,218.075901,213.420550,164.533275,218.348091,217.361434,0.986657,-0.687887,1.674544,56.730966,214.976499,238.422767,191.530231,0.753633,9.876362,0.043533,0.012135,0.032635,0.039496,0.054033,0.541027,2.165922,0.791242,-0.155990,-0.155990,2.303291,3608145.000000,386359601.485000,0.010408
2020-11-30,228.320007,233.880005,218.949997,227.880005,3775600,0.000000,0.000000,228.320007,233.880005,218.949997,227.880005,216.257999,218.736301,213.575150,165.225625,219.814539,218.140588,1.673952,-0.215519,1.889471,57.339781,216.257999,239.576830,192.939169,0.749198,10.237337,0.044924,0.004452,0.028386,0.066604,0.021883,0.543066,2.200112,0.786357,-0.152232,-0.152232,2.317997,3597830.000000,860383746.878000,-0.014063
2020-12-01,222.000000,223.000000,210.960007,215.710007,5172200,0.000000,0.000000,222.000000,223.000000,210.960007,215.710007,216.965500,218.950101,213.631150,165.850375,219.183073,217.960545,1.222528,0.072090,1.150438,48.486952,216.965500,239.242017,194.688983,0.471820,10.714670,0.049672,-0.053405,-0.006723,0.066551,-0.197507,0.462937,2.085097,0.786400,-0.197507,-0.197507,2.140798,3689910.000000,1115695298.205400,-0.232302
2020-12-02,213.341003,219.899994,209.110001,217.699997,3054900,0.000000,0.000000,213.341003,219.899994,209.110001,217.699997,217.429000,219.061501,213.907950,166.481425,218.954907,217.941245,1.013662,0.260405,0.753258,49.850400,217.429000,239.340512,195.517488,0.506184,10.720050,0.049242,0.009225,0.002302,0.080075,-0.178986,0.554334,2.080079,0.786063,-0.190104,-0.190104,2.169773,3727625.000000,665051720.835300,-0.203283
2020-12-03,221.679993,236.240005,218.753998,231.009995,10982200,0.000000,0.000000,221.679993,236.240005,218.753998,231.009995,217.229000,219.451300,214.253750,167.184925,220.809536,218.909300,1.900236,0.588371,1.311865,57.880428,217.229000,238.529335,195.928665,0.823492,11.278618,0.048823,0.061139,0.030605,0.108334,-0.045453,0.654325,2.300143,0.804110,-0.140588,-0.140588,2.363570,3990320.000000,2536997967.089000,-0.125665
2020-12-04,244.830994,256.000000,240.199997,243.220001,19048100,0.000000,0.000000,244.830994,256.000000,240.199997,243.220001,217.551500,220.238700,214.757650,167.957375,224.257300,220.710093,3.547207,1.180138,2.367069,63.633201,217.551500,240.247182,194.855818,1.065493,12.258003,0.050399,0.052855,0.072068,0.034935,0.124665,0.659752,2.499568,0.696516,-0.095164,-0.095164,2.541351,4724960.000000,4632878901.048100,0.022916
2020-12-07,241.000000,241.809998,232.270004,232.520004,6155000,0.000000,0.000000,241.000000,241.809998,232.270004,232.520004,217.593000,220.641900,215.165650,168.688125,225.528485,221.584901,3.943584,1.732827,2.210757,56.367544,217.593000,240.400297,194.785703,0.827242,12.164574,0.052316,-0.043993,0.020362,-0.017950,0.130769,0.638388,2.076882,0.714567,-0.134970,-0.134970,2.385556,4913490.000000,1431160624.620000,-0.023389
2020-12-08,235.220001,237.500000,228.664001,234.820007,4608700,0.000000,0.000000,235.220001,237.500000,228.664001,234.820007,219.454000,221.073500,215.549750,169.446925,226.957950,222.565279,4.392671,2.264796,2.127875,57.491115,219.454000,241.452107,197.455893,0.849257,11.926819,0.050791,0.009892,0.088591,0.013509,0.108740,0.586086,2.111847,0.710863,-0.126414,-0.126414,2.419045,4559700.000000,1082214966.260900,-0.020615
2020-12-09,232.100006,234.000000,219.710007,220.970001,4758600,0.000000,0.000000,232.100006,234.000000,219.710007,220.970001,220.587000,221.234301,215.739550,170.133875,226.036727,222.447111,3.589617,2.529760,1.059856,49.264342,220.587000,240.205252,200.968749,0.509761,12.154189,0.055004,-0.058981,0.015021,0.118269,0.072930,0.484016,2.035719,0.517742,-0.177939,-0.177939,2.217385,4356550.000000,1051507846.758600,-0.057053
2020-12-10,217.330002,227.500000,216.000000,222.589996,3117500,0.000000,0.000000,217.330002,227.500000,216.000000,222.589996,221.289000,221.381300,215.955150,170.830775,225.506461,222.457695,3.048766,2.633561,0.415205,50.162664,221.289000,240.081085,202.496915,0.534616,12.107461,0.054394,0.007331,-0.036449,0.122435,0.124533,0.478021,2.071902,0.517699,-0.171912,-0.171912,2.240973,4329380.000000,693924312.530000,-0.018486
2020-12-11,223.000000,228.205002,220.929993,225.490005,2471300,0.000000,0.000000,223.000000,228.205002,220.929993,225.490005,221.932500,221.445901,216.170250,171.526675,225.503929,222.682310,2.821619,2.671173,0.150446,51.807668,221.932500,240.352407,203.512594,0.596567,11.762286,0.052163,0.013028,-0.072897,0.081228,0.111062,0.386010,2.133111,0.491449,-0.161123,-0.161123,2.283198,4302795.000000,557253449.356500,-0.008434
2020-12-14,224.850006,228.789993,222.699997,228.330002,2373400,0.000000,0.000000,224.850006,228.789993,222.699997,228.330002,223.064001,221.647101,216.468650,172.228525,225.938710,223.100658,2.838052,2.704549,0.133503,53.428852,223.064001,240.006439,206.121562,0.655409,11.357122,0.049740,0.012595,-0.018020,0.073888,0.130235,0.400368,2.097260,0.489309,-0.150558,-0.150558,2.324549,4285435.000000,541918426.746800,0.018556
2020-12-15,229.535004,237.740005,228.195007,233.699997,3334600,0.000000,0.000000,229.535004,237.740005,228.195007,233.699997,224.342500,221.802701,216.896150,172.967975,227.132754,223.885794,3.246960,2.813031,0.433929,56.414490,224.342500,240.374564,208.310437,0.791837,11.227685,0.048043,0.023519,-0.004770,0.136121,0.186234,0.445180,2.173547,0.475092,-0.130580,-0.130580,2.402737,4329090.000000,779296009.996200,0.046458
2020-12-16,234.294006,239.699997,233.259995,237.080002,2132200,0.000000,0.000000,234.294006,239.699997,233.259995,237.080002,225.601000,222.120301,217.304250,173.705625,228.663100,224.863143,3.799957,3.010416,0.789541,58.229657,225.601000,241.474706,209.727294,0.861573,10.885708,0.045916,0.014463,0.072906,0.139096,0.225917,0.460752,2.219883,0.475552,-0.118006,-0.118006,2.451951,4338650.000000,505501980.264400,0.065709
2020-12-17,238.949997,247.740005,238.070007,247.000000,3566200,0.000000,0.000000,238.949997,247.740005,238.070007,247.000000,227.235000,222.579301,217.806950,174.497625,231.484161,226.502910,4.981251,3.404583,1.576668,63.088323,227.235000,244.851597,209.618402,1.060977,10.869586,0.044006,0.041842,0.109664,0.165589,0.267577,0.530170,2.358260,0.489640,-0.081101,-0.081101,2.596389,4384230.000000,880851400.000000,0.084920
2020-12-18,248.429993,249.250000,238.509995,241.000000,4231000,0.000000,0.000000,248.429993,249.250000,238.509995,241.000000,228.300000,222.991501,218.125450,175.282525,232.948136,227.576769,5.371368,3.797940,1.573428,58.645033,228.300000,246.562131,210.037869,0.847714,10.860330,0.045064,-0.024291,0.068784,0.124487,0.175495,0.431967,2.284274,0.501778,-0.103423,-0.103423,2.509027,4474910.000000,1019671000.000000,-0.007906
2020-12-21,242.889999,249.899994,239.410004,248.000000,3015900,0.000000,0.000000,242.889999,249.899994,239.410004,248.000000,229.620500,223.439500,218.466050,176.134375,235.263808,229.089600,6.174207,4.273193,1.901014,62.006981,229.620500,249.580156,209.660845,0.960416,10.833877,0.043685,0.029046,0.086147,0.128812,0.169094,0.486811,2.343219,0.503843,-0.077381,-0.077381,2.610949,4508760.000000,747943200.000000,0.006842
2020-12-22,250.000000,252.789993,243.800003,251.600006,3063400,0.000000,0.000000,250.000000,252.789993,243.800003,251.600006,231.342001,223.834301,218.813750,176.993275,237.777069,230.757038,7.020031,4.822561,2.197470,63.643911,231.342001,252.672259,210.011742,0.974865,10.702171,0.042536,0.014516,0.076594,0.135430,0.189486,0.534989,2.430130,0.504604,-0.063988,-0.063988,2.663366,4540295.000000,770751458.380400,-0.015060
2020-12-23,252.000000,252.479996,242.612000,244.050003,2062000,0.000000,0.000000,252.000000,252.479996,242.612000,244.050003,232.684501,223.951100,218.991451,177.838526,238.742136,231.741702,7.000434,5.258136,1.742298,57.999966,232.684501,253.643637,211.725365,0.771135,10.642587,0.043608,-0.030008,0.029399,0.123774,0.197204,0.449228,2.311398,0.512404,-0.092076,-0.092076,2.553436,4525695.000000,503231106.186000,0.000541
2020-12-24,245.000000,250.300003,243.500000,244.929993,1024500,0.000000,0.000000,245.000000,250.300003,243.500000,244.929993,233.723501,224.107700,219.163951,178.719775,239.694114,232.718612,6.975501,5.601609,1.373893,58.462330,233.723501,254.959664,212.487338,0.763854,10.368117,0.042331,0.003606,-0.008381,0.127670,0.153372,0.379266,2.290301,0.512039,-0.088802,-0.088802,2.566249,4482515.000000,250930777.828500,-0.019915
2020-12-28,245.190002,246.880005,228.369995,229.199997,3323500,0.000000,0.000000,245.190002,246.880005,228.369995,229.199997,233.840001,223.882700,219.195750,179.479175,238.079634,232.457974,5.621660,5.605619,0.016041,48.239482,233.840001,254.943004,212.736998,0.390063,10.949681,0.047773,-0.064222,-0.048963,0.022530,0.074845,0.335120,2.081059,0.557511,-0.147321,-0.147321,2.337216,4563540.000000,761746190.029500,-0.085432
2020-12-29,232.970001,233.139999,226.800003,228.160004,2684400,0.000000,0.000000,232.970001,233.139999,226.800003,228.160004,233.854001,223.753900,219.320551,180.258425,236.553537,232.139606,4.413931,5.367281,-0.953350,47.646269,233.854001,254.940721,212.767280,0.364986,10.620417,0.046548,-0.004537,-0.080000,0.005686,0.071526,0.324894,2.093695,0.556553,-0.151190,-0.151190,2.322073,4508980.000000,612472714.737600,-0.087692
2020-12-30,229.000000,230.139999,224.300003,225.899994,2074500,0.000000,0.000000,229.000000,230.139999,224.300003,225.899994,234.363500,223.703700,219.531951,181.033225,234.914531,231.677413,3.237118,4.941249,-1.704131,46.313423,234.363500,254.050292,214.676709,0.285046,10.278959,0.045502,-0.009905,-0.102146,-0.008689,0.049526,0.262293,2.048172,0.557607,-0.159598,-0.159598,2.289167,4354095.000000,468629537.553000,-0.102924
2020-12-31,225.300003,225.990005,220.600006,222.300003,2209600,0.000000,0.000000,225.300003,225.990005,220.600006,222.300003,234.593501,223.593700,219.771151,181.761675,232.973834,230.982790,1.991044,4.351208,-2.360163,44.192730,234.593501,253.554702,215.632299,0.175825,9.929747,0.044668,-0.015936,-0.089121,0.030550,0.000180,0.163935,1.928854,0.526478,-0.172991,-0.172991,2.236750,4311830.000000,491194086.628800,-0.137706
2021-01-04,222.389999,224.625000,216.500000,222.410004,2757700,0.000000,0.000000,222.389999,224.625000,216.500000,222.410004,234.163501,223.679500,220.077050,182.494325,231.348629,230.347769,1.000861,3.681139,-2.680278,44.276693,234.163501,253.843317,214.483685,0.201382,9.800837,0.044067,0.000495,-0.091945,0.021635,0.018967,0.166527,1.943489,0.525828,-0.172582,-0.172582,2.238352,3900605.000000,613340068.030800,-0.127618
2021-01-05,226.940002,233.800003,224.029999,228.500000,4460900,0.000000,0.000000,226.940002,233.800003,224.029999,228.500000,233.427501,223.953500,220.429050,183.238326,230.910379,230.210897,0.699482,3.084807,-2.385325,48.863717,233.427501,252.779494,214.075508,0.372688,9.914348,0.043389,0.027382,-0.003054,-0.010865,0.011420,0.155499,2.030906,0.489361,-0.149926,-0.149926,2.327024,3171245.000000,1019315650.000000,-0.119749
2021-01-06,222.880005,228.292999,218.550003,223.850006,2891800,0.000000,0.000000,222.880005,228.292999,218.550003,223.850006,232.994001,224.034100,220.673750,183.940076,229.824168,229.739720,0.084448,2.484735,-2.400287,45.765897,232.994001,252.814350,213.173652,0.269328,9.916895,0.044302,-0.020350,-0.018890,-0.079640,0.011980,0.084807,1.975146,0.454051,-0.167225,-0.167225,2.259319,3008085.000000,647329447.350800,-0.130220
2021-01-07,228.539993,239.789993,227.899994,239.029999,4093400,0.000000,0.000000,228.539993,239.789993,227.899994,239.029999,233.204501,224.411300,221.066950,184.710226,231.240449,230.427889,0.812561,2.150300,-1.337740,55.650557,233.204501,253.195195,213.213806,0.645705,10.347116,0.043288,0.067813,0.058123,0.027998,0.066860,0.125271,2.133998,0.492155,-0.110751,-0.110751,2.480344,2982320.000000,978445397.906600,-0.082981
2021-01-08,241.600006,246.389999,240.779999,244.539993,3334900,0.000000,0.000000,241.600006,246.389999,240.779999,244.539993,234.383000,224.858400,221.435350,185.526075,233.286533,231.473230,1.813303,2.082901,-0.269598,58.600088,234.383000,254.114170,214.651830,0.757384,10.133750,0.041440,0.023051,0.100045,0.041393,0.109578,0.163867,2.226121,0.496977,-0.090253,-0.090253,2.560571,2911135.000000,815516422.655700,-0.046363
2021-01-11,241.000000,244.979996,237.179993,240.960007,1372400,0.000000,0.000000,241.000000,244.979996,237.179993,240.960007,235.301501,225.312600,221.750250,186.312576,234.467067,232.175954,2.291114,2.124544,0.166570,55.994389,235.301501,254.422031,216.180970,0.647969,9.967054,0.041364,-0.014640,0.083405,0.090465,0.068085,0.268077,2.220099,0.449432,-0.103571,-0.103571,2.508445,2823880.000000,330693513.606800,-0.057692
2021-01-12,245.570007,263.000000,245.419998,262.649994,7714900,0.000000,0.000000,245.570007,263.000000,245.419998,262.649994,237.159500,226.292600,222.294650,187.212975,238.802902,234.433290,4.369612,2.573557,1.796055,65.890488,237.159500,259.255969,215.063031,1.076800,10.829407,0.041231,0.090015,0.149453,0.179972,0.132796,0.337118,2.542144,0.538421,-0.022879,-0.022879,2.824257,3086060.000000,2026318438.710600,0.032076
2021-01-13,260.000000,262.309998,252.917999,255.850006,4417400,0.000000,0.000000,260.000000,262.309998,252.917999,255.850006,238.535500,227.364600,222.708350,188.051526,241.425534,236.019714,5.405820,3.140010,2.265810,61.240735,238.535500,261.717679,215.353322,0.873444,10.751020,0.042021,-0.025890,0.142953,0.134640,0.074052,0.326816,2.514423,0.550985,-0.048177,-0.048177,2.725248,3188260.000000,1130191816.504400,-0.032578
2021-01-14,256.880005,258.269989,247.770004,250.250000,2717800,0.000000,0.000000,256.880005,258.269989,247.770004,250.250000,239.363001,228.338400,223.109050,188.840775,242.783144,237.073809,5.709335,3.653875,2.055460,57.633713,239.363001,262.995565,215.730437,0.730339,10.733089,0.042889,-0.021888,0.046940,0.096001,0.055462,0.305289,2.426674,0.559144,-0.069010,-0.069010,2.643710,3157420.000000,680129450.000000,-0.058731
2021-01-15,251.350006,256.440002,246.889999,249.279999,2512600,0.000000,0.000000,251.350006,256.440002,246.889999,249.279999,239.973000,229.155400,223.556950,189.626726,243.782660,237.977971,5.804689,4.084038,1.720651,57.007376,239.973000,263.984220,215.961781,0.693805,10.648583,0.042717,-0.003876,0.019383,0.066667,0.036723,0.269182,2.411056,0.555728,-0.072619,-0.072619,2.629586,3176440.000000,626340925.487400,-0.072945
2021-01-19,251.800003,260.380005,251.639999,256.570007,3117700,0.000000,0.000000,251.800003,260.380005,251.639999,256.570007,240.451501,229.586601,224.071750,190.489376,245.749944,239.355159,6.394785,4.546187,1.848598,60.483169,240.451501,265.414890,215.488111,0.822843,10.680827,0.041629,0.029244,0.064783,0.082209,0.093649,0.270211,2.537433,0.561678,-0.045498,-0.045498,2.735731,3154015.000000,799908310.823900,-0.037064
2021-01-20,260.820007,262.470001,253.695007,255.309998,2788200,0.000000,0.000000,260.820007,262.470001,253.695007,255.309998,241.167001,229.957401,224.480750,191.370926,247.220722,240.536999,6.683723,4.973694,1.710029,59.586488,241.167001,267.001684,215.332317,0.773721,10.544696,0.041302,-0.004911,-0.027946,0.033644,0.117771,0.270009,2.491180,0.545478,-0.050186,-0.050186,2.717385,3081875.000000,711855336.423600,-0.054578
2021-01-21,257.679993,257.679993,251.649994,253.940002,1495700,0.000000,0.000000,257.679993,257.679993,251.649994,253.940002,241.464001,230.402401,224.872450,192.189876,248.254457,241.529814,6.724643,5.323884,1.400759,58.569754,241.464001,267.761858,215.166144,0.737206,10.222218,0.040254,-0.005366,-0.007465,0.053693,0.114750,0.244926,2.413172,0.537814,-0.055283,-0.055283,2.697437,3005865.000000,379818060.991400,-0.060166
2021-01-22,253.020004,257.125000,250.880005,255.149994,1479000,0.000000,0.000000,253.020004,257.125000,250.880005,255.149994,241.641500,231.553400,225.271550,193.025775,249.315309,242.538716,6.776593,5.614426,1.162167,59.231411,241.641500,268.273218,215.009783,0.753617,9.938131,0.038950,0.004765,0.019580,0.028831,0.169769,0.285455,2.432665,0.529528,-0.050781,-0.050781,2.715055,2926645.000000,377366841.126000,-0.009458
2021-01-25,257.910004,260.000000,236.679993,244.399994,4198900,0.000000,0.000000,257.910004,260.000000,236.679993,244.399994,241.659000,232.475200,225.485550,193.805925,248.559107,242.676589,5.882518,5.668044,0.214474,51.380431,241.659000,268.297840,215.020160,0.551447,10.893979,0.044574,-0.042132,-0.019576,-0.028617,0.137803,0.279916,2.294689,0.548509,-0.090774,-0.090774,2.558532,3033490.000000,1026211134.806600,-0.047316
2021-01-26,244.399994,245.979996,233.699997,235.110001,2746000,0.000000,0.000000,244.399994,245.979996,233.699997,235.110001,241.168000,233.006400,225.148650,194.528325,246.490013,242.116101,4.373913,5.409218,-1.035305,45.738297,241.168000,267.914768,214.421233,0.386753,10.992980,0.046757,-0.038011,-0.083642,-0.036632,0.069557,0.197891,2.230865,0.554542,-0.125335,-0.125335,2.423267,3119565.000000,645612062.746000,-0.110364
2021-01-27,232.352005,232.850006,222.660004,225.190002,3787300,0.000000,0.000000,232.352005,232.850006,222.660004,225.190002,240.967500,233.257800,224.748950,195.184425,243.213089,240.862316,2.350773,4.797529,-2.446756,40.610143,240.967500,268.148607,213.786393,0.209771,11.097053,0.049279,-0.042193,-0.117974,-0.080594,0.022801,0.144665,2.005338,0.571957,-0.162240,-0.162240,2.278829,3142755.000000,852862094.574600,-0.145495
2021-01-28,231.199997,237.869995,228.000000,234.139999,3047900,0.000000,0.000000,231.199997,237.869995,228.000000,234.139999,241.266500,233.826600,224.670250,195.862975,241.817229,240.364366,1.452863,4.128596,-2.675733,46.444356,241.266500,267.981978,214.551022,0.366622,11.210120,0.047878,0.039744,-0.077971,0.021553,0.053807,0.119484,2.043942,0.545393,-0.128943,-0.128943,2.409144,3160930.000000,713635302.952100,-0.112911
2021-01-29,233.149994,235.639999,228.024994,232.889999,1999300,0.000000,0.000000,233.149994,235.639999,228.024994,232.889999,241.616000,234.321800,224.836550,196.524775,240.443809,239.810709,0.633099,3.429496,-2.796397,45.768110,241.616000,267.659477,215.572523,0.332472,10.953326,0.047032,-0.005339,-0.087243,0.020731,0.067079,0.088576,1.943876,0.545513,-0.133594,-0.133594,2.390943,3157170.000000,465616975.000700,-0.120640
2021-02-01,233.250000,234.470001,224.669998,230.139999,3224200,0.000000,0.000000,233.250000,234.470001,224.669998,230.139999,242.008000,234.686400,225.081650,197.172075,238.858607,239.094360,-0.235753,2.696447,-2.932200,44.241904,242.008000,267.043829,216.972172,0.262980,10.870946,0.047236,-0.011808,-0.058347,0.018769,0.077182,0.061384,1.931346,0.546055,-0.143824,-0.143824,2.350903,3207900.000000,742017384.775800,-0.121091
2021-02-02,234.490005,242.080002,232.500000,239.839996,3054100,0.000000,0.000000,234.490005,242.080002,232.500000,239.839996,242.879500,235.196800,225.362150,197.869525,239.009590,239.149593,-0.140003,2.129157,-2.269159,50.510710,242.879500,266.197412,219.561587,0.434825,10.947307,0.045644,0.042148,0.020118,0.078902,0.185859,0.059926,1.974575,0.559672,-0.107738,-0.107738,2.492137,3222720.000000,732495331.783600,-0.061693
2021-02-03,243.449997,243.550003,235.149994,236.830002,1875500,0.000000,0.000000,243.449997,243.550003,235.149994,236.830002,243.296000,235.539400,225.670950,198.544675,238.674269,238.977771,-0.303502,1.642625,-1.946127,48.681679,243.296000,265.816404,220.775595,0.356441,10.765357,0.045456,-0.012550,0.051690,0.064835,0.174985,0.040188,1.887467,0.562577,-0.118936,-0.118936,2.448311,3093450.000000,444174668.751000,-0.067123
2021-02-04,238.500000,247.000000,236.619995,246.009995,2808900,0.000000,0.000000,238.500000,247.000000,236.619995,246.009995,244.403999,236.027800,226.151650,199.278075,239.802842,239.498677,0.304166,1.374933,-1.070768,54.136341,244.403999,264.993812,223.814187,0.539000,10.737832,0.043648,0.038762,0.050696,0.076630,0.180300,0.088443,2.046941,0.569976,-0.084784,-0.084784,2.581974,3089305.000000,691017474.955500,-0.054201
2021-02-05,246.662994,251.000000,244.770004,250.369995,2557400,0.000000,0.000000,246.662994,251.000000,244.770004,250.369995,244.970999,236.691800,226.625850,200.020975,241.428558,240.303959,1.124598,1.324866,-0.200268,56.501180,244.970999,265.562260,224.379738,0.631099,10.415844,0.041602,0.017723,0.075057,0.118472,0.065359,0.160840,2.074288,0.564612,-0.068564,-0.068564,2.645457,3012505.000000,640296225.213000,-0.130100
2021-02-08,252.307999,256.200012,247.798996,248.899994,2039100,0.000000,0.000000,252.307999,256.200012,247.798996,248.899994,245.188999,237.325800,227.094650,200.754525,242.578010,240.940703,1.637307,1.387354,0.249953,55.462814,245.188999,265.853237,224.524761,0.589793,10.271928,0.041269,-0.005871,0.081516,0.041292,0.051231,0.215569,1.993025,0.518694,-0.074033,-0.074033,2.624053,2947715.000000,507531977.765400,-0.125097
2021-02-09,249.919998,256.958008,249.009995,255.820007,2017500,0.000000,0.000000,249.919998,256.958008,249.009995,255.820007,245.931999,237.959200,227.682750,201.508275,244.615240,242.042873,2.572367,1.624357,0.948010,59.258610,245.931999,267.020254,224.843744,0.734443,10.113791,0.039535,0.027802,0.066628,0.046127,0.104148,0.289545,2.023520,0.521329,-0.048289,-0.048289,2.724811,2979970.000000,516116864.122500,-0.073442
2021-02-10,257.540009,261.755005,250.479996,255.250000,2231800,0.000000,0.000000,257.540009,261.755005,250.479996,255.250000,245.561999,238.526800,228.301350,202.243275,246.251357,243.021179,3.230178,1.945521,1.284657,58.813960,245.561999,265.651220,225.472779,0.741124,10.196735,0.039948,-0.002228,0.077777,0.059304,0.291751,0.330675,1.991328,0.517903,-0.050409,-0.050409,2.716511,2705815.000000,569666950.000000,0.098923
2021-02-11,257.760010,259.037994,253.809998,256.269989,1382900,0.000000,0.000000,257.760010,259.037994,253.809998,256.269989,245.582999,239.094600,228.915450,203.004925,247.792685,244.002572,3.790113,2.314439,1.475673,59.401020,245.582999,265.718324,225.447673,0.765379,9.841825,0.038404,0.003996,0.041706,-0.024291,0.292270,0.325763,1.934501,0.411004,-0.046615,-0.046615,2.731363,2554090.000000,354395767.788100,0.078323
2021-02-12,255.449997,263.489990,251.742004,263.299988,2124000,0.000000,0.000000,255.449997,263.489990,251.742004,263.299988,246.235498,240.046400,229.498250,203.804425,250.178424,245.432011,4.746413,2.800834,1.945579,63.285349,246.235498,267.802503,224.668493,0.895616,9.977979,0.037896,0.027432,0.051644,0.029119,0.262527,0.320594,1.991026,0.411581,-0.020461,-0.020461,2.833721,2524400.000000,559249174.512000,0.066620
2021-02-16,262.950012,275.459991,259.510010,264.690002,4382100,0.000000,0.000000,262.950012,275.459991,259.510010,264.690002,247.005998,240.986200,230.023850,204.604125,252.410974,246.858529,5.552446,3.351156,2.201289,64.018393,247.005998,270.079432,223.932564,0.883211,10.404551,0.039308,0.005279,0.063439,0.057702,0.244897,0.325372,1.960407,0.402635,-0.015290,-0.015290,2.853960,2617875.000000,1159898057.764200,0.045239
2021-02-17,259.317993,262.209991,248.800003,254.979996,2376200,0.000000,0.000000,259.317993,262.209991,248.800003,254.979996,246.926498,241.465600,230.458450,205.361425,252.806208,247.460119,5.346090,3.750143,1.595947,55.658392,246.926498,269.871782,223.981213,0.675494,10.796369,0.042342,-0.036684,-0.003284,0.022866,0.239572,0.227636,1.809387,0.425090,-0.051414,-0.051414,2.712580,2580800.000000,605883466.495200,0.058987
2021-02-18,252.479996,263.450012,248.690002,260.989990,2047300,0.000000,0.000000,252.479996,263.450012,248.690002,260.989990,247.210497,241.820999,231.029850,206.130975,254.065252,248.462331,5.602920,4.120699,1.482222,59.209018,247.210497,270.726201,223.694794,0.792985,11.079486,0.042452,0.023570,0.022488,0.017227,0.253976,0.245954,1.852661,0.420844,-0.029055,-0.029055,2.800087,2543755.000000,534324806.527000,0.091177
2021-02-19,262.269989,269.910004,262.042999,265.160004,2167500,0.000000,0.000000,262.269989,269.910004,262.042999,265.160004,247.771497,242.473799,231.557850,206.910025,255.772137,249.699196,6.072941,4.511147,1.561794,61.511883,247.771497,272.468817,223.074178,0.852032,10.925238,0.041202,0.015978,0.034690,0.038581,0.251286,0.273522,1.936109,0.423268,-0.013542,-0.013542,2.860804,2577345.000000,574734308.670000,0.085300
2021-02-22,258.220001,259.579987,240.220001,243.509995,4620100,0.000000,0.000000,258.220001,259.579987,240.220001,243.509995,247.189497,242.647599,231.860550,207.550125,253.885653,249.240737,4.644917,4.537901,0.107016,46.753893,247.189497,271.702619,222.676376,0.424948,11.926293,0.048977,-0.081649,-0.075161,-0.041073,0.136198,0.135351,1.744393,0.513245,-0.094085,-0.094085,2.545574,2734400.000000,1125040527.899500,-0.010515
2021-02-23,231.220001,245.199997,222.220001,243.600006,4459000,0.000000,0.000000,231.220001,245.199997,222.220001,243.600006,247.149498,243.100199,232.167250,208.179625,252.303246,248.822905,3.480341,4.326389,-0.846048,46.811029,247.149498,271.684386,222.614610,0.427664,12.715843,0.052200,0.000370,-0.079678,-0.045267,0.108785,0.159007,1.820424,0.512796,-0.093750,-0.093750,2.546884,2747405.000000,1086212426.754000,-0.022297
2021-02-24,240.639999,243.000000,234.460007,239.660004,3427800,0.000000,0.000000,240.639999,243.000000,234.460007,239.660004,247.376998,243.441599,232.411450,208.795125,250.358132,248.144171,2.213961,3.903903,-1.689943,44.557168,247.376998,271.523138,223.230858,0.340202,12.460425,0.051992,-0.016174,-0.060083,-0.019394,0.081547,0.171989,1.885384,0.494566,-0.108408,-0.108408,2.489517,2781495.000000,821506561.711200,-0.065480
2021-02-25,239.369995,242.490005,223.701996,225.729996,4553300,0.000000,0.000000,239.369995,242.490005,223.701996,225.729996,247.403998,243.446399,232.446150,209.320525,246.569188,246.483862,0.085326,3.140188,-3.054862,37.654251,247.403998,271.446665,223.361331,0.049260,12.912396,0.057203,-0.058124,-0.135101,-0.039896,0.039416,0.100639,1.700766,0.518152,-0.160231,-0.160231,2.286692,2819795.000000,1027816390.786800,-0.064854
2021-02-26,225.000000,228.559998,219.149994,226.660004,7422600,0.000000,0.000000,225.000000,228.559998,219.149994,226.660004,247.029998,243.412999,232.530050,209.852525,243.506237,245.015428,-1.509192,2.210312,-3.719504,38.341052,247.029998,272.150000,221.909996,0.094546,12.662225,0.055864,0.004120,-0.145195,0.006528,0.043554,0.057134,1.723952,0.496623,-0.156771,-0.156771,2.300233,3038530.000000,1682406545.690400,-0.052448
2021-03-01,233.369995,240.929993,229.369995,238.559998,5139300,0.000000,0.000000,233.369995,240.929993,229.369995,238.559998,247.313498,243.510199,232.656450,210.449975,242.745277,244.537248,-1.791971,1.409855,-3.201827,46.467270,247.313498,271.883538,222.743458,0.321866,12.777065,0.053559,0.052502,-0.020328,0.018878,0.064287,0.110770,1.763990,0.510991,-0.112500,-0.112500,2.473500,3195530.000000,1226031397.721400,-0.059276
2021-03-02,245.248993,246.110001,231.399994,232.589996,3216600,0.000000,0.000000,245.248993,246.110001,231.399994,232.589996,247.435998,243.420399,232.770350,211.002875,241.182926,243.652267,-2.469341,0.634016,-3.103357,43.378542,247.435998,271.667621,223.204374,0.193665,12.915132,0.055527,-0.025025,-0.045197,-0.001288,0.025213,0.080608,1.644270,0.518751,-0.134710,-0.134710,2.386575,3195150.000000,748148981.133600,-0.069245
2021-03-03,232.089996,232.589996,216.160004,219.639999,3671200,0.000000,0.000000,232.089996,232.589996,216.160004,219.639999,246.425998,242.873199,232.726250,211.471675,237.868629,241.873580,-4.004951,-0.293777,-3.711173,37.548112,246.425998,273.507090,219.344906,0.005448,13.166194,0.059944,-0.055677,-0.083535,-0.045624,-0.036159,-0.015067,1.559608,0.552950,-0.182887,-0.182887,2.198020,3226005.000000,806342364.328800,-0.101659
2021-03-04,219.259995,223.979996,205.764008,210.619995,5089200,0.000000,0.000000,219.259995,223.979996,205.764008,210.619995,245.115498,242.265599,232.628550,211.910175,233.676532,239.558500,-5.881968,-1.411415,-4.470552,34.109216,245.115498,276.367343,213.863652,-0.051895,13.526893,0.064224,-0.041067,-0.066938,-0.121831,-0.023597,-0.216443,1.351982,0.545014,-0.216443,-0.216443,2.066686,3386690.000000,1071887278.554000,-0.053411
2021-03-05,212.509995,213.289993,188.910004,204.309998,6785200,0.000000,0.000000,212.509995,213.289993,188.910004,204.309998,243.030498,241.391799,232.415650,212.295625,229.158604,236.947500,-7.788896,-2.686911,-5.101984,31.907644,243.030498,279.207152,206.853844,-0.035159,14.302115,0.070002,-0.029959,-0.098606,-0.137314,-0.061507,-0.229484,1.305982,0.551115,-0.239918,-0.239918,1.974811,3585505.000000,1386284198.429600,-0.107726
2021-03-08,203.539993,208.470001,191.589996,192.839996,3950000,0.000000,0.000000,203.539993,208.470001,191.589996,192.839996,240.153998,240.216599,232.025450,212.615975,223.571125,233.680277,-10.109152,-4.171360,-5.937792,28.328321,240.153998,282.496703,197.811293,-0.058703,14.486250,0.075121,-0.056140,-0.191650,-0.216129,-0.165231,-0.203173,1.295168,0.551125,-0.282589,-0.282589,1.807804,3655135.000000,761717984.200000,-0.183974
2021-03-09,203.470001,214.529999,201.884995,213.220001,4404800,0.000000,0.000000,203.470001,214.529999,201.884995,213.220001,238.369998,239.599999,231.775550,213.017825,221.978645,232.164701,-10.186056,-5.374299,-4.811757,40.993985,238.369998,282.143559,194.596438,0.212726,15.000803,0.070354,0.105683,-0.083280,-0.148380,-0.123345,-0.014057,1.746619,0.678327,-0.206771,-0.206771,2.104543,3773420.000000,939191460.404800,-0.172252
2021-03-10,219.839996,221.649994,210.100006,212.669998,3170100,0.000000,0.000000,219.839996,221.649994,210.100006,212.669998,236.212498,238.954799,231.531250,213.416175,220.546545,230.720649,-10.174104,-6.334260,-3.839844,40.784515,236.212498,280.613737,191.811258,0.234889,14.754317,0.069377,-0.002580,-0.031734,-0.145560,-0.085369,0.034236,1.664370,0.678477,-0.208817,-0.208817,2.096535,3831050.000000,674185160.659800,-0.129209
2021-03-11,220.990005,226.300003,215.570007,225.220001,5185200,0.000000,0.000000,220.990005,226.300003,215.570007,225.220001,234.710998,238.875199,231.378950,213.897525,221.265538,230.313194,-9.047655,-6.876939,-2.170716,47.390379,234.710998,278.427311,190.994684,0.391448,14.674009,0.065154,0.059012,0.069319,-0.119615,-0.040882,0.063412,2.002933,0.706452,-0.162128,-0.162128,2.279266,3978720.000000,1167810749.185200,-0.105725
2021-03-12,215.899994,216.860001,207.690002,210.339996,9276600,0.000000,0.000000,215.899994,216.860001,207.690002,210.339996,232.414498,238.518799,231.136349,214.316525,219.584686,228.833697,-9.249012,-7.351353,-1.897658,41.481648,232.414498,276.187787,188.641210,0.247854,14.878008,0.070733,-0.066069,0.029514,-0.175945,-0.048106,0.021316,2.062609,0.737117,-0.217485,-0.217485,1.965041,4373405.000000,1951240006.893600,-0.127603
2021-03-15,209.759995,220.479996,209.759995,220.080002,3900600,0.000000,0.000000,209.759995,220.479996,209.759995,220.080002,230.253499,238.402399,231.053049,214.777925,219.660888,228.185276,-8.524387,-7.585960,-0.938427,46.209366,230.253499,271.818430,188.688568,0.377619,14.581007,0.066253,0.046306,0.141257,-0.141218,-0.011276,0.111852,1.846353,0.760116,-0.181250,-0.181250,2.102340,4462235.000000,858444055.801200,-0.096228
2021-03-16,221.679993,224.529999,210.160004,211.179993,3192900,0.000000,0.000000,221.679993,224.529999,210.160004,211.179993,227.577998,238.179999,230.886849,215.135125,218.356135,226.925625,-8.569490,-7.782666,-0.786824,42.806207,227.577998,266.622013,188.533984,0.290006,14.565935,0.068974,-0.040440,-0.009568,-0.197949,-0.063462,0.040552,1.920481,0.758708,-0.214360,-0.214360,1.976882,4402775.000000,674276599.649700,-0.151821
2021-03-17,208.059998,215.699997,204.893997,213.339996,3015100,0.000000,0.000000,208.059998,215.699997,204.893997,213.339996,225.495998,237.998599,230.839049,215.465725,217.584421,225.919282,-8.334861,-7.893105,-0.441756,43.886321,225.495998,262.789213,188.202784,0.337021,14.297368,0.067017,0.010228,0.003150,-0.194001,-0.065651,0.056034,2.007330,0.760105,-0.206324,-0.206324,1.811545,4434720.000000,643241421.939600,-0.152882
2021-03-18,209.000000,209.160004,204.449997,204.800003,3416200,0.000000,0.000000,209.000000,209.160004,204.449997,204.800003,222.686499,237.524599,230.739049,215.751325,215.617588,224.354891,-8.737303,-8.061945,-0.675359,40.620073,222.686499,257.073946,188.299052,0.239927,13.911128,0.067925,-0.040030,-0.090667,-0.196800,-0.123663,0.039541,1.673280,0.761719,-0.238095,-0.238095,1.698999,4503165.000000,699637770.248600,-0.165037
2021-03-19,204.800003,207.509995,199.550003,205.669998,3476100,0.000000,0.000000,204.800003,207.509995,199.550003,205.669998,219.711999,237.160999,230.597549,216.042425,214.087189,222.970825,-8.883636,-8.226283,-0.657353,41.100992,219.711999,248.459421,190.964576,0.255769,13.486047,0.065571,0.004248,-0.022202,-0.211962,-0.132487,0.063499,1.710464,0.754118,-0.234859,-0.234859,1.603418,4568595.000000,714929480.047800,-0.176494
2021-03-22,205.360001,208.750000,203.720001,207.429993,2423200,0.000000,0.000000,205.360001,208.750000,203.720001,207.429993,217.907999,236.528998,230.470149,216.379275,213.063005,221.819652,-8.756647,-8.332356,-0.424291,42.122222,217.907999,244.838250,190.977747,0.305460,12.882043,0.062103,0.008557,-0.057479,-0.217718,-0.160202,0.064508,1.602635,0.751304,-0.228311,-0.228311,1.625696,4458750.000000,502644359.037600,-0.208209
2021-03-23,208.139999,209.800003,206.110001,207.960007,1661200,0.000000,0.000000,208.139999,209.800003,206.110001,207.960007,216.125999,235.797399,230.327899,216.720875,212.277929,220.793012,-8.515083,-8.368901,-0.146182,42.445855,216.125999,240.492738,191.759259,0.332436,12.225469,0.058788,0.002555,-0.015248,-0.145990,-0.137095,0.014340,1.490539,0.706194,-0.226339,-0.226339,1.632405,4318860.000000,345463163.628400,-0.174103
2021-03-24,209.000000,209.000000,198.020004,198.460007,2856700,0.000000,0.000000,209.000000,209.000000,198.020004,198.460007,214.065999,234.947399,230.129999,216.980475,210.152095,219.138715,-8.986621,-8.492445,-0.494176,38.310786,214.065999,236.978286,191.153711,0.159441,12.136506,0.061153,-0.045682,-0.069748,-0.185304,-0.199758,-0.064442,1.334824,0.718415,-0.261681,-0.261681,1.512152,4290305.000000,566940701.996900,-0.216974
2021-03-25,193.889999,202.800003,192.500000,200.289993,3432300,0.000000,0.000000,193.889999,202.800003,192.500000,200.289993,212.793999,233.700199,229.996399,217.272325,208.634848,217.742514,-9.107665,-8.615489,-0.492176,39.532800,212.793999,235.804254,189.783744,0.228295,12.005328,0.059940,0.009221,-0.022022,-0.164274,-0.203935,-0.053092,1.461472,0.720491,-0.254874,-0.254874,1.535316,4234255.000000,687455342.973900,-0.217189
2021-03-26,200.149994,204.440002,195.113998,201.960007,2150600,0.000000,0.000000,200.149994,204.440002,195.113998,201.960007,211.558999,232.622399,229.993499,217.541875,207.607950,216.573439,-8.965489,-8.685489,-0.280000,40.687502,211.558999,234.081951,189.036047,0.286906,11.813947,0.058496,0.008338,-0.018039,-0.105303,-0.172465,-0.009272,1.414057,0.698137,-0.248661,-0.248661,1.556456,3970655.000000,434335191.054200,-0.201250
2021-03-29,201.884003,202.610001,193.399994,197.399994,1984200,0.000000,0.000000,201.884003,202.610001,193.399994,197.399994,209.500999,231.565399,229.951899,217.784375,206.037495,215.153184,-9.115689,-8.771529,-0.344160,38.524212,209.500999,228.947617,190.054380,0.188866,11.627952,0.058906,-0.022579,-0.048354,-0.129092,-0.194055,-0.070446,1.390699,0.700166,-0.265625,-0.265625,1.498734,3812900.000000,391681068.094800,-0.213964
2021-03-30,194.250000,198.009995,192.020004,196.940002,2201900,0.000000,0.000000,194.250000,198.009995,192.020004,196.940002,207.718499,230.518599,229.837000,218.016075,204.637881,213.804059,-9.166179,-8.850459,-0.315720,38.302977,207.718499,224.623452,190.813546,0.181203,11.225240,0.056998,-0.002330,-0.052991,-0.174463,-0.140750,-0.076440,1.234400,0.667805,-0.267336,-0.267336,1.492911,3762165.000000,433642190.403800,-0.152066
2021-03-31,199.759995,204.820007,197.389999,202.449997,2162300,0.000000,0.000000,199.759995,204.820007,197.389999,202.449997,206.858999,229.436198,229.511400,218.214875,204.301283,212.963018,-8.661734,-8.812714,0.150980,42.558315,206.858999,222.939736,190.778262,0.362910,10.986295,0.054267,0.027978,0.020105,-0.129584,-0.112684,-0.049218,1.191017,0.676225,-0.246838,-0.246838,1.562658,3686720.000000,437757628.513100,-0.143551
2021-04-01,205.300003,210.490005,205.289993,206.289993,2251600,0.000000,0.000000,205.300003,210.490005,205.289993,206.289993,206.642499,228.455798,229.206599,218.431075,204.607238,212.468719,-7.861481,-8.622467,0.760987,45.385426,206.642499,222.626334,190.658663,0.488973,10.775846,0.052236,0.018968,0.029957,-0.060781,-0.086808,-0.041582,1.240091,0.655895,-0.232552,-0.232552,1.611266,3544840.000000,464482548.238800,-0.134214
2021-04-05,208.000000,208.380005,202.300003,205.649994,1717100,0.000000,0.000000,208.000000,208.380005,202.300003,205.649994,206.709499,227.489998,228.946199,218.650775,204.767662,211.963629,-7.195966,-8.337167,1.141201,44.988010,206.709499,222.663373,190.755624,0.466795,10.440428,0.050768,-0.003102,0.018271,-0.023597,-0.074899,-0.074732,1.447049,0.640539,-0.234933,-0.234933,1.603164,3291435.000000,353121604.697400,-0.138314
2021-04-06,205.272995,209.479996,203.350006,205.710007,1894900,0.000000,0.000000,205.272995,209.479996,203.350006,205.710007,207.352999,226.501198,229.027299,218.867825,204.912638,211.500397,-6.587759,-7.987286,1.399527,45.036611,207.352999,221.930220,192.775778,0.443645,10.132540,0.049256,0.000292,0.042097,0.006852,-0.075087,-0.057543,1.603924,0.631440,-0.234710,-0.234710,1.338411,3188680.000000,389799892.264300,-0.153831
2021-04-07,206.000000,208.516006,204.300003,205.710007,1595000,0.000000,0.000000,206.000000,208.516006,204.300003,205.710007,206.977499,225.727399,229.101299,219.089275,205.035311,211.071480,-6.036169,-7.597062,1.560893,45.036611,206.977499,221.303117,192.651882,0.455761,9.709930,0.047202,0.000000,0.044531,0.066739,-0.099737,-0.089456,1.281864,0.596324,-0.234710,-0.234710,1.338411,3048190.000000,328107461.165000,-0.167596
2021-04-08,209.550003,213.289993,208.309998,212.279999,2775800,0.000000,0.000000,209.550003,213.289993,208.309998,212.279999,206.957999,225.270799,229.138599,219.309175,206.149878,211.161000,-5.011122,-7.079874,2.068753,50.580141,206.957999,221.252018,192.663981,0.686162,9.557791,0.045024,0.031938,0.048555,-0.004409,-0.051686,-0.040325,1.413095,0.481057,-0.210268,-0.210268,1.402173,3028475.000000,589246821.224200,-0.137122
2021-04-09,210.960007,213.350006,207.619995,212.970001,2121900,0.000000,0.000000,210.960007,213.350006,207.619995,212.970001,206.345499,225.026399,229.142099,219.540025,207.199128,211.295000,-4.095872,-6.483074,2.387202,51.137530,206.345499,218.183488,194.507511,0.779798,9.284378,0.043595,0.003250,0.032382,0.001411,-0.109024,-0.049453,1.409981,0.481052,-0.207701,-0.207701,1.349884,2875310.000000,451901045.121900,-0.172748
2021-04-12,210.009995,215.660004,209.220001,213.479996,1575700,0.000000,0.000000,210.009995,215.660004,209.220001,213.479996,206.502499,224.613199,229.219899,219.787875,208.165415,211.456851,-3.291436,-5.844746,2.553310,51.572292,206.502499,218.642971,194.362028,0.787365,9.081209,0.042539,0.002395,0.038074,-0.052127,-0.127014,-0.031354,1.355511,0.431748,-0.205804,-0.205804,1.271789,2490265.000000,336380429.697200,-0.176099
2021-04-13,216.869995,229.210007,216.399994,223.639999,4287300,0.000000,0.000000,216.869995,229.210007,216.399994,223.639999,206.680499,224.428199,229.374999,220.064075,210.546120,212.359307,-1.813186,-5.038434,3.225248,59.334938,206.680499,219.729549,193.631449,1.149837,9.556123,0.042730,0.047592,0.087161,0.063231,-0.071879,-0.008688,1.379908,0.398074,-0.168006,-0.168006,1.272072,2509600.000000,958811767.712700,-0.145494
2021-04-14,225.572998,227.580002,223.639999,225.360001,4814300,0.000000,0.000000,225.572998,227.580002,223.639999,225.360001,207.389500,224.332599,229.509499,220.302975,212.825179,213.322321,-0.497142,-4.130176,3.633034,60.489580,207.389500,222.795881,191.983118,1.083216,9.154972,0.040624,0.007691,0.095523,0.023991,-0.141976,-0.028034,1.289546,0.366651,-0.161607,-0.161607,1.268801,2590670.000000,1084950652.814300,-0.202057
2021-04-15,229.000000,233.690002,226.800003,233.199997,2843700,0.000000,0.000000,229.000000,233.690002,226.800003,233.199997,208.382500,224.199799,229.698299,220.610625,215.959766,214.794741,1.165025,-3.071136,4.236160,65.322848,208.382500,227.513605,189.251394,1.148616,9.096045,0.039005,0.034789,0.098549,0.104271,-0.088528,-0.021032,1.319706,0.350792,-0.132440,-0.132440,1.347730,2582100.000000,663150831.468900,-0.157826
2021-04-16,232.781998,234.000000,228.550003,231.929993,1889000,0.000000,0.000000,232.781998,234.000000,228.550003,231.929993,209.738999,224.101798,229.820599,220.909225,218.416724,216.064019,2.352705,-1.986368,4.339072,63.957957,209.738999,231.471074,188.006925,1.010559,8.835613,0.038096,-0.005446,0.089027,0.087138,-0.073207,-0.021805,1.303635,0.352030,-0.137165,-0.137165,1.334944,2505740.000000,438115756.777000,-0.144871
2021-04-19,229.470001,231.630005,222.100006,223.300003,1899200,0.000000,0.000000,229.470001,231.630005,222.100006,223.300003,210.620499,223.647599,229.837699,221.130925,219.167998,216.600018,2.567980,-1.075498,3.643478,55.475465,210.620499,233.075825,188.165174,0.782327,8.906640,0.039886,-0.037209,0.046000,0.090332,-0.104220,-0.071325,1.225212,0.347671,-0.169271,-0.169271,1.248062,2426895.000000,424091365.697600,-0.174711
2021-04-20,222.800003,225.860001,218.389999,219.429993,1432400,0.000000,0.000000,222.800003,225.860001,218.389999,219.429993,211.220500,223.028799,229.860299,221.273125,219.208305,216.809646,2.398659,-0.380667,2.779326,52.136172,211.220500,233.956400,188.484599,0.680540,8.804023,0.040122,-0.017331,-0.018825,0.066903,-0.144756,-0.064663,1.155501,0.355699,-0.183668,-0.183668,1.209101,2377355.000000,314311521.973200,-0.189393
2021-04-21,218.360001,220.779007,215.509995,219.360001,1621300,0.000000,0.000000,218.360001,220.779007,215.509995,219.360001,211.790499,222.437999,229.881899,221.416625,219.231643,216.998561,2.233082,0.142083,2.090999,52.075120,211.790499,234.752703,188.828296,0.664825,8.551522,0.038984,-0.000319,-0.026624,0.057513,-0.140809,-0.039622,1.208396,0.355383,-0.183929,-0.183929,1.155025,2375360.000000,355648369.621300,-0.177441
2021-04-22,218.929993,227.990005,218.929993,221.690002,2074100,0.000000,0.000000,218.929993,227.990005,218.929993,221.690002,212.951999,221.755399,229.857299,221.536325,219.609852,217.346075,2.263777,0.566422,1.697355,54.006017,212.951999,235.419823,190.484175,0.694456,8.587843,0.038738,0.010622,-0.049357,0.066022,-0.126999,-0.026822,1.177915,0.356381,-0.175260,-0.175260,1.169390,2336230.000000,459807233.148200,-0.148246
2021-04-23,222.850006,226.880005,222.695007,224.839996,1431800,0.000000,0.000000,222.850006,226.880005,222.695007,224.839996,214.179499,221.147199,229.836999,221.628775,220.414489,217.901180,2.513309,0.955799,1.557510,56.554496,214.179499,236.415921,191.943077,0.739708,8.345140,0.037116,0.014209,-0.030570,0.132923,-0.118793,0.030809,1.200215,0.310065,-0.163542,-0.163542,1.174468,2236205.000000,321925906.272800,-0.153774
2021-04-26,225.399994,234.440002,223.681000,234.360001,2255600,0.000000,0.000000,225.399994,234.440002,223.681000,234.360001,215.799499,220.708999,229.901799,221.738475,222.559953,219.120352,3.439600,1.452559,1.987041,63.192385,215.799499,238.988091,192.610906,0.900208,8.517559,0.036344,0.042341,0.049530,0.170103,-0.041080,0.091061,1.230513,0.334476,-0.128125,-0.128125,1.266538,2241455.000000,528622418.255600,-0.077952
2021-04-27,234.009995,234.729996,228.500000,230.020004,1355600,0.000000,0.000000,234.009995,234.729996,228.500000,230.020004,217.430499,220.043399,230.044899,221.838025,223.707653,219.927734,3.779919,1.918031,1.861888,58.783040,217.430499,239.742187,195.118812,0.782128,8.354161,0.036319,-0.018519,0.048261,0.138938,-0.021649,0.046402,1.124896,0.346569,-0.144271,-0.144271,1.224565,2210025.000000,311815117.422400,-0.055714
2021-04-28,227.425003,236.106995,227.164001,232.300003,1584900,0.000000,0.000000,227.425003,236.106995,227.164001,232.300003,219.198499,219.395599,230.190899,222.049425,225.029553,220.844198,4.185355,2.371496,1.813859,60.348351,219.198499,240.241459,198.155539,0.811304,8.396221,0.036144,0.009912,0.058990,0.176798,0.031573,0.055094,1.234943,0.330180,-0.135789,-0.135789,1.246615,2179175.000000,368172274.754700,-0.027236
2021-04-29,232.889999,232.889999,221.500000,224.589996,1622700,0.000000,0.000000,232.889999,232.889999,221.500000,224.589996,220.305499,218.787799,230.126699,222.190225,224.961929,221.121665,3.840264,2.665250,1.175014,53.016102,220.305499,239.919545,200.691454,0.609220,8.610062,0.038337,-0.033190,0.013081,0.140398,-0.040788,0.010824,1.172050,0.358427,-0.164472,-0.164472,1.169532,2152195.000000,364442186.509200,-0.096676
2021-04-30,221.089996,228.360001,220.619995,222.940002,1289100,0.000000,0.000000,221.089996,228.360001,220.619995,222.940002,221.138000,218.026799,229.923899,222.340775,224.650863,221.256356,3.394507,2.811101,0.583406,51.572000,221.138000,239.628517,202.647483,0.548728,8.547915,0.038342,-0.007347,-0.008450,0.101210,-0.042724,0.021489,1.128306,0.352618,-0.170610,-0.170610,1.153594,2104070.000000,287391956.578200,-0.110967
2021-05-03,224.029999,224.029999,213.789993,215.100006,1843300,0.000000,0.000000,224.029999,224.029999,213.789993,215.100006,221.610500,217.025599,229.749699,222.457675,223.181500,220.800331,2.381170,2.725115,-0.343945,45.263112,221.610500,238.877050,204.343951,0.311471,8.668779,0.040301,-0.035166,-0.082181,0.042707,-0.065351,0.006787,1.077859,0.374468,-0.199777,-0.199777,1.008779,2110380.000000,396493841.059800,-0.102039
2021-05-04,212.080002,212.979996,202.449997,204.309998,4642500,0.000000,0.000000,212.080002,212.979996,202.449997,204.309998,221.540500,216.241599,229.444599,222.497175,220.278192,219.578824,0.699368,2.319965,-1.620597,38.315928,221.540500,239.087543,203.993457,0.009020,8.953152,0.043821,-0.050163,-0.111773,-0.006516,-0.148140,0.010185,0.908013,0.416123,-0.239918,-0.239918,0.868404,2247760.000000,948509165.715000,-0.149663
2021-05-05,205.649994,205.949997,195.429993,196.470001,3694800,0.000000,0.000000,205.649994,205.949997,195.429993,196.470001,221.078500,215.298999,229.199599,222.469575,216.615394,217.867060,-1.251666,1.605639,-2.857305,34.207594,221.078500,240.739711,201.417288,-0.125813,9.065070,0.046140,-0.038373,-0.154240,-0.044918,-0.170418,-0.025253,0.796708,0.436840,-0.269085,-0.269085,0.701186,2352750.000000,725917359.694800,-0.168352
2021-05-06,196.044006,196.460007,187.589996,193.619995,4610700,0.000000,0.000000,196.044006,196.460007,187.589996,193.619995,220.145499,214.378199,228.909899,222.432525,213.077640,216.070981,-2.993341,0.685843,-3.679184,32.829542,220.145499,243.065596,197.225403,-0.078652,9.051851,0.046751,-0.014506,-0.137896,-0.058772,-0.212959,-0.071055,0.676509,0.438962,-0.279687,-0.279687,0.661119,2444495.000000,892723710.946500,-0.202442
2021-05-07,196.222000,201.500000,194.330002,195.279999,3284400,0.000000,0.000000,196.222000,201.500000,194.330002,195.279999,219.260999,213.769199,228.607799,222.389025,210.339541,214.530908,-4.191367,-0.289599,-3.901768,34.485051,219.260999,244.586169,193.935830,0.026538,8.968148,0.045925,0.008574,-0.124069,-0.080083,-0.220034,-0.169057,0.659133,0.423028,-0.273512,-0.273512,0.675360,2502620.000000,641377628.715600,-0.212524
2021-05-10,193.990005,194.703003,189.139999,190.000000,2337300,0.000000,0.000000,193.990005,194.703003,189.139999,190.000000,218.086999,213.035999,228.224499,222.346575,207.210381,212.713804,-5.503423,-1.332364,-4.171059,31.800358,218.086999,246.526041,189.647958,0.006189,8.766138,0.046138,-0.027038,-0.116690,-0.107856,-0.236641,-0.197533,0.630062,0.429780,-0.293155,-0.293155,0.595700,2540700.000000,444087000.000000,-0.194763
2021-05-11,181.539993,196.720001,180.550003,195.979996,3726300,0.000000,0.000000,181.539993,196.720001,180.550003,195.979996,216.703999,212.184399,227.847299,222.371725,205.482630,211.474262,-5.991633,-2.264217,-3.727415,37.714634,216.703999,246.655998,186.752001,0.154046,9.294985,0.047428,0.031474,-0.040771,-0.081975,-0.233915,-0.154128,0.624368,0.447581,-0.270908,-0.270908,0.645923,2512650.000000,730280259.094800,-0.189777
2021-05-12,191.050003,192.789993,184.595001,187.789993,2575000,0.000000,0.000000,191.050003,192.789993,184.595001,187.789993,214.825499,211.288399,227.354399,222.329325,202.760686,209.719872,-6.959187,-3.203211,-3.755975,33.437777,214.825499,247.113182,182.537816,0.081334,9.444271,0.050292,-0.041790,-0.044180,-0.160302,-0.264290,-0.049646,0.561533,0.425086,-0.301376,-0.301376,0.577139,2400685.000000,483559231.975000,-0.196954
2021-05-13,190.100006,191.600006,179.490005,180.160004,3821300,0.000000,0.000000,190.100006,191.600006,179.490005,180.160004,212.173499,210.498799,226.685999,222.246475,199.283658,207.530252,-8.246595,-4.211888,-4.034707,30.022074,212.173499,246.739260,177.607739,0.036919,9.634680,0.053478,-0.040630,-0.069518,-0.200568,-0.296991,-0.091523,0.513060,0.435524,-0.329762,-0.329762,0.476600,2449565.000000,688445423.285200,-0.232768
2021-05-14,181.570007,187.507996,181.220001,187.080002,2037700,0.000000,0.000000,181.570007,187.507996,181.220001,187.080002,209.931000,210.027999,226.146799,222.136125,197.406172,206.015419,-8.609247,-5.091360,-3.517887,36.370525,209.931000,244.916860,174.945139,0.173425,9.471346,0.050627,0.038410,-0.041991,-0.197770,-0.289480,-0.102949,0.533317,0.440395,-0.304018,-0.304018,0.521966,2457000.000000,381212920.075400,-0.242267
2021-05-17,186.369995,188.000000,182.455002,186.509995,1456300,0.000000,0.000000,186.369995,188.000000,182.455002,186.509995,208.091499,209.671999,225.531899,221.998975,195.729837,204.570573,-8.840736,-5.841235,-2.999501,36.080167,208.091499,243.974900,172.208099,0.199283,9.190892,0.049278,-0.003047,-0.018368,-0.195835,-0.295364,-0.122801,0.481649,0.440791,-0.306138,-0.306138,0.517328,2434855.000000,271614505.718500,-0.247779
2021-05-18,187.029999,192.580002,186.205002,188.910004,2251000,0.000000,0.000000,187.029999,192.580002,186.205002,188.910004,206.565500,209.593399,224.904999,221.859375,194.680632,203.410531,-8.729899,-6.418968,-2.310931,38.313195,206.565500,243.010072,170.120928,0.257776,8.989757,0.047588,0.012868,-0.036075,-0.154008,-0.259118,-0.081624,0.536853,0.435888,-0.297210,-0.297210,0.492888,2475785.000000,425236419.004000,-0.211726
2021-05-19,184.490005,189.899994,183.089996,189.490005,1711200,0.000000,0.000000,184.490005,189.899994,183.089996,189.490005,205.072000,209.118799,224.359399,221.675425,193.882074,202.379381,-8.497306,-6.834635,-1.662671,38.868998,205.072000,241.756271,168.387729,0.287620,8.834060,0.046620,0.003070,0.009053,-0.136444,-0.273957,-0.089559,0.489467,0.435861,-0.295052,-0.295052,0.497471,2480280.000000,324255296.556000,-0.233163
2021-05-20,190.470001,197.410004,189.520004,195.490005,3029700,0.000000,0.000000,190.470001,197.410004,189.520004,195.490005,203.762000,208.775200,223.864999,221.514475,194.129448,201.869056,-7.739608,-7.015630,-0.723978,44.445418,203.762000,239.813365,167.710635,0.385275,8.768770,0.044855,0.031664,0.085091,-0.108817,-0.262747,-0.077486,0.518133,0.455316,-0.272731,-0.272731,0.544887,2528060.000000,592276068.148500,-0.238334
2021-05-21,198.940002,199.296997,192.929993,193.750000,2231900,0.000000,0.000000,198.940002,199.296997,192.929993,193.750000,202.207500,208.145800,223.510499,221.353125,194.071071,201.267645,-7.196573,-7.051819,-0.144755,43.214284,202.207500,237.094410,167.320591,0.378787,8.597215,0.044373,-0.008901,0.035653,-0.126032,-0.204345,-0.095978,0.458412,0.451844,-0.279204,-0.279204,0.531136,2568065.000000,432430625.000000,-0.199759
2021-05-24,196.000000,198.369995,194.570007,195.550003,1703000,0.000000,0.000000,196.000000,198.369995,194.570007,195.550003,200.267001,207.850000,223.184399,221.252475,194.298599,200.844116,-6.545516,-6.950558,0.405042,44.914192,200.267001,231.777856,168.756145,0.425153,8.313128,0.042512,0.009290,0.048469,-0.130270,-0.197250,-0.109923,0.470301,0.449385,-0.272507,-0.272507,0.545361,2540435.000000,333021655.109000,-0.211803
2021-05-25,196.490005,196.880005,193.490005,195.679993,1923400,0.000000,0.000000,196.490005,196.880005,193.490005,195.679993,198.550000,207.362000,222.882199,221.207075,194.511121,200.461588,-5.950467,-6.750540,0.800073,45.042141,198.550000,226.809229,170.290771,0.449220,7.961476,0.040686,0.000665,0.035837,-0.165045,-0.183510,-0.116928,0.517487,0.414448,-0.272024,-0.272024,0.546388,2568825.000000,376370898.536200,-0.187864
2021-05-26,197.494995,199.779999,196.429993,197.360001,2181400,0.000000,0.000000,197.494995,199.779999,196.429993,197.360001,196.803000,207.085600,222.632799,221.201975,194.949411,200.231841,-5.282430,-6.456918,1.174488,46.763200,196.803000,220.174540,173.431460,0.511916,7.685657,0.038942,0.008585,0.041533,-0.141988,-0.125681,-0.091219,0.559665,0.416596,-0.265774,-0.265774,0.544288,2598650.000000,430521106.181400,-0.172830
2021-05-27,196.270004,200.350006,192.462006,199.399994,2878300,0.000000,0.000000,196.270004,200.350006,192.462006,199.399994,195.543500,206.806800,222.402699,221.239875,195.634116,200.170223,-4.536107,-6.072756,1.536649,48.857551,195.543500,214.996480,176.090519,0.599123,7.700110,0.038616,0.010336,0.020001,-0.141627,-0.120268,-0.081952,0.560250,0.416815,-0.258185,-0.258185,0.427958,2661430.000000,573933002.730200,-0.161499
2021-05-28,200.979996,204.289993,200.000000,201.619995,1850700,0.000000,0.000000,200.979996,204.289993,200.000000,201.619995,194.477499,206.743200,222.133899,221.281475,196.555020,200.277613,-3.722593,-5.602723,1.880130,51.111546,194.477499,209.423831,179.531167,0.738938,7.499388,0.037196,0.011133,0.040619,-0.102275,-0.154846,-0.100513,0.442822,0.409831,-0.249926,-0.249926,0.443856,2689510.000000,373138124.746500,-0.166614
2021-06-01,202.100006,203.080994,196.710007,200.380005,1856300,0.000000,0.000000,202.100006,203.080994,196.710007,200.380005,193.741499,206.637400,221.899199,221.286475,197.143479,200.285198,-3.141718,-5.110522,1.968804,49.791538,193.741499,205.527610,181.955389,0.781624,7.418788,0.037024,-0.006150,0.024700,-0.101193,-0.138484,-0.116763,0.361092,0.409758,-0.254539,-0.254539,0.434976,2690160.000000,371965403.281500,-0.166757
2021-06-02,201.091995,202.869995,198.772003,200.529999,1406400,0.000000,0.000000,201.091995,202.869995,198.772003,200.529999,193.552499,206.499400,221.514199,221.290575,197.664482,200.303331,-2.638849,-4.616188,1.977339,49.959889,193.552499,204.730580,182.374419,0.812106,7.181588,0.035813,0.000749,0.024785,-0.067736,-0.087006,-0.120019,0.357868,0.394778,-0.253981,-0.253981,0.436050,2528355.000000,282025390.593600,-0.145368
2021-06-03,197.850006,198.460007,193.660004,194.750000,2960200,0.000000,0.000000,197.850006,198.460007,193.660004,194.750000,193.466499,206.235200,221.016299,221.225825,197.216101,199.891973,-2.675873,-4.228125,1.552252,43.857229,193.466499,204.576327,182.356672,0.557764,7.159331,0.036762,-0.028824,-0.013225,-0.046792,-0.075349,-0.097168,0.320787,0.368744,-0.275484,-0.275484,0.394658,2491625.000000,576498950.000000,-0.145380
2021-06-04,209.934998,234.889999,209.934998,233.240005,18401200,0.000000,0.000000,209.934998,234.889999,209.934998,233.240005,195.447500,206.930800,220.939099,221.344675,202.758240,202.362198,0.396042,-3.303291,3.699333,70.073102,195.447500,216.422197,174.472802,1.400907,9.515093,0.040795,0.197638,0.169709,0.187153,0.141599,0.071383,0.665286,0.766931,-0.132292,-0.132292,0.670295,3181150.000000,4291895980.006000,0.072378
2021-06-07,231.009995,244.649994,230.735001,240.970001,10106600,0.000000,0.000000,231.009995,244.649994,230.735001,240.970001,197.732000,207.744400,220.722299,221.508475,208.636972,205.222035,3.414937,-1.959646,5.374583,72.818239,197.732000,226.959228,168.504772,1.239687,9.829372,0.040791,0.033142,0.195169,0.244551,0.249585,0.043115,0.725652,0.766121,-0.103534,-0.103534,0.697928,3522260.000000,2435387412.106600,0.148662
2021-06-08,240.000000,246.800003,239.681000,242.320007,4348700,0.000000,0.000000,240.000000,246.800003,239.681000,242.320007,200.348000,208.551600,220.586999,221.647675,213.818978,207.970033,5.848944,-0.397928,6.246872,73.279230,200.348000,235.438961,165.257039,1.098046,9.635774,0.039765,0.005602,0.209302,0.240885,0.136479,-0.003700,0.653610,0.766333,-0.098512,-0.098512,0.707441,3622830.000000,1053777014.440900,0.071380
2021-06-09,241.000000,242.880005,237.369995,237.750000,3168700,0.000000,0.000000,241.000000,242.880005,237.369995,237.750000,202.436501,209.358600,220.461999,221.785525,217.500673,210.175957,7.324717,1.146601,6.178116,69.012377,202.436501,241.211499,163.661502,0.955364,9.341077,0.039289,-0.018859,0.185608,0.251316,0.117929,0.022493,0.675240,0.761681,-0.115513,-0.115513,0.605876,3594950.000000,753358425.000000,0.053431
2021-06-10,237.574997,243.490005,235.110001,243.080002,3043300,0.000000,0.000000,237.574997,243.490005,235.110001,243.080002,205.201001,210.281400,220.399999,221.978475,221.435955,212.613293,8.822661,2.681813,6.140848,71.124193,205.201001,247.319011,163.082991,0.949677,9.272429,0.038146,0.022419,0.248164,0.240331,0.079300,0.035176,0.641878,0.759366,-0.095684,-0.095684,0.632505,3618365.000000,739765370.086600,0.032903
2021-06-11,243.009995,253.139999,242.479996,253.009995,3922700,0.000000,0.000000,243.009995,253.139999,242.479996,253.009995,208.843501,211.292600,220.364399,222.218075,226.293499,215.605642,10.687858,4.283022,6.404836,74.597552,208.843501,254.310537,163.376464,0.985698,9.371541,0.037040,0.040851,0.084762,0.347303,0.202862,0.144997,0.699194,0.740285,-0.058743,-0.058743,0.680013,3623435.000000,992482307.386500,0.146588
2021-06-14,253.059998,261.000000,250.580002,257.260010,4533900,0.000000,0.000000,253.059998,261.000000,250.580002,257.260010,212.352501,212.312000,220.383899,222.432325,231.057578,218.691150,12.366428,5.899703,6.466724,75.931942,212.352501,261.436084,163.268918,0.957460,9.446431,0.036719,0.016798,0.067602,0.427953,0.168939,0.155757,0.708234,0.711860,-0.042931,-0.042931,0.593731,3748245.000000,1166391159.339000,0.115859
2021-06-15,253.990005,254.500000,247.869995,250.479996,2870800,0.000000,0.000000,253.990005,254.500000,247.869995,250.479996,215.551001,213.208600,220.349299,222.610875,234.045642,221.045880,12.999763,7.319715,5.680047,69.646560,215.551001,265.865703,165.236299,0.847105,9.442401,0.037697,-0.026355,0.033674,0.338892,0.186097,0.110825,0.539615,0.723688,-0.068155,-0.068155,0.551728,3818970.000000,719077972.516800,0.141463
2021-06-16,251.000000,255.800003,248.050003,253.070007,3210100,0.000000,0.000000,251.000000,255.800003,248.050003,253.070007,218.759001,214.155800,220.328499,222.800025,236.972468,223.418037,13.554430,8.566658,4.987772,70.646163,218.759001,270.092917,167.425086,0.834194,9.321515,0.036834,0.010340,0.064437,0.356871,0.186229,0.108352,0.552101,0.720988,-0.058519,-0.058519,0.567774,3866925.000000,812380029.470700,0.148190
2021-06-17,250.000000,261.489014,249.000000,260.609985,3478500,0.000000,0.000000,250.000000,261.489014,249.000000,260.609985,222.315000,215.253800,220.490599,222.988075,240.609009,226.172996,14.436012,9.740529,4.695483,73.393207,222.315000,274.948769,169.681231,0.863787,9.547765,0.036636,0.029794,0.072116,0.379546,0.272510,0.115148,0.611588,0.722584,-0.030469,-0.030469,0.614484,3955290.000000,906531832.822500,0.192823
2021-06-18,261.190002,275.839996,261.190002,274.429993,6099000,0.000000,0.000000,261.190002,275.839996,261.190002,274.429993,226.262000,216.496800,220.883799,223.016225,245.812237,229.747589,16.064648,11.005353,5.059296,77.541781,226.262000,282.163804,170.360195,0.930827,9.953640,0.036270,0.053029,0.084661,0.448256,0.334322,0.157542,0.690881,0.731698,0.000000,0.000000,0.700099,4108755.000000,1673748527.307000,0.272640
2021-06-21,268.809998,273.890015,265.500000,270.019989,2581500,0.000000,0.000000,268.809998,273.890015,265.500000,270.019989,230.075499,217.637799,221.332099,223.040525,249.536507,232.730729,16.805777,12.165438,4.640339,73.598216,230.075499,287.034731,173.116267,0.850641,9.880522,0.036592,-0.016070,0.049600,0.381247,0.301740,0.093198,0.672779,0.739692,-0.016070,-0.016070,0.647367,4126235.000000,697056601.603500,0.244634
2021-06-22,269.989990,279.054993,269.000000,277.269989,3149900,0.000000,0.000000,269.989990,279.054993,269.000000,277.269989,234.161498,218.913599,221.763399,223.216825,253.803196,236.029934,17.773262,13.287003,4.486260,75.779075,234.161498,292.402529,175.920467,0.870087,9.892984,0.035680,0.026850,0.106955,0.431071,0.333285,0.150498,0.647475,0.734610,0.000000,0.000000,0.691599,4198580.000000,873372738.351100,0.255753
2021-06-23,276.766998,279.899994,273.029999,274.799988,2691200,0.000000,0.000000,276.766998,279.899994,273.029999,274.799988,238.117498,219.936799,222.182499,223.509525,257.033472,238.901790,18.131682,14.255939,3.875744,73.550019,238.117498,296.100701,180.134295,0.816320,9.677057,0.035215,-0.008908,0.085865,0.405267,0.384662,0.108064,0.647482,0.740058,-0.008908,-0.008908,0.676530,4236970.000000,739541727.705600,0.283609
2021-06-24,276.450012,282.545013,275.640015,276.720001,2249500,0.000000,0.000000,276.450012,282.545013,275.640015,276.720001,242.085498,220.963999,222.648299,223.864975,260.062169,241.703139,18.359030,15.076557,3.282473,74.185678,242.085498,299.179742,184.991254,0.803310,9.539054,0.034472,0.006987,0.061817,0.414146,0.381597,0.099841,0.688244,0.738592,-0.001984,-0.001984,0.643230,4240375.000000,622481642.249500,0.274333
2021-06-25,277.940002,279.420013,274.600006,279.200012,2186700,0.000000,0.000000,277.940002,279.420013,274.600006,279.200012,246.075499,221.883999,223.041899,224.202025,263.006452,244.480685,18.525767,15.766399,2.759368,75.020729,246.075499,301.745311,190.405687,0.797509,9.201980,0.032958,0.008962,0.017382,0.414674,0.382452,0.144028,0.657957,0.738536,0.000000,0.000000,0.626376,4205795.000000,610526666.240400,0.289470
2021-06-28,279.101990,285.350006,279.101990,284.149994,1740300,0.000000,0.000000,279.101990,285.350006,279.101990,284.149994,250.201999,222.928399,223.515099,224.593025,266.259305,247.419152,18.840153,16.381150,2.459003,76.644678,250.201999,304.207210,196.196788,0.814303,8.990982,0.031642,0.017729,0.052329,0.425025,0.439463,0.160127,0.600124,0.738064,0.000000,0.000000,0.655211,4200275.000000,494506234.558200,0.329134
2021-06-29,282.579987,284.989990,279.500000,284.480011,1989900,0.000000,0.000000,282.579987,284.989990,279.500000,284.480011,254.406999,224.152000,223.899799,225.025725,269.062490,250.164401,18.898089,16.884538,2.013552,76.753189,254.406999,305.071601,203.742398,0.796785,8.740911,0.030726,0.001161,0.026004,0.410971,0.444501,0.241187,0.657133,0.740030,0.000000,0.000000,0.651937,4206955.000000,566086773.888900,0.330825
2021-06-30,284.000000,286.510010,279.345001,279.570007,1771400,0.000000,0.000000,284.000000,286.510010,279.345001,279.570007,258.359000,225.354800,224.191799,225.408825,270.679031,252.342594,18.336437,17.174918,1.161520,71.435397,258.359000,303.340548,213.377452,0.735775,8.628347,0.030863,-0.017260,0.017358,0.395199,0.380934,0.225324,0.623425,0.745478,-0.017260,-0.017260,0.562193,4225205.000000,495230310.399800,0.286037
2021-07-01,278.630005,280.630005,275.140015,278.089996,1359300,0.000000,0.000000,278.630005,280.630005,275.140015,278.089996,262.525999,226.529400,224.483699,225.789175,271.819180,254.249809,17.569371,17.253808,0.315563,69.864106,262.525999,296.882621,228.169377,0.726507,8.404179,0.030221,-0.005294,0.004951,0.386775,0.348054,0.231031,0.553923,0.747423,-0.022462,-0.022462,0.543572,4145160.000000,378007731.562800,0.270735
2021-07-02,279.602997,283.000000,277.209991,278.820007,1231700,0.000000,0.000000,279.602997,283.000000,277.209991,278.820007,264.805000,227.672000,224.713699,226.198225,272.896230,256.069824,16.826406,17.168328,-0.341921,70.212148,264.805000,296.958386,232.651613,0.717940,8.217452,0.029472,0.002625,-0.001361,0.431682,0.355799,0.254251,0.459867,0.731074,-0.019896,-0.019896,0.547624,3286685.000000,343422602.621900,0.287670
2021-07-06,279.000000,293.609985,277.160004,288.179993,3438700,0.000000,0.000000,279.000000,293.609985,277.160004,288.179993,267.165499,228.938800,225.042999,226.672175,275.247578,258.448355,16.799224,17.094507,-0.295283,74.309071,267.165499,298.879967,235.451032,0.831308,8.805490,0.030556,0.033570,0.014183,0.235551,0.400904,0.295715,0.511486,0.339704,0.000000,0.000000,0.599578,2953290.000000,990964541.929100,0.330439
2021-07-07,292.000000,293.649994,285.609985,288.940002,3136700,0.000000,0.000000,292.000000,293.649994,285.609985,288.940002,269.496499,230.030400,225.369699,227.142575,277.354105,260.706995,16.647110,17.005028,-0.357918,74.614377,269.496499,300.363769,238.629229,0.814953,8.750813,0.030286,0.002637,0.015678,0.199070,0.404599,0.264508,0.461138,0.330207,0.000000,0.000000,0.603797,2892690.000000,906318104.273400,0.333284
2021-07-08,280.640015,291.890015,279.500000,288.739990,2346600,0.000000,0.000000,280.640015,291.890015,279.500000,288.739990,272.045998,231.204799,225.624099,227.561175,279.105780,262.783513,16.322266,16.868475,-0.546209,74.363916,272.045998,300.174341,243.917655,0.796747,9.010756,0.031207,-0.000692,0.032800,0.191565,0.360185,0.289882,0.399273,0.331712,-0.000692,-0.000692,0.602686,2851585.000000,677557260.534000,0.307364
2021-07-09,287.500000,290.000000,285.049988,288.019989,1497100,0.000000,0.000000,287.500000,290.000000,285.049988,288.019989,274.292998,232.319199,225.857399,227.940625,280.477196,264.652882,15.824314,16.659643,-0.835329,73.408648,274.292998,299.729717,248.856278,0.769826,8.720703,0.030278,-0.002494,0.035708,0.211441,0.352397,0.204953,0.355899,0.319261,-0.003184,-0.003184,0.598690,2774275.000000,431194725.531900,0.294719
2021-07-12,290.380005,298.750000,287.019989,288.100006,1978000,0.000000,0.000000,290.380005,298.750000,287.019989,288.100006,276.047498,233.589399,226.188599,228.323525,281.649936,266.389706,15.260230,16.379761,-1.119530,73.449467,276.047498,300.106543,251.988454,0.750478,8.935653,0.031016,0.000278,0.033283,0.185207,0.349541,0.178130,0.371187,0.317061,-0.002907,-0.002907,0.599134,2677040.000000,569861811.868000,0.285769
2021-07-13,288.459991,288.549988,281.829987,283.679993,1496200,0.000000,0.000000,288.459991,288.549988,281.829987,283.679993,277.368497,234.804199,226.415499,228.722675,281.962253,267.670468,14.291785,15.962165,-1.670381,67.303457,277.368497,299.939383,254.797612,0.639815,8.777392,0.030941,-0.015342,-0.015615,0.121220,0.268467,0.177291,0.492895,0.303877,-0.018205,-0.018205,0.574600,2525155.000000,424442005.526600,0.219771
2021-07-14,285.040009,285.980011,274.019989,275.429993,1707200,0.000000,0.000000,285.040009,285.980011,274.019989,275.429993,278.615997,236.010799,226.518199,229.038025,280.957290,268.245248,12.712042,15.312141,-2.600099,57.613076,278.615997,297.363653,259.868342,0.415029,9.004723,0.032693,-0.029082,-0.046757,0.070629,0.222178,0.048658,0.402179,0.323567,-0.046757,-0.046757,0.528808,2466975.000000,470214084.049600,0.165379
2021-07-15,274.679993,279.739990,270.410004,277.010010,3528100,0.000000,0.000000,274.679993,279.739990,270.410004,277.010010,279.812997,237.464799,226.853199,229.356875,280.350016,268.894489,11.455527,14.540818,-3.085291,58.835492,279.812997,294.255841,265.370154,0.402963,9.027956,0.032591,0.005737,-0.040625,0.105917,0.187865,0.082705,0.436550,0.304877,-0.041289,-0.041289,0.537578,2482875.000000,977319016.281000,0.151938
2021-07-16,280.950012,283.593994,277.789001,282.049988,1914700,0.000000,0.000000,280.950012,283.593994,277.789001,282.049988,280.884998,239.176399,227.237699,229.702475,280.611550,269.868971,10.742579,13.781170,-3.038591,62.546026,280.884998,292.162310,269.607685,0.551652,8.853387,0.031389,0.018194,-0.020728,0.114514,0.216100,0.127073,0.471156,0.307817,-0.023846,-0.023846,0.565553,2404685.000000,540041112.023600,0.189421
2021-07-19,281.429993,291.660004,277.903992,289.480011,3080800,0.000000,0.000000,281.429993,291.660004,277.903992,289.480011,281.637498,241.093599,227.735899,230.073675,281.975929,271.321640,10.654288,13.155794,-2.501505,67.234925,281.637498,293.108069,270.166928,0.841854,9.203574,0.031793,0.026343,0.004790,0.110779,0.296373,0.161264,0.473856,0.304579,0.000000,0.000000,0.606794,2253775.000000,891830017.888800,0.270486
2021-07-20,291.600006,306.000000,290.500000,301.269989,4394300,0.000000,0.000000,291.600006,306.000000,290.500000,301.269989,283.199998,243.213399,228.491299,230.468725,284.944246,273.540037,11.404209,12.805477,-1.401268,73.009187,283.199998,296.391834,270.008163,1.184893,9.726175,0.032284,0.040728,0.062006,0.097803,0.372966,0.174221,0.491509,0.282408,0.000000,0.000000,0.672236,2344415.000000,1323870712.662700,0.321276
2021-07-21,300.989014,304.950012,294.209991,302.809998,2247900,0.000000,0.000000,300.989014,304.950012,294.209991,302.809998,284.476999,245.469599,229.252799,230.891424,287.692823,275.708182,11.984641,12.641310,-0.656669,73.662109,284.476999,299.991942,268.962055,1.090817,9.798593,0.032359,0.005112,0.099408,0.121435,0.380425,0.186048,0.506293,0.272220,0.000000,0.000000,0.680784,2299315.000000,680686594.504200,0.331556
2021-07-22,303.459991,310.506012,303.170013,308.000000,1945200,0.000000,0.000000,303.459991,310.506012,303.170013,308.000000,286.137000,247.709999,229.947199,231.301825,290.817004,278.100168,12.716836,12.656415,0.060421,75.787837,286.137000,304.189344,268.084655,1.105545,9.648409,0.031326,0.017139,0.111873,0.110831,0.389327,0.212885,0.509952,0.264647,0.000000,0.000000,0.709591,2262015.000000,599121600.000000,0.326644
2021-07-23,307.019989,310.290009,305.109985,308.500000,1594100,0.000000,0.000000,307.019989,310.290009,305.109985,308.500000,287.725999,250.124199,230.706299,231.738325,293.537465,280.352008,13.185457,12.762223,0.423234,75.988897,287.725999,307.772732,267.679267,1.018139,9.329238,0.030241,0.001623,0.093778,0.122635,0.372087,0.209093,0.554234,0.260073,0.000000,0.000000,0.712367,2229245.000000,491779850.000000,0.313573
2021-07-26,305.380005,308.290009,302.500000,305.769989,1391700,0.000000,0.000000,305.380005,308.290009,302.500000,305.769989,289.054498,252.636399,231.567599,232.146924,295.419392,282.234821,13.184571,12.846693,0.337878,72.451228,289.054498,310.212970,267.896027,0.895007,9.091436,0.029733,-0.008849,0.056273,0.104980,0.304702,0.251105,0.601309,0.264791,-0.008849,-0.008849,0.697213,2189495.000000,425540093.691300,0.255056
2021-07-27,302.799988,306.944000,295.062988,302.040009,1724300,0.000000,0.000000,302.799988,306.944000,295.062988,302.040009,289.948999,254.935599,232.481799,232.555174,296.437948,283.701872,12.736076,12.824570,-0.088493,67.806449,289.948999,311.737703,268.160296,0.777461,9.290691,0.030760,-0.012199,0.002556,0.081805,0.313103,0.284675,0.538901,0.270776,-0.020940,-0.020940,0.676510,2188695.000000,520807587.518700,0.272624
2021-07-28,303.029999,307.373993,299.179993,304.820007,1107600,0.000000,0.000000,303.029999,307.373993,299.179993,304.820007,290.965999,257.301799,233.486899,232.951275,297.727496,285.266178,12.461317,12.751919,-0.290602,69.381953,290.965999,313.563634,268.368363,0.806537,9.212356,0.030222,0.009204,0.006638,0.072743,0.312183,0.353613,0.549433,0.266868,-0.011929,-0.011929,0.691940,2144580.000000,337618639.753200,0.261542
2021-07-29,302.239990,308.489990,299.750000,301.179993,1481300,0.000000,0.000000,302.239990,308.489990,299.750000,301.179993,292.046498,259.547199,234.570299,233.297874,298.258649,286.444979,11.813670,12.564269,-0.750600,64.903174,292.046498,314.415226,269.677771,0.704158,9.178615,0.030476,-0.011942,-0.022143,0.058704,0.341021,0.286324,0.440019,0.272113,-0.023728,-0.023728,0.671736,2130075.000000,446137923.630900,0.291619
2021-07-30,297.179993,302.584991,296.100006,298.040009,1406800,0.000000,0.000000,297.179993,302.584991,296.100006,298.040009,293.043999,261.718199,235.418499,233.597024,298.225012,287.303871,10.921142,12.235644,-1.314502,61.231236,293.043999,314.555063,271.532935,0.616127,8.986213,0.030151,-0.010426,-0.033906,0.066066,0.336862,0.279746,0.393101,0.266723,-0.033906,-0.033906,0.654307,2132450.000000,419282684.661200,0.286012
2021-08-02,299.799988,299.799988,288.368011,295.100006,2003000,0.000000,0.000000,299.799988,299.799988,288.368011,295.100006,293.857999,263.710399,236.242799,233.887024,297.744242,287.881362,9.862880,11.761091,-1.898211,57.926681,293.857999,314.308716,273.407282,0.530366,9.160911,0.031043,-0.009864,-0.034895,0.061167,0.371920,0.282263,0.360974,0.269013,-0.043436,-0.043436,0.637988,2171015.000000,591085312.018000,0.315357
2021-08-03,293.809998,299.839996,289.350006,292.660004,1453900,0.000000,0.000000,293.809998,299.839996,289.350006,292.660004,294.081999,265.688599,236.917199,234.148075,296.962052,288.235336,8.726716,11.154216,-2.427500,55.261131,294.081999,314.368335,273.795664,0.464952,9.255845,0.031627,-0.008268,-0.031056,0.049638,0.432431,0.220230,0.293353,0.271820,-0.051345,-0.051345,0.624445,2071775.000000,425498379.815600,0.349709
2021-08-04,293.350006,302.161011,293.070007,301.970001,1662200,0.000000,0.000000,293.350006,302.161011,293.070007,301.970001,294.733499,267.816999,237.833499,234.484924,297.732505,289.252718,8.479787,10.619330,-2.139543,62.375315,294.733499,315.160955,274.306043,0.677127,9.273357,0.030710,0.031812,-0.009350,0.047852,0.536978,0.275050,0.326291,0.269340,-0.021167,-0.021167,0.676121,1998050.000000,501934535.662200,0.448767
2021-08-05,302.000000,308.799988,299.329987,305.609985,1763500,0.000000,0.000000,302.000000,308.799988,299.329987,305.609985,295.576999,270.015599,238.688799,234.870924,298.944425,290.464368,8.480058,10.191476,-1.711418,64.736348,295.576999,316.352645,274.801353,0.741460,9.287403,0.030390,0.012054,0.014709,0.057694,0.578401,0.242267,0.352137,0.271428,-0.009368,-0.009368,0.696325,1968895.000000,538943208.547500,0.485810
2021-08-06,304.160004,307.950012,298.929993,302.630005,1017200,0.000000,0.000000,304.160004,307.950012,298.929993,302.630005,296.307500,272.120999,239.603299,235.245074,299.511438,291.365526,8.145912,9.782363,-1.636451,61.342524,296.307500,316.991561,275.623439,0.652835,9.268304,0.030626,-0.009751,0.015401,0.048106,0.549724,0.208731,0.403144,0.274696,-0.019028,-0.019028,0.679785,1944900.000000,307835241.086000,0.470935
2021-08-09,302.500000,307.519989,299.484985,306.500000,1061200,0.000000,0.000000,302.500000,307.519989,299.484985,306.500000,297.227500,274.262999,240.534899,235.686974,300.586601,292.486598,8.100003,9.445891,-1.345888,63.983273,297.227500,318.011048,276.443951,0.723073,9.180211,0.029952,0.012788,0.038631,0.064162,0.613158,0.231418,0.496874,0.276374,-0.006483,-0.006483,0.701266,1899060.000000,325257800.000000,0.504343
2021-08-10,308.000000,314.760010,300.500000,301.440002,2028800,0.000000,0.000000,308.000000,314.760010,300.500000,301.440002,298.115500,276.259399,241.501299,236.120174,300.717893,293.149813,7.568080,9.070329,-1.502248,58.368918,298.115500,317.958196,278.272804,0.583771,9.543054,0.031658,-0.016509,0.030001,0.046303,0.538116,0.178328,0.519508,0.284538,-0.022885,-0.022885,0.673179,1925690.000000,611561476.057600,0.433656
2021-08-11,303.000000,303.489990,290.690002,293.059998,1885700,0.000000,0.000000,303.000000,303.489990,290.690002,293.059998,298.997000,278.112999,242.375199,236.486374,299.539756,293.143160,6.396596,8.535582,-2.138987,50.470350,298.997000,315.952762,282.041238,0.324927,9.775692,0.033357,-0.027800,-0.029506,0.033065,0.560573,0.148129,0.527786,0.297264,-0.050049,-0.050049,0.626665,1934615.000000,552623238.228600,0.427554
2021-08-12,290.367004,300.089996,290.367004,295.540009,1072300,0.000000,0.000000,290.367004,300.089996,290.367004,295.540009,299.923500,280.013199,243.256300,236.863224,298.924410,293.320705,5.603706,7.949207,-2.345501,52.518154,299.923500,313.511187,286.335813,0.338696,9.771928,0.033065,0.008462,-0.032950,0.073013,0.640431,0.153237,0.528919,0.275938,-0.042010,-0.042010,0.640431,1811825.000000,316907551.650700,0.511572
2021-08-13,296.010010,299.269989,293.619995,295.970001,851700,0.000000,0.000000,296.010010,299.269989,293.619995,295.970001,300.619501,282.037599,244.136400,237.232149,298.469886,293.516949,4.952937,7.349953,-2.397016,52.881904,300.619501,311.510822,289.728179,0.286550,9.477504,0.032022,0.001455,-0.022007,0.068445,0.582050,0.124079,0.484452,0.275900,-0.040616,-0.040616,0.642817,1758675.000000,252077649.851700,0.478333
2021-08-16,296.230011,296.359985,282.109985,286.750000,1550500,0.000000,0.000000,296.230011,296.359985,282.109985,286.750000,300.483000,283.107799,245.019299,237.574649,296.666826,293.015693,3.651133,6.610189,-2.959056,44.933185,300.483000,312.011924,288.954077,-0.095589,9.818396,0.034240,-0.031152,-0.064437,0.016664,0.537451,0.083343,0.435832,0.294653,-0.070502,-0.070502,0.591641,1682160.000000,444605875.000000,0.431710
2021-08-17,285.000000,289.929993,281.279999,285.579987,1137500,0.000000,0.000000,285.000000,289.929993,281.279999,285.579987,299.698500,283.999999,245.872199,237.934299,294.961159,292.464900,2.496258,5.787403,-3.291144,44.028763,299.698500,313.000839,286.396161,-0.030678,9.734939,0.034088,-0.004080,-0.052614,-0.013473,0.511725,0.120009,0.374964,0.280107,-0.074295,-0.074295,0.585146,1519320.000000,324847235.212500,0.410058
2021-08-18,286.920013,288.609985,284.079987,284.809998,955100,0.000000,0.000000,286.920013,288.609985,284.079987,284.809998,298.798500,284.849799,246.700699,238.347099,293.399442,291.897870,1.501571,4.930236,-3.428665,43.409511,298.798500,313.569091,284.027910,0.026475,9.363158,0.032875,-0.002696,-0.028151,-0.054635,0.503034,0.091268,0.359670,0.236589,-0.076791,-0.076791,0.580873,1454680.000000,272022029.089800,0.410839
2021-08-19,283.570007,291.390015,283.394989,286.839996,2048600,0.000000,0.000000,283.570007,291.390015,283.394989,286.839996,297.740500,285.831599,247.595099,238.773499,292.390296,291.523213,0.867083,4.117606,-3.250523,45.582536,297.740500,312.765112,282.715888,0.137245,9.265434,0.032302,0.007128,-0.029438,-0.052739,0.467287,0.081762,0.377648,0.237515,-0.070211,-0.070211,0.592140,1459850.000000,587620415.805600,0.392962
2021-08-20,288.540009,289.649994,284.510010,286.000000,1431200,0.000000,0.000000,288.540009,289.649994,284.510010,286.000000,296.615500,286.689999,248.485699,239.161349,291.407174,291.114086,0.293088,3.352702,-3.059615,44.815674,296.615500,311.617395,281.613605,0.146195,8.970759,0.031366,-0.002928,-0.033686,-0.071429,0.476129,0.174490,0.333458,0.226559,-0.072934,-0.072934,0.587478,1451705.000000,409323200.000000,0.383807
2021-08-23,287.010010,296.000000,285.679993,290.890015,2118700,0.000000,0.000000,287.010010,296.000000,285.679993,290.890015,295.871501,287.447599,249.370100,239.440750,291.327611,291.097488,0.230123,2.728186,-2.498064,50.080751,295.871501,310.431185,281.311817,0.328929,9.067134,0.031170,0.017098,0.014438,-0.057083,0.487548,0.194130,0.384004,0.237005,-0.057083,-0.057083,0.614620,1488055.000000,616308674.780500,0.393743
2021-08-24,295.470001,296.330994,291.170013,293.989990,1379800,0.000000,0.000000,295.470001,296.330994,291.170013,293.989990,295.469000,288.182199,250.247099,239.726849,291.737208,291.311748,0.425460,2.267641,-1.842181,53.133455,295.469000,309.753149,281.184851,0.448229,8.808123,0.029961,0.010657,0.029449,-0.038526,0.502402,0.226696,0.437674,0.240227,-0.047034,-0.047034,0.631827,1470830.000000,405647388.202000,0.402628
2021-08-25,294.589996,299.779999,292.989990,298.899994,1526500,0.000000,0.000000,294.589996,299.779999,292.989990,298.899994,295.173000,289.150599,251.179599,240.062899,292.839175,291.873840,0.965335,2.007180,-1.041845,57.560326,295.173000,308.874735,281.471264,0.636004,8.663972,0.028986,0.016701,0.049472,-0.010396,0.514491,0.324148,0.457409,0.245213,-0.031118,-0.031118,0.659081,1491775.000000,456270840.841000,0.419582
2021-08-26,299.795990,303.760010,294.959991,295.149994,1050700,0.000000,0.000000,299.795990,303.760010,294.959991,295.149994,294.871500,289.992199,252.073999,240.550649,293.194685,292.116518,1.078167,1.821377,-0.743210,53.410812,294.871500,308.278897,281.464103,0.510386,8.673689,0.029387,-0.012546,0.028971,-0.031724,0.480191,0.302171,0.376568,0.246071,-0.043274,-0.043274,0.638266,1470245.000000,310114098.695800,0.392137
2021-08-27,297.980011,302.679993,296.000000,300.760010,1260800,0.000000,0.000000,297.980011,302.679993,296.000000,300.760010,295.007500,290.795199,253.024499,241.062899,294.358581,292.756777,1.601805,1.777463,-0.175658,58.258749,295.007500,308.604071,281.410928,0.711543,8.591997,0.028568,0.019007,0.051608,-0.001394,0.491717,0.260731,0.400382,0.252663,-0.025089,-0.025089,0.669405,1462945.000000,379198220.608000,0.391289
2021-08-30,304.690002,308.739990,301.320007,303.640015,1428400,0.000000,0.000000,304.690002,308.739990,301.320007,303.640015,295.434500,291.379399,253.938100,241.538349,295.786494,293.562943,2.223552,1.866681,0.356871,60.529445,295.434500,309.569059,281.299942,0.790264,8.548282,0.028153,0.009576,0.043831,0.018789,0.515321,0.305473,0.410704,0.251708,-0.015754,-0.015754,0.685391,1434215.000000,433719397.426000,0.403982
2021-08-31,295.140015,299.843994,291.299011,296.239990,2419300,0.000000,0.000000,295.140015,299.843994,291.299011,296.239990,295.613499,291.903799,254.770799,241.956449,295.856263,293.761242,2.095021,1.912349,0.182672,52.610132,295.613499,309.690674,281.536325,0.522252,8.819190,0.029770,-0.024371,0.007653,0.003863,0.477285,0.348752,0.328430,0.264304,-0.039741,-0.039741,0.644316,1482485.000000,716693407.807000,0.368033
2021-09-01,296.342987,299.170013,294.000000,297.220001,1641600,0.000000,0.000000,296.342987,299.170013,294.000000,297.220001,295.375999,292.302800,255.608199,242.414049,296.066069,294.017447,2.048622,1.939603,0.109019,53.478212,295.375999,309.158827,281.593172,0.566895,8.558535,0.028795,0.003308,-0.005621,0.015581,0.526162,0.411167,0.105729,0.262603,-0.036564,-0.036564,0.649756,1481455.000000,487916353.641600,0.401672
2021-09-02,297.000000,297.220001,290.500000,294.570007,3769300,0.000000,0.000000,297.000000,297.220001,290.500000,294.570007,294.824001,292.698200,256.317500,242.846249,295.835905,294.058377,1.777528,1.907188,-0.129660,50.770016,294.824001,307.737976,281.910025,0.490166,8.427211,0.028609,-0.008916,-0.001965,-0.024506,0.262948,0.441780,0.110914,0.238968,-0.045154,-0.045154,0.635047,1581745.000000,1110322727.385100,0.153158
2021-09-03,296.045013,314.700012,295.980011,310.049988,9918900,0.000000,0.000000,296.045013,314.700012,295.980011,310.049988,295.195000,293.364800,257.164399,243.336949,298.022687,295.242941,2.779746,2.081700,0.698047,62.664288,295.195000,309.413633,280.976366,1.022377,9.263125,0.029876,0.052551,0.030888,0.014528,0.286675,0.607810,0.281145,0.300303,0.000000,0.000000,0.720970,2026830.000000,3075354825.973200,0.179930
2021-09-07,310.700012,311.679993,290.769989,291.500000,5154100,0.000000,0.000000,310.700012,311.679993,290.769989,291.500000,294.445000,293.610800,257.747399,243.722849,297.019197,294.965686,2.053511,2.076062,-0.022551,47.769959,294.445000,307.702810,281.187189,0.388933,10.095045,0.034631,-0.059829,-0.039982,-0.036778,0.202955,0.367133,0.347915,0.365597,-0.059829,-0.059829,0.618006,2231475.000000,1502420150.000000,0.098866
2021-09-08,292.750000,294.369995,280.674988,281.640015,4051300,0.000000,0.000000,292.750000,294.369995,280.674988,281.640015,293.455000,293.560600,258.244500,244.032549,294.653169,293.978599,0.674570,1.795764,-1.121194,42.048943,293.455000,307.450044,279.459957,0.077887,10.352185,0.036757,-0.033825,-0.049284,-0.081109,0.184606,0.324305,0.369645,0.378045,-0.091630,-0.091630,0.563277,2332600.000000,1141008192.769500,0.085776
2021-09-09,282.029999,284.713013,279.290009,281.309998,2454700,0.000000,0.000000,282.029999,284.713013,279.290009,281.309998,292.867500,293.497200,258.824600,244.331149,292.600373,293.040184,-0.439811,1.348649,-1.788460,41.868206,292.867500,307.881759,277.853241,0.115116,10.000101,0.035548,-0.001172,-0.053529,-0.066779,0.157273,0.249045,0.328250,0.375245,-0.092695,-0.092695,0.561445,2361050.000000,690531652.090600,0.069692
2021-09-10,283.791992,285.619995,276.230011,277.149994,2339200,0.000000,0.000000,283.791992,285.619995,276.230011,277.149994,291.948000,293.448800,259.401800,244.631049,290.223392,291.863133,-1.639741,0.750971,-2.390712,39.559918,291.948000,308.451721,275.444278,0.051677,9.956521,0.035925,-0.014788,-0.059137,-0.054289,0.095411,0.317629,0.345715,0.367035,-0.106112,-0.106112,0.538355,2424395.000000,648309265.964800,0.021061
2021-09-13,277.980011,277.980011,268.222992,271.220001,2982100,0.000000,0.000000,277.980011,277.980011,268.222992,271.220001,290.710500,293.311400,259.920400,244.901149,287.299793,290.334012,-3.034219,-0.006067,-3.028152,36.473020,290.710500,309.498044,271.922955,-0.018708,9.942271,0.036658,-0.021396,-0.125238,-0.082290,0.054264,0.232370,0.370213,0.370460,-0.125238,-0.125238,0.505440,2530915.000000,808805164.982100,-0.011450
2021-09-14,271.850006,272.942993,267.059998,267.980011,2552500,0.000000,0.000000,271.850006,272.942993,267.059998,267.980011,289.772000,293.094600,260.383300,245.120300,284.327519,288.678160,-4.350641,-0.874982,-3.475659,34.871925,289.772000,311.096511,268.447489,-0.010961,9.652322,0.036019,-0.011946,-0.080686,-0.094570,0.069866,0.268965,0.320424,0.370964,-0.135688,-0.135688,0.487456,2581015.000000,684018978.077500,0.001301
2021-09-15,269.359985,273.899994,263.890015,273.649994,3659100,0.000000,0.000000,269.359985,273.899994,263.890015,273.649994,289.175501,292.804000,260.871400,245.354200,282.684823,287.564963,-4.880140,-1.676014,-3.204126,39.848331,289.175501,311.631165,266.719836,0.154308,9.677869,0.035366,0.021158,-0.028370,-0.045684,0.081321,0.282694,0.354569,0.367781,-0.117400,-0.117400,0.518928,2707095.000000,1001312693.045400,0.001416
2021-09-16,273.640015,277.109985,271.970001,277.100006,2746100,0.000000,0.000000,273.640015,277.109985,271.970001,277.100006,288.790001,292.567200,261.298800,245.600300,281.825620,286.789781,-4.964160,-2.333643,-2.630518,42.716474,288.790001,311.818623,265.761379,0.246186,9.353735,0.033756,0.012607,-0.014966,-0.029694,0.063275,0.353027,0.406528,0.371101,-0.106273,-0.106273,0.538077,2796645.000000,760944326.476600,-0.008793
2021-09-17,277.000000,278.670013,273.890015,277.739990,4051500,0.000000,0.000000,277.000000,278.670013,273.890015,277.739990,288.335001,292.347200,261.776000,245.910449,281.197062,286.119426,-4.922364,-2.851387,-2.070977,43.256978,288.335001,311.879662,264.790340,0.275002,9.027039,0.032502,0.002310,0.002129,-0.024824,0.012061,0.350416,0.436165,0.371247,-0.104209,-0.104209,0.541630,2896790.000000,1125263569.485000,-0.060181
2021-09-20,270.890015,276.100006,267.149994,271.290009,2761700,0.000000,0.000000,270.890015,276.100006,267.149994,271.290009,287.599501,292.012600,262.165900,246.178400,279.672900,285.020951,-5.348051,-3.350720,-1.997331,39.238551,287.599501,312.339955,262.859047,0.170388,9.138679,0.033686,-0.023223,0.000258,-0.054211,0.004703,0.307863,0.392230,0.377773,-0.125012,-0.125012,0.505828,2963315.000000,749221617.855300,-0.035775
2021-09-21,273.135986,274.304993,267.959991,271.160004,2084000,0.000000,0.000000,273.135986,274.304993,267.959991,271.160004,286.613001,291.673800,262.631600,246.379150,278.363224,283.994214,-5.630990,-3.806774,-1.824216,39.159588,286.613001,312.354197,260.871804,0.199839,8.939131,0.032966,-0.000479,0.011867,-0.051888,-0.022036,0.303905,0.322603,0.377823,-0.125431,-0.125431,0.505107,2961580.000000,565097448.336000,-0.056634
2021-09-22,271.005005,275.679993,268.046997,274.040009,1384300,0.000000,0.000000,271.005005,275.679993,268.046997,274.040009,285.615501,291.481000,263.142600,246.533250,277.698114,283.256865,-5.558752,-4.157170,-1.401582,41.946710,285.615501,311.696968,259.534035,0.278090,8.845835,0.032279,0.010621,0.001425,-0.057926,-0.002766,0.380832,0.291849,0.374291,-0.116142,-0.116142,0.521092,2961805.000000,379353584.458700,-0.046567
2021-09-23,275.209991,277.380005,273.410004,273.700012,1401800,0.000000,0.000000,275.209991,277.380005,273.410004,273.700012,284.355502,291.446401,263.728600,246.739150,277.083021,282.548950,-5.465929,-4.418921,-1.047008,41.703822,284.355502,310.168200,258.542805,0.293600,8.497561,0.031047,-0.001241,-0.012270,-0.069016,-0.010914,0.366519,0.293968,0.371250,-0.117239,-0.117239,0.519205,2955570.000000,383672676.821600,-0.058411
2021-09-24,271.850006,273.049988,267.350006,272.369995,1176100,0.000000,0.000000,271.850006,273.049988,267.350006,272.369995,283.216502,291.353601,264.409200,246.926900,276.357940,281.794954,-5.437013,-4.622540,-0.814474,40.710743,283.216502,309.034032,257.398973,0.289939,8.344165,0.030635,-0.004859,-0.019335,-0.088759,-0.024463,0.348633,0.336129,0.364178,-0.121529,-0.121529,0.511823,2961840.000000,320334351.119500,-0.072324
2021-09-27,268.500000,268.654999,262.119995,263.820007,1994300,0.000000,0.000000,268.500000,268.654999,262.119995,263.820007,281.369502,290.989001,265.082700,247.141150,274.429027,280.463476,-6.034449,-4.904922,-1.129527,34.949203,281.369502,307.187934,255.551071,0.160136,8.480296,0.032144,-0.031391,-0.027535,-0.106149,-0.071547,0.336474,0.242324,0.375324,-0.149105,-0.149105,0.464365,2998515.000000,526136239.960100,-0.103922
2021-09-28,260.000000,260.000000,253.029999,259.000000,3022900,0.000000,0.000000,260.000000,260.000000,253.029999,259.000000,279.137502,290.379401,265.736500,247.323200,272.055331,278.873589,-6.818258,-5.287589,-1.530669,32.183945,279.137502,304.564762,253.710241,0.104017,8.645275,0.033379,-0.018270,-0.044844,-0.138848,-0.089567,0.315121,0.214594,0.367332,-0.164651,-0.164651,0.437611,3078240.000000,782931100.000000,-0.090830
2021-09-29,257.239990,261.005005,255.580002,256.890015,2088600,0.000000,0.000000,257.239990,261.005005,255.580002,256.890015,277.170003,289.491801,266.352600,247.480200,269.722205,277.245176,-7.522971,-5.734665,-1.788305,31.026636,277.170003,303.109714,251.230291,0.109094,8.415256,0.032758,-0.008147,-0.062582,-0.153965,-0.081125,0.268906,0.206453,0.362452,-0.171456,-0.171456,0.425899,3061705.000000,536540485.329000,-0.081710
2021-09-30,257.954987,261.359985,257.350006,257.429993,1494500,0.000000,0.000000,257.954987,261.359985,257.350006,257.429993,275.180502,288.584201,267.026900,247.625700,267.831096,275.777385,-7.946289,-6.176990,-1.769299,31.703482,275.180502,300.746225,249.614780,0.152846,8.133450,0.031595,0.002102,-0.059445,-0.131009,-0.074293,0.247903,0.196014,0.358674,-0.169715,-0.169715,0.428896,3054350.000000,384729124.538500,-0.069211
2021-10-01,257.000000,259.410004,253.294998,257.769989,1559600,0.000000,0.000000,257.000000,259.410004,253.294998,257.769989,273.340501,287.579601,267.644800,247.746050,266.283233,274.443504,-8.160270,-6.573646,-1.586624,32.154932,273.340501,298.320874,248.360129,0.188345,7.989275,0.030994,0.001321,-0.053604,-0.132730,-0.075497,0.253440,0.159768,0.358061,-0.168618,-0.168618,0.430784,2943865.000000,402018074.844400,-0.070536
2021-10-04,255.149994,255.240005,241.951996,246.570007,3048600,0.000000,0.000000,255.149994,255.240005,241.951996,246.570007,270.166502,286.341001,268.232600,247.793500,263.250429,272.378800,-9.128371,-7.084591,-2.043780,26.046970,270.166502,291.350796,248.982209,-0.056934,8.548469,0.034670,-0.043450,-0.065385,-0.162949,-0.144389,0.198629,0.129656,0.380273,-0.204741,-0.204741,0.368617,2600350.000000,751693323.340200,-0.116554
2021-10-05,248.000000,257.079987,247.580002,256.200012,2491300,0.000000,0.000000,248.000000,257.079987,247.580002,256.200012,268.401503,285.349602,268.993000,247.839500,262.165750,271.180371,-9.014622,-7.470597,-1.544025,37.108919,268.401503,287.918396,248.884611,0.187412,8.688577,0.033913,0.039056,-0.010811,-0.173682,-0.113311,0.245443,0.134030,0.355171,-0.173682,-0.173682,0.422069,2467210.000000,638271089.895600,-0.097543
2021-10-06,253.770004,265.230011,253.619995,265.119995,3326600,0.000000,0.000000,253.770004,265.230011,253.619995,265.119995,267.575502,284.611201,269.773400,247.960100,262.620249,270.731455,-8.111206,-7.598719,-0.512487,45.274508,267.575502,286.106743,249.044261,0.433747,8.897251,0.033559,0.034816,0.032037,-0.090497,-0.081804,0.248917,0.198553,0.334570,-0.144912,-0.144912,0.471581,2430975.000000,881948175.367000,-0.077829
2021-10-07,266.910004,271.940002,265.000000,267.829987,2043400,0.000000,0.000000,266.910004,271.940002,265.000000,267.829987,266.901501,283.871401,270.586600,248.059250,263.421747,270.516531,-7.094784,-7.497932,0.403148,47.504529,266.901501,284.273745,249.529258,0.526723,8.757448,0.032698,0.010222,0.040399,-0.049034,-0.070099,0.257595,0.195403,0.320064,-0.136172,-0.136172,0.486623,2410410.000000,547283795.435800,-0.066841
2021-10-08,268.820007,269.989990,261.750000,263.029999,2037000,0.000000,0.000000,268.820007,269.989990,261.750000,263.029999,266.195502,283.108401,271.327800,248.116400,263.361478,269.961973,-6.600495,-7.318445,0.717950,44.078413,266.195502,282.950792,249.440212,0.405537,8.720487,0.033154,-0.017922,0.020406,-0.064982,-0.087018,0.232106,0.193475,0.324615,-0.151653,-0.151653,0.459980,2395300.000000,535792107.963000,-0.076586
2021-10-11,261.980011,265.500000,259.029999,261.500000,949600,0.000000,0.000000,261.980011,265.500000,259.029999,261.500000,265.709502,282.377601,272.047900,248.203650,263.075097,269.335160,-6.260063,-7.106768,0.846705,43.013516,265.709502,282.414950,249.004053,0.374008,8.559738,0.032733,-0.005817,0.060551,-0.056468,-0.078187,0.169290,0.159131,0.321985,-0.156588,-0.156588,0.451488,2293675.000000,248320400.000000,-0.065143
2021-10-12,261.989990,262.000000,250.117996,254.690002,3437200,0.000000,0.000000,261.989990,262.000000,250.117996,254.690002,265.045001,281.569401,272.639900,248.252450,261.785082,268.250334,-6.465251,-6.978465,0.513213,38.549359,265.045001,282.414272,247.675730,0.201916,8.797042,0.034540,-0.026042,-0.005894,-0.060947,-0.075300,0.130147,0.098465,0.325788,-0.178552,-0.178552,0.413688,2337910.000000,875420474.874400,-0.063076
2021-10-13,258.480011,260.649994,255.509995,259.309998,2387400,0.000000,0.000000,258.480011,260.649994,255.509995,259.309998,264.328001,280.902401,273.295500,248.403000,261.404300,267.588087,-6.183787,-6.819529,0.635743,42.880462,264.328001,281.382697,247.273306,0.352885,8.594396,0.033143,0.018140,-0.021915,-0.032353,-0.063897,0.111964,0.088577,0.331749,-0.163651,-0.163651,0.439332,2274325.000000,619076689.225200,-0.065857
2021-10-14,263.010010,268.184998,260.660004,261.170013,1554000,0.000000,0.000000,263.010010,268.184998,260.660004,261.170013,263.531502,280.086401,273.951700,248.568050,261.368256,267.112674,-5.744418,-6.604507,0.860089,44.574189,263.531502,279.529910,247.533093,0.426196,8.614439,0.032984,0.007173,-0.024866,-0.045606,-0.074029,0.126073,0.101518,0.323217,-0.157652,-0.157652,0.449656,2214720.000000,405858200.202000,-0.101491
2021-10-15,261.950012,262.338013,258.119995,260.470001,1220100,0.000000,0.000000,261.950012,262.338013,258.119995,260.470001,262.668002,279.183601,274.599600,248.740900,261.230063,266.620624,-5.390561,-6.361718,0.971157,44.044858,262.668002,277.237886,248.098119,0.424570,8.300409,0.031867,-0.002680,-0.009733,-0.060014,-0.100214,0.166458,0.083261,0.318807,-0.159910,-0.159910,0.445770,2073150.000000,317799448.220100,-0.143812
2021-10-18,261.350006,269.910004,261.290009,269.700012,1633900,0.000000,0.000000,261.350006,269.910004,261.290009,269.700012,262.588503,278.525001,275.323000,248.977900,262.533132,266.848727,-4.315595,-5.952493,1.636898,52.118883,262.588503,276.976516,248.200489,0.747133,8.381809,0.031078,0.035436,0.031358,-0.028948,-0.104790,0.229094,0.149616,0.345007,-0.130140,-0.130140,0.497003,2016760.000000,440662849.606800,-0.140857
2021-10-19,272.000000,276.510010,270.359985,272.890015,1772400,0.000000,0.000000,272.000000,276.510010,270.359985,272.890015,262.675003,277.852802,276.057900,249.230300,264.126499,267.296230,-3.169731,-5.395941,2.226210,54.559324,262.675003,277.298861,248.051145,0.849258,8.269536,0.030304,0.011828,0.071459,0.005898,-0.098808,0.244028,0.194738,0.338078,-0.119852,-0.119852,0.514709,2001180.000000,483670262.586000,-0.132784
2021-10-20,275.000000,277.489990,268.079987,271.260010,1201200,0.000000,0.000000,275.000000,277.489990,268.079987,271.260010,262.536003,277.249202,276.754301,249.444100,265.223962,267.589843,-2.365881,-4.789929,2.424048,53.070846,262.536003,276.752186,248.319820,0.806834,8.350998,0.030786,-0.005973,0.046084,0.000369,-0.119286,0.223601,0.190781,0.338812,-0.125109,-0.125109,0.505662,1992025.000000,325837524.012000,-0.149050
2021-10-21,270.850006,280.790009,270.779999,279.869995,2565300,0.000000,0.000000,270.850006,280.790009,270.779999,279.869995,262.844502,276.985402,277.549200,249.724200,267.477198,268.499484,-1.022286,-4.036400,3.014114,59.375482,262.844502,278.294953,247.394051,1.050971,8.469499,0.030262,0.031741,0.071601,0.021274,-0.092804,0.244752,0.283101,0.354505,-0.097339,-0.097339,0.553452,2050200.000000,717950498.173500,-0.118329
2021-10-22,280.809998,281.390015,273.049988,274.730011,1541300,0.000000,0.000000,280.809998,281.390015,273.049988,274.730011,262.962503,276.569202,278.291201,249.902700,268.593015,268.961004,-0.367989,-3.302718,2.934729,54.654951,262.962503,278.751606,247.173400,0.872647,8.460251,0.030795,-0.018366,0.054747,0.003763,-0.101514,0.172256,0.279004,0.360921,-0.113917,-0.113917,0.524922,2068460.000000,423441365.954300,-0.118325
2021-10-25,275.579987,279.940002,273.899994,277.859985,970300,0.000000,0.000000,275.579987,279.940002,273.899994,277.859985,263.664502,276.207001,279.122300,250.069300,270.018703,269.620188,0.398515,-2.562472,2.960986,56.901960,263.664502,280.804781,246.524223,0.914097,8.287377,0.029826,0.011393,0.030256,0.020156,-0.080056,0.207982,0.264034,0.362311,-0.103822,-0.103822,0.542296,2017260.000000,269607543.445500,-0.118671
2021-10-26,281.570007,288.500000,279.209991,280.579987,1882700,0.000000,0.000000,281.570007,288.500000,279.209991,280.579987,264.743501,276.083601,279.595700,250.267400,271.643516,270.432025,1.211491,-1.807679,3.019170,58.812069,264.743501,283.305430,246.181572,0.926585,8.455422,0.030136,0.009789,0.028180,0.063528,-0.079522,0.207835,0.274379,0.343219,-0.095049,-0.095049,0.557393,1960250.000000,528247941.524900,-0.111572
2021-10-27,282.000000,285.000000,277.679993,277.959991,1388000,0.000000,0.000000,282.000000,285.000000,277.679993,277.959991,265.797000,275.931201,279.965600,250.343950,272.615281,270.989652,1.625629,-1.121017,2.746646,56.227060,265.797000,284.866904,246.727096,0.818905,8.374321,0.030128,-0.009338,0.024699,0.073205,-0.077097,0.237633,0.251030,0.337540,-0.103499,-0.103499,0.542851,1925220.000000,385808467.508000,-0.108060
2021-10-28,274.500000,276.899994,266.809998,275.910004,1651900,0.000000,0.000000,274.500000,276.899994,266.809998,275.910004,266.721001,275.753201,280.301500,250.444250,273.122162,271.354123,1.768039,-0.543206,2.311245,54.218975,266.721001,285.874571,247.567431,0.739877,8.572583,0.031070,-0.007375,-0.014149,0.074039,-0.074252,0.237598,0.264192,0.337212,-0.110111,-0.110111,0.531472,1933090.000000,455775735.607600,-0.127101
2021-10-29,275.880005,280.089996,274.825012,278.290009,1218100,0.000000,0.000000,275.880005,280.089996,274.825012,278.290009,267.747002,275.582202,280.706900,250.584450,273.917215,271.867892,2.049323,-0.024700,2.074023,56.175844,267.747002,287.079272,248.414731,0.772679,8.336326,0.029956,0.008626,0.012958,0.081032,-0.056964,0.293770,0.302551,0.337599,-0.102435,-0.102435,0.544683,1916015.000000,338985059.962900,-0.112635
2021-11-01,277.269989,279.130005,274.519989,277.959991,935800,0.000000,0.000000,277.269989,279.130005,274.519989,277.959991,269.316501,275.421401,281.055700,250.727850,274.539181,272.319159,2.220022,0.424244,1.795778,55.819551,269.316501,286.372586,252.260416,0.753384,8.070161,0.029034,-0.001186,0.000360,0.078326,-0.050229,0.360482,0.374339,0.337955,-0.103499,-0.103499,0.542851,1810375.000000,260114959.577800,-0.106771
2021-11-02,279.029999,282.480011,277.619995,281.859985,1463500,0.000000,0.000000,279.029999,282.480011,277.619995,281.859985,270.599499,275.240801,281.344200,250.854300,275.665458,273.025887,2.639572,0.867310,1.772262,59.119341,270.599499,287.359086,253.839913,0.835942,7.840865,0.027818,0.014031,0.004562,0.143124,-0.066596,0.434621,0.398392,0.292235,-0.090921,-0.090921,0.564498,1758985.000000,412502088.047500,-0.125394
2021-11-03,283.019989,283.940002,278.244995,283.209991,893100,0.000000,0.000000,283.019989,283.940002,278.244995,283.209991,271.503999,275.025201,281.603700,250.993800,276.826156,273.780265,3.045891,1.303026,1.742865,60.226739,271.503999,288.956701,254.051297,0.835363,7.687590,0.027144,0.004790,0.018888,0.105425,-0.073296,0.462710,0.358778,0.267250,-0.086567,-0.086567,0.571991,1637310.000000,252934842.962100,-0.134824
2021-11-04,283.209991,288.135010,282.679993,284.109985,905500,0.000000,0.000000,283.209991,288.135010,282.679993,284.109985,272.317999,274.729401,281.940000,251.144649,277.946745,274.545429,3.401316,1.722684,1.678632,60.985493,272.317999,290.550390,254.085608,0.823380,7.528120,0.026497,0.003178,0.029720,0.071628,-0.061197,0.454885,0.208927,0.244125,-0.083664,-0.083664,0.576987,1580415.000000,257261591.417500,-0.135649
2021-11-05,280.540009,281.329987,265.260010,267.489990,2777900,0.000000,0.000000,280.540009,281.329987,265.260010,267.489990,272.540999,274.176201,282.084200,251.206349,276.338013,274.022804,2.315209,1.841189,0.474020,44.211942,272.540999,290.400353,254.681644,0.358589,8.336824,0.031167,-0.058498,-0.038809,-0.001269,-0.127276,0.407842,0.129746,0.323224,-0.137268,-0.137268,0.484736,1617460.000000,743060443.221000,-0.202067
2021-11-08,267.890015,275.899994,266.850006,273.910004,2287100,0.000000,0.000000,267.890015,275.899994,266.850006,273.910004,273.161499,273.639200,282.217200,251.353899,275.964473,274.014448,1.950025,1.862956,0.087069,49.939665,273.161499,290.251439,256.071559,0.521899,8.387764,0.030622,0.024001,-0.014570,0.041364,-0.091328,0.397643,0.182226,0.326317,-0.116562,-0.116562,0.520371,1684335.000000,626459570.148400,-0.172087
2021-11-09,275.260010,279.511993,273.250000,275.170013,1065400,0.000000,0.000000,275.260010,279.511993,273.250000,275.170013,274.185499,273.069800,282.224600,251.554200,275.842249,274.100046,1.742203,1.838805,-0.096603,51.002910,274.185499,288.905197,259.465802,0.533442,8.235924,0.029930,0.004600,-0.023735,0.052275,-0.061045,0.465307,0.392561,0.325111,-0.112498,-0.112498,0.527365,1565745.000000,293166131.850200,-0.136995
2021-11-10,273.609985,274.529999,253.304993,255.660004,3665800,0.000000,0.000000,273.609985,274.529999,253.304993,255.660004,274.003000,272.258201,282.081000,251.706550,272.737288,272.734117,0.003171,1.471679,-1.468507,37.663677,274.003000,289.565623,258.440377,-0.089329,9.209430,0.036022,-0.070902,-0.097278,0.003809,-0.134939,0.419072,0.289194,0.402816,-0.175423,-0.175423,0.419072,1629665.000000,937198442.663200,-0.189370
2021-11-11,257.390015,260.200012,254.289993,254.550003,1533400,0.000000,0.000000,257.390015,260.200012,254.289993,254.550003,273.671999,271.404801,281.853800,251.808600,269.939244,271.387145,-1.447901,0.887763,-2.335664,37.069651,273.671999,290.605117,256.738882,-0.064633,8.973758,0.035253,-0.004342,-0.104044,-0.018356,-0.139947,0.360648,0.220571,0.397907,-0.179003,-0.179003,0.412911,1628635.000000,390326974.600200,-0.199407
2021-11-12,259.000000,265.619995,258.000000,264.660004,2060100,0.000000,0.000000,259.000000,265.619995,258.000000,264.660004,273.881499,270.806601,281.752400,251.967450,269.127053,270.888839,-1.761785,0.357853,-2.119638,45.500769,273.881499,290.220121,257.542877,0.217801,9.123489,0.034472,0.039717,-0.010580,0.013363,-0.077036,0.419012,0.244756,0.421181,-0.146396,-0.146396,0.469028,1670635.000000,545226074.240400,-0.149174
2021-11-15,266.095001,267.589996,262.500000,263.709991,1801500,0.000000,0.000000,266.095001,267.589996,262.500000,263.709991,273.581998,269.879801,281.622300,252.135300,268.293659,270.357072,-2.063413,-0.126400,-1.937013,44.892132,273.581998,290.454249,256.709748,0.207448,8.835382,0.033504,-0.003590,-0.037239,0.012439,-0.076581,0.395956,0.282013,0.421292,-0.149460,-0.149460,0.463754,1679015.000000,475073548.786500,-0.158299
2021-11-16,263.410004,268.959991,261.316986,267.739990,1433700,0.000000,0.000000,263.410004,268.959991,261.316986,267.739990,273.324497,269.404601,281.507700,252.274800,268.208479,270.163214,-1.954735,-0.492067,-1.462668,48.065742,273.324497,290.397221,256.251773,0.336449,8.750213,0.032682,0.015282,-0.027002,-0.007267,-0.059935,0.412950,0.286407,0.406001,-0.136462,-0.136462,0.486123,1662080.000000,383858823.663000,-0.159615
2021-11-17,267.839996,272.959991,265.321014,267.119995,1351400,0.000000,0.000000,267.839996,272.959991,265.321014,267.119995,273.117496,269.114200,281.337400,252.426249,268.041020,269.937791,-1.896770,-0.773008,-1.123763,47.611467,273.117496,290.394782,255.840211,0.326434,8.670839,0.032460,-0.002316,0.044825,-0.021144,-0.068749,0.366413,0.260535,0.403747,-0.138462,-0.138462,0.482682,1669590.000000,360985961.243000,-0.163633
2021-11-18,267.750000,268.000000,261.614990,264.179993,1019000,0.000000,0.000000,267.750000,268.000000,261.614990,264.179993,272.332996,268.771600,281.134400,252.517099,267.447016,269.511287,-2.064271,-1.031260,-1.033011,45.419325,272.332996,289.743644,254.922348,0.265862,8.507565,0.032204,-0.011006,0.037831,-0.026100,-0.076294,0.363510,0.232643,0.404950,-0.147944,-0.147944,0.466363,1592275.000000,269199412.867000,-0.163217
2021-11-19,267.924988,275.540009,263.109985,263.339996,1264700,0.000000,0.000000,267.924988,275.540009,263.109985,263.339996,271.763496,268.495400,280.972100,252.581949,266.815167,269.054154,-2.238988,-1.272806,-0.966182,44.784867,271.763496,289.584314,253.942677,0.263661,8.787741,0.033370,-0.003180,-0.004988,-0.059063,-0.094709,0.346663,0.198634,0.387114,-0.150653,-0.150653,0.461701,1578445.000000,333046092.941200,-0.169314
2021-11-22,262.010010,262.359985,244.500000,247.750000,2630300,0.000000,0.000000,262.010010,262.359985,244.500000,247.750000,270.257996,268.026000,280.668700,252.576200,263.882064,267.476069,-3.594005,-1.737046,-1.856959,35.010059,270.257996,290.791218,249.724775,-0.048087,9.505759,0.038368,-0.059201,-0.060521,-0.098206,-0.157284,0.266098,0.118056,0.431378,-0.200935,-0.200935,0.375166,1661445.000000,651656825.000000,-0.212875
2021-11-23,241.419998,246.985001,237.330002,242.649994,2171700,0.000000,0.000000,241.419998,246.985001,237.330002,242.649994,268.361497,267.519400,280.307000,252.510349,260.615592,265.637100,-5.021509,-2.393938,-2.627570,32.510251,268.361497,291.696073,245.026920,-0.050931,9.571062,0.039444,-0.020585,-0.093710,-0.126718,-0.188190,0.229479,0.117327,0.430711,-0.217384,-0.217384,0.346858,1675895.000000,526962991.969800,-0.236939
2021-11-24,241.039993,243.699997,233.330002,243.470001,1627400,0.000000,0.000000,241.039993,243.699997,233.330002,243.470001,266.636997,266.915800,279.859900,252.451449,257.977809,263.995093,-6.017284,-3.118607,-2.898677,33.334478,266.636997,291.994916,241.279078,0.043200,9.628129,0.039545,0.003379,-0.088537,-0.132262,-0.175097,0.221013,0.120948,0.428302,-0.214740,-0.214740,0.351410,1687865.000000,396223079.627400,-0.235276
2021-11-26,257.475006,257.475006,247.660004,249.630005,1692100,0.000000,0.000000,257.475006,257.475006,247.660004,249.630005,265.322997,266.366400,279.466800,252.418250,256.693531,262.931012,-6.237481,-3.742382,-2.495099,39.328793,265.322997,291.371864,239.274130,0.198778,9.940763,0.039822,0.025301,-0.055076,-0.101921,-0.170003,0.238121,0.113674,0.441878,-0.194872,-0.194872,0.385602,1689875.000000,422398931.460500,-0.193940
2021-11-29,250.320007,252.660004,245.520004,251.500000,1725500,0.000000,0.000000,250.320007,252.660004,245.520004,251.500000,263.983497,265.841600,279.094400,252.359250,255.894526,262.084271,-6.189744,-4.231855,-1.957890,41.061331,263.983497,289.979966,237.987027,0.259900,9.740708,0.038730,0.007491,-0.044961,-0.088471,-0.171717,0.255115,0.108564,0.443752,-0.188840,-0.188840,0.395981,1715245.000000,433963250.000000,-0.205579
2021-11-30,252.520004,255.399994,243.779999,246.360001,1972100,0.000000,0.000000,252.520004,255.399994,243.779999,246.360001,262.403497,265.343000,278.677800,252.267600,254.427676,260.919510,-6.491834,-4.683850,-1.807983,37.860969,262.403497,288.663113,236.143881,0.194521,9.874943,0.040083,-0.020437,-0.005610,-0.114736,-0.168377,0.228544,0.081095,0.444737,-0.205418,-0.205418,0.367451,1767060.000000,485846557.972100,-0.186625
2021-12-01,248.080002,249.639999,230.369995,230.789993,2233400,0.000000,0.000000,248.080002,249.639999,230.369995,230.789993,259.849998,264.535600,278.104700,252.146650,250.791110,258.687694,-7.896584,-5.326397,-2.570187,30.185922,259.849998,288.007064,231.692931,-0.016034,10.546019,0.045695,-0.063200,-0.048877,-0.169701,-0.223505,0.185058,0.069909,0.487185,-0.255636,-0.255636,0.281028,1805555.000000,515446370.366200,-0.219890
2021-12-02,230.949997,235.990005,227.470001,233.820007,8062700,0.000000,0.000000,230.949997,235.990005,227.470001,233.820007,257.380498,263.731200,277.606100,252.010800,248.180171,256.845643,-8.665472,-5.994212,-2.671260,33.031059,257.380498,285.574561,229.186436,0.082173,10.401303,0.044484,0.013129,-0.039635,-0.170439,-0.206233,0.002487,0.074047,0.486672,-0.245864,-0.245864,0.297846,2164035.000000,1885220570.438900,-0.209503
2021-12-03,154.800003,155.399994,131.509995,135.089996,76138900,0.000000,0.000000,154.800003,155.399994,131.509995,135.089996,249.929499,260.958999,276.202700,251.360450,230.781682,247.826706,-17.045024,-8.204375,-8.840649,13.592782,249.929499,309.588095,190.270903,-0.462472,16.966211,0.125592,-0.422248,-0.458839,-0.523004,-0.564296,-0.439391,-0.415220,1.511043,-0.564296,-0.564296,0.000000,5925705.000000,10285603696.444401,-0.546198
2021-12-06,135.639999,146.059998,132.979996,143.880005,23242200,0.000000,0.000000,135.639999,146.059998,132.979996,143.880005,243.749000,258.389199,274.871400,250.862300,217.412194,240.126951,-22.714757,-11.106451,-11.608306,18.207786,243.749000,319.254463,168.243537,-0.161336,16.688625,0.115990,0.065068,-0.427913,-0.493576,-0.506415,-0.406240,-0.408437,1.542396,-0.535946,-0.535946,0.065068,6948920.000000,3344087852.211000,-0.496712
2021-12-07,147.500000,148.800003,138.509995,138.600006,16190600,0.000000,0.000000,147.500000,148.800003,138.509995,138.600006,236.983500,255.884799,273.436900,250.337300,205.287242,232.606436,-27.319195,-14.349000,-12.970195,17.599711,236.983500,324.416230,149.550770,-0.062624,16.231581,0.117111,-0.036697,-0.437409,-0.481850,-0.507882,-0.417035,-0.403922,1.538414,-0.552975,-0.552975,0.025983,7644095.000000,2244017257.143600,-0.534067
2021-12-08,141.136002,154.990005,139.619995,153.740005,18746100,0.000000,0.000000,141.136002,154.990005,139.619995,153.740005,230.911999,253.779600,272.079500,249.907700,197.356898,226.764478,-29.407581,-17.360716,-12.046865,25.303053,230.911999,323.869600,137.954399,0.084908,16.242896,0.105652,0.109235,-0.333853,-0.438721,-0.453485,-0.367533,-0.345286,1.599565,-0.504144,-0.504144,0.138056,8528130.000000,2882025507.730500,-0.488817
2021-12-09,155.264999,163.770004,147.699997,149.369995,17125200,0.000000,0.000000,155.264999,163.770004,147.699997,149.369995,225.597499,251.629199,270.560500,249.525900,189.974297,221.031554,-31.057257,-20.100024,-10.957232,24.588517,225.597499,324.557411,126.637587,0.114857,16.230547,0.108660,-0.028425,-0.361175,-0.457172,-0.461050,-0.409628,-0.324026,1.597075,-0.518239,-0.518239,0.105707,9201100.000000,2557991038.374000,-0.487637
2021-12-10,148.250000,152.929993,142.619995,144.479996,7906600,0.000000,0.000000,148.250000,152.929993,142.619995,144.479996,220.093999,249.370199,268.977200,249.115000,182.975174,215.361068,-32.385894,-22.557198,-9.828696,23.779307,220.093999,324.374073,115.813924,0.137448,15.807651,0.109411,-0.032737,0.069509,-0.434874,-0.467296,-0.438389,-0.350914,1.587876,-0.534011,-0.534011,0.069509,9519760.000000,1142345536.373600,-0.502053
2021-12-13,143.880005,146.479996,139.559998,139.770004,5870800,0.000000,0.000000,143.880005,146.479996,139.559998,139.770004,213.849499,247.010200,267.294900,248.621050,176.328225,209.761730,-33.433505,-24.732459,-8.701046,22.994350,213.849499,321.786152,105.912845,0.156838,15.172818,0.108556,-0.032600,-0.028565,-0.450913,-0.478431,-0.441991,-0.380150,1.587282,-0.549202,-0.549202,0.034644,9710295.000000,820561739.483200,-0.503403
2021-12-14,137.723007,146.160004,136.358994,144.460007,7689700,0.000000,0.000000,137.723007,146.160004,136.358994,144.460007,207.886999,244.968000,265.654500,248.180400,171.425422,204.924565,-33.499143,-26.485796,-7.013347,25.627040,207.886999,317.390021,98.383978,0.210387,14.789118,0.102375,0.033555,0.042280,-0.454168,-0.472099,-0.429170,-0.367319,1.584414,-0.534075,-0.534075,0.069361,10004705.000000,1110854115.827900,-0.477119
2021-12-15,145.000000,152.371002,143.479996,151.070007,7449600,0.000000,0.000000,145.000000,152.371002,143.479996,151.070007,202.053500,242.865399,264.107500,247.837550,168.293820,200.935339,-32.641519,-27.716941,-4.924578,29.295929,202.053500,310.557225,93.549776,0.265061,14.367824,0.095107,0.045757,-0.017367,-0.427136,-0.454818,-0.420321,-0.353573,1.600808,-0.512756,-0.512756,0.118292,10305500.000000,1125411124.147200,-0.480089
2021-12-16,145.850006,150.899994,145.009995,150.009995,8039800,0.000000,0.000000,145.850006,150.899994,145.009995,150.009995,196.198000,240.563199,262.587200,247.534500,165.480924,197.163091,-31.682167,-28.509986,-3.172181,29.048451,196.198000,302.535266,89.860735,0.282823,13.774409,0.091823,-0.007017,0.004285,-0.439718,-0.459891,-0.453376,-0.367260,1.596520,-0.516175,-0.516175,0.110445,10639920.000000,1206050357.801000,-0.468961
2021-12-17,148.725006,155.990005,146.179993,155.369995,8357200,0.000000,0.000000,148.725006,155.990005,146.179993,155.369995,190.757500,238.314000,261.092700,247.289800,163.925396,194.067306,-30.141910,-28.836371,-1.305539,32.168760,190.757500,293.524033,87.990968,0.327826,13.491238,0.086833,0.035731,0.075374,-0.418351,-0.427292,-0.424598,-0.370972,1.607472,-0.498887,-0.498887,0.150122,11006830.000000,1298458122.214000,-0.458268
2021-12-20,154.509995,158.630005,147.130005,148.059998,5419200,0.000000,0.000000,154.509995,158.630005,147.130005,148.059998,184.993500,236.014600,259.561500,247.065900,161.484566,190.659357,-29.174792,-28.904055,-0.270737,30.217009,184.993500,283.460642,86.526359,0.312458,13.349006,0.090159,-0.047049,0.059312,-0.439549,-0.453976,-0.466008,-0.385643,1.610065,-0.522464,-0.522464,0.096010,11214555.000000,802366741.161600,-0.469880
2021-12-21,148.759995,155.270004,147.115005,154.240005,3816300,0.000000,0.000000,148.759995,155.270004,147.115005,154.240005,180.318001,233.869400,258.123500,246.771000,160.370018,187.961628,-27.591610,-28.641566,1.049956,33.869972,180.318001,275.047686,85.588315,0.362356,12.978006,0.084142,0.041740,0.067700,-0.414293,-0.437162,-0.438719,-0.378064,1.623686,-0.502532,-0.502532,0.141757,11273855.000000,588626131.081500,-0.466984
2021-12-22,153.591003,155.735001,150.914993,153.850006,3544300,0.000000,0.000000,153.591003,155.735001,150.914993,153.850006,175.878001,231.852600,256.711000,246.476900,159.366939,185.434841,-26.067902,-28.126833,2.058931,33.749904,175.878001,266.543545,85.212458,0.378521,12.395292,0.080567,-0.002529,0.018402,-0.379011,-0.437888,-0.444023,-0.388514,1.617671,-0.503790,-0.503790,0.138870,11342485.000000,545290576.265800,-0.469089
2021-12-23,153.169998,158.149994,151.380005,157.009995,3267500,0.000000,0.000000,153.169998,158.149994,151.380005,157.009995,171.555001,229.806600,255.354500,246.135850,159.004332,183.329297,-24.324964,-27.366459,3.041495,35.737716,171.555001,256.729374,86.380628,0.414616,11.993484,0.076387,0.020539,0.046664,-0.352936,-0.423542,-0.437643,-0.356648,1.622425,-0.493598,-0.493598,0.162262,11424490.000000,513030158.662500,-0.463792
2021-12-27,154.990005,159.729996,154.419998,156.520004,3537000,0.000000,0.000000,154.990005,159.729996,154.419998,156.520004,166.899501,227.713600,253.900000,245.866750,158.622128,181.343423,-22.721295,-26.437427,3.716131,35.559547,166.899501,243.891054,89.907948,0.432593,11.516093,0.073576,-0.003121,0.007402,-0.357128,-0.406717,-0.449164,-0.360960,1.621708,-0.495178,-0.495178,0.158635,11516735.000000,553611254.148000,-0.466923
2021-12-28,156.889999,156.929993,151.770004,152.389999,2627100,0.000000,0.000000,156.889999,156.929993,151.770004,152.389999,161.944001,225.551999,252.367800,245.528300,157.663339,179.198725,-21.535386,-25.457018,3.921632,34.020020,161.944001,227.988186,95.899816,0.427670,11.062085,0.072591,-0.026386,0.029245,-0.389537,-0.411622,-0.464321,-0.335122,1.615712,-0.508499,-0.508499,0.128063,11561815.000000,400343766.372900,-0.496523
2021-12-29,152.380005,153.259995,148.259995,152.479996,2488100,0.000000,0.000000,152.380005,153.259995,148.259995,152.479996,157.250001,223.207599,250.866300,245.234800,156.865902,177.219560,-20.353658,-24.436346,4.082688,34.086988,157.250001,210.048619,104.451383,0.454828,10.629079,0.069708,0.000591,-0.011411,-0.393718,-0.406439,-0.454591,-0.331697,1.614588,-0.508208,-0.508208,0.128729,11587615.000000,379385478.047600,-0.492832
2021-12-30,151.919998,157.789993,150.119995,155.160004,2959900,0.000000,0.000000,151.919998,157.789993,150.119995,155.160004,153.468501,220.852999,249.352900,244.943900,156.603456,175.585519,-18.982063,-23.345490,4.363427,36.164795,153.468501,193.341430,113.595573,0.521211,10.417716,0.067142,0.017576,0.008515,-0.370190,-0.397273,-0.442051,-0.313147,1.618934,-0.499565,-0.499565,0.148568,11623940.000000,459258095.839600,-0.486761
2021-12-31,154.000000,156.740005,152.169998,152.309998,2204400,0.000000,0.000000,154.000000,156.740005,152.169998,152.309998,149.393001,218.473999,247.861600,244.681450,155.942924,173.861406,-17.918482,-22.260088,4.341606,34.904675,149.393001,162.080111,136.705891,0.614959,10.000023,0.065656,-0.018368,-0.029934,-0.340049,-0.409124,-0.453734,-0.314845,1.609606,-0.508757,-0.508757,0.127471,11331025.000000,335752159.591200,-0.483147
2022-01-03,152.350006,157.369995,147.460007,157.009995,3727200,0.000000,0.000000,152.350006,157.369995,147.460007,157.009995,150.489001,216.016799,246.501100,244.438150,156.107089,172.613153,-16.506065,-21.109284,4.603219,38.698140,150.489001,161.671614,139.306388,0.791568,9.993592,0.063649,0.030858,0.003131,-0.328501,-0.363223,-0.455167,-0.294052,1.614405,-0.493598,-0.493598,0.162262,7710440.000000,585207653.364000,-0.473870
2022-01-04,155.100006,156.410004,147.567001,154.440002,6265200,0.000000,0.000000,155.100006,156.410004,147.567001,154.440002,151.017001,213.610998,245.090100,244.173200,155.850614,171.266994,-15.416380,-19.970703,4.554323,37.414208,151.017001,161.878302,140.155699,0.657578,9.954263,0.064454,-0.016368,0.013452,0.143238,-0.397190,-0.465495,-0.324114,0.623926,-0.501887,-0.501887,0.143238,6861590.000000,967597500.530400,-0.479558
2022-01-05,150.259995,153.490005,143.529999,144.169998,6104500,0.000000,0.000000,150.259995,153.490005,143.529999,144.169998,151.295500,210.937199,243.572100,243.854250,154.053596,169.259809,-15.206213,-19.017805,3.811592,32.739568,151.295500,161.044949,141.546051,0.134569,10.022530,0.069519,-0.066498,-0.054499,0.002016,-0.456209,-0.500693,-0.355953,0.636277,-0.535010,-0.535010,0.067214,6357285.000000,880085752.791000,-0.497462
2022-01-06,142.050003,147.050003,139.449997,143.100006,5968900,0.000000,0.000000,142.050003,147.050003,139.449997,143.100006,150.763500,208.187599,242.135600,243.577450,152.368428,167.322046,-14.953618,-18.204968,3.251350,32.286949,150.763500,161.095116,140.431884,0.129124,9.849493,0.068829,-0.007422,-0.077726,0.032468,-0.465706,-0.503159,-0.401330,0.622443,-0.538462,-0.538462,0.059294,5718425.000000,854149625.813400,-0.494834
2022-01-07,140.485001,144.729996,135.119995,135.929993,6221200,0.000000,0.000000,140.485001,144.729996,135.119995,135.929993,150.091500,205.346999,240.639100,243.255650,149.839438,164.996709,-15.157270,-17.595428,2.438158,29.358006,150.091500,162.369725,137.813276,-0.076692,9.832386,0.072334,-0.050105,-0.107544,-0.115845,-0.483215,-0.528185,-0.444140,0.512333,-0.561587,-0.561587,0.006218,5173225.000000,845647672.451600,-0.507657
2022-01-10,133.511002,136.500000,126.911003,136.229996,7181100,0.000000,0.000000,133.511002,136.500000,126.911003,136.229996,149.679000,202.553399,239.153300,242.927000,147.745678,162.865841,-15.120163,-17.100375,1.980212,29.645591,149.679000,163.238495,136.119506,0.004074,9.815001,0.072047,0.002207,-0.132348,-0.087969,-0.479044,-0.519776,-0.434636,0.505896,-0.560619,-0.560619,0.008439,5136950.000000,978281224.275600,-0.510566
2022-01-11,137.679993,145.929993,136.798004,142.130005,5524500,0.000000,0.000000,137.679993,145.929993,136.798004,142.130005,149.797000,199.830199,237.706200,242.650650,146.881728,161.329853,-14.448125,-16.569925,2.121800,35.230130,149.797000,163.030571,136.563430,0.210320,9.806787,0.068999,0.043309,-0.079707,-0.016265,-0.441949,-0.483970,-0.458862,0.519655,-0.541590,-0.541590,0.052113,5119635.000000,785197212.622500,-0.489477
2022-01-12,142.910004,145.940002,137.580002,139.250000,3756300,0.000000,0.000000,142.910004,145.940002,137.580002,139.250000,149.536500,197.055999,236.238700,242.362200,145.707616,159.694309,-13.986692,-16.053279,2.066586,33.818953,149.536500,163.402426,135.670573,0.129073,9.703445,0.069684,-0.020263,-0.034126,-0.003720,-0.462998,-0.497311,-0.455736,0.511679,-0.550879,-0.550879,0.030794,4922965.000000,523064775.000000,-0.505323
2022-01-13,139.399994,139.470001,130.550003,130.589996,3668500,0.000000,0.000000,139.399994,139.470001,130.550003,130.589996,148.512499,194.030599,234.635700,242.002900,143.381828,157.538434,-14.156605,-15.673944,1.517339,29.935934,148.512499,164.727505,132.297494,-0.052652,9.647484,0.073876,-0.062190,-0.087421,-0.096013,-0.499981,-0.536997,-0.478162,0.540032,-0.578810,-0.578810,0.000000,4733910.000000,479069400.326000,-0.498860
2022-01-14,128.300003,133.460007,127.099998,130.440002,3910100,0.000000,0.000000,128.300003,133.460007,127.099998,130.440002,147.534000,190.975200,233.000200,241.623650,141.390778,155.531142,-14.140364,-15.367228,1.226864,29.871958,147.534000,165.622227,129.445772,0.027483,9.412665,0.072161,-0.001149,-0.040388,-0.136559,-0.499213,-0.549399,-0.476733,0.508863,-0.579294,-0.579294,0.000000,4527425.000000,510033451.820200,-0.498972
2022-01-18,128.000000,131.850006,125.199997,127.309998,3631400,0.000000,0.000000,128.000000,131.850006,125.199997,127.309998,146.131000,187.839200,231.284300,241.231950,139.224504,153.440687,-14.216183,-15.137019,0.920836,28.503070,146.131000,165.931920,126.330079,0.024744,9.215332,0.072385,-0.023996,-0.065477,-0.151323,-0.527957,-0.577422,-0.503800,0.512478,-0.589389,-0.589389,0.000000,4291135.000000,462313526.737200,-0.493680
2022-01-19,127.809998,132.050003,126.690002,126.989998,3157600,0.000000,0.000000,127.809998,132.050003,126.690002,126.989998,145.077500,185.029200,229.602700,240.838350,137.342273,151.481377,-14.139104,-14.937436,0.798332,28.359983,145.077500,166.612406,123.542594,0.080042,8.939951,0.070399,-0.002514,-0.106522,-0.182661,-0.534648,-0.580628,-0.502605,0.488603,-0.590421,-0.590421,0.000000,4178055.000000,400983617.684800,-0.482508
2022-01-20,129.279999,132.880005,123.709999,124.440002,3399900,0.000000,0.000000,129.279999,132.880005,123.709999,124.440002,143.587500,182.039800,227.839500,240.432000,135.357308,149.478312,-14.121004,-14.774150,0.653145,27.188676,143.587500,166.530796,120.644203,0.082721,8.956384,0.071974,-0.020080,-0.106355,-0.159530,-0.541252,-0.595974,-0.509963,0.470819,-0.598645,-0.598645,0.000000,4157235.000000,423083562.799800,-0.477260
2022-01-21,122.448997,122.959999,115.519997,116.129997,6697000,0.000000,0.000000,122.448997,122.959999,115.519997,116.129997,141.701499,178.859000,225.964400,239.951250,132.399260,147.008067,-14.608806,-14.741081,0.132275,23.746654,141.701499,167.156645,116.246354,-0.002286,8.953785,0.077101,-0.066779,-0.110728,-0.247083,-0.585057,-0.623566,-0.544856,0.476932,-0.625448,-0.625448,0.000000,4314870.000000,777722589.909000,-0.489973
2022-01-24,111.589996,122.230003,108.059998,121.830002,9032900,0.000000,0.000000,111.589996,122.230003,108.059998,121.830002,139.942500,176.182400,224.220300,239.495550,130.773220,145.143025,-14.369804,-14.666826,0.297021,30.267713,139.942500,165.802348,114.082651,0.149795,9.326372,0.076552,0.049083,-0.066007,-0.208125,-0.556546,-0.601563,-0.501514,0.522521,-0.607063,-0.607063,0.049083,4603140.000000,1100478225.065800,-0.474701
2022-01-25,120.000000,122.209999,114.550003,117.800003,5011800,0.000000,0.000000,120.000000,122.209999,114.550003,117.800003,138.006499,173.447400,222.426100,239.017150,128.777341,143.117616,-14.340275,-14.601516,0.261241,28.417349,138.006499,164.432127,111.580872,0.117672,9.207346,0.078161,-0.033079,-0.074700,-0.249729,-0.576045,-0.609985,-0.498958,0.515316,-0.620061,-0.620061,0.014380,4676880.000000,590390055.035400,-0.465226
2022-01-26,121.889999,123.690002,113.209999,114.330002,5579800,0.000000,0.000000,121.889999,123.690002,113.209999,114.330002,136.103500,170.440800,220.623700,238.470600,126.554673,140.985200,-14.430527,-14.567318,0.136791,26.892861,136.103500,163.626710,108.580290,0.104452,9.298250,0.081328,-0.029457,-0.099693,-0.269550,-0.592523,-0.624926,-0.492295,0.516976,-0.631253,-0.631253,0.000000,4824515.000000,637938545.159600,-0.481363
2022-01-27,116.376999,119.669998,110.290001,110.690002,5476900,0.000000,0.000000,116.376999,119.669998,110.290001,110.690002,134.014000,167.380400,218.630100,237.897250,124.113955,138.741111,-14.627157,-14.579285,-0.047871,25.356190,134.014000,162.626069,105.401931,0.092410,9.304089,0.084055,-0.031838,-0.110495,-0.273640,-0.601777,-0.632479,-0.527249,0.518918,-0.642993,-0.642993,0.000000,4973955.000000,606238071.953800,-0.478183
2022-01-28,111.970001,117.470001,109.519997,117.290001,3907500,0.000000,0.000000,111.970001,117.470001,109.519997,117.290001,132.120500,164.371400,216.888000,237.317700,123.064116,137.152140,-14.088024,-14.481033,0.393009,32.848671,132.120500,159.838712,104.402288,0.232477,9.207368,0.078501,0.059626,0.009989,-0.230784,-0.574898,-0.606462,-0.496372,0.577658,-0.621706,-0.621706,0.059626,5021335.000000,458310678.907500,-0.466305
2022-01-31,118.250000,125.919998,118.000000,125.769997,4268000,0.000000,0.000000,118.250000,125.919998,118.000000,125.769997,130.793500,161.544400,215.329300,236.786900,123.480405,136.309018,-12.828613,-14.150549,1.321936,41.037871,130.793500,156.938504,104.648495,0.403930,9.166128,0.072880,0.072299,0.032340,-0.189417,-0.548061,-0.573806,-0.453507,0.640399,-0.594356,-0.594356,0.136236,5124515.000000,536786347.196000,-0.466859
2022-02-01,127.589996,128.294006,123.559998,127.500000,2688300,0.000000,0.000000,127.589996,128.294006,123.559998,127.500000,129.318000,158.810800,213.791200,236.307900,124.098804,135.656498,-11.557694,-13.631978,2.074284,42.576425,129.318000,152.382744,106.253256,0.460589,8.849548,0.069408,0.013755,0.082343,-0.162891,-0.541301,-0.564341,-0.468396,0.644247,-0.588776,-0.588776,0.151866,5072570.000000,342758250.000000,-0.461157
2022-02-02,127.290001,127.290001,120.059998,121.570000,3664000,0.000000,0.000000,127.290001,127.290001,120.059998,121.570000,127.674500,155.975400,212.235400,235.818600,123.709757,134.613054,-10.903297,-13.086242,2.182945,38.835640,127.674500,147.684030,107.664969,0.347460,8.748866,0.071966,-0.046510,0.063325,-0.225718,-0.568687,-0.597410,-0.486678,0.641724,-0.607902,-0.607902,0.098293,4942510.000000,445432480.000000,-0.489959
2022-02-03,118.059998,120.290001,113.739998,114.239998,3351400,0.000000,0.000000,118.059998,120.290001,113.739998,114.239998,126.178000,153.305200,210.665600,235.293000,122.252871,133.103939,-10.851067,-12.639207,1.788140,34.769133,126.178000,145.456596,106.899403,0.190382,8.683233,0.076009,-0.060294,0.032072,-0.260295,-0.596624,-0.626190,-0.535629,0.663732,-0.631543,-0.631543,0.032072,4804855.000000,382863929.297200,-0.474387
2022-02-04,114.430000,119.870003,113.849998,118.459999,3661400,0.000000,0.000000,114.430000,119.870003,113.849998,118.459999,124.946000,150.821400,209.170400,234.776850,121.669353,132.019203,-10.349850,-12.181336,1.831486,38.745807,124.946000,142.765339,107.126660,0.318007,8.493002,0.071695,0.036940,0.009975,-0.178331,-0.583049,-0.608565,-0.526860,0.656190,-0.617933,-0.617933,0.070196,4689480.000000,433729440.338600,-0.467474
2022-02-07,118.510002,123.339996,118.139999,118.410004,3041600,0.000000,0.000000,118.510002,123.339996,118.139999,118.410004,124.070000,148.320200,207.618000,234.244700,121.167914,131.011114,-9.843199,-11.713708,1.870509,38.715694,124.070000,141.329540,106.810460,0.336033,8.257787,0.069739,-0.000422,-0.058519,-0.172537,-0.557329,-0.613670,-0.524267,0.656783,-0.618094,-0.618094,0.069744,4530500.000000,360155868.166400,-0.434867
2022-02-08,117.139999,122.360001,116.500000,121.870003,3186100,0.000000,0.000000,117.139999,122.360001,116.500000,121.870003,123.352000,145.765000,206.065700,233.682250,121.275928,130.333994,-9.058066,-11.182580,2.124514,42.071190,123.352000,139.649561,107.054440,0.454533,8.086517,0.066354,0.029220,-0.044157,-0.103436,-0.555073,-0.595707,-0.523610,0.650411,-0.606934,-0.606934,0.101003,4330750.000000,388290016.558300,-0.443205
2022-02-09,123.904999,128.279999,121.599998,128.160004,3712200,0.000000,0.000000,123.904999,128.279999,121.599998,128.160004,122.653500,143.298200,204.569900,233.172950,122.335017,130.172958,-7.837942,-10.513652,2.675711,47.679577,122.653500,136.588652,108.718349,0.697576,7.986052,0.062313,0.051612,0.054207,-0.059238,-0.534252,-0.562683,-0.497904,0.678628,-0.586647,-0.586647,0.157828,4240135.000000,475755566.848800,-0.446368
2022-02-10,124.500000,131.906998,123.199997,127.220001,3967200,0.000000,0.000000,124.500000,131.906998,123.199997,127.220001,122.052000,140.915400,203.129200,232.647550,123.086553,129.954221,-6.867668,-9.784455,2.916788,46.948060,122.052000,133.844667,110.259333,0.719119,8.037548,0.063178,-0.007335,0.113620,-0.104904,-0.502386,-0.569534,-0.503570,0.658365,-0.589679,-0.589679,0.149336,4250680.000000,504707187.967200,-0.410400
2022-02-11,127.400002,129.050003,121.180000,122.480003,2905100,0.000000,0.000000,127.400002,129.050003,121.180000,122.480003,121.646501,138.749201,201.642400,232.137000,122.993237,129.400575,-6.407337,-9.109032,2.701694,43.337387,121.646501,132.740031,110.552971,0.537567,8.025580,0.065526,-0.037258,0.033936,-0.120431,-0.518837,-0.586174,-0.534827,0.666096,-0.604967,-0.604967,0.106514,4212510.000000,355816656.715300,-0.397015
2022-02-14,122.629997,125.110001,120.410004,120.779999,2628700,0.000000,0.000000,122.629997,125.110001,120.410004,120.779999,121.163501,136.488400,200.109800,231.626200,122.652739,128.762014,-6.109275,-8.509080,2.399806,42.087194,121.163501,131.457340,110.869662,0.481372,7.788039,0.064481,-0.013880,0.020015,-0.075121,-0.543641,-0.578797,-0.543693,0.634332,-0.610450,-0.610450,0.091155,4148440.000000,317494383.371300,-0.413129
2022-02-15,123.599998,125.930000,121.349998,125.570000,1952600,0.000000,0.000000,123.599998,125.930000,121.349998,125.570000,121.076501,136.298001,198.628500,231.178550,123.101548,128.525568,-5.424020,-7.892068,2.468049,46.748587,121.076501,131.179249,110.973752,0.722390,7.599608,0.060521,0.039659,0.030360,-0.037335,-0.523833,-0.560298,-0.507530,0.651320,-0.595001,-0.595001,0.134429,4064500.000000,245187982.000000,-0.415715
2022-02-16,123.150002,123.919998,118.510002,120.139999,3459800,0.000000,0.000000,123.150002,123.919998,118.510002,120.139999,120.734001,135.823200,197.106200,230.757700,122.645925,127.904415,-5.258489,-7.365352,2.106863,42.565930,120.734001,130.449671,111.018330,0.469431,7.561064,0.062935,-0.043243,-0.062578,-0.056319,-0.551281,-0.578175,-0.539676,0.663183,-0.612514,-0.612514,0.085374,4079610.000000,415660368.540200,-0.435481
2022-02-17,118.610001,120.610001,114.190002,115.000000,3190600,0.000000,0.000000,118.610001,120.610001,114.190002,115.000000,120.262001,135.351200,195.618000,230.350350,121.469629,126.948532,-5.478903,-6.988063,1.509160,39.008092,120.262001,130.135531,110.388470,0.233530,7.479559,0.065040,-0.042783,-0.096054,-0.094417,-0.569482,-0.599080,-0.566300,0.678134,-0.629092,-0.629092,0.038938,4069145.000000,366919000.000000,-0.431000
2022-02-18,115.000000,116.110001,109.279999,110.279999,4304300,0.000000,0.000000,115.000000,116.110001,109.279999,110.279999,119.969501,134.482000,194.130800,229.933650,119.748148,125.713826,-5.965678,-6.783586,0.817907,36.029911,119.969501,130.670382,109.268619,0.047257,7.433162,0.067403,-0.041043,-0.099608,-0.113790,-0.582557,-0.614406,-0.547123,0.688269,-0.644315,-0.644315,0.000000,3949510.000000,474678199.695700,-0.429645
2022-02-22,108.040001,114.500000,108.019997,110.989998,3990200,0.000000,0.000000,108.040001,114.500000,108.019997,110.989998,119.427501,133.714400,192.671800,229.512200,118.400740,124.623172,-6.222432,-6.671355,0.448923,36.811422,119.427501,130.808111,108.046891,0.129304,7.365080,0.066358,0.006438,-0.081056,-0.044261,-0.578530,-0.618447,-0.544376,0.650976,-0.642025,-0.642025,0.006438,3697375.000000,442872290.019600,-0.411883
2022-02-23,112.010002,112.339996,106.309998,106.349998,2576800,0.000000,0.000000,112.010002,112.339996,106.309998,106.349998,118.855000,132.951800,191.161000,229.093950,116.546780,123.269604,-6.722824,-6.681649,-0.041175,33.896925,118.855000,131.645038,106.064963,0.011143,7.269717,0.068357,-0.041806,-0.153062,-0.127062,-0.570737,-0.638253,-0.556246,0.638255,-0.656991,-0.656991,0.000000,3575625.000000,274042674.846400,-0.393044
2022-02-24,101.120003,113.980003,100.000000,113.559998,4761100,0.000000,0.000000,101.120003,113.980003,100.000000,113.559998,118.816500,132.427600,189.718900,228.681850,116.087275,122.550374,-6.463099,-6.637939,0.174840,41.630321,118.816500,131.668376,105.964625,0.295497,7.749023,0.068237,0.067795,-0.054769,-0.035993,-0.532001,-0.620074,-0.496921,0.678116,-0.633736,-0.633736,0.067795,3534690.000000,540670506.477800,-0.386104
2022-02-25,114.445000,115.220001,109.690002,115.070000,3924300,0.000000,0.000000,114.445000,115.220001,109.690002,115.070000,119.035500,131.839800,188.403900,228.318250,115.930771,121.996272,-6.065501,-6.523451,0.457950,43.130877,119.035500,131.446004,106.624996,0.340236,7.590521,0.065964,0.013297,0.000609,0.006472,-0.527375,-0.610130,-0.492323,0.671558,-0.628866,-0.628866,0.081993,3457060.000000,451569201.000000,-0.391649
2022-02-28,114.540001,118.919998,114.150002,118.430000,4859200,0.000000,0.000000,114.540001,118.919998,114.150002,118.430000,119.092500,131.187000,187.026200,228.009600,116.315268,121.732104,-5.416836,-6.302128,0.885292,46.430961,119.092500,131.479699,106.705301,0.473259,7.389055,0.062392,0.029200,0.073903,0.069925,-0.525578,-0.606231,-0.503563,0.667046,-0.618029,-0.618029,0.113587,3504645.000000,575475056.000000,-0.413243
2022-03-01,117.550003,123.500000,117.019997,117.900002,3841300,0.000000,0.000000,117.550003,123.500000,117.019997,117.900002,118.699000,130.544800,185.554000,227.663700,116.559073,121.448244,-4.889171,-6.019537,1.130366,45.977734,118.699000,130.686617,106.711384,0.466674,7.324123,0.062121,-0.004475,0.062258,0.005201,-0.531213,-0.611711,-0.493099,0.636004,-0.619739,-0.619739,0.108604,3483310.000000,452889277.682600,-0.388629
2022-03-02,117.959999,118.150002,109.519997,114.400002,4833700,0.000000,0.000000,117.959999,118.150002,109.519997,114.400002,118.044000,129.725400,184.019700,227.303150,116.226908,120.926152,-4.699244,-5.755478,1.056234,42.993137,118.044000,129.422950,106.665051,0.339880,7.417400,0.064837,-0.029686,0.075694,-0.090403,-0.535639,-0.613827,-0.479148,0.588296,-0.631027,-0.631027,0.075694,3590580.000000,552975289.667400,-0.420714
2022-03-03,115.900002,115.900002,107.500000,108.660004,3760000,0.000000,0.000000,115.900002,115.900002,107.500000,108.660004,117.398501,128.937400,182.476000,226.901900,115.062769,120.017549,-4.954780,-5.595338,0.640559,38.571044,117.398501,129.383804,105.413197,0.135450,7.487586,0.068908,-0.050175,-0.043149,-0.147765,-0.529182,-0.634412,-0.484095,0.605620,-0.649540,-0.649540,0.021721,3595380.000000,408561615.040000,-0.416680
2022-03-04,108.699997,110.365997,101.199997,101.379997,5271600,0.000000,0.000000,108.699997,110.365997,101.199997,101.379997,116.755500,127.880200,180.874800,226.461350,112.957727,118.636989,-5.679262,-5.612123,-0.067139,33.819827,116.755500,130.677637,102.833364,-0.052196,7.607473,0.075039,-0.066998,-0.118971,-0.166077,-0.566419,-0.655837,-0.503793,0.626313,-0.673020,-0.673020,0.000000,3691390.000000,534434792.185200,-0.431978
2022-03-07,102.269997,103.739998,95.049004,95.059998,6581000,0.000000,0.000000,102.269997,103.739998,95.049004,95.059998,115.585500,126.704400,179.278500,225.959200,110.204230,116.890545,-6.686315,-5.826962,-0.859353,30.327247,115.585500,132.513114,98.657887,-0.106273,7.684867,0.080842,-0.062340,-0.197332,-0.167892,-0.296321,-0.693404,-0.507052,0.628506,-0.693404,-0.693404,0.000000,3837370.000000,625589846.838000,-0.146872
2022-03-08,95.000000,96.959999,90.900002,91.980003,5917100,0.000000,0.000000,95.000000,96.959999,90.900002,91.980003,114.264000,125.403800,177.605200,225.450350,107.400503,115.045320,-7.644817,-6.190533,-1.454284,28.768043,114.264000,134.134099,94.393902,-0.060742,7.568805,0.082288,-0.032401,-0.219847,-0.223535,-0.360717,-0.684460,-0.568615,0.611759,-0.703338,-0.703338,0.000000,3981145.000000,544254875.751300,-0.201139
2022-03-09,95.949997,100.239998,95.489998,98.050003,5176800,0.000000,0.000000,95.949997,100.239998,95.489998,98.050003,113.073000,124.234400,175.974000,224.962850,105.961965,113.786408,-7.824443,-6.517315,-1.307128,35.775989,113.073000,133.857973,92.288027,0.138609,7.618176,0.077697,0.065993,-0.142920,-0.171945,-0.292569,-0.651861,-0.538957,0.667332,-0.683761,-0.683761,0.065993,4080680.000000,507585255.530400,-0.137575
2022-03-10,94.910004,96.000000,91.919998,93.879997,11519600,0.000000,0.000000,94.910004,96.000000,91.919998,93.879997,111.359000,123.064200,174.308100,224.453850,104.103200,112.311859,-8.208658,-6.855583,-1.353075,33.348669,111.359000,132.555174,90.162826,0.087685,7.511878,0.080016,-0.042529,-0.136021,-0.229671,-0.389359,-0.666276,-0.583163,0.663039,-0.697210,-0.697210,0.020657,4471050.000000,1081460013.441200,-0.221054
2022-03-11,76.699997,77.809998,71.000000,75.010002,44966800,0.000000,0.000000,76.699997,77.809998,71.000000,75.010002,108.748500,121.514800,172.361200,223.842100,99.627324,109.548758,-9.921435,-7.468754,-2.452681,25.062130,108.748500,134.160696,83.336304,-0.163825,8.609600,0.114779,-0.201001,-0.260110,-0.414716,-0.497824,-0.729352,-0.643387,0.896371,-0.758071,-0.758071,0.000000,6521030.000000,3372959757.933600,-0.325529
2022-03-14,73.169998,75.735001,71.790001,73.239998,11239900,0.000000,0.000000,73.169998,75.735001,71.790001,73.239998,106.286500,119.876400,170.364699,223.211300,95.567735,106.859220,-11.291485,-8.233300,-3.058185,24.448462,106.286500,135.372667,77.200333,-0.068079,8.276415,0.113004,-0.023597,-0.229539,-0.424304,-0.493079,-0.729961,-0.667212,0.894432,-0.763780,-0.763780,0.000000,6937770.000000,823210253.520200,-0.297988
2022-03-15,73.300003,77.190002,72.519997,76.639999,8366200,0.000000,0.000000,73.300003,77.190002,72.519997,76.639999,104.079500,118.363000,168.418499,222.586400,92.655776,104.620760,-11.964984,-8.979637,-2.985347,28.090873,104.079500,135.164987,72.994012,0.058645,8.018814,0.104630,0.046423,-0.166775,-0.374265,-0.451671,-0.714009,-0.637087,0.925617,-0.752814,-0.752814,0.046423,7224645.000000,641185559.633800,-0.291766
2022-03-16,78.349998,83.459999,77.769997,83.169998,10955100,0.000000,0.000000,78.349998,83.459999,77.769997,83.169998,101.959500,116.886200,166.451499,222.000350,91.196425,103.031814,-11.835389,-9.550787,-2.284602,34.611177,101.959500,132.654737,71.264263,0.193935,7.933184,0.095385,0.085204,-0.151759,-0.311393,-0.424270,-0.696072,-0.610153,0.995343,-0.731753,-0.731753,0.135582,7674770.000000,911135645.089800,-0.306070
2022-03-17,82.739998,88.040001,82.250000,87.260002,6891500,0.000000,0.000000,82.739998,88.040001,82.250000,87.260002,100.315500,115.542600,164.576799,221.434000,90.590822,101.863532,-11.272710,-9.895172,-1.377538,38.379960,100.315500,130.427321,70.203679,0.283216,7.780100,0.089160,0.049176,-0.070516,-0.305089,-0.422387,-0.685096,-0.573926,1.002524,-0.718562,-0.718562,0.191426,7846355.000000,601352303.783000,-0.297059
2022-03-18,88.279999,96.970001,88.269997,95.510002,11799300,0.000000,0.000000,88.279999,96.970001,88.269997,95.510002,99.341000,114.569400,162.753299,220.937800,91.347619,101.392900,-10.045281,-9.925194,-0.120088,45.236481,99.341000,128.704040,69.977960,0.434765,7.917950,0.082902,0.094545,0.273297,-0.205011,-0.363309,-0.656117,-0.535615,1.065552,-0.691953,-0.691953,0.304069,8276790.000000,1126951166.598600,-0.278556
2022-03-21,94.209999,100.059998,93.010002,95.860001,8118700,0.000000,0.000000,94.209999,100.059998,93.010002,95.860001,98.620000,113.624600,160.906100,220.250900,92.041831,100.983056,-8.941224,-9.728400,0.787176,45.513474,98.620000,127.557146,69.682854,0.452310,7.855953,0.081952,0.003665,0.308848,-0.166435,-0.383021,-0.646651,-0.537868,1.058909,-0.690824,-0.690824,0.308848,8467510.000000,778258590.118700,-0.295266
2022-03-22,94.120003,102.050003,94.000000,99.449997,5869500,0.000000,0.000000,94.120003,102.050003,94.000000,99.449997,98.043000,112.895000,159.121000,219.543300,93.181549,100.869496,-7.687947,-9.320309,1.632363,48.396624,98.043000,126.395911,69.690089,0.524812,7.869814,0.079133,0.037450,0.297625,-0.098205,-0.328313,-0.633242,-0.521783,1.061456,-0.679245,-0.679245,0.357865,8561475.000000,583721757.391500,-0.270098
2022-03-23,98.169998,102.610001,94.724998,100.169998,6228800,0.000000,0.000000,98.169998,102.610001,94.724998,100.169998,97.734000,112.173800,157.363600,218.832550,94.256695,100.817681,-6.560986,-8.768445,2.207459,48.979726,97.734000,125.839344,69.628656,0.543337,7.870899,0.078575,0.007240,0.204401,-0.097486,-0.350558,-0.634469,-0.495264,1.061546,-0.676923,-0.676923,0.367695,8744075.000000,623938883.542400,-0.258094
2022-03-24,101.089996,104.699997,98.139000,104.550003,6654300,0.000000,0.000000,101.089996,104.699997,98.139000,104.550003,97.283500,111.422200,155.626200,218.166550,95.840281,101.094149,-5.253868,-8.065529,2.811661,52.496303,97.283500,124.598470,69.968531,0.633013,7.777334,0.074389,0.043726,0.198143,-0.016925,-0.320442,-0.618012,-0.478007,1.063112,-0.662796,-0.662796,0.427499,8838735.000000,695707084.962900,-0.234753
2022-03-25,104.220001,104.459999,98.370003,100.449997,6001200,0.000000,0.000000,104.220001,104.459999,98.370003,100.449997,96.552500,110.646200,153.851100,217.453400,96.549468,101.046434,-4.496966,-7.351817,2.854850,49.085731,96.552500,122.617160,70.487840,0.574766,7.663239,0.076289,-0.039216,0.051722,-0.115446,-0.360232,-0.631200,-0.502624,1.043418,-0.676020,-0.676020,0.371518,8942580.000000,602820521.996400,-0.265423
2022-03-28,100.900002,105.050003,98.809998,104.669998,5170000,0.000000,0.000000,100.900002,105.050003,98.809998,104.669998,95.864500,110.127800,152.079200,216.711700,97.798780,101.314847,-3.516066,-6.584667,3.068600,52.505924,95.864500,120.164349,71.564651,0.681184,7.561579,0.072242,0.042011,0.091905,-0.090380,-0.331268,-0.603252,-0.469757,1.053979,-0.662409,-0.662409,0.429137,8958120.000000,541143889.660000,-0.235726
2022-03-29,106.470001,111.989998,104.099998,111.239998,6306600,0.000000,0.000000,106.470001,111.989998,104.099998,111.239998,95.531500,109.743800,150.359500,215.981600,99.866660,102.050043,-2.183383,-5.704410,3.521027,57.313630,95.531500,118.716874,72.346125,0.838759,7.585038,0.068186,0.062769,0.118552,-0.060711,-0.270031,-0.570502,-0.435158,1.072856,-0.641219,-0.641219,0.518842,9081385.000000,701546171.386800,-0.196396
2022-03-30,109.260002,111.739998,106.629997,107.949997,4429000,0.000000,0.000000,109.260002,111.739998,106.629997,107.949997,95.209000,109.356600,148.597900,215.268950,101.110250,102.487077,-1.376826,-4.838893,3.462067,54.346832,95.209000,117.449485,72.968514,0.786437,7.408250,0.068627,-0.029576,0.077668,-0.084394,-0.292038,-0.579781,-0.466782,1.077490,-0.651830,-0.651830,0.473921,9061150.000000,478110536.713000,-0.208064
2022-03-31,107.080002,109.899002,105.650002,107.120003,4000300,0.000000,0.000000,107.080002,109.899002,105.650002,107.120003,95.132000,108.959200,146.994200,214.539200,102.034828,102.830256,-0.795429,-4.030200,3.234772,53.593124,95.132000,117.186287,73.077712,0.771784,7.182589,0.067052,-0.007689,0.024582,-0.063636,-0.309616,-0.583887,-0.480731,1.073020,-0.654507,-0.654507,0.462589,9073165.000000,428512148.000900,-0.212990
2022-04-01,107.000000,111.470001,106.699997,108.629997,4242400,0.000000,0.000000,107.000000,111.470001,106.699997,108.629997,95.494500,108.643000,145.341400,213.779300,103.049469,103.259867,-0.210398,-3.266240,3.055842,54.820713,95.494500,118.209625,72.779374,0.789135,7.010262,0.064533,0.014096,0.081434,-0.000276,-0.286784,-0.578578,-0.471772,1.058779,-0.649637,-0.649637,0.483206,9021705.000000,460851899.272800,-0.198354
2022-04-04,109.639999,113.669998,108.699997,112.279999,3467700,0.000000,0.000000,109.639999,113.669998,108.699997,112.279999,96.355500,108.566000,143.712500,212.968550,104.469551,103.928025,0.541526,-2.504687,3.046213,57.731371,96.355500,120.274786,72.436214,0.832880,6.869529,0.061182,0.033600,0.072705,0.107516,-0.284886,-0.544632,-0.454183,1.032928,-0.637865,-0.637865,0.533042,8866040.000000,389353352.532300,-0.202762
2022-04-05,111.300003,113.000000,106.379997,107.370003,4110300,0.000000,0.000000,111.300003,113.000000,106.379997,107.370003,97.125000,108.276800,142.229600,212.155300,104.915774,104.182986,0.732788,-1.857192,2.589980,52.803210,97.125000,121.438565,72.811435,0.710685,6.851705,0.063814,-0.043730,-0.034790,0.129497,-0.304779,-0.580913,-0.478052,1.019100,-0.653701,-0.653701,0.466002,8775700.000000,441322923.330900,-0.213978
2022-04-06,105.650002,105.940002,100.809998,102.699997,5946300,0.000000,0.000000,105.650002,105.940002,100.809998,102.699997,97.357499,107.974800,140.711100,211.282450,104.574885,104.073135,0.501750,-1.385403,1.887154,48.557500,97.357499,121.796914,72.918085,0.609301,6.830870,0.066513,-0.043495,-0.048634,0.116547,-0.287647,-0.612628,-0.516205,1.025335,-0.668763,-0.668763,0.402239,8814175.000000,610684992.161100,-0.207426
2022-04-07,102.239998,105.498001,100.010002,102.720001,4207300,0.000000,0.000000,102.239998,105.498001,100.010002,102.720001,97.799499,107.742600,139.091700,210.422050,104.289518,103.972903,0.316616,-1.045000,1.361615,48.576574,97.799499,122.293794,73.305205,0.600442,6.734950,0.065566,0.000195,-0.041075,0.047629,-0.282180,-0.616473,-0.517679,1.003038,-0.668699,-0.668699,0.402512,8448560.000000,432173860.207300,-0.203699
2022-04-08,101.839996,104.940002,100.589996,101.949997,3902500,0.000000,0.000000,101.839996,104.940002,100.589996,101.949997,99.146499,107.567800,137.474100,209.548200,103.929592,103.823058,0.106534,-0.814693,0.921227,47.841254,99.146499,121.205927,77.087072,0.563544,6.564597,0.064390,-0.007496,-0.061493,0.085961,-0.249982,-0.612402,-0.522438,0.989704,-0.671182,-0.671182,0.391999,6395345.000000,397859863.292500,-0.167971
2022-04-11,100.239998,102.875000,97.180000,101.709999,3262200,0.000000,0.000000,100.239998,102.875000,97.180000,101.709999,100.569999,107.256200,135.813800,208.660750,103.588116,103.666535,-0.078419,-0.667438,0.589019,47.599401,100.569999,118.959554,82.180444,0.530996,6.502483,0.063932,-0.002354,-0.094140,0.355952,-0.253395,-0.611052,-0.545207,0.645924,-0.671956,-0.671956,0.388722,5996460.000000,331798358.737800,-0.150947
2022-04-12,103.519997,105.410004,97.629997,98.760002,3658200,0.000000,0.000000,103.519997,105.410004,97.629997,98.760002,101.675999,106.716000,134.130200,207.733800,102.845329,103.303088,-0.457759,-0.625502,0.167743,44.613904,101.675999,116.275936,87.076063,0.400137,6.593735,0.066765,-0.029004,-0.080190,0.348444,-0.305143,-0.612234,-0.561768,0.650292,-0.681471,-0.681471,0.348444,5761060.000000,361283839.316400,-0.187554
2022-04-13,98.500000,105.050003,97.989998,104.559998,3634000,0.000000,0.000000,98.500000,105.050003,97.989998,104.559998,102.745499,106.257200,132.534000,206.834200,103.109125,103.396193,-0.287068,-0.557815,0.270747,51.107011,102.745499,114.492570,90.998429,0.577232,6.627040,0.063380,0.058728,0.018111,0.364301,-0.249120,-0.596776,-0.551630,0.659093,-0.662764,-0.662764,0.427635,5395005.000000,379971032.732000,-0.147411
2022-04-14,104.449997,104.930000,99.230003,99.529999,2987600,0.000000,0.000000,104.449997,104.930000,99.230003,99.529999,103.358999,105.816400,130.895900,205.934000,102.558490,103.109808,-0.551318,-0.556516,0.005198,46.063493,103.358999,112.745228,93.972771,0.296031,6.560822,0.065918,-0.048106,-0.031055,0.196706,-0.237844,-0.618907,-0.570862,0.643579,-0.678987,-0.678987,0.358957,5199810.000000,297355825.012400,-0.139529
2022-04-18,99.139999,99.239998,93.839996,96.320000,3870900,0.000000,0.000000,99.139999,99.239998,93.839996,96.320000,103.399499,105.458000,129.381600,205.025150,101.598722,102.606859,-1.008137,-0.646840,-0.361297,43.137775,103.399499,112.649126,94.149872,0.117309,6.498621,0.067469,-0.032252,-0.055223,0.103828,-0.261576,-0.630207,-0.568652,0.641916,-0.689340,-0.689340,0.315128,4803390.000000,372845088.000000,-0.156741
2022-04-19,95.910004,102.940002,94.610001,102.029999,4051800,0.000000,0.000000,95.910004,102.940002,94.610001,102.029999,103.707999,105.129400,127.975400,204.141200,101.665072,102.564129,-0.899056,-0.697283,-0.201773,49.305846,103.707999,112.286026,95.129972,0.402192,6.629434,0.064975,0.059282,0.003146,0.068265,-0.198570,-0.621691,-0.535023,0.589773,-0.670924,-0.670924,0.393091,4600045.000000,413405149.948200,-0.137411
2022-04-20,101.730003,101.870003,92.370003,92.739998,4841700,0.000000,0.000000,101.730003,101.870003,92.370003,92.739998,103.372499,104.616000,126.468100,203.164000,100.291984,101.836415,-1.544431,-0.866713,-0.677718,41.431407,103.372499,113.099644,93.645354,-0.046538,6.845903,0.073818,-0.091052,-0.060956,-0.032547,-0.269706,-0.660156,-0.577225,0.675140,-0.700887,-0.700887,0.266248,4548655.000000,449019248.316600,-0.207839
2022-04-21,94.809998,96.199997,86.750000,87.419998,4749400,0.000000,0.000000,94.809998,96.199997,86.750000,87.419998,102.734999,103.927000,124.846000,202.156400,98.311679,100.768533,-2.456854,-1.184741,-1.272113,37.716616,102.734999,114.748417,90.721581,-0.137412,7.031909,0.080438,-0.057365,-0.163925,-0.120965,-0.297493,-0.677726,-0.605666,0.687401,-0.718045,-0.718045,0.193610,4474685.000000,415192538.501200,-0.228299
2022-04-22,88.040001,90.370003,84.709999,86.330002,3777800,0.000000,0.000000,88.040001,90.370003,84.709999,86.330002,101.823999,103.090400,123.194300,201.144350,96.468344,99.699012,-3.230668,-1.593927,-1.636742,36.984925,101.823999,115.852255,87.795743,-0.052242,6.933916,0.080319,-0.012468,-0.132623,-0.138165,-0.256609,-0.691535,-0.616038,0.686288,-0.721561,-0.721561,0.178728,4330860.000000,326137481.555600,-0.189092
2022-04-25,85.349998,91.070000,85.190002,89.949997,3722600,0.000000,0.000000,85.349998,91.070000,85.190002,89.949997,101.298999,102.345000,121.630200,200.154000,95.465521,98.976863,-3.511341,-1.977410,-1.533932,41.073510,101.298999,116.296215,86.301783,0.121630,6.858636,0.076249,0.041932,-0.066134,-0.139646,-0.261676,-0.672588,-0.616189,0.684671,-0.709886,-0.709886,0.228154,4216930.000000,334847858.832200,-0.200307
2022-04-26,89.150002,89.669998,84.080002,84.389999,4242600,0.000000,0.000000,89.150002,89.669998,84.080002,84.389999,100.284999,101.583200,120.166200,199.135450,93.761595,97.896354,-4.134760,-2.408880,-1.725880,37.092726,100.284999,116.969944,83.600054,0.023672,6.788019,0.080436,-0.061812,-0.172890,-0.159881,-0.283616,-0.696286,-0.633119,0.702620,-0.727818,-0.727818,0.152239,4170560.000000,358033009.757400,-0.206171
2022-04-27,84.330002,86.580002,81.129997,82.709999,3561900,0.000000,0.000000,84.330002,86.580002,81.129997,82.709999,98.858499,100.821799,118.655100,198.130600,92.061349,96.771439,-4.710090,-2.869122,-1.840968,35.958681,98.858499,116.453419,81.263580,0.041103,6.692447,0.080915,-0.019908,-0.108152,-0.209802,-0.276568,-0.705218,-0.643952,0.680223,-0.733237,-0.733237,0.129301,4033325.000000,294604745.438100,-0.198796
2022-04-28,83.910004,86.739998,80.630997,85.370003,3888900,0.000000,0.000000,83.910004,86.739998,80.630997,85.370003,97.729500,100.017800,118.157900,197.180300,91.031911,95.926888,-4.894977,-3.274293,-1.620684,39.131821,97.729500,115.760479,79.698520,0.157271,6.650772,0.077905,0.032161,-0.023450,-0.232560,-0.228747,-0.692869,-0.619885,0.646226,-0.724657,-0.724657,0.165620,4006320.000000,331995404.666700,-0.192706
2022-04-29,84.559998,87.551003,80.889999,81.000000,2877500,0.000000,0.000000,84.559998,87.551003,80.889999,81.000000,96.423499,99.235000,117.529100,196.200250,89.488540,94.821193,-5.332652,-3.685965,-1.646688,35.977913,96.423499,115.352085,77.494914,0.092587,6.651503,0.082117,-0.051189,-0.061740,-0.249653,-0.309404,-0.706426,-0.636674,0.657977,-0.738752,-0.738752,0.105953,3950180.000000,233077500.000000,-0.205129
2022-05-02,80.730003,86.000000,80.445000,85.830002,3291500,0.000000,0.000000,80.730003,86.000000,80.445000,85.830002,95.283500,98.651600,117.001400,195.219150,88.925688,94.155179,-5.229490,-3.994670,-1.234821,41.582130,95.283500,113.859747,76.707252,0.245549,6.573181,0.076584,0.059630,-0.045803,-0.198749,-0.317564,-0.691581,-0.600976,0.704213,-0.723174,-0.723174,0.171901,3902635.000000,282509451.583000,-0.197910
2022-05-03,81.364998,86.750000,81.085999,83.940002,3567800,0.000000,0.000000,81.364998,86.750000,81.085999,83.940002,93.866500,98.124800,116.303400,194.191450,88.158660,93.398499,-5.239839,-4.243704,-0.996136,40.102820,93.866500,111.270382,76.462618,0.214819,6.508240,0.077534,-0.022020,-0.005332,-0.227285,-0.341647,-0.698014,-0.589154,0.700032,-0.729269,-0.729269,0.146095,3907640.000000,299481139.135600,-0.217414
2022-05-04,84.699997,88.580002,79.099998,88.510002,4250200,0.000000,0.000000,84.699997,88.580002,79.099998,88.510002,92.923500,97.675200,115.694800,193.127650,88.212712,93.036388,-4.823676,-4.359698,-0.463978,45.181156,92.923500,109.257605,76.589395,0.364899,6.720509,0.075929,0.054444,0.070125,-0.211703,-0.271942,-0.685979,-0.549499,0.720297,-0.714530,-0.714530,0.208493,3914635.000000,376185210.500400,-0.171184
2022-05-05,86.860001,86.860001,79.160004,80.930000,3479000,0.000000,0.000000,86.860001,86.860001,79.160004,80.930000,91.835000,97.166800,115.059300,192.018250,87.092295,92.139619,-5.047323,-4.497223,-0.550100,39.238682,91.835000,108.326667,75.343332,0.169378,6.908329,0.085362,-0.085640,-0.052009,-0.246251,-0.291579,-0.714240,-0.582016,0.758441,-0.738978,-0.738978,0.104997,3791270.000000,281555470.000000,-0.179096
2022-05-06,79.779999,80.019997,74.139999,74.570000,4415500,0.000000,0.000000,79.779999,80.019997,74.139999,74.570000,90.427500,96.387000,114.407300,190.851100,85.165788,90.838165,-5.672377,-4.732254,-0.940123,35.070692,90.427500,107.789634,73.065366,0.043331,6.899877,0.092529,-0.078586,-0.079383,-0.273905,-0.370505,-0.737531,-0.618138,0.785886,-0.759490,-0.759490,0.018160,3801680.000000,329263835.000000,-0.231950
2022-05-09,72.470001,73.839996,67.922997,68.629997,5426100,0.000000,0.000000,72.470001,73.839996,67.922997,68.629997,88.761500,95.458200,113.649000,189.651750,82.621820,89.193116,-6.571296,-5.100062,-1.471233,31.685473,88.761500,107.783424,69.739575,-0.029166,6.881815,0.100274,-0.079657,-0.200396,-0.331873,-0.420404,-0.743430,-0.638789,0.815890,-0.778649,-0.778649,0.000000,3877860.000000,372393226.721700,-0.249708
2022-05-10,71.099998,73.000000,66.000000,70.290001,6019000,0.000000,0.000000,71.099998,73.000000,66.000000,70.290001,87.190500,94.495400,112.841200,188.474350,80.724617,87.792885,-7.068268,-5.493703,-1.574564,33.614001,87.190500,106.887582,67.493418,0.070990,6.890257,0.098026,0.024188,-0.162616,-0.310544,-0.423238,-0.743383,-0.641341,0.828196,-0.773295,-0.773295,0.024188,4015700.000000,423075516.019000,-0.250158
2022-05-11,69.739998,73.019997,67.019997,67.599998,6200400,0.000000,0.000000,69.739998,73.019997,67.019997,67.599998,85.632500,93.489400,112.017100,187.302150,78.705445,86.297116,-7.591671,-5.913297,-1.678374,32.035750,85.632500,106.377917,64.887083,0.065386,6.826667,0.100986,-0.038270,-0.236245,-0.335365,-0.472534,-0.754334,-0.640023,0.829952,-0.781971,-0.781971,0.000000,4142810.000000,419147027.599200,-0.256796
2022-05-12,65.739998,72.150002,64.839996,69.839996,5274900,0.000000,0.000000,65.739998,72.150002,64.839996,69.839996,83.896500,92.598200,111.161800,186.127250,77.341530,85.078070,-7.736540,-6.277945,-1.458594,34.781775,83.896500,103.765267,64.027732,0.146266,6.861191,0.098242,0.033136,-0.137032,-0.292831,-0.451030,-0.726825,-0.612345,0.847259,-0.774746,-0.774746,0.033136,4224855.000000,368398994.900400,-0.252612
2022-05-13,72.660004,80.779999,72.510002,79.169998,6171500,0.000000,0.000000,72.660004,80.779999,72.510002,79.169998,82.878500,92.008399,110.472900,185.017200,77.622833,84.640435,-7.017602,-6.425877,-0.591725,44.788117,82.878500,101.416396,64.340603,0.399975,7.152535,0.090344,0.133591,0.061687,-0.242827,-0.353609,-0.688981,-0.576812,0.961341,-0.744654,-0.744654,0.171154,4384050.000000,488597642.657000,-0.209592
2022-05-16,77.300003,79.779999,74.180000,74.489998,3522500,0.000000,0.000000,77.300003,79.779999,74.180000,74.489998,81.786999,91.470600,109.675400,183.899450,77.140858,83.888551,-6.747693,-6.490240,-0.257453,41.360145,81.786999,99.546920,64.027079,0.294565,7.041639,0.094531,-0.059113,0.085385,-0.251582,-0.383259,-0.718545,-0.600611,0.967370,-0.759748,-0.759748,0.101923,4366630.000000,262391017.955000,-0.228945
2022-05-17,76.760002,79.570000,72.139999,75.250000,5004500,0.000000,0.000000,76.760002,79.570000,72.139999,75.250000,80.448000,91.074400,108.889400,182.800200,76.849957,83.248658,-6.398701,-6.471932,0.073231,42.134690,80.448000,95.633277,65.262722,0.328847,7.069379,0.093945,0.010203,0.070565,-0.218750,-0.400733,-0.714649,-0.601662,0.967323,-0.757297,-0.757297,0.113166,4414265.000000,376588625.000000,-0.248309
2022-05-18,73.879997,76.120003,71.910004,72.760002,2963200,0.000000,0.000000,73.879997,76.120003,71.910004,72.760002,79.449000,90.690000,108.046900,181.700700,76.220733,82.471720,-6.250987,-6.427743,0.176756,40.258487,79.449000,93.837352,65.060648,0.267555,6.865138,0.094353,-0.033090,0.076331,-0.286876,-0.394373,-0.728244,-0.616022,0.936482,-0.765328,-0.765328,0.076331,4320340.000000,215602437.926400,-0.202790
2022-05-19,73.599998,80.160004,72.550003,78.180000,5308600,0.000000,0.000000,73.599998,80.160004,72.550003,78.180000,78.987000,90.292599,107.263500,180.581750,76.522159,82.153815,-5.631657,-6.268526,0.636869,45.905019,78.987000,92.882640,65.091360,0.470962,6.918343,0.088492,0.074491,0.119416,-0.156998,-0.320174,-0.707323,-0.600082,0.941162,-0.747847,-0.747847,0.156509,4348300.000000,415026348.000000,-0.150438
2022-05-20,79.639999,80.949997,72.839996,76.750000,4609800,0.000000,0.000000,79.639999,80.949997,72.839996,76.750000,78.508000,89.950000,106.507100,179.437450,76.557211,81.753533,-5.196321,-6.054085,0.857764,44.704474,78.508000,91.992240,65.023759,0.434813,7.003461,0.091250,-0.018291,-0.030567,-0.122054,-0.304044,-0.709478,-0.603871,0.924104,-0.752459,-0.752459,0.135355,4389900.000000,353802150.000000,-0.142143
2022-05-23,76.580002,78.330002,74.470001,78.269997,2787700,0.000000,0.000000,76.580002,78.330002,74.470001,78.269997,77.924000,90.015199,105.765000,178.315650,76.820717,81.495493,-4.674776,-5.778223,1.103447,46.311744,77.924000,90.286794,65.561205,0.513993,6.778928,0.086610,0.019805,0.050745,-0.093363,-0.294801,-0.702780,-0.599744,0.927391,-0.747557,-0.747557,0.157840,4343155.000000,218193270.636900,-0.156831
2022-05-24,76.940002,77.169998,69.785004,71.730003,4320100,0.000000,0.000000,76.940002,77.169998,69.785004,71.730003,77.291000,89.985000,104.930700,177.141800,76.037530,80.772123,-4.734593,-5.569497,0.834904,40.814640,77.291000,89.555853,65.026147,0.273295,6.900790,0.096205,-0.083557,-0.046777,-0.202557,-0.325529,-0.710474,-0.633432,0.952252,-0.768650,-0.768650,0.061095,4347030.000000,309880785.960300,-0.189533
2022-05-25,71.129997,78.769997,71.129997,77.699997,3867200,0.000000,0.000000,71.129997,78.769997,71.129997,77.699997,77.040500,90.006199,104.184600,176.023100,76.293294,80.544558,-4.251264,-5.305851,1.054586,46.999170,77.040500,89.041141,65.039858,0.527478,6.953591,0.089493,0.083229,0.067894,-0.079275,-0.315780,-0.679786,-0.606303,0.982996,-0.749395,-0.749395,0.149408,4362295.000000,300481428.398400,-0.164458
2022-05-26,76.500000,81.879997,75.930000,80.809998,3546800,0.000000,0.000000,76.500000,81.879997,75.930000,80.809998,76.812500,89.958999,103.422600,174.961850,76.988172,80.564221,-3.576049,-4.959890,1.383841,49.934151,76.812500,88.309519,65.315480,0.673849,6.881905,0.085162,0.040026,0.033640,-0.022972,-0.297732,-0.668091,-0.594734,0.991219,-0.739365,-0.739365,0.195414,4345190.000000,286616900.906400,-0.155050
2022-05-27,81.620003,86.660004,81.620003,86.239998,3413700,0.000000,0.000000,81.620003,86.660004,81.620003,86.239998,77.074499,89.938599,102.740600,173.915350,78.411530,80.984649,-2.573119,-4.482536,1.909417,54.655551,77.074499,89.195222,64.953777,0.878092,6.808198,0.078945,0.067195,0.123648,0.010191,-0.271806,-0.654529,-0.572265,1.012416,-0.721851,-0.721851,0.275740,4372000.000000,294397481.172600,-0.153980
2022-05-31,86.239998,87.262001,82.000000,83.910004,5292400,0.000000,0.000000,86.239998,87.262001,82.000000,83.910004,76.978500,89.706599,102.138000,172.855050,79.257449,81.201342,-1.943893,-3.974807,2.030915,52.373222,76.978500,88.834767,65.122232,0.792314,6.697756,0.079821,-0.027018,0.072058,0.035926,-0.288295,-0.666362,-0.581246,0.999675,-0.729366,-0.729366,0.241272,4472045.000000,444085305.169600,-0.181066
2022-06-01,85.320000,87.440002,81.279999,82.120003,2369800,0.000000,0.000000,85.320000,87.440002,81.279999,82.120003,76.887500,89.431799,101.528200,171.831900,79.697842,81.269391,-1.571549,-3.494156,1.922607,50.624240,76.887500,88.545066,65.229933,0.724425,6.659345,0.081093,-0.021332,0.144849,-0.043225,-0.282168,-0.666667,-0.590485,0.981635,-0.735139,-0.735139,0.214793,4412145.000000,194607983.109400,-0.154364
2022-06-02,82.239998,88.279999,81.800003,87.629997,2785800,0.000000,0.000000,82.239998,88.279999,81.800003,87.629997,76.843499,89.195399,101.045200,170.842150,80.918173,81.740547,-0.822373,-2.959799,2.137426,55.545481,76.843499,88.321620,65.365378,0.969872,6.646534,0.075848,0.067097,0.127799,0.043960,-0.193540,-0.620304,-0.550039,1.005051,-0.717368,-0.717368,0.296302,4338925.000000,244119645.642600,-0.103346
2022-06-03,84.529999,86.129997,82.775002,83.779999,2569800,0.000000,0.000000,84.529999,86.129997,82.775002,83.779999,76.985999,88.867600,100.520700,169.837000,81.358454,81.891617,-0.533163,-2.474472,1.941309,51.670267,76.985999,88.745062,65.226936,0.788884,6.518567,0.077806,-0.043935,0.036753,-0.053440,-0.173604,-0.641690,-0.640799,1.000537,-0.729786,-0.729786,0.239349,4293465.000000,215297841.430200,-0.075905
2022-06-06,86.040001,87.610001,82.639999,84.260002,2283800,0.000000,0.000000,86.040001,87.610001,82.639999,84.260002,77.470499,88.461799,99.942000,168.824100,81.804846,82.067053,-0.262207,-2.032019,1.769812,52.118786,77.470499,89.602997,65.338001,0.779806,6.407955,0.076050,0.005729,-0.022959,0.041147,-0.113612,-0.376268,-0.650330,0.951720,-0.728237,-0.728237,0.246450,4186880.000000,192432992.567600,-0.053633
2022-06-07,82.449997,88.029999,82.160004,87.739998,3520100,0.000000,0.000000,82.449997,88.029999,82.160004,87.739998,78.425999,88.207600,99.426900,167.832800,82.717946,82.487271,0.230675,-1.579480,1.810155,55.353755,78.425999,90.636751,66.215248,0.881385,6.369529,0.072596,0.041301,0.045644,0.176613,-0.046097,-0.390186,-0.637917,0.910996,-0.717013,-0.717013,0.297929,4091580.000000,308853566.959800,0.002382
2022-06-08,90.000000,92.040001,88.709999,90.099998,5663700,0.000000,0.000000,90.000000,92.040001,88.709999,90.099998,79.416499,87.916200,99.022000,166.828850,83.853647,83.051177,0.802470,-1.103090,1.905560,57.453133,79.416499,92.054809,66.778190,0.922663,6.221706,0.069053,0.026898,0.097175,0.312837,-0.081081,-0.349928,-0.621031,0.852784,-0.709402,-0.709402,0.332840,4073815.000000,510299358.672600,0.007129
2022-06-09,89.440002,91.674004,87.330002,87.360001,12549200,0.000000,0.000000,89.440002,91.674004,87.330002,87.360001,80.404499,87.438600,98.591200,165.795700,84.393086,83.370349,1.022737,-0.677925,1.700662,54.262838,80.404499,92.215728,68.593271,0.794444,6.087584,0.069684,-0.030411,-0.003081,0.242851,-0.069450,-0.431768,-0.640612,0.865759,-0.718239,-0.718239,0.292308,4391255.000000,1096298124.549200,0.035328
2022-06-10,66.500000,69.849998,64.300003,65.930000,41703600,0.000000,0.000000,66.500000,69.849998,64.300003,65.930000,80.209000,86.598200,97.977400,164.630850,81.552611,82.078471,-0.525860,-0.647512,0.121652,36.971162,80.209000,92.856340,67.561659,-0.064506,7.299900,0.110722,-0.245307,-0.213058,-0.024704,-0.121051,-0.558613,-0.739417,1.234954,-0.787357,-0.787357,0.000000,6212690.000000,2749518348.000000,-0.003968
2022-06-13,62.500000,63.299999,58.000000,59.119999,14979900,0.000000,0.000000,62.500000,63.299999,58.000000,59.119999,79.206500,85.638200,97.298700,163.450700,78.101440,80.377844,-2.276404,-0.973290,-1.303114,33.335743,79.206500,94.990259,63.422740,-0.136303,7.344907,0.124237,-0.103291,-0.298362,-0.153494,-0.192791,-0.590808,-0.770194,1.281091,-0.809321,-0.809321,0.000000,6653110.000000,885611673.020100,-0.051947
2022-06-14,59.980000,60.330002,57.139999,57.279999,7000300,0.000000,0.000000,59.980000,60.330002,57.139999,57.279999,78.346000,84.611200,96.627100,162.233300,74.898141,78.666892,-3.768751,-1.532382,-2.236369,32.408475,78.346000,96.853867,59.838133,-0.069109,7.048128,0.123047,-0.031123,-0.347162,-0.276494,-0.252610,-0.590184,-0.771319,1.180391,-0.815256,-0.815256,0.000000,6827000.000000,400977176.999700,-0.088865
2022-06-15,57.820000,61.619999,57.320000,60.470001,8909300,0.000000,0.000000,57.820000,61.619999,57.320000,60.470001,77.607000,83.575000,96.070500,161.017450,72.678427,77.318974,-4.640547,-2.154015,-2.486532,35.745478,77.607000,97.743973,57.470026,0.074489,6.854690,0.113357,0.055691,-0.328857,-0.188213,-0.272935,-0.581407,-0.761054,1.190105,-0.804967,-0.804967,0.055691,7022240.000000,538745379.909300,-0.098977
2022-06-16,57.792000,59.240002,55.959999,56.810001,7732300,0.000000,0.000000,57.792000,59.240002,55.959999,56.810001,76.809500,82.563800,95.420300,159.820300,70.237131,75.799791,-5.562660,-2.835744,-2.726916,33.690324,76.809500,98.921253,54.697746,0.047763,6.687213,0.117712,-0.060526,-0.349702,-0.245050,-0.348957,-0.623949,-0.782011,1.202427,-0.816771,-0.816771,0.000000,7260695.000000,439271970.732300,-0.130909
2022-06-17,56.419998,61.450001,56.419998,60.549999,6518700,0.000000,0.000000,56.419998,61.450001,56.419998,60.549999,75.928000,81.720800,94.847800,158.636950,68.746803,74.670177,-5.923374,-3.453270,-2.470104,37.636092,75.928000,99.185678,52.670322,0.169399,6.568840,0.108486,0.065833,-0.081602,-0.167812,-0.366035,-0.596360,-0.779361,1.227381,-0.804709,-0.804709,0.065833,7321200.000000,394707278.481300,-0.143239
2022-06-21,60.759998,63.410000,59.480000,59.549999,7079200,0.000000,0.000000,60.759998,63.410000,59.480000,59.549999,75.068000,80.857400,94.300000,157.461850,67.331910,73.550164,-6.218254,-4.006267,-2.211987,37.002085,75.068000,99.442876,50.693124,0.181680,6.380352,0.107143,-0.016515,0.007273,-0.238296,-0.378782,-0.616721,-0.779461,1.192553,-0.807934,-0.807934,0.048231,7444670.000000,421566352.920800,-0.178675
2022-06-22,59.250000,63.380001,58.521999,62.049999,5174600,0.000000,0.000000,59.250000,63.380001,58.521999,62.049999,74.257000,80.059400,93.813600,156.221850,66.519308,72.698300,-6.178991,-4.440812,-1.738180,39.735321,74.257000,99.254685,49.259314,0.255837,6.271613,0.101074,0.041982,0.083275,-0.191531,-0.376068,-0.580913,-0.776211,1.205435,-0.799871,-0.799871,0.092237,7564015.000000,321083924.825400,-0.159485
2022-06-23,62.790001,66.050003,61.775002,65.699997,6007700,0.000000,0.000000,62.790001,66.050003,61.775002,65.699997,73.955499,79.339200,93.297700,155.092850,66.393261,72.179907,-5.786646,-4.709979,-1.076668,43.583825,73.955499,99.225490,48.685509,0.336654,6.128997,0.093288,0.058823,0.086489,-0.160598,-0.344115,-0.574040,-0.760917,1.223829,-0.788099,-0.788099,0.156486,7648395.000000,394705871.976900,-0.150875
2022-06-24,66.389999,69.750000,66.050003,68.750000,7682300,0.000000,0.000000,66.389999,69.750000,66.050003,68.750000,73.508000,78.739000,92.727500,154.028400,66.755836,71.925840,-5.170004,-4.801984,-0.368020,46.649726,73.508000,98.815746,48.200253,0.405997,5.980498,0.086989,0.046423,0.210174,-0.041545,-0.342420,-0.553136,-0.751554,1.201599,-0.778262,-0.778262,0.210174,7839150.000000,528158125.000000,-0.160328
2022-06-27,69.529999,70.709999,66.029999,66.190002,4660500,0.000000,0.000000,69.529999,70.709999,66.029999,66.190002,72.777000,77.971600,92.114400,152.952800,66.668784,71.500963,-4.832178,-4.808023,-0.024156,44.465480,72.777000,98.041231,47.512769,0.369638,5.887605,0.088950,-0.037236,0.093146,-0.148134,-0.341065,-0.578434,-0.762930,1.169754,-0.786518,-0.786518,0.165112,7894835.000000,308478504.321000,-0.154412
2022-06-28,65.504997,66.830002,61.419998,61.669998,4355600,0.000000,0.000000,65.504997,66.830002,61.419998,61.669998,71.548500,77.214400,91.515400,151.875400,65.899740,70.772743,-4.873003,-4.821019,-0.051984,40.830355,71.548500,96.443079,46.653921,0.301593,5.853491,0.094916,-0.068288,0.035600,-0.236852,-0.410815,-0.605993,-0.782967,1.177667,-0.801097,-0.801097,0.085548,7941930.000000,268609843.288800,-0.189750
2022-06-29,61.610001,62.320000,60.349998,61.040001,3353100,0.000000,0.000000,61.610001,62.320000,60.349998,61.040001,70.405000,76.508800,90.983400,150.824500,65.152088,70.051799,-4.899711,-4.836757,-0.062954,40.335398,70.405000,95.008103,45.801896,0.309679,5.576099,0.091352,-0.010216,-0.016277,-0.292208,-0.451277,-0.599449,-0.785433,1.143856,-0.803129,-0.803129,0.074459,7844965.000000,204673227.353100,-0.215857
2022-06-30,60.480000,60.480000,55.860001,57.380001,5064700,0.000000,0.000000,60.480000,60.480000,55.860001,57.380001,69.168000,75.615800,90.372600,149.771500,63.956382,69.113148,-5.156765,-4.900759,-0.256006,37.491926,69.168000,93.778828,44.557171,0.260512,5.547806,0.096685,-0.059961,-0.126636,-0.316172,-0.468458,-0.623688,-0.794756,1.154372,-0.814933,-0.814933,0.010033,7979710.000000,290612491.064700,-0.232101
2022-07-01,58.000000,61.509998,57.000000,61.220001,7465200,0.000000,0.000000,58.000000,61.509998,57.000000,61.220001,67.847500,74.985400,89.800700,148.709350,63.535401,68.528470,-4.993069,-4.919221,-0.073848,42.103506,67.847500,91.083099,44.611900,0.357385,5.473677,0.089410,0.066922,-0.109527,-0.254506,-0.428491,-0.605440,-0.779855,1.188408,-0.802548,-0.802548,0.077627,8213680.000000,457019551.465200,-0.211012
2022-07-05,60.410000,65.660004,59.450001,65.320000,4804100,0.000000,0.000000,60.410000,65.660004,59.450001,65.320000,66.924500,74.543400,89.235200,147.650450,63.809954,68.290806,-4.480851,-4.831547,0.350696,46.630827,66.924500,88.929271,44.919729,0.463542,5.526272,0.084603,0.066972,-0.013144,-0.254593,-0.398693,-0.571138,-0.765727,1.188304,-0.789324,-0.789324,0.149798,8325395.000000,313803812.000000,-0.192595
2022-07-06,65.599998,66.940002,63.341000,64.089996,3549200,0.000000,0.000000,65.599998,66.940002,63.341000,64.089996,65.915999,74.098600,88.594500,146.582200,63.853038,67.979635,-4.126597,-4.690557,0.563960,45.481790,65.915999,86.369647,45.462352,0.455362,5.388609,0.084079,-0.018830,0.039241,-0.235020,-0.429195,-0.591809,-0.777604,1.182697,-0.793291,-0.793291,0.128146,8388665.000000,227468213.803200,-0.211016
2022-07-07,63.834999,68.400002,63.834999,67.449997,5482700,0.000000,0.000000,63.834999,68.400002,63.834999,67.449997,64.901499,73.648600,87.996800,145.563000,64.406416,67.940402,-3.533986,-4.459243,0.925257,49.166699,64.901499,82.628390,47.174609,0.571882,5.329780,0.079018,0.052426,0.105013,-0.199502,-0.371798,-0.563261,-0.766561,1.201323,-0.782454,-0.782454,0.187291,8486795.000000,369808098.551900,-0.189963
2022-07-08,66.199997,68.388000,65.370003,66.449997,3067600,0.000000,0.000000,66.199997,68.388000,65.370003,66.449997,63.718999,73.289800,87.436500,144.539450,64.720813,67.830002,-3.109189,-4.189232,1.080043,48.124157,63.718999,76.954677,50.483322,0.603168,5.164653,0.077722,-0.014826,0.158069,-0.242649,-0.352970,-0.539086,-0.769862,1.188231,-0.785680,-0.785680,0.169688,8356990.000000,203842010.797200,-0.190716
2022-07-11,65.980003,66.080002,62.542000,63.110001,3386300,0.000000,0.000000,65.980003,66.080002,62.542000,63.110001,62.506499,72.897800,86.859800,143.484800,64.472996,67.480372,-3.007376,-3.952861,0.945485,44.713837,62.506499,69.676478,55.336521,0.542085,5.074892,0.080413,-0.050263,0.030872,-0.299556,-0.385611,-0.558980,-0.780883,1.187927,-0.796452,-0.796452,0.110896,7898845.000000,213709396.386300,-0.203943
2022-07-12,63.540001,65.669998,61.610001,62.799999,3010700,0.000000,0.000000,63.540001,65.669998,61.610001,62.799999,62.349999,72.446400,86.232100,142.430300,64.215612,67.133678,-2.918066,-3.745902,0.827836,44.399343,62.349999,69.339717,55.360282,0.532190,5.002399,0.079656,-0.004912,-0.038579,-0.281136,-0.384012,-0.537997,-0.782020,1.186742,-0.797452,-0.797452,0.105439,5964200.000000,189071956.989300,-0.205595
2022-07-13,60.570000,63.349998,59.500000,61.700001,3143800,0.000000,0.000000,60.570000,63.349998,59.500000,61.700001,62.478999,72.060400,85.647700,141.376950,63.828595,66.731183,-2.902588,-3.577239,0.674651,43.237253,62.478999,69.311176,55.646823,0.442990,4.920085,0.079742,-0.017516,-0.037291,-0.064159,-0.393373,-0.547089,-0.782501,0.834057,-0.801000,-0.801000,0.086076,5372395.000000,193972463.143800,-0.231996
2022-07-14,61.330002,61.799999,58.790001,60.230000,2523100,0.000000,0.000000,61.330002,61.799999,58.790001,60.230000,62.626500,71.548400,85.100000,140.359000,63.274965,66.249614,-2.974649,-3.456721,0.482072,41.667709,62.626500,69.104263,56.148736,0.315021,4.783650,0.079423,-0.023825,-0.107042,0.018775,-0.390138,-0.576233,-0.781324,0.753822,-0.805741,-0.805741,0.060201,5148535.000000,151966313.000000,-0.231564
2022-07-15,61.500000,63.869999,60.340000,63.430000,3563600,0.000000,0.000000,61.500000,63.869999,60.340000,63.430000,62.774499,71.138199,84.631500,139.381150,63.298816,66.040754,-2.741937,-3.313764,0.571827,46.242502,62.774499,69.179659,56.369340,0.551170,4.701961,0.074128,0.053130,-0.045448,0.107367,-0.393363,-0.544488,-0.771019,0.763677,-0.795420,-0.795420,0.116529,4881250.000000,226039148.000000,-0.232762
2022-07-18,64.981003,65.559998,61.750000,62.060001,2959000,0.000000,0.000000,64.981003,65.559998,61.750000,62.060001,63.036999,70.609199,84.142200,138.407000,63.108229,65.745883,-2.637654,-3.178542,0.540888,44.628767,63.036999,68.812282,57.261717,0.415416,4.638249,0.074738,-0.021599,-0.016638,0.026294,-0.376469,-0.524772,-0.779968,0.747019,-0.799839,-0.799839,0.092413,4642585.000000,183635542.959000,-0.227341
2022-07-19,63.240002,64.180000,61.000000,64.070000,3212000,0.000000,0.000000,63.240002,64.180000,61.000000,64.070000,63.213000,70.271999,83.719400,137.440200,63.256194,65.621744,-2.365550,-3.015944,0.650394,47.522285,63.213000,68.882741,57.543258,0.575577,4.534089,0.070768,0.032388,0.020223,0.127794,-0.334821,-0.508816,-0.778672,0.717331,-0.793356,-0.793356,0.127794,4477250.000000,205792840.000000,-0.213372
2022-07-20,64.870003,68.750000,64.400002,67.660004,4196300,0.000000,0.000000,64.870003,68.750000,64.400002,67.660004,63.618500,70.133800,83.260400,136.489650,63.933703,65.772726,-1.839023,-2.780560,0.941537,52.315260,63.618500,69.344949,57.892051,0.852881,4.544511,0.067167,0.056033,0.096596,0.117424,-0.336862,-0.468541,-0.775417,0.707894,-0.781777,-0.781777,0.190988,4333105.000000,283921674.785200,-0.210426
2022-07-21,65.029999,68.000000,64.830002,67.480003,3672600,0.000000,0.000000,65.029999,68.000000,64.830002,67.480003,63.890000,70.110800,82.784500,135.594200,64.479288,65.899191,-1.419903,-2.508428,1.088525,52.058524,63.890000,69.814788,57.965212,0.802965,4.446331,0.065891,-0.002660,0.120372,0.133165,-0.272374,-0.468620,-0.777154,0.703897,-0.782358,-0.782358,0.187819,4258005.000000,247827059.017800,-0.168795
2022-07-22,67.320000,68.949997,63.400002,64.449997,3170400,0.000000,0.000000,67.320000,68.949997,63.400002,64.449997,63.827500,69.994000,82.244700,134.635450,64.474782,65.791843,-1.317062,-2.270155,0.953093,47.805575,63.827500,69.698018,57.956982,0.553019,4.525164,0.070212,-0.044902,0.016081,0.038678,-0.262755,-0.482080,-0.790747,0.713620,-0.792130,-0.792130,0.134483,4116140.000000,204332270.488800,-0.161003
2022-07-25,64.129997,64.129997,61.509998,63.400002,2437800,0.000000,0.000000,64.129997,64.129997,61.509998,63.400002,63.560000,69.910000,81.699700,133.626850,64.309431,65.614670,-1.305239,-2.077172,0.771933,46.391207,63.560000,68.954340,58.165660,0.485170,4.411938,0.069589,-0.016292,0.021592,-0.035008,-0.265609,-0.454060,-0.794489,0.686185,-0.795517,-0.795517,0.116001,3853915.000000,154556524.875600,-0.183313
2022-07-26,63.410000,63.410000,59.880001,60.209999,2963800,0.000000,0.000000,63.410000,63.410000,59.880001,60.209999,63.261000,69.717400,81.157800,132.588750,63.678749,65.214324,-1.535575,-1.968852,0.433278,42.296895,63.261000,68.704245,57.817755,0.219744,4.348943,0.072230,-0.050316,-0.060247,-0.124218,-0.330628,-0.505787,-0.803087,0.684107,-0.805806,-0.805806,0.059849,3769080.000000,178450395.036200,-0.219725
2022-07-27,61.875000,64.599998,61.029999,64.269997,2835900,0.000000,0.000000,61.875000,64.599998,61.029999,64.269997,63.391000,69.419400,80.713900,131.594950,63.769710,65.144374,-1.374663,-1.850015,0.475351,48.523786,63.391000,68.798327,57.983672,0.581278,4.351875,0.067712,0.067431,-0.050104,-0.029007,-0.238417,-0.454414,-0.787214,0.718010,-0.792711,-0.792711,0.131315,3693095.000000,182263284.492300,-0.201724
2022-07-28,64.070000,65.150002,61.410000,64.389999,2400200,0.000000,0.000000,64.070000,65.150002,61.410000,64.389999,63.558500,69.217400,80.344000,130.609400,63.865139,65.088494,-1.223355,-1.724683,0.501328,48.699998,63.558500,68.865810,58.251189,0.578335,4.308170,0.066907,0.001867,-0.045791,0.044106,-0.221497,-0.436806,-0.788761,0.674269,-0.792324,-0.792324,0.133427,3645450.000000,154548875.599800,-0.195366
2022-07-29,64.279999,64.279999,62.057999,63.980000,2761900,0.000000,0.000000,64.279999,64.279999,62.057999,63.980000,63.888500,68.992000,80.033200,129.655850,63.882810,65.006383,-1.123573,-1.604461,0.480888,48.094236,63.888500,68.328074,59.448925,0.510305,4.167015,0.065130,-0.006367,-0.007292,0.048165,-0.250556,-0.421989,-0.787569,0.673457,-0.793646,-0.793646,0.126210,3530310.000000,176706362.000000,-0.213200
2022-08-01,63.310001,66.699997,62.580002,65.510002,2857600,0.000000,0.000000,63.310001,66.699997,62.580002,65.510002,64.103000,68.847000,79.768500,128.686850,64.133147,65.043688,-0.910541,-1.465677,0.555136,50.565382,64.103000,68.412349,59.793650,0.663250,4.163656,0.063558,0.023914,0.033281,0.141687,-0.191235,-0.441470,-0.780197,0.636157,-0.788711,-0.788711,0.153142,3299930.000000,187201381.715200,-0.194019
2022-08-02,64.019997,67.480003,63.980000,67.010002,2322200,0.000000,0.000000,64.019997,67.480003,63.980000,67.010002,64.187500,68.623600,79.458100,127.716050,64.575740,65.189341,-0.613601,-1.295262,0.681661,52.931296,64.187500,68.660497,59.714502,0.815505,4.116253,0.061427,0.022897,0.112938,0.094577,-0.219271,-0.467202,-0.772924,0.601305,-0.783874,-0.783874,0.179546,3175835.000000,155610626.644400,-0.204333
2022-08-03,67.830002,71.339996,67.760002,71.120003,3186700,0.000000,0.000000,67.830002,71.339996,67.760002,71.120003,64.539000,68.511000,79.230500,126.769300,65.582550,65.628650,-0.046100,-1.045429,0.999330,58.755882,64.539000,69.979891,59.098109,1.104773,4.131520,0.058092,0.061334,0.106582,0.088794,-0.152728,-0.442196,-0.756988,0.594259,-0.770618,-0.770618,0.251892,3157710.000000,226638113.560100,-0.161038
2022-08-04,70.389999,71.660004,69.180000,71.190002,1939800,0.000000,0.000000,70.389999,71.660004,69.180000,71.190002,64.726000,68.369400,79.192300,125.776750,66.445235,66.040602,0.404633,-0.755417,1.160050,58.849282,64.726000,70.807520,58.644481,1.031446,4.013554,0.056378,0.000984,0.105607,0.110782,-0.195684,-0.414411,-0.764248,0.588299,-0.770392,-0.770392,0.253124,2980565.000000,138094365.879600,-0.176842
2022-08-05,70.019997,72.900002,69.019997,72.339996,2549700,0.000000,0.000000,70.019997,72.900002,69.019997,72.339996,65.020500,68.381600,79.183300,124.774000,67.352121,66.507223,0.844898,-0.435354,1.280252,60.434496,65.020500,71.963037,58.077964,1.027149,4.004015,0.055350,0.016154,0.130666,0.072498,-0.106141,-0.366772,-0.763293,0.564925,-0.766683,-0.766683,0.273367,2954670.000000,184445287.801200,-0.133732
2022-08-08,72.690002,77.239998,72.599998,74.320000,3528100,0.000000,0.000000,72.690002,77.239998,72.599998,74.320000,65.581000,68.314000,79.160100,123.789300,68.424103,67.085948,1.338155,-0.080652,1.418807,63.072161,65.581000,73.600606,57.561395,1.044852,4.068014,0.054736,0.027371,0.134483,0.118435,-0.003353,-0.372615,-0.754420,0.566177,-0.760297,-0.760297,0.308220,2961760.000000,262208392.000000,-0.044506
2022-08-09,72.959999,73.989998,69.449997,69.989998,3397800,0.000000,0.000000,72.959999,73.989998,69.449997,69.989998,65.940500,68.097600,79.028300,122.739900,68.665010,67.301062,1.363947,0.208268,1.155679,54.513366,65.940500,74.078938,57.802062,0.748788,4.125299,0.058941,-0.058262,0.044471,0.109016,0.019816,-0.408918,-0.771648,0.576761,-0.774262,-0.774262,0.232001,2981115.000000,237812015.204400,-0.055092
2022-08-10,73.919998,75.800003,73.089996,75.389999,3217800,0.000000,0.000000,73.919998,75.800003,73.089996,75.389999,66.625000,67.880600,78.909600,121.743199,69.699623,67.900243,1.799380,0.526490,1.272890,61.525338,66.625000,75.528609,57.721391,0.992216,4.245635,0.056316,0.077154,0.060039,0.200478,0.072557,-0.381390,-0.749900,0.625943,-0.756846,-0.756846,0.327055,2984815.000000,242589938.782200,-0.022618
2022-08-11,77.150002,77.190002,71.870003,72.339996,3026700,0.000000,0.000000,77.150002,77.190002,71.870003,72.339996,67.230500,67.649200,78.677900,120.715600,70.105835,68.229114,1.876721,0.796536,1.080185,56.250891,67.230500,75.948120,58.512880,0.793056,4.322376,0.059751,-0.040456,0.016154,0.172447,0.070118,-0.435549,-0.753156,0.643212,-0.766683,-0.766683,0.273367,3009995.000000,218951465.893200,-0.054454
2022-08-12,73.440002,74.769997,71.400002,74.339996,3355300,0.000000,0.000000,73.440002,74.769997,71.400002,74.339996,67.776000,67.493600,78.462700,119.684400,70.757244,68.681772,2.075472,1.052324,1.023149,58.748243,67.776000,76.850371,58.701629,0.861678,4.254348,0.057228,0.027647,0.027647,0.234269,0.064433,-0.415658,-0.748460,0.635407,-0.760232,-0.760232,0.308572,2999580.000000,249432988.578800,-0.082980
2022-08-15,74.150002,76.260002,73.599998,75.849998,2428900,0.000000,0.000000,74.150002,76.260002,73.599998,75.849998,68.465500,67.258000,78.226700,118.673850,71.540745,69.212751,2.327993,1.307458,1.020536,60.577952,68.465500,77.802958,59.128042,0.895423,4.140467,0.054588,0.020312,0.020587,0.195806,-0.041935,-0.380715,-0.743724,0.617806,-0.755362,-0.755362,0.335152,2973075.000000,184232060.142200,-0.154010
2022-08-16,75.000000,75.809998,72.250000,73.769997,2994100,0.000000,0.000000,75.000000,75.809998,72.250000,73.769997,68.950500,67.057800,77.962700,117.663150,71.883707,69.550325,2.333381,1.512642,0.820739,56.838138,68.950500,78.334207,59.566792,0.756801,4.101862,0.055603,-0.027423,0.054008,0.188688,-0.009666,-0.389220,-0.742738,0.621789,-0.762071,-0.762071,0.298539,2962180.000000,220874748.017700,-0.133115
2022-08-17,72.099998,72.417000,69.070000,69.589996,2781300,0.000000,0.000000,72.099998,72.417000,69.070000,69.589996,69.046999,66.764399,77.613099,116.619650,71.530828,69.553264,1.977564,1.605627,0.371938,50.139140,69.046999,78.414510,59.679489,0.528983,4.144586,0.059557,-0.056663,-0.076933,0.086156,-0.075216,-0.445807,-0.756320,0.655192,-0.775552,-0.775552,0.224960,2891430.000000,193550655.874800,-0.154785
2022-08-18,69.910004,70.099998,68.690002,69.750000,2027900,0.000000,0.000000,69.910004,70.099998,68.690002,69.750000,69.160499,66.404599,77.306099,115.578600,71.256854,69.567837,1.689018,1.622305,0.066713,50.380221,69.160499,78.503042,59.817956,0.531549,3.949258,0.056620,0.002299,-0.035803,0.030890,-0.041369,-0.419427,-0.755100,0.628080,-0.775036,-0.775036,0.227777,2809195.000000,141446025.000000,-0.176872
2022-08-19,67.720001,68.190002,65.750000,65.919998,2756200,0.000000,0.000000,67.720001,68.190002,65.750000,65.919998,69.233999,65.920999,76.918599,114.498900,70.435800,69.297626,1.138173,1.525479,-0.387305,44.796758,69.233999,78.442676,60.025322,0.320061,3.952882,0.059965,-0.054910,-0.113263,-0.023118,-0.156818,-0.426783,-0.770185,0.658509,-0.787389,-0.787389,0.160359,2788485.000000,181688698.487600,-0.272436
2022-08-22,63.200001,64.669998,62.615002,63.060001,3252000,0.000000,0.000000,63.200001,64.669998,62.615002,63.060001,69.216999,65.434999,76.436800,113.398150,69.301061,68.835580,0.465481,1.313479,-0.847998,41.130998,69.216999,78.472162,59.961836,0.167375,3.906605,0.061951,-0.043386,-0.168622,-0.021567,-0.178371,-0.428183,-0.779510,0.657234,-0.796613,-0.796613,0.110016,2829195.000000,205071123.252000,-0.268815
2022-08-23,62.810001,63.500000,60.779999,61.040001,4615600,0.000000,0.000000,62.810001,63.500000,60.779999,61.040001,69.258499,65.337200,75.967700,112.282800,68.030129,68.258130,-0.228001,1.005183,-1.233184,38.720907,69.258499,78.349600,60.167399,0.047992,3.821847,0.062612,-0.032033,-0.172563,-0.037224,-0.220135,-0.450041,-0.790161,0.664307,-0.803129,-0.803129,0.074459,2911785.000000,281736228.615600,-0.293478
2022-08-24,61.250000,62.400002,60.570000,60.950001,3395700,0.000000,0.000000,61.250000,62.400002,60.570000,60.950001,69.092499,65.373800,75.506000,111.250100,66.940879,67.716787,-0.775908,0.648965,-1.424873,38.612348,69.092499,78.675086,59.509912,0.075141,3.679573,0.060370,-0.001474,-0.124156,0.012290,-0.150286,-0.426892,-0.792680,0.639687,-0.803419,-0.803419,0.072874,2939775.000000,206967918.395700,-0.253893
2022-08-25,61.490002,62.740002,60.279999,61.939999,2685800,0.000000,0.000000,61.490002,62.740002,60.279999,61.939999,68.969999,65.467000,75.039100,110.190250,66.171512,67.288877,-1.117364,0.295699,-1.413063,40.585628,68.969999,78.863304,59.076695,0.144709,3.592461,0.057999,0.016243,-0.111971,-0.036253,-0.202831,-0.454561,-0.792774,0.596158,-0.800226,-0.800226,0.090301,2954055.000000,166358449.314200,-0.308171
2022-08-26,61.279999,61.480000,57.419998,58.020000,4519500,0.000000,0.000000,61.279999,61.480000,57.419998,58.020000,68.671999,65.418000,74.496500,109.104500,64.917434,66.602293,-1.684860,-0.100413,-1.584447,35.693149,68.671999,79.511929,57.832070,0.008668,3.658713,0.063060,-0.063287,-0.119842,-0.098928,-0.282020,-0.495785,-0.803422,0.633638,-0.812869,-0.812869,0.021299,3041935.000000,262221390.000000,-0.316179
2022-08-29,57.720001,60.139999,57.240002,58.000000,2816600,0.000000,0.000000,57.720001,60.139999,57.240002,58.000000,68.296499,65.441800,74.002800,108.116200,63.853213,65.965086,-2.111873,-0.502705,-1.609168,35.669524,68.296499,80.077105,56.515894,0.062989,3.604519,0.062147,-0.000345,-0.080241,-0.093467,-0.327458,-0.510259,-0.807155,0.633721,-0.812933,-0.812933,0.020947,3039885.000000,163362800.000000,-0.318105
2022-08-30,58.439999,59.433998,56.919998,58.570000,2942900,0.000000,0.000000,58.439999,59.433998,56.919998,58.570000,67.874499,65.402200,73.561500,107.136300,63.040411,65.417302,-2.376891,-0.877542,-1.499349,36.950407,67.874499,80.428431,55.320568,0.129419,3.526625,0.060212,0.009828,-0.040465,-0.105938,-0.301990,-0.503223,-0.807107,0.627781,-0.811095,-0.811095,0.030980,3070920.000000,172365653.000000,-0.285581
2022-08-31,59.549999,60.240002,57.669998,58.220001,2667200,0.000000,0.000000,59.549999,60.240002,57.669998,58.220001,67.229499,65.375600,73.116500,106.104100,62.298810,64.884169,-2.585359,-1.219105,-1.366254,36.470223,67.229499,80.392135,54.066863,0.157762,3.458295,0.059400,-0.005976,-0.044791,-0.131174,-0.291038,-0.491084,-0.803470,0.619779,-0.812224,-0.812224,0.024820,3044945.000000,155284386.667200,-0.276176
2022-09-01,57.180000,57.389999,53.700001,55.700001,4224500,0.000000,0.000000,57.180000,57.389999,53.700001,55.700001,66.454999,65.248600,72.654000,105.064050,61.283608,64.203860,-2.920252,-1.559335,-1.360917,33.131725,66.454999,80.433990,52.476008,0.115316,3.534131,0.063449,-0.043284,-0.100743,-0.216817,-0.364373,-0.487392,-0.812597,0.581453,-0.820352,-0.820352,0.000000,3159180.000000,235304654.224500,-0.321199
2022-09-02,56.660000,57.040001,53.990002,54.450001,3090400,0.000000,0.000000,56.660000,57.040001,53.990002,54.450001,65.560499,65.023600,72.181400,103.997600,60.232284,63.481352,-3.249068,-1.897281,-1.351787,31.587122,65.560499,80.226551,50.894447,0.121217,3.499550,0.064271,-0.022442,-0.061530,-0.235145,-0.350084,-0.462912,-0.815154,0.581068,-0.824383,-0.824383,0.000000,3186215.000000,168272283.090400,-0.318295
2022-09-06,54.639999,55.209999,53.250000,53.799999,4603000,0.000000,0.000000,54.639999,55.209999,53.250000,53.799999,64.534499,64.724600,71.731800,102.931000,59.242702,62.764215,-3.521513,-2.222128,-1.299385,30.783448,64.534499,79.488598,49.580400,0.141085,3.389582,0.063003,-0.011938,-0.072414,-0.256290,-0.361500,-0.434042,-0.826480,0.571968,-0.826480,-0.815437,0.000000,3239960.000000,247641395.397000,-0.318681
2022-09-07,53.799999,55.450001,53.250000,55.139999,4890700,0.000000,0.000000,53.799999,55.450001,53.250000,55.139999,63.791999,64.503600,71.237600,101.885800,58.611517,62.199458,-3.587941,-2.495290,-1.092651,34.484203,63.791999,79.076578,48.507420,0.216970,3.304612,0.059931,0.024907,-0.058562,-0.258073,-0.371552,-0.400522,-0.810840,0.569816,-0.822158,-0.805920,0.024907,3314605.000000,269673193.109300,-0.340068
2022-09-08,54.099998,58.009998,53.369999,57.950001,10469100,0.000000,0.000000,54.099998,58.009998,53.369999,57.950001,62.919999,64.429200,70.821800,100.858850,58.509745,61.884683,-3.374938,-2.671220,-0.703718,41.542604,62.919999,77.386620,48.453378,0.328225,3.399997,0.058671,0.050961,-0.004638,-0.172025,-0.356826,-0.408975,-0.794241,0.587062,-0.813095,-0.796030,0.077138,3677170.000000,606684355.469100,-0.338281
2022-09-09,65.809998,66.374001,61.750000,64.040001,34919600,0.000000,0.000000,65.809998,66.374001,61.750000,64.040001,62.504999,64.489200,70.499000,99.940300,59.360554,62.044337,-2.683783,-2.673733,-0.010050,53.288355,62.504999,76.294152,48.715847,0.555660,3.758854,0.058695,0.105091,0.149731,-0.150550,-0.266941,-0.317853,-0.772351,0.643557,-0.793453,-0.774594,0.190335,5271815.000000,2236251218.919600,-0.297405
2022-09-12,64.610001,67.349998,64.260002,65.660004,10186900,0.000000,0.000000,64.610001,67.349998,64.260002,65.660004,62.071000,64.654800,70.135300,99.055350,60.329700,62.312164,-1.982464,-2.535479,0.553015,55.830759,62.071000,74.797170,49.344830,0.641009,3.726793,0.056759,0.025297,0.205877,-0.092342,-0.004095,-0.124650,-0.763089,0.640748,-0.788228,-0.768892,0.220446,5613395.000000,668871894.747600,-0.085787
2022-09-13,62.500000,63.290001,60.779999,60.930000,6616200,0.000000,0.000000,62.500000,63.290001,60.779999,60.930000,61.325000,64.649000,69.817200,98.142650,60.422054,62.209781,-1.787728,-2.385929,0.598201,47.672177,61.325000,72.275597,50.374403,0.481964,3.809165,0.062517,-0.072038,0.132528,-0.180387,0.030616,-0.168078,-0.775348,0.671352,-0.803483,-0.785541,0.132528,5822760.000000,403125066.000000,-0.045647
2022-09-14,60.650002,61.310001,59.740002,60.549999,4098700,0.000000,0.000000,60.650002,61.310001,59.740002,60.549999,60.664000,64.553600,69.548500,97.197250,60.441738,62.086834,-1.645097,-2.237762,0.592665,47.076984,60.664000,69.915836,51.412164,0.493839,3.649225,0.060268,-0.006237,0.098114,-0.201714,0.057088,-0.209943,-0.774050,0.663204,-0.804709,-0.786878,0.125465,5877990.000000,248176280.901300,-0.025227
2022-09-15,59.570000,62.750000,59.000000,60.279999,5922500,0.000000,0.000000,59.570000,62.750000,59.000000,60.279999,60.198500,64.477400,69.288000,96.241150,60.416855,61.952995,-1.536140,-2.097438,0.561298,46.631496,60.198500,68.441181,51.955820,0.504944,3.656423,0.060657,-0.004459,0.040207,-0.182866,-0.003142,-0.275219,-0.779719,0.660301,-0.805580,-0.787829,0.120446,6035050.000000,357008294.077500,-0.043975
2022-09-16,58.500000,58.930000,55.610001,56.580002,6918500,0.000000,0.000000,58.500000,58.930000,55.610001,56.580002,59.540000,64.260000,68.954300,95.292250,59.826570,61.554995,-1.728426,-2.023635,0.295210,40.917286,59.540000,66.587410,52.492591,0.289994,3.728821,0.065904,-0.061380,-0.116490,-0.186952,-0.004049,-0.351593,-0.795814,0.664801,-0.817513,-0.800852,0.051673,6279580.000000,391448743.837000,-0.079410
2022-09-19,56.014999,57.330002,55.500000,56.480000,4592800,0.000000,0.000000,56.014999,57.330002,55.500000,56.480000,59.068000,64.060600,68.675200,94.420700,59.311713,61.179070,-1.867357,-1.992380,0.125023,40.771864,59.068000,65.558755,52.577246,0.300639,3.593191,0.063619,-0.001767,-0.139811,-0.190251,-0.067217,-0.408648,-0.796644,0.664080,-0.817836,-0.801204,0.049814,6371410.000000,259401344.000000,-0.135438
2022-09-20,55.549999,56.910000,55.014999,55.540001,3358600,0.000000,0.000000,55.549999,56.910000,55.014999,55.540001,58.692000,63.909200,68.403500,93.529300,58.731449,60.761361,-2.029911,-1.999886,-0.030025,39.355951,58.692000,65.079491,52.304510,0.253268,3.471892,0.062512,-0.016643,-0.088462,-0.157464,-0.067338,-0.420613,-0.795274,0.643792,-0.820868,-0.804512,0.032342,6376740.000000,186536647.358600,-0.099477
2022-09-21,55.740002,57.668999,54.549999,54.599998,3746400,0.000000,0.000000,55.740002,57.668999,54.549999,54.599998,58.370000,63.745200,68.095800,93.126850,58.095842,60.304964,-2.209122,-2.041733,-0.167389,37.937132,58.370000,64.906664,51.833337,0.211626,3.446686,0.063126,-0.016925,-0.098266,-0.134158,-0.120064,-0.450980,-0.798643,0.631539,-0.823899,-0.807821,0.014870,6333280.000000,204553432.507200,-0.135183
2022-09-22,53.560001,54.650002,52.529999,54.000000,5433400,0.000000,0.000000,53.560001,54.650002,52.529999,54.000000,58.022500,63.591200,67.825800,92.677450,57.465712,59.837929,-2.372217,-2.107830,-0.264387,37.019740,58.022500,64.718662,51.326339,0.199641,3.351922,0.062073,-0.010989,-0.104180,-0.115334,-0.178082,-0.460916,-0.802948,0.624819,-0.825835,-0.809933,0.003717,6435165.000000,293403600.000000,-0.163358
2022-09-23,53.720001,54.490002,51.119999,52.389999,6805100,0.000000,0.000000,53.720001,54.490002,51.119999,52.389999,57.545000,63.434400,67.491400,92.246400,56.684833,59.286231,-2.601398,-2.206544,-0.394854,34.601775,57.545000,64.424434,50.665567,0.125332,3.353214,0.064005,-0.029815,-0.074054,-0.140443,-0.237964,-0.498900,-0.808586,0.630441,-0.831027,-0.815600,0.000000,6641130.000000,356519182.194900,-0.174239
2022-09-26,52.750000,54.599998,51.619999,51.669998,3619100,0.000000,0.000000,52.750000,54.599998,51.619999,51.669998,57.227500,63.199200,67.168700,91.736050,55.913320,58.722065,-2.808745,-2.326984,-0.481761,33.546524,57.227500,64.584205,49.870795,0.122283,3.326556,0.064381,-0.013743,-0.085163,-0.165806,-0.219369,-0.485615,-0.810295,0.625385,-0.833349,-0.818134,0.000000,6596110.000000,186998889.761800,-0.156752
2022-09-27,52.860001,54.099998,52.009998,52.630001,3718500,0.000000,0.000000,52.860001,54.099998,52.009998,52.630001,56.959000,63.010600,66.809900,91.252350,55.408194,58.270801,-2.862607,-2.434109,-0.428499,36.334480,56.959000,64.584079,49.333921,0.216134,3.262516,0.061990,0.018580,-0.052395,-0.092899,-0.146587,-0.497182,-0.800508,0.597659,-0.830253,-0.814755,0.018580,6641205.000000,195704658.718500,-0.115103
2022-09-28,53.400002,55.660000,53.400002,55.310001,4991500,0.000000,0.000000,53.400002,55.660000,53.400002,55.310001,56.796000,62.835400,66.553700,90.806500,55.393087,58.051483,-2.658395,-2.478966,-0.179429,43.465164,56.796000,64.415452,49.176549,0.402486,3.245908,0.058686,0.050922,0.013004,-0.046379,-0.093873,-0.502787,-0.786448,0.627228,-0.821609,-0.805322,0.070447,6743635.000000,276079869.991500,-0.082578
2022-09-29,53.619999,55.459999,53.580002,55.200001,3993600,0.000000,0.000000,53.619999,55.459999,53.580002,55.200001,56.645000,62.586200,66.360000,90.383650,55.363382,57.840262,-2.476880,-2.478549,0.001669,43.251040,56.645000,64.265328,49.024673,0.405188,3.148343,0.057035,-0.001989,0.022222,-0.057538,-0.037992,-0.488652,-0.785122,0.625868,-0.821964,-0.805709,0.068318,6809955.000000,220446723.993600,-0.011586
2022-09-30,55.480000,56.630001,53.340000,53.470001,4579900,0.000000,0.000000,55.480000,56.630001,53.340000,53.470001,56.533500,62.306000,66.208400,89.928700,55.072092,57.516539,-2.444446,-2.471728,0.027282,39.920187,56.533500,64.276321,48.790679,0.302172,3.158461,0.059070,-0.031341,0.020615,-0.081587,-0.126593,-0.500840,-0.792293,0.633968,-0.827544,-0.811798,0.034837,6827725.000000,244887257.579900,-0.076967
2022-10-03,51.369999,53.645000,51.290001,52.930000,6321800,0.000000,0.000000,51.369999,53.645000,51.290001,52.930000,56.457500,62.075600,66.034800,89.438000,54.742540,57.176795,-2.434256,-2.464234,0.029978,38.912827,56.457500,64.315413,48.599587,0.275545,3.101071,0.058588,-0.010099,0.024386,-0.049731,-0.189682,-0.512750,-0.794662,0.617811,-0.829286,-0.813699,0.024386,6989295.000000,334612874.000000,-0.144919
2022-10-04,54.689999,56.625000,54.637001,55.880001,5022600,0.000000,0.000000,54.689999,56.625000,54.637001,55.880001,56.561500,61.925200,65.917600,88.967350,54.917534,57.080736,-2.163203,-2.404028,0.240825,46.809412,56.561500,64.325820,48.797180,0.456113,3.143494,0.056254,0.055734,0.061752,0.026263,-0.128101,-0.502316,-0.773371,0.643582,-0.819771,-0.803316,0.081479,7010275.000000,280662893.022600,-0.111780
2022-10-05,54.430000,54.570000,51.910000,53.889999,4277900,0.000000,0.000000,54.430000,54.570000,51.910000,53.889999,56.499000,61.798800,65.758100,88.459950,54.759452,56.844386,-2.084934,-2.340209,0.255275,42.790972,56.499000,64.331326,48.666675,0.333447,3.202531,0.059427,-0.035612,-0.025674,0.001673,-0.201038,-0.498091,-0.789657,0.655166,-0.826189,-0.810320,0.042965,6979635.000000,230536026.722100,-0.160362
2022-10-06,53.799999,54.540001,51.509998,51.570000,5664000,0.000000,0.000000,53.799999,54.540001,51.509998,51.570000,56.180000,61.544800,65.482100,87.977500,54.268767,56.453690,-2.184924,-2.309152,0.124228,38.627637,56.180000,64.278664,48.081336,0.215385,3.190207,0.061862,-0.043051,-0.065761,-0.064744,-0.223928,-0.497858,-0.805484,0.665967,-0.833672,-0.818486,0.000000,6739380.000000,292092480.000000,-0.175626
2022-10-07,50.080002,50.330002,47.700001,47.830002,6643800,0.000000,0.000000,50.080002,50.330002,47.700001,47.830002,55.369500,61.213600,65.215500,87.445450,53.278187,55.814899,-2.536711,-2.354664,-0.182047,33.045837,55.369500,63.400353,47.338647,0.030592,3.238764,0.067714,-0.072523,-0.105480,-0.174633,-0.242117,-0.534365,-0.821417,0.678657,-0.845735,-0.831650,0.000000,5325590.000000,317772967.287600,-0.178789
2022-10-10,48.009998,48.200001,45.669998,46.270000,5469500,0.000000,0.000000,48.009998,48.200001,45.669998,46.270000,54.400000,60.859400,64.925700,86.907550,52.200005,55.107869,-2.907864,-2.465304,-0.442560,31.031565,54.400000,61.861581,46.938419,-0.044791,3.188138,0.068903,-0.032616,-0.125827,-0.277483,-0.263217,-0.546150,-0.824089,0.543011,-0.850766,-0.837141,0.000000,5089720.000000,253073765.000000,-0.199067
2022-10-11,46.110001,46.384998,44.200001,44.540001,4077500,0.000000,0.000000,46.110001,46.384998,44.200001,44.540001,53.580500,60.440000,64.643500,86.345200,51.021543,54.325064,-3.303521,-2.632947,-0.670574,28.925880,53.580500,61.601581,45.559419,-0.063546,3.116485,0.069970,-0.037389,-0.202935,-0.321657,-0.278120,-0.562088,-0.829675,0.527904,-0.856346,-0.843230,0.000000,4962785.000000,181611854.077500,-0.205092
2022-10-12,44.930000,45.710999,43.349998,45.349998,5807700,0.000000,0.000000,44.930000,45.710999,43.349998,45.349998,52.820500,60.006800,64.315200,85.789350,50.148997,53.660244,-3.511247,-2.808607,-0.702640,31.277206,52.820500,60.940903,44.700097,0.040017,3.062522,0.067531,0.018186,-0.158471,-0.255703,-0.247053,-0.540806,-0.821940,0.502995,-0.853733,-0.840379,0.018186,5048235.000000,263379183.384600,-0.172919
2022-10-13,42.869999,46.980000,42.130001,46.200001,5309600,0.000000,0.000000,42.869999,46.980000,42.130001,46.200001,52.116500,59.508400,64.009700,85.258400,49.541459,53.107634,-3.566174,-2.960121,-0.606054,33.753960,52.116500,59.950220,44.282780,0.122370,3.190199,0.069052,0.018743,-0.104130,-0.236994,-0.271638,-0.558148,-0.821835,0.514834,-0.850992,-0.837387,0.037270,5017590.000000,245303525.309600,-0.201498
2022-10-14,47.145000,47.470001,43.950001,44.000000,3368600,0.000000,0.000000,47.145000,47.470001,43.950001,44.000000,51.487500,58.964600,63.667000,84.716000,48.688927,52.432994,-3.744067,-3.116910,-0.627157,30.672746,51.487500,59.816725,43.158275,0.050528,3.213756,0.073040,-0.047619,-0.080075,-0.270073,-0.291009,-0.557922,-0.831527,0.528096,-0.858087,-0.845130,0.000000,4840095.000000,148218400.000000,-0.199578
2022-10-17,46.040001,47.599998,45.459999,46.160000,4876300,0.000000,0.000000,46.040001,47.599998,45.459999,46.160000,50.971500,58.441000,63.411300,84.171000,48.299861,51.968328,-3.668466,-3.227221,-0.441245,36.775144,50.971500,59.277086,42.665915,0.210346,3.241345,0.070220,0.049091,-0.002377,-0.184164,-0.279538,-0.520764,-0.822782,0.542590,-0.851121,-0.837528,0.049091,4854270.000000,225090008.000000,-0.190975
2022-10-18,48.439999,49.410000,46.904999,48.490002,7559300,0.000000,0.000000,48.439999,49.410000,46.904999,48.490002,50.619000,57.924400,63.119200,83.651900,48.329114,51.710674,-3.381560,-3.258089,-0.123471,42.640437,50.619000,58.703678,42.534322,0.368331,3.241963,0.066858,0.050477,0.088684,-0.141466,-0.283328,-0.524748,-0.820208,0.580342,-0.843606,-0.829327,0.102046,5064305.000000,366550472.118600,-0.188751
2022-10-19,47.880001,48.270000,46.039001,46.549999,3496100,0.000000,0.000000,47.880001,48.270000,46.039001,46.549999,50.216500,57.455600,62.776600,83.099600,48.055404,51.328402,-3.272998,-3.261071,-0.011927,39.365880,50.216500,58.268148,42.164853,0.272314,3.185466,0.068431,-0.040008,0.026461,-0.161865,-0.310166,-0.498059,-0.829418,0.590983,-0.849863,-0.836155,0.057955,5051790.000000,162743451.503900,-0.195809
2022-10-20,46.770000,47.950001,46.049999,46.660000,4157400,0.000000,0.000000,46.770000,47.950001,46.049999,46.660000,49.849500,56.881000,62.380800,82.560700,47.840726,50.982594,-3.141868,-3.237230,0.095362,39.648885,49.849500,57.843945,41.855056,0.300518,3.093647,0.066302,0.002363,0.009957,-0.145421,-0.276028,-0.466255,-0.827988,0.590972,-0.849508,-0.835768,0.060455,4987990.000000,193984284.000000,-0.172998
2022-10-21,46.029999,48.009998,44.799999,47.810001,4236100,0.000000,0.000000,46.029999,48.009998,44.799999,47.810001,49.620500,56.390400,62.019800,82.078900,47.835999,50.747587,-2.911588,-3.172102,0.260514,42.661942,49.620500,57.570800,41.670200,0.386136,3.101958,0.064881,0.024646,0.086591,-0.114630,-0.245899,-0.446195,-0.829171,0.600600,-0.845799,-0.831720,0.086591,4859540.000000,202527945.236100,-0.167568
2022-10-24,48.009998,48.509998,46.029999,48.470001,3932200,0.000000,0.000000,48.009998,48.509998,46.029999,48.470001,49.460500,55.873000,61.683300,81.605750,47.933538,50.578877,-2.645339,-3.066749,0.421410,44.378257,49.460500,57.365805,41.555196,0.437352,3.057532,0.063081,0.013805,0.050043,-0.074823,-0.194984,-0.461145,-0.823572,0.596979,-0.843670,-0.829397,0.101591,4875195.000000,190593737.932200,-0.142231
2022-10-25,49.060001,50.619999,49.060001,50.230000,4135700,0.000000,0.000000,49.060001,50.619999,49.060001,50.230000,49.340500,55.360600,61.309300,81.177250,48.286840,50.553035,-2.266195,-2.906638,0.640444,48.781139,49.340500,57.115008,41.565992,0.557206,2.992708,0.059580,0.036311,0.035884,-0.027869,-0.218453,-0.404787,-0.819225,0.610675,-0.837994,-0.823202,0.141591,4896055.000000,207736211.000000,-0.149199
2022-10-26,48.950001,51.099998,48.458000,48.990002,4865400,0.000000,0.000000,48.950001,51.099998,48.458000,48.990002,49.024500,54.865000,60.961400,80.741050,48.395019,50.437254,-2.042236,-2.733758,0.691522,46.017335,49.024500,56.273383,41.775618,0.497620,2.967658,0.060577,-0.024686,0.052417,-0.069162,-0.239168,-0.407689,-0.825397,0.611911,-0.841993,-0.827567,0.113409,4889750.000000,238355955.730800,-0.141195
2022-10-27,49.570000,50.549999,48.020000,48.240002,2699400,0.000000,0.000000,49.570000,50.549999,48.020000,48.240002,48.676500,54.438000,60.601200,80.271600,48.371170,50.274495,-1.903325,-2.567671,0.664346,44.379528,48.676500,55.320080,42.032921,0.467149,2.936396,0.060871,-0.015309,0.033862,-0.127825,-0.246014,-0.434930,-0.826450,0.581018,-0.844412,-0.830207,0.096364,4825040.000000,130219061.398800,-0.117045
2022-10-28,48.090000,48.799999,47.000000,48.730000,2906800,0.000000,0.000000,48.090000,48.799999,47.000000,48.730000,48.439500,54.017600,60.211100,79.819000,48.426375,50.160088,-1.733713,-2.400880,0.667166,45.738318,48.439500,54.689609,42.189392,0.523240,2.855225,0.058593,0.010158,0.019243,-0.117210,-0.256144,-0.398395,-0.823384,0.583553,-0.842832,-0.828482,0.107500,4741385.000000,141648364.000000,-0.153748
2022-10-31,48.189999,49.040001,47.630001,48.299999,2414000,0.000000,0.000000,48.189999,49.040001,47.630001,48.299999,48.208000,53.665200,59.793100,79.407550,48.406932,50.022304,-1.615371,-2.243778,0.628407,44.706163,48.208000,54.089932,42.326069,0.507820,2.751995,0.056977,-0.008824,-0.003507,-0.096690,-0.279212,-0.437260,-0.826440,0.576044,-0.844219,-0.829995,0.097727,4545995.000000,116596197.586000,-0.169030
2022-11-01,49.730000,50.250000,47.529999,47.889999,3593500,0.000000,0.000000,49.730000,50.250000,47.529999,47.889999,47.808500,53.361800,59.398400,78.994800,48.327404,49.864355,-1.536951,-2.102413,0.565462,43.693692,47.808500,52.451228,43.165773,0.508777,2.749709,0.057417,-0.008489,-0.046586,-0.095220,-0.326631,-0.429473,-0.827709,0.575864,-0.845541,-0.831439,0.088409,4474540.000000,172092711.406500,-0.186334
2022-11-02,47.799999,47.810001,43.150002,43.160000,5023000,0.000000,0.000000,47.799999,47.810001,43.150002,43.160000,47.272000,53.004200,59.170700,78.574050,47.532419,49.367736,-1.835317,-2.048994,0.213676,34.099212,47.272000,51.407931,43.136069,0.002893,2.891873,0.067004,-0.098768,-0.119004,-0.227631,-0.393735,-0.512371,-0.846874,0.620495,-0.860797,-0.848087,0.000000,4511795.000000,216792680.000000,-0.221119
2022-11-03,42.830002,44.105000,42.209999,42.430000,3750100,0.000000,0.000000,42.830002,44.105000,42.209999,42.430000,46.815000,52.633800,59.003800,78.151250,46.747431,48.853830,-2.106399,-2.060475,-0.045924,32.898536,46.815000,50.971120,42.658881,-0.027535,2.820668,0.066478,-0.016914,-0.120440,-0.212655,-0.413464,-0.475720,-0.850182,0.614686,-0.863151,-0.850656,0.000000,4416100.000000,159116743.000000,-0.230600
2022-11-04,43.000000,43.369999,39.630001,40.860001,6499700,0.000000,0.000000,43.000000,43.369999,39.630001,40.860001,46.466500,52.212200,58.839600,77.733350,45.841673,48.261694,-2.420022,-2.132384,-0.287638,30.417854,46.466500,51.366577,41.566424,-0.072083,2.886334,0.070640,-0.037002,-0.161502,-0.207679,-0.450215,-0.452058,-0.856182,0.611008,-0.868215,-0.851510,0.000000,4408895.000000,265577748.499700,-0.278661
2022-11-07,41.180000,42.764999,40.150002,42.509998,4789300,0.000000,0.000000,41.180000,42.764999,40.150002,42.509998,46.278500,51.902000,58.660000,77.365250,45.329107,47.835643,-2.506535,-2.207214,-0.299321,35.889201,46.278500,51.489006,41.067995,0.138375,2.866953,0.067442,0.040382,-0.119876,-0.111227,-0.392628,-0.380592,-0.841078,0.590993,-0.862893,-0.845514,0.040382,4374885.000000,203593133.421400,-0.238200
2022-11-08,42.910000,43.180000,40.560001,41.200001,5691200,0.000000,0.000000,42.910000,43.180000,40.560001,41.200001,46.111500,51.566000,58.503900,76.962100,44.693860,47.344114,-2.650253,-2.295822,-0.354431,33.628341,46.111500,51.752898,40.470103,0.064691,2.849313,0.069158,-0.030816,-0.139695,-0.109574,-0.453508,-0.413857,-0.849586,0.589963,-0.867118,-0.850274,0.008321,4455570.000000,234477445.691200,-0.279363
2022-11-09,40.500000,40.645000,39.570000,39.799999,4452600,0.000000,0.000000,40.500000,40.645000,39.570000,39.799999,45.834000,51.190600,58.296400,76.572100,43.940959,46.785290,-2.844332,-2.405524,-0.438808,31.355023,45.834000,52.139979,39.528021,0.021565,2.762220,0.069403,-0.033981,-0.077850,-0.106421,-0.449820,-0.411243,-0.855362,0.587707,-0.871634,-0.851348,0.000000,4387815.000000,177213475.547400,-0.259933
2022-11-10,42.820000,45.560001,42.814999,45.500000,5793900,0.000000,0.000000,42.820000,45.560001,42.814999,45.500000,45.799000,50.936200,58.155900,76.227950,44.180811,46.690084,-2.509273,-2.426274,-0.082999,47.049746,45.799000,52.104196,39.493804,0.476289,2.976347,0.065414,0.143216,0.072354,0.003308,-0.387947,-0.348511,-0.822029,0.777838,-0.853249,-0.830059,0.143216,4412030.000000,263622450.000000,-0.239790
2022-11-11,46.029999,53.049999,45.470001,53.000000,10930900,0.000000,0.000000,46.029999,53.049999,45.470001,53.000000,46.249000,50.882200,58.065400,75.939500,45.537609,47.157485,-1.619876,-2.264994,0.645119,60.006705,46.249000,53.258867,39.239133,0.981536,3.305179,0.062362,0.164835,0.297112,0.147186,-0.301252,-0.330554,-0.791789,0.962006,-0.829060,-0.802047,0.331658,4790145.000000,579337700.000000,-0.163782
2022-11-14,52.320000,53.310001,51.400002,51.549999,5823800,0.000000,0.000000,52.320000,53.310001,51.400002,51.549999,46.518500,50.824200,57.923900,75.610800,46.462592,47.482856,-1.020264,-2.016048,0.995784,57.097694,46.518500,53.917599,39.119401,0.840008,3.205523,0.062183,-0.027359,0.212656,0.171591,-0.301206,-0.307961,-0.805222,0.949666,-0.833736,-0.807462,0.295226,4837520.000000,300216884.176200,-0.155713
2022-11-15,53.740002,54.325001,51.661999,53.320000,5118000,0.000000,0.000000,53.740002,54.325001,51.661999,53.320000,46.760000,50.814600,57.769600,75.248550,47.517578,47.915237,-0.397659,-1.692370,1.294711,59.668003,46.760000,54.723784,38.796216,0.911865,3.174772,0.059542,0.034336,0.294175,0.155113,-0.233798,-0.291429,-0.797808,0.943210,-0.828028,-0.800852,0.339699,4715455.000000,272891760.000000,-0.111701
2022-11-16,52.020000,52.183998,49.130001,49.549999,3715600,0.000000,0.000000,52.020000,52.183998,49.130001,49.549999,46.910000,50.702800,57.603200,74.858800,47.830258,48.036331,-0.206072,-1.395111,1.189038,52.458971,46.910000,54.969565,38.850435,0.663780,3.247288,0.065536,-0.070705,0.244975,0.021860,-0.289606,-0.318994,-0.814932,0.968328,-0.840187,-0.814503,0.244975,4726430.000000,184107976.284400,-0.152187
2022-11-17,47.939999,48.270000,46.816002,47.439999,3085600,0.000000,0.000000,47.939999,48.270000,46.816002,47.439999,46.949000,50.492600,57.460900,74.488150,47.770218,47.992158,-0.221940,-1.160477,0.938537,48.898124,46.949000,55.011020,38.886980,0.530451,3.210624,0.067678,-0.042583,0.042637,0.019119,-0.280340,-0.393195,-0.822402,0.969800,-0.846992,-0.820425,0.191960,4672840.000000,146380860.914400,-0.157535
2022-11-18,48.549999,48.549999,45.560001,46.000000,2745900,0.000000,0.000000,48.549999,48.549999,45.560001,46.000000,46.858500,50.131800,57.310500,74.146950,47.497877,47.844591,-0.346714,-0.997724,0.651010,46.574600,46.858500,54.920461,38.796539,0.446756,3.194865,0.069454,-0.030354,-0.132075,-0.014145,-0.270536,-0.400651,-0.825876,0.976500,-0.851637,-0.825321,0.155779,4598330.000000,126311400.000000,-0.170750
2022-11-21,45.389999,45.410000,43.049999,44.180000,3438100,0.000000,0.000000,45.389999,45.410000,43.049999,44.180000,46.644000,49.702200,57.178500,73.775550,46.987434,47.573140,-0.585705,-0.915320,0.329615,43.745293,46.644000,54.753572,38.534428,0.348081,3.177375,0.071919,-0.039565,-0.142968,-0.075926,-0.276212,-0.435544,-0.832232,0.982261,-0.857507,-0.824334,0.110050,4573625.000000,151895258.000000,-0.166629
2022-11-22,43.799999,43.970001,42.299999,43.860001,3666300,0.000000,0.000000,43.799999,43.970001,42.299999,43.860001,46.325500,49.360800,57.004900,73.402800,46.506291,47.298092,-0.791801,-0.890616,0.098815,43.247834,46.325500,54.341890,38.309110,0.346221,3.084706,0.070331,-0.007243,-0.177419,-0.095110,-0.280394,-0.388540,-0.822967,0.980694,-0.858539,-0.825606,0.102010,4550155.000000,160803921.666300,-0.179270
2022-11-23,43.810001,46.685001,43.209999,46.349998,3408500,0.000000,0.000000,43.810001,46.685001,43.209999,46.349998,46.193500,49.076800,56.815200,73.025200,46.482246,47.227863,-0.745617,-0.861617,0.115999,48.185400,46.193500,54.111493,38.275506,0.509882,3.112584,0.067154,0.056771,-0.064581,-0.077245,-0.251695,-0.403475,-0.808984,0.993510,-0.850508,-0.815706,0.164573,4477310.000000,157983968.183000,-0.144573
2022-11-25,46.049999,46.060001,44.950001,46.029999,1558100,0.000000,0.000000,46.049999,46.060001,44.950001,46.029999,46.083000,48.791800,56.634600,72.614550,46.412669,47.139132,-0.726463,-0.834586,0.108123,47.612100,46.083000,53.942205,38.223794,0.496628,2.990256,0.064963,-0.006904,-0.029722,-0.060421,-0.206653,-0.430392,-0.810942,0.990308,-0.851540,-0.816978,0.156533,4420245.000000,71719341.441900,-0.131264
2022-11-28,45.599998,47.889999,45.599998,45.790001,4017600,0.000000,0.000000,45.599998,47.889999,45.599998,45.790001,45.936000,48.576000,56.418000,72.207400,46.316874,47.039197,-0.722323,-0.812133,0.089811,47.158916,45.936000,53.696098,38.175901,0.490593,2.940238,0.064211,-0.005214,-0.004565,-0.050788,-0.210517,-0.469040,-0.816569,0.989112,-0.852314,-0.817932,0.150503,4475785.000000,183965908.017600,-0.129955
2022-11-29,46.000000,46.630001,44.230000,44.560001,2973900,0.000000,0.000000,46.000000,46.630001,44.230000,44.560001,45.749000,48.337600,56.199100,71.817800,46.046586,46.855553,-0.808967,-0.811500,0.002533,44.805130,45.749000,53.449257,38.048742,0.422795,2.901650,0.065118,-0.026862,0.008601,-0.085574,-0.239201,-0.468955,-0.822823,0.992293,-0.856281,-0.819126,0.119598,4503780.000000,132516986.973900,-0.163517
2022-11-30,44.459999,47.544998,43.950001,47.070000,4442700,0.000000,0.000000,44.459999,47.544998,43.950001,47.070000,45.708000,48.168200,56.038700,71.449250,46.204034,46.871438,-0.667403,-0.782681,0.115277,50.260879,45.708000,53.368890,38.047109,0.588893,2.951174,0.062698,0.056329,0.073187,-0.025466,-0.191515,-0.426814,-0.808938,1.012504,-0.848186,-0.798691,0.182663,4546240.000000,209117889.000000,-0.162047
2022-12-01,46.669998,49.599998,46.669998,48.290001,3756300,0.000000,0.000000,46.669998,49.599998,46.669998,48.290001,45.964500,48.042000,55.893600,71.062850,46.524952,46.976516,-0.451564,-0.716457,0.264893,52.707781,45.964500,53.609691,38.319309,0.652089,2.949662,0.061082,0.025919,0.041856,0.008353,-0.133034,-0.448933,-0.790762,1.015613,-0.844251,-0.793474,0.213317,4482905.000000,181391730.756300,-0.107351
2022-12-02,46.119999,47.119999,45.320000,46.599998,2984300,0.000000,0.000000,46.119999,47.119999,45.320000,46.599998,46.173000,47.894000,55.742600,70.695150,46.536498,46.948626,-0.412128,-0.655592,0.243463,49.104085,46.173000,53.637642,38.708357,0.528601,2.951115,0.063329,-0.034997,0.012383,0.079703,-0.144169,-0.443781,-0.800701,0.958077,-0.849702,-0.703204,0.170854,4444615.000000,139068374.031400,-0.129608
2022-12-05,45.750000,46.153999,42.299999,42.439999,5552800,0.000000,0.000000,45.750000,46.153999,42.299999,42.439999,46.252000,47.695000,55.564700,70.332350,45.906267,46.614654,-0.708387,-0.666151,-0.042236,41.569804,46.252000,53.510486,38.993513,0.237411,3.047464,0.071806,-0.089270,-0.073160,0.000236,-0.211152,-0.496321,-0.685839,1.010564,-0.863119,-0.729699,0.066332,4397270.000000,235660826.447200,-0.184736
2022-12-06,42.410000,42.630001,40.759998,41.830002,4696100,0.000000,0.000000,42.410000,42.630001,40.759998,41.830002,46.218000,47.498200,55.348700,69.990100,45.279149,46.260235,-0.981086,-0.729138,-0.251948,40.586418,46.218000,53.556221,38.879779,0.201018,2.963359,0.070843,-0.014373,-0.061266,0.023740,-0.241386,-0.523250,-0.709272,1.002610,-0.865086,-0.733584,0.051005,4392610.000000,196437872.392200,-0.175492
2022-12-07,41.980000,42.740002,41.270000,42.080002,3494000,0.000000,0.000000,41.980000,42.740002,41.270000,42.080002,46.262000,47.287200,55.148900,69.645550,44.786973,45.950588,-1.163615,-0.816033,-0.347582,41.200347,46.262000,53.483154,39.040846,0.210434,2.856691,0.067887,0.005977,-0.106012,-0.010115,-0.273857,-0.532963,-0.696392,0.993459,-0.864280,-0.731992,0.057287,4282750.000000,147027526.988000,-0.197683
2022-12-08,42.380001,44.400002,41.380001,43.750000,11822800,0.000000,0.000000,42.380001,44.400002,41.380001,43.750000,46.459500,47.056000,54.945700,69.332550,44.627439,45.787582,-1.160143,-0.884855,-0.275288,45.268786,46.459500,53.131699,39.787301,0.296956,2.868356,0.065562,0.039686,-0.094015,0.061893,-0.316833,-0.499199,-0.715429,0.994767,-0.858894,-0.721355,0.099246,4651260.000000,517247500.000000,-0.231770
2022-12-09,47.529999,51.310001,46.880001,49.160000,30213500,0.000000,0.000000,47.529999,51.310001,46.880001,49.160000,46.642500,46.935200,54.760700,69.010550,45.324756,46.037390,-0.712635,-0.850411,0.137776,55.911342,46.642500,53.404062,39.880938,0.686163,3.203473,0.065164,0.123657,0.054936,0.235176,-0.251295,-0.254361,-0.670884,1.065034,-0.841445,-0.686899,0.235176,5872240.000000,1485295660.000000,-0.148429
2022-12-12,49.959999,54.160000,49.700001,54.070000,16590600,0.000000,0.000000,49.959999,54.160000,49.700001,54.070000,46.696000,46.947200,54.626600,68.705550,46.670178,46.632399,0.037779,-0.672773,0.710552,62.952426,46.696000,53.682553,39.709447,1.027728,3.331797,0.061620,0.099878,0.274034,0.188352,-0.112588,-0.085419,-0.625761,1.006828,-0.825609,-0.655627,0.358543,6155225.000000,897053742.000000,-0.070483
2022-12-13,57.500000,58.880001,55.910000,58.029999,15410900,0.000000,0.000000,57.500000,58.880001,55.910000,58.029999,47.020000,47.049200,54.562400,68.403550,48.417843,47.476665,0.941177,-0.349983,1.291160,67.465341,47.020000,55.413673,38.626326,1.155851,3.437383,0.059235,0.073238,0.387282,0.094906,-0.041618,0.013094,-0.584818,0.870173,-0.812837,-0.630406,0.458040,6634580.000000,894294511.589100,-0.002123
2022-12-14,57.950001,61.599998,57.840000,59.549999,12958700,0.000000,0.000000,57.950001,61.599998,57.840000,59.549999,47.331500,47.122600,54.523900,68.111800,50.130482,48.370986,1.759496,0.071913,1.687583,69.025042,47.331500,57.065062,37.597938,1.127648,3.460427,0.058110,0.026193,0.415162,0.155189,-0.012110,-0.015214,-0.587775,0.864268,-0.807934,-0.620725,0.496231,7026615.000000,771690572.041300,0.020911
2022-12-15,58.500000,59.369999,55.400002,56.310001,9560000,0.000000,0.000000,58.500000,59.369999,55.400002,56.310001,47.669500,47.171000,54.484900,67.821350,51.081177,48.959061,2.122116,0.481954,1.640162,62.182052,47.669500,58.166943,37.172057,0.911553,3.509682,0.062328,-0.054408,0.287086,0.056077,-0.004772,-0.008801,-0.627259,0.884985,-0.818384,-0.641360,0.414824,7318835.000000,538323609.560000,0.050945
2022-12-16,55.490002,56.790001,54.410000,56.270000,16893500,0.000000,0.000000,55.490002,56.790001,54.410000,56.270000,48.111000,47.265000,54.404900,67.559400,51.879458,49.500612,2.378845,0.861332,1.517513,62.100197,48.111000,59.288514,36.933486,0.864974,3.428990,0.060938,-0.000710,0.144630,0.135621,-0.003718,-0.070685,-0.624892,0.842687,-0.818513,-0.641615,0.413819,8009230.000000,950597245.000000,0.068203
2022-12-19,56.009998,56.450001,53.349998,54.220001,8237700,0.000000,0.000000,56.009998,56.450001,53.349998,54.220001,48.522000,47.392800,54.303200,67.323600,52.239541,49.850197,2.389345,1.166934,1.222410,57.894095,48.522000,59.973822,37.070178,0.748781,3.405491,0.062809,-0.036431,0.002774,0.142917,-0.023767,-0.089505,-0.651027,0.838349,-0.825125,-0.654672,0.362312,8283820.000000,446648102.237700,0.053171
2022-12-20,53.480000,54.779999,52.070000,54.099998,6735400,0.000000,0.000000,53.480000,54.779999,52.070000,54.099998,49.018000,47.549400,54.204400,67.118800,52.525765,50.164997,2.360769,1.405701,0.955067,57.647949,49.018000,60.537099,37.498901,0.720590,3.355813,0.062030,-0.002213,-0.067724,0.176087,-0.009158,-0.128123,-0.634608,0.827864,-0.825512,-0.655436,0.359296,8448685.000000,364385126.529200,0.050831
2022-12-21,53.860001,56.919998,53.500000,56.580002,5342900,0.000000,0.000000,53.860001,56.919998,53.500000,56.580002,49.654000,47.790200,54.115100,66.941800,53.149494,50.640182,2.509312,1.626423,0.882888,61.309066,49.654000,61.376806,37.931194,0.795407,3.360398,0.059392,0.045841,-0.049874,0.280670,0.047778,-0.138813,-0.633169,0.817508,-0.817513,-0.639641,0.421608,8532515.000000,302301292.685800,0.080076
2022-12-22,54.970001,56.220001,52.950001,54.240002,4445600,0.000000,0.000000,54.970001,56.220001,52.950001,54.240002,50.048500,47.968000,53.987400,66.722750,53.317265,50.906836,2.410429,1.783224,0.627204,56.358585,50.048500,61.834015,38.262985,0.677824,3.379655,0.062309,-0.041357,-0.036761,0.236662,0.035312,-0.211055,-0.647449,0.836518,-0.825060,-0.654544,0.362814,8584370.000000,241129352.891200,0.071364
2022-12-23,53.529999,53.919998,51.910000,53.900002,3278300,0.000000,0.000000,53.529999,53.919998,51.910000,53.900002,50.442000,48.122000,53.815200,66.522850,53.406916,51.128552,2.278365,1.882252,0.396112,55.655387,50.442000,62.188051,38.695950,0.647198,3.304680,0.061311,-0.006268,-0.042118,0.162891,0.043159,-0.185678,-0.656710,0.821874,-0.826157,-0.656710,0.354271,8670380.000000,176700376.556600,0.071397
2022-12-27,53.139999,53.465000,51.480000,52.419998,3748700,0.000000,0.000000,53.139999,53.465000,51.480000,52.419998,50.773500,48.290400,53.627500,66.409900,53.255083,51.224214,2.030868,1.911976,0.118893,52.579952,50.773500,62.339600,39.207401,0.571178,3.241489,0.061837,-0.027458,-0.033198,0.138822,-0.003990,-0.149992,-0.665091,0.829762,-0.830930,-0.666136,0.317085,8656935.000000,196506846.502600,0.039989
2022-12-28,52.139999,53.500000,51.730000,52.770000,3360900,0.000000,0.000000,52.139999,53.500000,51.730000,52.770000,51.184000,48.422600,53.431800,66.307550,53.180455,51.338717,1.841738,1.897928,-0.056190,53.238041,51.184000,62.399008,39.968993,0.570709,3.136382,0.059435,0.006677,-0.024584,0.152435,-0.045923,-0.135485,-0.653717,0.828491,-0.829802,-0.663907,0.325879,8676285.000000,177354693.000000,0.029934
2022-12-29,53.700001,55.869999,53.500000,55.750000,4467400,0.000000,0.000000,53.700001,55.869999,53.500000,55.750000,51.618000,48.567800,53.246100,66.203100,53.575769,51.665479,1.910291,1.900401,0.009890,58.516726,51.618000,62.834474,40.401527,0.684193,3.133784,0.056211,0.056471,-0.014670,0.251122,0.009964,-0.028407,-0.634378,0.834515,-0.820190,-0.644927,0.400754,8677520.000000,249057550.000000,0.034124
2022-12-30,54.012001,55.750000,54.000000,55.419998,3503700,0.000000,0.000000,54.012001,55.750000,54.000000,55.419998,51.974500,48.745200,53.100400,66.064350,53.859497,51.943591,1.915906,1.903502,0.012404,57.739422,51.974500,63.198833,40.750167,0.653483,3.034942,0.054763,-0.005919,0.021755,0.177395,0.036469,-0.094740,-0.642820,0.820613,-0.821255,-0.647029,0.392462,8664890.000000,194175046.992600,0.046789
