Date,Open,High,Low,Close,Volume,Dividends,Splits,AdjOpen,AdjHigh,AdjLow,AdjClose,sma20,sma50,sma100,sma200,ema12,ema26,macd,macd_signal,macd_hist,rsi14,bb_mid,bb_up,bb_low,bb_pctb,atr14,atr_pct,ret_1d,ret_1w,ret_1m,ret_3m,ret_6m,ret_12m,vol_21,drawdown,dist_52w_high,dist_52w_low,vol_sma20,turnover_sar,rs_bench_3m
2015-01-02,13.310000,13.440000,12.980000,13.100000,478600,0.000000,0.000000,12.724205,12.848482,12.408728,12.523447,,,,,,,,,,50.000000,,,,,,,,,,,,,,0.000000,,,,6269660.000000,
2015-01-05,13.010000,13.080000,12.660000,12.660000,580800,0.000000,0.000000,12.437409,12.504328,12.102813,12.102813,,,,,,,,,,50.000000,,,,,,,-0.033588,,,,,,,-0.033588,,,,7352928.000000,
2015-01-06,12.660000,12.710000,12.180000,12.240000,581500,0.000000,0.000000,12.102813,12.150613,11.643939,11.701298,,,,,,,,,,50.000000,,,,,,,-0.033175,,,,,,,-0.065649,,,,7117560.000000,
2015-01-07,12.320000,12.430000,12.190000,12.390000,382400,0.000000,0.000000,11.777778,11.882937,11.653500,11.844698,,,,,,,,,,50.000000,,,,,,,0.012255,,,,,,,-0.054198,,,,4737936.000000,
2015-01-08,12.500000,12.830000,12.370000,12.580000,381300,0.000000,0.000000,11.949857,12.265333,11.825578,12.026336,,,,,,,,,,50.000000,,,,,,,0.015335,,,,,,,-0.039694,,,,4796754.000000,
2015-01-09,12.580000,12.750000,12.430000,12.530000,273100,0.000000,0.000000,12.026334,12.188852,11.882936,11.978535,,,,,,,,,,50.000000,,,,,,,-0.003975,-0.043511,,,,,,-0.043511,,,,3421943.000000,
2015-01-12,12.490000,12.600000,12.320000,12.360000,389200,0.000000,0.000000,11.940294,12.045453,11.777776,11.816015,,,,,,,,,,50.000000,,,,,,,-0.013568,-0.023697,,,,,,-0.056489,,,,4810512.000000,
2015-01-13,12.450000,12.750000,12.200000,12.300000,429700,0.000000,0.000000,11.902056,12.188853,11.663059,11.758658,,,,,,,,,,50.000000,,,,,,,-0.004854,0.004902,,,,,,-0.061069,,,,5285310.000000,
2015-01-14,12.140000,12.300000,12.120000,12.200000,260900,0.000000,0.000000,11.605699,11.758657,11.586578,11.663057,,,,,,,,,,50.000000,,,,,,,-0.008130,-0.015335,,,,,,-0.068702,,,,3182980.000000,
2015-01-15,12.210000,12.300000,11.900000,12.010000,480800,0.000000,0.000000,11.672617,11.758656,11.376260,11.481420,,,,,,,,,,50.000000,,,,,,,-0.015574,-0.045310,,,,,,-0.083206,,,,5774408.000000,
2015-01-16,11.960000,12.370000,11.960000,12.350000,306900,0.000000,0.000000,11.433621,11.825576,11.433621,11.806457,,,,,,,,,,50.000000,,,,,,,0.028310,-0.014366,,,,,,-0.057252,,,,3790215.000000,
2015-01-20,12.390000,12.650000,12.300000,12.470000,348100,0.000000,0.000000,11.844695,12.093251,11.758656,11.921174,,,,,11.817619,,,,,50.000000,,,,,,,0.009716,0.008900,,,,,,-0.048092,,,,4340807.000000,
2015-01-21,12.480000,12.650000,12.410000,12.640000,449400,0.000000,0.000000,11.930736,12.093255,11.863818,12.083695,,,,,11.863820,,,,,50.000000,,,,,,,0.013633,0.027642,,,,,,-0.035114,,,,5680416.000000,
2015-01-22,12.670000,12.820000,12.260000,12.810000,834100,0.000000,0.000000,12.112369,12.255766,11.720414,12.246207,,,,,11.928928,,,,,50.000000,,,,,0.367204,0.029985,0.013449,0.050000,,,,,,-0.022138,,,,10684821.000000,
2015-01-23,12.800000,12.890000,12.540000,12.790000,731300,0.000000,0.000000,12.236650,12.322689,11.988093,12.227090,,,,,11.978875,,,,,53.257527,,,,,0.363732,0.029748,-0.001561,0.064946,,,,,,-0.023664,,,,9353327.000000,
2015-01-26,12.780000,12.830000,12.590000,12.820000,426700,0.000000,0.000000,12.217533,12.265333,12.035896,12.255773,,,,,12.024635,,,,,54.229633,,,,,0.349920,0.028551,0.002346,0.038057,,,,,,-0.021374,,,,5470294.000000,
2015-01-27,12.670000,12.800000,12.510000,12.760000,645000,0.000000,0.000000,12.112374,12.236652,11.959416,12.198413,,,,,12.053029,,,,,51.904867,,,,,0.344578,0.028248,-0.004680,0.023256,,,,,,-0.025954,,,,8230200.000000,
2015-01-28,12.860000,13.100000,12.600000,12.890000,800400,0.000000,0.000000,12.294009,12.523447,12.045452,12.322689,,,,,12.096673,,,,,56.278116,,,,,0.357517,0.029013,0.010188,0.019778,,,,,,-0.016031,,,,10317156.000000,
2015-01-29,12.990000,13.360000,12.680000,13.340000,791000,0.000000,0.000000,12.418290,12.772006,12.121935,12.752887,,,,,12.202037,,,,,67.346773,,,,,0.385180,0.030203,0.034911,0.041374,,,,,,0.000000,,,,10551940.000000,
2015-01-30,13.220000,13.400000,12.970000,13.000000,733200,0.000000,0.000000,12.638167,12.810244,12.399169,12.427849,12.056926,,,,12.238052,,,,,55.843550,12.056926,12.694434,11.419417,0.790917,0.387574,0.031186,-0.025487,0.016419,,,,,,-0.025487,,,515220.000000,9531600.000000,
2015-02-02,13.010000,13.230000,12.640000,13.130000,512000,0.000000,0.000000,12.437409,12.647726,12.083694,12.552128,12.058360,,,,12.287863,,,,,58.745079,12.058360,12.700399,11.416320,0.884531,0.403547,0.032150,0.010000,0.024181,,,,,,-0.015742,,,516890.000000,6722560.000000,
2015-02-03,13.180000,13.410000,13.130000,13.370000,491700,0.000000,0.000000,12.599925,12.819802,12.552126,12.781563,12.092297,,,,12.365792,,,,,63.511916,12.092297,12.811366,11.373228,0.979277,0.391478,0.030628,0.018279,0.047805,0.020611,,,,0.293095,0.000000,,,512435.000000,6574029.000000,
2015-02-04,13.260000,13.480000,13.080000,13.360000,501500,0.000000,0.000000,12.676408,12.886725,12.504330,12.772006,12.145833,,,,12.429656,,,,,63.184416,12.145833,12.900863,11.390802,0.914668,0.390685,0.030589,-0.000748,0.036463,0.055292,,,,0.264785,-0.000748,,,508435.000000,6700040.000000,
2015-02-05,13.450000,13.650000,13.360000,13.600000,747300,0.000000,0.000000,12.858043,13.049241,12.772004,13.001442,12.203670,,,,12.519249,,,,,67.515149,12.203670,13.034943,11.372397,0.979850,0.380935,0.029299,0.017964,0.019490,0.111111,,,,0.235081,0.000000,,,526680.000000,10163280.000000,
2015-02-06,13.630000,13.700000,13.500000,13.570000,519200,0.000000,0.000000,13.030120,13.097039,12.905841,12.972760,12.250991,,,,12.590108,,,,,66.462607,12.250991,13.145134,11.356848,0.903609,0.364862,0.028125,-0.002206,0.043846,0.095238,,,,0.234899,-0.002206,,,533575.000000,7045544.000000,
2015-02-09,13.480000,13.940000,13.400000,13.620000,903500,0.000000,0.000000,12.886723,13.326478,12.810244,13.020562,12.303092,,,,12.657203,12.449720,0.207484,,,67.375466,12.303092,13.250255,11.355930,0.878747,0.377517,0.028994,0.003685,0.037319,0.082671,,,,0.231536,0.000000,,,565095.000000,12305670.000000,
2015-02-10,13.340000,13.700000,13.010000,13.490000,1193700,0.000000,0.000000,12.752884,13.097040,12.437408,12.896282,12.357106,,,,12.694394,12.487532,0.206862,,,62.604359,12.357106,13.310502,11.403709,0.782766,0.400819,0.031080,-0.009545,0.008975,0.076616,,,,0.234703,-0.009545,,,605320.000000,16103013.000000,
2015-02-11,13.490000,13.790000,13.160000,13.520000,1095100,0.000000,0.000000,12.896284,13.183080,12.580808,12.924964,12.415421,,,,12.730199,12.524183,0.206016,,,63.251135,12.415421,13.357300,11.473542,0.770493,0.417274,0.032284,0.002224,0.011976,0.093851,,,,0.226354,-0.007342,,,638590.000000,14805752.000000,
2015-02-12,13.570000,13.710000,13.350000,13.650000,539700,0.000000,0.000000,12.972760,13.106599,12.762443,13.049239,12.484730,,,,12.779671,12.567752,0.211920,,,65.995423,12.484730,13.397043,11.572417,0.809384,0.411362,0.031524,0.009615,0.003676,0.109756,,,,0.224460,0.000000,,,652530.000000,7366905.000000,
2015-02-13,13.650000,13.750000,13.410000,13.500000,380000,0.000000,0.000000,13.049240,13.144839,12.819803,12.905842,12.555951,,,,12.799212,12.595559,0.203654,,,60.391378,12.555951,13.353678,11.758224,0.719305,0.404448,0.031338,-0.010989,-0.005158,0.106557,,,,0.226784,-0.010989,,,647490.000000,5130000.000000,
2015-02-17,13.510000,13.550000,13.120000,13.230000,1158000,0.000000,0.000000,12.915402,12.953641,12.542566,12.647724,12.598014,,,,12.775774,12.599815,0.175960,,,51.855545,12.598014,13.313857,11.882172,0.534721,0.404974,0.032020,-0.020000,-0.028635,0.101582,,,,0.232278,-0.030769,,,690045.000000,15320340.000000,
2015-02-18,13.230000,13.550000,13.200000,13.510000,324800,0.000000,0.000000,12.647728,12.953645,12.619048,12.915405,12.647726,,,,12.797359,12.625369,0.171990,,,58.419226,12.647726,13.301016,11.994436,0.704870,0.399429,0.030927,0.021164,0.001483,0.093927,,,,0.224317,-0.010256,,,688880.000000,4388048.000000,
2015-02-19,13.440000,13.740000,13.330000,13.700000,462100,0.000000,0.000000,12.848485,13.135282,12.743326,13.097042,12.698393,,,,12.843651,12.663300,0.180351,,,62.186440,12.698393,13.324097,12.072689,0.818560,0.398845,0.030453,0.014064,0.013314,0.098637,,,,0.226118,0.000000,,,689515.000000,6330770.000000,
2015-02-20,13.690000,13.780000,13.530000,13.710000,389000,0.000000,0.000000,13.087482,13.173521,12.934524,13.106602,12.741413,,,,12.884243,12.698725,0.185519,0.188274,-0.002755,62.379632,12.741413,13.354395,12.128431,0.797879,0.386428,0.029483,0.000730,0.004396,0.084652,,,,0.224022,0.000000,,,667260.000000,5333190.000000,
2015-02-23,13.630000,13.710000,13.310000,13.390000,426900,0.000000,0.000000,13.030120,13.106599,12.724204,12.800683,12.770093,,,,12.871351,12.706825,0.164526,0.182953,-0.018427,53.040943,12.770093,13.333416,12.206769,0.527152,0.386117,0.030164,-0.023341,-0.008148,0.045277,,,,0.240085,-0.023341,,,652040.000000,5716191.000000,
2015-02-24,13.480000,13.520000,13.360000,13.450000,485300,0.000000,0.000000,12.886723,12.924963,12.772005,12.858044,12.800206,,,,12.869299,12.718775,0.150524,0.175858,-0.025334,54.418861,12.800206,13.309573,12.290840,0.556774,0.368221,0.028637,0.004481,0.016629,0.051603,,,,0.239799,-0.018964,,,654970.000000,6527285.000000,
2015-02-25,13.450000,13.570000,13.300000,13.460000,301700,0.000000,0.000000,12.858043,12.972762,12.714645,12.867603,12.833666,,,,12.869037,12.730478,0.138559,0.167847,-0.029288,54.657635,12.833666,13.257285,12.410046,0.540056,0.359814,0.027963,0.000743,-0.003701,0.049922,,,,0.239877,-0.018235,,,637805.000000,4060882.000000,
2015-02-26,13.430000,13.620000,13.360000,13.500000,282300,0.000000,0.000000,12.838923,13.020560,12.772003,12.905842,12.862823,,,,12.874709,12.744205,0.130505,0.159944,-0.029440,55.658313,12.862823,13.212112,12.513535,0.561580,0.351362,0.027225,0.002972,-0.014599,0.057994,,,,0.238479,-0.015317,,,611900.000000,3811050.000000,
2015-02-27,13.450000,13.540000,13.350000,13.410000,515500,0.000000,0.000000,12.858040,12.944079,12.762442,12.819800,12.866169,,,,12.866249,12.750097,0.116152,0.150783,-0.034631,52.832893,12.866169,13.212292,12.520046,0.433016,0.338525,0.026406,-0.006667,-0.021882,0.040341,,,,0.239042,-0.021882,,,598125.000000,6912855.000000,
2015-03-02,13.430000,13.770000,13.290000,13.740000,353100,0.000000,0.000000,12.838918,13.163954,12.705080,13.135274,12.901540,,,,12.907690,12.780006,0.127684,0.145995,-0.018311,60.708581,12.901540,13.200424,12.602657,0.891011,0.347589,0.026462,0.024608,0.026139,0.029984,,,,0.223313,0.000000,,,579120.000000,4851594.000000,
2015-03-03,13.650000,13.800000,13.450000,13.550000,1020200,0.000000,0.000000,13.049238,13.192637,12.858041,12.953640,12.921616,,,,12.914766,12.793440,0.121326,0.140918,-0.019592,55.013061,12.921616,13.171622,12.671610,0.564047,0.346614,0.026758,-0.013828,0.007435,0.042307,,,,0.208734,-0.013828,,,604530.000000,13823710.000000,
2015-03-04,13.470000,13.550000,13.280000,13.300000,456700,0.000000,0.000000,12.877163,12.953642,12.695524,12.714644,12.918270,,,,12.883951,12.787363,0.096587,0.131848,-0.035261,48.557713,12.918270,13.177779,12.658761,0.107670,0.339999,0.026741,-0.018450,-0.011887,0.012947,,,,0.218147,-0.032023,,,602780.000000,6074110.000000,
2015-03-05,13.370000,13.480000,13.230000,13.410000,391400,0.000000,0.000000,12.781561,12.886719,12.647722,12.819800,12.920660,,,,12.874074,12.789857,0.084217,0.122147,-0.037930,51.267296,12.920660,13.175333,12.665987,0.301982,0.332474,0.025934,0.008270,-0.006667,0.002992,,,,0.210612,-0.024017,,,597275.000000,5248674.000000,
2015-03-06,13.270000,13.570000,13.150000,13.170000,587200,0.000000,0.000000,12.685967,12.972762,12.571247,12.590367,12.900106,,,,12.830399,12.774563,0.055836,0.108691,-0.052855,45.621118,12.900106,13.191092,12.609120,-0.032224,0.337602,0.026814,-0.017897,-0.017897,-0.014222,,,,0.219790,-0.041484,,,589270.000000,7733424.000000,
2015-03-09,13.240000,13.480000,13.210000,13.390000,615800,0.000000,0.000000,12.657284,12.886721,12.628605,12.800683,12.891502,,,,12.825824,12.776560,0.049264,0.096667,-0.047402,50.953523,12.891502,13.183616,12.599388,0.344549,0.334547,0.026135,0.016705,-0.025473,-0.015441,,,,0.218489,-0.025473,,,594100.000000,8245562.000000,
2015-03-10,13.220000,13.370000,13.080000,13.120000,454200,0.000000,0.000000,12.638166,12.781564,12.504328,12.542567,12.867602,,,,12.782226,12.758710,0.023517,0.081901,-0.058384,45.107400,12.867602,13.191719,12.543485,-0.001417,0.331725,0.026448,-0.020164,-0.031734,-0.033161,,,,0.228717,-0.045123,,,571635.000000,5959104.000000,
2015-03-11,13.100000,13.210000,12.980000,13.150000,979200,0.000000,0.000000,12.523449,12.628608,12.408730,12.571248,12.851351,,,,12.749756,12.744440,0.005315,0.066470,-0.061154,45.850846,12.851351,13.201002,12.501699,0.099455,0.323483,0.025732,0.002287,-0.011278,-0.034508,,,,0.228368,-0.042940,,,560910.000000,12876480.000000,
2015-03-12,13.180000,13.330000,12.840000,13.020000,1391600,0.000000,0.000000,12.599926,12.743324,12.274890,12.446968,12.827451,,,,12.703157,12.721843,-0.018686,0.049337,-0.068023,43.125265,12.827451,13.218778,12.436124,0.013856,0.334141,0.026845,-0.009886,-0.029083,-0.034841,,,,0.228521,-0.052401,,,575735.000000,18118632.000000,
2015-03-13,12.970000,13.220000,12.750000,13.180000,612000,0.000000,0.000000,12.399167,12.638165,12.188850,12.599925,12.804985,,,,12.687271,12.712599,-0.025328,0.034333,-0.059662,47.279083,12.804985,13.194285,12.415685,0.236630,0.342591,0.027190,0.012289,0.000759,-0.025148,,,,0.233248,-0.040757,,,579350.000000,8066160.000000,
2015-03-16,13.300000,13.440000,13.100000,13.330000,497600,0.000000,0.000000,12.714645,12.848483,12.523447,12.743324,12.796859,12.519050,,,12.695897,12.714925,-0.019028,0.023621,-0.042649,50.899631,12.796859,13.184074,12.409644,0.430871,0.341306,0.026783,0.011381,-0.004481,-0.023443,,,,0.234348,-0.029839,,,585230.000000,6633008.000000,
2015-03-17,13.260000,13.330000,13.070000,13.220000,465500,0.000000,0.000000,12.676406,12.743325,12.494768,12.638166,12.796381,12.521344,,,12.687013,12.709125,-0.022111,0.014446,-0.036558,48.281148,12.796381,13.184394,12.408369,0.296121,0.334526,0.026470,-0.008252,0.007622,-0.020741,,,,0.233071,-0.037845,,,550605.000000,6153910.000000,
2015-03-18,13.240000,13.360000,13.020000,13.310000,448600,0.000000,0.000000,12.657284,12.772003,12.446968,12.724204,12.786821,12.533772,,,12.692736,12.710262,-0.017526,0.008036,-0.025563,50.523811,12.786821,13.171897,12.401746,0.418695,0.333833,0.026236,0.006808,0.012167,0.006047,,,,0.223694,-0.031295,,,556795.000000,5970866.000000,
2015-03-19,13.300000,13.490000,13.160000,13.450000,316800,0.000000,0.000000,12.714646,12.896283,12.580807,12.858044,12.774871,12.556907,,,12.718172,12.721398,-0.003226,0.005780,-0.009006,53.874518,12.774871,13.133326,12.416417,0.616016,0.332496,0.025859,0.010519,0.033026,-0.004441,,,,0.214065,-0.021106,,,549530.000000,4260960.000000,
2015-03-20,13.550000,13.670000,13.500000,13.590000,779700,0.000000,0.000000,12.953646,13.068364,12.905846,12.991885,12.769136,12.579851,,,12.760286,12.741753,0.018534,0.008334,0.010199,57.009941,12.769136,13.108397,12.429874,0.828286,0.323606,0.024908,0.010409,0.031108,-0.008029,,,,0.211370,-0.010916,,,569065.000000,10596123.000000,
2015-03-23,13.510000,13.900000,13.510000,13.860000,730700,0.000000,0.000000,12.915404,13.288239,12.915404,13.249999,12.791601,12.604324,,,12.835634,12.779955,0.055680,0.017815,0.037864,62.328299,12.791601,13.193402,12.389801,1.070429,0.327184,0.024693,0.019867,0.039760,0.010941,,,,0.222640,0.000000,,,584255.000000,10127502.000000,
2015-03-24,13.840000,13.890000,13.720000,13.850000,803600,0.000000,0.000000,13.230877,13.278677,13.116159,13.240438,12.810721,12.629562,,,12.897917,12.814529,0.083388,0.030943,0.052445,62.022220,12.810721,13.259482,12.361960,0.978781,0.315233,0.023808,-0.000722,0.047655,0.034354,,,,0.205072,-0.000722,,,600170.000000,11129860.000000,
2015-03-25,13.890000,13.890000,13.290000,13.400000,925900,0.000000,0.000000,13.278681,13.278681,12.705087,12.810246,12.807853,12.649446,,,12.884428,12.814208,0.070220,0.038804,0.031416,50.100615,12.807853,13.255816,12.359890,0.502671,0.333962,0.026070,-0.032491,0.006762,-0.003717,,,,0.236340,-0.033189,,,631380.000000,12407060.000000,
2015-03-26,13.230000,13.490000,13.100000,13.380000,1432400,0.000000,0.000000,12.647722,12.896279,12.523444,12.791121,12.802117,12.670096,,,12.870073,12.812478,0.057595,0.042565,0.015030,49.643762,12.802117,13.247729,12.356506,0.487662,0.336777,0.026329,-0.001493,-0.005205,-0.005944,,,,0.236370,-0.034632,,,688885.000000,19165512.000000,
2015-03-27,13.390000,13.630000,13.210000,13.560000,801200,0.000000,0.000000,12.800682,13.030118,12.628603,12.963200,12.809287,12.696099,,,12.884401,12.823763,0.060638,0.046181,0.014456,53.731901,12.809287,13.260674,12.357900,0.670489,0.341460,0.026341,0.013453,-0.002208,0.004444,,,,0.240875,-0.021645,,,703170.000000,10864272.000000,
2015-03-30,13.650000,13.740000,13.470000,13.680000,726500,0.000000,0.000000,13.049241,13.135280,12.877163,13.077921,12.806420,12.728029,,,12.914174,12.842777,0.071397,0.051226,0.020171,56.280199,12.806420,13.249743,12.363096,0.806211,0.335436,0.025649,0.008850,-0.012987,0.020135,,,,0.241200,-0.012987,-0.012987,0.139051,721840.000000,9938520.000000,
2015-03-31,13.630000,13.740000,13.470000,13.690000,683600,0.000000,0.000000,13.030121,13.135279,12.877163,13.087480,12.813111,12.753649,,,12.940838,12.861071,0.079767,0.056936,0.022831,56.495210,12.813111,13.269636,12.356587,0.800497,0.329853,0.025204,0.000731,-0.011552,-0.003639,,,,0.225499,-0.012266,-0.012266,0.139883,705010.000000,9358484.000000,
2015-04-01,13.690000,13.690000,13.340000,13.690000,814700,0.000000,0.000000,13.087480,13.087480,12.752884,13.087480,12.831753,12.776975,,,12.963399,12.877985,0.085414,0.062633,0.022780,56.495210,12.831753,13.301603,12.361904,0.772137,0.330195,0.025230,0.000000,0.021642,0.010332,,,,0.219892,-0.012266,-0.012266,0.139883,722910.000000,11153243.000000,
2015-04-02,13.770000,14.290000,13.760000,14.040000,1664000,0.000000,0.000000,13.163959,13.661072,13.154399,13.422075,12.861867,12.803743,,,13.033966,12.918606,0.115360,0.073181,0.042179,63.735275,12.861867,13.400638,12.323096,1.019894,0.347745,0.025908,0.025566,0.049327,0.055639,,,,0.224703,0.000000,0.000000,0.169026,786540.000000,23362560.000000,
2015-04-06,14.010000,14.200000,13.900000,14.180000,670200,0.000000,0.000000,13.393399,13.575036,13.288239,13.555917,12.910145,12.829937,,,13.114268,12.966160,0.148108,0.088169,0.059940,66.161203,12.910145,13.515416,12.304873,1.033457,0.343353,0.025329,0.009972,0.045723,0.057420,0.082443,,,0.225313,0.000000,0.000000,0.180683,790690.000000,9503436.000000,0.042139
2015-04-07,14.110000,14.230000,14.050000,14.150000,737400,0.000000,0.000000,13.488995,13.603713,13.431636,13.527234,12.946472,12.855940,,,13.177803,13.008002,0.169801,0.104497,0.065303,65.155291,12.946472,13.608623,12.284322,0.938542,0.331020,0.024471,-0.002116,0.034357,0.074411,0.117693,,,0.213402,-0.002116,-0.002116,0.178185,796770.000000,10434210.000000,0.062313
2015-04-08,14.110000,14.280000,14.060000,14.130000,841600,0.000000,0.000000,13.488992,13.651510,13.441193,13.508112,12.994749,12.880987,,,13.228620,13.045279,0.183341,0.120268,0.063073,64.451757,12.994749,13.673493,12.316006,0.878171,0.322333,0.023862,-0.001414,0.032140,0.055265,0.154411,,,0.208459,-0.003527,-0.003527,0.176519,816140.000000,11891808.000000,0.076445
2015-04-09,14.100000,14.270000,13.920000,14.060000,549100,0.000000,0.000000,13.479435,13.641953,13.307357,13.441195,13.038247,12.905842,,,13.261325,13.074776,0.186548,0.133525,0.053023,61.931557,13.038247,13.714212,12.362282,0.798054,0.323215,0.024047,-0.004954,0.027027,0.071646,0.134786,,,0.193618,-0.008463,-0.008463,0.170691,794635.000000,7720346.000000,0.065096
2015-04-10,14.130000,14.150000,13.980000,14.040000,503800,0.000000,0.000000,13.508114,13.527234,13.364716,13.422075,13.087002,12.927830,,,13.286056,13.100640,0.185416,0.143904,0.041512,61.195258,13.087002,13.722874,12.451130,0.763475,0.311662,0.023220,-0.001422,0.000000,0.067680,0.116057,,,0.194305,-0.009873,-0.009873,0.169026,750245.000000,7073352.000000,0.061205
2015-04-13,14.000000,14.040000,13.830000,13.890000,693300,0.000000,0.000000,13.383835,13.422075,13.221317,13.278677,13.120940,12.938346,,,13.284920,13.113894,0.171027,0.149329,0.021698,55.833842,13.120940,13.718662,12.523217,0.631949,0.303692,0.022871,-0.010684,-0.020452,0.066820,0.108539,,,0.195000,-0.020452,-0.020452,0.156536,754310.000000,9629937.000000,0.048128
2015-04-14,13.850000,14.050000,13.690000,13.860000,375300,0.000000,0.000000,13.240440,13.431637,13.087481,13.249999,13.146273,12.954789,,,13.279548,13.124022,0.155526,0.150568,0.004958,54.799816,13.146273,13.719036,12.573511,0.590549,0.306599,0.023140,-0.002160,-0.020495,0.051593,0.121359,,,0.192887,-0.022567,-0.022567,0.154038,748195.000000,5201658.000000,0.054350
2015-04-15,13.910000,14.170000,13.690000,14.160000,501300,0.000000,0.000000,13.297797,13.546354,13.087479,13.536794,13.191205,12.974482,,,13.319124,13.154728,0.164397,0.153334,0.011063,62.316012,13.191205,13.736467,12.645943,0.816902,0.317532,0.023457,0.021645,0.002123,0.062266,0.151219,,,0.201927,-0.001411,-0.001411,0.179017,749985.000000,7098408.000000,0.076239
2015-04-16,14.100000,14.150000,13.780000,13.830000,523100,0.000000,0.000000,13.479436,13.527234,13.173519,13.221318,13.216061,12.983277,,,13.304077,13.159680,0.144398,0.151547,-0.007149,52.060731,13.216061,13.715046,12.717075,0.505268,0.320815,0.024265,-0.023305,-0.016358,0.046142,0.133607,,,0.218508,-0.024683,-0.024683,0.151540,753710.000000,7234473.000000,0.054183
2015-04-17,13.720000,13.940000,13.460000,13.620000,640100,0.000000,0.000000,13.116161,13.326478,12.867604,13.020562,13.224186,12.988248,,,13.260459,13.149337,0.111122,0.143462,-0.032339,46.784358,13.224186,13.703530,12.744842,0.287601,0.330721,0.025400,-0.015184,-0.029914,0.023291,0.134055,,,0.225873,-0.039492,-0.039492,0.134055,769875.000000,8718162.000000,0.055078
2015-04-20,13.670000,13.970000,13.630000,13.950000,455500,0.000000,0.000000,13.068358,13.355155,13.030119,13.336035,13.241394,12.994940,,,13.272086,13.163213,0.108873,0.136544,-0.027671,54.575387,13.241394,13.710219,12.772569,0.600934,0.330999,0.024820,0.024229,0.004320,0.037174,0.129554,,,0.237689,-0.016220,-0.016220,0.161532,753665.000000,6354225.000000,0.051827
2015-04-21,14.010000,14.030000,13.760000,13.790000,636800,0.000000,0.000000,13.393396,13.412516,13.154399,13.183079,13.238048,12.999147,,,13.258393,13.164689,0.093704,0.127976,-0.034272,50.699690,13.238048,13.707569,12.768527,0.441463,0.325773,0.024711,-0.011469,-0.005051,0.014716,0.105854,,,0.239832,-0.027504,-0.027504,0.148210,748970.000000,8781472.000000,0.028677
2015-04-22,13.800000,13.930000,13.660000,13.840000,455700,0.000000,0.000000,13.192639,13.316918,13.058801,13.230879,13.237570,13.003353,,,13.254160,13.169606,0.084554,0.119291,-0.034738,51.850467,13.237570,13.707100,12.768040,0.492875,0.320923,0.024256,0.003626,-0.022599,-0.001443,0.094937,,,0.229962,-0.023978,-0.023978,0.152373,731575.000000,6306888.000000,0.016146
2015-04-23,13.750000,13.820000,13.680000,13.740000,335700,0.000000,0.000000,13.144834,13.211753,13.077915,13.135274,13.253821,13.008133,,,13.235870,13.167056,0.068813,0.109196,-0.040382,49.368321,13.253821,13.681731,12.825912,0.361481,0.308886,0.023516,-0.007226,-0.006508,-0.007943,0.072599,,,0.231330,-0.031030,-0.031030,0.144046,702065.000000,4612518.000000,0.008255
2015-04-24,13.700000,13.830000,13.550000,13.620000,704400,0.000000,0.000000,13.097041,13.221320,12.953643,13.020562,13.265293,13.010045,,,13.202745,13.156178,0.046567,0.096670,-0.050102,46.492447,13.265293,13.651214,12.879372,0.182926,0.305933,0.023496,-0.008733,0.000000,0.016418,0.064895,,,0.202488,-0.039492,-0.039492,0.134055,665665.000000,9593928.000000,-0.005347
2015-04-27,13.610000,13.820000,13.410000,13.470000,685900,0.000000,0.000000,13.010998,13.211755,12.819800,12.877160,13.260991,13.006603,,,13.152655,13.135463,0.017193,0.080774,-0.063582,43.111447,13.260991,13.662687,12.859295,0.022236,0.312095,0.024236,-0.011014,-0.034409,0.006726,0.050702,,,0.206524,-0.050071,-0.050071,0.121565,659900.000000,9239073.000000,-0.009756
2015-04-28,13.880000,14.200000,13.720000,14.040000,1607900,0.000000,0.000000,13.269117,13.575033,13.116159,13.422075,13.278199,13.016928,,,13.194105,13.156738,0.037366,0.072093,-0.034726,56.158361,13.278199,13.676345,12.880054,0.680683,0.339724,0.025311,0.042316,0.018129,0.035398,0.100313,,,0.249286,-0.009873,-0.009873,0.169026,703970.000000,22574916.000000,0.020441
2015-04-29,13.690000,13.940000,13.180000,13.500000,1904000,0.000000,0.000000,13.087479,13.326476,12.599926,12.905842,13.269117,13.022090,,,13.149756,13.138117,0.011640,0.060002,-0.048362,45.509828,13.269117,13.693033,12.845202,0.071524,0.374269,0.029000,-0.038461,-0.024567,-0.013158,0.047324,,,0.283845,-0.047955,-0.047955,0.124063,764990.000000,25704000.000000,-0.035827
2015-04-30,13.400000,13.410000,13.020000,13.310000,1288800,0.000000,0.000000,12.810242,12.819802,12.446968,12.724204,13.250953,13.018266,,,13.084287,13.107401,-0.023114,0.043379,-0.066493,42.459176,13.250953,13.734566,12.767341,-0.044598,0.380326,0.029890,-0.014074,-0.031295,-0.027758,-0.002249,,,0.287658,-0.061354,-0.061354,0.108243,788695.000000,17153928.000000,-0.057339
2015-05-01,13.330000,13.440000,13.050000,13.410000,965300,0.000000,0.000000,12.743321,12.848480,12.475645,12.819800,13.220840,13.012721,,,13.043596,13.086061,-0.042465,0.026210,-0.068675,44.565314,13.220840,13.733708,12.707972,0.109023,0.379790,0.029625,0.007513,-0.015419,-0.020453,0.031538,,,0.289220,-0.054302,-0.054302,0.116569,753760.000000,12944673.000000,-0.048317
2015-05-04,13.390000,13.430000,13.250000,13.290000,593300,0.000000,0.000000,12.800690,12.838929,12.666851,12.705091,13.178298,13.004691,,,12.991519,13.057797,-0.066279,0.007712,-0.073991,42.552613,13.178298,13.714746,12.641851,0.058943,0.364924,0.028723,-0.008948,-0.013362,-0.053418,0.012186,,,0.273840,-0.062764,-0.062764,0.106578,749915.000000,7884957.000000,-0.060566
2015-05-05,13.270000,13.310000,13.150000,13.290000,1001700,0.000000,0.000000,12.685971,12.724211,12.571252,12.705091,13.137191,13.002779,,,12.947453,13.031633,-0.084180,-0.010666,-0.073514,42.552613,13.137191,13.686891,12.587491,0.106967,0.349755,0.027529,0.000000,-0.053418,-0.062764,-0.005983,,,0.270287,-0.062764,-0.062764,0.106578,763130.000000,13312593.000000,-0.050738
2015-05-06,13.350000,13.370000,13.070000,13.220000,577000,0.000000,0.000000,12.762445,12.781564,12.494768,12.638166,13.093694,12.998382,,,12.899870,13.002448,-0.102578,-0.029049,-0.073529,41.290797,13.093694,13.657312,12.530076,0.095890,0.345251,0.027318,-0.005268,-0.020741,-0.065724,-0.010479,,,0.270386,-0.067701,-0.067701,0.100749,749900.000000,7627940.000000,-0.053505
2015-05-07,13.250000,13.430000,13.040000,13.400000,435300,0.000000,0.000000,12.666848,12.838926,12.466090,12.810246,13.062146,12.997235,,,12.886082,12.988194,-0.102112,-0.043661,-0.058450,45.745626,13.062146,13.614384,12.509909,0.271928,0.347224,0.027105,0.013616,0.006762,-0.051663,-0.014706,,,0.276506,-0.055007,-0.055007,0.115737,744210.000000,5833020.000000,-0.052573
2015-05-08,13.590000,13.590000,13.290000,13.350000,467100,0.000000,0.000000,12.991883,12.991883,12.705087,12.762446,13.029165,12.994367,,,12.867061,12.971452,-0.104391,-0.055807,-0.048584,44.730293,13.029165,13.569556,12.488774,0.253217,0.342901,0.026868,-0.003731,-0.004474,-0.050498,-0.016212,,,0.276395,-0.058533,-0.058533,0.111574,742375.000000,6235785.000000,-0.070834
2015-05-11,13.330000,13.470000,13.330000,13.350000,324900,0.000000,0.000000,12.743326,12.877165,12.743326,12.762446,13.003353,12.993220,,,12.850966,12.955954,-0.104988,-0.065643,-0.039344,44.730293,13.003353,13.542879,12.463828,0.276741,0.327948,0.025696,0.000000,0.004514,-0.049145,-0.019824,,,0.276497,-0.058533,-0.058533,0.111574,723955.000000,4337415.000000,-0.076438
2015-05-12,13.330000,13.580000,13.250000,13.550000,508100,0.000000,0.000000,12.743322,12.982319,12.666843,12.953640,12.988536,12.989587,,,12.866762,12.955782,-0.089020,-0.070319,-0.018701,49.889723,12.988536,13.515675,12.461396,0.466901,0.327056,0.025248,0.014981,0.019563,-0.024478,0.004448,,,0.280896,-0.044429,-0.044429,0.128226,730595.000000,6884755.000000,-0.034935
2015-05-13,13.590000,13.700000,13.420000,13.640000,435200,0.000000,0.000000,12.991884,13.097042,12.829366,13.039683,12.963680,12.991308,,,12.893365,12.962003,-0.068637,-0.069982,0.001345,52.058678,12.963680,13.424705,12.502655,0.582428,0.322810,0.024756,0.006642,0.031770,-0.015873,0.008876,,,0.282102,-0.038082,-0.038082,0.135720,727290.000000,5936128.000000,-0.028721
2015-05-14,13.730000,13.910000,13.600000,13.770000,446300,0.000000,0.000000,13.125720,13.297798,13.001442,13.163960,12.960812,13.000294,,,12.934995,12.976975,-0.041980,-0.064382,0.022402,55.082780,12.960812,13.415763,12.505861,0.723264,0.320918,0.024379,0.009531,0.027612,-0.027542,0.008791,,,0.273035,-0.028914,-0.028914,0.146545,723450.000000,6145551.000000,-0.030979
2015-05-15,13.770000,13.990000,13.590000,13.630000,366400,0.000000,0.000000,13.163961,13.374277,12.991882,13.030122,12.961290,13.004500,,,12.949630,12.980915,-0.031285,-0.057763,0.026478,51.327761,12.961290,13.416525,12.506055,0.575600,0.325314,0.024966,-0.010167,0.020974,-0.014461,0.009630,,,0.263244,-0.038787,-0.038787,0.134888,709765.000000,4994032.000000,-0.021930
2015-05-18,13.610000,13.730000,13.440000,13.660000,357400,0.000000,0.000000,13.011001,13.125720,12.848483,13.058801,12.947428,13.013869,,,12.966426,12.986689,-0.020263,-0.050263,0.030000,52.081582,12.947428,13.370355,12.524502,0.631669,0.321876,0.024648,0.002201,0.023221,0.002937,0.032502,,,0.257912,-0.036672,-0.036672,0.137386,704860.000000,4882084.000000,-0.004069
2015-05-19,13.660000,13.740000,13.570000,13.680000,293600,0.000000,0.000000,13.058801,13.135280,12.972762,13.077921,12.942170,13.019414,,,12.983579,12.993451,-0.009872,-0.042185,0.032312,52.608563,12.942170,13.355262,12.529079,0.664311,0.310484,0.023741,0.001464,0.009594,-0.019355,0.012583,,,0.242878,-0.035261,-0.035261,0.139051,687700.000000,4016448.000000,-0.020776
2015-05-20,13.730000,13.830000,13.560000,13.750000,317600,0.000000,0.000000,13.125717,13.221316,12.963200,13.144837,12.937868,13.031459,,,13.008388,13.004672,0.003716,-0.033004,0.036720,54.494734,12.937868,13.339945,12.535792,0.757375,0.306740,0.023335,0.005117,0.008064,-0.002901,0.003649,,,0.240499,-0.030325,-0.030325,0.144879,680795.000000,4367000.000000,-0.026208
2015-05-21,13.770000,13.870000,13.680000,13.830000,274300,0.000000,0.000000,13.163959,13.259558,13.077920,13.221318,12.942171,13.044461,,,13.041146,13.020729,0.020417,-0.022320,0.042737,56.619840,12.942171,13.354842,12.529499,0.838220,0.297797,0.022524,0.005818,0.004357,-0.000723,0.008753,,,0.241038,-0.024683,-0.024683,0.151540,677725.000000,3793569.000000,-0.018451
2015-05-22,13.780000,13.870000,13.730000,13.740000,276400,0.000000,0.000000,13.173513,13.259552,13.125714,13.135274,12.947906,13.058227,,,13.055628,13.029218,0.026409,-0.012574,0.038983,53.587789,12.947906,13.368282,12.527530,0.722857,0.286078,0.021779,-0.006508,0.008070,0.000000,0.026139,,,0.240776,-0.031030,-0.031030,0.144046,656325.000000,3797736.000000,0.000259
2015-05-26,13.650000,13.730000,13.540000,13.620000,423200,0.000000,0.000000,13.049242,13.125721,12.944083,13.020562,12.955076,13.066640,,,13.050233,13.028577,0.021656,-0.005728,0.027384,49.761856,12.955076,13.375263,12.534889,0.577924,0.279296,0.021450,-0.008733,-0.002928,0.000000,0.012639,,,0.240776,-0.039492,-0.039492,0.134055,643190.000000,5763984.000000,-0.000370
2015-05-27,13.640000,13.990000,13.600000,13.970000,447700,0.000000,0.000000,13.039683,13.374278,13.001443,13.355159,12.951730,13.078876,12.798963,,13.097145,13.052779,0.044366,0.004291,0.040075,58.964786,12.951730,13.357064,12.546397,0.997650,0.285981,0.021414,0.025698,0.021199,0.037120,0.037890,,,0.252697,-0.014810,-0.014810,0.163197,585180.000000,6254369.000000,0.009816
2015-05-28,13.950000,14.010000,13.890000,14.010000,307000,0.000000,0.000000,13.336040,13.393399,13.278681,13.393399,12.976108,13.093981,12.807663,,13.142722,13.078021,0.064701,0.016373,0.048329,59.869574,12.976108,13.426016,12.526200,0.963751,0.273741,0.020439,0.002863,0.018909,-0.002136,0.037778,,,0.205692,-0.011989,-0.011989,0.166528,505330.000000,4301070.000000,0.015707
2015-05-29,14.030000,14.120000,13.850000,13.930000,717300,0.000000,0.000000,13.412519,13.498558,13.240441,13.316920,13.005744,13.105835,12.819804,,13.169522,13.095724,0.073798,0.027858,0.045940,57.155289,13.005744,13.463798,12.547690,0.839672,0.272625,0.020472,-0.005710,0.007231,0.031852,0.038778,,,0.153151,-0.017630,-0.017630,0.159867,476755.000000,9991989.000000,0.017321
2015-06-01,14.020000,14.500000,13.920000,14.440000,942500,0.000000,0.000000,13.402957,13.861831,13.307358,13.804471,13.054978,13.124764,12.840835,,13.267206,13.148243,0.118964,0.046079,0.072885,67.325338,13.054978,13.626499,12.483456,1.155700,0.292766,0.021208,0.036611,0.050947,0.084899,0.050947,,,0.185316,0.000000,0.000000,0.202331,475615.000000,13609700.000000,0.036005
2015-06-02,14.390000,14.390000,14.110000,14.140000,1228700,0.000000,0.000000,13.756672,13.756672,13.488995,13.517675,13.095607,13.135280,12.857565,,13.305740,13.175617,0.130123,0.062888,0.067235,58.524901,13.095607,13.677831,12.513383,0.862462,0.294389,0.021778,-0.020776,0.038179,0.054437,0.043543,,,0.203486,-0.020776,-0.020776,0.177352,507385.000000,17373818.000000,0.024141
2015-06-03,14.210000,14.340000,14.080000,14.330000,679700,0.000000,0.000000,13.584593,13.708871,13.460314,13.699311,13.145318,13.144266,12.874295,,13.366289,13.214421,0.151868,0.080684,0.071184,61.919883,13.145318,13.756220,12.534415,0.953422,0.291114,0.021250,0.013437,0.025769,0.078254,0.077444,,,0.202244,-0.007618,-0.007618,0.193172,491285.000000,9740101.000000,0.050851
2015-06-04,14.200000,14.400000,14.200000,14.340000,501400,0.000000,0.000000,13.575037,13.766234,13.575037,13.708876,13.198853,13.153635,12.891598,,13.418995,13.251058,0.167937,0.098134,0.069803,62.095839,13.198853,13.810285,12.587421,0.917072,0.283974,0.020715,0.000698,0.023555,0.079007,0.069352,,,0.202098,-0.006925,-0.006925,0.194005,487505.000000,7190076.000000,0.054037
2015-06-05,14.350000,14.570000,14.160000,14.520000,871300,0.000000,0.000000,13.718432,13.928749,13.536794,13.880950,13.252389,13.175049,12.912248,,13.490065,13.297729,0.192336,0.116975,0.075361,65.210229,13.252389,13.906558,12.598219,0.980427,0.291690,0.021014,0.012552,0.042354,0.098336,0.102506,,,0.201558,0.000000,0.000000,0.208992,509305.000000,12651276.000000,0.073872
2015-06-08,14.460000,14.500000,14.180000,14.260000,673900,0.000000,0.000000,13.823591,13.861831,13.555915,13.632394,13.295886,13.191874,12.930985,,13.511962,13.322525,0.189437,0.131467,0.057969,57.820001,13.295886,13.928212,12.663560,0.766087,0.294073,0.021572,-0.017906,-0.012465,0.064179,0.064974,,,0.212955,-0.017906,-0.017906,0.187344,519645.000000,9609814.000000,0.048952
2015-06-09,14.260000,14.310000,14.100000,14.270000,403900,0.000000,0.000000,13.632394,13.680194,13.479436,13.641954,13.339861,13.205449,12.950774,,13.531961,13.346192,0.185769,0.142327,0.043441,58.017077,13.339861,13.937356,12.742366,0.752799,0.287405,0.021068,0.000701,0.009194,0.068914,0.087652,,,0.211726,-0.017218,-0.017218,0.188177,523595.000000,5763653.000000,0.055947
2015-06-10,14.360000,14.600000,14.340000,14.560000,480200,0.000000,0.000000,13.727992,13.957430,13.708873,13.919190,13.388139,13.222275,12.975152,,13.591534,13.388645,0.202889,0.154440,0.048449,63.363001,13.388139,14.009782,12.766496,0.927135,0.289411,0.020792,0.020322,0.016050,0.090637,0.107224,,,0.219347,0.000000,0.000000,0.212323,522200.000000,6991712.000000,0.060471
2015-06-11,14.570000,14.570000,14.370000,14.470000,541300,0.000000,0.000000,13.928750,13.928750,13.737553,13.833152,13.427812,13.237188,12.995419,,13.628706,13.421578,0.207128,0.164977,0.042151,60.776509,13.427812,14.057052,12.798573,0.822087,0.282394,0.020414,-0.006181,0.009065,0.067897,0.111367,,,0.218527,-0.006181,-0.006181,0.204829,527505.000000,7832611.000000,0.072698
2015-06-12,14.460000,14.530000,14.330000,14.360000,428000,0.000000,0.000000,13.823589,13.890508,13.699311,13.727990,13.456014,13.249998,13.013487,,13.643981,13.444279,0.199701,0.171922,0.027779,57.677416,13.456014,14.086020,12.826008,0.715852,0.275878,0.020096,-0.007602,-0.011019,0.052786,0.089530,,,0.221272,-0.013736,-0.013736,0.195670,526590.000000,6146080.000000,0.052717
2015-06-15,14.210000,14.480000,14.010000,14.420000,544700,0.000000,0.000000,13.584592,13.842709,13.393395,13.785350,13.493775,13.257264,13.030503,,13.665730,13.469548,0.196182,0.176774,0.019408,58.908220,13.493775,14.106598,12.880953,0.737895,0.288269,0.020911,0.004178,0.011220,0.047204,0.081770,,,0.219915,-0.009616,-0.009616,0.200666,535505.000000,7854574.000000,0.061391
2015-06-16,14.410000,14.770000,14.330000,14.690000,612000,0.000000,0.000000,13.775792,14.119948,13.699313,14.043468,13.543009,13.267015,13.048476,,13.723843,13.512067,0.211776,0.183775,0.028002,63.984031,13.543009,14.166809,12.919209,0.901138,0.297726,0.021200,0.018724,0.029432,0.077769,0.111195,,,0.222059,0.000000,0.000000,0.223147,548235.000000,8990280.000000,0.087272
2015-06-17,14.700000,14.870000,14.620000,14.720000,660500,0.000000,0.000000,14.053028,14.215546,13.976549,14.072148,13.592720,13.277913,13.066926,,13.777429,13.553561,0.223868,0.191793,0.032075,64.508620,13.592720,14.218921,12.966519,0.882807,0.293530,0.020859,0.002042,0.010989,0.077599,0.105935,,,0.222072,0.000000,0.000000,0.225645,566580.000000,9722560.000000,0.089469
2015-06-18,14.760000,15.000000,14.690000,14.840000,562000,0.000000,0.000000,14.110388,14.339825,14.043468,14.186867,13.644821,13.291488,13.086237,,13.840419,13.600478,0.239941,0.201423,0.038518,66.603984,13.644821,14.287305,13.002338,0.921836,0.293732,0.020705,0.008152,0.025570,0.084795,0.103346,,,0.222448,0.000000,0.000000,0.235637,578800.000000,8340080.000000,0.075189
2015-06-19,14.890000,14.890000,14.530000,14.640000,721100,0.000000,0.000000,14.234668,14.234668,13.890512,13.995671,13.683539,13.302578,13.104210,,13.864304,13.629756,0.234549,0.208048,0.026501,60.222476,13.683539,14.311734,13.055344,0.748436,0.297334,0.021245,-0.013477,0.019499,0.064728,0.077263,,,0.230429,-0.013477,-0.013477,0.218984,601140.000000,10556904.000000,0.059242
2015-06-22,14.720000,14.790000,14.610000,14.720000,382500,0.000000,0.000000,14.072148,14.139067,13.966989,14.072148,13.730383,13.315579,13.121705,,13.896280,13.662529,0.233751,0.213189,0.020562,61.799119,13.730383,14.325277,13.135488,0.787249,0.288386,0.020493,0.005464,0.020805,0.064353,0.062049,,,0.230379,-0.008086,-0.008086,0.225645,606445.000000,5630400.000000,0.033512
2015-06-23,14.740000,14.870000,14.660000,14.860000,588300,0.000000,0.000000,14.091269,14.215548,14.014790,14.205988,13.789654,13.334125,13.136236,,13.943927,13.702790,0.241138,0.218778,0.022359,64.454460,13.789654,14.319424,13.259884,0.892939,0.282126,0.019860,0.009511,0.011573,0.081514,0.072924,,,0.228661,0.000000,0.000000,0.237302,614700.000000,8742138.000000,0.039817
2015-06-24,14.850000,15.040000,14.750000,14.910000,1107200,0.000000,0.000000,14.196427,14.378065,14.100828,14.253786,13.834585,13.354201,13.154495,,13.991598,13.743608,0.247990,0.224621,0.023369,65.379973,13.834585,14.361617,13.307554,0.897699,0.281777,0.019769,0.003365,0.012908,0.094714,0.112686,,,0.224076,0.000000,0.000000,0.241465,647675.000000,16508352.000000,0.062263
2015-06-25,14.960000,15.110000,14.900000,15.020000,860600,0.000000,0.000000,14.301586,14.444984,14.244226,14.358946,13.882863,13.370644,13.172563,,14.048113,13.789193,0.258920,0.231481,0.027440,67.391623,13.882863,14.416582,13.349144,0.946005,0.275989,0.019221,0.007378,0.012129,0.075161,0.122571,,,0.210740,0.000000,0.000000,0.250625,675355.000000,12926212.000000,0.071407
2015-06-26,15.000000,15.040000,14.740000,14.850000,1486000,0.000000,0.000000,14.339824,14.378064,14.091267,14.196426,13.926838,13.390146,13.186712,,14.070930,13.819361,0.251570,0.235498,0.016071,61.448968,13.926838,14.406404,13.447272,0.781075,0.276761,0.019495,-0.011318,0.014344,0.059957,0.095133,,,0.216948,-0.011318,-0.011318,0.236470,713790.000000,22067100.000000,0.056433
2015-06-29,14.740000,14.800000,14.500000,14.540000,867200,0.000000,0.000000,14.091266,14.148625,13.861829,13.900068,13.931618,13.407736,13.197992,,14.044644,13.825340,0.219304,0.232260,-0.012955,52.378634,13.931618,14.407943,13.455293,0.466882,0.280893,0.020208,-0.020876,-0.012228,0.043790,0.062865,,,0.230442,-0.031958,-0.031958,0.210658,710025.000000,12609088.000000,0.060636
2015-06-30,14.670000,14.700000,14.500000,14.570000,712500,0.000000,0.000000,14.024348,14.053028,13.861830,13.928749,13.952172,13.419591,13.207265,,14.026814,13.833000,0.193814,0.224571,-0.030757,53.100144,13.952172,14.386953,13.517390,0.473064,0.274485,0.019706,0.002063,-0.019516,0.009003,0.064280,,,0.193437,-0.029960,-0.029960,0.213156,684215.000000,10381125.000000,0.046735
2015-07-01,14.160000,14.460000,13.390000,14.210000,2719300,0.000000,0.000000,13.536796,13.823593,12.800685,13.584596,13.946436,13.427621,13.213384,,13.958780,13.814598,0.144182,0.208493,-0.064311,44.406042,13.946436,14.397967,13.494904,0.099319,0.335461,0.024694,-0.024708,-0.046948,0.004951,0.037984,,,0.199278,-0.053928,-0.053928,0.183181,786195.000000,38641253.000000,0.010754
2015-07-02,14.210000,14.210000,13.930000,14.020000,728300,0.000000,0.000000,13.584597,13.584597,13.316921,13.402960,13.931140,13.431063,13.217208,,13.873270,13.784105,0.089165,0.184627,-0.095462,40.625431,13.931140,14.434327,13.427953,-0.024835,0.330619,0.024668,-0.013371,-0.066578,-0.021633,-0.001424,,,0.198665,-0.066578,-0.066578,0.167361,797540.000000,10210766.000000,-0.026444
2015-07-06,13.890000,14.000000,13.650000,13.850000,826900,0.000000,0.000000,13.278677,13.383835,13.049239,13.240438,13.899114,13.433166,13.220649,,13.775911,13.743831,0.032080,0.154118,-0.122038,37.545292,13.899114,14.489694,13.308535,-0.057653,0.332269,0.025095,-0.012126,-0.067340,-0.034170,-0.023272,0.057252,,0.202246,-0.077896,-0.077896,0.153206,795320.000000,11452565.000000,-0.038447
2015-07-07,13.820000,13.920000,13.370000,13.750000,767400,0.000000,0.000000,13.211756,13.307355,12.781562,13.144837,13.874737,13.435651,13.222848,,13.678823,13.699459,-0.020636,0.119167,-0.139803,35.824654,13.874737,14.546362,13.203111,-0.043383,0.346093,0.026329,-0.007220,-0.054333,-0.053030,-0.028269,0.086098,,0.196354,-0.084554,-0.084554,0.144879,799995.000000,10551750.000000,-0.046034
2015-07-08,13.580000,13.620000,13.390000,13.540000,648400,0.000000,0.000000,12.982321,13.020560,12.800683,12.944081,13.839843,13.436990,13.221797,,13.565785,13.643502,-0.077717,0.079790,-0.157507,32.460472,13.839843,14.625264,13.054422,-0.070243,0.345955,0.026727,-0.015273,-0.070693,-0.050491,-0.041755,0.106209,,0.193951,-0.098535,-0.098535,0.127394,812220.000000,8779336.000000,-0.033461
2015-07-09,13.680000,13.710000,13.470000,13.570000,630400,0.000000,0.000000,13.077919,13.106599,12.877162,12.972760,13.792521,13.428004,13.222466,,13.474551,13.593815,-0.119264,0.039979,-0.159244,33.422320,13.792521,14.666829,12.918214,0.031194,0.337631,0.026026,0.002216,-0.045039,-0.049054,-0.034851,0.095238,,0.194326,-0.096538,-0.096538,0.129892,819730.000000,8554528.000000,-0.024365
2015-07-10,13.670000,13.800000,13.480000,13.750000,951300,0.000000,0.000000,13.068358,13.192637,12.886720,13.144837,13.758106,13.432783,13.227437,,13.423826,13.560556,-0.136731,0.004637,-0.141368,39.032658,13.758106,14.678645,12.837566,0.166897,0.335366,0.025513,0.013264,-0.019259,-0.055632,-0.020655,0.093004,,0.185291,-0.084554,-0.084554,0.144879,840230.000000,13080375.000000,-0.021000
2015-07-13,13.870000,13.930000,13.650000,13.900000,624200,0.000000,0.000000,13.259557,13.316917,13.049240,13.288237,13.736118,13.444064,13.231165,,13.402966,13.540384,-0.137418,-0.023774,-0.113644,43.319203,13.736118,14.680388,12.791848,0.262843,0.330531,0.024874,0.010909,0.003610,-0.039392,0.000720,0.109337,,0.190578,-0.074567,-0.074567,0.157369,850040.000000,8676380.000000,-0.015971
2015-07-14,13.900000,13.920000,13.790000,13.900000,387100,0.000000,0.000000,13.288237,13.307357,13.183078,13.288237,13.711262,13.453433,13.233077,,13.385315,13.521705,-0.136390,-0.046297,-0.090093,43.319203,13.711262,14.676024,12.746500,0.280762,0.315798,0.023765,0.000000,0.010909,-0.032033,0.002886,0.124595,,0.189500,-0.074567,-0.074567,0.157369,842160.000000,5380690.000000,-0.022751
2015-07-15,14.320000,14.370000,14.070000,14.230000,1243300,0.000000,0.000000,13.689752,13.737552,13.450755,13.603713,13.689275,13.471405,13.238048,,13.418915,13.527780,-0.108865,-0.058811,-0.050055,51.940555,13.689275,14.642129,12.736420,0.455102,0.325335,0.023915,0.023741,0.050960,-0.013176,0.004943,0.156910,,0.208069,-0.052597,-0.052597,0.184846,873725.000000,17692159.000000,-0.012602
2015-07-16,14.290000,14.340000,13.970000,14.170000,902500,0.000000,0.000000,13.661074,13.708873,13.355158,13.546355,13.662985,13.488231,13.245505,,13.438521,13.529156,-0.090635,-0.065176,-0.025460,50.438405,13.662985,14.600247,12.725723,0.437782,0.327362,0.024166,-0.004216,0.044215,-0.035398,0.024584,0.161476,,0.196127,-0.056591,-0.056591,0.179850,885825.000000,12788425.000000,-0.006445
2015-07-17,14.190000,14.240000,13.780000,13.950000,542400,0.000000,0.000000,13.565472,13.613271,13.173517,13.336035,13.620443,13.502188,13.250285,,13.422754,13.514851,-0.092097,-0.070560,-0.021537,45.268593,13.620443,14.534536,12.706351,0.344431,0.335391,0.025149,-0.015526,0.014545,-0.052310,0.024229,0.161532,,0.201342,-0.071239,-0.071239,0.161532,884845.000000,7566480.000000,-0.032207
2015-07-20,14.010000,14.090000,13.690000,13.740000,534900,0.000000,0.000000,13.393391,13.469870,13.087474,13.135274,13.577424,13.508689,13.252962,,13.378526,13.486733,-0.108207,-0.078089,-0.030118,40.953520,13.577424,14.498123,12.656724,0.259884,0.338748,0.025789,-0.015054,-0.011511,-0.074124,-0.015054,0.112550,,0.201950,-0.085220,-0.085220,0.144046,875535.000000,7349526.000000,-0.059954
2015-07-21,13.700000,13.900000,13.580000,13.620000,591700,0.000000,0.000000,13.097041,13.288239,12.982323,13.020562,13.524844,13.513851,13.254109,,13.323455,13.452201,-0.128746,-0.088221,-0.040526,38.684480,13.524844,14.446692,12.602997,0.226483,0.336403,0.025836,-0.008733,-0.020144,-0.069672,-0.012328,0.092221,,0.199678,-0.093209,-0.093209,0.134055,885995.000000,8058954.000000,-0.051023
2015-07-22,13.490000,13.570000,13.280000,13.500000,853400,0.000000,0.000000,12.896282,12.972761,12.695524,12.905842,13.459837,13.516719,13.254969,,13.259207,13.411729,-0.152522,-0.101081,-0.051441,36.506111,13.459837,14.362611,12.557063,0.193171,0.335591,0.026003,-0.008811,-0.051300,-0.082880,-0.024567,0.068038,,0.197846,-0.101199,-0.101199,0.124063,899250.000000,11520900.000000,-0.051696
2015-07-23,13.570000,13.710000,13.270000,13.370000,1129400,0.000000,0.000000,12.972760,13.106599,12.685965,12.781563,13.386226,13.513277,13.251432,,13.185723,13.365049,-0.179326,-0.116730,-0.062596,34.255657,13.386226,14.255900,12.516552,0.152362,0.341666,0.026731,-0.009630,-0.056457,-0.100269,-0.026928,0.043716,,0.192366,-0.109854,-0.109854,0.113239,900360.000000,15100078.000000,-0.044798
2015-07-24,13.330000,13.550000,13.160000,13.210000,828100,0.000000,0.000000,12.743325,12.953643,12.580807,12.628607,13.299709,13.505056,13.248182,,13.100013,13.310497,-0.210484,-0.135481,-0.075003,31.668154,13.299709,14.103735,12.495682,0.082662,0.343892,0.027231,-0.011967,-0.053046,-0.114017,-0.030103,0.032838,,0.191346,-0.120506,-0.120506,0.099917,898735.000000,10939201.000000,-0.029425
2015-07-27,13.010000,13.310000,12.950000,13.200000,374400,0.000000,0.000000,12.437406,12.724203,12.380046,12.619043,13.220840,13.494157,13.247226,,13.026018,13.259277,-0.233260,-0.155036,-0.078223,31.507894,13.220840,13.961462,12.480218,0.093722,0.343911,0.027253,-0.000757,-0.039301,-0.121172,-0.020045,0.029641,,0.186362,-0.121172,-0.121172,0.099084,843155.000000,4942080.000000,-0.015999
2015-07-28,13.190000,13.270000,12.960000,13.270000,802800,0.000000,0.000000,12.609486,12.685966,12.389609,12.685966,13.160135,13.487274,13.245887,,12.973702,13.216809,-0.243107,-0.172651,-0.070456,34.023891,13.160135,13.864484,12.455785,0.163399,0.340515,0.026842,0.005303,-0.025698,-0.106397,-0.054843,0.039969,,0.189331,-0.116511,-0.116511,0.104913,839935.000000,10653156.000000,-0.061527
2015-07-29,13.280000,13.460000,13.130000,13.410000,662700,0.000000,0.000000,12.695522,12.867600,12.552124,12.819800,13.104687,13.482494,13.248182,,12.950025,13.187400,-0.237376,-0.185596,-0.051780,38.860771,13.104687,13.723699,12.485676,0.269885,0.338726,0.026422,0.010550,-0.006667,-0.077717,-0.006667,0.040341,,0.187995,-0.107191,-0.107191,0.116569,837445.000000,8886807.000000,-0.024202
2015-07-30,13.900000,15.070000,13.160000,14.730000,2084100,0.000000,0.000000,13.288237,14.406743,12.580806,14.081707,13.129543,13.502570,13.260992,,13.124130,13.253646,-0.129517,-0.174380,0.044863,64.951755,13.129543,13.859645,12.399441,1.152076,0.444958,0.031598,0.098434,0.101720,0.010981,0.106687,0.104198,,0.401220,-0.019308,-0.019308,0.226478,805685.000000,30698793.000000,0.068770
2015-07-31,14.800000,15.200000,14.630000,14.820000,1330900,0.000000,0.000000,14.148627,14.531022,13.986109,14.167747,13.167782,13.523028,13.277244,,13.284686,13.321358,-0.036672,-0.146838,0.110166,66.016621,13.167782,14.026894,12.308670,1.081976,0.452097,0.031910,0.006110,0.121877,0.042927,0.105146,0.140000,,0.390584,-0.013316,-0.013316,0.233972,835815.000000,19723938.000000,0.080594
2015-08-03,14.870000,14.870000,14.540000,14.710000,914900,0.000000,0.000000,14.215547,14.215547,13.900071,14.062589,13.208890,13.539854,13.292157,,13.404364,13.376265,0.028099,-0.111851,0.139949,63.478109,13.208890,14.156735,12.261044,0.950337,0.442339,0.031455,-0.007422,0.114394,0.049215,0.106847,0.120335,,0.388117,-0.020639,-0.020639,0.224813,840215.000000,13458179.000000,0.087223
2015-08-04,14.750000,14.810000,14.480000,14.500000,952500,0.000000,0.000000,14.100829,14.158188,13.842711,13.861832,13.244739,13.554385,13.306306,,13.474743,13.412233,0.062510,-0.076979,0.139489,58.827406,13.244739,14.235643,12.253836,0.811379,0.433277,0.031257,-0.014276,0.092690,0.046932,0.091045,0.084518,,0.389212,-0.034621,-0.034621,0.207327,849470.000000,13811250.000000,0.057393
2015-08-05,14.620000,14.800000,14.620000,14.670000,871900,0.000000,0.000000,13.976548,14.148626,13.976548,14.024347,13.298753,13.574460,13.320550,,13.559298,13.457576,0.101722,-0.041239,0.142961,61.299252,13.298753,14.337276,12.260229,0.849339,0.422814,0.030149,0.011724,0.093960,0.066909,0.109682,0.098054,,0.388808,-0.023302,-0.023302,0.221482,860645.000000,12790773.000000,0.064902
2015-08-06,14.740000,14.770000,14.500000,14.720000,880700,0.000000,0.000000,14.091268,14.119948,13.861831,14.072148,13.353722,13.588800,13.333838,,13.638198,13.503100,0.135098,-0.005971,0.141069,62.021489,13.353722,14.435092,12.272353,0.832183,0.411049,0.029210,0.003408,-0.000679,0.087149,0.098507,0.082353,,0.382867,-0.019973,-0.019973,0.225645,873160.000000,12963904.000000,0.076083
2015-08-07,14.590000,14.780000,14.580000,14.680000,410100,0.000000,0.000000,13.947870,14.129507,13.938310,14.033909,13.398176,13.601610,13.347796,,13.699076,13.542419,0.156657,0.026554,0.130103,61.040126,13.398176,14.515876,12.280475,0.784393,0.395345,0.028171,-0.002717,-0.009447,0.081798,0.099625,0.081798,,0.383578,-0.022637,-0.022637,0.222315,846100.000000,6020268.000000,0.091633
2015-08-10,14.810000,14.890000,14.700000,14.750000,1055600,0.000000,0.000000,14.158185,14.234664,14.053026,14.100825,13.438805,13.617288,13.361562,,13.760884,13.583783,0.177101,0.056664,0.120437,62.168238,13.438805,14.597986,12.279624,0.785555,0.381446,0.027051,0.004768,0.002719,0.072727,0.104869,0.082966,,0.382124,-0.017976,-0.017976,0.228143,867670.000000,15570100.000000,0.083195
2015-08-11,14.590000,14.780000,14.550000,14.700000,802900,0.000000,0.000000,13.947867,14.129504,13.909627,14.053025,13.477044,13.622260,13.373512,,13.805829,13.618542,0.187287,0.082788,0.104498,60.813616,13.477044,14.665402,12.288687,0.742343,0.369905,0.026322,-0.003390,0.013793,0.057554,0.084871,0.089696,,0.381893,-0.021305,-0.021305,0.223980,888460.000000,11802630.000000,0.072693
2015-08-12,14.630000,14.780000,14.490000,14.680000,674100,0.000000,0.000000,13.986109,14.129507,13.852271,14.033909,13.498554,13.632584,13.383932,,13.840918,13.649310,0.191608,0.104552,0.087056,60.248227,13.498554,14.711877,12.285231,0.720615,0.363286,0.025886,-0.001360,0.000682,0.056115,0.076246,0.085799,,0.382054,-0.022637,-0.022637,0.222315,860000.000000,9895788.000000,0.063660
2015-08-13,14.650000,14.780000,14.410000,14.440000,392400,0.000000,0.000000,14.005229,14.129507,13.775792,13.804471,13.511460,13.634687,13.389477,,13.835311,13.660804,0.174507,0.118543,0.055964,53.784847,13.511460,14.732391,12.290529,0.619995,0.362602,0.026267,-0.016349,-0.019022,0.014758,0.048656,0.057876,,0.379686,-0.038615,-0.038615,0.202331,834495.000000,5666256.000000,0.052070
2015-08-14,14.380000,14.510000,14.270000,14.450000,488200,0.000000,0.000000,13.747111,13.871389,13.641952,13.814030,13.535360,13.636791,13.395213,,13.832037,13.672154,0.159883,0.126811,0.033072,54.006231,13.535360,14.760538,12.310182,0.613726,0.353090,0.025560,0.000692,-0.015668,0.019760,0.060161,0.070370,,0.379224,-0.037950,-0.037950,0.203164,831785.000000,7054490.000000,0.060171
2015-08-17,14.370000,14.760000,14.310000,14.710000,637200,0.000000,0.000000,13.737553,14.110388,13.680194,14.062589,13.581726,13.640423,13.407736,,13.867506,13.701075,0.166431,0.134735,0.031696,59.446185,13.581726,14.813323,12.350128,0.695219,0.358598,0.025500,0.017993,-0.002712,0.054481,0.076867,0.111867,,0.378383,-0.020639,-0.020639,0.224813,836900.000000,9373212.000000,0.074256
2015-08-18,14.720000,14.750000,14.450000,14.470000,530300,0.000000,0.000000,14.072149,14.100828,13.814032,13.833152,13.622355,13.644438,13.418156,,13.862221,13.710859,0.151362,0.138061,0.013302,53.192123,13.622355,14.829374,12.415337,0.587321,0.353469,0.025552,-0.016315,-0.015646,0.053130,0.057749,0.071058,,0.379156,-0.036618,-0.036618,0.204829,833830.000000,7673441.000000,0.059855
2015-08-19,14.400000,14.560000,14.280000,14.330000,529000,0.000000,0.000000,13.766230,13.919189,13.651512,13.699311,13.662028,13.645586,13.425517,,13.837158,13.710003,0.127155,0.135879,-0.008725,49.894498,13.662028,14.821093,12.502964,0.516083,0.347341,0.025355,-0.009675,-0.023842,0.052129,0.042182,0.045985,,0.379529,-0.045939,-0.045939,0.193172,817610.000000,7580570.000000,0.052571
2015-08-20,14.210000,14.380000,13.800000,13.820000,433300,0.000000,0.000000,13.584596,13.747114,13.192641,13.211761,13.683538,13.631437,13.426856,,13.740943,13.673096,0.067847,0.122273,-0.054426,40.133836,13.683538,14.788509,12.578567,0.286520,0.362136,0.027410,-0.035589,-0.042936,0.023704,-0.000723,0.008023,,0.400503,-0.079893,-0.079893,0.150708,782805.000000,5988206.000000,0.041176
2015-08-21,13.590000,14.060000,13.570000,13.720000,462700,0.000000,0.000000,12.991882,13.441197,12.972762,13.116160,13.707916,13.617097,13.427143,,13.644823,13.631842,0.012981,0.100415,-0.087433,38.541681,13.707916,14.733557,12.682275,0.211519,0.369729,0.028189,-0.007236,-0.050519,0.026178,-0.001455,0.024645,,0.399757,-0.086551,-0.086551,0.142381,764535.000000,6348244.000000,0.073863
2015-08-24,13.040000,13.780000,13.010000,13.260000,1105800,0.000000,0.000000,12.466090,13.173521,12.437411,12.676408,13.710784,13.596066,13.423032,,13.495836,13.561068,-0.065233,0.067285,-0.132518,32.211507,13.710784,14.723848,12.697721,-0.010519,0.395899,0.031231,-0.033527,-0.098572,0.003785,-0.026432,-0.014126,,0.415586,-0.117177,-0.117177,0.104080,801105.000000,14662908.000000,0.074209
2015-08-25,13.630000,13.630000,13.060000,13.080000,650000,0.000000,0.000000,13.030122,13.030122,12.485208,12.504328,13.701702,13.570445,13.413854,,13.343296,13.482791,-0.139495,0.025929,-0.165424,30.126350,13.701702,14.755872,12.647533,-0.067923,0.406543,0.032512,-0.013575,-0.096061,-0.009091,-0.063708,-0.028232,,0.418435,-0.129161,-0.129161,0.089092,793465.000000,8502000.000000,0.053807
2015-08-26,13.350000,13.540000,13.140000,13.470000,693400,0.000000,0.000000,12.762442,12.944079,12.561684,12.877160,13.704570,13.547119,13.407067,,13.271583,13.437929,-0.166347,-0.012526,-0.153820,39.295262,13.704570,14.748904,12.660237,0.103857,0.408915,0.031755,0.029816,-0.060014,0.015071,-0.038544,-0.002222,,0.430867,-0.103196,-0.103196,0.121565,795000.000000,9340098.000000,0.040004
2015-08-27,13.620000,13.840000,13.460000,13.680000,735000,0.000000,0.000000,13.020561,13.230879,12.867603,13.077921,13.654381,13.527234,13.402574,,13.241789,13.411262,-0.169473,-0.043915,-0.125558,43.587929,13.654381,14.718690,12.590072,0.229186,0.405655,0.031018,0.015590,-0.010130,0.020135,-0.017947,0.020135,,0.432617,-0.089214,-0.089214,0.139051,727545.000000,10054800.000000,0.032806
2015-08-28,13.530000,13.750000,13.530000,13.700000,699200,0.000000,0.000000,12.934524,13.144842,12.934524,13.097042,13.600846,13.505438,13.398463,,13.219520,13.387986,-0.168466,-0.068826,-0.099641,43.994143,13.600846,14.664142,12.537550,0.263093,0.391703,0.029908,0.001462,-0.001458,-0.069925,-0.051246,-0.002911,,0.250223,-0.087883,-0.087883,0.140716,695960.000000,9579040.000000,-0.001155
2015-08-31,13.700000,13.780000,13.610000,13.730000,736200,0.000000,0.000000,13.097040,13.173519,13.011001,13.125719,13.554002,13.488039,13.395308,,13.205089,13.368559,-0.163470,-0.087755,-0.075715,44.638017,13.554002,14.614191,12.493814,0.298015,0.375332,0.028595,0.002190,0.035445,-0.073549,-0.028996,0.013284,,0.248724,-0.085886,-0.085886,0.143214,687025.000000,10108026.000000,0.030102
2015-09-01,13.500000,13.680000,13.280000,13.320000,829500,0.000000,0.000000,12.905842,13.077920,12.695524,12.733764,13.497599,13.461271,13.388425,,13.132578,13.321537,-0.188960,-0.107996,-0.080964,38.177559,13.497599,14.607687,12.387511,0.155957,0.379251,0.029783,-0.029862,0.018349,-0.094494,-0.070481,0.001504,,0.264794,-0.113183,-0.113183,0.109076,680875.000000,11048940.000000,0.020342
2015-09-02,13.500000,13.500000,13.260000,13.450000,387000,0.000000,0.000000,12.905843,12.905843,12.676406,12.858044,13.439284,13.434312,13.384219,,13.090342,13.287204,-0.196863,-0.125769,-0.071094,41.088978,13.439284,14.555382,12.323186,0.239611,0.368550,0.028663,0.009760,-0.001484,-0.072414,-0.062064,0.002983,,0.266791,-0.104527,-0.104527,0.119900,656630.000000,5205150.000000,-0.000959
2015-09-03,13.500000,13.800000,13.500000,13.560000,478000,0.000000,0.000000,12.905840,13.192637,12.905840,12.963200,13.383836,13.408501,13.381351,,13.070781,13.263204,-0.192423,-0.139100,-0.053323,43.512936,13.383836,14.477513,12.290160,0.307696,0.366124,0.028243,0.008178,-0.008772,-0.075665,-0.066116,0.029613,,0.264525,-0.097204,-0.097204,0.129059,636495.000000,6481680.000000,-0.000029
2015-09-04,13.370000,13.540000,13.290000,13.340000,296200,0.000000,0.000000,12.781566,12.944084,12.705087,12.752887,13.319785,13.376379,13.373512,,13.021875,13.225403,-0.203528,-0.151985,-0.051543,39.970629,13.319785,14.403158,12.236413,0.238364,0.358409,0.028104,-0.016224,-0.026277,-0.093750,-0.064516,-0.003734,,0.266698,-0.111851,-0.111851,0.110741,630800.000000,3951308.000000,0.002735
2015-09-08,13.510000,13.810000,13.390000,13.750000,680000,0.000000,0.000000,12.915400,13.202197,12.800682,13.144837,13.271986,13.355348,13.372747,,13.040792,13.219435,-0.178643,-0.157317,-0.021326,48.401195,13.271986,14.292816,12.251156,0.437723,0.364902,0.027760,0.030734,0.001457,-0.063352,-0.036440,0.048018,,0.293417,-0.084554,-0.084554,0.144879,612020.000000,9350000.000000,0.003836
2015-09-09,13.780000,13.920000,13.590000,13.650000,511100,0.000000,0.000000,13.173518,13.307356,12.991880,13.049239,13.221797,13.338331,13.373034,,13.042091,13.206828,-0.164736,-0.158801,-0.005935,46.679248,13.221797,14.177573,12.266021,0.409729,0.361372,0.027693,-0.007273,0.024775,-0.074576,-0.062500,0.038023,,0.292390,-0.091212,-0.091212,0.136553,597430.000000,6976515.000000,0.000565
2015-09-10,13.630000,13.800000,13.520000,13.540000,394000,0.000000,0.000000,13.030120,13.192638,12.924962,12.944081,13.167305,13.318638,13.369114,,13.027013,13.187365,-0.160352,-0.159111,-0.001241,44.791528,13.167305,14.049572,12.285038,0.373494,0.354679,0.027401,-0.008059,0.006691,-0.078911,-0.064271,0.039938,,0.292811,-0.098535,-0.098535,0.127394,583425.000000,5334760.000000,-0.007949
2015-09-11,13.470000,13.510000,13.250000,13.430000,463600,0.000000,0.000000,12.877164,12.915403,12.666846,12.838924,13.119028,13.303724,13.365673,,12.998076,13.161554,-0.163478,-0.159984,-0.003494,42.922238,13.119028,13.959155,12.278901,0.333297,0.349147,0.027194,-0.008124,-0.009587,-0.085150,-0.064763,0.018968,,0.293054,-0.105859,-0.105859,0.118235,586985.000000,6226148.000000,-0.019474
2015-09-14,13.450000,13.520000,13.300000,13.470000,453400,0.000000,0.000000,12.858040,12.924960,12.714642,12.877160,13.072184,13.293208,13.362135,,12.979474,13.140488,-0.161014,-0.160190,-0.000824,43.839993,13.072184,13.851415,12.292954,0.374861,0.339231,0.026344,0.002978,0.009745,-0.067175,-0.065881,0.010502,,0.290484,-0.103196,-0.103196,0.121565,585245.000000,6107298.000000,-0.021306
2015-09-15,13.520000,13.740000,13.520000,13.730000,327300,0.000000,0.000000,12.924962,13.135279,12.924962,13.125719,13.025341,13.290914,13.362040,,13.001973,13.139394,-0.137421,-0.155637,0.018215,49.522024,13.025341,13.651487,12.399195,0.580156,0.333437,0.025403,0.019302,-0.001454,-0.049827,-0.065351,0.038578,,0.300561,-0.085886,-0.085886,0.143214,569750.000000,4493829.000000,-0.026773
2015-09-16,13.740000,13.790000,13.640000,13.750000,301800,0.000000,0.000000,13.135277,13.183077,13.039679,13.144837,12.990925,13.290914,13.363283,,13.023952,13.139797,-0.115845,-0.147678,0.031833,49.941543,12.990925,13.493615,12.488235,0.653088,0.319863,0.024334,0.001457,0.007326,-0.065262,-0.065897,0.033058,,0.291854,-0.084554,-0.084554,0.144879,558325.000000,4149750.000000,-0.031219
2015-09-17,13.700000,13.930000,13.650000,13.770000,367000,0.000000,0.000000,13.097041,13.316918,13.049241,13.163960,12.964158,13.295311,13.366151,,13.045492,13.141587,-0.096095,-0.137362,0.041266,50.385719,12.964158,13.351893,12.576422,0.757653,0.316135,0.024015,0.001455,0.016987,-0.048376,-0.072102,0.023792,,0.288143,-0.083222,-0.083222,0.146545,550225.000000,5053590.000000,-0.025540
2015-09-18,13.540000,13.720000,13.460000,13.540000,746400,0.000000,0.000000,12.944081,13.116159,12.867602,12.944081,12.950774,13.294738,13.361371,,13.029890,13.126957,-0.097067,-0.129303,0.032236,45.397749,12.950774,13.320588,12.580959,0.490951,0.314723,0.024314,-0.016703,0.008190,-0.055129,-0.075137,-0.003680,,0.291449,-0.098535,-0.098535,0.127394,565880.000000,10106256.000000,-0.018508
2015-09-21,13.620000,13.710000,13.500000,13.590000,335300,0.000000,0.000000,13.020565,13.106604,12.905846,12.991885,12.944560,13.291679,13.362231,,13.024043,13.116952,-0.092909,-0.122024,0.029115,46.634666,12.944560,13.306772,12.582348,0.565328,0.306582,0.023598,0.003693,0.008909,-0.016642,-0.076766,-0.019480,,0.265969,-0.095206,-0.095206,0.131557,559510.000000,4556727.000000,-0.013704
2015-09-22,13.420000,13.440000,13.250000,13.290000,359300,0.000000,0.000000,12.829369,12.848488,12.666851,12.705091,12.945994,13.280016,13.362040,,12.974974,13.086443,-0.111470,-0.119913,0.008443,40.680667,12.945994,13.303938,12.588050,0.163491,0.307900,0.024234,-0.022075,-0.032046,-0.031341,-0.105652,-0.040433,,0.275389,-0.115179,-0.115179,0.106578,522185.000000,4775097.000000,-0.027481
2015-09-23,13.250000,13.300000,13.040000,13.120000,480100,0.000000,0.000000,12.666846,12.714645,12.466088,12.542567,12.947906,13.265103,13.359268,,12.908449,13.046156,-0.137707,-0.123472,-0.014235,37.740074,12.947906,13.296195,12.599617,-0.081900,0.303662,0.024210,-0.012792,-0.045818,-0.010558,-0.120054,-0.020896,,0.253369,-0.126498,-0.126498,0.092423,513690.000000,6298912.000000,-0.047886
2015-09-24,12.950000,13.070000,12.630000,13.050000,969800,0.000000,0.000000,12.380050,12.494768,12.074134,12.475649,12.927830,13.242541,13.356973,,12.841865,13.003896,-0.162032,-0.131184,-0.030848,36.567992,12.927830,13.334656,12.521004,-0.055743,0.315431,0.025284,-0.005335,-0.052288,-0.002294,-0.131158,-0.024663,,0.249543,-0.131158,-0.131158,0.086595,527510.000000,12655890.000000,-0.057274
2015-09-25,13.240000,13.240000,12.870000,12.930000,482300,0.000000,0.000000,12.657285,12.657285,12.303570,12.360929,12.891981,13.218833,13.353532,,12.767875,12.956269,-0.188395,-0.142626,-0.045769,34.584988,12.891981,13.364222,12.419739,-0.062267,0.318166,0.025740,-0.009196,-0.045052,-0.040089,-0.129293,-0.046460,,0.226342,-0.139148,-0.139148,0.076603,514875.000000,6236139.000000,-0.051740
2015-09-28,12.870000,12.980000,12.840000,12.880000,431900,0.000000,0.000000,12.303570,12.408729,12.274891,12.313130,12.852785,13.198375,13.350281,,12.697914,12.908629,-0.210715,-0.156244,-0.054471,33.763438,12.852785,13.380261,12.325309,-0.011544,0.304999,0.024770,-0.003867,-0.052245,-0.058480,-0.114168,-0.058480,,0.217307,-0.142477,-0.142477,0.072440,501510.000000,5562872.000000,-0.030573
2015-09-29,12.870000,13.020000,12.830000,12.960000,562400,0.000000,0.000000,12.303570,12.446969,12.265331,12.389609,12.815980,13.183461,13.346075,,12.650482,12.870183,-0.219701,-0.168935,-0.050766,36.367971,12.815980,13.365534,12.266426,0.112076,0.296188,0.023906,0.006211,-0.024831,-0.054015,-0.110501,-0.053324,,0.219089,-0.137151,-0.137151,0.079101,492820.000000,7288704.000000,-0.016344
2015-09-30,13.080000,13.300000,13.060000,13.190000,719500,0.000000,0.000000,12.504328,12.714646,12.485209,12.609487,12.809766,13.175240,13.344545,,12.644175,12.850872,-0.206697,-0.176488,-0.030209,43.274144,12.809766,13.366004,12.253528,0.319970,0.298248,0.023653,0.017747,0.005335,-0.039330,-0.071780,-0.036523,,0.229701,-0.121838,-0.121838,0.098252,487320.000000,9490205.000000,0.006606
2015-10-01,13.210000,13.260000,12.670000,12.980000,563900,0.000000,0.000000,12.628605,12.676405,12.112372,12.408728,12.787300,13.165298,13.341008,,12.607953,12.818121,-0.210168,-0.183224,-0.026945,39.101312,12.787300,13.370947,12.203653,0.175684,0.317233,0.025565,-0.015921,-0.005364,-0.025526,-0.074180,-0.075499,,0.212697,-0.135819,-0.135819,0.080766,496165.000000,7319422.000000,0.002105
2015-10-02,12.860000,13.310000,12.700000,13.300000,375000,0.000000,0.000000,12.294009,12.724205,12.141051,12.714644,12.774872,13.163959,13.338618,,12.624367,12.810456,-0.186089,-0.183797,-0.002292,47.421323,12.774872,13.353311,12.196434,0.447939,0.336227,0.026444,0.024653,0.028616,-0.011153,-0.039711,-0.062059,,0.228023,-0.114514,-0.114514,0.107410,491015.000000,4987500.000000,0.017213
2015-10-05,13.380000,13.740000,13.340000,13.730000,553900,0.000000,0.000000,12.791124,13.135279,12.752884,13.125719,12.793514,13.173901,13.339479,,12.701498,12.833809,-0.132311,-0.173500,0.041189,56.100509,12.793514,13.392630,12.194397,0.777246,0.342257,0.026075,0.032331,0.065994,0.012537,-0.001454,-0.029682,,0.253452,-0.085886,-0.085886,0.143214,503900.000000,7605047.000000,0.041808
2015-10-06,13.730000,13.800000,13.550000,13.770000,953300,0.000000,0.000000,13.125720,13.192640,12.953643,13.163960,12.794470,13.184800,13.339479,,12.772646,12.858264,-0.085619,-0.155923,0.070305,56.814674,12.794470,13.396003,12.192936,0.807123,0.334881,0.025439,0.002913,0.062500,0.032234,0.016987,-0.025477,,0.245895,-0.083222,-0.083222,0.146545,517565.000000,13126941.000000,0.049860
2015-10-07,13.780000,13.980000,13.650000,13.880000,829800,0.000000,0.000000,13.173518,13.364716,13.049240,13.269117,12.805464,13.196463,13.341869,,12.849026,12.888698,-0.039672,-0.132673,0.093001,58.799555,12.805464,13.434032,12.176895,0.868817,0.333495,0.025133,0.007988,0.052312,0.009455,0.022845,-0.012802,,0.223579,-0.075899,-0.075899,0.155703,533500.000000,11517624.000000,0.049508
2015-10-08,13.800000,13.900000,13.720000,13.840000,652600,0.000000,0.000000,13.192639,13.288238,13.116160,13.230879,12.819804,13.204684,13.343589,,12.907773,12.914045,-0.006272,-0.107393,0.101121,57.759954,12.819804,13.474241,12.165367,0.814068,0.321965,0.024334,-0.002882,0.066256,0.013920,0.006546,-0.014245,,0.222158,-0.078562,-0.078562,0.152373,546430.000000,9031984.000000,0.043945
2015-10-09,13.780000,13.960000,13.700000,13.920000,515000,0.000000,0.000000,13.173518,13.345596,13.097039,13.307357,12.843225,13.189197,13.345884,,12.969247,12.943179,0.026068,-0.080701,0.106769,59.309525,12.843225,13.533113,12.153338,0.836382,0.316722,0.023800,0.005780,0.046617,0.028065,0.001439,0.002160,,0.220409,-0.073236,-0.073236,0.159034,549000.000000,7168800.000000,0.048967
2015-10-12,13.950000,13.950000,13.560000,13.820000,228300,0.000000,0.000000,13.336039,13.336039,12.963204,13.211761,12.859955,13.170078,13.346553,,13.006557,12.963074,0.043483,-0.055864,0.099347,56.518488,12.859955,13.569263,12.150648,0.747992,0.320730,0.024276,-0.007184,0.006555,0.029040,-0.005755,-0.002886,,0.219920,-0.079893,-0.079893,0.150708,537745.000000,3155106.000000,0.046401
2015-10-13,13.750000,13.920000,13.590000,13.680000,365200,0.000000,0.000000,13.144840,13.307358,12.991882,13.077921,12.857566,13.150384,13.345119,,13.017536,12.971581,0.045955,-0.035500,0.081455,52.774004,12.857566,13.563417,12.151714,0.656092,0.320354,0.024496,-0.010130,-0.006536,0.015590,-0.038651,-0.033898,,0.223436,-0.089214,-0.089214,0.139051,539640.000000,4995936.000000,0.020642
2015-10-14,13.670000,13.990000,13.640000,13.810000,288300,0.000000,0.000000,13.068360,13.374276,13.039681,13.202199,12.860434,13.137192,13.345788,,13.045946,12.988664,0.057282,-0.016944,0.074226,55.708382,12.860434,13.571645,12.149222,0.740270,0.321372,0.024342,0.009503,-0.005043,0.005827,-0.025406,-0.001446,,0.215672,-0.080559,-0.080559,0.149875,538965.000000,3981423.000000,0.048256
2015-10-15,13.850000,14.000000,13.740000,13.990000,304700,0.000000,0.000000,13.240438,13.383836,13.135279,13.374276,12.870949,13.124190,13.349325,,13.096458,13.017228,0.079230,0.002291,0.076939,59.464061,12.870949,13.606848,12.135051,0.841981,0.316171,0.023640,0.013034,0.010838,0.017455,0.002867,0.027166,,0.220095,-0.068575,-0.068575,0.164863,535850.000000,4262753.000000,0.068133
2015-10-16,14.000000,14.000000,13.110000,13.950000,319800,0.000000,0.000000,13.383834,13.383834,12.533005,13.336035,12.890547,13.109468,13.349134,13.074049,13.133316,13.040843,0.092473,0.020327,0.072146,58.281326,12.890547,13.654970,12.126125,0.791388,0.354360,0.026572,-0.002859,0.002155,0.013072,0.015284,0.000000,,0.220469,-0.071239,-0.071239,0.161532,514520.000000,4461210.000000,0.078932
2015-10-19,13.880000,14.010000,13.780000,13.960000,495000,0.000000,0.000000,13.269117,13.393396,13.173518,13.345596,12.908233,13.095702,13.348656,13.078159,13.165975,13.063417,0.102557,0.036773,0.065784,58.503556,12.908233,13.698458,12.118007,0.776733,0.344755,0.025833,0.000717,0.010130,0.031019,0.024963,0.012328,,0.211196,-0.070573,-0.070573,0.162365,522505.000000,6910200.000000,0.083074
2015-10-20,13.950000,14.020000,13.800000,14.020000,663600,0.000000,0.000000,13.336040,13.402960,13.192642,13.402960,12.943126,13.081744,13.349516,13.084660,13.202434,13.088569,0.113865,0.052192,0.061673,59.884281,12.943126,13.756864,12.129388,0.782544,0.335152,0.025006,0.004298,0.024854,0.031641,0.038519,0.013006,,0.211284,-0.066578,-0.066578,0.167361,537720.000000,9303672.000000,0.094747
2015-10-21,14.000000,14.320000,13.880000,13.890000,1248700,0.000000,0.000000,13.383835,13.689751,13.269117,13.278677,12.979932,13.066257,13.344258,13.092547,13.214164,13.102651,0.111513,0.064056,0.047457,55.570134,12.979932,13.783916,12.175947,0.685790,0.341258,0.025700,-0.009273,0.005793,0.045146,0.038893,0.010917,,0.197434,-0.075233,-0.075233,0.156536,576150.000000,17344443.000000,0.098408
2015-10-22,14.060000,14.070000,12.580000,12.950000,1511800,0.000000,0.000000,13.441198,13.450758,12.026335,12.380051,12.975152,13.033180,13.332882,13.095224,13.085839,13.049125,0.036714,0.058587,-0.021874,35.599911,12.975152,13.792781,12.157522,0.136082,0.418627,0.033815,-0.067674,-0.074339,-0.012957,-0.019682,-0.049192,,0.309563,-0.137816,-0.137816,0.078268,603250.000000,19577810.000000,0.013447
2015-10-23,12.910000,13.020000,12.580000,12.820000,1111600,0.000000,0.000000,12.341812,12.446971,12.026336,12.255773,12.969894,13.002206,13.318447,13.096371,12.958136,12.990358,-0.032222,0.040426,-0.072648,33.791295,12.969894,13.805313,12.134475,0.072597,0.418770,0.034169,-0.010039,-0.081003,-0.017624,-0.028787,-0.048255,,0.310927,-0.146471,-0.146471,0.067444,634715.000000,14250712.000000,-0.027216
2015-10-26,12.750000,13.620000,12.560000,12.610000,1119800,0.000000,0.000000,12.188849,13.020559,12.007212,12.055011,12.956988,12.967026,13.301908,13.096753,12.819194,12.921073,-0.101879,0.011965,-0.113844,31.047243,12.956988,13.841651,12.072325,-0.009786,0.461240,0.038261,-0.016381,-0.096705,-0.024749,-0.049736,-0.101852,,0.314389,-0.160453,-0.160453,0.049958,669110.000000,14120678.000000,-0.039026
2015-10-27,12.510000,12.660000,12.360000,12.370000,795700,0.000000,0.000000,11.959415,12.102812,11.816016,11.825576,12.928786,12.922286,13.281354,13.096801,12.666330,12.839925,-0.173596,-0.025147,-0.148448,28.226241,12.928786,13.919241,11.938332,-0.056921,0.448780,0.037950,-0.019032,-0.117689,-0.039596,-0.077554,-0.083704,,0.320461,-0.176431,-0.176431,0.029975,680775.000000,9842809.000000,-0.061594
2015-10-28,12.430000,12.940000,12.390000,12.880000,675700,0.000000,0.000000,11.882936,12.370489,11.844696,12.313130,12.913969,12.891885,13.268162,13.099573,12.611991,12.800903,-0.188912,-0.057900,-0.131012,40.581451,12.913969,13.932992,11.894945,0.205189,0.455646,0.037005,0.041229,-0.072714,-0.006173,-0.125594,-0.032306,,0.352721,-0.142477,-0.142477,0.072440,678585.000000,8703016.000000,-0.119142
2015-10-29,12.790000,12.830000,12.610000,12.730000,283800,0.000000,0.000000,12.227091,12.265330,12.055013,12.169731,12.902019,12.861294,13.253440,13.102107,12.543951,12.754150,-0.210199,-0.088360,-0.121839,38.483172,12.902019,13.951149,11.852888,0.151003,0.441537,0.036282,-0.011646,-0.016989,-0.034875,-0.141026,-0.050708,,0.348702,-0.152463,-0.152463,0.059950,664580.000000,3612774.000000,-0.130494
2015-10-30,12.770000,12.860000,12.650000,12.830000,448500,0.000000,0.000000,12.207972,12.294010,12.093252,12.265330,12.879553,12.842365,13.236901,13.106026,12.501086,12.717941,-0.216855,-0.114059,-0.102796,40.685043,12.879553,13.964219,11.794887,0.216861,0.424339,0.034597,0.007855,0.000780,-0.011556,-0.127804,-0.034613,,0.345991,-0.145806,-0.145806,0.068276,668255.000000,5754255.000000,-0.115756
2015-11-02,12.820000,12.980000,12.710000,12.900000,846100,0.000000,0.000000,12.255768,12.408726,12.150609,12.332247,12.839879,12.826687,13.221892,13.108655,12.475111,12.689371,-0.214260,-0.134099,-0.080161,42.243401,12.839879,13.944496,11.735263,0.270222,0.412466,0.033446,0.005456,0.022998,-0.030075,-0.110345,-0.029346,,0.334737,-0.141145,-0.141145,0.074105,682865.000000,10914690.000000,-0.114576
2015-11-03,12.820000,13.080000,12.770000,13.030000,640000,0.000000,0.000000,12.255770,12.504327,12.207971,12.456528,12.804508,12.822289,13.209177,13.111332,12.472252,12.672123,-0.199871,-0.147254,-0.052618,45.126874,12.804508,13.910734,11.698282,0.342718,0.404172,0.032447,0.010078,0.053355,-0.050983,-0.111793,-0.014372,,0.314907,-0.132490,-0.132490,0.084929,667200.000000,8339200.000000,-0.112802
2015-11-04,13.040000,13.130000,12.910000,13.030000,575200,0.000000,0.000000,12.466088,12.552127,12.341809,12.456528,12.763878,12.821333,13.195889,13.113196,12.469833,12.656153,-0.186320,-0.155067,-0.031253,45.126874,12.763878,13.857877,11.669879,0.359529,0.390325,0.031335,0.000000,0.011646,-0.053740,-0.114810,-0.027612,,0.314461,-0.132490,-0.132490,0.084929,654470.000000,7494856.000000,-0.131826
2015-11-05,12.990000,13.110000,12.850000,13.000000,276700,0.000000,0.000000,12.418289,12.533007,12.284451,12.427849,12.723727,12.812347,13.179733,13.114104,12.463374,12.639242,-0.175868,-0.159227,-0.016641,44.531878,12.723727,13.804423,11.643031,0.363108,0.380199,0.030593,-0.002302,0.021210,-0.063400,-0.114441,-0.026217,,0.312175,-0.134487,-0.134487,0.082431,635675.000000,3597100.000000,-0.131136
2015-11-06,12.940000,13.130000,12.870000,13.080000,457200,0.000000,0.000000,12.370489,12.552127,12.303570,12.504328,12.683575,12.800875,13.164055,13.115491,12.469675,12.629248,-0.159574,-0.159296,-0.000277,46.555568,12.683575,13.732165,11.634986,0.414529,0.370796,0.029653,0.006154,0.019486,-0.054913,-0.113220,-0.020225,,0.313757,-0.129161,-0.129161,0.089092,632785.000000,5980176.000000,-0.122103
2015-11-09,13.080000,13.330000,13.010000,13.170000,586700,0.000000,0.000000,12.504328,12.743325,12.437409,12.590367,12.652506,12.790742,13.148090,13.117164,12.488243,12.626368,-0.138126,-0.155062,0.016937,48.817901,12.652506,13.671609,11.633402,0.469513,0.366162,0.029083,0.006881,0.020930,-0.053879,-0.104081,-0.028044,,0.314145,-0.123169,-0.123169,0.096586,650705.000000,7726839.000000,-0.115698
2015-11-10,13.100000,13.240000,12.990000,13.070000,315300,0.000000,0.000000,12.523447,12.657285,12.418288,12.494767,12.623348,12.778123,13.133081,13.118645,12.489246,12.616620,-0.127374,-0.149525,0.022151,46.464363,12.623348,13.624412,11.622284,0.435778,0.357079,0.028578,-0.007593,0.003070,-0.054269,-0.109673,-0.041789,,0.314226,-0.129827,-0.129827,0.088260,648210.000000,4120971.000000,-0.117375
2015-11-11,13.110000,13.200000,13.020000,13.060000,433100,0.000000,0.000000,12.533004,12.619043,12.446966,12.485206,12.587498,12.773151,13.117211,13.119458,12.488625,12.606886,-0.118261,-0.143272,0.025011,46.224345,12.587498,13.551964,11.623032,0.446969,0.343864,0.027542,-0.000765,0.002302,-0.045322,-0.095568,-0.051562,,0.313019,-0.130493,-0.130493,0.087427,655450.000000,5656286.000000,-0.102215
2015-11-12,12.940000,13.040000,12.600000,12.610000,332700,0.000000,0.000000,12.370487,12.466086,12.045452,12.055011,12.521535,12.757091,13.095702,13.115969,12.421915,12.566006,-0.144091,-0.143436,-0.000655,36.970453,12.521535,13.438730,11.604340,0.245679,0.350713,0.029093,-0.034456,-0.030000,-0.086894,-0.127336,-0.074835,,0.329255,-0.160453,-0.160453,0.049958,656850.000000,4195347.000000,-0.118786
2015-11-13,12.500000,12.900000,12.500000,12.610000,470300,0.000000,0.000000,11.949852,12.332247,11.949852,12.055011,12.457484,12.738927,13.073714,13.114104,12.365468,12.528155,-0.162686,-0.147286,-0.015401,36.970453,12.457484,13.311959,11.603009,0.264491,0.352976,0.029280,0.000000,-0.035933,-0.098642,-0.142760,-0.076867,,0.323753,-0.160453,-0.160453,0.049958,664375.000000,5930483.000000,-0.110586
2015-11-16,12.600000,12.830000,12.560000,12.810000,294200,0.000000,0.000000,12.045450,12.265327,12.007210,12.246207,12.402514,12.728793,13.052586,13.112575,12.347120,12.507270,-0.160149,-0.149858,-0.010291,42.866086,12.402514,13.151348,11.653681,0.395633,0.346201,0.028270,0.015860,-0.027335,-0.081721,-0.114720,-0.063597,,0.331518,-0.147137,-0.147137,0.066611,654335.000000,3768702.000000,-0.099950
2015-11-17,12.840000,12.950000,12.700000,12.740000,343700,0.000000,0.000000,12.274890,12.380048,12.141051,12.179291,12.341331,12.709482,13.032415,13.109563,12.321300,12.482975,-0.161674,-0.152222,-0.009453,41.406302,12.341331,12.928499,11.754163,0.362016,0.338543,0.027797,-0.005464,-0.025249,-0.087393,-0.110956,-0.073454,,0.331139,-0.151798,-0.151798,0.060783,638340.000000,4378738.000000,-0.104375
2015-11-18,12.820000,13.070000,12.690000,13.050000,331200,0.000000,0.000000,12.255771,12.494768,12.131492,12.475649,12.301180,12.698011,13.018171,13.108082,12.345046,12.482432,-0.137386,-0.149254,0.011869,49.593458,12.301180,12.697165,11.905194,0.720298,0.340310,0.027278,0.024333,-0.000765,-0.069187,-0.055716,-0.056399,,0.344567,-0.131158,-0.131158,0.086595,592465.000000,4322160.000000,-0.096252
2015-11-19,13.030000,13.130000,12.890000,13.110000,302200,0.000000,0.000000,12.456526,12.552125,12.322688,12.533005,12.308827,12.689789,13.004213,13.105739,12.373963,12.486178,-0.112215,-0.141847,0.029631,51.019882,12.308827,12.716948,11.900706,0.774646,0.332390,0.026521,0.004597,0.039651,-0.056156,-0.044461,-0.045851,,0.344827,-0.127164,-0.127164,0.091590,531985.000000,3961842.000000,-0.122573
2015-11-20,13.200000,13.310000,13.100000,13.190000,399300,0.000000,0.000000,12.619047,12.724206,12.523448,12.609487,12.326513,12.685200,12.994462,13.103923,12.410198,12.495312,-0.085115,-0.130500,0.045385,52.932585,12.326513,12.755097,11.897929,0.830127,0.322988,0.025615,0.006102,0.045995,0.018533,-0.005279,-0.031571,,0.251173,-0.121838,-0.121838,0.098252,496370.000000,5266767.000000,-0.133127
2015-11-23,13.140000,13.320000,12.760000,13.100000,431800,0.000000,0.000000,12.561687,12.733764,12.198411,12.523447,12.349935,12.678126,12.985667,13.101437,12.427621,12.497396,-0.069776,-0.118355,0.048580,50.541465,12.349935,12.767092,11.932777,0.707970,0.338157,0.027002,-0.006823,0.022639,0.021841,0.001529,-0.062276,,0.249635,-0.127830,-0.127830,0.090758,461970.000000,5656580.000000,-0.130722
2015-11-24,13.090000,13.300000,13.030000,13.270000,442300,0.000000,0.000000,12.513887,12.714645,12.456528,12.685966,12.392954,12.669331,12.980122,13.100386,12.467366,12.511364,-0.043998,-0.103484,0.059486,54.703724,12.392954,12.756431,12.029477,0.903068,0.332440,0.026205,0.012977,0.041601,0.052340,-0.014848,-0.052820,,0.244322,-0.116511,-0.116511,0.104913,444300.000000,5869321.000000,-0.101120
2015-11-25,13.260000,13.640000,13.220000,13.540000,359400,0.000000,0.000000,12.676405,13.039680,12.638165,12.944081,12.424502,12.665316,12.978115,13.100481,12.540707,12.543418,-0.002711,-0.083329,0.080619,60.403277,12.424502,12.860998,11.988006,1.095170,0.337374,0.026064,0.020346,0.037548,0.094584,-0.010234,-0.027997,,0.238515,-0.098535,-0.098535,0.127394,428485.000000,4866276.000000,-0.073282
2015-11-27,13.540000,13.660000,13.490000,13.580000,152100,0.000000,0.000000,12.944083,13.058802,12.896284,12.982323,12.465131,12.661683,12.978497,13.100147,12.608648,12.575929,0.032719,-0.060120,0.092838,61.182599,12.465131,12.950334,11.979929,1.032964,0.324884,0.025025,0.002954,0.035851,0.054348,-0.008759,-0.059557,,0.197398,-0.095872,-0.095872,0.130725,421900.000000,2065518.000000,-0.070727
2015-11-30,13.560000,13.690000,13.500000,13.620000,406900,0.000000,0.000000,12.963203,13.087481,12.905844,13.020562,12.502893,12.663213,12.978975,13.100721,12.672019,12.608865,0.063154,-0.035465,0.098619,61.988212,12.502893,13.037647,11.968139,0.984026,0.314652,0.024166,0.002945,0.032600,0.069914,-0.008012,-0.036775,,0.190483,-0.093209,-0.093209,0.134055,419820.000000,5541978.000000,-0.077552
2015-12-01,13.650000,13.780000,13.560000,13.700000,890900,0.000000,0.000000,13.049242,13.173521,12.963204,13.097042,12.541133,12.665316,12.978497,13.102967,12.737407,12.645026,0.092381,-0.009896,0.102277,63.614704,12.541133,13.131042,11.951224,0.971182,0.307200,0.023456,0.005874,0.045802,0.067810,0.028529,-0.043963,,0.190008,-0.087883,-0.087883,0.140716,422060.000000,12205330.000000,-0.083680
2015-12-02,13.730000,13.790000,13.610000,13.730000,364500,0.000000,0.000000,13.125719,13.183079,13.011001,13.125719,12.574592,12.673728,12.976872,13.104019,12.797148,12.680633,0.116515,0.015386,0.101128,64.232706,12.574592,13.217801,11.931384,0.928420,0.297548,0.022669,0.002190,0.034665,0.064341,0.020818,-0.042539,,0.189855,-0.085886,-0.085886,0.143214,408285.000000,5004585.000000,-0.057760
2015-12-03,13.750000,13.850000,13.280000,13.290000,471100,0.000000,0.000000,13.144845,13.240445,12.695530,12.705091,12.587020,12.676979,12.971041,13.102059,12.782985,12.682445,0.100540,0.032417,0.068123,50.644903,12.587020,13.230229,11.943812,0.591782,0.315217,0.024810,-0.032046,-0.018463,0.019954,-0.019911,-0.084710,,0.223315,-0.115179,-0.115179,0.106578,403080.000000,6260919.000000,-0.084140
2015-12-04,13.300000,13.770000,13.260000,13.680000,381100,0.000000,0.000000,12.714645,13.163960,12.676406,13.077921,12.619524,12.689024,12.965783,13.101916,12.828360,12.711739,0.116621,0.049258,0.067363,58.936630,12.619524,13.293815,11.945233,0.839910,0.327527,0.025044,0.029345,0.007364,0.049885,0.025487,-0.040673,,0.243797,-0.089214,-0.089214,0.139051,408300.000000,5213448.000000,-0.072369
2015-12-07,13.640000,13.660000,13.380000,13.420000,350900,0.000000,0.000000,13.039682,13.058801,12.791124,12.829364,12.635776,12.698393,12.958613,13.102059,12.828514,12.720452,0.108062,0.061019,0.047043,52.592962,12.635776,13.314033,11.957519,0.642710,0.324618,0.025303,-0.019006,-0.014684,0.032308,-0.024000,-0.059566,,0.254516,-0.106525,-0.106525,0.117402,402985.000000,4709078.000000,-0.084242
2015-12-08,13.270000,13.490000,13.100000,13.340000,254500,0.000000,0.000000,12.685968,12.896285,12.523450,12.752887,12.643902,12.707188,12.952781,13.101533,12.816879,12.722855,0.094025,0.067620,0.026405,50.781818,12.643902,13.323761,11.964043,0.580153,0.328062,0.025725,-0.005961,-0.026277,0.019878,-0.022710,-0.083791,,0.255267,-0.111851,-0.111851,0.110741,386375.000000,3395030.000000,-0.094551
2015-12-09,13.330000,13.540000,13.260000,13.490000,458200,0.000000,0.000000,12.743324,12.944082,12.676405,12.896282,12.663978,12.717322,12.950392,13.101677,12.829095,12.735701,0.093394,0.072775,0.020619,53.981767,12.663978,13.348987,11.978968,0.669563,0.323749,0.025104,0.011244,-0.017480,0.024298,-0.003693,-0.067726,,0.256962,-0.101864,-0.101864,0.123231,393520.000000,6181118.000000,-0.050942
2015-12-10,13.490000,13.650000,13.470000,13.580000,310800,0.000000,0.000000,12.896284,13.049242,12.877164,12.982323,12.688833,12.724778,12.950009,13.102059,12.852669,12.753969,0.098699,0.077960,0.020740,55.837139,12.688833,13.382551,11.995116,0.711534,0.312915,0.024103,0.006672,0.021821,0.039021,0.011169,-0.054317,,0.255510,-0.095872,-0.095872,0.130725,387405.000000,4220664.000000,-0.035039
2015-12-11,13.250000,13.490000,13.190000,13.190000,361800,0.000000,0.000000,12.666846,12.896283,12.609487,12.609487,12.716557,12.728794,12.947046,13.101007,12.815256,12.743267,0.071989,0.076765,-0.004776,46.995132,12.716557,13.344855,12.088259,0.414793,0.317195,0.025155,-0.028719,-0.035819,0.009954,-0.020787,-0.085298,,0.276720,-0.121838,-0.121838,0.098252,388860.000000,4772142.000000,-0.047361
2015-12-14,13.200000,13.310000,12.980000,13.040000,378100,0.000000,0.000000,12.619044,12.724204,12.408727,12.466086,12.737111,12.723822,12.943891,13.097661,12.761538,12.722735,0.038802,0.069173,-0.030370,44.102396,12.737111,13.297514,12.176708,0.258188,0.317072,0.025435,-0.011372,-0.028316,0.034100,-0.050255,-0.112321,,0.250131,-0.131824,-0.131824,0.085762,384250.000000,4930424.000000,-0.069123
2015-12-15,13.140000,13.470000,13.060000,13.470000,382900,0.000000,0.000000,12.561684,12.877160,12.485205,12.877160,12.768659,12.718851,12.946376,13.097279,12.779326,12.734174,0.045152,0.064369,-0.019217,53.028172,12.768659,13.281744,12.255573,0.605734,0.323787,0.025144,0.032975,0.009745,0.068200,-0.020364,-0.084919,,0.272374,-0.103196,-0.103196,0.121565,388685.000000,5157663.000000,-0.042068
2015-12-16,13.580000,13.760000,13.500000,13.740000,415000,0.000000,0.000000,12.982316,13.154394,12.905837,13.135274,12.816458,12.718278,12.951539,13.099382,12.834087,12.763885,0.070202,0.065535,0.004667,57.605752,12.816458,13.273410,12.359505,0.848851,0.320462,0.024397,0.020044,0.018532,0.072599,-0.002179,-0.074124,,0.275179,-0.085220,-0.085220,0.144046,392250.000000,5702100.000000,-0.038383
2015-12-17,13.800000,13.830000,13.540000,13.600000,321900,0.000000,0.000000,13.192639,13.221319,12.944082,13.001442,12.842747,12.712924,12.954693,13.100290,12.859834,12.781482,0.078352,0.068099,0.010253,54.632818,12.842747,13.277082,12.408413,0.682687,0.317374,0.024411,-0.010189,0.001473,0.067504,0.004431,-0.071038,,0.277591,-0.094541,-0.094541,0.132390,391785.000000,4377840.000000,-0.031887
2015-12-18,13.530000,13.550000,13.050000,13.210000,853900,0.000000,0.000000,12.934523,12.953643,12.475649,12.628607,12.847528,12.700879,12.952781,13.100482,12.824261,12.770158,0.054103,0.065299,-0.011197,47.308022,12.847528,13.269436,12.425619,0.240559,0.332261,0.026310,-0.028676,0.001516,0.012261,-0.027962,-0.102581,,0.287451,-0.120506,-0.120506,0.099917,419370.000000,11280019.000000,-0.047455
2015-12-21,13.300000,13.600000,13.090000,13.580000,366800,0.000000,0.000000,12.714646,13.001443,12.513889,12.982323,12.866169,12.694378,12.941788,13.101390,12.848578,12.785874,0.062704,0.064780,-0.002076,53.656293,12.866169,13.276583,12.455756,0.641508,0.343353,0.026448,0.028009,0.041411,0.035851,0.021821,-0.086137,,0.302462,-0.095872,-0.095872,0.130725,417745.000000,4981144.000000,-0.022790
2015-12-22,13.610000,13.770000,13.440000,13.760000,310600,0.000000,0.000000,13.011000,13.163959,12.848482,13.154399,12.897717,12.693231,12.931654,13.104449,12.895627,12.813172,0.082455,0.068315,0.014140,56.407796,12.897717,13.293962,12.501472,0.823893,0.341362,0.025950,0.013255,0.021530,0.043214,0.048780,-0.077129,,0.304734,-0.083888,-0.083888,0.145712,411685.000000,4273856.000000,-0.003478
2015-12-23,13.780000,13.840000,13.160000,13.770000,367600,0.000000,0.000000,13.173520,13.230879,12.580807,13.163960,12.921617,12.694951,12.922668,13.107413,12.936909,12.839156,0.097753,0.074203,0.023550,56.562114,12.921617,13.321728,12.521505,0.802845,0.363413,0.027607,0.000727,0.002184,0.051145,0.055172,-0.083222,,0.303038,-0.083222,-0.083222,0.146545,407950.000000,5061852.000000,-0.010611
2015-12-24,13.790000,13.840000,13.660000,13.720000,153600,0.000000,0.000000,13.183079,13.230879,13.058801,13.116160,12.930221,12.693231,12.915211,13.110758,12.964486,12.859675,0.104811,0.080324,0.024487,55.504220,12.930221,13.339658,12.520783,0.727067,0.349746,0.026665,-0.003631,0.008823,0.033911,0.061098,-0.076094,,0.301295,-0.086551,-0.086551,0.142381,397660.000000,2107392.000000,-0.016143
2015-12-28,13.690000,13.750000,13.470000,13.690000,162700,0.000000,0.000000,13.087480,13.144839,12.877163,13.087480,12.935478,12.687495,12.905842,13.113196,12.983408,12.876550,0.106859,0.085631,0.021227,54.841452,12.935478,13.350397,12.520560,0.683170,0.343884,0.026276,-0.002187,0.036336,0.011078,0.062888,-0.058459,,0.293799,-0.088549,-0.088549,0.139883,398190.000000,2227363.000000,-0.046492
2015-12-29,13.800000,13.810000,13.650000,13.760000,232300,0.000000,0.000000,13.192638,13.202199,13.049240,13.154399,12.942170,12.683862,12.896665,13.115252,13.009715,12.897131,0.112584,0.091022,0.021562,56.156953,12.942170,13.367064,12.517277,0.749743,0.330247,0.025105,0.005113,0.013255,0.013255,0.061728,-0.055594,,0.294104,-0.083888,-0.083888,0.145712,389460.000000,3196448.000000,-0.069017
2015-12-30,13.800000,13.800000,13.530000,13.540000,194000,0.000000,0.000000,13.192638,13.192638,12.934521,12.944081,12.934522,12.675832,12.885767,13.116781,12.999617,12.900609,0.099008,0.092619,0.006389,51.116983,12.934522,13.353138,12.515906,0.511417,0.325094,0.025115,-0.015988,-0.015988,-0.005874,0.026535,-0.047150,,0.299618,-0.098535,-0.098535,0.127394,354615.000000,2626760.000000,-0.069931
2015-12-31,13.510000,13.630000,13.230000,13.270000,356900,0.000000,0.000000,12.915403,13.030121,12.647725,12.685966,12.912535,12.661492,12.871618,13.116590,12.951363,12.884709,0.066654,0.087426,-0.020772,45.696602,12.912535,13.335044,12.490025,0.231877,0.329187,0.025949,-0.019941,-0.036311,-0.031387,0.022342,-0.053495,,0.306389,-0.116511,-0.116511,0.104913,354235.000000,4736063.000000,-0.059854
2016-01-04,13.010000,13.800000,12.740000,12.780000,570700,0.000000,0.000000,12.437408,13.192639,12.179291,12.217530,12.888157,12.640269,12.853263,13.113387,12.838466,12.835289,0.003177,0.070576,-0.067399,37.851937,12.888157,13.406465,12.369849,-0.146938,0.378056,0.030944,-0.036926,-0.068513,-0.069192,-0.039098,-0.077256,-0.024428,0.329780,-0.149135,-0.149135,0.064113,359215.000000,7293546.000000,-0.080584
2016-01-05,12.810000,13.800000,12.620000,12.760000,319300,0.000000,0.000000,12.246213,13.192641,12.064574,12.198413,12.844181,12.636636,12.834908,13.109420,12.739996,12.788113,-0.048117,0.046838,-0.094954,37.568492,12.844181,13.438384,12.249979,-0.043391,0.431628,0.035384,-0.001565,-0.067933,-0.039880,-0.070648,-0.072000,0.007899,0.312648,-0.150466,-0.150466,0.062448,356125.000000,4074268.000000,-0.093690
2016-01-06,12.530000,12.610000,12.360000,12.400000,332100,0.000000,0.000000,11.978532,12.055011,11.816014,11.854254,12.795426,12.628606,12.815406,13.102441,12.603728,12.718938,-0.115210,0.014428,-0.129638,32.805776,12.795426,13.536592,12.054259,-0.134926,0.428112,0.036115,-0.028213,-0.098837,-0.093567,-0.099492,-0.084195,0.013072,0.303975,-0.174434,-0.174434,0.032473,355185.000000,4118040.000000,-0.117898
2016-01-07,12.140000,12.290000,11.780000,11.800000,695800,0.000000,0.000000,11.605699,11.749097,11.261542,11.280663,12.721814,12.613119,12.790072,13.092642,12.400180,12.612399,-0.212219,-0.030901,-0.181318,26.724800,12.721814,13.726397,11.717232,-0.217289,0.439869,0.038993,-0.048387,-0.128508,-0.120715,-0.149856,-0.130435,-0.047619,0.336906,-0.214381,-0.214381,0.000000,377250.000000,8210440.000000,-0.128625
2016-01-08,11.800000,11.970000,11.420000,11.460000,1061300,0.000000,0.000000,11.280661,11.443179,10.917385,10.955625,12.624782,12.595720,12.759003,13.083369,12.177940,12.489675,-0.311735,-0.087068,-0.224667,24.008911,12.624782,13.897517,11.352046,-0.155736,0.446007,0.040710,-0.028814,-0.136398,-0.140930,-0.171965,-0.166545,-0.089031,0.346140,-0.237017,-0.237017,0.000000,407405.000000,12162498.000000,-0.137219
2016-01-11,11.530000,11.670000,11.410000,11.600000,913100,0.000000,0.000000,11.022546,11.156385,10.907828,11.089466,12.530139,12.571246,12.731566,13.074861,12.010483,12.385956,-0.375473,-0.144749,-0.230724,27.285762,12.530139,13.962437,11.097840,-0.002923,0.431903,0.038947,0.012217,-0.092332,-0.140104,-0.166667,-0.165467,-0.074222,0.346801,-0.227696,-0.227696,0.012217,437520.000000,10591960.000000,-0.126819
2016-01-12,11.700000,11.760000,11.290000,11.420000,742700,0.000000,0.000000,11.185064,11.242424,10.793109,10.917388,12.445534,12.546200,12.703747,13.064632,11.842314,12.277173,-0.434859,-0.202771,-0.232088,25.748437,12.445534,14.047903,10.843165,0.023160,0.433147,0.039675,-0.015517,-0.105016,-0.159057,-0.173661,-0.178417,-0.076052,0.344342,-0.239680,-0.239680,0.000000,456565.000000,8481634.000000,-0.142099
2016-01-13,11.430000,11.600000,10.940000,10.980000,649600,0.000000,0.000000,10.926946,11.089464,10.458511,10.496751,12.347067,12.510828,12.676597,13.051726,11.635305,12.145290,-0.509985,-0.264214,-0.245771,22.422724,12.347067,14.170854,10.523280,-0.007273,0.447276,0.042611,-0.038529,-0.114516,-0.167551,-0.197369,-0.228391,-0.107317,0.353343,-0.268975,-0.268975,0.000000,470140.000000,7132608.000000,-0.140964
2016-01-14,11.090000,11.440000,10.870000,11.260000,764700,0.000000,0.000000,10.601910,10.936505,10.391592,10.764428,12.241430,12.479472,12.653079,13.040111,11.501324,12.043004,-0.541680,-0.319707,-0.221973,28.731162,12.241430,14.177243,10.305617,0.118506,0.454250,0.042199,0.025501,-0.045763,-0.136503,-0.184649,-0.205364,-0.077049,0.372099,-0.250333,-0.250333,0.025501,489230.000000,8610522.000000,-0.149555
2016-01-15,10.920000,11.170000,10.740000,10.890000,691300,0.000000,0.000000,10.439393,10.678390,10.267314,10.410713,12.105202,12.438555,12.630422,13.026727,11.333537,11.922093,-0.588556,-0.373477,-0.215079,25.751193,12.105202,14.156206,10.054199,0.086912,0.457312,0.043927,-0.032860,-0.049738,-0.191537,-0.221587,-0.219355,-0.093256,0.353049,-0.274967,-0.274967,0.000000,503045.000000,7528257.000000,-0.143215
2016-01-19,11.060000,11.060000,10.520000,10.620000,767500,0.000000,0.000000,10.573231,10.573231,10.056997,10.152596,11.962760,12.392477,12.606905,13.010380,11.151854,11.791020,-0.639165,-0.426615,-0.212551,23.810425,11.962760,14.143299,9.782222,0.084927,0.461520,0.045458,-0.024793,-0.084483,-0.227074,-0.238710,-0.227074,-0.140081,0.339126,-0.292943,-0.292943,0.000000,525325.000000,8150850.000000,-0.154861
2016-01-20,10.500000,10.910000,10.370000,10.750000,913100,0.000000,0.000000,10.037879,10.429834,9.913601,10.276876,11.845174,12.349457,12.580902,12.993984,11.017242,11.678861,-0.661619,-0.473615,-0.188003,26.675872,11.845174,14.125865,9.564482,0.156179,0.465428,0.045289,0.012241,-0.058669,-0.209559,-0.229943,-0.210719,-0.137931,0.349359,-0.284288,-0.284288,0.012241,528285.000000,9815825.000000,-0.141515
2016-01-21,10.810000,10.930000,10.470000,10.600000,686800,0.000000,0.000000,10.334233,10.448951,10.009197,10.133475,11.702731,12.302040,12.551458,12.977016,10.881278,11.564388,-0.683110,-0.515514,-0.167596,25.484864,11.702731,14.039548,9.365914,0.164232,0.463594,0.045749,-0.013954,-0.034608,-0.197578,-0.243938,-0.214815,-0.161393,0.343596,-0.294274,-0.294274,0.000000,544285.000000,7280080.000000,-0.160161
2016-01-22,10.770000,11.230000,10.600000,11.180000,679100,0.000000,0.000000,10.295996,10.735750,10.133478,10.687951,11.579409,12.263992,12.527367,12.962915,10.851535,11.499466,-0.647931,-0.541998,-0.105934,37.166478,11.579409,13.853133,9.305685,0.303965,0.473500,0.044302,0.054717,-0.007105,-0.176730,-0.195104,-0.163799,-0.127244,0.390303,-0.255659,-0.255659,0.054717,562710.000000,7592338.000000,-0.143672
2016-01-25,11.640000,11.690000,11.100000,11.130000,876900,0.000000,0.000000,11.127707,11.175506,10.611474,10.640153,11.453218,12.226900,12.502511,12.948910,10.819015,11.435814,-0.616799,-0.556958,-0.059841,36.633332,11.453218,13.634940,9.271497,0.313664,0.479967,0.045109,-0.004472,0.022039,-0.191133,-0.140540,-0.157456,-0.129789,0.382357,-0.258988,-0.258988,0.050000,588175.000000,9759897.000000,-0.058923
2016-01-26,11.180000,11.430000,10.900000,11.360000,469400,0.000000,0.000000,10.687952,10.926949,10.420274,10.860029,11.340412,12.194396,12.483774,12.936099,10.825325,11.393163,-0.567838,-0.559134,-0.008704,40.837629,11.340412,13.389369,9.291455,0.382774,0.481874,0.044371,0.020665,0.069680,-0.175018,-0.113885,-0.139394,-0.113885,0.395276,-0.243675,-0.243675,0.071698,603965.000000,5332384.000000,-0.021634
2016-01-27,11.520000,11.520000,11.210000,11.210000,561000,0.000000,0.000000,11.012983,11.012983,10.716626,10.716626,11.221869,12.167628,12.462360,12.923289,10.808602,11.343049,-0.534447,-0.554197,0.019749,39.019281,11.221869,13.113534,9.330204,0.366455,0.468623,0.043729,-0.013205,0.042790,-0.182945,-0.111023,-0.155238,-0.121474,0.395082,-0.253662,-0.253662,0.057547,623880.000000,6288810.000000,0.001502
2016-01-28,11.370000,11.370000,11.080000,11.110000,299900,0.000000,0.000000,10.869585,10.869585,10.592349,10.621028,11.095201,12.138949,12.438938,12.910144,10.779744,11.289566,-0.509822,-0.545322,0.035500,37.810618,11.095201,12.768698,9.421703,0.358329,0.454953,0.042835,-0.008921,0.048113,-0.188459,-0.101860,-0.171514,-0.138092,0.394246,-0.260320,-0.260320,0.048113,627260.000000,3331889.000000,0.002207
2016-01-29,11.140000,11.680000,11.140000,11.660000,674200,0.000000,0.000000,10.649710,11.165943,10.649710,11.146823,11.005338,12.116961,12.422877,12.898194,10.836218,11.278992,-0.442774,-0.524812,0.082038,47.451913,11.005338,12.436246,9.574429,0.549439,0.461379,0.041391,0.049505,0.042934,-0.152616,-0.094721,-0.208418,-0.125937,0.442198,-0.223702,-0.223702,0.100000,651270.000000,7861172.000000,-0.000182
2016-02-01,11.550000,11.620000,11.190000,11.400000,943000,0.000000,0.000000,11.041667,11.108585,10.697510,10.898268,10.915953,12.091341,12.400411,12.886579,10.845764,11.250791,-0.405026,-0.500855,0.095829,43.980768,10.915953,12.108277,9.723628,0.492584,0.460517,0.042256,-0.022298,0.024259,-0.158050,-0.104477,-0.230769,-0.123077,0.444261,-0.241012,-0.241012,0.075472,680575.000000,10750200.000000,-0.015026
2016-02-02,11.250000,11.250000,11.030000,11.110000,428600,0.000000,0.000000,10.754867,10.754867,10.544549,10.621028,10.836128,12.054248,12.376129,12.874582,10.811189,11.204142,-0.392952,-0.479274,0.086322,40.428358,10.836128,11.863973,9.808282,0.395364,0.452888,0.042641,-0.025439,-0.022007,-0.162773,-0.134061,-0.244732,-0.153846,0.446559,-0.260320,-0.260320,0.048113,673470.000000,4761746.000000,-0.027843
2016-02-03,11.320000,11.510000,10.890000,11.430000,664500,0.000000,0.000000,10.821792,11.003430,10.410718,10.926951,10.772555,12.022127,12.355958,12.862536,10.828999,11.183609,-0.354610,-0.454342,0.099732,45.645545,10.772555,11.579082,9.966027,0.595717,0.462876,0.042361,0.028804,0.019626,-0.105633,-0.113953,-0.211724,-0.145101,0.451032,-0.239014,-0.239014,0.078302,690730.000000,7595235.000000,0.007539
2016-02-04,11.420000,11.700000,11.090000,11.500000,580100,0.000000,0.000000,10.917384,11.185061,10.601908,10.993863,10.729535,11.989815,12.337507,12.851590,10.854363,11.169554,-0.315191,-0.426511,0.111320,46.744147,10.729535,11.367245,10.091825,0.707248,0.471467,0.042885,0.006124,0.035103,-0.098746,-0.117422,-0.216087,-0.139222,0.452536,-0.234354,-0.234354,0.084906,703130.000000,6671150.000000,0.006107
2016-02-05,11.420000,11.420000,11.050000,11.070000,514300,0.000000,0.000000,10.917387,10.917387,10.563671,10.582790,10.694641,11.951001,12.314564,12.838350,10.812582,11.126090,-0.313508,-0.403911,0.090403,41.230670,10.694641,11.279565,10.109718,0.404388,0.468519,0.044272,-0.037391,-0.050600,-0.107258,-0.150422,-0.247962,-0.186030,0.459643,-0.262983,-0.262983,0.044340,694055.000000,5693301.000000,0.001127
2016-02-08,10.860000,11.430000,10.860000,11.240000,834600,0.000000,0.000000,10.382032,10.926946,10.382032,10.745308,10.684126,11.912188,12.290760,12.826400,10.802232,11.097884,-0.295651,-0.382259,0.086607,44.040866,10.684126,11.256725,10.111526,0.553425,0.473976,0.044110,0.015357,-0.014035,-0.047458,-0.135385,-0.234333,-0.171702,0.436259,-0.251665,-0.251665,0.060377,682720.000000,9380904.000000,0.029208
2016-02-09,12.010000,12.570000,11.430000,11.700000,1192900,0.000000,0.000000,11.481419,12.016772,10.926946,11.185062,10.688905,11.877008,12.271162,12.817222,10.861129,11.104341,-0.243212,-0.354449,0.111237,50.884646,10.688905,11.277135,10.100676,0.921738,0.530939,0.047469,0.040925,0.053105,0.020942,-0.105505,-0.206780,-0.140969,0.448868,-0.221039,-0.221039,0.103774,696710.000000,13956930.000000,0.065146
2016-02-10,11.630000,11.970000,11.400000,11.520000,679900,0.000000,0.000000,11.118146,11.443183,10.898269,11.012988,10.693685,11.837621,12.249652,12.807901,10.884492,11.097574,-0.213082,-0.326176,0.113094,48.390754,10.693685,11.291212,10.096158,0.767187,0.531937,0.048301,-0.015384,0.007874,-0.006896,-0.125285,-0.216326,-0.146034,0.450641,-0.233023,-0.233023,0.086793,693570.000000,7832448.000000,0.034021
2016-02-11,11.280000,11.660000,11.120000,11.530000,1067600,0.000000,0.000000,10.783548,11.146823,10.630590,11.022545,10.719975,11.797661,12.230437,12.795904,10.905731,11.092017,-0.186286,-0.298198,0.111912,48.541602,10.719975,11.327208,10.112742,0.749138,0.530816,0.048157,0.000868,0.002609,0.009632,-0.117827,-0.214578,-0.147190,0.447069,-0.232357,-0.232357,0.087736,714470.000000,12309428.000000,0.042779
2016-02-12,11.700000,11.940000,11.440000,11.650000,571600,0.000000,0.000000,11.185062,11.414499,10.936505,11.137262,10.738617,11.758465,12.211891,12.787061,10.941351,11.095368,-0.154017,-0.269362,0.115345,50.415090,10.738617,11.373842,10.103392,0.813783,0.527043,0.047322,0.010407,0.052394,0.061020,-0.107963,-0.193213,-0.146520,0.424344,-0.224368,-0.224368,0.099057,704815.000000,6659140.000000,0.036009
2016-02-16,11.850000,12.070000,11.710000,12.000000,454400,0.000000,0.000000,11.328463,11.538780,11.194624,11.471861,10.791674,11.725388,12.199558,12.780799,11.022968,11.123257,-0.100288,-0.235547,0.135259,55.503711,10.791674,11.486088,10.097260,0.989756,0.518077,0.045161,0.030043,0.067616,0.065720,-0.048374,-0.169550,-0.111111,0.427636,-0.201065,-0.201065,0.132076,692970.000000,5452800.000000,0.065334
2016-02-17,12.080000,12.160000,11.680000,12.010000,661600,0.000000,0.000000,11.548338,11.624817,11.165944,11.481420,10.858115,11.700915,12.188947,12.774107,11.093499,11.149787,-0.056288,-0.199695,0.143407,55.643760,10.858115,11.549345,10.166886,0.950867,0.513848,0.044755,0.000833,0.026496,0.102847,-0.047581,-0.183549,-0.092215,0.407096,-0.200400,-0.200400,0.133019,687675.000000,7945816.000000,0.032336
2016-02-18,12.010000,12.270000,11.960000,12.120000,679000,0.000000,0.000000,11.481422,11.729979,11.433622,11.586580,10.923601,11.671088,12.180056,12.768515,11.169358,11.182142,-0.012784,-0.162313,0.149529,57.238287,10.923601,11.630945,10.216256,0.968640,0.498313,0.043008,0.009159,0.052083,0.141243,-0.053864,-0.162405,-0.102887,0.392536,-0.193076,-0.193076,0.143397,675970.000000,8229480.000000,0.045859
2016-02-19,12.090000,12.300000,11.500000,12.110000,451600,0.000000,0.000000,11.557900,11.758658,10.993867,11.577020,10.995778,11.646041,12.172217,12.762874,11.232075,11.211392,0.020683,-0.125714,0.146397,57.037549,10.995778,11.656728,10.334827,0.939702,0.517347,0.044687,-0.000825,0.050304,0.126512,-0.049450,-0.154920,-0.116058,0.392779,-0.193742,-0.193742,0.142453,664210.000000,5468876.000000,0.047138
2016-02-22,12.210000,12.440000,12.100000,12.120000,419200,0.000000,0.000000,11.672619,11.892496,11.567461,11.586580,11.040709,11.622715,12.164952,12.757616,11.286614,11.239184,0.047430,-0.091085,0.138515,57.199200,11.040709,11.734892,10.346526,0.893175,0.503610,0.043465,0.000826,0.040344,0.143397,-0.071264,-0.123010,-0.115974,0.386618,-0.193076,-0.193076,0.143397,651215.000000,5080704.000000,0.028158
2016-02-23,12.110000,12.240000,12.040000,12.080000,483200,0.000000,0.000000,11.577019,11.701298,11.510100,11.548340,11.086119,11.595756,12.156539,12.751307,11.326880,11.262085,0.064795,-0.059909,0.124704,56.286889,11.086119,11.788742,10.383495,0.828925,0.481295,0.041677,-0.003300,0.006667,0.080501,-0.078566,-0.119533,-0.097834,0.345882,-0.195739,-0.195739,0.139623,631530.000000,5837056.000000,0.033791
2016-02-24,11.900000,12.240000,11.860000,12.200000,485400,0.000000,0.000000,11.376261,11.701297,11.338021,11.663057,11.126270,11.569371,12.147075,12.745810,11.378599,11.291786,0.086813,-0.030565,0.117378,58.428981,11.126270,11.865328,10.387212,0.863156,0.472865,0.040544,0.009934,0.015820,0.096136,-0.075057,-0.079940,-0.092937,0.345078,-0.187750,-0.187750,0.150943,632330.000000,5921880.000000,0.035094
2016-02-25,12.210000,12.270000,12.190000,12.260000,358500,0.000000,0.000000,11.672615,11.729974,11.653494,11.720414,11.176459,11.551589,12.140191,12.740600,11.431186,11.323536,0.107650,-0.002922,0.110572,59.497667,11.176459,11.934476,10.418443,0.858801,0.444552,0.037930,0.004918,0.011551,0.079225,-0.064122,-0.062691,-0.089153,0.340120,-0.183755,-0.183755,0.156604,622205.000000,4395210.000000,0.037844
2016-02-26,12.330000,12.490000,12.180000,12.360000,345300,0.000000,0.000000,11.787336,11.940294,11.643938,11.816015,11.236209,11.538588,12.131205,12.734912,11.490391,11.360016,0.130374,0.023737,0.106637,61.284188,11.236209,11.998260,10.474158,0.880425,0.433967,0.036727,0.008157,0.020644,0.102587,-0.068576,-0.082405,-0.084444,0.334626,-0.177097,-0.177097,0.166038,624475.000000,4267908.000000,0.031828
2016-02-29,12.420000,12.670000,12.220000,12.360000,612300,0.000000,0.000000,11.873375,12.112372,11.682177,11.816015,11.269668,11.517365,12.118108,12.728793,11.540487,11.393794,0.146693,0.048329,0.098364,61.284188,11.269668,12.072849,10.466488,0.840114,0.433697,0.036704,0.000000,0.019802,0.112511,-0.087149,-0.096491,-0.078300,0.331404,-0.177097,-0.177097,0.166038,621380.000000,7568028.000000,0.021955
2016-03-01,12.450000,12.630000,12.380000,12.550000,408900,0.000000,0.000000,11.902056,12.074134,11.835137,11.997655,11.324638,11.494613,12.106445,12.722962,11.610820,11.438524,0.172296,0.073122,0.099174,64.713847,11.324638,12.170160,10.479115,0.897989,0.421156,0.035103,0.015372,0.038907,0.076330,-0.075847,-0.083942,-0.086608,0.292888,-0.164447,-0.164447,0.183963,594675.000000,5131695.000000,0.009559
2016-03-02,12.520000,12.770000,12.370000,12.630000,424400,0.000000,0.000000,11.968972,12.207969,11.825573,12.074130,11.397293,11.476066,12.094495,12.718182,11.682099,11.485606,0.196492,0.097796,0.098696,66.076411,11.397293,12.237958,10.556627,0.902560,0.418387,0.034652,0.006374,0.035246,0.107894,-0.072687,-0.080117,-0.067897,0.277281,-0.159121,-0.159121,0.191509,594465.000000,5360172.000000,0.006638
2016-03-03,12.550000,12.940000,12.450000,12.770000,715700,0.000000,0.000000,11.997659,12.370494,11.902059,12.207976,11.461344,11.467654,12.084266,12.713928,11.763003,11.539115,0.223888,0.123014,0.100873,68.377925,11.461344,12.345217,10.577471,0.922364,0.421962,0.034564,0.011085,0.041599,0.149416,-0.067883,-0.041291,-0.039849,0.254643,-0.149800,-0.149800,0.204718,597025.000000,9139489.000000,0.019174
2016-03-04,12.830000,12.990000,12.710000,12.980000,400900,0.000000,0.000000,12.265330,12.418288,12.150611,12.408728,11.532087,11.456182,12.075280,12.710582,11.862345,11.603531,0.258814,0.150174,0.108640,71.500988,11.532087,12.482406,10.581769,0.961235,0.410942,0.033117,0.016444,0.050162,0.135608,-0.054625,-0.034944,-0.032065,0.244572,-0.135819,-0.135819,0.224528,588065.000000,5203682.000000,0.024661
2016-03-07,12.950000,13.110000,12.880000,12.950000,380600,0.000000,0.000000,12.380051,12.533009,12.313132,12.380051,11.621950,11.440695,12.066963,12.706758,11.941992,11.661051,0.280941,0.176328,0.104614,70.430918,11.621950,12.533412,10.710489,0.915871,0.397294,0.032091,-0.002311,0.047735,0.126087,-0.025583,-0.044985,-0.016705,0.246339,-0.137816,-0.137816,0.221698,581380.000000,4928770.000000,0.039782
2016-03-08,12.900000,12.920000,12.590000,12.620000,380000,0.000000,0.000000,12.332249,12.351369,12.035893,12.064572,11.687914,11.418707,12.056829,12.700974,11.960851,11.690941,0.269909,0.195044,0.074865,59.823836,11.687914,12.519717,10.856110,0.726411,0.393499,0.032616,-0.025483,0.005578,0.140018,-0.077485,-0.053973,-0.057506,0.222323,-0.159787,-0.159787,0.190566,558650.000000,4795600.000000,0.018474
2016-03-09,12.710000,12.870000,12.710000,12.810000,347300,0.000000,0.000000,12.150608,12.303566,12.150608,12.246207,11.740971,11.401308,12.047269,12.696529,12.004752,11.732072,0.272679,0.210571,0.062108,63.255022,11.740971,12.573094,10.908847,0.803582,0.382463,0.031231,0.015055,0.014252,0.139679,-0.045455,-0.068364,-0.023628,0.222172,-0.147137,-0.147137,0.208490,516370.000000,4448913.000000,0.038325
2016-03-10,12.830000,12.980000,12.630000,12.720000,284000,0.000000,0.000000,12.265330,12.408728,12.074132,12.160172,11.798330,11.382762,12.035128,12.692227,12.028662,11.763783,0.264879,0.221433,0.043446,60.614367,11.798330,12.575506,11.021154,0.732793,0.379044,0.031171,-0.007025,-0.003916,0.087180,-0.046477,-0.068132,-0.032700,0.187504,-0.153129,-0.153129,0.200000,496575.000000,3612480.000000,0.039058
2016-03-11,12.810000,12.950000,12.790000,12.920000,384300,0.000000,0.000000,12.246211,12.380049,12.227091,12.351370,11.864771,11.366701,12.025282,12.687208,12.078310,11.807308,0.271002,0.231347,0.039655,64.191954,11.864771,12.588029,11.141514,0.836394,0.367675,0.029768,0.015723,-0.004622,0.121528,-0.042253,-0.045790,-0.007680,0.177572,-0.139814,-0.139814,0.218868,462410.000000,4965156.000000,0.012377
2016-03-14,12.850000,12.980000,11.740000,12.800000,302800,0.000000,0.000000,12.284450,12.408728,11.223302,12.236650,11.919741,11.352553,12.014192,12.681424,12.102670,11.839111,0.263559,0.237789,0.025770,60.633158,11.919741,12.574010,11.265471,0.742186,0.426085,0.034820,-0.009288,-0.011583,0.110147,-0.057438,-0.046910,-0.028832,0.184293,-0.147803,-0.147803,0.207547,448970.000000,3875840.000000,0.001012
2016-03-15,12.700000,12.770000,12.560000,12.640000,254400,0.000000,0.000000,12.141054,12.207974,12.007216,12.083695,11.950332,11.340507,12.001000,12.675258,12.099751,11.857229,0.242522,0.238736,0.003786,56.162437,11.950332,12.572873,11.327792,0.607112,0.412039,0.034099,-0.012500,0.001585,0.084979,-0.041698,-0.061618,-0.051763,0.192794,-0.158455,-0.158455,0.192453,438970.000000,3215616.000000,-0.000186
2016-03-16,12.640000,12.790000,12.600000,12.730000,279600,0.000000,0.000000,12.083693,12.227091,12.045453,12.169731,11.984748,11.339551,11.989910,12.667084,12.110517,11.880377,0.230140,0.237016,-0.006877,58.036732,11.984748,12.573316,11.396180,0.657147,0.395582,0.032505,0.007120,-0.006245,0.060833,-0.023773,-0.072833,-0.037065,0.168549,-0.152463,-0.152463,0.200944,419870.000000,3559308.000000,0.014242
2016-03-17,12.650000,13.110000,12.650000,13.060000,283900,0.000000,0.000000,12.093250,12.533004,12.093250,12.485206,12.029679,11.345287,11.990962,12.661922,12.168161,11.925179,0.242982,0.238210,0.004773,64.098192,12.029679,12.627395,11.431963,0.881056,0.398737,0.031937,0.025923,0.026729,0.087427,-0.030438,-0.050182,-0.018783,0.186212,-0.130493,-0.130493,0.232075,400115.000000,3707734.000000,0.013677
2016-03-18,13.140000,13.300000,13.080000,13.080000,675600,0.000000,0.000000,12.561687,12.714645,12.504328,12.504328,12.076045,11.358289,11.993447,12.655947,12.219879,11.968079,0.251800,0.240928,0.010873,64.433545,12.076045,12.669766,11.482323,0.860677,0.386644,0.030921,0.001532,0.012384,0.079208,-0.048034,-0.050109,-0.027509,0.185456,-0.129161,-0.129161,0.233962,411315.000000,8836848.000000,0.006289
2016-03-21,13.080000,13.390000,13.020000,13.250000,634800,0.000000,0.000000,12.504325,12.800682,12.446967,12.666843,12.130058,11.386012,11.999565,12.650737,12.288643,12.019839,0.268804,0.246503,0.022301,67.234742,12.130058,12.732774,11.527341,0.945305,0.384292,0.030338,0.012997,0.035156,0.094137,-0.025736,-0.021418,-0.025019,0.187376,-0.117843,-0.117843,0.250000,422095.000000,8411100.000000,0.012981
2016-03-22,13.160000,13.360000,13.110000,13.300000,435600,0.000000,0.000000,12.580806,12.772003,12.533006,12.714644,12.188373,11.421193,12.008456,12.644905,12.354182,12.071306,0.282875,0.253777,0.029098,68.032265,12.188373,12.779688,11.597058,0.945001,0.373914,0.029408,0.003774,0.052215,0.097360,0.006813,-0.021340,-0.040404,0.186953,-0.114514,-0.114514,0.254717,419715.000000,5793480.000000,0.027414
2016-03-23,13.270000,13.380000,13.080000,13.100000,567500,0.000000,0.000000,12.685965,12.791124,12.504327,12.523447,12.231392,11.449872,12.010559,12.639361,12.380222,12.104798,0.275424,0.258107,0.017317,61.576155,12.231392,12.785830,11.676955,0.763379,0.367691,0.029360,-0.015038,0.029065,0.084437,-0.035346,-0.014297,-0.054152,0.197261,-0.127830,-0.127830,0.235849,423820.000000,7434250.000000,0.004916
2016-03-24,13.020000,13.040000,12.820000,12.990000,242200,0.000000,0.000000,12.446968,12.466087,12.255769,12.418287,12.266286,11.479890,12.013045,12.633242,12.386078,12.128020,0.258059,0.258097,-0.000038,58.299183,12.266286,12.770925,11.761648,0.650604,0.360547,0.029034,-0.008397,-0.005360,0.064754,-0.055959,-0.009909,-0.030597,0.200439,-0.135153,-0.135153,0.225472,418005.000000,3146178.000000,-0.010448
2016-03-28,13.040000,13.040000,12.790000,12.840000,178100,0.000000,0.000000,12.466087,12.466087,12.227090,12.274890,12.289230,11.515453,12.013140,12.625021,12.368973,12.138899,0.230074,0.252492,-0.022419,54.073303,12.289230,12.747243,11.831217,0.484346,0.351865,0.028665,-0.011547,-0.018349,0.047309,-0.067538,-0.016092,-0.040359,0.206547,-0.145140,-0.145140,0.211321,409645.000000,2286804.000000,-0.012218
2016-03-29,12.780000,13.540000,12.780000,13.490000,413000,0.000000,0.000000,12.217530,12.944082,12.217530,12.896282,12.343243,11.558090,12.018781,12.620336,12.450097,12.195001,0.255096,0.253013,0.002083,65.682070,12.343243,12.820664,11.865823,1.079195,0.378629,0.029360,0.050623,0.018113,0.091424,-0.016764,0.043310,-0.005162,0.265682,-0.101864,-0.101864,0.272642,399680.000000,5571370.000000,0.023222
2016-03-30,13.520000,13.650000,13.420000,13.570000,365600,0.000000,0.000000,12.924962,13.049239,12.829362,12.972760,12.391998,11.609331,12.023943,12.616560,12.530507,12.252613,0.277894,0.257989,0.019904,66.794534,12.391998,12.917553,11.866444,1.052522,0.367289,0.028312,0.005930,0.020301,0.097896,-0.008766,0.053571,-0.008041,0.265265,-0.096538,-0.096538,0.280189,397515.000000,4961192.000000,0.025295
2016-03-31,13.540000,13.690000,13.470000,13.620000,267000,0.000000,0.000000,12.944083,13.087481,12.877164,13.020562,12.439320,11.666690,12.029584,12.612736,12.605900,12.309498,0.296402,0.265672,0.030730,67.503612,12.439320,13.012630,11.866010,1.006917,0.356077,0.027347,0.003685,0.039695,0.085259,-0.010174,0.050926,-0.005113,0.262352,-0.093209,-0.093209,0.284906,389645.000000,3636540.000000,0.036437
2016-04-01,13.500000,13.700000,13.370000,13.460000,405800,0.000000,0.000000,12.905843,13.097040,12.781564,12.867603,12.472301,11.718505,12.033981,12.606857,12.646162,12.350839,0.295323,0.271602,0.023721,62.876732,12.472301,13.065136,11.879466,0.833399,0.353177,0.027447,-0.011747,0.036182,0.065717,-0.005908,0.020470,-0.016801,0.267768,-0.103862,-0.103862,0.269811,374150.000000,5462068.000000,0.023960
2016-04-04,13.390000,13.410000,13.260000,13.260000,301400,0.000000,0.000000,12.800686,12.819806,12.676408,12.676408,12.485685,11.769363,12.035702,12.599878,12.650815,12.374956,0.275860,0.272453,0.003406,57.565338,12.485685,13.084533,11.886838,0.659241,0.341607,0.026948,-0.014859,0.032711,0.038371,-0.000753,0.021572,-0.055555,0.273132,-0.117177,-0.117177,0.250944,369175.000000,3996564.000000,0.022334
2016-04-05,13.210000,13.330000,13.130000,13.170000,368100,0.000000,0.000000,12.628607,12.743325,12.552128,12.590367,12.496201,11.807412,12.035702,12.591896,12.641515,12.390912,0.250604,0.268083,-0.017480,55.301381,12.496201,13.094625,11.897778,0.578678,0.330863,0.026279,-0.006787,-0.023721,0.014638,0.030517,-0.009774,-0.071227,0.269412,-0.123169,-0.123169,0.242453,368550.000000,4847877.000000,0.042582
2016-04-06,13.200000,13.320000,13.010000,13.290000,234700,0.000000,0.000000,12.619051,12.733770,12.437414,12.705091,12.528227,11.848711,12.037805,12.585443,12.651296,12.414184,0.237112,0.261889,-0.024777,57.690712,12.528227,13.097223,11.959231,0.655417,0.328398,0.025848,0.009112,-0.020633,0.026255,0.041536,-0.032046,-0.060777,0.270639,-0.115179,-0.115179,0.253774,361285.000000,3119163.000000,0.035548
2016-04-07,13.220000,13.220000,12.930000,13.070000,477000,0.000000,0.000000,12.638166,12.638166,12.360929,12.494767,12.540655,11.881405,12.037901,12.577556,12.627215,12.420154,0.207061,0.250924,-0.043862,52.183468,12.540655,13.094368,11.986942,0.458563,0.329524,0.026373,-0.016554,-0.040382,0.035658,0.054032,-0.050835,-0.075018,0.261074,-0.129827,-0.129827,0.233019,367770.000000,6234390.000000,0.051425
2016-04-08,13.180000,13.230000,12.990000,13.050000,285300,0.000000,0.000000,12.599927,12.647726,12.418289,12.475649,12.556429,11.916586,12.042107,12.568904,12.603897,12.424264,0.179633,0.236665,-0.057033,51.700342,12.556429,13.081750,12.031108,0.423114,0.322375,0.025840,-0.001530,-0.030461,0.018736,0.105932,-0.059798,-0.071835,0.256747,-0.131158,-0.131158,0.231132,367835.000000,3723165.000000,0.071544
2016-04-11,13.100000,13.300000,13.050000,13.240000,309700,0.000000,0.000000,12.523447,12.714644,12.475647,12.657285,12.571725,11.957311,12.048130,12.560922,12.612111,12.441525,0.170585,0.223449,-0.052864,55.879703,12.571725,13.089669,12.053780,0.582596,0.316420,0.024999,0.014559,-0.001509,0.040880,0.155323,-0.043353,-0.056980,0.259115,-0.118509,-0.118509,0.249057,364105.000000,4100428.000000,0.114456
2016-04-12,13.230000,13.390000,13.100000,13.190000,373800,0.000000,0.000000,12.647726,12.800685,12.523448,12.609487,12.590367,11.986564,12.051763,12.552174,12.611707,12.453967,0.157740,0.210308,-0.052567,54.542211,12.590367,13.083790,12.096943,0.519375,0.313621,0.024872,-0.003776,0.001519,0.020898,0.137069,-0.052442,-0.050396,0.254906,-0.121838,-0.121838,0.244340,367655.000000,4930422.000000,0.086595
2016-04-13,13.230000,13.610000,13.040000,13.520000,424600,0.000000,0.000000,12.647726,13.011002,12.466089,12.924964,12.632430,12.027098,12.059219,12.545817,12.659900,12.488855,0.171045,0.202455,-0.031410,61.151488,12.632430,13.085796,12.179064,0.822625,0.330142,0.025543,0.025019,0.017306,0.056250,0.183888,-0.021708,-0.024531,0.264792,-0.099867,-0.099867,0.275472,376165.000000,5740592.000000,0.128082
2016-04-14,13.430000,13.590000,13.270000,13.560000,414900,0.000000,0.000000,12.838921,12.991879,12.685963,12.963200,12.672104,12.073942,12.064095,12.541133,12.706562,12.523992,0.182570,0.198478,-0.015908,61.874999,12.672104,13.092669,12.251538,0.846078,0.328411,0.025334,0.002958,0.037490,0.072784,0.234973,-0.008772,-0.042373,0.258932,-0.097204,-0.097204,0.279245,382930.000000,5626044.000000,0.142214
2016-04-15,13.480000,13.630000,13.470000,13.550000,254900,0.000000,0.000000,12.886720,13.030119,12.877161,12.953640,12.695525,12.114475,12.068301,12.536257,12.744574,12.555818,0.188756,0.196534,-0.007778,61.566265,12.695525,13.124359,12.266691,0.800950,0.315879,0.024385,-0.000737,0.038314,0.064415,0.203375,-0.018827,-0.020246,0.258969,-0.097870,-0.097870,0.278302,381480.000000,3453895.000000,0.133338
2016-04-18,13.470000,13.690000,13.000000,13.680000,266000,0.000000,0.000000,12.877163,13.087480,12.427849,13.077921,12.724205,12.156156,12.072986,12.533724,12.795858,12.594492,0.201366,0.197500,0.003866,64.075766,12.724205,13.175341,12.273069,0.892028,0.340433,0.026031,0.009594,0.033233,0.047473,0.256198,-0.022159,0.004405,0.246726,-0.089214,-0.089214,0.290566,361000.000000,3638880.000000,0.151128
2016-04-19,13.660000,13.750000,13.390000,13.650000,318600,0.000000,0.000000,13.058799,13.144838,12.800683,13.049239,12.743325,12.205485,12.078243,12.531955,12.834840,12.628177,0.206663,0.199333,0.007330,63.052552,12.743325,13.216118,12.270532,0.823518,0.340699,0.026109,-0.002193,0.034875,0.043578,0.285311,-0.021505,-0.021505,0.247214,-0.091212,-0.091212,0.287736,345190.000000,4348890.000000,0.181807
2016-04-20,13.570000,13.650000,13.440000,13.520000,183700,0.000000,0.000000,12.972763,13.049242,12.848484,12.924964,12.753841,12.249079,12.080633,12.530378,12.848705,12.650161,0.198544,0.199175,-0.000631,58.680120,12.753841,13.233257,12.274424,0.678470,0.330703,0.025586,-0.009524,0.000000,0.020378,0.257674,-0.031518,-0.019579,0.247070,-0.099867,-0.099867,0.275472,332595.000000,2483624.000000,0.151129
2016-04-21,13.530000,13.600000,13.450000,13.520000,341300,0.000000,0.000000,12.934523,13.001443,12.858044,12.924964,12.773917,12.283877,12.080442,12.529279,12.860437,12.670517,0.189920,0.197324,-0.007404,58.680120,12.773917,13.246286,12.301547,0.659883,0.317324,0.024551,0.000000,-0.002950,0.016542,0.275472,-0.035663,-0.023121,0.246896,-0.099867,-0.099867,0.275472,321285.000000,4614376.000000,0.169519
2016-04-22,13.520000,13.750000,13.400000,13.680000,331100,0.000000,0.000000,12.924963,13.144840,12.810244,13.077921,12.806898,12.325175,12.081398,12.529948,12.893896,12.700695,0.193201,0.196499,-0.003298,62.401826,12.806898,13.266663,12.347133,0.794741,0.318558,0.024358,0.011834,0.009594,0.044275,0.223613,-0.015119,-0.004366,0.242557,-0.089214,-0.089214,0.290566,325730.000000,4529448.000000,0.154993
2016-04-25,13.640000,13.750000,13.590000,13.700000,380700,0.000000,0.000000,13.039683,13.144842,12.991884,13.097042,12.848006,12.366665,12.082163,12.530569,12.925149,12.730054,0.195095,0.196218,-0.001123,62.852270,12.848006,13.251002,12.445010,0.808981,0.306729,0.023420,0.001462,0.001462,0.054658,0.230907,0.057915,0.005874,0.239528,-0.087883,-0.087883,0.292453,335860.000000,5215590.000000,0.147406
2016-04-26,13.750000,14.110000,13.660000,13.770000,1391400,0.000000,0.000000,13.144840,13.488996,13.058801,13.163960,12.861390,12.407199,12.082832,12.530665,12.961889,12.762195,0.199694,0.196914,0.002781,64.457154,12.861390,13.288212,12.434568,0.854446,0.315548,0.023971,0.005109,0.008791,0.072430,0.212148,0.074103,0.022272,0.233980,-0.083222,-0.083222,0.299057,384780.000000,19159578.000000,0.141957
2016-04-27,13.780000,13.990000,13.590000,13.900000,566800,0.000000,0.000000,13.173518,13.374276,12.991881,13.288237,12.877164,12.443527,12.084457,12.530665,13.012097,12.801161,0.210935,0.199718,0.011217,67.284012,12.877164,13.342863,12.411464,0.941351,0.320323,0.024106,0.009441,0.028106,0.030393,0.239965,0.102300,-0.009971,0.161644,-0.074567,-0.074567,0.311321,394840.000000,7878520.000000,0.151568
2016-04-28,13.750000,13.860000,13.500000,13.510000,412500,0.000000,0.000000,13.144842,13.250001,12.905845,12.915405,12.871906,12.472206,12.086561,12.528801,12.997221,12.809624,0.187597,0.197294,-0.009697,53.529328,12.871906,13.333141,12.410670,0.547155,0.324756,0.025145,-0.028057,-0.000740,-0.004421,0.216022,0.092159,0.000741,0.190199,-0.100533,-0.100533,0.274529,402115.000000,5572875.000000,0.149763
2016-04-29,13.500000,13.500000,13.160000,13.290000,419600,0.000000,0.000000,12.905848,12.905848,12.580812,12.705091,12.863780,12.494577,12.082832,12.524308,12.952278,12.801881,0.150397,0.187915,-0.037517,47.616008,12.863780,13.331022,12.396539,0.330185,0.325459,0.025616,-0.016284,-0.028508,-0.024229,0.139795,0.031833,-0.001502,0.197572,-0.115179,-0.115179,0.253774,402805.000000,5576484.000000,0.104812
2016-05-02,13.380000,13.620000,13.170000,13.610000,498100,0.000000,0.000000,12.791125,13.020562,12.590367,13.011002,12.880510,12.523256,12.084649,12.521631,12.961312,12.817371,0.143941,0.179120,-0.035179,55.343459,12.880510,13.343444,12.417576,0.640940,0.332940,0.025589,0.024078,-0.006569,0.011144,0.193860,0.069128,0.014915,0.211702,-0.093875,-0.093875,0.283963,412640.000000,6779141.000000,0.151175
2016-05-03,13.530000,13.660000,13.390000,13.580000,489000,0.000000,0.000000,12.934523,13.058802,12.800685,12.982323,12.900108,12.551171,12.086943,12.519862,12.964545,12.829590,0.134955,0.170287,-0.035332,54.531307,12.900108,13.344124,12.456091,0.592582,0.327596,0.025234,-0.002204,-0.013798,0.024133,0.222323,0.058457,0.021821,0.204464,-0.095872,-0.095872,0.281132,418685.000000,6640620.000000,0.167801
2016-05-04,13.470000,13.610000,13.380000,13.480000,424000,0.000000,0.000000,12.877162,13.011000,12.791123,12.886722,12.909189,12.577939,12.086847,12.518619,12.952572,12.833822,0.118750,0.159980,-0.041229,51.802310,12.909189,13.343740,12.474639,0.474149,0.319901,0.024824,-0.007364,-0.030216,0.023538,0.179352,0.044961,0.014296,0.204758,-0.102530,-0.102530,0.271698,428150.000000,5715520.000000,0.130198
2016-05-05,13.590000,13.590000,13.080000,13.100000,384500,0.000000,0.000000,12.991881,12.991881,12.504327,12.523447,12.910623,12.595147,12.082259,12.516134,12.886553,12.810831,0.075722,0.143128,-0.067406,42.996857,12.910623,13.339569,12.481678,0.048688,0.331877,0.026500,-0.028190,-0.030348,-0.014297,0.139131,0.005372,-0.009077,0.226217,-0.127830,-0.127830,0.235849,423525.000000,5036950.000000,0.093111
2016-05-06,13.030000,13.190000,13.000000,13.170000,291800,0.000000,0.000000,12.456529,12.609487,12.427849,12.590367,12.916359,12.612546,12.082067,12.514556,12.840986,12.794500,0.046485,0.123800,-0.077314,44.856386,12.916359,13.323318,12.509400,0.099478,0.321145,0.025507,0.005344,-0.009030,0.007651,0.189702,0.010744,-0.017164,0.219358,-0.123169,-0.123169,0.242453,423850.000000,3843006.000000,0.104209
2016-05-09,13.140000,13.310000,13.140000,13.220000,251100,0.000000,0.000000,12.561687,12.724206,12.561687,12.638166,12.915403,12.628989,12.083788,12.513840,12.809783,12.782920,0.026863,0.104412,-0.077549,46.206230,12.915403,13.325006,12.505800,0.161578,0.309815,0.024514,0.003796,-0.028655,0.013027,0.176157,0.016923,-0.009738,0.219527,-0.119840,-0.119840,0.247170,420920.000000,3319542.000000,0.067266
2016-05-10,13.250000,13.450000,13.190000,13.320000,194500,0.000000,0.000000,12.666845,12.858042,12.609485,12.733764,12.921617,12.647344,12.082354,12.514365,12.798088,12.779279,0.018809,0.087291,-0.068483,48.900374,12.921617,13.315134,12.528100,0.261316,0.305439,0.023987,0.007564,-0.019146,0.006042,0.138462,0.018349,-0.002247,0.215262,-0.113183,-0.113183,0.256604,411955.000000,2590740.000000,0.011699
2016-05-11,13.260000,13.390000,13.150000,13.150000,343000,0.000000,0.000000,12.676407,12.800686,12.571248,12.571248,12.903931,12.658816,12.076714,12.514126,12.763189,12.763869,-0.000680,0.069697,-0.070377,44.793288,12.903931,13.327464,12.480398,0.107253,0.300011,0.023865,-0.012763,-0.024481,-0.003033,0.141493,-0.001519,-0.029520,0.219652,-0.124501,-0.124501,0.240566,407875.000000,4510450.000000,0.030114
2016-05-12,13.210000,13.310000,12.850000,12.910000,407200,0.000000,0.000000,12.628606,12.724205,12.284450,12.341809,12.872862,12.664169,12.070118,12.512406,12.698361,12.732605,-0.034244,0.048909,-0.083153,39.721066,12.872862,13.363880,12.381844,-0.040767,0.309992,0.025117,-0.018251,-0.014504,-0.045119,0.119688,-0.012242,-0.053519,0.208268,-0.140479,-0.140479,0.217925,407490.000000,5256952.000000,0.009421
2016-05-13,12.850000,13.060000,12.850000,12.960000,377700,0.000000,0.000000,12.284451,12.485209,12.284451,12.389609,12.844660,12.667802,12.067728,12.510255,12.650861,12.707198,-0.056337,0.027860,-0.084197,41.214550,12.844660,13.379021,12.310300,0.074210,0.302190,0.024391,0.003873,-0.015945,-0.044248,0.112447,-0.007657,-0.058824,0.208573,-0.137151,-0.137151,0.222642,413630.000000,4894992.000000,0.024799
2016-05-16,13.050000,13.230000,13.000000,13.150000,393500,0.000000,0.000000,12.475650,12.647727,12.427850,12.571248,12.819326,12.671052,12.063617,12.502702,12.638613,12.697128,-0.058515,0.010585,-0.069100,46.626192,12.819326,13.355164,12.283489,0.268513,0.299042,0.023788,0.014661,-0.005295,-0.029520,0.095833,0.042823,-0.035216,0.216483,-0.124501,-0.124501,0.240566,420005.000000,5174525.000000,0.019300
2016-05-17,13.150000,13.190000,12.790000,12.840000,507900,0.000000,0.000000,12.571246,12.609485,12.227090,12.274890,12.780609,12.668949,12.054822,12.493238,12.582656,12.665851,-0.083196,-0.008171,-0.075024,40.134353,12.780609,13.356876,12.204342,0.061211,0.304996,0.024847,-0.023574,-0.036036,-0.061404,0.069109,0.018240,-0.060029,0.225677,-0.145140,-0.145140,0.211321,429470.000000,6521436.000000,0.029041
2016-05-18,12.810000,13.320000,12.810000,13.220000,318500,0.000000,0.000000,12.246211,12.733765,12.246211,12.638166,12.766269,12.680421,12.049564,12.486116,12.591196,12.663800,-0.072605,-0.021058,-0.051547,49.429201,12.766269,13.341684,12.190854,0.388686,0.318036,0.025165,0.029595,0.005323,-0.031502,0.090759,0.032007,-0.033626,0.252260,-0.119840,-0.119840,0.247170,436210.000000,4210570.000000,0.034697
2016-05-19,13.090000,13.330000,12.980000,13.110000,400200,0.000000,0.000000,12.513885,12.743322,12.408726,12.533005,12.746671,12.686157,12.043732,12.479472,12.582243,12.654112,-0.071869,-0.031220,-0.040648,47.147163,12.746671,13.326014,12.167328,0.315596,0.319218,0.025470,-0.008321,0.015492,-0.030326,0.082576,0.029042,-0.046545,0.251806,-0.127164,-0.127164,0.236792,439155.000000,5246622.000000,0.036377
2016-05-20,13.210000,13.580000,13.210000,13.500000,310600,0.000000,0.000000,12.628605,12.982321,12.628605,12.905842,12.738067,12.701070,12.041916,12.473879,12.632028,12.672758,-0.040731,-0.033122,-0.007609,55.067581,12.738067,13.301592,12.174542,0.648862,0.328511,0.025454,0.029748,0.041667,-0.001479,0.113861,0.034483,-0.023861,0.273924,-0.101199,-0.101199,0.273585,438130.000000,4193100.000000,0.070333
2016-05-23,13.550000,13.670000,13.500000,13.530000,223100,0.000000,0.000000,12.953643,13.068361,12.905843,12.934523,12.729941,12.712733,12.039717,12.468191,12.678565,12.692148,-0.013583,-0.029214,0.015631,55.618567,12.729941,13.276090,12.183792,0.687295,0.316655,0.024481,0.002222,0.028897,-0.010965,0.120033,0.032037,-0.015283,0.270728,-0.099201,-0.099201,0.276415,430250.000000,3018543.000000,0.061813
2016-05-24,13.640000,13.920000,13.620000,13.850000,945300,0.000000,0.000000,13.039680,13.307356,13.020560,13.240438,12.733765,12.732809,12.042681,12.464224,12.765007,12.732762,0.032245,-0.016923,0.049167,61.098097,12.733765,13.293608,12.173922,0.952513,0.320667,0.024219,0.023651,0.078660,0.010949,0.135246,0.050038,0.016887,0.283259,-0.077896,-0.077896,0.306604,407945.000000,13092405.000000,0.065143
2016-05-25,13.940000,14.010000,13.840000,13.990000,400900,0.000000,0.000000,13.326477,13.393396,13.230878,13.374276,12.738067,12.758621,12.049564,12.460591,12.858741,12.780282,0.078459,0.002154,0.076305,63.236652,12.738067,13.316852,12.159282,1.049608,0.309371,0.023132,0.010108,0.058245,0.015977,0.141110,0.067939,0.001431,0.284771,-0.068575,-0.068575,0.319811,399650.000000,5608591.000000,0.072869
2016-05-26,13.990000,14.020000,13.950000,13.980000,287300,0.000000,0.000000,13.374278,13.402958,13.336038,13.364717,12.760533,12.782520,12.061036,12.457149,12.936583,12.823573,0.113010,0.024325,0.088685,62.970393,12.760533,13.399999,12.121066,0.972413,0.292053,0.021853,-0.000715,0.066362,0.005755,0.131068,0.053504,-0.002142,0.283106,-0.069241,-0.069241,0.318868,393390.000000,4016454.000000,0.063254
2016-05-27,14.010000,14.280000,13.480000,14.260000,509600,0.000000,0.000000,13.393397,13.651513,12.886722,13.632394,12.806898,12.805464,12.075376,12.455142,13.043631,12.883486,0.160145,0.051489,0.108656,67.142475,12.806898,13.554727,12.059068,1.051928,0.325820,0.023900,0.020029,0.056296,0.055514,0.153722,0.053176,0.023690,0.270892,-0.050599,-0.050599,0.345283,397890.000000,7266896.000000,0.071327
2016-05-31,14.280000,14.340000,14.170000,14.260000,831100,0.000000,0.000000,13.651513,13.708873,13.546355,13.632394,12.837967,12.828025,12.093157,12.454282,13.134210,12.938961,0.195249,0.080241,0.115008,67.142475,12.837967,13.668555,12.007380,0.978232,0.314156,0.023045,0.000000,0.053954,0.072987,0.136255,0.050074,-0.012465,0.262237,-0.050599,-0.050599,0.345283,414540.000000,11851486.000000,0.081144
2016-06-01,14.170000,14.410000,13.740000,14.390000,801300,0.000000,0.000000,13.546356,13.775793,13.135281,13.756674,12.876685,12.849822,12.117917,12.453995,13.229974,12.999532,0.230442,0.110281,0.120160,69.021872,12.876685,13.802356,11.951014,0.975325,0.337467,0.024531,0.009117,0.038989,0.057311,0.139351,0.056535,0.017680,0.252373,-0.041944,-0.041944,0.357548,430155.000000,11530707.000000,0.086447
2016-06-02,14.300000,14.490000,14.280000,14.490000,445800,0.000000,0.000000,13.670633,13.852270,13.651513,13.852270,12.924962,12.872575,12.146884,12.452943,13.325712,13.062698,0.263014,0.140828,0.122186,70.423256,12.924962,13.948389,11.901535,0.953040,0.327702,0.023657,0.006949,0.035740,0.067010,0.134690,0.057664,0.011165,0.252088,-0.035286,-0.035286,0.366981,431245.000000,6459642.000000,0.078621
2016-06-03,14.400000,14.410000,14.220000,14.400000,322100,0.000000,0.000000,13.766232,13.775793,13.594155,13.766232,12.987102,12.897430,12.173651,12.452609,13.393484,13.114812,0.278673,0.168397,0.110276,67.465130,12.987102,14.057710,11.916493,0.863873,0.322731,0.023444,-0.006211,0.030043,0.068249,0.109399,0.048798,0.004184,0.251510,-0.041278,-0.041278,0.358491,428125.000000,4638240.000000,0.061594
2016-06-06,14.390000,14.510000,14.260000,14.440000,447700,0.000000,0.000000,13.756672,13.871391,13.632394,13.804471,13.047807,12.925154,12.202522,12.453134,13.456713,13.165897,0.290815,0.192880,0.097935,68.106348,13.047807,14.160551,11.935062,0.839999,0.316750,0.022945,0.002778,0.012623,0.102290,0.115058,0.086531,-0.005510,0.224089,-0.038615,-0.038615,0.362264,435920.000000,6464788.000000,0.059738
2016-06-07,14.450000,14.600000,14.390000,14.590000,474400,0.000000,0.000000,13.814030,13.957428,13.756671,13.947868,13.113292,12.958613,12.237033,12.456815,13.532275,13.223821,0.308454,0.215995,0.092459,70.457708,13.113292,14.277494,11.949090,0.858433,0.308465,0.022116,0.010388,0.023141,0.107821,0.156101,0.066520,0.023141,0.224939,-0.028629,-0.028629,0.376415,447085.000000,6921496.000000,0.088787
2016-06-08,14.560000,14.770000,14.510000,14.740000,438800,0.000000,0.000000,13.919189,14.119947,13.871390,14.091267,13.181167,12.982513,12.270302,12.461690,13.618274,13.288076,0.330197,0.238836,0.091362,72.630751,13.181167,14.408766,11.953568,0.870683,0.304186,0.021587,0.010281,0.024322,0.114977,0.150664,0.098361,0.032936,0.225628,-0.018642,-0.018642,0.390566,459300.000000,6467912.000000,0.086428
2016-06-09,14.600000,14.740000,14.540000,14.690000,408800,0.000000,0.000000,13.957430,14.091268,13.900071,14.043468,13.254778,13.003927,12.306629,12.468526,13.683688,13.344031,0.339657,0.259000,0.080657,70.762293,13.254778,14.504741,12.004815,0.815485,0.296115,0.021086,-0.003392,0.013803,0.102853,0.154874,0.101199,0.008929,0.227423,-0.021971,-0.021971,0.385849,462590.000000,6005272.000000,0.091286
2016-06-10,14.500000,14.500000,14.310000,14.340000,353800,0.000000,0.000000,13.861834,13.861834,13.680196,13.708876,13.323131,13.017694,12.342192,12.474548,13.687563,13.371057,0.316507,0.270501,0.046005,59.268390,13.323131,14.510848,12.135415,0.662389,0.300912,0.021950,-0.023825,-0.004166,0.090494,0.109907,0.063010,-0.008984,0.240993,-0.045273,-0.045273,0.352831,459920.000000,5073492.000000,0.079144
2016-06-13,14.270000,14.360000,14.160000,14.180000,408200,0.000000,0.000000,13.641956,13.727994,13.536797,13.555917,13.381447,13.031460,12.374982,12.477942,13.667310,13.384750,0.282560,0.272913,0.009647,54.879826,13.381447,14.487925,12.274969,0.578840,0.293075,0.021620,-0.011158,-0.018005,0.098374,0.107813,0.044183,-0.012534,0.233796,-0.055925,-0.055925,0.337736,461445.000000,5788276.000000,0.087149
2016-06-14,14.160000,14.250000,14.020000,14.170000,378700,0.000000,0.000000,13.536795,13.622834,13.402957,13.546355,13.430202,13.048859,12.409111,12.480284,13.648702,13.396721,0.251981,0.268726,-0.016746,54.607612,13.430202,14.470306,12.390099,0.555837,0.287847,0.021249,-0.000705,-0.028787,0.093364,0.121044,0.074299,-0.017337,0.234507,-0.056591,-0.056591,0.336793,460705.000000,5366179.000000,0.096750
2016-06-15,14.200000,14.380000,14.120000,14.210000,433700,0.000000,0.000000,13.575036,13.747114,13.498557,13.584596,13.495687,13.068743,12.438078,12.482722,13.638839,13.410638,0.228202,0.260622,-0.032420,55.557049,13.495687,14.383256,12.608118,0.550085,0.285040,0.020983,0.002823,-0.035956,0.080608,0.116261,0.089724,-0.032675,0.231524,-0.053928,-0.053928,0.340566,456995.000000,6162877.000000,0.101366
2016-06-16,14.130000,14.280000,13.990000,14.260000,253200,0.000000,0.000000,13.508115,13.651513,13.374277,13.632394,13.545399,13.087289,12.468000,12.485256,13.637848,13.427064,0.210784,0.250654,-0.039870,56.774055,13.545399,14.336916,12.753882,0.554955,0.284483,0.020868,0.003519,-0.029272,0.110592,0.091884,0.058649,-0.031250,0.209099,-0.050599,-0.050599,0.345283,453730.000000,3610632.000000,0.077239
2016-06-17,14.250000,14.280000,13.910000,14.270000,777800,0.000000,0.000000,13.622834,13.651514,13.297798,13.641954,13.600846,13.110233,12.495819,12.489796,13.638479,13.442982,0.195498,0.239623,-0.044125,57.027518,13.600846,14.233096,12.968597,0.532509,0.289428,0.021216,0.000701,-0.004882,0.079425,0.090979,0.038574,-0.038410,0.189467,-0.049933,-0.049933,0.346227,472610.000000,11099206.000000,0.090001
2016-06-20,14.400000,14.520000,14.310000,14.380000,465400,0.000000,0.000000,13.766230,13.880949,13.680191,13.747110,13.642910,13.135662,12.526124,12.494242,13.655192,13.465510,0.189682,0.229635,-0.039953,59.818492,13.642910,14.186143,13.099676,0.595907,0.285826,0.020792,0.007708,0.014104,0.096873,0.085283,0.057353,-0.017760,0.184715,-0.042610,-0.042610,0.356604,480350.000000,6692452.000000,0.079390
2016-06-21,14.370000,14.450000,14.230000,14.350000,516800,0.000000,0.000000,13.737552,13.814031,13.603713,13.718432,13.682105,13.156885,12.557098,12.498018,13.664921,13.484245,0.180676,0.219843,-0.039167,58.698811,13.682105,14.111279,13.252931,0.542322,0.280432,0.020442,-0.002086,0.012703,0.062963,0.078947,0.086298,-0.025136,0.161268,-0.044607,-0.044607,0.353774,495035.000000,7416080.000000,0.074364
2016-06-22,14.350000,14.510000,14.310000,14.330000,260300,0.000000,0.000000,13.718431,13.871389,13.680192,13.699311,13.705049,13.178682,12.582623,12.502750,13.670212,13.500176,0.170036,0.209882,-0.039845,57.920351,13.705049,14.080507,13.329590,0.492359,0.274058,0.020005,-0.001394,0.008444,0.059128,0.093893,0.055228,-0.035666,0.161962,-0.045939,-0.045939,0.351887,460785.000000,3730099.000000,0.080376
2016-06-23,14.510000,14.760000,14.360000,14.740000,336300,0.000000,0.000000,13.871390,14.110387,13.727991,14.091267,13.740898,13.202008,12.614553,12.507482,13.734990,13.543960,0.191029,0.206111,-0.015082,67.449874,13.740898,14.120275,13.361521,0.961768,0.283845,0.020143,0.028611,0.033660,0.064260,0.134719,0.071221,-0.011402,0.170689,-0.018642,-0.018642,0.390566,457555.000000,4957062.000000,0.106115
2016-06-24,13.990000,14.300000,13.750000,13.910000,922900,0.000000,0.000000,13.374279,13.670636,13.144842,13.297800,13.737553,13.208700,12.641321,12.508725,13.667730,13.525726,0.142004,0.193290,-0.051286,45.155821,13.737553,14.131788,13.343317,-0.057728,0.331173,0.024904,-0.056309,-0.025228,-0.005718,0.083334,0.010167,-0.073901,0.264980,-0.073901,-0.063299,0.312265,489335.000000,12837539.000000,0.095671
2016-06-27,13.800000,13.890000,13.410000,13.520000,541100,0.000000,0.000000,13.192640,13.278680,12.819805,12.924964,13.702181,13.208126,12.661301,12.508629,13.553458,13.481225,0.072233,0.169078,-0.096845,38.685450,13.702181,14.237752,13.166610,-0.225597,0.341660,0.026434,-0.028037,-0.059805,-0.032904,0.002224,-0.014577,-0.089562,0.282082,-0.099867,-0.087719,0.275472,490910.000000,7315672.000000,0.054256
2016-06-28,13.640000,13.860000,13.590000,13.740000,484700,0.000000,0.000000,13.039676,13.249992,12.991876,13.135274,13.677325,13.209273,12.682715,12.510111,13.489122,13.455599,0.033523,0.141967,-0.108444,43.595189,13.677325,14.269667,13.084983,0.042451,0.340472,0.025920,0.016272,-0.042509,-0.036466,0.012527,0.003652,-0.055021,0.278760,-0.085220,-0.072875,0.296226,473590.000000,6659778.000000,0.048964
2016-06-29,13.910000,14.110000,13.850000,14.030000,457800,0.000000,0.000000,13.297798,13.488996,13.240439,13.412517,13.660117,13.216539,12.711012,12.512788,13.477337,13.452408,0.024929,0.118559,-0.093631,49.352720,13.660117,14.262661,13.057573,0.294538,0.341418,0.025455,0.021107,-0.020935,-0.016129,0.030103,0.019622,-0.037062,0.289678,-0.065912,-0.053306,0.323585,456415.000000,6422934.000000,0.048707
2016-06-30,14.020000,14.470000,13.800000,14.470000,372200,0.000000,0.000000,13.402957,13.833152,13.192640,13.833152,13.659161,13.234703,12.741891,12.516325,13.532077,13.480611,0.051466,0.105141,-0.053675,56.592343,13.659161,14.260481,13.057841,0.644674,0.362782,0.026226,0.031361,-0.018317,0.005559,0.075037,0.068686,0.018297,0.308716,-0.036618,-0.023617,0.365095,452735.000000,5385734.000000,0.089661
2016-07-01,14.450000,14.560000,14.060000,14.500000,346700,0.000000,0.000000,13.814032,13.919191,13.441197,13.861832,13.663941,13.253440,12.768658,12.519910,13.582809,13.508850,0.073959,0.098904,-0.024945,57.043212,13.663941,14.270344,13.057539,0.663168,0.371012,0.026765,0.002073,0.042415,0.000690,0.093514,0.092690,0.034237,0.307883,-0.034621,-0.021592,0.367925,453965.000000,5027150.000000,0.099489
2016-07-05,14.380000,14.440000,14.120000,14.160000,268100,0.000000,0.000000,13.747111,13.804470,13.498554,13.536794,13.650557,13.262618,12.793896,12.521774,13.575730,13.510920,0.064810,0.092086,-0.027276,50.625336,13.650557,14.255715,13.045400,0.406005,0.370459,0.027367,-0.023448,0.047337,-0.016667,0.075171,0.107981,0.022383,0.318038,-0.057257,-0.044534,0.335849,444985.000000,3796296.000000,0.079512
2016-07-06,14.040000,14.200000,13.970000,14.190000,330300,0.000000,0.000000,13.422076,13.575034,13.355157,13.565474,13.631438,13.271986,12.819326,12.524881,13.574152,13.514961,0.059191,0.085507,-0.026316,51.147615,13.631438,14.221006,13.041869,0.444058,0.359703,0.026516,0.002119,0.032752,-0.017313,0.067720,0.112069,0.032000,0.317958,-0.055260,-0.042510,0.338679,437780.000000,4686957.000000,0.080230
2016-07-07,14.260000,14.420000,14.070000,14.190000,278800,0.000000,0.000000,13.632393,13.785351,13.450755,13.565474,13.605148,13.280017,12.843608,12.527749,13.572817,13.518702,0.054114,0.079228,-0.025114,51.147615,13.605148,14.153858,13.056438,0.463848,0.357910,0.026384,0.000000,0.011404,-0.027416,0.085692,0.144355,0.048006,0.315446,-0.055260,-0.042510,0.338679,429780.000000,3956172.000000,0.079827
2016-07-08,14.320000,14.750000,14.180000,14.690000,629900,0.000000,0.000000,13.689753,14.100828,13.555915,14.043468,13.605148,13.295121,12.869324,12.534441,13.645225,13.557574,0.087651,0.080913,0.006738,59.440473,13.605148,14.153858,13.056438,0.899409,0.371267,0.026437,0.035236,0.015204,-0.003392,0.125670,0.244915,0.082535,0.337871,-0.021971,-0.008772,0.385849,440835.000000,9253231.000000,0.103803
2016-07-11,14.760000,15.000000,14.760000,14.960000,550000,0.000000,0.000000,14.110388,14.339825,14.110388,14.301585,13.634784,13.322845,12.897526,12.543236,13.746203,13.612686,0.133517,0.091434,0.042084,63.084687,13.634784,14.265045,13.004522,1.028988,0.365917,0.025586,0.018380,0.031724,0.018380,0.129909,0.305410,0.088000,0.343443,-0.003995,0.000000,0.411321,450645.000000,8228000.000000,0.097791
2016-07-12,15.000000,15.100000,14.930000,14.980000,614400,0.000000,0.000000,14.339827,14.435426,14.272908,14.320706,13.673023,13.355157,12.924867,12.552461,13.834588,13.665132,0.169456,0.107038,0.062418,63.347408,13.673023,14.372175,12.973871,0.963192,0.351388,0.024537,0.001337,0.057910,0.044630,0.135709,0.291379,0.077698,0.331286,-0.002663,0.000000,0.413208,460955.000000,9203712.000000,0.104771
2016-07-13,15.090000,15.100000,14.920000,14.990000,551600,0.000000,0.000000,14.425862,14.435422,14.263344,14.330263,13.712218,13.381542,12.952399,12.562308,13.910846,13.714401,0.196445,0.124920,0.071526,63.487279,13.712218,14.467141,12.957296,0.909343,0.338580,0.023627,0.000667,0.056378,0.057122,0.108727,0.312609,0.078417,0.327751,-0.001998,0.000000,0.414151,469600.000000,8268484.000000,0.096942
2016-07-14,15.100000,15.290000,14.860000,15.050000,383100,0.000000,0.000000,14.435422,14.617060,14.205985,14.387623,13.752370,13.409648,12.980410,12.572681,13.984196,13.764269,0.219927,0.143921,0.076006,64.366214,13.752370,14.562139,12.942600,0.892243,0.343758,0.023893,0.004003,0.060606,0.062103,0.109882,0.370674,0.057625,0.327513,0.000000,0.000000,0.419811,467070.000000,5765655.000000,0.092055
2016-07-15,15.170000,15.170000,14.920000,15.000000,318900,0.000000,0.000000,14.502343,14.502343,14.263346,14.339825,13.787741,13.438710,13.008325,12.582432,14.038908,13.806903,0.232005,0.161538,0.070467,63.005163,13.787741,14.636318,12.939165,0.825300,0.336275,0.023450,-0.003322,0.021103,0.055595,0.107011,0.332149,0.058574,0.328264,-0.003322,-0.003322,0.415095,470355.000000,4783500.000000,0.088509
2016-07-18,15.110000,15.180000,14.920000,14.960000,313600,0.000000,0.000000,14.444983,14.511903,14.263346,14.301585,13.820723,13.474273,13.034710,12.590892,14.079320,13.843546,0.235774,0.176385,0.059389,61.877851,13.820723,14.696288,12.945158,0.774601,0.330010,0.023075,-0.002667,0.000000,0.049088,0.093567,0.373737,0.072402,0.328789,-0.005980,-0.005980,0.411321,447145.000000,4691456.000000,0.074261
2016-07-19,14.920000,15.010000,14.530000,14.890000,337700,0.000000,0.000000,14.263346,14.349385,13.890510,14.234667,13.845101,13.507159,13.059852,12.600022,14.103220,13.872518,0.230702,0.187248,0.043453,59.859435,13.845101,14.738993,12.951208,0.717904,0.339215,0.023830,-0.004679,-0.006008,0.043448,0.090843,0.402072,0.083698,0.329685,-0.010631,-0.010631,0.404717,440760.000000,5028353.000000,0.071403
2016-07-20,14.980000,15.010000,14.890000,14.950000,355100,0.000000,0.000000,14.320701,14.349381,14.234663,14.292022,13.873780,13.540236,13.084612,12.607909,14.132266,13.903592,0.228674,0.195534,0.033140,61.032680,13.873780,14.787155,12.960405,0.728954,0.323179,0.022613,0.004029,-0.002669,0.039638,0.105769,0.390697,0.097650,0.329161,-0.006645,-0.006645,0.410377,432675.000000,5308745.000000,0.077111
2016-07-21,14.880000,14.930000,14.700000,14.720000,356200,0.000000,0.000000,14.225106,14.272906,14.053028,14.072148,13.892422,13.567004,13.107174,12.612641,14.123017,13.916078,0.206939,0.197815,0.009125,54.460973,13.892422,14.806023,12.978821,0.598361,0.317166,0.022539,-0.015384,-0.021927,0.025784,0.088757,0.388679,0.090370,0.334453,-0.021927,-0.021927,0.388679,437470.000000,5243264.000000,0.062875
2016-07-22,14.720000,14.790000,14.560000,14.760000,288100,0.000000,0.000000,14.072147,14.139066,13.919189,14.110387,13.893378,13.597787,13.128301,12.617373,14.121074,13.930471,0.190603,0.196372,-0.005769,55.361187,13.893378,14.807894,12.978862,0.618647,0.310217,0.021985,0.002717,-0.016000,0.030007,0.078947,0.320214,0.103964,0.334319,-0.019269,-0.019269,0.392453,435060.000000,4252356.000000,0.039420
2016-07-25,14.700000,14.940000,14.700000,14.890000,597000,0.000000,0.000000,14.053029,14.282466,14.053029,14.234667,13.940221,13.635644,13.149906,12.622201,14.138550,13.953004,0.185546,0.194207,-0.008661,58.249866,13.940221,14.821667,13.058776,0.667024,0.304447,0.021388,0.008808,-0.004679,0.010177,0.086861,0.337825,0.127176,0.320946,-0.010631,-0.010631,0.404717,418765.000000,8889330.000000,0.045634
2016-07-26,14.960000,15.250000,14.890000,15.220000,666300,0.000000,0.000000,14.301589,14.578826,14.234670,14.550146,14.021480,13.678855,13.173328,12.628797,14.201872,13.997237,0.204635,0.196293,0.008343,64.525490,14.021480,14.802801,13.240160,0.838315,0.307283,0.021119,0.022163,0.022163,0.094177,0.105302,0.339789,0.153031,0.253390,0.000000,0.000000,0.435850,425025.000000,10141086.000000,0.059934
2016-07-27,15.900000,17.730000,15.780000,16.950001,3643700,0.000000,0.000000,15.200217,16.949676,15.085499,16.204006,14.174917,13.751510,13.211281,12.643280,14.509893,14.160701,0.349192,0.226873,0.122319,80.810249,14.174917,15.336304,13.013530,1.373563,0.456729,0.028186,0.113666,0.133780,0.253698,0.219425,0.512044,0.277317,0.435060,0.000000,0.000000,0.599057,582975.000000,61760718.643700,0.162534
2016-07-28,16.650000,17.000000,16.559999,16.870001,1481800,0.000000,0.000000,15.917203,16.251799,15.831164,16.127522,14.310667,13.828562,13.248756,12.657859,14.758759,14.306392,0.452367,0.271971,0.180396,79.004029,14.310667,15.707637,12.913697,1.150284,0.454151,0.028160,-0.004720,0.146060,0.227802,0.248704,0.518452,0.258017,0.438022,-0.004720,-0.004720,0.591510,634175.000000,24997967.481800,0.175932
2016-07-29,16.930000,17.139999,16.780001,17.090000,994300,0.000000,0.000000,16.184883,16.385640,16.041485,16.337841,14.435902,13.902556,13.291488,12.674159,15.001695,14.456869,0.544825,0.326542,0.218283,80.307490,14.435902,16.079869,12.791935,1.078460,0.446294,0.027317,0.013041,0.157859,0.218104,0.285929,0.465695,0.160217,0.436371,0.000000,0.000000,0.612264,665280.000000,16992587.000000,0.204936
2016-08-01,17.059999,17.230000,16.920000,16.969999,969300,0.000000,0.000000,16.309163,16.471681,16.175325,16.223124,14.553966,13.976358,13.331257,12.689263,15.189607,14.587703,0.601904,0.381615,0.220289,77.481981,14.553966,16.355913,12.752020,0.963154,0.435585,0.026850,-0.007022,0.139691,0.172771,0.246877,0.488597,0.145074,0.432694,-0.007022,-0.007022,0.600944,696410.000000,16449020.030700,0.170779
2016-08-02,16.959999,17.000000,16.680000,16.799999,627400,0.000000,0.000000,16.213556,16.251797,15.945881,16.060598,14.680157,14.039453,13.370262,12.702695,15.323606,14.696806,0.626799,0.430651,0.196148,73.534574,14.680157,16.534887,12.825426,0.872141,0.426322,0.026545,-0.010018,0.103810,0.158620,0.237113,0.512151,0.142080,0.436772,-0.016969,-0.016969,0.584905,714375.000000,10540319.372600,0.158487
2016-08-03,16.820000,16.920000,16.719999,16.770000,514600,0.000000,0.000000,16.079724,16.175323,15.984125,16.031925,14.803479,14.101401,13.407067,12.716174,15.432578,14.795704,0.636874,0.471896,0.164978,72.829630,14.803479,16.674067,12.932891,0.828358,0.409528,0.025545,-0.001785,-0.010620,0.184322,0.244065,0.467191,0.156552,0.423761,-0.018724,-0.018724,0.582076,723590.000000,8629842.000000,0.152205
2016-08-04,16.740000,16.879999,16.660000,16.670000,433500,0.000000,0.000000,16.003249,16.137087,15.926770,15.936330,14.922022,14.155319,13.444064,12.729128,15.510078,14.880195,0.629883,0.503493,0.126390,70.406255,14.922022,16.762523,13.081521,0.775552,0.395299,0.024805,-0.005963,-0.011855,0.174771,0.272519,0.449566,0.136333,0.426190,-0.024576,-0.024576,0.572642,731325.000000,7226445.000000,0.177300
2016-08-05,16.740000,17.219999,16.690001,17.090000,503900,0.000000,0.000000,16.003245,16.462119,15.955446,16.337841,15.036741,14.214591,13.486606,12.743803,15.637426,14.988169,0.649258,0.532646,0.116611,74.277671,15.036741,16.931878,13.141603,0.843273,0.404619,0.024766,0.025195,0.000000,0.204369,0.297646,0.543812,0.161005,0.429140,0.000000,0.000000,0.612264,725025.000000,8611651.000000,0.195251
2016-08-08,17.100000,17.240000,17.020000,17.129999,418300,0.000000,0.000000,16.347397,16.481235,16.270918,16.376076,15.140465,14.274818,13.528669,12.759290,15.751065,15.090977,0.660088,0.558135,0.101953,74.618190,15.140465,17.092416,13.188514,0.816507,0.390741,0.023860,0.002340,0.009428,0.166099,0.295764,0.524021,0.166893,0.419026,0.000000,0.000000,0.616038,718440.000000,7165478.581700,0.198309
2016-08-09,17.100000,17.330000,17.090000,17.139999,343100,0.000000,0.000000,16.347399,16.567276,16.337839,16.385637,15.243712,14.329883,13.567673,12.779317,15.848691,15.186877,0.661814,0.578870,0.082943,74.708354,15.243712,17.231214,13.256209,0.787277,0.379219,0.023143,0.000584,0.020238,0.145722,0.286787,0.464957,0.162034,0.417821,0.000000,0.000000,0.616981,704875.000000,5880733.656900,0.200381
2016-08-10,17.190001,17.190001,16.860001,16.920000,255300,0.000000,0.000000,16.433437,16.433437,16.117961,16.175320,15.335964,14.380741,13.604383,12.798915,15.898942,15.260095,0.638846,0.590866,0.047981,68.909443,15.335964,17.316213,13.355716,0.711932,0.374666,0.023163,-0.012835,0.008944,0.129506,0.286692,0.468749,0.151021,0.423011,-0.012835,-0.012835,0.596226,690060.000000,4319676.000000,0.193451
2016-08-11,16.950001,17.010000,16.910000,16.940001,274800,0.000000,0.000000,16.204003,16.261362,16.165762,16.194443,15.426305,14.429496,13.639659,12.819612,15.944403,15.329306,0.615097,0.595712,0.019385,69.143965,15.426305,17.389170,13.463441,0.695667,0.354733,0.021905,0.001182,0.016197,0.130087,0.312161,0.469211,0.153951,0.422931,-0.011668,-0.011668,0.598113,684645.000000,4655112.274800,0.208502
2016-08-12,16.940001,17.070000,16.889999,17.030001,303000,0.000000,0.000000,16.194438,16.318716,16.146638,16.280478,15.523338,14.478061,13.675318,12.841887,15.996107,15.399763,0.596344,0.595838,0.000506,70.231917,15.523338,17.451623,13.595053,0.696325,0.341686,0.020987,0.005313,-0.003511,0.131561,0.314043,0.461803,0.179363,0.422872,-0.006418,-0.006418,0.606604,683850.000000,5160090.303000,0.204835
2016-08-15,17.020000,17.219999,17.020000,17.080000,503500,0.000000,0.000000,16.270921,16.462117,16.270921,16.328279,15.624673,14.529302,13.713366,12.861963,16.047211,15.468542,0.578668,0.592404,-0.013736,70.846953,15.624673,17.494754,13.754592,0.688122,0.330937,0.020268,0.002936,-0.002919,0.138667,0.298859,0.423333,0.182007,0.421646,-0.003501,-0.003501,0.611321,693345.000000,8599780.000000,0.196971
2016-08-16,17.080000,17.170000,16.690001,16.719999,703500,0.000000,0.000000,16.328281,16.414320,15.955446,15.984124,15.712146,14.572895,13.749024,12.881035,16.037505,15.506734,0.530771,0.580078,-0.049306,61.064652,15.712146,17.468684,13.955607,0.577419,0.340075,0.021276,-0.021077,-0.024504,0.117647,0.302181,0.392173,0.136642,0.431410,-0.024504,-0.024504,0.577359,711635.000000,11762519.296500,0.193739
2016-08-17,16.709999,16.900000,16.580000,16.790001,624400,0.000000,0.000000,15.974564,16.156202,15.850286,16.051044,15.800097,14.614958,13.786786,12.899963,16.039588,15.547053,0.492535,0.562569,-0.070034,62.158788,15.800097,17.428733,14.171460,0.577042,0.337635,0.021035,0.004187,-0.007683,0.127602,0.270045,0.385313,0.160332,0.429827,-0.020420,-0.020420,0.583962,725100.000000,10483676.624400,0.166748
2016-08-18,16.889999,17.070000,16.809999,17.030001,318700,0.000000,0.000000,16.146638,16.318716,16.070159,16.280478,15.910513,14.658742,13.820628,12.919704,16.076648,15.601381,0.475267,0.545109,-0.069842,65.715968,15.910513,17.332172,14.488854,0.630117,0.332638,0.020432,0.014294,0.005313,0.139130,0.299008,0.406275,0.188416,0.430685,-0.006418,-0.006418,0.606604,723225.000000,5427461.318700,0.187047
2016-08-19,17.000000,17.370001,17.000000,17.309999,823700,0.000000,0.000000,16.251801,16.605517,16.251801,16.548157,16.032402,14.708836,13.856382,12.940162,16.149188,15.671512,0.477675,0.531622,-0.053947,69.337479,16.032402,17.199431,14.865373,0.720969,0.334143,0.020192,0.016442,0.016442,0.175951,0.282222,0.428218,0.252532,0.424323,0.000000,0.000000,0.633019,750005.000000,14258246.176300,0.183928
2016-08-22,17.250000,17.459999,17.080000,17.100000,352200,0.000000,0.000000,16.490799,16.691555,16.328280,16.347401,16.138039,14.761607,13.889650,12.959617,16.179682,15.721578,0.458104,0.516918,-0.058814,63.886830,16.138039,16.947650,15.328427,0.629298,0.336224,0.020567,-0.012132,0.001171,0.158537,0.263858,0.415563,0.246356,0.429765,-0.012132,-0.012132,0.613208,737765.000000,6022620.000000,0.163388
2016-08-23,17.090000,17.580000,17.090000,17.570000,777100,0.000000,0.000000,16.337839,16.806273,16.337839,16.796713,16.250367,14.826423,13.928941,12.981461,16.274610,15.801218,0.473392,0.508213,-0.034821,69.639319,16.250367,16.653925,15.846809,1.176911,0.345668,0.020579,0.027485,0.050837,0.179986,0.268592,0.440164,0.325037,0.435391,0.000000,0.000000,0.657547,743305.000000,13653647.000000,0.186507
2016-08-24,17.540001,17.690001,17.400000,17.430000,346900,0.000000,0.000000,16.768037,16.911435,16.634198,16.662878,16.273310,14.888753,13.968806,13.002254,16.334343,15.865044,0.469299,0.500430,-0.031131,66.253933,16.273310,16.716046,15.830575,0.939955,0.340780,0.020451,-0.007968,0.038118,0.145203,0.245890,0.421697,0.332569,0.435771,-0.007968,-0.007968,0.644340,578465.000000,6046467.000000,0.179944
2016-08-25,17.350000,17.500000,17.240000,17.309999,425000,0.000000,0.000000,16.586397,16.729795,16.481238,16.548157,16.294342,14.948024,14.008384,13.022043,16.367238,15.915645,0.451593,0.490663,-0.039070,63.408433,16.294342,16.747752,15.840932,0.779895,0.334192,0.020195,-0.006885,0.016442,0.021239,0.238197,0.400485,0.285078,0.199222,-0.014798,-0.014798,0.633019,525625.000000,7356749.575000,0.174867
2016-08-26,17.270000,17.540001,17.230000,17.370001,407400,0.000000,0.000000,16.509917,16.768035,16.471677,16.605516,16.307726,15.007487,14.047388,13.042597,16.403896,15.966747,0.437149,0.479960,-0.042811,64.235503,16.307726,16.781871,15.833581,0.814029,0.331490,0.019963,0.003466,0.003466,0.029638,0.218092,0.405340,0.269737,0.198237,-0.011383,-0.011383,0.638679,496280.000000,7076538.407400,0.160239
2016-08-29,17.350000,17.559999,17.330000,17.510000,596200,0.000000,0.000000,16.586391,16.787148,16.567271,16.739349,16.333537,15.069435,14.089834,13.063867,16.455504,16.023977,0.431528,0.470274,-0.038746,66.157573,16.333537,16.843167,15.823908,0.898144,0.323518,0.019327,0.008060,0.023976,0.024575,0.227910,0.395218,0.278101,0.195302,-0.003415,-0.003415,0.651886,477625.000000,10439462.000000,0.170457
2016-08-30,17.520000,17.680000,17.340000,17.420000,353800,0.000000,0.000000,16.748910,16.901868,16.576832,16.653311,16.363173,15.127559,14.131611,13.086859,16.485936,16.070594,0.415342,0.459287,-0.043945,63.784327,16.363173,16.874904,15.851442,0.783487,0.323626,0.019433,-0.005140,-0.008538,0.026517,0.210562,0.379256,0.268754,0.194407,-0.008538,-0.008538,0.643396,463945.000000,6163196.000000,0.155892
2016-08-31,17.440001,17.440001,16.990000,17.040001,771100,0.000000,0.000000,16.672438,16.672438,16.242242,16.290043,16.376079,15.178991,14.167938,13.108034,16.455799,16.086850,0.368949,0.441220,-0.072271,54.839387,16.376079,16.865152,15.887005,0.412042,0.331238,0.020334,-0.021814,-0.022375,0.014286,0.175984,0.334377,0.279279,0.206962,-0.030165,-0.030165,0.607548,476770.000000,13139544.771100,0.127333
2016-09-01,17.100000,17.280001,16.889999,17.280001,460700,0.000000,0.000000,16.347400,16.519478,16.146641,16.519478,16.405236,15.235394,14.207038,13.129400,16.465595,16.118896,0.346699,0.422316,-0.075616,58.771931,16.405236,16.851589,15.958883,0.627973,0.334210,0.020231,0.014084,-0.001733,0.030411,0.200000,0.331279,0.284758,0.211752,-0.016505,-0.016505,0.630189,478130.000000,7960896.460700,0.142400
2016-09-02,17.330000,17.379999,17.070000,17.270000,427100,0.000000,0.000000,16.567277,16.615076,16.318720,16.509918,16.413840,15.283767,14.242888,13.151053,16.472414,16.147861,0.324554,0.402763,-0.078210,58.543175,16.413840,16.861355,15.966325,0.607346,0.331506,0.020079,-0.000579,-0.005757,0.035992,0.195983,0.333590,0.273599,0.210173,-0.017074,-0.017074,0.629245,474290.000000,7376017.000000,0.139391
2016-09-06,17.290001,17.340000,17.010000,17.100000,369900,0.000000,0.000000,16.529039,16.576838,16.261362,16.347401,16.412406,15.344759,14.276730,13.170412,16.453181,16.162641,0.290540,0.380319,-0.089778,54.649039,16.412406,16.860614,15.964198,0.427483,0.330361,0.020209,-0.009844,-0.023415,0.000585,0.172036,0.354992,0.281859,0.195500,-0.026750,-0.026750,0.613208,471870.000000,6325290.000000,0.108719
2016-09-07,17.100000,17.230000,16.950001,17.230000,643400,0.000000,0.000000,16.347398,16.471676,16.204000,16.471676,16.416708,15.415693,14.311910,13.190106,16.456027,16.185533,0.270494,0.358354,-0.087860,57.004251,16.416708,16.865486,15.967931,0.561242,0.325883,0.019784,0.007602,-0.010907,0.005838,0.168928,0.345043,0.253091,0.197103,-0.019351,-0.019351,0.625472,486885.000000,11085782.000000,0.106755
2016-09-08,17.129999,17.200001,16.950001,17.000000,362800,0.000000,0.000000,16.376082,16.443003,16.204006,16.251804,16.420532,15.478024,14.343649,13.208317,16.424608,16.190442,0.234166,0.333516,-0.099350,51.871575,16.420532,16.861891,15.979174,0.308853,0.321725,0.019796,-0.013348,-0.002347,-0.008168,0.157250,0.336478,0.245422,0.202724,-0.032441,-0.032441,0.603774,492260.000000,6167600.000000,0.096576
2016-09-09,16.870001,16.870001,16.400000,16.410000,454000,0.000000,0.000000,16.127526,16.127526,15.678211,15.687771,16.395199,15.523529,14.370034,13.224139,16.311248,16.153207,0.158041,0.298421,-0.140380,41.538937,16.395199,16.937761,15.852637,-0.151932,0.339716,0.021655,-0.034706,-0.050347,-0.030142,0.144351,0.270124,0.211965,0.231815,-0.066021,-0.066021,0.548114,501220.000000,7450140.000000,0.097082
2016-09-12,16.360001,16.629999,16.320000,16.629999,595600,0.000000,0.000000,15.639972,15.898088,15.601732,15.898088,16.376079,15.564828,14.399765,13.240199,16.247685,16.134309,0.113376,0.261412,-0.148036,45.868891,16.376079,16.960963,15.791196,0.091379,0.336619,0.021174,0.013406,-0.037058,-0.018300,0.172778,0.299219,0.238273,0.237303,-0.053500,-0.053500,0.568868,515850.000000,9904827.404400,0.097816
2016-09-13,16.530001,16.660000,16.209999,16.240000,410400,0.000000,0.000000,15.802485,15.926763,15.496567,15.525248,16.335928,15.598096,14.425768,13.253105,16.136541,16.089194,0.047347,0.218599,-0.171252,40.186518,16.335928,17.033941,15.637914,-0.080705,0.343303,0.022113,-0.023452,-0.050293,-0.046389,0.146083,0.284810,0.205642,0.248658,-0.075697,-0.075697,0.532075,511195.000000,6664896.000000,0.081729
2016-09-14,16.299999,16.350000,16.000000,16.110001,373100,0.000000,0.000000,15.582607,15.630407,15.295811,15.400970,16.306770,15.635380,14.448999,13.265198,16.023376,16.038214,-0.014838,0.171912,-0.186750,38.475509,16.306770,17.107781,15.505759,-0.065411,0.342681,0.022251,-0.008005,-0.065003,-0.056792,0.133708,0.265514,0.173343,0.248731,-0.083096,-0.083096,0.519811,494675.000000,6010641.373100,0.063627
2016-09-15,16.150000,16.389999,16.090000,16.350000,263700,0.000000,0.000000,15.439209,15.668646,15.381850,15.630407,16.285738,15.676678,14.474332,13.278248,15.962919,16.008006,-0.045087,0.128512,-0.173599,43.277090,16.285738,17.135619,15.435858,0.114457,0.338689,0.021669,0.014898,-0.038236,-0.022129,0.146564,0.251914,0.189091,0.246381,-0.069437,-0.069437,0.542453,476640.000000,4311495.000000,0.063018
2016-09-16,16.370001,16.469999,16.190001,16.430000,858800,0.000000,0.000000,15.649528,15.745125,15.477449,15.706886,16.257059,15.719507,14.499762,13.291297,15.923530,15.985701,-0.062171,0.090375,-0.152547,44.822909,16.257059,17.145523,15.368594,0.190380,0.333617,0.021240,0.004893,0.001218,-0.021441,0.151366,0.256116,0.193173,0.246579,-0.064883,-0.064883,0.550000,503645.000000,14110084.000000,0.058825
2016-09-19,16.510000,16.719999,16.510000,16.590000,376800,0.000000,0.000000,15.783364,15.984121,15.783364,15.859843,16.222643,15.755834,14.525478,13.304968,15.913732,15.976378,-0.062646,0.059771,-0.122417,47.882048,16.222643,17.116935,15.328350,0.297158,0.329589,0.020781,0.009738,-0.002406,-0.025837,0.153686,0.252075,0.225258,0.243524,-0.055777,-0.055777,0.565094,481300.000000,6251112.000000,0.071444
2016-09-20,16.719999,16.920000,16.600000,16.850000,447300,0.000000,0.000000,15.984121,16.175319,15.869403,16.108400,16.210693,15.791970,14.557408,13.321984,15.943681,15.986158,-0.042477,0.039321,-0.081798,52.491536,16.210693,17.104353,15.317033,0.442767,0.328581,0.020398,0.015672,0.037562,-0.026574,0.174216,0.266917,0.239882,0.242838,-0.040979,-0.040979,0.589623,486055.000000,7537005.000000,0.092133
2016-09-21,16.879999,17.129999,16.770000,17.080000,293200,0.000000,0.000000,16.137081,16.376078,16.031924,16.328279,16.187271,15.832122,14.593639,13.338236,16.002850,16.011500,-0.008650,0.029727,-0.038377,56.183406,16.187271,17.039873,15.334669,0.582693,0.329694,0.020192,0.013650,0.060211,-0.001170,0.191905,0.303817,0.285176,0.244591,-0.027888,-0.027888,0.611321,461860.000000,5007856.000000,0.096348
2016-09-22,17.190001,17.420000,17.080000,17.379999,354900,0.000000,0.000000,16.433443,16.653320,16.328284,16.615080,16.184881,15.877818,14.629680,13.357164,16.097039,16.056210,0.040829,0.031948,0.008882,60.495638,16.184881,17.032121,15.337641,0.753882,0.329361,0.019823,0.017565,0.062997,-0.010814,0.179105,0.337953,0.324695,0.232699,-0.010814,-0.010814,0.639623,462260.000000,6168161.645100,0.091635
2016-09-23,17.350000,17.350000,17.120001,17.170000,293400,0.000000,0.000000,16.586398,16.586398,16.366521,16.414320,16.178189,15.918352,14.664000,13.375472,16.145851,16.082736,0.063115,0.038181,0.024934,56.317453,16.178189,17.015403,15.340976,0.641022,0.323590,0.019714,-0.012083,0.045040,-0.014917,0.234364,0.337227,0.315709,0.234809,-0.022766,-0.022766,0.619812,455680.000000,5037678.000000,0.107394
2016-09-26,17.100000,17.129999,16.930000,16.940001,425100,0.000000,0.000000,16.347401,16.376079,16.184883,16.194443,16.157636,15.955445,14.697077,13.391962,16.153327,16.091011,0.062316,0.043008,0.019308,52.075333,16.157636,16.970507,15.344764,0.522640,0.316865,0.019566,-0.013395,0.021097,-0.021375,0.252958,0.255745,0.310132,0.238062,-0.035856,-0.035856,0.598113,456565.000000,7201194.425100,0.108643
2016-09-27,16.940001,17.100000,16.930000,17.030001,665300,0.000000,0.000000,16.194438,16.347396,16.184878,16.280478,16.134692,15.995022,14.734648,13.408453,16.172889,16.105045,0.067843,0.047975,0.019868,53.549709,16.134692,16.903119,15.366265,0.594860,0.305840,0.018786,0.005313,0.010683,-0.019574,0.239447,0.254974,0.322205,0.238576,-0.030734,-0.030734,0.606604,460020.000000,11330059.665300,0.108617
2016-09-28,17.040001,17.230000,17.040001,17.209999,687700,0.000000,0.000000,16.290044,16.471681,16.290044,16.452560,16.124655,16.039380,14.773270,13.427669,16.215915,16.130787,0.085128,0.055406,0.029722,56.436511,16.124655,16.869439,15.379871,0.720135,0.297651,0.018091,0.010570,0.007611,-0.017133,0.226657,0.263583,0.327932,0.239910,-0.020489,-0.020489,0.623585,476715.000000,11835316.312300,0.113815
2016-09-29,17.200001,17.330000,17.059999,17.170000,355000,0.000000,0.000000,16.443000,16.567278,16.309161,16.414320,16.130868,16.081826,14.811031,13.447410,16.246439,16.151790,0.094649,0.063254,0.031395,55.609437,16.130868,16.883495,15.378242,0.688308,0.294828,0.017962,-0.002324,-0.012083,-0.014351,0.186593,0.275632,0.301744,0.239453,-0.022766,-0.022766,0.619812,455910.000000,6095350.000000,0.098526
2016-09-30,17.219999,17.480000,17.190001,17.420000,353600,0.000000,0.000000,16.462112,16.710670,16.433434,16.653311,16.137560,16.133449,14.850227,13.466290,16.309035,16.188939,0.120095,0.074623,0.045473,59.594815,16.137560,16.906928,15.368192,0.835178,0.294936,0.017710,0.014560,0.014560,0.022300,0.201379,0.313725,0.342064,0.231841,-0.008538,-0.008538,0.643396,450555.000000,6159712.000000,0.108952
2016-10-03,17.389999,17.490000,17.200001,17.200001,280400,0.000000,0.000000,16.624639,16.720238,16.443003,16.443003,16.134214,16.180102,14.888944,13.482829,16.329645,16.207759,0.121886,0.084075,0.037811,54.921945,16.134214,16.897321,15.371108,0.702323,0.293672,0.017860,-0.012629,0.015348,-0.004629,0.214690,0.305999,0.293233,0.231535,-0.021058,-0.021058,0.622642,443220.000000,4822880.280400,0.115585
2016-10-04,17.240000,17.340000,17.090000,17.160000,224800,0.000000,0.000000,16.481232,16.576831,16.337834,16.404753,16.137082,16.223503,14.929574,13.499846,16.341200,16.222351,0.118849,0.091030,0.027819,54.091211,16.137082,16.903983,15.370181,0.674515,0.289767,0.017664,-0.002326,0.007633,-0.006370,0.209302,0.291195,0.249817,0.231658,-0.023336,-0.023336,0.618867,435965.000000,3857568.000000,0.120706
2016-10-05,17.209999,17.530001,17.160000,17.500000,315200,0.000000,0.000000,16.452560,16.758478,16.404761,16.729797,16.149988,16.267097,14.972976,13.520352,16.400984,16.259940,0.141045,0.101033,0.040012,59.673386,16.149988,16.948629,15.351347,0.862997,0.294335,0.017593,0.019814,0.016851,0.023392,0.233263,0.338944,0.270879,0.238777,-0.003984,-0.003984,0.650944,419555.000000,5516000.000000,0.143202
2016-10-06,17.490000,17.580000,17.270000,17.500000,588200,0.000000,0.000000,16.720237,16.806276,16.509920,16.729797,16.173888,16.277612,15.014561,13.539089,16.451571,16.294744,0.156827,0.112192,0.044635,59.673386,16.173888,17.012943,15.334832,0.831271,0.294479,0.017602,0.000000,0.019220,0.015671,0.191287,0.340996,0.260807,0.237662,-0.003984,-0.003984,0.650944,430825.000000,10293500.000000,0.120658
2016-10-07,17.559999,17.559999,17.090000,17.139999,945800,0.000000,0.000000,16.787152,16.787152,16.337839,16.385637,16.208781,16.282775,15.055668,13.555245,16.441427,16.301477,0.139950,0.117744,0.022207,51.920955,16.208781,17.020309,15.397253,0.608965,0.305539,0.018647,-0.020572,-0.016073,0.008235,0.145722,0.294562,0.238439,0.244323,-0.024474,-0.024474,0.616981,455415.000000,16211011.054200,0.084831
2016-10-10,17.230000,17.360001,16.959999,16.990000,515100,0.000000,0.000000,16.471678,16.595957,16.213561,16.242241,16.225989,16.280863,15.091709,13.570637,16.410783,16.297089,0.113694,0.116934,-0.003239,49.061027,16.225989,17.024265,15.427712,0.510180,0.311029,0.019149,-0.008751,-0.012210,0.035344,0.134179,0.288097,0.220546,0.211537,-0.033011,-0.033011,0.602830,451390.000000,8751549.000000,0.073287
2016-10-11,17.020000,17.020000,16.410000,16.480000,511300,0.000000,0.000000,16.270924,16.270924,15.687770,15.754689,16.237461,16.271494,15.123926,13.583829,16.309846,16.256911,0.052934,0.104134,-0.051199,40.826743,16.237461,16.999089,15.475833,0.183066,0.330466,0.020976,-0.030018,-0.039627,-0.009020,0.099400,0.218935,0.192475,0.233686,-0.062037,-0.062037,0.554717,456435.000000,8426224.000000,0.051243
2016-10-12,16.370001,16.530001,16.320000,16.520000,391900,0.000000,0.000000,15.649528,15.802486,15.601727,15.792926,16.257059,16.266140,15.152797,13.597356,16.230320,16.222542,0.007778,0.084863,-0.077085,41.653827,16.257059,16.944629,15.569488,0.162484,0.321201,0.020338,0.002427,-0.056000,0.017241,0.097674,0.218289,0.207602,0.218095,-0.059761,-0.059761,0.558491,457375.000000,6474188.000000,0.056960
2016-10-13,16.379999,16.459999,16.150000,16.370001,375800,0.000000,0.000000,15.659082,15.735561,15.439205,15.649524,16.258014,16.258492,15.179947,13.609832,16.140966,16.180096,-0.039130,0.060064,-0.099194,39.428033,16.258014,16.941961,15.574068,0.055162,0.323524,0.020673,-0.009080,-0.064572,0.016139,0.091333,0.208118,0.185373,0.218680,-0.068298,-0.068298,0.544339,462980.000000,6151846.375800,0.054801
2016-10-14,16.420000,16.530001,16.299999,16.410000,360200,0.000000,0.000000,15.697331,15.802490,15.582612,15.687771,16.257059,16.253521,15.204420,13.623551,16.071244,16.143628,-0.072384,0.033575,-0.105958,40.343649,16.257059,16.944293,15.569824,0.085813,0.316121,0.020151,0.002444,-0.042590,0.003670,0.096925,0.199562,0.172981,0.212778,-0.066021,-0.066021,0.548114,438050.000000,5910882.000000,0.065599
2016-10-17,16.389999,16.549999,16.290001,16.299999,341000,0.000000,0.000000,15.668645,15.821603,15.573048,15.582606,16.243197,16.238417,15.226504,13.638034,15.996069,16.102070,-0.106001,0.005659,-0.111661,38.615193,16.243197,16.973971,15.512422,0.048020,0.311295,0.019977,-0.006704,-0.040612,-0.007912,0.094694,0.194139,0.168459,0.213388,-0.072282,-0.072282,0.537736,436260.000000,5558299.659000,0.062240
2016-10-18,16.520000,16.520000,16.299999,16.320000,447000,0.000000,0.000000,15.792930,15.792930,15.582611,15.601731,16.217863,16.222930,15.248874,13.654955,15.935402,16.065008,-0.129607,-0.021394,-0.108213,39.125968,16.217863,17.001528,15.434198,0.106890,0.304083,0.019490,0.001227,-0.009709,-0.016275,0.091639,0.207101,0.169055,0.210363,-0.071144,-0.071144,0.539623,436245.000000,7295040.000000,0.061401
2016-10-19,16.299999,16.590000,16.200001,16.430000,384400,0.000000,0.000000,15.582607,15.859844,15.487009,15.706886,16.186794,16.209355,15.269619,13.672497,15.900245,16.038481,-0.138235,-0.044762,-0.093473,41.984397,16.186794,17.000715,15.372873,0.205188,0.308993,0.019672,0.006740,-0.005448,-0.024926,0.116168,0.215236,0.171897,0.203778,-0.064883,-0.064883,0.550000,440805.000000,6315692.000000,0.082169
2016-10-20,16.330000,16.469999,16.110001,16.200001,390400,0.000000,0.000000,15.611288,15.745125,15.400971,15.487010,16.130390,16.195588,15.288165,13.690661,15.836671,15.997631,-0.160960,-0.068002,-0.092959,37.969597,16.130390,16.975109,15.285671,0.119175,0.311505,0.020114,-0.013999,-0.010385,-0.051522,0.097561,0.184210,0.166307,0.201012,-0.077974,-0.077974,0.528302,442580.000000,6324480.390400,0.069783
2016-10-21,16.070000,16.370001,16.010000,16.160000,368700,0.000000,0.000000,15.362734,15.649532,15.305375,15.448773,16.082113,16.180675,15.305086,13.711501,15.776994,15.956975,-0.179981,-0.090398,-0.089583,37.301571,16.082113,16.967875,15.196350,0.142489,0.313837,0.020315,-0.002469,-0.015235,-0.070196,0.085292,0.179562,0.247876,0.187412,-0.080250,-0.080250,0.524529,446345.000000,5958192.000000,0.053950
2016-10-24,16.270000,16.430000,16.170000,16.219999,758000,0.000000,0.000000,15.553932,15.706890,15.458332,15.506131,16.047697,16.165188,15.321624,13.734254,15.735323,15.923579,-0.188256,-0.109969,-0.078287,39.034329,16.047697,16.967901,15.127493,0.205736,0.309857,0.019983,0.003713,-0.004908,-0.055329,0.065703,0.177923,0.265210,0.186168,-0.076835,-0.076835,0.530189,462990.000000,12294759.242000,0.026607
2016-10-25,16.160000,16.389999,15.970000,16.370001,648900,0.000000,0.000000,15.448765,15.668642,15.267128,15.649524,16.016150,16.151613,15.340457,13.757054,15.722123,15.903279,-0.181156,-0.124207,-0.056949,43.256322,16.016150,16.945963,15.086336,0.302850,0.316404,0.020218,0.009248,0.003063,-0.033649,-0.034219,0.177698,0.298176,0.186210,-0.068298,-0.068298,0.544339,462170.000000,10622493.648900,-0.062156
2016-10-26,15.120000,16.320000,14.730000,15.610000,1028300,0.000000,0.000000,14.454544,15.601730,14.081709,14.922978,15.939670,16.130390,15.351642,13.777082,15.599178,15.830664,-0.231486,-0.145662,-0.085824,31.393427,15.939670,16.965055,14.914285,0.004239,0.405791,0.027192,-0.046426,-0.049909,-0.083382,-0.074689,0.155440,0.261924,0.240485,-0.111554,-0.111554,0.472642,479200.000000,16051763.000000,-0.093174
2016-10-27,16.299999,16.360001,16.000000,16.190001,1128300,0.000000,0.000000,15.582607,15.639967,15.295811,15.477449,15.892827,16.118918,15.366938,13.801986,15.580450,15.804500,-0.224050,-0.161340,-0.062710,44.012621,15.892827,16.912495,14.873158,0.296317,0.428019,0.027654,0.037156,-0.000617,-0.059268,-0.052663,0.218208,0.256987,0.275850,-0.078543,-0.078543,0.527358,517865.000000,18267178.128300,-0.063092
2016-10-28,16.209999,16.420000,16.030001,16.049999,512900,0.000000,0.000000,15.496569,15.697327,15.324492,15.343611,15.827342,16.100181,15.379462,13.824882,15.544013,15.770360,-0.226346,-0.174341,-0.052005,42.004248,15.827342,16.808879,14.845804,0.253585,0.424077,0.027639,-0.008647,-0.006807,-0.065230,-0.054214,0.179280,0.260801,0.276593,-0.086511,-0.086511,0.514151,525830.000000,8232044.487100,-0.055352
2016-10-31,16.000000,16.049999,15.630000,15.900000,621600,0.000000,0.000000,15.295815,15.343613,14.942099,15.200215,15.765202,16.073222,15.391029,13.848829,15.491121,15.728127,-0.237006,-0.186874,-0.050131,39.903287,15.765202,16.739963,14.790442,0.210192,0.422466,0.027793,-0.009346,-0.019729,-0.087256,-0.053571,0.170839,0.239283,0.269714,-0.095048,-0.095048,0.500000,542890.000000,9883440.000000,-0.063577
2016-11-01,15.950000,16.150000,15.450000,15.600000,661400,0.000000,0.000000,15.248015,15.439213,14.770021,14.913420,15.690636,16.044542,15.403075,13.872633,15.402244,15.667778,-0.265534,-0.202606,-0.062928,36.022514,15.690636,16.687320,14.693951,0.110099,0.440089,0.029510,-0.018868,-0.047037,-0.093023,-0.069767,0.157270,0.209303,0.273017,-0.112123,-0.112123,0.471699,564720.000000,10317840.000000,-0.068573
2016-11-02,15.650000,16.049999,15.600000,15.800000,440100,0.000000,0.000000,14.961217,15.343612,14.913419,15.104616,15.609377,16.010700,15.418562,13.896772,15.356455,15.626062,-0.269607,-0.216006,-0.053601,40.198091,15.609377,16.509676,14.709078,0.219670,0.439382,0.029089,0.012820,0.012172,-0.079254,-0.052190,0.206107,0.212586,0.279499,-0.100740,-0.100740,0.490566,570965.000000,6953580.000000,-0.040444
2016-11-03,15.850000,16.000000,15.500000,15.800000,424700,0.000000,0.000000,15.152416,15.295814,14.817819,15.104616,15.528118,15.979535,15.434144,13.921628,15.317711,15.587437,-0.269726,-0.226750,-0.042976,40.198091,15.528118,16.284485,14.771750,0.220042,0.442140,0.029272,0.000000,-0.024089,-0.097143,-0.075483,0.199696,0.212586,0.266556,-0.100740,-0.100740,0.490566,562790.000000,6710260.000000,-0.044319
2016-11-04,15.800000,15.900000,15.300000,15.650000,523700,0.000000,0.000000,15.104617,15.200215,14.626622,14.961218,15.456897,15.947796,15.447910,13.942994,15.262866,15.541050,-0.278185,-0.237037,-0.041147,38.038618,15.456897,16.137767,14.776027,0.135996,0.451530,0.030180,-0.009494,-0.024922,-0.105714,-0.086398,0.183812,0.203846,0.266467,-0.109277,-0.109277,0.476415,541685.000000,8195905.000000,-0.054408
2016-11-07,16.000000,16.350000,15.950000,16.299999,469300,0.000000,0.000000,15.295811,15.630407,15.248011,15.582606,15.423915,15.927338,15.467412,13.967706,15.312057,15.544128,-0.232072,-0.236044,0.003972,50.458463,15.423915,16.000531,14.847299,0.637606,0.467077,0.029974,0.041533,0.025157,-0.049008,-0.049008,0.223723,0.246177,0.305265,-0.072282,-0.072282,0.537736,539395.000000,7649589.530700,-0.037658
2016-11-08,16.299999,16.400000,16.100000,16.299999,223300,0.000000,0.000000,15.582606,15.678205,15.391410,15.582606,15.415311,15.904203,15.486819,13.991319,15.353680,15.546979,-0.193299,-0.227495,0.034196,50.458463,15.415311,15.976062,14.854560,0.649171,0.454200,0.029148,0.000000,0.044871,-0.040612,-0.036643,0.239543,0.237661,0.304408,-0.072282,-0.072282,0.537736,524995.000000,3639789.776700,-0.034512
2016-11-09,16.100000,16.900000,15.310000,16.850000,668800,0.000000,0.000000,15.391409,16.156199,14.636179,16.108400,15.431085,15.893305,15.510432,14.018278,15.469790,15.588565,-0.118775,-0.205751,0.086976,58.601741,15.431085,16.051169,14.811000,1.046147,0.530330,0.032923,0.033742,0.066455,0.022451,-0.005313,0.305190,0.289212,0.310008,-0.040979,-0.040979,0.589623,538840.000000,11269280.000000,-0.009649
2016-11-10,17.000000,17.350000,16.520000,17.200001,752200,0.000000,0.000000,16.251804,16.586401,15.792930,16.443003,15.470758,15.896364,15.537678,14.047388,15.619515,15.651857,-0.032342,-0.171069,0.138728,62.793077,15.470758,16.234569,14.706948,1.136443,0.549125,0.033396,0.020772,0.088608,0.041163,0.009983,0.327161,0.316999,0.317321,-0.021058,-0.021058,0.622642,557660.000000,12937840.752200,0.014586
2016-11-11,17.200001,18.000000,17.200001,17.950001,1222300,0.000000,0.000000,16.443003,17.207793,16.443003,17.159994,15.544370,15.909175,15.572284,14.077454,15.856512,15.763571,0.092941,-0.118267,0.211208,69.839615,15.544370,16.617411,14.471328,1.252825,0.564530,0.032898,0.043605,0.146965,0.096519,0.050937,0.365019,0.423474,0.345168,0.000000,0.000000,0.693397,600765.000000,21940286.222300,0.055671
2016-11-14,18.000000,18.450001,17.600000,17.750000,617100,0.000000,0.000000,17.207787,17.637983,16.825392,16.968790,15.613679,15.918352,15.601060,14.107806,16.027632,15.852846,0.174785,-0.059657,0.234442,66.236978,15.613679,16.861892,14.365466,1.042821,0.582249,0.034313,-0.011142,0.088957,0.081657,0.061603,0.382399,0.407613,0.349430,-0.011142,-0.011142,0.674528,614570.000000,10953525.000000,0.063269
2016-11-15,17.799999,18.250000,17.799999,18.250000,529600,0.000000,0.000000,17.016591,17.446787,17.016591,17.446787,15.705932,15.940340,15.642550,14.141935,16.245963,15.970916,0.275047,0.007284,0.267763,70.354121,15.705932,17.199116,14.212747,1.082934,0.574802,0.032946,0.028169,0.119632,0.119632,0.086957,0.380484,0.424669,0.356807,0.000000,0.000000,0.721698,618700.000000,9665200.000000,0.077975
2016-11-16,18.000000,18.450001,17.750000,18.250000,651800,0.000000,0.000000,17.207790,17.637985,16.968793,17.446787,15.792927,15.959842,15.687768,14.174534,16.430705,16.080240,0.350466,0.075920,0.274545,70.354121,15.792927,17.476895,14.108958,0.991060,0.581544,0.033332,0.000000,0.083086,0.118260,0.071638,0.392067,0.432496,0.357023,0.000000,0.000000,0.721698,632070.000000,11895350.000000,0.061251
2016-11-17,18.299999,18.450001,18.000000,18.350000,631400,0.000000,0.000000,17.494588,17.637988,17.207793,17.542389,15.895696,15.985654,15.731839,14.207277,16.601734,16.188547,0.413186,0.143374,0.269813,71.169606,15.895696,17.743916,14.047475,0.945481,0.570734,0.032535,0.005480,0.066860,0.116860,0.060081,0.359260,0.406130,0.356998,0.000000,0.000000,0.731133,644120.000000,11586190.000000,0.041833
2016-11-18,18.450001,18.549999,18.049999,18.450001,569100,0.000000,0.000000,17.637985,17.733583,17.255588,17.637985,16.005156,16.024658,15.774094,14.242553,16.761157,16.295913,0.465244,0.207748,0.257496,71.999041,16.005156,17.995756,14.014556,0.910135,0.564109,0.031983,0.005449,0.027855,0.138889,0.078947,0.363636,0.407323,0.349889,0.000000,0.000000,0.740566,654140.000000,10499895.569100,0.064283
2016-11-21,18.350000,18.549999,18.240000,18.500000,486900,0.000000,0.000000,17.542382,17.733578,17.437222,17.685780,16.114139,16.060412,15.812620,14.277255,16.903407,16.398866,0.504541,0.267106,0.237434,72.426167,16.114139,18.224751,14.003527,0.872319,0.544984,0.030815,0.002710,0.042253,0.144802,0.052931,0.335740,0.402577,0.348685,0.000000,0.000000,0.745283,640585.000000,9007650.000000,0.032251
2016-11-22,18.650000,18.650000,18.100000,18.250000,755800,0.000000,0.000000,17.829182,17.829182,17.303389,17.446787,16.204002,16.098843,15.848469,14.308564,16.987004,16.476490,0.510514,0.315788,0.194726,66.928460,16.204002,18.383249,14.024754,0.785141,0.543613,0.031158,-0.013513,0.000000,0.125154,0.047045,0.304503,0.393130,0.355575,-0.013513,-0.013513,0.721698,645930.000000,13793350.000000,0.014721
2016-11-23,18.299999,18.450001,18.100000,18.200001,567400,0.000000,0.000000,17.494586,17.637986,17.303390,17.398989,16.327802,16.138803,15.887091,14.340494,17.050386,16.544823,0.505563,0.353743,0.151820,65.851838,16.327802,18.481808,14.173797,0.748650,0.528684,0.030386,-0.002740,-0.002740,0.111790,0.051416,0.301860,0.371515,0.356564,-0.016216,-0.016216,0.716981,622885.000000,10326680.567400,0.019091
2016-11-25,18.200001,18.450001,18.080000,18.350000,272000,0.000000,0.000000,17.398991,17.637988,17.284272,17.542389,16.431049,16.177043,15.926861,14.373093,17.126079,16.618717,0.507362,0.384467,0.122895,67.538932,16.431049,18.611232,14.250867,0.754873,0.516186,0.029425,0.008242,0.000000,0.175529,0.056419,0.286816,0.355244,0.302892,-0.008108,-0.008108,0.731133,580070.000000,4991200.000000,0.021929
2016-11-28,18.250000,18.350000,18.150000,18.250000,341400,0.000000,0.000000,17.446787,17.542386,17.351188,17.446787,16.536208,16.211841,15.965674,14.404641,17.175418,16.680055,0.495363,0.406646,0.088717,65.225319,16.536208,18.698357,14.374059,0.710573,0.492973,0.028256,-0.005450,-0.010840,0.127239,0.042262,0.279804,0.343888,0.286561,-0.013513,-0.013513,0.721698,571495.000000,6230550.000000,0.016178
2016-11-29,18.350000,18.350000,18.100000,18.150000,666800,0.000000,0.000000,17.542395,17.542395,17.303398,17.351196,16.643757,16.241668,15.998751,14.434037,17.202461,16.729770,0.472692,0.419855,0.052837,62.904955,16.643757,18.739051,14.548464,0.668816,0.474832,0.027366,-0.005479,-0.018918,0.130842,0.041907,0.261293,0.332600,0.284743,-0.018918,-0.018918,0.712265,573755.000000,12102420.000000,0.011861
2016-11-30,18.299999,18.600000,17.950001,17.950001,329700,0.000000,0.000000,17.494589,17.781386,17.159994,17.159994,16.756086,16.262700,16.027335,14.462430,17.195928,16.761638,0.434290,0.422742,0.011548,58.427633,16.756086,18.695906,14.816266,0.604110,0.485300,0.028281,-0.011020,-0.016438,0.128931,0.053404,0.238786,0.310219,0.285938,-0.029729,-0.029729,0.693397,557170.000000,5918115.329700,0.032215
2016-12-01,18.049999,18.200001,17.150000,17.400000,480600,0.000000,0.000000,17.255593,17.398993,16.395204,16.634201,16.832565,16.268818,16.050470,14.487668,17.109508,16.752198,0.357310,0.409656,-0.052346,48.255978,16.832565,18.612234,15.052896,0.444269,0.522335,0.031401,-0.030641,-0.043956,0.115385,0.006945,0.208334,0.267298,0.301305,-0.059459,-0.059459,0.641510,559195.000000,8362440.000000,0.002373
2016-12-02,17.350000,17.700001,17.100000,17.549999,513400,0.000000,0.000000,16.586393,16.920989,16.347396,16.777590,16.916214,16.272068,16.074943,14.513671,17.058444,16.754079,0.304365,0.388597,-0.084233,50.772865,16.916214,18.500451,15.331977,0.456249,0.525996,0.031351,0.008620,-0.043597,0.110759,0.016213,0.215374,0.320541,0.300348,-0.051351,-0.051351,0.655660,563630.000000,9010169.486600,0.015118
2016-12-05,17.700001,18.000000,17.549999,17.799999,456000,0.000000,0.000000,16.920991,17.207787,16.777591,17.016588,17.018982,16.284114,16.101233,14.540821,17.052005,16.773524,0.278480,0.366574,-0.088094,54.725780,17.018982,18.308488,15.729477,0.499072,0.519154,0.030509,0.014245,-0.024658,0.126582,0.040935,0.220014,0.301169,0.301303,-0.037838,-0.037838,0.679245,560245.000000,8116799.544000,0.034684
2016-12-06,17.850000,18.000000,17.450001,17.799999,408400,0.000000,0.000000,17.064389,17.207787,16.681994,17.016588,17.090681,16.300557,16.128001,14.568163,17.046556,16.791529,0.255027,0.344265,-0.089238,54.725780,17.090681,18.189239,15.992124,0.466277,0.519628,0.030537,0.000000,-0.019284,0.137380,0.033082,0.207598,0.326378,0.296971,-0.037838,-0.037838,0.679245,557200.000000,7269519.591600,0.023795
2016-12-07,17.799999,18.330000,17.799999,17.950001,629300,0.000000,0.000000,17.016594,17.523269,17.016594,17.159994,17.169551,16.318147,16.156585,14.595647,17.064008,16.818823,0.245185,0.324449,-0.079264,57.121808,17.169551,18.007912,16.331190,0.494300,0.518703,0.030227,0.008427,0.000000,0.101227,0.055882,0.221920,0.345577,0.268255,-0.029729,-0.029729,0.693397,577500.000000,11295935.629300,0.030351
2016-12-08,18.049999,18.830000,18.049999,18.350000,763300,0.000000,0.000000,17.255591,18.001263,17.255591,17.542389,17.241250,16.339943,16.189662,14.624757,17.137605,16.872420,0.265185,0.312596,-0.047411,62.778520,17.241250,17.929297,16.553204,0.718836,0.541743,0.030882,0.022284,0.054598,0.125767,0.118221,0.279637,0.360267,0.274335,-0.008108,-0.008108,0.731133,582225.000000,14006555.000000,0.061362
2016-12-09,18.450001,18.520000,18.200001,18.350000,342500,0.000000,0.000000,17.637988,17.704907,17.398991,17.542389,17.296220,16.362505,16.222166,14.653389,17.199879,16.922047,0.277832,0.305643,-0.027811,62.778520,17.296220,17.884122,16.708317,0.709362,0.524899,0.029922,0.000000,0.045585,0.089021,0.103428,0.294076,0.351252,0.255267,-0.008108,-0.008108,0.731133,561740.000000,6284875.000000,0.058797
2016-12-12,18.350000,18.549999,17.830000,18.000000,928300,0.000000,0.000000,17.542377,17.733573,17.045263,17.207781,17.298609,16.373594,16.253522,14.680348,17.201095,16.943213,0.257882,0.296091,-0.038209,55.366025,17.298609,17.884566,16.712652,0.422496,0.536571,0.031182,-0.019074,0.011236,0.046511,0.108374,0.270289,0.364669,0.259932,-0.027027,-0.027027,0.698113,547040.000000,16709400.000000,0.058466
2016-12-13,18.049999,18.650000,17.850000,18.549999,656600,0.000000,0.000000,17.255591,17.829185,17.064395,17.733585,17.336849,16.399406,16.289754,14.709027,17.283017,17.001759,0.281258,0.293124,-0.011867,62.799250,17.336849,17.931928,16.741769,0.833347,0.552872,0.031177,0.030556,0.042135,0.033426,0.151459,0.305419,0.422546,0.236694,0.000000,0.000000,0.750000,549015.000000,12179929.343400,0.095395
2016-12-14,18.549999,18.900000,18.080000,18.200001,450600,0.000000,0.000000,17.733583,18.068179,17.284269,17.398989,17.334459,16.419291,16.321397,14.735652,17.300858,17.031183,0.269675,0.288434,-0.018759,56.366265,17.334459,17.928061,16.740856,0.554355,0.569375,0.032725,-0.018868,0.013927,0.025352,0.113150,0.276297,0.351151,0.243383,-0.018868,-0.018868,0.716981,545065.000000,8200920.450600,0.077533
2016-12-15,18.299999,18.950001,18.200001,18.549999,519700,0.000000,0.000000,17.494588,18.115982,17.398991,17.733585,17.348799,16.439366,16.353231,14.763280,17.367432,17.083213,0.284219,0.287591,-0.003373,60.701555,17.348799,17.967167,16.730431,0.811131,0.579919,0.032702,0.019231,0.010899,0.016438,0.129033,0.299930,0.350073,0.232686,0.000000,0.000000,0.750000,538460.000000,9640434.480300,0.088556
2016-12-16,18.650000,18.900000,17.950001,18.000000,1102000,0.000000,0.000000,17.829173,18.068170,17.159982,17.207781,17.332068,16.448926,16.363269,14.787275,17.342870,17.092440,0.250430,0.280159,-0.029729,51.964065,17.332068,17.946476,16.717661,0.398856,0.603367,0.035064,-0.029650,-0.019074,-0.013699,0.084991,0.251738,0.323529,0.255635,-0.029650,-0.029650,0.698113,561990.000000,19836000.000000,0.046380
2016-12-19,18.100000,18.600000,18.100000,18.200001,1067800,0.000000,0.000000,17.303390,17.781384,17.303390,17.398989,17.320119,16.469193,16.375984,14.812370,17.351504,17.115148,0.236356,0.271398,-0.035042,54.527390,17.320119,17.918564,16.721674,0.565896,0.601241,0.034556,0.011112,0.011112,-0.008174,0.080119,0.268293,0.377744,0.258037,-0.018868,-0.018868,0.716981,586925.000000,19433961.067800,0.038891
2016-12-20,18.250000,18.500000,18.100000,18.450001,362100,0.000000,0.000000,17.446787,17.685784,17.303389,17.637985,17.317729,16.497108,16.388985,14.840237,17.395578,17.153876,0.241701,0.265459,-0.023758,57.574797,17.317729,17.910379,16.725078,0.770190,0.585609,0.033202,0.013736,-0.005391,0.000000,0.080211,0.287509,0.358615,0.261917,-0.005391,-0.005391,0.740566,580685.000000,6680745.362100,0.044563
2016-12-21,18.400000,18.700001,18.350000,18.400000,656500,0.000000,0.000000,17.590187,17.876985,17.542388,17.590187,17.324899,16.533818,16.402656,14.866957,17.425518,17.186196,0.239322,0.260232,-0.020910,56.755591,17.324899,17.927510,16.722288,0.720116,0.567680,0.032273,-0.002710,0.010989,-0.005405,0.058688,0.248304,0.337209,0.261917,-0.008086,-0.008086,0.735849,575720.000000,12079600.000000,0.033984
2016-12-22,18.450001,18.500000,17.900000,18.100000,614400,0.000000,0.000000,17.637979,17.685778,17.112185,17.303383,17.320118,16.564027,16.415084,14.892673,17.406728,17.194876,0.211851,0.250556,-0.038704,51.976676,17.320118,17.921771,16.718466,0.486092,0.568102,0.032832,-0.016305,-0.024259,-0.008220,0.054164,0.301221,0.314451,0.263886,-0.024259,-0.024259,0.707547,578070.000000,11120640.000000,0.027463
2016-12-23,18.000000,18.200001,17.900000,18.150000,365700,0.000000,0.000000,17.207798,17.398997,17.112199,17.351196,17.310559,16.598060,16.428276,14.917672,17.398184,17.206456,0.191729,0.238790,-0.047061,52.691834,17.310559,17.903351,16.717766,0.534276,0.548009,0.031583,0.002763,0.008334,-0.002747,0.071429,0.342456,0.322887,0.263923,-0.021563,-0.021563,0.712265,582755.000000,6637455.000000,0.032399
2016-12-27,18.049999,18.450001,18.049999,18.250000,587600,0.000000,0.000000,17.255588,17.637985,17.255588,17.446787,17.310559,16.633241,16.443381,14.943723,17.405662,17.224258,0.181404,0.227313,-0.045909,54.161558,17.310559,17.903351,16.717766,0.614904,0.536179,0.030732,0.005509,0.002747,-0.005450,0.071638,0.328239,0.333090,0.263016,-0.016173,-0.016173,0.721698,595065.000000,10723700.000000,0.037387
2016-12-28,18.350000,18.500000,17.900000,17.900000,384100,0.000000,0.000000,17.542390,17.685788,17.112194,17.112194,17.298609,16.663833,16.451125,14.968865,17.360513,17.215957,0.144556,0.210762,-0.066206,48.483756,17.298609,17.897556,16.699661,0.344381,0.538852,0.031489,-0.019178,-0.029810,-0.019178,0.040093,0.275838,0.300872,0.270702,-0.035040,-0.035040,0.688680,580930.000000,6875390.000000,0.017529
2016-12-29,17.950001,18.049999,17.750000,18.049999,493100,0.000000,0.000000,17.159991,17.255589,16.968793,17.255589,17.303389,16.696910,16.459920,14.994294,17.344371,17.218893,0.125478,0.193705,-0.068227,50.861227,17.303389,17.899196,16.707581,0.459887,0.520848,0.030184,0.008380,-0.019022,-0.005510,0.051252,0.247408,0.333087,0.271927,-0.026954,-0.026954,0.702830,589100.000000,8900454.506900,0.020329
2016-12-30,18.100000,18.100000,17.730000,17.900000,473600,0.000000,0.000000,17.303392,17.303392,16.949676,17.112194,17.327288,16.725016,16.467185,15.017429,17.308651,17.210989,0.097662,0.174496,-0.076834,48.453111,17.327288,17.843041,16.811535,0.291476,0.508910,0.029740,-0.008310,-0.011049,-0.002786,0.027555,0.234483,0.348907,0.270718,-0.035040,-0.035040,0.688680,588750.000000,8477440.000000,0.014166
2017-01-03,18.100000,18.230000,17.650000,18.100000,650600,0.000000,0.000000,17.303383,17.427661,16.873188,17.303383,17.353578,16.761343,16.478466,15.041425,17.307841,17.217833,0.090008,0.157599,-0.067591,51.734381,17.353578,17.800340,16.906815,0.443824,0.512164,0.029599,0.011173,-0.002756,0.040229,0.052325,0.278248,0.416275,0.248950,-0.024259,-0.024259,0.707547,595610.000000,11775860.000000,0.028138
2017-01-04,18.100000,18.549999,18.100000,18.450001,778900,0.000000,0.000000,17.303389,17.733583,17.303389,17.637985,17.384648,16.805128,16.492901,15.066280,17.358632,17.248955,0.109677,0.148014,-0.038337,56.904726,17.384648,17.818990,16.950305,0.791633,0.506310,0.028706,0.019337,0.010959,0.051282,0.075175,0.300211,0.445925,0.255232,-0.005391,-0.005391,0.740566,611755.000000,14370705.778900,0.039759
2017-01-05,18.250000,18.580000,18.180000,18.400000,473200,0.000000,0.000000,17.446789,17.762265,17.379870,17.590187,17.413328,16.846809,16.505998,15.090658,17.394256,17.274232,0.120024,0.142416,-0.022392,55.982161,17.413328,17.820224,17.006431,0.717327,0.497459,0.028280,-0.002710,0.027933,0.033708,0.051429,0.296688,0.483871,0.252147,-0.008086,-0.008086,0.735849,614995.000000,8706880.000000,0.019089
2017-01-06,18.350000,18.350000,18.100000,18.250000,340000,0.000000,0.000000,17.542386,17.542386,17.303389,17.446787,17.427667,16.882754,16.517183,15.115275,17.402338,17.287014,0.115324,0.136998,-0.021674,53.195721,17.427667,17.816799,17.038536,0.524567,0.482412,0.027650,-0.008152,0.011080,0.025281,0.042857,0.242342,0.546610,0.254411,-0.016173,-0.016173,0.721698,600530.000000,6205000.000000,0.002492
2017-01-09,18.150000,18.400000,18.000000,18.100000,770800,0.000000,0.000000,17.351182,17.590179,17.207784,17.303383,17.415717,16.930362,16.530376,15.139700,17.387114,17.288226,0.098888,0.129376,-0.030488,50.489295,17.415717,17.804694,17.026740,0.355603,0.475268,0.027467,-0.008220,0.011173,0.008356,0.056009,0.209893,0.579406,0.255079,-0.024259,-0.024259,0.707547,600905.000000,13951480.000000,0.010771
2017-01-10,18.150000,18.250000,18.020000,18.250000,569900,0.000000,0.000000,17.351188,17.446787,17.226910,17.446787,17.410937,16.969749,16.544334,15.165560,17.396294,17.299971,0.096323,0.122765,-0.026442,53.061095,17.410937,17.795686,17.026187,0.546589,0.457025,0.026195,0.008288,0.008288,-0.005450,0.074161,0.218291,0.573276,0.244416,-0.016173,-0.016173,0.721698,612275.000000,10400675.000000,0.032284
2017-01-11,18.250000,19.049999,18.180000,18.950001,723800,0.000000,0.000000,17.446788,18.211578,17.379869,18.115980,17.456347,17.025196,16.562689,15.191658,17.507015,17.360416,0.146599,0.127532,0.019067,62.777725,17.456347,17.941435,16.971259,1.179911,0.483788,0.026705,0.038356,0.027100,0.032697,0.149879,0.264176,0.659369,0.278453,0.000000,0.000000,0.787736,602050.000000,13716010.723800,0.089487
2017-01-12,18.850000,18.850000,18.250000,18.450001,541100,0.000000,0.000000,18.020380,18.020380,17.446787,17.637985,17.451567,17.073952,16.573587,15.214984,17.527164,17.380977,0.146187,0.131263,0.014924,54.154428,17.451567,17.926939,16.976195,0.696076,0.497032,0.028180,-0.026385,0.002717,0.025001,0.116828,0.225914,0.680328,0.286358,-0.026385,-0.026385,0.740566,596275.000000,9983295.541100,0.057949
2017-01-13,18.549999,19.000000,18.500000,18.950001,410000,0.000000,0.000000,17.733583,18.163779,17.685785,18.115980,17.487416,17.138003,16.591273,15.240461,17.617751,17.435422,0.182330,0.141476,0.040853,60.062352,17.487416,18.046810,16.928023,1.061826,0.499086,0.027549,0.027100,0.038356,0.021563,0.157606,0.263333,0.682949,0.282133,0.000000,0.000000,0.787736,594245.000000,7769500.410000,0.088401
2017-01-17,18.850000,18.850000,18.150000,18.200001,388200,0.000000,0.000000,18.020381,18.020381,17.351188,17.398989,17.470687,17.183890,16.597295,15.263118,17.584096,17.432723,0.151373,0.143456,0.007917,49.713604,17.470687,18.018985,16.922388,0.434618,0.518065,0.029776,-0.039578,0.005525,0.000000,0.109080,0.216578,0.671258,0.308548,-0.039578,-0.039578,0.716981,587670.000000,7065240.388200,0.046832
2017-01-18,18.299999,18.600000,18.299999,18.400000,275800,0.000000,0.000000,17.494588,17.781385,17.494588,17.590187,17.489807,17.233602,16.606568,15.287687,17.585033,17.444387,0.140646,0.142894,-0.002248,52.084517,17.489807,18.026041,16.953573,0.593597,0.508374,0.028901,0.010989,0.008219,-0.008086,0.128835,0.235729,0.732580,0.303414,-0.029024,-0.029024,0.735849,546360.000000,5074720.000000,0.060404
2017-01-19,18.400000,18.520000,18.100000,18.200001,223300,0.000000,0.000000,17.590185,17.704905,17.303390,17.398989,17.489807,17.282357,16.615077,15.311730,17.556411,17.441024,0.115386,0.137392,-0.022006,49.567717,17.489807,18.026041,16.953573,0.415319,0.500742,0.028780,-0.010870,-0.039578,0.011112,0.115196,0.217392,0.693023,0.286985,-0.039578,-0.039578,0.716981,504135.000000,4064060.223300,0.058703
2017-01-20,18.200001,18.549999,18.200001,18.250000,428200,0.000000,0.000000,17.398988,17.733583,17.398988,17.446787,17.480247,17.319641,16.623489,15.335439,17.539545,17.441451,0.098094,0.129533,-0.031438,50.215376,17.480247,18.012158,16.948336,0.468547,0.488874,0.028021,0.002747,-0.010840,0.002747,0.110773,0.239810,0.721698,0.284608,-0.036939,-0.036939,0.648600,507440.000000,7814650.000000,0.051891
2017-01-23,18.200001,18.700001,18.049999,18.549999,715000,0.000000,0.000000,17.398991,17.876985,17.255591,17.733585,17.487417,17.362660,16.633432,15.361633,17.569398,17.463091,0.106307,0.124888,-0.018580,54.030094,17.487417,18.029339,16.945495,0.727125,0.498340,0.028101,0.016438,-0.021108,0.005420,0.145062,0.256775,0.659213,0.286366,-0.021108,-0.021108,0.675700,510365.000000,13263249.285000,0.085711
2017-01-24,18.700001,19.200001,18.500000,19.000000,560600,0.000000,0.000000,17.876984,18.354979,17.685786,18.163780,17.530437,17.403768,16.648537,15.390074,17.660841,17.514994,0.145848,0.129080,0.016768,59.093404,17.530437,18.142863,16.918010,1.017077,0.510544,0.028108,0.024259,0.043956,0.032609,0.175743,0.276024,0.707098,0.297676,0.000000,0.000000,0.716351,507675.000000,10651400.000000,0.110395
2017-01-25,19.150000,19.400000,18.770000,19.200001,503200,0.000000,0.000000,18.307182,18.546179,17.943907,18.354982,17.580626,17.442007,16.669186,15.418562,17.767632,17.577215,0.190417,0.141347,0.049070,61.141986,17.580626,18.288318,16.872934,1.047100,0.517096,0.028172,0.010527,0.043479,0.060774,0.183724,0.261498,0.690141,0.291682,0.000000,0.000000,0.734418,514550.000000,9661440.503200,0.118466
2017-01-26,19.299999,19.350000,18.799999,18.950001,469300,0.000000,0.000000,18.450575,18.498375,17.972580,18.115980,17.614086,17.461127,16.685151,15.446094,17.821224,17.617123,0.204101,0.153898,0.050203,57.280450,17.614086,18.357510,16.870661,0.837556,0.517717,0.028578,-0.013021,0.041209,0.044077,0.157606,0.117994,0.690456,0.296904,-0.013021,-0.013021,0.711834,508635.000000,8893235.469300,0.087238
2017-01-27,19.000000,19.350000,19.000000,19.049999,409000,0.000000,0.000000,18.163778,18.498374,18.163778,18.211576,17.669055,17.485983,16.702168,15.472528,17.881278,17.661157,0.220121,0.167142,0.052979,58.411842,17.669055,18.418777,16.919332,0.861815,0.508051,0.027897,0.005277,0.043836,0.043836,0.220371,0.129223,0.714672,0.296873,-0.007813,-0.007813,0.720867,509880.000000,7791449.591000,0.142183
2017-01-30,18.850000,19.100000,18.500000,18.900000,631900,0.000000,0.000000,18.020385,18.259382,17.685789,18.068184,17.709685,17.498411,16.719375,15.498052,17.910033,17.691307,0.218726,0.177459,0.041267,56.015416,17.709685,18.453110,16.966259,0.741113,0.512733,0.028378,-0.007874,0.018868,0.055866,0.167388,0.105910,0.620927,0.289091,-0.015625,-0.015625,0.707318,516820.000000,11942910.000000,0.091134
2017-01-31,18.750000,18.850000,18.350000,18.750000,451300,0.000000,0.000000,17.924776,18.020375,17.542381,17.924776,17.750314,17.507971,16.733906,15.522908,17.912301,17.708601,0.203700,0.182707,0.020993,53.644996,17.750314,18.443360,17.057267,0.625866,0.513666,0.028657,-0.007937,-0.013158,0.038781,0.168224,0.104891,0.644736,0.290609,-0.023438,-0.023438,0.693767,515705.000000,8461875.000000,0.086397
2017-02-01,19.049999,19.299999,18.650000,18.799999,703300,0.000000,0.000000,18.211577,18.450574,17.829182,17.972580,17.783773,17.516574,16.751114,15.547381,17.921575,17.728155,0.193420,0.184850,0.008570,54.338649,17.783773,18.450068,17.117479,0.641684,0.521361,0.029009,0.002667,-0.020834,0.050279,0.182390,0.119048,0.692170,0.288193,-0.020834,-0.020834,0.698284,518340.000000,13222039.296700,0.094994
2017-02-02,20.000000,20.400000,19.100000,19.450001,1190000,0.000000,0.000000,19.119762,19.502157,18.259373,18.593969,17.831573,17.535694,16.780176,15.575105,18.025020,17.792289,0.232731,0.194426,0.038305,62.246925,17.831573,18.585261,17.077884,1.005777,0.593376,0.031912,0.034574,0.026385,0.074586,0.246794,0.159809,0.701661,0.307805,0.000000,0.000000,0.757001,538895.000000,23145501.190000,0.153147
2017-02-03,19.750000,20.379999,19.480000,19.600000,847800,0.000000,0.000000,18.880771,19.483043,18.622654,18.737373,17.888932,17.556726,16.808569,15.604167,18.134613,17.862296,0.272317,0.210004,0.062313,63.804916,17.888932,18.734306,17.043557,1.001814,0.614498,0.032795,0.007712,0.028872,0.062331,0.240506,0.175765,0.704348,0.302916,0.000000,0.000000,0.770551,557625.000000,16616880.000000,0.130587
2017-02-06,19.700001,19.700001,19.350000,19.400000,881000,0.000000,0.000000,18.832975,18.832975,18.498378,18.546177,17.943901,17.578714,16.838778,15.632273,18.197930,17.912954,0.284977,0.224999,0.059978,60.235731,17.943901,18.810920,17.076883,0.847326,0.594505,0.032055,-0.010204,0.026455,0.054348,0.227848,0.135167,0.752485,0.305812,-0.010204,-0.010204,0.725979,584675.000000,17091400.000000,0.108218
2017-02-07,19.450001,19.850000,19.400000,19.650000,562900,0.000000,0.000000,18.593975,18.976370,18.546174,18.785172,18.017991,17.606437,16.872620,15.660809,18.288275,17.977562,0.310713,0.242142,0.068571,63.020389,18.017991,18.907504,17.128478,0.931237,0.582768,0.031023,0.012886,0.048000,0.076712,0.255591,0.147111,0.748221,0.305089,0.000000,0.000000,0.705729,574280.000000,11060985.000000,0.131175
2017-02-08,19.549999,19.799999,19.400000,19.730000,554100,0.000000,0.000000,18.689570,18.928567,18.546172,18.861649,18.088734,17.632823,16.904933,15.689632,18.376487,18.043050,0.333436,0.260401,0.073036,63.891778,18.088734,19.011402,17.166066,0.918848,0.568456,0.030138,0.004071,0.049468,0.090056,0.210430,0.151109,0.686325,0.301993,0.000000,0.000000,0.712673,573490.000000,10932393.000000,0.110495
2017-02-09,19.600000,20.250000,19.600000,20.200001,752800,0.000000,0.000000,18.737368,19.358759,18.737368,19.310961,18.148483,17.670106,16.940973,15.720367,18.520252,18.136970,0.383282,0.284977,0.098305,68.576707,18.148483,19.221153,17.075813,1.041862,0.572237,0.029633,0.023821,0.038560,0.106849,0.239264,0.193853,0.753472,0.309292,0.000000,0.000000,0.751951,574940.000000,15206560.752800,0.138813
2017-02-10,20.500000,21.200001,20.500000,20.950001,1240600,0.000000,0.000000,19.597762,20.266955,19.597762,20.027958,18.267982,17.723641,16.982655,15.754066,18.752207,18.277043,0.475164,0.323014,0.152150,74.305802,18.267982,19.601885,16.934078,1.159709,0.599648,0.029941,0.037129,0.068878,0.105541,0.243324,0.236718,0.816999,0.307650,0.000000,0.000000,0.798284,609915.000000,25990571.240600,0.151331
2017-02-13,21.200001,21.480000,21.049999,21.350000,1011400,0.000000,0.000000,20.266949,20.534625,20.123549,20.410347,18.382700,17.788648,17.025674,15.791541,19.007305,18.435065,0.572240,0.372859,0.199380,76.741323,18.382700,20.021383,16.744017,1.118682,0.593007,0.029054,0.019093,0.100515,0.157181,0.241279,0.253670,0.832618,0.289025,0.000000,0.000000,0.779166,639985.000000,21593390.000000,0.134697
2017-02-14,21.350000,21.650000,21.139999,21.600000,1094000,0.000000,0.000000,20.410358,20.697154,20.209599,20.649355,18.545218,17.868952,17.068885,15.831262,19.259928,18.599087,0.660841,0.430456,0.230386,78.136316,18.545218,20.403167,16.687269,1.066252,0.585474,0.028353,0.011710,0.099237,0.139842,0.203343,0.264638,0.800000,0.280417,0.000000,0.000000,0.798502,675275.000000,23630400.000000,0.099190
2017-02-15,21.500000,21.900000,21.450001,21.799999,753000,0.000000,0.000000,20.553742,20.936137,20.505944,20.840538,18.707736,17.950210,17.111139,15.870410,19.503099,18.765120,0.737979,0.491960,0.246018,79.210439,18.707736,20.771205,16.644267,1.016800,0.574383,0.027561,0.009259,0.104916,0.197802,0.228169,0.303827,0.815153,0.225098,0.000000,0.000000,0.804635,699135.000000,16415399.247000,0.112992
2017-02-16,21.850000,21.950001,21.450001,21.750000,651900,0.000000,0.000000,20.888351,20.983950,20.505955,20.792751,18.877424,18.025734,17.154924,15.909462,19.701507,18.915315,0.786192,0.550807,0.235385,78.176601,18.877424,21.043363,16.711485,0.942147,0.567498,0.027293,-0.002293,0.076733,0.182065,0.191781,0.295414,0.794555,0.228098,-0.002293,-0.002293,0.800497,720565.000000,14178825.000000,0.089560
2017-02-17,21.750000,22.000000,21.400000,21.950001,541000,0.000000,0.000000,20.792751,21.031748,20.458155,20.983950,19.054282,18.105081,17.202819,15.949948,19.898806,19.068547,0.830259,0.606697,0.223562,79.338561,19.054282,21.304372,16.804192,0.928798,0.567933,0.027065,0.009195,0.047733,0.206044,0.202740,0.288903,0.812552,0.217419,0.000000,0.000000,0.817053,726205.000000,11874950.541000,0.099993
2017-02-21,22.049999,22.450001,21.850000,22.150000,940800,0.000000,0.000000,21.079539,21.461936,20.888343,21.175138,19.226360,18.185384,17.251765,15.993207,20.095165,19.224591,0.870574,0.659472,0.211101,80.458968,19.226360,21.575396,16.877323,0.914804,0.568338,0.026840,0.009111,0.037471,0.213698,0.207084,0.279607,0.827557,0.216209,0.000000,0.000000,0.833609,737495.000000,20838720.000000,0.107350
2017-02-22,22.150000,22.299999,22.000000,22.299999,547100,0.000000,0.000000,21.175139,21.318537,21.031741,21.318537,19.384098,18.260907,17.300425,16.036847,20.283376,19.379698,0.903678,0.708313,0.195364,81.278971,19.384098,21.853313,16.914882,0.891711,0.548228,0.025716,0.006772,0.032407,0.202156,0.208672,0.304093,0.846026,0.214806,0.000000,0.000000,0.827869,736820.000000,12200329.452900,0.107362
2017-02-23,22.200001,22.400000,21.500000,21.750000,732300,0.000000,0.000000,21.222947,21.414144,20.553754,20.792751,19.505986,18.325914,17.344209,16.077620,20.361741,19.484369,0.877373,0.742125,0.135247,69.725625,19.505986,22.001834,17.010139,0.757781,0.570525,0.027439,-0.024663,-0.002293,0.144737,0.175676,0.237906,0.782787,0.236469,-0.024663,-0.024663,0.774063,748275.000000,15927525.000000,0.088758
2017-02-24,21.500000,21.950001,21.299999,21.750000,534400,0.000000,0.000000,20.553754,20.983950,20.362556,20.792751,19.639825,18.397613,17.385604,16.117915,20.428050,19.581286,0.846764,0.763053,0.083711,69.725625,19.639825,22.108762,17.170887,0.733486,0.574158,0.027613,0.000000,0.000000,0.132812,0.191781,0.247849,0.774063,0.237056,-0.024663,-0.024663,0.759709,751530.000000,11623200.000000,0.106573
2017-02-27,21.650000,21.799999,21.450001,21.750000,580700,0.000000,0.000000,20.697152,20.840550,20.505955,20.792751,19.768883,18.458797,17.429101,16.159023,20.484158,19.671024,0.813134,0.773069,0.040065,69.725625,19.768883,22.192911,17.344856,0.711191,0.557047,0.026790,0.000000,-0.009112,0.147757,0.195055,0.256500,0.759709,0.227967,-0.024663,-0.024663,0.759709,760115.000000,12630225.000000,0.105620
2017-02-28,21.700001,21.700001,21.150000,21.200001,714000,0.000000,0.000000,20.744945,20.744945,20.219150,20.266951,19.878822,18.516156,17.467723,16.198648,20.450742,19.715167,0.735575,0.765570,-0.029996,59.212977,19.878822,22.174105,17.583539,0.584549,0.558229,0.027544,-0.025288,-0.042889,0.112861,0.155313,0.220495,0.715210,0.253497,-0.049327,-0.049327,0.689243,764220.000000,15136800.714000,0.076312
2017-03-01,21.549999,21.830000,21.350000,21.799999,725200,0.000000,0.000000,20.601541,20.869218,20.410345,20.840538,20.024610,18.578295,17.508831,16.240903,20.510710,19.798528,0.712183,0.754893,-0.042710,65.350343,20.024610,22.162295,17.886925,0.690844,0.561375,0.026937,0.028302,-0.022422,0.153438,0.194520,0.245003,0.737051,0.260812,-0.022422,-0.022422,0.727416,777915.000000,15809359.274800,0.094830
2017-03-02,21.799999,21.950001,21.549999,21.549999,459700,0.000000,0.000000,20.840542,20.983942,20.601545,20.601545,20.156058,18.646170,17.547548,16.281055,20.524685,19.858010,0.666675,0.737249,-0.070575,61.216990,20.156058,22.074529,18.237588,0.616105,0.548591,0.026629,-0.011468,-0.009196,0.149333,0.187327,0.237084,0.706255,0.263622,-0.033632,-0.033632,0.707607,765735.000000,9906534.540300,0.097865
2017-03-03,21.549999,21.900000,21.150000,21.200001,557900,0.000000,0.000000,20.601545,20.936141,20.219150,20.266951,20.239707,18.703530,17.586361,16.321015,20.485034,19.888302,0.596731,0.709146,-0.112414,55.887484,20.239707,22.011697,18.467718,0.507687,0.560619,0.027662,-0.016241,-0.025288,0.127660,0.181058,0.244131,0.660140,0.275222,-0.049327,-0.049327,0.679873,734130.000000,11827480.557900,0.078297
2017-03-06,21.000000,21.400000,20.850000,21.299999,503800,0.000000,0.000000,20.075751,20.458146,19.932353,20.362547,20.320966,18.758021,17.627564,16.359637,20.466189,19.923432,0.542758,0.675868,-0.133110,57.038292,20.320966,21.945823,18.696109,0.512795,0.558132,0.027410,0.004717,-0.020690,0.095116,0.224137,0.232639,0.640986,0.254666,-0.044843,-0.044843,0.687797,716930.000000,10730939.496200,0.110243
2017-03-07,21.299999,21.750000,21.200001,21.350000,597300,0.000000,0.000000,20.362546,20.792742,20.266949,20.410347,20.414174,18.814424,17.674121,16.399024,20.457598,19.959499,0.498099,0.640314,-0.142215,57.633456,20.414174,21.807778,19.020571,0.498627,0.555822,0.027232,0.002347,0.007075,0.089285,0.216524,0.236248,0.648648,0.254480,-0.042601,-0.042601,0.691759,702745.000000,12752355.000000,0.106494
2017-03-08,21.450001,21.570000,21.030001,21.049999,499400,0.000000,0.000000,20.505955,20.620673,20.104440,20.123558,20.481094,18.870828,17.717427,16.435112,20.406208,19.971652,0.434556,0.599163,-0.164607,52.898481,20.481094,21.656846,19.305341,0.347954,0.552994,0.027480,-0.014051,-0.034403,0.085052,0.182585,0.230994,0.667988,0.257555,-0.056054,-0.056054,0.665348,699570.000000,10512369.500600,0.083005
2017-03-09,21.049999,21.450001,21.049999,21.250000,837900,0.000000,0.000000,20.123556,20.505953,20.123556,20.314754,20.553749,18.930099,17.764080,16.472013,20.392138,19.997067,0.395071,0.558344,-0.163273,55.522029,20.553749,21.455894,19.651604,0.367541,0.540808,0.026621,0.009501,-0.013921,0.081425,0.193821,0.233314,0.658861,0.256351,-0.047085,-0.047085,0.681171,713760.000000,17805375.000000,0.098975
2017-03-10,21.500000,21.549999,21.000000,21.350000,483300,0.000000,0.000000,20.553745,20.601544,20.075751,20.410347,20.608718,18.989370,17.811305,16.507863,20.394939,20.027680,0.367259,0.520127,-0.152868,56.817112,20.608718,21.301762,19.915675,0.356884,0.539736,0.026444,0.004706,0.007075,0.082108,0.189415,0.255882,0.678459,0.256367,-0.042601,-0.042601,0.689082,700285.000000,10318455.000000,0.102653
2017-03-13,21.299999,22.150000,21.299999,22.049999,1219900,0.000000,0.000000,20.362551,21.175141,20.362551,21.079542,20.661297,19.068717,17.866275,16.546389,20.500263,20.105596,0.394667,0.495035,-0.100368,64.590112,20.661297,21.327879,19.994716,0.813724,0.559226,0.026529,0.032787,0.035211,0.091584,0.201635,0.343693,0.706656,0.266818,-0.011211,-0.011211,0.744462,699250.000000,26898793.780100,0.117014
2017-03-14,22.000000,22.100000,21.549999,21.799999,617700,0.000000,0.000000,21.031736,21.127336,20.601541,20.840538,20.682807,19.140416,17.918663,16.583768,20.552613,20.160036,0.392577,0.474543,-0.081967,60.407883,20.682807,21.343025,20.022589,0.619454,0.556838,0.026719,-0.011338,0.021077,0.040572,0.188010,0.310883,0.703124,0.243522,-0.022422,-0.022422,0.724683,679565.000000,13465859.382300,0.112279
2017-03-15,21.900000,22.200001,21.860001,22.200001,988200,0.000000,0.000000,20.936141,21.222939,20.897902,21.222939,20.711486,19.222631,17.973823,16.621721,20.655740,20.238770,0.416970,0.463029,-0.046059,64.381746,20.711486,21.414059,20.008913,0.863985,0.544378,0.025650,0.018349,0.054632,0.039813,0.233334,0.366995,0.756329,0.242878,-0.004484,-0.004484,0.743912,674275.000000,21938040.988200,0.143263
2017-03-16,22.250000,22.549999,22.200001,22.430000,773400,0.000000,0.000000,21.270743,21.557539,21.222945,21.442822,20.741600,19.305420,18.033381,16.660773,20.776829,20.327959,0.448871,0.460197,-0.011326,66.465983,20.741600,21.515477,19.967724,0.953058,0.529394,0.024689,0.010361,0.055529,0.038426,0.209165,0.392303,0.761980,0.242240,0.000000,0.000000,0.746885,675295.000000,17347362.000000,0.129197
2017-03-17,22.450001,23.400000,22.450001,23.350000,2106300,0.000000,0.000000,21.461938,22.370125,21.461938,22.322327,20.818079,19.399106,18.102117,16.703601,21.014598,20.475690,0.538909,0.475939,0.062969,73.216947,20.818079,21.866768,19.769390,1.217204,0.557816,0.024989,0.041016,0.093677,0.071101,0.282967,0.428135,0.787902,0.276886,0.000000,0.000000,0.818536,748015.000000,49182105.000000,0.197560
2017-03-20,23.350000,23.549999,22.850000,23.299999,1069100,0.000000,0.000000,22.322325,22.513522,21.844331,22.274525,20.882608,19.492793,18.169801,16.745713,21.208433,20.608937,0.599496,0.500651,0.098846,72.364247,20.882608,22.116706,19.648510,1.063941,0.565771,0.025400,-0.002141,0.056689,0.071264,0.256064,0.418138,0.781345,0.276847,-0.002141,-0.002141,0.814642,774420.000000,24910028.930900,0.174574
2017-03-21,23.500000,23.559999,22.549999,22.650000,1361900,0.000000,0.000000,22.465726,22.523085,21.557536,21.653135,20.906508,19.576920,18.229837,16.785147,21.276849,20.686285,0.590564,0.518634,0.071931,62.220036,20.906508,22.182270,19.630745,0.792620,0.594327,0.027448,-0.027897,0.038991,0.031890,0.258334,0.365281,0.709434,0.296247,-0.029979,-0.029979,0.764019,795475.000000,30847035.000000,0.192735
2017-03-22,22.600000,22.900000,22.450001,22.750000,840100,0.000000,0.000000,21.605341,21.892137,21.461943,21.748739,20.928018,19.665827,18.298095,16.824869,21.349447,20.764985,0.584462,0.531799,0.052663,63.077627,20.928018,22.246812,19.609223,0.811163,0.582603,0.026788,0.004415,0.024775,0.027088,0.250000,0.350149,0.710527,0.295204,-0.025696,-0.025696,0.771807,810125.000000,19112275.000000,0.183266
2017-03-23,22.700001,23.049999,22.600000,22.799999,467300,0.000000,0.000000,21.700938,22.035533,21.605339,21.796535,20.978207,19.752822,18.361285,16.864112,21.418230,20.841396,0.576834,0.540806,0.036028,63.523420,20.978207,22.350638,19.605777,0.798131,0.571717,0.026230,0.002198,0.016496,0.022422,0.235772,0.334895,0.740458,0.294587,-0.023555,-0.023555,0.775701,796875.000000,10654439.532700,0.174913
2017-03-24,23.000000,23.450001,22.650000,22.750000,656900,0.000000,0.000000,21.987736,22.417932,21.653140,21.748739,21.026007,19.825477,18.425337,16.902399,21.469078,20.908607,0.560471,0.544739,0.015732,62.708056,21.026007,22.437282,19.614731,0.756057,0.585508,0.026921,-0.002193,-0.025696,0.045977,0.236413,0.308976,0.751348,0.279615,-0.025696,-0.025696,0.771807,803000.000000,14944475.000000,0.171108
2017-03-27,22.299999,23.100000,22.200001,22.950001,749000,0.000000,0.000000,21.318540,22.083332,21.222943,21.939934,21.083366,19.911516,18.492734,16.941882,21.541517,20.985001,0.556516,0.547094,0.009421,64.662073,21.083366,22.547004,19.619728,0.792616,0.605142,0.027582,0.008791,-0.015021,0.055172,0.267956,0.336634,0.787383,0.280365,-0.017131,-0.017131,0.787383,811415.000000,17189550.749000,0.195821
2017-03-28,22.850000,23.250000,22.709999,23.049999,447600,0.000000,0.000000,21.844334,22.226728,21.710494,22.035530,21.171795,19.989907,18.563955,16.983515,21.617519,21.062818,0.554701,0.548616,0.006085,65.631732,21.171795,22.641439,19.702150,0.793859,0.598792,0.027174,0.004357,0.017660,0.059770,0.269972,0.360685,0.708673,0.280241,-0.012848,-0.012848,0.795171,798095.000000,10317179.552400,0.194469
2017-03-29,22.950001,23.150000,22.799999,22.799999,464900,0.000000,0.000000,21.939935,22.131132,21.796535,21.796535,21.219594,20.077858,18.630874,17.024718,21.645060,21.117168,0.527892,0.544471,-0.016579,61.116597,21.219594,22.705966,19.733222,0.694077,0.579920,0.026606,-0.010846,0.002198,0.075472,0.249315,0.338814,0.680177,0.266033,-0.023555,-0.023555,0.775701,785080.000000,10599719.535100,0.174579
2017-03-30,22.799999,23.299999,22.799999,23.000000,675600,0.000000,0.000000,21.796528,22.274522,21.796528,21.987726,21.288903,20.165809,18.699705,17.066925,21.697778,21.181653,0.516124,0.538802,-0.022677,63.292195,21.288903,22.783184,19.794623,0.733832,0.572640,0.026044,0.008772,0.008772,0.055046,0.284916,0.336432,0.688693,0.251387,-0.014990,-0.014990,0.791277,795875.000000,15538800.000000,0.197433
2017-03-31,23.000000,23.850000,22.950001,23.400000,1586700,0.000000,0.000000,21.987730,22.800320,21.939931,22.370125,21.394062,20.265232,18.773794,17.110852,21.801216,21.269688,0.531527,0.537347,-0.005819,67.240296,21.394062,22.881528,19.906596,0.828096,0.593194,0.026517,0.017391,0.028571,0.085847,0.296399,0.362842,0.738484,0.250810,0.000000,0.000000,0.822430,847315.000000,37128780.000000,0.208099
2017-04-03,23.450001,23.700001,23.000000,23.350000,993900,0.000000,0.000000,22.417926,22.656923,21.987730,22.322327,21.492051,20.362743,18.841192,17.154302,21.881387,21.347662,0.533725,0.536622,-0.002897,66.280686,21.492051,22.951341,20.032761,0.784479,0.598622,0.026817,-0.002137,0.017429,0.101415,0.304469,0.340414,0.760935,0.241001,-0.002137,-0.002137,0.818536,871820.000000,23207565.000000,0.209439
2017-04-04,23.200001,23.500000,22.900000,23.299999,567500,0.000000,0.000000,22.178927,22.465723,21.892130,22.274525,21.585260,20.453561,18.908111,17.197465,21.941870,21.416318,0.525551,0.534408,-0.008857,65.277346,21.585260,22.990789,20.179732,0.745198,0.596834,0.026794,-0.002141,0.010846,0.093897,0.287293,0.354651,0.769172,0.242170,-0.004274,-0.004274,0.814642,870330.000000,13222749.432500,0.200809
2017-04-05,23.400000,23.650000,22.900000,23.000000,765000,0.000000,0.000000,22.370121,22.609118,21.892127,21.987726,21.678469,20.530040,18.966904,17.238668,21.948924,21.458645,0.490280,0.525583,-0.035303,59.461492,21.678469,22.912659,20.444278,0.625288,0.605417,0.027534,-0.012876,0.008772,0.077283,0.246612,0.340327,0.730623,0.249423,-0.017094,-0.017094,0.791277,883610.000000,17595000.000000,0.175865
2017-04-06,23.049999,23.430000,22.750000,23.400000,619700,0.000000,0.000000,22.035529,22.398805,21.748733,22.370125,21.781237,20.610343,19.026175,17.281926,22.013725,21.526162,0.487563,0.517979,-0.030416,64.059398,21.781237,22.871169,20.691305,0.770149,0.608607,0.027206,0.017391,0.017391,0.111639,0.271739,0.337143,0.790360,0.245022,0.000000,0.000000,0.822430,872700.000000,14500980.000000,0.200490
2017-04-07,23.350000,23.600000,22.900000,23.500000,610500,0.000000,0.000000,22.322327,22.561324,21.892132,22.465725,21.884006,20.697338,19.079233,17.325759,22.083263,21.595759,0.487504,0.511884,-0.024380,65.124375,21.884006,22.804043,20.963969,0.816139,0.612934,0.027283,0.004274,0.004274,0.105882,0.287671,0.342857,0.800766,0.244525,0.000000,0.000000,0.830218,879060.000000,14346750.000000,0.223055
2017-04-10,23.500000,23.700001,23.000000,23.250000,518200,0.000000,0.000000,22.465727,22.656926,21.987733,22.226730,21.941365,20.777641,19.131812,17.366436,22.105335,21.642498,0.462837,0.502074,-0.039237,60.312876,21.941365,22.790541,21.092190,0.668025,0.616953,0.027757,-0.010638,-0.004283,0.088993,0.284531,0.356476,0.756042,0.250398,-0.010638,-0.010638,0.810748,843975.000000,12048150.000000,0.221421
2017-04-11,23.100000,23.450001,22.799999,23.299999,1086900,0.000000,0.000000,22.083328,22.417924,21.796531,22.274525,22.013065,20.861768,19.180089,17.411319,22.131364,21.689314,0.442050,0.490069,-0.048020,60.934473,22.013065,22.696951,21.329178,0.691158,0.617270,0.027712,0.002150,0.000000,0.056689,0.276712,0.371395,0.766489,0.227773,-0.008511,-0.008511,0.814642,867435.000000,25324768.913100,0.219983
2017-04-12,23.150000,23.420000,22.750000,22.900000,971800,0.000000,0.000000,22.131127,22.389244,21.748732,21.892130,22.046524,20.941115,19.224543,17.456155,22.094559,21.704338,0.390221,0.470100,-0.079879,53.689113,22.046524,22.625000,21.468048,0.366551,0.618930,0.028272,-0.017167,-0.004348,0.050459,0.208443,0.389563,0.693787,0.233140,-0.025532,-0.025532,0.783489,866615.000000,22254220.000000,0.159463
2017-04-13,22.799999,23.049999,22.450001,22.549999,745800,0.000000,0.000000,21.796532,22.035529,21.461938,21.557535,22.052260,21.012814,19.264694,17.498267,22.011940,21.693464,0.318476,0.439775,-0.121299,48.279664,22.052260,22.607334,21.497186,0.054361,0.615691,0.028560,-0.015284,-0.036325,0.015766,0.222222,0.365012,0.662979,0.233351,-0.040426,-0.040426,0.756230,865235.000000,16817789.254200,0.175776
2017-04-17,22.549999,22.930000,22.500000,22.850000,1116400,0.000000,0.000000,21.557536,21.920813,21.509737,21.844334,22.028360,21.077821,19.306758,17.540426,21.986154,21.704639,0.281515,0.408123,-0.126608,52.680636,22.028360,22.575579,21.481141,0.331853,0.601076,0.027516,0.013304,-0.027660,0.018725,0.205805,0.395847,0.686347,0.235079,-0.027660,-0.027660,0.779595,815740.000000,25509740.000000,0.155094
2017-04-18,22.700001,23.100000,22.600000,23.049999,639300,0.000000,0.000000,21.700936,22.083331,21.605336,22.035530,22.016410,21.143785,19.350255,17.581438,21.993751,21.729150,0.264601,0.379419,-0.114818,55.404965,22.016410,22.551295,21.481526,0.517873,0.592285,0.026879,0.008753,-0.008602,-0.012848,0.266483,0.404631,0.684941,0.187639,-0.019149,-0.019149,0.795171,794250.000000,14735864.360700,0.210380
2017-04-19,23.200001,23.400000,23.000000,23.100000,565600,0.000000,0.000000,22.178933,22.370130,21.987735,22.083334,22.037920,21.214528,19.396621,17.622545,22.007533,21.755385,0.252147,0.353964,-0.101817,56.085729,22.037920,22.545181,21.530660,0.544764,0.577292,0.026142,0.002169,-0.008583,-0.008583,0.255435,0.417178,0.692308,0.187772,-0.017021,-0.017021,0.799066,754435.000000,13065360.000000,0.200107
2017-04-20,23.299999,23.950001,23.200001,23.900000,867000,0.000000,0.000000,22.274530,22.895924,22.178933,22.848124,22.092890,21.295787,19.451112,17.669102,22.136854,21.836329,0.300525,0.343277,-0.042751,65.230471,22.092890,22.697191,21.488588,1.124882,0.594099,0.026002,0.034632,0.043668,0.055188,0.313187,0.464461,0.767751,0.196875,0.000000,0.000000,0.861371,755780.000000,20721300.000000,0.245192
2017-04-21,23.850000,24.049999,23.510000,23.900000,608400,0.000000,0.000000,22.800325,22.991521,22.475289,22.848124,22.145469,21.375516,19.504169,17.715515,22.246280,21.911277,0.335004,0.341622,-0.006618,65.230471,22.145469,22.820103,21.470836,1.020768,0.588537,0.025759,0.000000,0.059867,0.050549,0.309589,0.454657,0.767751,0.196966,0.000000,0.000000,0.861371,762835.000000,14540760.000000,0.245652
2017-04-24,24.299999,24.400000,23.950001,24.049999,997200,0.000000,0.000000,23.230521,23.326120,22.895926,22.991524,22.207608,21.449127,19.559617,17.762645,22.360933,21.991295,0.369638,0.347225,0.022413,66.736754,22.207608,22.953553,21.461664,1.025452,0.580642,0.025255,0.006276,0.052517,0.054825,0.296496,0.484568,0.758041,0.197413,0.000000,0.000000,0.873053,779850.000000,23982659.002800,0.218901
2017-04-25,24.200001,24.350000,23.700001,24.250000,878200,0.000000,0.000000,23.134920,23.278317,22.656925,23.182718,22.269748,21.512223,19.617932,17.808341,22.487362,22.079549,0.407813,0.359343,0.048470,68.684689,22.269748,23.121374,21.418121,1.036016,0.583552,0.025172,0.008316,0.052061,0.065934,0.276316,0.500619,0.770073,0.197543,0.000000,0.000000,0.888629,786310.000000,21296350.000000,0.200520
2017-04-26,24.200001,24.549999,23.900000,24.500000,1045600,0.000000,0.000000,23.134915,23.469510,22.848118,23.421711,22.339057,21.572450,19.680549,17.853942,22.631108,22.178968,0.452140,0.377902,0.074237,70.972964,22.339057,23.325396,21.352718,1.048825,0.586255,0.025030,0.010309,0.060606,0.067538,0.276041,0.510481,0.779230,0.198161,0.000000,0.000000,0.908099,816210.000000,25617200.000000,0.210824
2017-04-27,25.000000,25.600000,24.500000,25.400000,1199600,0.000000,0.000000,23.899708,24.473301,23.421713,24.282103,22.463335,21.645105,19.757028,17.903749,22.885107,22.334756,0.550351,0.412392,0.137959,77.380950,22.463335,23.744231,21.182439,1.209959,0.619493,0.025512,0.036735,0.062761,0.101952,0.340369,0.551619,0.827338,0.229781,0.000000,0.000000,0.978193,852945.000000,30469840.000000,0.270741
2017-04-28,25.100000,25.309999,24.400000,24.799999,1149300,0.000000,0.000000,23.995305,24.196062,23.326113,23.708508,22.549374,21.702464,19.826337,17.950640,23.011784,22.436515,0.575269,0.444967,0.130301,66.794439,22.549374,23.923534,21.175214,0.921761,0.643529,0.027143,-0.023622,0.037657,0.087719,0.301837,0.588725,0.835677,0.244487,-0.023622,-0.023622,0.931464,876630.000000,28502638.850700,0.233502
2017-05-01,24.900000,25.500000,24.650000,25.299999,1050700,0.000000,0.000000,23.804111,24.377705,23.565114,24.186506,22.640193,21.770339,19.898037,17.999635,23.192511,22.566144,0.626366,0.481247,0.145119,70.425560,22.640193,24.192957,21.087429,0.997923,0.655605,0.027106,0.020161,0.051975,0.100000,0.338624,0.562693,0.903686,0.250329,-0.003937,-0.003937,0.970405,849830.000000,26582708.949300,0.253495
2017-05-02,25.350000,25.450001,24.879999,25.100000,776100,0.000000,0.000000,24.234307,24.329906,23.784991,23.995310,22.723842,21.830567,19.967824,18.047912,23.316018,22.672008,0.644010,0.513800,0.130210,67.257398,22.723842,24.381232,21.066453,0.883575,0.647698,0.026993,-0.007905,0.035052,0.072650,0.338667,0.563863,0.844232,0.249463,-0.011811,-0.011811,0.954829,838940.000000,19480110.000000,0.253075
2017-05-03,24.850000,25.280001,24.700001,25.049999,992800,0.000000,0.000000,23.756306,24.167381,23.612908,23.947502,22.807491,21.886014,20.035699,18.096142,23.413170,22.766489,0.646680,0.540376,0.106304,66.452401,22.807491,24.536713,21.078270,0.829631,0.641039,0.026769,-0.001992,0.022449,0.072805,0.332447,0.575471,0.844624,0.249422,-0.013780,-0.013780,0.950934,860205.000000,24869639.007200,0.256259
2017-05-04,25.150000,25.200001,24.750000,24.900000,565200,0.000000,0.000000,24.043109,24.090909,23.660714,23.804111,22.898310,21.935725,20.098316,18.143989,23.473314,22.843350,0.629964,0.558293,0.071671,63.978983,22.898310,24.637019,21.159602,0.760481,0.625979,0.026297,-0.005988,-0.019685,0.068670,0.280206,0.596154,0.847181,0.250864,-0.019685,-0.019685,0.939252,850215.000000,14073480.000000,0.202292
2017-05-05,24.950001,25.049999,24.450001,24.750000,719500,0.000000,0.000000,23.851910,23.947507,23.373916,23.660711,22.962840,21.993085,20.159499,18.190832,23.502145,22.903895,0.598249,0.566285,0.031965,61.513133,22.962840,24.714756,21.210923,0.699174,0.622237,0.026298,-0.006024,-0.002016,0.076087,0.262755,0.566456,0.889313,0.246385,-0.025591,-0.025591,0.927570,855205.000000,17807625.000000,0.186170
2017-05-08,24.650000,24.950001,24.200001,24.350000,917100,0.000000,0.000000,23.565110,23.851908,23.134917,23.278315,23.003469,22.042796,20.220205,18.236863,23.467709,22.931630,0.536079,0.560243,-0.024164,55.383194,23.003469,24.744500,21.262439,0.578932,0.629005,0.027021,-0.016162,-0.037549,0.040598,0.255154,0.541139,0.848899,0.250129,-0.041339,-0.041339,0.896417,870535.000000,22331385.000000,0.177622
2017-05-09,24.350000,24.750000,24.200001,24.450001,886600,0.000000,0.000000,23.278314,23.660709,23.134916,23.373913,23.060828,22.094419,20.276608,18.283181,23.453279,22.964392,0.488887,0.545972,-0.057085,56.548953,23.060828,24.769398,21.352259,0.591622,0.621633,0.026595,0.004107,-0.025897,0.040425,0.244275,0.562300,0.849470,0.250110,-0.037402,-0.037402,0.904205,888955.000000,21677370.886600,0.165608
2017-05-10,24.549999,24.930000,24.299999,24.400000,795100,0.000000,0.000000,23.469513,23.832789,23.230515,23.326115,23.113408,22.155602,20.335879,18.328638,23.433715,22.991186,0.442529,0.525284,-0.082754,55.764417,23.113408,24.784402,21.442414,0.563647,0.620250,0.026590,-0.002045,-0.025948,0.049462,0.236695,0.496933,0.831832,0.246380,-0.039370,-0.039370,0.900312,874365.000000,19400440.000000,0.158087
2017-05-11,24.700001,24.700001,23.980000,24.350000,901700,0.000000,0.000000,23.612911,23.612911,22.924598,23.278315,23.182717,22.204358,20.391327,18.372279,23.409808,23.012455,0.397353,0.499697,-0.102345,54.943484,23.182717,24.752340,21.613094,0.530452,0.625112,0.026854,-0.002049,-0.022088,0.045064,0.205446,0.493865,0.851711,0.246866,-0.041339,-0.041339,0.896417,870860.000000,21956395.000000,0.135320
2017-05-12,24.299999,24.299999,23.750000,23.950001,785200,0.000000,0.000000,23.230518,23.230518,22.704725,22.895924,23.249637,22.250246,20.448208,18.405739,23.330749,23.003823,0.326926,0.465143,-0.138218,48.759429,23.249637,24.630264,21.869010,0.371901,0.621432,0.027142,-0.016427,-0.032323,0.045852,0.143198,0.421365,0.855151,0.246146,-0.057086,-0.057086,0.865265,872830.000000,18805540.785200,0.075690
2017-05-15,24.100000,24.350000,24.100000,24.250000,918400,0.000000,0.000000,23.039320,23.278317,23.039320,23.182718,23.316556,22.308561,20.506045,18.441015,23.307975,23.017075,0.290900,0.430294,-0.139394,53.029449,23.316556,24.530003,22.103108,0.444852,0.604357,0.026069,0.012526,-0.004107,0.075388,0.135832,0.409883,0.871142,0.239959,-0.045276,-0.045276,0.888629,862930.000000,22271200.000000,0.068914
2017-05-16,24.450001,24.950001,24.350000,24.750000,952100,0.000000,0.000000,23.373916,23.851910,23.278316,23.660711,23.397815,22.374524,20.566272,18.477629,23.362242,23.064751,0.297490,0.403734,-0.106243,59.140858,23.397815,24.458055,22.337575,0.623980,0.608988,0.025738,0.020619,0.012270,0.083151,0.145833,0.378830,0.882129,0.244981,-0.025591,-0.025591,0.927570,878570.000000,23564475.000000,0.078856
2017-05-17,24.350000,24.350000,23.200001,23.200001,975700,0.000000,0.000000,23.278319,23.278319,22.178932,22.178932,23.402595,22.409896,20.612160,18.507408,23.180194,22.999135,0.181059,0.359199,-0.178140,41.231172,23.402595,24.438464,22.366725,-0.090645,0.671331,0.030269,-0.062626,-0.049180,0.006508,0.064221,0.307043,0.806854,0.335362,-0.086614,-0.086614,0.769642,899075.000000,22636240.975700,0.031262
2017-05-18,23.200001,23.830000,22.850000,23.700001,1336800,0.000000,0.000000,22.178925,22.781197,21.844329,22.656919,23.393034,22.460563,20.665695,18.540390,23.099690,22.973786,0.125905,0.312540,-0.186635,46.825188,23.393034,24.453684,22.332385,0.152988,0.690298,0.030467,0.021551,-0.026694,0.025974,0.089655,0.298630,0.792738,0.343190,-0.066929,-0.066929,0.807780,922565.000000,31682161.336800,0.048342
2017-05-19,23.850000,24.049999,23.280001,23.350000,1098000,0.000000,0.000000,22.800321,22.991517,22.255408,22.322327,23.366745,22.500715,20.715407,18.571842,22.980096,22.925530,0.054566,0.260945,-0.206379,43.690140,23.366745,24.507317,22.226172,0.042152,0.693570,0.031071,-0.014768,-0.025052,-0.023013,0.063781,0.279452,0.781083,0.325196,-0.080709,-0.080709,0.729630,947045.000000,25638300.000000,0.021798
2017-05-22,23.900000,24.330000,23.450001,24.299999,1228000,0.000000,0.000000,22.848123,23.259199,22.417930,23.230518,23.378694,22.557118,20.773244,18.608312,23.018622,22.948121,0.070501,0.222856,-0.152355,52.906722,23.378694,24.507664,22.249725,0.434375,0.710949,0.030604,0.040685,0.002062,0.016736,0.097066,0.324251,0.800000,0.355730,-0.043307,-0.043307,0.797337,958585.000000,29840398.772000,0.051435
2017-05-23,24.299999,24.500000,23.850000,24.250000,655100,0.000000,0.000000,23.230517,23.421715,22.800323,23.182718,23.378694,22.599181,20.833949,18.642537,23.043868,22.965499,0.078369,0.193959,-0.115590,52.420403,23.378694,24.507664,22.249725,0.413206,0.704552,0.030391,-0.002058,-0.020202,0.008316,0.087444,0.314363,0.792313,0.355354,-0.045276,-0.045276,0.793639,947430.000000,15886175.000000,0.039995
2017-05-24,24.299999,24.600000,24.200001,24.350000,605700,0.000000,0.000000,23.230514,23.517312,23.134917,23.278315,23.371525,22.647937,20.894176,18.677048,23.079937,22.988670,0.091266,0.173420,-0.082154,53.344076,23.371525,24.501165,22.241884,0.458744,0.681540,0.029278,0.004124,0.049569,0.004124,0.119540,0.316216,0.758123,0.354508,-0.041339,-0.041339,0.801035,925435.000000,14748795.000000,0.063416
2017-05-25,24.450001,24.549999,24.049999,24.150000,758900,0.000000,0.000000,23.373914,23.469511,22.991517,23.087116,23.311775,22.685221,20.953926,18.710555,23.081041,22.995963,0.085079,0.155752,-0.070673,51.203062,23.311775,24.362264,22.261287,0.393069,0.667001,0.028891,-0.008214,0.018987,-0.014286,0.110344,0.323288,0.726233,0.353814,-0.049213,-0.049213,0.786242,903400.000000,18327435.000000,0.048765
2017-05-26,24.100000,24.150000,23.650000,23.950001,863000,0.000000,0.000000,23.039322,23.087120,22.609126,22.895924,23.271146,22.714283,21.009851,18.744158,23.052562,22.988552,0.064009,0.137403,-0.073394,49.081669,23.271146,24.319881,22.222411,0.321107,0.653501,0.028542,-0.008281,0.025696,-0.057086,0.101149,0.315934,0.713162,0.327602,-0.057086,-0.057086,0.771450,889085.000000,20668850.863000,0.041733
2017-05-30,23.950001,24.350000,23.850000,24.200001,681800,0.000000,0.000000,22.895919,23.278314,22.800320,23.134916,23.218567,22.730534,21.064820,18.778861,23.065232,22.999394,0.065837,0.123090,-0.057253,51.771514,23.218567,24.175497,22.261636,0.456292,0.640965,0.027706,0.010438,-0.004115,-0.024194,0.141509,0.318801,0.697055,0.321235,-0.047244,-0.047244,0.789940,870640.000000,16499560.681800,0.076665
2017-05-31,24.400000,24.850000,24.200001,24.700001,1141000,0.000000,0.000000,23.326116,23.756311,23.134919,23.612913,23.199447,22.757302,21.125048,18.815523,23.149490,23.044840,0.104650,0.119402,-0.014752,56.698513,23.199447,24.104929,22.293964,0.728313,0.639567,0.027085,0.020661,0.018557,-0.023715,0.133028,0.353425,0.732118,0.321654,-0.027559,-0.027559,0.826923,888885.000000,28182701.141000,0.083148
2017-06-01,24.750000,25.400000,24.700001,25.250000,1650600,0.000000,0.000000,23.660712,24.282104,23.612913,24.138706,23.209007,22.807014,21.191967,18.854575,23.301677,23.125867,0.175810,0.130684,0.045126,61.373098,23.209007,24.151044,22.266970,0.993451,0.641683,0.026583,0.022267,0.036961,0.005976,0.171694,0.391184,0.754691,0.330292,-0.005905,-0.005905,0.867603,921775.000000,41677650.000000,0.105904
2017-06-02,25.500000,26.150000,25.400000,25.900000,1231300,0.000000,0.000000,24.377706,24.999098,24.282107,24.760101,23.256806,22.867241,21.266534,18.898455,23.526050,23.246921,0.279129,0.160373,0.118756,66.039215,23.256806,24.401254,22.112359,1.156777,0.657305,0.026547,0.025743,0.072464,0.033933,0.221698,0.442897,0.787440,0.341448,0.000000,0.000000,0.915680,955080.000000,31890670.000000,0.147594
2017-06-05,25.850000,26.350000,25.850000,26.049999,1438700,0.000000,0.000000,24.712294,25.190288,24.712294,24.903490,23.318945,22.929380,21.341101,18.942717,23.737964,23.369630,0.368334,0.201965,0.166369,67.028977,23.318945,24.671725,21.966165,1.085662,0.644497,0.025880,0.005791,0.087682,0.046184,0.223005,0.497126,0.809027,0.340494,0.000000,0.000000,0.926774,991040.000000,37478133.561300,0.146669
2017-06-06,25.950001,26.500000,25.799999,26.250000,1001100,0.000000,0.000000,24.807900,25.333693,24.664501,25.094696,23.409764,22.996299,21.410888,18.986788,23.946692,23.497413,0.449279,0.251428,0.197851,68.353470,23.409764,24.977817,21.841712,1.037269,0.646261,0.025753,0.007678,0.084711,0.060606,0.229509,0.495727,0.817867,0.339543,0.000000,0.000000,0.941568,995240.000000,26278875.000000,0.153894
2017-06-07,26.150000,26.700001,26.150000,26.400000,794600,0.000000,0.000000,24.999090,25.524884,24.999090,25.238087,23.502973,23.062262,21.486889,19.030238,24.145368,23.626352,0.519016,0.304946,0.214071,69.347918,23.502973,25.270931,21.735015,0.990711,0.637656,0.025266,0.005714,0.068826,0.084189,0.254156,0.483146,0.809458,0.332346,0.000000,0.000000,0.952662,990640.000000,20977440.000000,0.175385
2017-06-08,26.500000,26.850000,26.290001,26.650000,960700,0.000000,0.000000,25.333695,25.668291,25.132938,25.477093,23.610522,23.131093,21.560500,19.075886,24.350249,23.763444,0.586805,0.361317,0.225488,70.984572,23.610522,25.583044,21.638000,0.973143,0.630349,0.024742,0.009470,0.055446,0.089980,0.254118,0.497192,0.808006,0.332873,0.000000,0.000000,0.971154,998920.000000,25602655.000000,0.171404
2017-06-09,26.799999,27.200001,25.450001,25.799999,1395100,0.000000,0.000000,25.620482,26.002878,24.329899,24.664494,23.679831,23.188452,21.633155,19.115225,24.398594,23.830188,0.568406,0.402735,0.165671,59.376423,23.679831,25.700040,21.659621,0.743703,0.704822,0.028576,-0.031895,-0.003861,0.057377,0.208431,0.437325,0.756297,0.355369,-0.031895,-0.031895,0.908283,1023590.000000,35993578.604900,0.149372
2017-06-12,25.500000,25.700001,24.350000,24.900000,1490100,0.000000,0.000000,24.377705,24.568903,23.278319,23.804111,23.725240,23.224780,21.695295,19.150932,24.307135,23.828256,0.478879,0.417964,0.060915,50.044782,23.725240,25.711806,21.738674,0.519851,0.753490,0.031654,-0.034883,-0.044146,0.022587,0.129252,0.356948,0.736401,0.378578,-0.065666,-0.065666,0.841716,1058835.000000,37103490.000000,0.078249
2017-06-13,25.100000,25.400000,24.750000,24.900000,1176100,0.000000,0.000000,23.995310,24.282106,23.660714,23.804111,23.756310,23.253460,21.759346,19.187211,24.229747,23.826468,0.403279,0.415027,-0.011748,50.044782,23.756310,25.726519,21.786100,0.512131,0.744055,0.031257,0.000000,-0.051429,0.039666,0.142202,0.356948,0.755994,0.373102,-0.065666,-0.065666,0.841716,1071720.000000,29284890.000000,0.080129
2017-06-14,25.000000,25.500000,24.299999,24.500000,1397300,0.000000,0.000000,23.899705,24.377699,23.230513,23.421711,23.744360,23.275448,21.819095,19.221292,24.105434,23.796486,0.308948,0.393811,-0.084863,46.294461,23.744360,25.719903,21.768817,0.418339,0.772850,0.032997,-0.016064,-0.071970,0.010309,0.103604,0.361112,0.729005,0.376189,-0.080676,-0.080676,0.812130,1093980.000000,34233850.000000,0.053631
2017-06-15,24.049999,24.250000,23.750000,24.000000,764500,0.000000,0.000000,22.991520,23.182719,22.704725,22.943722,23.782599,23.288832,21.871196,19.252314,23.926709,23.733318,0.193391,0.353727,-0.160336,42.052327,23.782599,25.657608,21.907591,0.276300,0.768860,0.033511,-0.020408,-0.099437,-0.030303,0.069995,0.293801,0.688951,0.375745,-0.099437,-0.099437,0.775148,1083420.000000,18348000.000000,0.025130
2017-06-16,23.650000,24.250000,23.600000,24.049999,1035300,0.000000,0.000000,22.609129,23.182722,22.561330,22.991524,23.799330,23.308908,21.919474,19.284005,23.782834,23.678371,0.104464,0.303874,-0.199411,42.618618,23.799330,25.637659,21.961000,0.280288,0.758326,0.032983,0.002083,-0.067829,0.036638,0.029979,0.321429,0.686536,0.302086,-0.097561,-0.097561,0.778846,1068345.000000,24898963.964700,-0.012516
2017-06-19,24.200001,24.450001,23.799999,24.150000,1088000,0.000000,0.000000,23.134917,23.373914,22.752520,23.087116,23.837569,23.323247,21.966795,19.317991,23.675801,23.634574,0.041227,0.251345,-0.210118,43.801358,23.837569,25.575619,22.099519,0.284111,0.748545,0.032423,0.004158,-0.030121,0.018987,0.036481,0.301887,0.692361,0.293713,-0.093809,-0.093809,0.786242,1067845.000000,26275200.000000,-0.020704
2017-06-20,24.100000,24.250000,23.450001,23.750000,1000800,0.000000,0.000000,23.039314,23.182712,22.417922,22.704718,23.811279,23.328027,22.012683,19.348917,23.526403,23.565696,-0.039292,0.193217,-0.232510,40.229142,23.811279,25.603067,22.019491,0.191213,0.749706,0.033020,-0.016563,-0.046185,0.017130,0.048565,0.319445,0.651599,0.294995,-0.108818,-0.108818,0.756656,1056485.000000,23769000.000000,-0.019473
2017-06-21,23.900000,24.100000,23.500000,23.600000,787200,0.000000,0.000000,22.848121,23.039319,22.465726,22.561325,23.780209,23.334719,22.056180,19.379174,23.377930,23.491298,-0.113368,0.131900,-0.245268,38.946471,23.780209,25.638216,21.922203,0.171991,0.737126,0.032672,-0.006316,-0.036735,-0.028807,0.037362,0.296703,0.644599,0.257868,-0.114447,-0.114447,0.745562,1063090.000000,18577920.000000,-0.033461
2017-06-22,23.600000,23.700001,23.150000,23.500000,655000,0.000000,0.000000,22.561324,22.656923,22.131129,22.465725,23.739580,23.338543,22.100155,19.409765,23.237591,23.415329,-0.177739,0.069972,-0.247711,38.074850,23.739580,25.677612,21.801548,0.171353,0.722031,0.032139,-0.004237,-0.020833,-0.030928,0.030702,0.273713,0.639916,0.258063,-0.118199,-0.118199,0.738165,1065555.000000,15392500.000000,-0.041320
2017-06-23,23.500000,23.700001,23.350000,23.400000,2858000,0.000000,0.000000,22.465724,22.656922,22.322326,22.370125,23.703730,23.348103,22.144609,19.439258,23.104134,23.337907,-0.233773,0.009223,-0.242996,37.178786,23.703730,25.717621,21.689840,0.168898,0.694357,0.031039,-0.004255,-0.027027,-0.039014,0.028571,0.271739,0.587517,0.257448,-0.121951,-0.121951,0.730769,1170510.000000,66877200.000000,-0.046318
2017-06-26,23.600000,23.799999,22.930000,23.100000,1136700,0.000000,0.000000,22.561328,22.752525,21.920816,22.083334,23.663101,23.358619,22.185717,19.468415,22.947088,23.244976,-0.297887,-0.052199,-0.245689,34.551766,23.663101,25.775967,21.550235,0.126155,0.704168,0.031887,-0.012820,-0.043478,-0.043478,0.006536,0.276244,0.660676,0.259388,-0.133208,-0.133208,0.708580,1184195.000000,26257770.000000,-0.063114
2017-06-27,22.950001,23.200001,22.350000,22.450001,1893700,0.000000,0.000000,21.939933,22.178930,21.366340,21.461939,23.579452,23.350971,22.214396,19.497286,22.718604,23.112899,-0.394295,-0.120618,-0.273677,29.661347,23.579452,25.902388,21.256516,0.044216,0.711912,0.033171,-0.028139,-0.054737,-0.062631,-0.026030,0.236914,0.660503,0.274160,-0.157599,-0.157599,0.633916,1244790.000000,42513566.893700,-0.072239
2017-06-28,22.650000,23.450001,22.350000,23.400000,1846300,0.000000,0.000000,21.653134,22.417925,21.366338,22.370125,23.517313,23.357663,22.250724,19.529646,22.664992,23.057879,-0.392887,-0.175072,-0.217815,42.476235,23.517313,25.902145,21.132480,0.259483,0.736175,0.032909,0.042316,-0.008475,-0.033058,0.026316,0.282192,0.703057,0.313208,-0.121951,-0.121951,0.667854,1280055.000000,43203420.000000,-0.030803
2017-06-29,23.299999,23.500000,21.950001,22.049999,1304000,0.000000,0.000000,22.274528,22.465726,20.983945,21.079542,23.364354,23.337587,22.276057,19.557418,22.421076,22.911335,-0.490259,-0.238109,-0.252150,33.215301,23.364354,25.964109,20.764599,0.060572,0.789432,0.037450,-0.057692,-0.061702,-0.107288,-0.041304,0.231843,0.571632,0.358025,-0.172608,-0.172608,0.557203,1262725.000000,28753198.696000,-0.080194
2017-06-30,22.100000,22.280001,21.900000,21.950001,1094400,0.000000,0.000000,21.127348,21.299426,20.936149,20.983950,23.175547,23.300304,22.298045,19.585333,22.199980,22.768566,-0.568586,-0.304205,-0.264381,32.647522,23.175547,25.894262,20.456832,0.096942,0.758993,0.036170,-0.004535,-0.061965,-0.130693,-0.061965,0.216067,0.516932,0.343929,-0.176360,-0.176360,0.550142,1255880.000000,24022081.094400,-0.100648
2017-07-03,22.150000,22.209999,21.780001,21.950001,482800,0.000000,0.000000,21.175146,21.232505,20.821432,20.983950,22.979570,23.263020,22.319268,19.612100,22.012898,22.636372,-0.623474,-0.368058,-0.255415,32.647522,22.979570,25.738607,20.220532,0.138349,0.734141,0.034986,0.000000,-0.049783,-0.152510,-0.059957,0.226257,0.513793,0.324614,-0.176360,-0.176360,0.550142,1208085.000000,10597460.482800,-0.096495
2017-07-05,21.950001,22.200001,21.780001,22.150000,908800,0.000000,0.000000,20.983942,21.222939,20.821424,21.175138,22.783592,23.226692,22.337910,19.639442,21.884012,22.528132,-0.644120,-0.423271,-0.220850,35.216236,22.783592,25.465792,20.101392,0.200161,0.710382,0.033548,0.009111,-0.013363,-0.149712,-0.049356,0.223757,0.564265,0.326544,-0.168856,-0.168856,0.560958,1203470.000000,20129920.000000,-0.092121
2017-07-06,21.900000,22.450001,21.850000,22.150000,1312600,0.000000,0.000000,20.936141,21.461936,20.888343,21.175138,22.580445,23.186541,22.349382,19.666018,21.774955,22.427911,-0.652956,-0.469208,-0.183748,35.216236,22.580445,25.089780,20.071109,0.219984,0.700612,0.033087,0.000000,-0.053419,-0.156191,-0.036956,0.200542,0.560958,0.323115,-0.168856,-0.168856,0.560958,1229370.000000,29074090.000000,-0.075320
2017-07-07,22.350000,22.700001,22.299999,22.500000,688400,0.000000,0.000000,21.366339,21.700935,21.318539,21.509737,22.382077,23.148301,22.360376,19.693025,21.734152,22.359898,-0.625746,-0.500515,-0.125230,39.870819,22.382077,24.528235,20.235918,0.296767,0.688125,0.031991,0.015802,0.020408,-0.147727,-0.038461,0.222826,0.585624,0.330263,-0.155722,-0.155722,0.531654,1215755.000000,15489000.000000,-0.085091
2017-07-10,22.500000,22.799999,22.230000,22.400000,993000,0.000000,0.000000,21.509738,21.796534,21.251621,21.414139,22.219559,23.090942,22.368023,19.718454,21.684919,22.289842,-0.604922,-0.521397,-0.083526,39.008472,22.219559,24.115689,20.323429,0.287615,0.677895,0.031656,-0.004444,0.020501,-0.159475,-0.046808,0.227397,0.524847,0.324793,-0.159475,-0.159475,0.521739,1195650.000000,22243200.000000,-0.097606
2017-07-11,22.400000,23.549999,22.340000,23.250000,964600,0.000000,0.000000,21.414140,22.513526,21.356781,22.226730,22.140690,23.061307,22.381885,19.746512,21.768275,22.285167,-0.516892,-0.520496,0.003604,49.088292,22.140690,23.884404,20.396976,0.524671,0.712099,0.032038,0.037946,0.059225,-0.098837,0.000000,0.284531,0.554145,0.349335,-0.127580,-0.127580,0.579484,1169375.000000,22426950.000000,-0.053116
2017-07-12,23.400000,23.950001,23.400000,23.850000,845600,0.000000,0.000000,22.370126,22.895921,22.370126,22.800322,22.090501,23.033583,22.401961,19.778442,21.927051,22.323326,-0.396275,-0.495652,0.099377,54.770543,22.090501,23.683929,20.497072,0.722734,0.709034,0.031098,0.025806,0.076750,-0.042169,0.023605,0.306849,0.592123,0.346539,-0.105066,-0.105066,0.620245,1152850.000000,20167560.000000,-0.043621
2017-07-13,24.000000,24.150000,23.850000,24.100000,931500,0.000000,0.000000,22.943719,23.087117,22.800321,23.039318,22.071381,23.014463,22.422515,19.812667,22.098169,22.376363,-0.278194,-0.452160,0.173967,56.927659,22.071381,23.605632,20.537130,0.815443,0.678874,0.029466,0.010482,0.088036,-0.032129,0.052402,0.271768,0.607739,0.349126,-0.095685,-0.095685,0.637228,1129560.000000,22449150.000000,-0.022695
2017-07-14,24.150000,24.600000,24.150000,24.549999,584400,0.000000,0.000000,23.087114,23.517310,23.087114,23.469509,22.097670,23.004903,22.445459,19.848612,22.309145,22.457337,-0.148192,-0.391367,0.243174,60.572716,22.097670,23.710847,20.484494,0.925198,0.664526,0.028314,0.018672,0.091111,0.002041,0.088692,0.330623,0.631229,0.351374,-0.078800,-0.078800,0.667799,1120555.000000,14347019.415600,0.001300
2017-07-17,24.450001,25.100000,24.400000,24.930000,1049000,0.000000,0.000000,23.373911,23.995303,23.326110,23.832785,22.139733,23.005477,22.470601,19.885513,22.543551,22.559222,-0.015671,-0.316227,0.300556,63.390211,22.139733,23.889161,20.390305,0.983887,0.664859,0.027897,0.015479,0.112946,0.038750,0.091028,0.315567,0.662000,0.346644,-0.064541,-0.064541,0.693614,1121240.000000,26151570.000000,0.012890
2017-07-18,24.850000,25.400000,24.530001,25.200001,1386000,0.000000,0.000000,23.756308,24.282101,23.450392,24.090904,22.189923,23.014080,22.503583,19.923896,22.781605,22.672680,0.108926,-0.231197,0.340122,65.288273,22.189923,24.103669,20.276176,0.996665,0.676777,0.028093,0.010830,0.083871,0.047817,0.093275,0.384615,0.684492,0.347980,-0.054409,-0.054409,0.711956,1136140.000000,34927201.386000,0.008680
2017-07-19,25.299999,26.000000,25.299999,25.850000,1163400,0.000000,0.000000,24.186505,24.855697,24.186505,24.712299,22.290302,23.042760,22.542778,19.964191,23.078635,22.823762,0.254872,-0.133983,0.388855,69.401193,22.290302,24.504722,20.075881,1.046869,0.683064,0.027641,0.025794,0.083857,0.070394,0.119047,0.404891,0.736064,0.357260,-0.030019,-0.030019,0.756114,1144270.000000,30073890.000000,0.030013
2017-07-20,25.900000,26.049999,25.450001,25.900000,750700,0.000000,0.000000,24.760101,24.903499,24.329908,24.760101,22.400241,23.070484,22.582452,20.005776,23.337322,22.967195,0.370127,-0.033161,0.403288,69.698633,22.400241,24.874406,19.926075,0.976900,0.675244,0.027271,0.001934,0.074689,0.090527,0.083682,0.423077,0.732442,0.349849,-0.028143,-0.028143,0.759511,1142445.000000,19443130.000000,0.003703
2017-07-21,26.100000,26.100000,25.600000,25.850000,649900,0.000000,0.000000,24.951296,24.951296,24.473302,24.712299,22.512569,23.098208,22.626905,20.047314,23.548857,23.096462,0.452395,0.063950,0.388445,68.976560,22.512569,25.194519,19.830619,0.910099,0.661155,0.026754,-0.001931,0.052953,0.095339,0.081590,0.416438,0.756114,0.348488,-0.030019,-0.030019,0.751355,1142190.000000,16799915.000000,0.000847
2017-07-24,25.850000,25.930000,25.370001,25.799999,759400,0.000000,0.000000,24.712294,24.788773,24.253420,24.664494,22.627288,23.125931,22.665145,20.086988,23.720493,23.212612,0.507881,0.152736,0.355145,68.215443,22.627288,25.474756,19.779820,0.857722,0.652169,0.026442,-0.001934,0.034898,0.097872,0.072765,0.390835,0.747967,0.347845,-0.031895,-0.031895,0.732706,1037260.000000,19592519.240600,0.001407
2017-07-25,25.799999,25.950001,25.530001,25.650000,773400,0.000000,0.000000,24.664495,24.807895,24.406380,24.521097,22.749176,23.158435,22.704340,20.125944,23.843663,23.309537,0.534126,0.229014,0.305112,65.867579,22.749176,25.705235,19.793117,0.799710,0.634265,0.025866,-0.005814,0.017857,0.096154,0.057732,0.350000,0.722632,0.348391,-0.037524,-0.037524,0.685282,1019095.000000,19837710.000000,-0.006442
2017-07-26,26.000000,26.299999,25.500000,25.850000,1201400,0.000000,0.000000,24.855697,25.142493,24.377703,24.712299,22.911694,23.189026,22.748794,20.167577,23.977299,23.413446,0.563854,0.295982,0.267872,67.475053,22.911694,25.926586,19.896802,0.798619,0.643588,0.026043,0.007797,0.000000,0.119047,0.055102,0.346354,0.698423,0.342666,-0.030019,-0.030019,0.657051,984480.000000,31056190.000000,-0.010874
2017-07-27,26.700001,26.950001,25.750000,26.600000,1267200,0.000000,0.000000,25.524888,25.763885,24.616698,25.429289,23.064652,23.224398,22.799461,20.213513,24.200682,23.562767,0.637915,0.364369,0.273546,72.672419,23.064652,26.268352,19.860952,0.869048,0.679560,0.026724,0.029013,0.027027,0.184855,0.047244,0.403694,0.569321,0.328684,-0.001876,-0.001876,0.705128,955525.000000,33707520.000000,-0.007848
2017-07-28,26.549999,27.100000,26.400000,26.450001,1014700,0.000000,0.000000,25.381484,25.907279,25.238086,25.285887,23.274969,23.286537,22.848216,20.261169,24.367637,23.690406,0.677231,0.426941,0.250290,70.254360,23.274969,26.482234,20.067704,0.813494,0.678819,0.026846,-0.005639,0.023211,0.130342,0.066532,0.388451,0.567872,0.307476,-0.007505,-0.007505,0.695512,941060.000000,26838816.014700,0.012450
2017-07-31,26.500000,26.500000,26.030001,26.100000,1061000,0.000000,0.000000,25.333693,25.333693,24.884379,24.951298,23.473337,23.332425,22.896494,20.306961,24.457431,23.783805,0.673626,0.476278,0.197348,64.833851,23.473337,26.572926,20.373747,0.738412,0.662426,0.026549,-0.013232,0.011628,0.183674,0.031621,0.380952,0.527209,0.216484,-0.020638,-0.020638,0.673077,939390.000000,27692100.000000,-0.010490
2017-08-01,26.299999,26.350000,25.850000,26.299999,910600,0.000000,0.000000,25.142496,25.190297,24.712302,25.142496,23.681264,23.388828,22.944771,20.354425,24.562826,23.884449,0.678377,0.516698,0.161679,66.427900,23.681264,26.632081,20.730446,0.747598,0.649252,0.025823,0.007663,0.025341,0.198177,0.047809,0.402667,0.549794,0.211546,-0.013133,-0.013133,0.685897,960780.000000,23948779.089400,0.003912
2017-08-02,26.450001,26.500000,25.100000,25.250000,568300,0.000000,0.000000,25.285893,25.333692,23.995308,24.138706,23.829442,23.406992,22.982055,20.396680,24.497576,23.903283,0.594294,0.532217,0.062077,52.876509,23.829442,26.538073,21.120811,0.557089,0.698476,0.028936,-0.039924,-0.023211,0.150341,0.007984,0.343085,0.502977,0.269559,-0.052533,-0.052533,0.618590,943755.000000,14349575.000000,-0.039788
2017-08-03,25.350000,25.450001,24.900000,25.100000,827700,0.000000,0.000000,24.234307,24.329906,23.804111,23.995310,23.970451,23.423243,23.011212,20.438744,24.420305,23.910100,0.510205,0.527815,-0.017610,51.267515,23.970451,26.373683,21.567219,0.505172,0.686142,0.028595,-0.005941,-0.056391,0.133183,0.008032,0.290489,0.496720,0.272975,-0.058161,-0.058161,0.608974,919510.000000,20775270.000000,-0.035587
2017-08-04,24.950001,25.150000,24.530001,24.650000,700500,0.000000,0.000000,23.851915,24.043111,23.450399,23.565117,24.073220,23.428980,23.038458,20.478561,24.288737,23.884545,0.404192,0.503090,-0.098898,46.678499,24.073220,26.192391,21.954049,0.380118,0.679468,0.028834,-0.017928,-0.068053,0.112867,-0.004040,0.257653,0.478704,0.284840,-0.075047,-0.075047,0.580128,920115.000000,17267325.000000,-0.045150
2017-08-07,24.650000,25.299999,24.629999,25.150000,613800,0.000000,0.000000,23.565112,24.186504,23.545992,24.043106,24.204668,23.448099,23.066660,20.520242,24.250948,23.896291,0.354657,0.473404,-0.118746,51.837071,24.204668,25.916320,22.493016,0.452805,0.676686,0.028145,0.020284,-0.036399,0.117778,0.032854,0.296391,0.471621,0.287343,-0.056285,-0.056285,0.612179,901155.000000,15437070.000000,-0.013209
2017-08-08,25.150000,25.379999,24.780001,24.850000,578500,0.000000,0.000000,24.043113,24.262990,23.689398,23.756317,24.281148,23.465307,23.089795,20.561588,24.174851,23.885922,0.288929,0.436509,-0.147580,48.787327,24.281148,25.738479,22.823816,0.319934,0.669322,0.028174,-0.011928,-0.055133,0.109375,0.016360,0.264631,0.450672,0.291733,-0.067542,-0.067542,0.592949,881850.000000,14375725.000000,-0.024464
2017-08-09,24.549999,24.959999,24.299999,24.700001,507700,0.000000,0.000000,23.469513,23.861468,23.230516,23.612913,24.321777,23.474867,23.102701,20.602409,24.088399,23.865699,0.222700,0.393747,-0.171047,47.289134,24.321777,25.644358,22.999196,0.232015,0.666581,0.028230,-0.006036,-0.021782,0.062366,0.012295,0.251901,0.441074,0.268204,-0.073171,-0.073171,0.583333,864955.000000,12540190.507700,-0.024119
2017-08-10,24.600000,24.600000,23.850000,23.850000,612700,0.000000,0.000000,23.517313,23.517313,22.800322,22.800322,24.309827,23.458615,23.107959,20.638880,23.890233,23.786782,0.103451,0.335688,-0.232237,39.825977,24.309827,25.684490,22.935164,-0.049046,0.677010,0.029693,-0.034413,-0.049801,0.000000,-0.020534,0.180693,0.409575,0.284381,-0.105066,-0.105066,0.528846,849015.000000,14612895.000000,-0.037033
2017-08-11,23.950001,24.430000,23.900000,24.400000,582500,0.000000,0.000000,22.895921,23.354795,22.848120,23.326115,24.302658,23.442363,23.124688,20.677263,23.803446,23.752659,0.050787,0.278707,-0.227921,45.787882,24.302658,25.697128,22.908188,0.149852,0.668258,0.028648,0.023061,-0.010142,0.012448,0.018789,0.164678,0.440378,0.293335,-0.084428,-0.084428,0.564102,848920.000000,14213000.000000,-0.003319
2017-08-14,24.750000,24.900000,24.400000,24.700001,471800,0.000000,0.000000,23.660712,23.804110,23.326116,23.612913,24.291664,23.419420,23.143330,20.720712,23.774133,23.742307,0.031826,0.229331,-0.197505,48.769491,24.291664,25.705069,22.878259,0.259888,0.654667,0.027725,0.012295,-0.017893,0.006110,0.018557,0.156909,0.450382,0.289230,-0.073171,-0.073171,0.583333,820060.000000,11653460.471800,-0.012430
2017-08-15,24.799999,24.799999,24.250000,24.450001,383200,0.000000,0.000000,23.708507,23.708507,23.182714,23.373913,24.255815,23.388828,23.159104,20.760195,23.712561,23.715019,-0.002458,0.182973,-0.185431,46.475535,24.255815,25.725895,22.785734,0.200050,0.645462,0.027615,-0.010122,-0.016097,-0.019254,-0.012121,0.131944,0.431499,0.286046,-0.082552,-0.082552,0.567307,769920.000000,9369240.383200,-0.038563
2017-08-16,24.500000,24.700001,24.350000,24.450001,661400,0.000000,0.000000,23.421711,23.612910,23.278314,23.373913,24.188895,23.354413,23.175356,20.800346,23.660461,23.689752,-0.029291,0.140520,-0.169811,46.475535,24.188895,25.692940,22.684851,0.229070,0.623257,0.026665,0.000000,-0.010122,-0.029762,0.053879,0.121560,0.462321,0.282955,-0.082552,-0.082552,0.567307,744820.000000,16171230.661400,-0.001662
2017-08-17,24.299999,24.450001,23.400000,23.450001,668900,0.000000,0.000000,23.230513,23.373913,22.370124,22.417925,24.071786,23.298009,23.180136,20.836435,23.469302,23.595542,-0.126241,0.087168,-0.213409,38.150893,24.071786,25.743910,22.399663,0.005461,0.650438,0.029014,-0.040900,-0.016772,-0.092843,-0.010548,0.078161,0.396665,0.296527,-0.120075,-0.120075,0.503205,740730.000000,15685705.668900,-0.038092
2017-08-18,23.250000,23.879999,23.049999,23.799999,567500,0.000000,0.000000,22.226731,22.829002,22.035532,22.752523,23.973798,23.243518,23.187306,20.875630,23.359028,23.533097,-0.174068,0.034921,-0.208989,42.062511,23.973798,25.716098,22.231498,0.149522,0.660655,0.029037,0.014925,-0.024590,-0.081081,0.019272,0.084282,0.397534,0.303393,-0.106942,-0.106942,0.525641,736610.000000,13506499.432500,-0.002562
2017-08-21,23.850000,23.930000,23.500000,23.850000,528000,0.000000,0.000000,22.800322,22.876801,22.465725,22.800322,23.880589,23.206234,23.197343,20.914109,23.273073,23.478817,-0.205744,-0.013212,-0.192532,42.620798,23.880589,25.666226,22.094952,0.197512,0.642828,0.028194,0.002101,-0.034413,-0.077369,-0.018519,0.076750,0.377816,0.304034,-0.105066,-0.105066,0.528846,725040.000000,12592800.000000,-0.031482
2017-08-22,24.100000,24.400000,24.100000,24.350000,328900,0.000000,0.000000,23.039318,23.326113,23.039318,23.278315,23.818450,23.195719,23.210249,20.954977,23.273880,23.463965,-0.190085,-0.048587,-0.141499,48.015407,23.818450,25.596718,22.040182,0.348129,0.634468,0.027256,0.020964,-0.004090,-0.056201,0.004124,0.091928,0.423977,0.315784,-0.086304,-0.086304,0.560897,702815.000000,8008715.000000,-0.021740
2017-08-23,24.000000,24.549999,24.000000,24.400000,523300,0.000000,0.000000,22.943720,23.469513,22.943720,23.326115,23.749141,23.186159,23.219809,20.996802,23.281916,23.453754,-0.171838,-0.073237,-0.098601,48.536477,23.749141,25.488347,22.009934,0.378385,0.626705,0.026867,0.002053,-0.002045,-0.048733,0.002053,0.121839,0.388731,0.315939,-0.084428,-0.084428,0.564102,668910.000000,12768520.000000,-0.016670
2017-08-24,24.500000,24.500000,24.250000,24.500000,430500,0.000000,0.000000,23.421711,23.421711,23.182714,23.421711,23.648762,23.186159,23.230803,21.035997,23.303423,23.451380,-0.147957,-0.088181,-0.059776,49.624008,23.648762,25.201401,22.096122,0.426882,0.599012,0.025575,0.004098,0.044776,-0.052225,0.014493,0.126436,0.405622,0.314723,-0.080676,-0.080676,0.570512,627075.000000,10547250.000000,0.003845
2017-08-25,24.549999,24.650000,24.150000,24.400000,592800,0.000000,0.000000,23.469513,23.565112,23.087118,23.326115,23.550773,23.193806,23.241319,21.074715,23.306914,23.442101,-0.135187,-0.097582,-0.037605,48.519813,23.550773,24.902783,22.198764,0.416917,0.590368,0.025309,-0.004082,0.025210,-0.082707,0.018789,0.121839,0.409590,0.293304,-0.084428,-0.084428,0.564102,605980.000000,14464320.000000,0.009860
2017-08-28,24.549999,24.600000,24.250000,24.500000,487400,0.000000,0.000000,23.469510,23.517310,23.182714,23.421711,23.474294,23.202410,23.255659,21.111281,23.324575,23.440591,-0.116016,-0.101269,-0.014747,49.724557,23.474294,24.654915,22.293672,0.477731,0.572098,0.024426,0.004098,0.027254,-0.073724,0.012397,0.155660,0.410478,0.294529,-0.080676,-0.080676,0.570512,577300.000000,11941300.000000,-0.000473
2017-08-29,24.250000,24.799999,24.049999,24.700001,462500,0.000000,0.000000,23.182718,23.708511,22.991519,23.612913,23.397815,23.212926,23.268087,21.147131,23.368935,23.453356,-0.084421,-0.097899,0.013479,52.137183,23.397815,24.285177,22.510453,0.621201,0.582448,0.024667,0.008163,0.014374,-0.053640,0.000000,0.133028,0.410623,0.294923,-0.073171,-0.073171,0.583333,554895.000000,11423750.462500,-0.016677
2017-08-30,24.799999,25.450001,24.799999,25.350000,646800,0.000000,0.000000,23.708512,24.329906,23.708512,24.234306,23.402595,23.243518,23.285773,21.182503,23.502069,23.511204,-0.009135,-0.080147,0.071012,59.019981,23.402595,24.307615,22.497574,0.959499,0.592058,0.024431,0.026316,0.038935,-0.036122,0.003960,0.176334,0.455224,0.309695,-0.048781,-0.048781,0.625000,558820.000000,16396380.000000,-0.015486
2017-08-31,25.350000,25.750000,25.100000,25.450001,899500,0.000000,0.000000,24.234305,24.616700,23.995308,24.329905,23.419325,23.278890,23.306804,21.219308,23.629428,23.571848,0.057580,-0.052601,0.110181,59.973621,23.419325,24.381071,22.457578,0.973400,0.594154,0.024421,0.003945,0.038776,0.007921,-0.017375,0.200472,0.493545,0.276770,-0.045028,-0.045028,0.631410,562410.000000,22892275.899500,-0.036858
2017-09-01,25.450001,25.950001,25.330000,25.950001,726300,0.000000,0.000000,24.329905,24.807899,24.215186,24.807899,23.481464,23.325733,23.332138,21.256114,23.810731,23.663408,0.147324,-0.012616,0.159940,64.430621,23.481464,24.626080,22.336847,1.079423,0.594051,0.023946,0.019646,0.063525,0.033864,-0.003838,0.218310,0.501736,0.283357,-0.026266,-0.026266,0.663461,563700.000000,18847485.726300,-0.026020
2017-09-05,25.750000,25.900000,25.299999,25.750000,868500,0.000000,0.000000,24.616699,24.760097,24.186504,24.616699,23.510143,23.370664,23.359384,21.291963,23.934726,23.734022,0.200705,0.030048,0.170657,61.481511,23.510143,24.739612,22.280675,0.950014,0.596004,0.024211,-0.007707,0.051021,0.044625,-0.019048,0.206089,0.491025,0.276548,-0.033771,-0.033771,0.650641,576435.000000,22363875.000000,-0.035065
2017-09-06,25.799999,26.600000,25.549999,26.350000,1099900,0.000000,0.000000,24.664496,25.429288,24.425499,25.190290,23.581842,23.432804,23.395711,21.330203,24.127890,23.841893,0.285997,0.081238,0.204759,66.443685,23.581842,25.021107,22.142577,1.058774,0.625131,0.024816,0.023301,0.066801,0.047714,-0.001894,0.251781,0.540935,0.279215,-0.011257,-0.011257,0.689102,602505.000000,28982365.000000,-0.017127
2017-09-07,26.350000,26.799999,26.000000,26.650000,887700,0.000000,0.000000,25.190297,25.620491,24.855701,25.477093,23.675051,23.513107,23.432039,21.369398,24.335460,23.963019,0.372440,0.139478,0.232962,68.620469,23.675051,25.345651,22.004451,1.039340,0.635107,0.024929,0.011385,0.051282,0.072434,0.000000,0.254118,0.546721,0.275831,0.000000,0.000000,0.708333,621505.000000,23657205.000000,-0.012039
2017-09-08,26.500000,26.850000,25.350000,25.450001,702600,0.000000,0.000000,25.333692,25.668288,24.234305,24.329905,23.751530,23.552302,23.454983,21.402619,24.334605,23.990196,0.344409,0.180464,0.163945,53.633529,23.751530,25.393320,22.109740,0.676142,0.692170,0.028449,-0.045028,0.000000,0.030364,-0.013566,0.192038,0.497059,0.321991,-0.045028,-0.045028,0.631410,626000.000000,17881170.702600,-0.038094
2017-09-11,25.700001,26.549999,25.580000,26.549999,755900,0.000000,0.000000,24.568900,25.381489,24.454181,25.381489,23.854299,23.638341,23.487964,21.442292,24.495664,24.093255,0.402409,0.224853,0.177556,61.857203,23.854299,25.635372,22.073225,0.928727,0.717842,0.028282,0.043222,0.023121,0.113207,0.066265,0.204082,0.617916,0.324811,-0.003753,-0.003753,0.701923,634670.000000,20069144.244100,0.024681
2017-09-12,26.750000,27.000000,26.500000,27.000000,780200,0.000000,0.000000,25.572687,25.811684,25.333690,25.811684,23.964237,23.734896,23.517600,21.484356,24.698129,24.220546,0.477583,0.275399,0.202184,64.621633,23.964237,25.943042,21.985433,0.966809,0.700710,0.027147,0.016949,0.048544,0.106557,0.084337,0.238533,0.623572,0.321276,0.000000,0.000000,0.730769,650090.000000,21065400.000000,0.046733
2017-09-13,26.950001,27.350000,26.760000,27.200001,758600,0.000000,0.000000,25.763887,26.146282,25.582249,26.002884,24.095686,23.835275,23.549147,21.526658,24.898860,24.352571,0.546289,0.329577,0.216712,65.807752,24.095686,26.250799,21.940572,0.942482,0.690947,0.026572,0.007407,0.032258,0.101215,0.110204,0.225225,0.674877,0.320328,0.000000,0.000000,0.743590,668860.000000,20633920.758600,0.067379
2017-09-14,27.150000,27.650000,27.049999,27.350000,679500,0.000000,0.000000,25.955084,26.433078,25.859485,26.146282,24.234304,23.934697,23.580695,21.570156,25.090771,24.485438,0.605333,0.384728,0.220605,66.709228,24.234304,26.544972,21.923637,0.913728,0.682565,0.026106,0.005515,0.026266,0.118610,0.139583,0.219349,0.697704,0.315698,0.000000,0.000000,0.753205,669765.000000,18584325.000000,0.096832
2017-09-15,27.450001,27.780001,27.150000,27.350000,1987200,0.000000,0.000000,26.241881,26.557357,25.955084,26.146282,24.420722,24.034120,23.610331,21.614131,25.253158,24.608464,0.644694,0.436721,0.207972,66.709228,24.420722,26.715913,22.125532,0.875908,0.676830,0.025886,0.000000,0.074656,0.118610,0.137214,0.171306,0.672783,0.315698,0.000000,0.000000,0.753205,735680.000000,54349920.000000,0.088982
2017-09-18,27.500000,28.280001,27.299999,27.650000,1207400,0.000000,0.000000,26.289679,27.035351,26.098481,26.433077,24.604750,24.132587,23.640444,21.660497,25.434684,24.743620,0.691063,0.487590,0.203473,68.627762,24.604750,26.926813,22.282687,0.893686,0.695404,0.026308,0.010969,0.041431,0.179105,0.144928,0.186695,0.682897,0.266920,0.000000,0.000000,0.772436,767675.000000,33384610.000000,0.110366
2017-09-19,27.799999,28.049999,27.500000,27.950001,735700,0.000000,0.000000,26.576478,26.815475,26.289682,26.719877,24.800728,24.238702,23.664822,21.710925,25.632406,24.890010,0.742396,0.538551,0.203845,70.461060,24.800728,27.143085,22.458370,0.909662,0.683289,0.025572,0.010850,0.035185,0.174370,0.176842,0.233996,0.684750,0.265962,0.000000,0.000000,0.791667,778060.000000,20562815.735700,0.132678
2017-09-20,27.950001,27.950001,27.100000,27.450001,624100,0.000000,0.000000,26.719877,26.719877,25.907286,26.241882,24.948906,24.319005,23.690156,21.758247,25.726171,24.990148,0.736023,0.578045,0.157977,63.772260,24.948906,27.260505,22.637306,0.779671,0.692525,0.026390,-0.017889,0.009191,0.150943,0.163136,0.206593,0.629081,0.280019,-0.017889,-0.017889,0.759615,792820.000000,17131545.624100,0.127510
2017-09-21,27.500000,27.750000,27.100000,27.600000,691500,0.000000,0.000000,26.289681,26.528679,25.907286,26.385281,25.101864,24.390704,23.712143,21.805090,25.827573,25.093492,0.734081,0.609253,0.124829,64.850284,25.101864,27.365694,22.838035,0.783461,0.687444,0.026054,0.005465,0.009141,0.133470,0.174468,0.210526,0.615925,0.275294,-0.012522,-0.012522,0.769231,801230.000000,19085400.000000,0.144645
2017-09-22,27.500000,27.950001,27.500000,27.850000,651600,0.000000,0.000000,26.289679,26.719874,26.289679,26.624275,25.261992,24.462403,23.738433,21.853128,25.950142,25.206883,0.743259,0.636054,0.107205,66.632406,25.261992,27.477981,23.046003,0.807376,0.669069,0.025130,0.009058,0.018281,0.141393,0.190171,0.224176,0.602416,0.275057,-0.003578,-0.003578,0.785256,812285.000000,18147060.000000,0.164367
2017-09-25,27.700001,27.850000,27.330000,27.450001,735200,0.000000,0.000000,26.480879,26.624277,26.127163,26.241882,25.407781,24.517851,23.761377,21.898538,25.995025,25.283550,0.711476,0.651138,0.060338,61.278946,25.407781,27.465519,23.350043,0.702674,0.656787,0.025028,-0.014363,-0.007233,0.120408,0.188312,0.196078,0.598719,0.284333,-0.017889,-0.017889,0.759615,819405.000000,20181240.735200,0.168552
2017-09-26,27.500000,27.750000,27.299999,27.350000,797000,0.000000,0.000000,26.289680,26.528677,26.098482,26.146282,25.544009,24.564121,23.784799,21.941557,26.018296,25.347456,0.670840,0.655079,0.015761,59.981471,25.544009,27.398881,23.689138,0.662349,0.640601,0.024501,-0.003643,-0.021467,0.120902,0.218263,0.186551,0.614522,0.284149,-0.021467,-0.021467,0.753205,834885.000000,21797950.000000,0.180268
2017-09-27,27.650000,28.530001,27.500000,28.350000,1309300,0.000000,0.000000,26.433076,27.274346,26.289678,27.102268,25.718477,24.624348,23.819214,21.989357,26.185061,25.477442,0.707619,0.665587,0.042032,67.412054,25.718477,27.461606,23.975348,0.896927,0.675420,0.024921,0.036563,0.032787,0.157143,0.211539,0.243421,0.664710,0.303574,0.000000,0.000000,0.817307,877225.000000,37118655.000000,0.176435
2017-09-28,28.400000,28.650000,28.049999,28.400000,838000,0.000000,0.000000,27.150074,27.389071,26.815478,27.150074,25.864265,24.673103,23.857932,22.039068,26.333524,25.601340,0.732184,0.678906,0.053278,67.734690,25.864265,27.572110,24.156421,0.876442,0.668147,0.024609,0.001764,0.028986,0.149798,0.287982,0.234783,0.650204,0.304113,0.000000,0.000000,0.820513,886785.000000,23799200.000000,0.237676
2017-09-29,28.799999,29.000000,28.330000,28.850000,1107300,0.000000,0.000000,27.532465,27.723663,27.083151,27.580265,26.026784,24.729507,23.899995,22.088302,26.525330,25.747927,0.777403,0.698605,0.078798,70.559356,26.026784,27.738455,24.315112,0.953791,0.666173,0.024154,0.015845,0.035907,0.138067,0.314350,0.232906,0.680256,0.297763,0.000000,0.000000,0.849359,897175.000000,31945605.000000,0.256449
2017-10-02,29.100000,29.299999,28.700001,29.250000,801600,0.000000,0.000000,27.819262,28.010459,27.436867,27.962660,26.184522,24.794514,23.946361,22.141120,26.746458,25.911982,0.834476,0.725780,0.108697,72.835833,26.184522,28.001456,24.367587,0.989324,0.659560,0.023587,0.013865,0.065574,0.149312,0.332574,0.252677,0.679105,0.298737,0.000000,0.000000,0.875000,900940.000000,23446800.000000,0.266018
2017-10-03,29.100000,29.250000,28.650000,29.200001,802200,0.000000,0.000000,27.819262,27.962660,27.389067,27.914862,26.349430,24.859521,23.992726,22.192026,26.926213,26.060343,0.865869,0.753798,0.112072,72.085513,26.349430,28.165908,24.532952,0.930898,0.653420,0.023408,-0.001709,0.067642,0.125241,0.318285,0.253219,0.697674,0.296332,-0.001709,-0.001709,0.871795,897625.000000,23424240.802200,0.256367
2017-10-04,29.200001,29.200001,28.750000,29.150000,548700,0.000000,0.000000,27.914853,27.914853,27.484657,27.867052,26.483268,24.926440,24.042438,22.245323,27.070957,26.194174,0.876784,0.778395,0.098389,71.294380,26.483268,28.334264,24.632272,0.873794,0.637476,0.022876,-0.001713,0.028218,0.132039,0.316027,0.267391,0.698718,0.293604,-0.003419,-0.003419,0.868589,870065.000000,15994605.000000,0.242922
2017-10-05,29.200001,29.200001,28.600000,28.650000,1166900,0.000000,0.000000,27.914865,27.914865,27.341272,27.389071,26.578867,24.979976,24.084501,22.295273,27.119898,26.282684,0.837213,0.790158,0.047055,63.760320,26.578867,28.408431,24.749303,0.721420,0.632913,0.023108,-0.017152,0.008803,0.087287,0.273334,0.224359,0.637143,0.297139,-0.020513,-0.020513,0.836539,884025.000000,33431685.000000,0.203079
2017-10-06,28.600000,28.950001,28.400000,28.950001,553600,0.000000,0.000000,27.341273,27.675869,27.150074,27.675869,26.746165,25.024907,24.124653,22.345463,27.205432,26.385883,0.819548,0.796036,0.023512,66.076761,26.746165,28.301157,25.191173,0.798942,0.625261,0.022592,0.010471,0.003466,0.086304,0.292411,0.231915,0.654286,0.296876,-0.010256,-0.010256,0.855769,876575.000000,16026720.553600,0.225416
2017-10-09,29.049999,29.100000,28.650000,28.850000,729600,0.000000,0.000000,27.771462,27.819262,27.389067,27.580265,26.856104,25.070795,24.178666,22.395413,27.263098,26.474356,0.788742,0.794578,-0.005835,64.594525,26.856104,28.312643,25.399564,0.748590,0.611328,0.022165,-0.003454,-0.013675,0.133595,0.240860,0.240860,0.683198,0.239560,-0.013675,-0.013675,0.849359,875260.000000,21048960.000000,0.178465
2017-10-10,29.000000,29.100000,28.250000,28.549999,1259800,0.000000,0.000000,27.723656,27.819255,27.006665,27.293461,26.930193,25.117638,24.225031,22.445363,27.267770,26.535030,0.732739,0.782210,-0.049471,60.229642,26.930193,28.311865,25.548520,0.631460,0.625704,0.022925,-0.010399,-0.022261,0.075329,0.197065,0.225322,0.680400,0.204268,-0.023932,-0.023932,0.830128,899240.000000,35967288.740200,0.144985
2017-10-11,28.500000,29.000000,28.350000,29.000000,692100,0.000000,0.000000,27.245669,27.723663,27.102271,27.723663,27.016232,25.169262,24.279045,22.497226,27.337907,26.623077,0.714830,0.768734,-0.053904,64.143595,27.016232,28.368772,25.663691,0.761520,0.625396,0.022558,0.015762,-0.005145,0.074074,0.203320,0.266376,0.759709,0.203325,-0.008547,-0.008547,0.858974,895915.000000,20070900.000000,0.150867
2017-10-12,29.000000,29.850000,28.950001,29.299999,803000,0.000000,0.000000,27.723668,28.536259,27.675869,28.010464,27.109441,25.246697,24.326844,22.550044,27.441377,26.725847,0.715531,0.758093,-0.042563,66.509873,27.109441,28.466482,25.752400,0.831981,0.642181,0.022926,0.010345,0.022688,0.077206,0.193483,0.299335,0.773608,0.204291,0.000000,0.000000,0.878205,902090.000000,23527899.197000,0.149279
2017-10-13,29.549999,29.750000,29.309999,29.650000,715800,0.000000,0.000000,28.249454,28.440652,28.020017,28.345053,27.219379,25.333692,24.378468,22.606208,27.580404,26.845788,0.734616,0.753398,-0.018781,69.073994,27.219379,28.603860,25.834898,0.906533,0.627039,0.022122,0.011945,0.024179,0.084095,0.189330,0.297593,0.811241,0.206245,0.000000,0.000000,0.900641,838520.000000,21223470.000000,0.143187
2017-10-16,29.900000,30.100000,29.650000,29.950001,830700,0.000000,0.000000,28.584053,28.775251,28.345055,28.631853,27.329318,25.435026,24.432003,22.663090,27.742166,26.978089,0.764077,0.755534,0.008543,71.115448,27.329318,28.797566,25.861070,0.943568,0.612979,0.021409,0.010118,0.038128,0.095064,0.188492,0.299349,0.825107,0.206792,0.000000,0.000000,0.919872,819685.000000,24879465.830700,0.144407
2017-10-17,30.000000,30.100000,29.700001,29.950001,549900,0.000000,0.000000,28.679652,28.775251,28.392856,28.631853,27.424917,25.526801,24.487450,22.720688,27.879041,27.100590,0.778451,0.760117,0.018334,71.115448,27.424917,28.972902,25.876932,0.889841,0.596508,0.020834,0.000000,0.049037,0.083183,0.158607,0.296537,0.837424,0.205901,0.000000,0.000000,0.919872,810395.000000,16469505.549900,0.121236
2017-10-18,30.500000,30.600000,30.030001,30.500000,1026800,0.000000,0.000000,29.157652,29.253251,28.708338,29.157652,27.570705,25.634828,24.550068,22.779959,28.075750,27.252965,0.822785,0.772651,0.050134,74.670545,27.570705,29.196804,25.944606,0.987961,0.598286,0.020519,0.018364,0.051724,0.091235,0.177606,0.276151,0.868873,0.210690,0.000000,0.000000,0.955128,830530.000000,31317400.000000,0.140952
2017-10-19,30.200001,30.299999,29.600000,30.200001,574500,0.000000,0.000000,28.870844,28.966441,28.297251,28.870844,27.694983,25.739987,24.607427,22.836124,28.198072,27.372808,0.825264,0.783173,0.042091,69.635831,27.694983,29.319543,26.070424,0.861901,0.617009,0.021371,-0.009836,0.030716,0.100182,0.168278,0.263598,0.838101,0.201682,-0.009836,-0.009836,0.935897,824680.000000,17349900.574500,0.134257
2017-10-20,30.600000,30.850000,30.150000,30.150000,809300,0.000000,0.000000,29.253237,29.492234,28.823042,28.823042,27.804922,25.860441,24.659528,22.892288,28.294221,27.480233,0.813989,0.789336,0.024652,68.803160,27.804922,29.421971,26.187872,0.814808,0.620736,0.021536,-0.001656,0.016863,0.092391,0.168605,0.253638,0.861111,0.202817,-0.011476,-0.011476,0.932692,832565.000000,24400395.000000,0.134562
2017-10-23,30.200001,30.900000,30.049999,30.150000,991200,0.000000,0.000000,28.870842,29.540033,28.727443,28.823042,27.933980,25.970380,24.706371,22.949169,28.375578,27.579700,0.795878,0.790645,0.005234,68.803160,27.933980,29.433516,26.434443,0.796446,0.634440,0.022012,0.000000,0.006677,0.082585,0.175439,0.243299,0.865717,0.202564,-0.011476,-0.011476,0.932692,845365.000000,29884680.000000,0.148200
2017-10-24,30.299999,30.700001,30.150000,30.350000,802600,0.000000,0.000000,28.966449,29.348846,28.823051,29.014250,28.077378,26.078406,24.748913,23.007723,28.473836,27.685963,0.787873,0.790090,-0.002218,70.442745,28.077378,29.394532,26.760224,0.855642,0.626680,0.021599,0.006634,0.013356,0.105647,0.174081,0.238776,0.871147,0.191518,-0.004918,-0.004918,0.945513,845645.000000,24358910.000000,0.146729
2017-10-25,30.299999,30.950001,29.650000,30.100000,1550100,0.000000,0.000000,28.966442,29.587836,28.345050,28.775246,28.161027,26.186433,24.787631,23.064366,28.520206,27.766651,0.753556,0.782783,-0.029228,65.788420,28.161027,29.429012,26.893042,0.742203,0.670688,0.023308,-0.008237,-0.013115,0.100548,0.131579,0.185039,0.838730,0.194723,-0.013115,-0.013115,0.929487,857685.000000,46658010.000000,0.103109
2017-10-26,30.400000,32.250000,30.400000,32.000000,1534800,0.000000,0.000000,29.062045,30.830624,29.062045,30.591627,28.333105,26.330787,24.842600,23.126744,28.838887,27.975908,0.862978,0.798822,0.064156,77.795689,28.333105,29.917938,26.748271,1.212542,0.769594,0.025157,0.063123,0.059603,0.128748,0.209830,0.290323,1.049968,0.260281,0.000000,0.000000,1.051282,892525.000000,49113600.000000,0.181266
2017-10-27,32.299999,32.750000,32.000000,32.299999,1071600,0.000000,0.000000,30.878428,31.308623,30.591632,30.878428,28.498013,26.499997,24.899003,23.192946,29.152662,28.190910,0.961753,0.831408,0.130344,79.046213,28.498013,30.406364,26.589662,1.123684,0.765837,0.024802,0.009375,0.071311,0.137324,0.237548,0.276680,0.995059,0.260090,0.000000,0.000000,1.070513,890740.000000,34612678.928400,0.181919
2017-10-30,32.349998,32.450001,31.780001,32.099998,1169100,0.000000,0.000000,30.926219,31.021820,30.381307,30.687222,28.634241,26.658691,24.951105,23.255802,29.388748,28.375822,1.012927,0.867712,0.145215,75.974177,28.634241,30.758459,26.510022,0.983232,0.756886,0.024665,-0.006192,0.064677,0.112651,0.220532,0.278884,1.000000,0.261070,-0.006192,-0.006192,1.057692,909115.000000,37528107.661800,0.167723
2017-10-31,32.400002,33.049999,32.150002,32.750000,1184100,0.070000,0.000000,31.041721,31.664469,30.802201,31.377047,28.807350,26.830226,25.018230,23.325693,29.694640,28.598135,1.096506,0.913471,0.183035,79.126070,28.807350,31.228293,26.386407,1.030722,0.772626,0.024624,0.022479,0.081436,0.122105,0.299864,0.310243,1.064250,0.266316,0.000000,0.000000,1.103947,928210.000000,38779275.000000,0.242495
2017-11-01,33.000000,33.000000,31.180000,31.629999,1033700,0.000000,0.000000,31.616560,31.616560,29.872859,30.303993,28.929197,26.970739,25.083229,23.389262,29.788387,28.724494,1.063892,0.943555,0.120337,64.869875,28.929197,31.395750,26.462645,0.778688,0.841988,0.027785,-0.034199,0.053127,0.085586,0.262913,0.273057,1.031995,0.299335,-0.034199,-0.034199,1.025503,952460.000000,32695929.966300,0.203580
2017-11-02,31.600000,32.150002,31.350000,31.799999,1415800,0.000000,0.000000,30.275253,30.802197,30.035734,30.466867,29.083087,27.113554,25.149856,23.454601,29.892768,28.853559,1.039209,0.962686,0.076523,65.874891,29.083087,31.529017,26.637157,0.782874,0.836594,0.027459,0.005375,-0.004078,0.093294,0.292880,0.287656,1.017057,0.298611,-0.029008,-0.029008,1.036389,964905.000000,45022438.584200,0.235669
2017-11-03,31.950001,32.549999,31.750000,32.400002,735100,0.000000,0.000000,30.610574,31.185419,30.418958,31.041710,29.251379,27.265954,25.226056,23.522576,30.069529,29.015644,1.053884,0.980926,0.072959,69.221625,29.251379,31.752189,26.750570,0.857950,0.831584,0.026789,0.018868,0.005288,0.133361,0.291086,0.333503,1.055114,0.291813,-0.010687,-0.010687,1.074812,973980.000000,23817241.470200,0.231455
2017-11-06,32.500000,32.880001,32.150002,32.799999,909800,0.000000,0.000000,31.137514,31.501584,30.802188,31.424936,29.443613,27.427931,25.310869,23.591033,30.278053,29.194110,1.083942,1.001529,0.082413,71.246195,29.443613,31.994129,26.893096,0.888416,0.822142,0.026162,0.012346,0.024040,0.135463,0.322803,0.344445,1.100426,0.292236,0.000000,0.000000,1.016668,982990.000000,29841439.090200,0.257505
2017-11-07,32.750000,32.900002,32.230000,32.549999,800200,0.000000,0.000000,31.377043,31.520756,30.878842,31.185427,29.638211,27.583205,25.392808,23.656141,30.417649,29.341615,1.076034,1.016430,0.059604,68.225643,29.638211,32.089968,27.186454,0.815532,0.809269,0.025950,-0.007622,-0.006107,0.130715,0.320694,0.336932,1.001297,0.294324,-0.007622,-0.007622,1.001297,960010.000000,26046509.199800,0.255293
2017-11-08,32.349998,32.599998,32.230000,32.500000,639800,0.000000,0.000000,30.993814,31.233334,30.878846,31.137527,29.808904,27.733697,25.473312,23.720053,30.528399,29.474646,1.053754,1.023895,0.029859,67.608305,29.808904,32.173223,27.444586,0.780974,0.776784,0.024947,-0.001536,0.027506,0.140842,0.365662,0.337619,0.998223,0.289656,-0.009146,-0.009146,0.932999,957395.000000,20793500.000000,0.273614
2017-11-09,32.150002,32.450001,30.930000,31.299999,1073800,0.000000,0.000000,30.802197,31.089620,29.633342,29.987829,29.907772,27.848768,25.546143,23.779413,30.445235,29.512659,0.932575,1.005631,-0.073055,54.792893,29.907772,32.115636,27.699909,0.518130,0.828741,0.027636,-0.036923,-0.015723,0.081669,0.285590,0.309745,0.861627,0.323800,-0.045731,-0.045731,0.823744,970935.000000,33609938.926200,0.206715
2017-11-10,31.299999,31.799999,31.299999,31.600000,1577700,0.000000,0.000000,29.987831,30.466870,29.987831,30.275255,30.004282,27.967675,25.623282,23.839731,30.419084,29.569148,0.849936,0.974492,-0.124556,56.987968,30.004282,32.089887,27.918678,0.564963,0.803763,0.026549,0.009585,-0.024691,0.080855,0.282148,0.305941,0.841224,0.323621,-0.036585,-0.036585,0.820061,1014030.000000,49855320.000000,0.217370
2017-11-13,31.299999,32.150002,31.209999,31.700001,903600,0.000000,0.000000,29.987831,30.802199,29.901604,30.371063,30.091243,28.078938,25.702336,23.901246,30.411696,29.628549,0.783147,0.936223,-0.153076,57.724834,30.091243,32.078626,28.103860,0.570399,0.810679,0.026692,0.003165,-0.033536,0.071477,0.299357,0.283607,0.769876,0.322299,-0.033536,-0.033536,0.825820,1017675.000000,28644120.903600,0.232313
2017-11-14,31.500000,31.740000,30.799999,30.950001,975000,0.000000,0.000000,30.179444,30.409382,29.508789,29.652502,30.142275,28.179654,25.775159,23.959884,30.294897,29.630323,0.664574,0.881893,-0.217319,50.708280,30.142275,32.021335,28.263216,0.369676,0.817102,0.027556,-0.023659,-0.049155,0.035647,0.268615,0.336967,0.747473,0.334550,-0.056402,-0.056402,0.782623,1038930.000000,30176250.975000,0.206716
2017-11-15,30.700001,30.950001,30.200001,30.750000,915600,0.000000,0.000000,29.412985,29.652504,28.933946,29.460888,30.157437,28.265066,25.848935,24.017326,30.166588,29.617773,0.548815,0.815278,-0.266462,48.997921,30.157437,32.007719,28.307156,0.311772,0.810063,0.027496,-0.006462,-0.053846,0.028955,0.314167,0.300304,0.688614,0.335754,-0.062500,-0.062500,0.771103,1033370.000000,28154700.000000,0.236329
2017-11-16,30.900000,31.799999,30.900000,31.450001,981400,0.000000,0.000000,29.604595,30.466864,29.604595,30.131538,30.220472,28.358155,25.935631,24.075014,30.161196,29.655829,0.505366,0.753295,-0.247929,54.750651,30.220472,31.969318,28.471626,0.474574,0.824057,0.027349,0.022764,0.004792,0.033401,0.324316,0.349839,0.727054,0.338858,-0.041158,-0.041158,0.811421,1053715.000000,30865030.981400,0.231538
2017-11-17,31.299999,31.549999,30.750000,31.250000,1430100,0.000000,0.000000,29.987827,30.227347,29.460885,29.939924,30.276316,28.470355,26.011329,24.131026,30.127154,29.676873,0.450281,0.692692,-0.242412,52.914220,30.276316,31.904439,28.648193,0.396693,0.819943,0.027386,-0.006359,-0.011076,0.037030,0.313136,0.288819,0.706719,0.337568,-0.047256,-0.047256,0.799902,1084755.000000,44690625.000000,0.221450
2017-11-20,31.400000,31.700001,31.200001,31.700001,851800,0.000000,0.000000,30.083639,30.371063,29.892024,30.371063,30.353717,28.570147,26.104244,24.190151,30.164678,29.728295,0.436384,0.641431,-0.205047,56.453488,30.353717,31.831153,28.876281,0.505870,0.795593,0.026196,0.014400,0.000000,0.053708,0.304693,0.310073,0.721912,0.339983,-0.033536,-0.033536,0.825820,1077785.000000,27002060.851800,0.226372
2017-11-21,31.799999,32.849998,31.799999,32.599998,930700,0.000000,0.000000,30.466863,31.472843,30.466863,31.233324,30.464671,28.678580,26.206738,24.252391,30.329085,29.839778,0.489307,0.611006,-0.121699,62.521084,30.464671,31.848921,29.080421,0.777642,0.817463,0.026173,0.028391,0.053312,0.083623,0.338985,0.341735,0.766013,0.351171,-0.006097,-0.006097,0.877657,1084190.000000,30340818.138600,0.245957
2017-11-22,32.549999,32.700001,31.850000,31.950001,733000,0.000000,0.000000,31.185426,31.329139,30.514772,30.610580,30.556437,28.770734,26.303004,24.311136,30.372392,29.896875,0.475517,0.583908,-0.108391,56.408011,30.556437,31.689706,29.423169,0.523888,0.817242,0.026698,-0.019938,0.039024,0.055019,0.306932,0.325873,0.754511,0.360656,-0.025914,-0.025914,0.840219,1043335.000000,23419350.733000,0.211891
2017-11-24,32.150002,32.500000,32.000000,32.200001,391500,0.000000,0.000000,30.802196,31.137522,30.658483,30.850100,30.569361,28.864810,26.399754,24.368832,30.445886,29.967484,0.478402,0.562807,-0.084405,58.104749,30.569361,31.710189,29.428533,0.623042,0.796506,0.025819,0.007825,0.023848,0.072106,0.322556,0.347406,0.773097,0.358751,-0.018292,-0.018292,0.854619,986170.000000,12606300.391500,0.223042
2017-11-27,32.000000,32.250000,31.450001,32.099998,1090200,0.000000,0.000000,30.658483,30.898003,30.131541,30.754290,30.563154,28.956970,26.495545,24.422463,30.493333,30.025766,0.467567,0.543759,-0.076192,57.146558,30.563154,31.698239,29.428070,0.584195,0.794360,0.025829,-0.003106,0.027200,0.005317,0.313068,0.329345,0.753141,0.286238,-0.021341,-0.021341,0.848859,987100.000000,34995417.819600,0.218288
2017-11-28,32.349998,32.599998,31.799999,32.150002,936400,0.000000,0.000000,30.993796,31.233315,30.466854,30.802183,30.568902,29.044352,26.588470,24.474423,30.540848,30.083278,0.457570,0.526521,-0.068951,57.523638,30.568902,31.707790,29.430015,0.602416,0.792367,0.025724,0.001557,0.014195,-0.002469,0.304463,0.304463,0.765493,0.284427,-0.019817,-0.019817,0.851738,975465.000000,30105261.872800,0.207593
2017-11-29,32.200001,32.599998,29.549999,29.799999,1626500,0.000000,0.000000,30.850100,31.233329,28.311193,28.550713,30.427586,29.080969,26.659835,24.513929,30.234673,29.969755,0.264918,0.474200,-0.209282,39.795572,30.427586,31.817901,29.037270,-0.174981,0.944494,0.033081,-0.073094,-0.085889,-0.069622,0.178111,0.182777,0.645461,0.380933,-0.091463,-0.091463,0.716386,997585.000000,48469698.373500,0.106494
2017-11-30,30.100000,30.799999,29.750000,30.299999,1444900,0.000000,0.000000,28.838142,29.508795,28.502814,29.029757,30.363874,29.136726,26.727866,24.554876,30.049302,29.900126,0.149176,0.409196,-0.260019,43.766603,30.363874,31.888348,28.839399,0.062434,0.948886,0.032687,0.016779,-0.051643,-0.074809,0.193172,0.172441,0.691711,0.376588,-0.076219,-0.076219,0.745185,1018145.000000,43780468.555100,0.123902
2017-12-01,30.400000,30.629999,28.650000,29.900000,1279500,0.000000,0.000000,29.125554,29.345911,27.448918,28.646515,30.272856,29.181951,26.786328,24.594144,29.833488,29.807266,0.026223,0.332601,-0.306378,41.413201,30.272856,31.978089,28.567624,0.023132,1.016608,0.035488,-0.013202,-0.071429,-0.054695,0.154734,0.150301,0.722146,0.361696,-0.088415,-0.088415,0.707427,1011330.000000,38257050.000000,0.090672
2017-12-04,30.350000,30.830000,28.700001,28.799999,1062200,0.000000,0.000000,29.077660,29.537536,27.496832,27.592638,30.100403,29.201318,26.831861,24.627188,29.488742,29.643219,-0.154477,0.235185,-0.389662,35.724413,30.100403,32.142577,28.058228,-0.113994,1.089757,0.039494,-0.036789,-0.102804,-0.094340,0.120891,0.099541,0.644613,0.379307,-0.121951,-0.121951,0.621514,1027685.000000,30591358.937800,0.058183
2017-12-05,28.799999,30.230000,28.200001,29.100000,816900,0.000000,0.000000,27.592634,28.962685,27.017789,27.880058,29.923159,29.234082,26.875966,24.660712,29.241252,29.512615,-0.271362,0.133876,-0.405238,38.217063,29.923159,32.092660,27.753657,0.029131,1.150839,0.041278,0.010417,-0.094867,-0.101852,0.106778,0.104682,0.638405,0.373857,-0.112805,-0.112805,0.638405,1023040.000000,23771790.000000,0.049077
2017-12-06,28.950001,29.400000,28.610001,29.150000,589600,0.000000,0.000000,27.736339,28.167473,27.410593,27.927954,29.760285,29.269715,26.916918,24.693759,29.039206,29.395232,-0.356026,0.035896,-0.391921,38.644073,29.760285,32.018088,27.502482,0.094223,1.122699,0.040200,0.001718,-0.021812,-0.111280,0.096199,0.096199,0.641219,0.369492,-0.111280,-0.111280,0.632050,1012510.000000,17186840.000000,0.037037
2017-12-07,29.450001,30.500000,29.450001,30.400000,1050900,0.000000,0.000000,28.215383,29.221363,28.215383,29.125555,29.659686,29.310181,26.967265,24.735424,29.052491,29.375256,-0.322765,-0.035837,-0.286929,48.271264,29.659686,31.836969,27.482404,0.377340,1.134892,0.038966,0.042882,0.003300,-0.066052,0.197109,0.180870,0.697294,0.405246,-0.073171,-0.073171,0.702035,1033065.000000,31947360.000000,0.125940
2017-12-08,30.700001,30.900000,29.100000,29.500000,1030900,0.000000,0.000000,29.412978,29.604593,27.880054,28.263285,29.573459,29.332445,27.002774,24.772776,28.931074,29.292888,-0.361813,-0.101032,-0.260781,43.035439,29.573459,31.831134,27.315784,0.209840,1.177010,0.041644,-0.029605,-0.013378,-0.092308,0.113539,0.187328,0.611142,0.415561,-0.100610,-0.100610,0.651646,1030920.000000,30411550.000000,0.050137
2017-12-11,29.549999,29.950001,29.250000,29.850000,752400,0.000000,0.000000,28.311191,28.694424,28.023769,28.598616,29.489627,29.352812,27.041160,24.811806,28.879927,29.241460,-0.361533,-0.153132,-0.208401,45.510710,29.489627,31.762045,27.217209,0.303951,1.140842,0.039892,0.011865,0.036458,-0.046326,0.107972,0.201415,0.630258,0.401383,-0.089939,-0.089939,0.671242,989655.000000,22459140.000000,0.042775
2017-12-12,29.900000,29.950001,29.350000,29.549999,840700,0.000000,0.000000,28.646521,28.694426,28.119579,28.311193,29.386634,29.359783,27.077148,24.852027,28.792429,29.172552,-0.380122,-0.198530,-0.181592,43.755679,29.386634,31.677489,27.095779,0.265275,1.100414,0.038868,-0.010050,0.015464,-0.064874,0.088771,0.208759,0.645255,0.400036,-0.099085,-0.099085,0.654446,986510.000000,24842684.159300,0.026524
2017-12-13,29.600000,30.250000,29.299999,29.500000,722300,0.000000,0.000000,28.359093,28.981843,28.071668,28.263285,29.317173,29.366751,27.113136,24.889140,28.711023,29.105199,-0.394176,-0.237659,-0.156517,43.454877,29.317173,31.657789,26.976556,0.274870,1.086825,0.038454,-0.001692,0.012007,-0.069401,0.080968,0.231853,0.593772,0.399465,-0.100610,-0.100610,0.651646,973875.000000,21307850.000000,0.011483
2017-12-14,29.650000,30.549999,29.650000,30.000000,998100,0.000000,0.000000,28.407001,29.269271,28.407001,28.742329,29.281245,29.384257,27.155349,24.929844,28.715839,29.078319,-0.362480,-0.262624,-0.099857,47.352304,29.281245,31.634598,26.927892,0.385500,1.081051,0.037612,0.016949,-0.013158,-0.030695,0.099289,0.250127,0.651954,0.397912,-0.085366,-0.085366,0.679640,978000.000000,29943000.000000,0.036009
2017-12-15,30.150000,31.450001,30.150000,31.250000,1704300,0.000000,0.000000,28.886039,30.131540,28.886039,29.939924,29.271664,29.435274,27.207625,24.978209,28.904160,29.142142,-0.237982,-0.257695,0.019713,55.592834,29.271664,31.611966,26.931363,0.642772,1.103062,0.036843,0.041667,0.059322,0.016260,0.132669,0.296824,0.688318,0.423937,-0.047256,-0.047256,0.749625,1014145.000000,53259375.000000,0.058003
2017-12-18,31.600000,32.099998,31.070000,31.450001,1025800,0.000000,0.000000,30.275250,30.754287,29.767468,30.131538,29.281245,29.484387,27.254647,25.027054,29.092987,29.215431,-0.122443,-0.230645,0.108202,56.759034,29.281245,31.634598,26.927892,0.680656,1.094759,0.036333,0.006400,0.053601,0.000000,0.127683,0.327105,0.751041,0.417143,-0.041158,-0.041158,0.760823,993930.000000,32261411.025800,0.045124
2017-12-19,31.350000,32.099998,30.799999,31.000000,983100,0.000000,0.000000,30.035736,30.754293,29.508793,29.700409,29.247712,29.526790,27.298793,25.073505,29.186437,29.251355,-0.064918,-0.197500,0.132581,53.363346,29.247712,31.554329,26.941095,0.598130,1.105526,0.037223,-0.014308,0.049069,-0.008000,0.131794,0.316430,0.707019,0.419651,-0.054878,-0.054878,0.735628,1000495.000000,30476100.000000,0.053138
2017-12-20,31.299999,31.500000,30.650000,31.049999,773700,0.000000,0.000000,29.987826,30.179442,29.365076,29.748306,29.173461,29.575887,27.346763,25.121628,29.272878,29.288166,-0.015288,-0.161057,0.145769,53.694788,29.173461,31.299489,27.047434,0.635192,1.084729,0.036464,0.001613,0.052542,-0.020505,0.127458,0.324164,0.686605,0.416430,-0.053353,-0.053353,0.738427,992645.000000,24023384.226300,0.043651
2017-12-21,31.049999,31.400000,30.500000,30.650000,596500,0.000000,0.000000,29.748309,30.083636,29.221367,29.365078,29.111186,29.608715,27.388989,25.166880,29.287063,29.293863,-0.006801,-0.130206,0.123405,50.596411,29.111186,31.130243,27.092129,0.562874,1.068839,0.036398,-0.012882,0.021667,-0.059816,0.102944,0.312692,0.669401,0.404534,-0.065549,-0.065549,0.716032,985820.000000,18282725.000000,0.019165
2017-12-22,30.799999,31.150000,30.400000,30.850000,506900,0.000000,0.000000,29.508781,29.844109,29.125551,29.556686,29.046516,29.639640,27.443168,25.212612,29.328543,29.313332,0.015212,-0.101122,0.116334,52.085133,29.046516,30.907744,27.185287,0.637052,1.043819,0.035316,0.006525,-0.012800,-0.034429,0.126317,0.338416,0.708145,0.400626,-0.059451,-0.059451,0.727229,991590.000000,15637865.000000,0.033803
2017-12-26,30.600000,30.799999,30.299999,30.400000,505100,0.000000,0.000000,29.317171,29.508786,29.029747,29.125555,28.965079,29.655250,27.494471,25.252842,29.297314,29.299422,-0.002108,-0.081319,0.079212,48.540740,28.965079,30.645425,27.284733,0.547751,1.006899,0.034571,-0.014587,-0.033386,-0.055901,0.113946,0.357079,0.678591,0.401674,-0.073171,-0.073171,0.702035,962335.000000,15355040.000000,0.026787
2017-12-27,30.450001,30.850000,30.110001,30.650000,337100,0.000000,0.000000,29.173464,29.556694,28.847717,29.365078,28.893224,29.669914,27.552470,25.295464,29.307739,29.304286,0.003454,-0.064365,0.067819,50.553920,28.893224,30.350959,27.435488,0.661845,0.985619,0.033564,0.008224,-0.011290,-0.045171,0.083492,0.312692,0.683122,0.403346,-0.065549,-0.065549,0.716032,932370.000000,10332115.000000,0.008168
2017-12-28,30.750000,30.900000,30.600000,30.799999,376300,0.000000,0.000000,29.460892,29.604603,29.317180,29.508795,28.941128,29.687453,27.607127,25.336894,29.338671,29.319434,0.019237,-0.047645,0.066881,51.773062,28.941128,30.414358,27.467898,0.692661,0.935748,0.031711,0.004894,-0.008051,-0.041990,0.086877,0.399878,0.724431,0.403870,-0.060975,-0.060975,0.724431,869860.000000,11590039.623700,0.009909
2017-12-29,31.000000,31.150000,30.450001,30.450001,642400,0.000000,0.000000,29.700400,29.844111,29.173458,29.173458,28.948313,29.687769,27.661299,25.375547,29.313254,29.308621,0.004632,-0.037189,0.041821,48.752568,28.948313,30.424761,27.471865,0.576246,0.916813,0.031426,-0.011364,-0.006525,0.021812,0.057766,0.390275,0.690667,0.312762,-0.071646,-0.071646,0.704834,829735.000000,19561080.642400,-0.004955
2018-01-02,30.600000,31.650000,30.150000,31.650000,1066800,0.000000,0.000000,29.317181,30.323162,28.886045,30.323162,29.032145,29.716816,27.728401,25.415551,29.468624,29.383773,0.084852,-0.012781,0.097633,57.835229,29.032145,30.622451,27.441840,0.905902,0.953977,0.031460,0.039409,0.025932,0.044554,0.084416,0.445065,0.772021,0.335922,-0.035061,-0.035061,0.752441,819100.000000,33764220.000000,0.009197
2018-01-03,31.600000,31.900000,31.350000,31.700001,856000,0.000000,0.000000,30.275255,30.562678,30.035736,30.371063,29.171066,29.747776,27.804109,25.456034,29.607461,29.456905,0.150556,0.019886,0.130669,58.167884,29.171066,30.716697,27.625436,0.888190,0.923475,0.030406,0.001580,0.042763,0.060201,0.087989,0.434279,0.755210,0.331202,-0.033536,-0.033536,0.755210,808790.000000,27135200.856000,0.006262
2018-01-04,31.950001,32.549999,31.730000,32.250000,791800,0.000000,0.000000,30.610576,31.185421,30.399798,30.897999,29.321963,29.789275,27.879827,25.502258,29.806005,29.563653,0.242352,0.064380,0.177973,61.743474,29.321963,30.925107,27.718820,0.991545,0.915681,0.029636,0.017350,0.052202,0.119791,0.108765,0.459164,0.751787,0.300985,-0.016768,-0.016768,0.785662,807535.000000,25535550.000000,0.025626
2018-01-05,32.450001,33.040001,32.200001,32.750000,616600,0.000000,0.000000,31.089624,31.654890,30.850105,31.377047,29.494418,29.836531,27.957469,25.550400,30.047704,29.697978,0.349726,0.121449,0.228277,64.697720,29.494418,31.204642,27.784194,1.050404,0.907759,0.028931,0.015504,0.063312,0.125430,0.145605,0.458737,0.783781,0.302529,-0.001524,-0.001524,0.813348,808885.000000,20193650.000000,0.061904
2018-01-08,32.650002,33.650002,32.599998,33.400002,992600,0.000000,0.000000,31.281243,32.239321,31.233336,31.999802,29.638130,29.901022,28.043728,25.601416,30.348027,29.868484,0.479543,0.193068,0.286475,68.141885,29.638130,31.670549,27.605712,1.081000,0.914776,0.028587,0.019847,0.096881,0.145798,0.156235,0.494331,0.834137,0.305935,0.000000,0.000000,0.849338,805970.000000,33152841.985200,0.070166
2018-01-09,33.650002,33.950001,32.599998,32.599998,1083100,0.000000,0.000000,32.239308,32.526731,31.233324,31.233324,29.786632,29.913856,28.122322,25.648839,30.484226,29.969583,0.514643,0.257383,0.257261,60.339139,29.786632,31.830073,27.743192,0.853984,0.941821,0.030154,-0.023953,0.030015,0.072368,0.132452,0.405215,0.805041,0.293635,-0.023953,-0.023953,0.795123,808580.000000,35309057.833800,0.043717
2018-01-10,32.150002,32.669998,31.600000,32.349998,826800,0.000000,0.000000,30.802200,31.300397,30.275256,30.993813,29.906392,29.916164,28.208081,25.694108,30.562624,30.045452,0.517172,0.309341,0.207832,58.100303,29.906392,31.937383,27.875402,0.767707,0.947772,0.030579,-0.007668,0.020505,0.096610,0.135577,0.359359,0.776477,0.271475,-0.031437,-0.031437,0.781357,812300.000000,26746978.346400,0.049604
2018-01-11,32.549999,32.630001,32.049999,32.500000,751000,0.000000,0.000000,31.185431,31.262079,30.706392,31.137527,30.047709,29.925170,28.291931,25.739618,30.651071,30.126346,0.524724,0.352417,0.172307,59.081379,30.047709,32.003268,28.092150,0.778646,0.919766,0.029539,0.004637,0.007752,0.088777,0.123139,0.351495,0.718788,0.270169,-0.026946,-0.026946,0.789617,807815.000000,24407500.000000,0.031032
2018-01-12,32.599998,32.799999,32.299999,32.500000,804100,0.000000,0.000000,31.233334,31.424950,30.945911,31.137527,30.191421,29.920380,28.375303,25.786323,30.725910,30.201249,0.524662,0.386866,0.137795,59.081379,30.191421,32.012669,28.370173,0.759741,0.888286,0.028528,0.000000,-0.007634,0.099831,0.111639,0.326723,0.765368,0.265698,-0.026946,-0.026946,0.789617,811905.000000,26133250.000000,0.010061
2018-01-16,32.799999,32.950001,32.049999,32.299999,834200,0.000000,0.000000,31.424944,31.568658,30.706386,30.945906,30.301600,29.933218,28.451979,25.831114,30.759756,30.256408,0.503347,0.410162,0.093185,57.016909,30.301600,32.017290,28.585909,0.687769,0.886427,0.028644,-0.006154,-0.032934,0.094915,0.091757,0.298459,0.708210,0.267488,-0.032934,-0.032934,0.778604,803710.000000,26944659.165800,-0.001781
2018-01-17,32.500000,33.549999,32.500000,33.450001,1195700,0.000000,0.000000,31.137524,32.143505,31.137524,32.047699,30.406989,29.964835,28.539195,25.879502,30.957901,30.389097,0.568804,0.441891,0.126913,64.662851,30.406989,32.280796,28.533181,0.937801,0.908654,0.028353,0.035604,0.026074,0.115000,0.119302,0.330282,0.841929,0.285651,0.000000,0.000000,0.841929,778280.000000,39996166.195700,0.017509
2018-01-18,33.349998,34.000000,33.250000,33.950001,858900,0.000000,0.000000,31.951900,32.574652,31.856093,32.526749,30.526749,29.994535,28.630245,25.930524,31.199262,30.547441,0.651821,0.483877,0.167944,67.379823,30.526749,32.619777,28.433721,0.977777,0.895076,0.027518,0.014948,0.049459,0.086401,0.136034,0.316217,0.849142,0.256341,0.000000,0.000000,0.869462,769935.000000,29159655.858900,0.034520
2018-01-19,33.950001,34.549999,33.599998,34.549999,690700,0.000000,0.000000,32.526740,33.101585,32.191411,33.101585,30.696808,30.028068,28.728000,25.984659,31.491927,30.736637,0.755290,0.538159,0.217131,70.327968,30.696808,33.044357,28.349259,1.012189,0.896154,0.027073,0.017673,0.063077,0.098569,0.135262,0.336892,0.902500,0.260567,0.000000,0.000000,0.897288,755315.000000,23863684.309300,0.027754
2018-01-22,34.700001,34.799999,34.200001,34.580002,982400,0.000000,0.000000,33.245301,33.341108,32.766262,33.130333,30.865909,30.066967,28.825086,26.040372,31.743990,30.913948,0.830042,0.596536,0.233506,70.471699,30.865909,33.405187,28.326632,0.945880,0.873204,0.026357,0.000868,0.064000,0.115484,0.147536,0.340641,0.898936,0.251838,0.000000,0.000000,0.868225,765750.000000,33971393.964800,0.025969
2018-01-23,34.500000,35.099998,34.400002,35.000000,614200,0.000000,0.000000,33.053684,33.628529,32.957877,33.532722,31.074292,30.114870,28.924284,26.096185,32.019179,31.107931,0.911248,0.659478,0.251770,72.481055,31.074292,33.773945,28.374638,0.955323,0.858736,0.025609,0.012146,0.083592,0.127215,0.163400,0.359554,0.890916,0.252518,0.000000,0.000000,0.870747,766635.000000,21497000.000000,0.038006
2018-01-24,35.049999,35.250000,34.259998,34.650002,1323700,0.000000,0.000000,33.580620,33.772237,32.823738,33.197392,31.256327,30.179062,29.013915,26.149844,32.200443,31.262706,0.937737,0.715130,0.222607,68.309386,31.256327,34.015438,28.497216,0.851756,0.865147,0.026061,-0.010000,0.035874,0.130506,0.151766,0.353830,0.827670,0.250011,-0.010000,-0.010000,0.852039,807475.000000,45866207.647400,0.026025
2018-01-25,34.900002,35.349998,33.950001,34.049999,846700,0.000000,0.000000,33.436915,33.868048,32.526741,32.622547,31.431176,30.226008,29.096841,26.201823,32.265382,31.363435,0.901947,0.752493,0.149453,61.748332,31.431176,34.061974,28.800378,0.726428,0.899159,0.027562,-0.017316,0.002945,0.103728,0.124363,0.320094,0.777313,0.262671,-0.027143,-0.027143,0.819970,824555.000000,28830134.153300,0.001193
2018-01-26,34.200001,34.950001,34.029999,34.500000,819500,0.000000,0.000000,32.766246,33.484805,32.603371,33.053669,31.615606,30.279660,29.179299,26.255718,32.386657,31.488638,0.898019,0.781599,0.116421,64.502116,31.615606,34.152021,29.079191,0.783483,0.897893,0.027165,0.013215,-0.001448,0.134868,0.148684,0.299827,0.824559,0.254285,-0.014286,-0.014286,0.844021,848675.000000,28272750.000000,0.005190
2018-01-29,34.450001,34.650002,33.750000,34.000000,743000,0.000000,0.000000,33.005778,33.197394,32.335123,32.574642,31.768898,30.338102,29.258878,26.309131,32.415578,31.569082,0.846495,0.794578,0.051917,59.386351,31.768898,34.133986,29.403811,0.670341,0.895348,0.027486,-0.014492,-0.016773,0.109299,0.064822,0.288254,0.788678,0.263958,-0.028571,-0.028571,0.817297,867010.000000,25262000.000000,-0.073926
2018-01-30,33.299999,33.779999,33.060001,33.349998,996300,0.070000,0.000000,31.969797,32.430623,31.739387,32.017799,31.911115,30.389241,29.327153,26.361432,32.354381,31.602321,0.752060,0.786074,-0.034014,54.022589,31.911115,33.936788,29.885443,0.526333,0.891056,0.027830,-0.017094,-0.045177,0.085026,0.036899,0.283212,0.772054,0.274918,-0.045177,-0.045177,0.786231,884705.000000,33226603.007400,-0.067741
2018-01-31,33.799999,33.980000,32.480000,32.549999,1474500,0.000000,0.000000,32.449833,32.622643,31.182562,31.249765,31.957445,30.411605,29.384880,26.408459,32.184440,31.576205,0.608235,0.750506,-0.142272,47.632349,31.957445,33.869389,30.045502,0.314932,0.930272,0.029769,-0.023988,-0.058668,0.071171,0.018332,0.242906,0.743384,0.287039,-0.068081,-0.068081,0.738747,905090.000000,47994973.525500,-0.088031
2018-02-01,32.450001,33.349998,32.410000,33.000000,1118200,0.000000,0.000000,31.153758,32.017805,31.115355,31.681787,32.022982,30.446442,29.458399,26.456691,32.107109,31.584026,0.523083,0.705022,-0.181939,51.133893,32.022982,33.790361,30.255602,0.403474,0.928285,0.029300,0.013825,-0.028838,0.044805,0.009712,0.312489,0.762785,0.258943,-0.055198,-0.055198,0.708265,918200.000000,36900600.000000,-0.088121
2018-02-02,32.700001,33.049999,32.000000,32.349998,1088100,0.000000,0.000000,31.393778,31.729795,30.721739,31.057756,32.030970,30.460176,29.515162,26.501563,31.945670,31.545043,0.400627,0.644143,-0.243516,46.316448,32.030970,33.778271,30.283668,0.221510,0.933983,0.030072,-0.019697,-0.060384,0.022610,0.024873,0.294326,0.670313,0.269861,-0.073807,-0.073807,0.674618,933015.000000,35200032.823800,-0.053206
2018-02-05,31.900000,32.580002,30.900000,30.900000,1518800,0.000000,0.000000,30.625734,31.278573,29.665680,29.665680,31.945401,30.428823,29.553702,26.535651,31.594902,31.405831,0.189071,0.553128,-0.364057,37.768224,31.945401,33.972719,29.918083,-0.062251,0.982476,0.033118,-0.044822,-0.089301,-0.039883,-0.026297,0.258881,0.583236,0.306449,-0.115321,-0.115321,0.599558,978125.000000,46930920.000000,-0.063913
2018-02-06,30.150000,33.200001,29.200001,32.650002,2093800,0.000000,0.000000,28.945622,31.873787,28.033572,31.345758,31.912699,30.443527,29.607130,26.578139,31.556572,31.401381,0.155191,0.473541,-0.318350,49.808178,31.912699,33.957348,29.868050,0.361360,1.186600,0.037855,0.056634,-0.020990,-0.000997,0.009795,0.303732,0.690147,0.363459,-0.065219,-0.065219,0.668644,1033185.000000,68362574.187600,-0.042159
2018-02-07,32.599998,32.700001,31.400000,31.600000,1989400,0.000000,0.000000,31.297768,31.393775,30.145704,30.337715,31.867919,30.433279,29.649045,26.614870,31.369056,31.322591,0.046465,0.388126,-0.341661,44.273518,31.867919,34.012028,29.723809,0.143161,1.190991,0.039258,-0.032159,-0.029186,-0.051941,-0.034597,0.277038,0.614982,0.372572,-0.095280,-0.095280,0.608434,1078500.000000,62865040.000000,-0.073725
2018-02-08,31.799999,32.250000,29.650000,29.650000,1407900,0.000000,0.000000,30.529723,30.961748,28.465607,28.465607,31.741508,30.387506,29.672238,26.641284,30.922371,31.110963,-0.188591,0.272782,-0.461374,36.223191,31.741508,34.350351,29.132665,-0.127846,1.284216,0.045115,-0.061709,-0.101515,-0.088614,-0.087214,0.205510,0.509179,0.420167,-0.151110,-0.151110,0.474065,1107555.000000,41744235.000000,-0.088600
2018-02-09,30.200001,31.150000,29.600000,30.799999,1473100,0.000000,0.000000,28.993639,29.905689,28.417606,29.569670,31.663115,30.362855,29.703604,26.672024,30.714263,30.996793,-0.282529,0.161720,-0.444249,42.825822,31.663115,34.437357,28.888874,0.122700,1.298778,0.043923,0.038786,-0.047914,-0.045949,-0.050353,0.296897,0.531238,0.445229,-0.118185,-0.118185,0.476420,1143660.000000,45371478.526900,-0.062927
2018-02-12,31.100000,31.450001,30.450001,31.100000,897700,0.000000,0.000000,29.857689,30.193708,29.233654,29.857689,31.599124,30.388995,29.734982,26.699902,30.582483,30.912415,-0.329932,0.063390,-0.393322,44.441724,31.599124,34.481352,28.716895,0.197901,1.274584,0.042689,0.009740,0.006472,-0.041103,-0.004340,0.280011,0.490800,0.446516,-0.109595,-0.109595,0.483718,1148340.000000,27918470.000000,-0.038697
2018-02-13,30.799999,31.280001,30.650000,31.150000,692500,0.000000,0.000000,29.569670,30.030497,29.425662,29.905689,31.547113,30.406514,29.771620,26.730888,30.478361,30.837843,-0.359482,-0.021185,-0.338297,44.722120,31.547113,34.515235,28.578990,0.223491,1.226744,0.041020,0.001608,-0.045941,-0.039561,-0.012207,0.266497,0.465222,0.446625,-0.108164,-0.108164,0.486103,1141255.000000,21571375.000000,-0.051101
2018-02-14,30.750000,32.549999,30.750000,32.299999,909800,0.000000,0.000000,29.521671,31.249768,29.521671,31.009754,31.495215,30.453778,29.817865,26.765004,30.560113,30.850577,-0.290463,-0.075040,-0.215423,50.864742,31.495215,34.462781,28.527650,0.418205,1.262555,0.040715,0.036918,0.022152,0.002063,0.021030,0.326682,0.501730,0.465543,-0.075239,-0.075239,0.540968,1126960.000000,29386539.090200,-0.036094
2018-02-15,33.000000,33.099998,31.830000,33.099998,802000,0.000000,0.000000,31.681788,31.777792,30.558525,31.777792,31.457768,30.537481,29.869400,26.803917,30.747449,30.919259,-0.171811,-0.094395,-0.077416,54.640815,31.457768,34.389207,28.526328,0.554585,1.259463,0.039633,0.024768,0.116357,-0.008422,0.071673,0.359541,0.524807,0.456679,-0.052335,-0.052335,0.579134,1124115.000000,26546198.396000,-0.005289
2018-02-16,32.900002,33.349998,32.599998,33.049999,602900,0.000000,0.000000,31.585784,32.017805,31.297765,31.729790,31.389178,30.614476,29.924279,26.842828,30.898578,30.979299,-0.080721,-0.091660,0.010939,54.359635,31.389178,34.221180,28.557175,0.560136,1.220933,0.038479,-0.001511,0.073052,-0.024502,0.077014,0.415376,0.526002,0.453436,-0.053766,-0.053766,0.576749,1119725.000000,19925844.397100,-0.002503
2018-02-20,32.849998,34.000000,32.599998,33.650002,896500,0.000000,0.000000,31.537774,32.641838,31.297761,32.305820,31.347952,30.702033,29.985874,26.885336,31.115077,31.077559,0.037517,-0.065824,0.103342,57.205573,31.347952,34.095995,28.599910,0.674282,1.229729,0.038065,0.018154,0.081993,-0.024040,0.072160,0.419879,0.539549,0.453686,-0.036588,-0.036588,0.605373,1115430.000000,30167226.793000,0.007240
2018-02-21,33.849998,33.900002,32.799999,32.799999,1128900,0.000000,0.000000,32.497819,32.545825,31.489763,31.489763,31.245804,30.749318,30.029749,26.924482,31.172721,31.108093,0.064628,-0.039734,0.104362,52.236133,31.245804,33.796716,28.694893,0.547818,1.217324,0.038658,-0.025260,0.052969,-0.049519,0.051765,0.381110,0.487110,0.461461,-0.060924,-0.060924,0.564821,1141165.000000,37027918.871100,-0.012433
2018-02-22,32.900002,33.450001,32.799999,33.000000,669400,0.000000,0.000000,31.585784,32.113813,31.489776,31.681787,31.170024,30.817688,30.075066,26.966499,31.251039,31.150589,0.100450,-0.011697,0.112147,53.264935,31.170024,33.561918,28.778130,0.606979,1.174947,0.037086,0.006098,0.021672,-0.055198,0.043157,0.361000,0.486115,0.459594,-0.055198,-0.055198,0.574363,1108450.000000,22090200.000000,-0.018601
2018-02-23,33.150002,33.779999,32.950001,33.750000,596500,0.000000,0.000000,31.825798,32.430629,31.633786,32.401829,31.158988,30.893752,30.123282,27.011639,31.428083,31.243273,0.184810,0.027604,0.157206,57.004667,31.158988,33.524556,28.793420,0.762694,1.147940,0.035428,0.022727,0.019638,-0.023965,0.037412,0.389080,0.558323,0.466615,-0.033725,-0.033725,0.610144,1095940.000000,20131875.000000,-0.031792
2018-02-26,33.849998,34.450001,33.700001,34.349998,495000,0.000000,0.000000,32.497836,33.073871,32.353830,32.977863,31.155198,30.987085,30.173434,27.059897,31.666511,31.371761,0.294750,0.081033,0.213716,59.777608,31.155198,33.508193,28.802203,0.887307,1.117376,0.033883,0.017778,0.039334,0.010892,0.077335,0.408004,0.586027,0.466745,-0.016547,-0.016547,0.638769,1079715.000000,17003249.010000,-0.003351
2018-02-27,34.250000,34.450001,33.650002,33.700001,773300,0.000000,0.000000,32.881846,33.073857,32.305815,32.353817,31.144157,31.068896,30.217824,27.105275,31.772250,31.444506,0.327744,0.130375,0.197369,55.594453,31.144157,33.471034,28.817279,0.759932,1.092423,0.033765,-0.018923,0.001486,-0.021173,0.048743,0.387021,0.556014,0.469356,-0.035157,-0.035157,0.607758,1081230.000000,26060210.773300,-0.015298
2018-02-28,33.849998,34.049999,33.150002,33.200001,695000,0.000000,0.000000,32.497833,32.689845,31.825798,31.873800,31.136957,31.131525,30.257891,27.150164,31.787873,31.476306,0.311568,0.166614,0.144954,52.548320,31.136957,33.453319,28.820594,0.659052,1.076111,0.033762,-0.014836,0.012196,-0.021515,0.036402,0.360866,0.572698,0.469486,-0.049472,-0.049472,0.583905,1066165.000000,23074000.695000,-0.020949
2018-03-01,33.150002,33.669998,32.549999,33.049999,741600,0.000000,0.000000,31.825797,32.325022,31.249763,31.729790,31.160958,31.167323,30.301298,27.192900,31.778938,31.495082,0.283855,0.190062,0.093793,51.634257,31.160958,33.492143,28.829773,0.622005,1.076050,0.033913,-0.004518,0.001515,-0.008995,0.030115,0.343747,0.522503,0.465932,-0.053766,-0.053766,0.576749,1029520.000000,24509879.258400,-0.008685
2018-03-02,32.599998,33.750000,32.299999,33.650002,712800,0.000000,0.000000,31.297761,32.401824,31.009745,32.305820,31.192159,31.210808,30.347598,27.236125,31.859996,31.555137,0.304859,0.213022,0.091838,55.005672,31.192159,33.568954,28.815365,0.734278,1.098623,0.034007,0.018154,-0.002963,0.033794,0.131524,0.333061,0.568126,0.461465,-0.036588,-0.036588,0.605373,1009250.000000,23985721.425600,0.068005
2018-03-05,33.549999,34.250000,33.250000,34.000000,601100,0.000000,0.000000,32.209817,32.881855,31.921801,32.641842,31.271364,31.269637,30.398214,27.288440,31.980280,31.635634,0.344647,0.239347,0.105300,56.893341,31.271364,33.733350,28.809378,0.778328,1.088726,0.033354,0.010401,-0.010189,0.030303,0.124427,0.341635,0.610595,0.460510,-0.026567,-0.026567,0.622071,984900.000000,20437400.000000,0.057982
2018-03-06,34.099998,35.200001,33.950001,35.150002,846800,0.000000,0.000000,32.737851,33.793913,32.593845,33.745911,31.475375,31.349589,30.462738,27.343885,32.251916,31.791951,0.459965,0.283470,0.176495,62.465371,31.475375,34.050735,28.900015,0.940819,1.096679,0.032498,0.033824,0.043027,0.086553,0.178011,0.360289,0.657254,0.466278,0.000000,0.000000,0.676936,951300.000000,29765021.693600,0.101426
2018-03-07,34.849998,35.700001,34.560001,35.599998,786300,0.000000,0.000000,33.457885,34.273933,33.179472,34.177925,31.616984,31.445846,30.527281,27.403163,32.548225,31.968689,0.579535,0.342683,0.236852,64.404262,31.616984,34.459895,28.774072,0.950408,1.096520,0.032083,0.012802,0.072289,0.152103,0.238661,0.388404,0.674539,0.431072,0.000000,0.000000,0.698404,885925.000000,27992278.427400,0.146964
2018-03-08,35.900002,36.230000,35.549999,35.849998,676100,0.000000,0.000000,34.465940,34.782756,34.129919,34.417934,31.820995,31.543071,30.591355,27.459100,32.835872,32.150115,0.685757,0.411298,0.274459,65.471386,31.820995,34.856455,28.785535,0.927767,1.064829,0.030938,0.007022,0.084720,0.098009,0.234500,0.366317,0.710330,0.391731,0.000000,0.000000,0.694233,820260.000000,24238183.647800,0.136050
2018-03-09,36.150002,36.549999,36.049999,36.549999,953500,0.000000,0.000000,34.705958,35.089977,34.609950,35.089977,32.152213,31.662359,30.658805,27.518636,33.182658,32.367883,0.814775,0.491994,0.322782,68.334009,32.152213,35.090171,29.214255,0.999967,1.036772,0.029546,0.019526,0.086181,0.156645,0.256446,0.377315,0.727315,0.370715,0.000000,0.000000,0.719225,797540.000000,34850424.046500,0.140687
2018-03-12,36.700001,36.880001,36.250000,36.400002,882800,0.000000,0.000000,35.233984,35.406794,34.801959,34.945969,32.421028,31.773977,30.721946,27.576974,33.453936,32.558852,0.895085,0.572612,0.322473,67.051189,32.421028,35.347869,29.494187,0.931342,1.005920,0.028785,-0.004104,0.070588,0.227656,0.199839,0.436338,0.712169,0.277839,-0.004104,-0.004104,0.676827,768025.000000,32133921.765600,0.086012
2018-03-13,36.549999,36.849998,35.810001,35.950001,790600,0.000000,0.000000,35.089985,35.378001,34.379547,34.513954,32.653841,31.874080,30.780767,27.634109,33.617016,32.703674,0.913342,0.640758,0.272584,63.217116,32.653841,35.460450,29.847233,0.831381,1.005387,0.029130,-0.012362,0.022760,0.167208,0.221159,0.359808,0.637320,0.267269,-0.016416,-0.016416,0.656097,762670.000000,28422070.790600,0.123071
2018-03-14,36.349998,36.700001,36.049999,36.150002,1011200,0.000000,0.000000,34.897967,35.233988,34.609952,34.705959,32.893855,31.984730,30.836250,27.693159,33.784546,32.851992,0.932554,0.699117,0.233437,64.196994,32.893855,35.526552,30.261157,0.844154,0.985004,0.028381,0.005563,0.015450,0.162379,0.213554,0.344583,0.665310,0.267225,-0.010944,-0.010944,0.653929,778605.000000,36554882.022400,0.123121
2018-03-15,36.250000,36.380001,35.900002,36.150002,899700,0.000000,0.000000,34.801963,34.926771,34.465946,34.705959,33.078665,32.072386,30.894601,27.751014,33.926302,32.989323,0.936979,0.746689,0.190290,64.196994,33.078665,35.673133,30.484197,0.813608,0.947563,0.027303,0.000000,0.008368,0.160514,0.225874,0.334697,0.635304,0.267716,-0.010944,-0.010944,0.653929,778100.000000,32524156.799400,0.135610
2018-03-16,36.049999,36.450001,35.900002,36.099998,1489500,0.000000,0.000000,34.609949,34.993972,34.465943,34.657951,33.222673,32.158124,30.952950,27.806239,34.038863,33.112925,0.925938,0.782539,0.143399,63.704876,33.222673,35.832799,30.612547,0.774944,0.917596,0.026476,-0.001383,-0.012312,0.117647,0.226253,0.325540,0.616296,0.246249,-0.012312,-0.012312,0.651641,812475.000000,53770947.021000,0.138091
2018-03-19,36.049999,36.630001,35.700001,36.500000,1779200,0.000000,0.000000,34.609956,35.166789,34.273938,35.041981,33.388283,32.241004,31.015140,27.860756,34.193189,33.255818,0.937371,0.813506,0.123866,65.953239,33.388283,36.019802,30.756763,0.814210,0.915829,0.026135,0.011081,0.002747,0.102719,0.219177,0.340228,0.569818,0.237097,-0.001368,-0.001368,0.669942,871290.000000,64940800.000000,0.148046
2018-03-20,36.500000,37.130001,36.200001,36.250000,1452700,0.000000,0.000000,35.041970,35.646805,34.753954,34.801956,33.513089,32.309502,31.073017,27.910965,34.286845,33.370347,0.916499,0.834104,0.082395,63.313328,33.513089,36.165138,30.861041,0.742995,0.914187,0.026268,-0.006850,0.008345,0.096823,0.162393,0.316606,0.562411,0.239588,-0.008208,-0.008208,0.658504,899100.000000,52660375.000000,0.100731
2018-03-21,36.400002,38.250000,36.200001,37.849998,1936800,0.000000,0.000000,34.945968,36.722066,34.753956,36.338043,33.755503,32.396267,31.148645,27.968138,34.602414,33.590176,1.012238,0.869731,0.142507,71.245656,33.755503,36.513065,30.997942,0.968265,0.989468,0.027230,0.044138,0.047026,0.124814,0.205980,0.359963,0.678189,0.272824,0.000000,0.000000,0.731707,939495.000000,73307876.126400,0.155867
2018-03-22,37.250000,37.799999,36.700001,36.700001,1303500,0.000000,0.000000,35.762019,36.290048,35.233990,35.233990,33.933114,32.476280,31.195068,28.018834,34.699580,33.711940,0.987640,0.893313,0.094327,61.031446,33.933114,36.583810,31.282417,0.745384,0.997652,0.028315,-0.030383,0.015214,0.118903,0.186313,0.342662,0.620047,0.280627,-0.030383,-0.030383,0.679092,971200.000000,47838451.303500,0.157187
2018-03-23,36.849998,37.049999,35.799999,35.849998,1683900,0.000000,0.000000,35.377988,35.570000,34.369932,34.417934,34.033919,32.544762,31.230463,28.064733,34.656250,33.764236,0.892014,0.893053,-0.001039,54.779965,34.033919,36.591113,31.476725,0.575085,1.012110,0.029406,-0.023161,-0.006925,0.086363,0.156971,0.304437,0.579055,0.297645,-0.052840,-0.052840,0.640203,1025570.000000,60367811.632200,0.152416
2018-03-26,36.500000,37.650002,32.759998,37.599998,1059200,0.000000,0.000000,35.041991,36.146055,31.451385,36.098049,34.189928,32.643973,31.284572,28.117838,34.878065,33.937111,0.940954,0.902633,0.038321,63.149108,34.189928,36.854313,31.525543,0.858079,1.275150,0.035325,0.048815,0.030137,0.114074,0.229285,0.355832,0.659777,0.330141,-0.006604,-0.006604,0.720269,1053780.000000,39825917.881600,0.192649
2018-03-27,37.750000,37.750000,35.200001,35.349998,1457000,0.000000,0.000000,36.242052,36.242052,33.793914,33.937920,34.269133,32.699981,31.310180,28.164205,34.733427,33.937171,0.796256,0.881358,-0.085101,50.267673,34.269133,36.794238,31.744028,0.434416,1.358935,0.040042,-0.059841,-0.024827,0.029112,0.148232,0.293273,0.546856,0.396234,-0.066050,-0.066050,0.617328,1087965.000000,51504947.086000,0.141213
2018-03-28,35.299999,35.299999,33.799999,34.099998,1427800,0.000000,0.000000,33.889912,33.889912,32.449831,32.737846,34.312336,32.735820,31.334519,28.208874,34.426415,33.848332,0.578083,0.820703,-0.242620,44.800163,34.312336,36.690155,31.934516,0.168922,1.368161,0.041791,-0.035361,-0.099075,0.011870,0.124025,0.252103,0.485685,0.410819,-0.099075,-0.099075,0.560137,1124605.000000,48687977.144400,0.122153
2018-03-29,34.250000,35.599998,33.700001,34.799999,1455200,0.000000,0.000000,32.881856,34.177928,32.353827,33.409885,34.396340,32.763063,31.363949,28.256903,34.270026,33.815854,0.454171,0.747397,-0.293225,48.198117,34.396340,36.491968,32.300713,0.264640,1.400728,0.041926,0.020528,-0.051771,0.048193,0.137742,0.232734,0.532807,0.412033,-0.080581,-0.080581,0.592164,1160285.000000,50640958.544800,0.119857
2018-04-02,34.450001,34.849998,32.900002,33.450001,1090200,0.000000,0.000000,33.073862,33.457881,31.585779,32.113808,34.386740,32.754804,31.374670,28.300363,33.938300,33.689777,0.248523,0.647622,-0.399099,42.734510,34.386740,36.524037,32.249442,-0.031730,1.434397,0.044666,-0.038793,-0.066946,0.012103,0.088279,0.182826,0.460533,0.435876,-0.116248,-0.116248,0.530399,1179155.000000,36467191.090200,0.099795
2018-04-03,33.799999,34.349998,33.650002,34.250000,932900,0.000000,0.000000,32.449834,32.977863,32.305828,32.881859,34.398740,32.750410,31.389239,28.350054,33.775770,33.629931,0.145839,0.547265,-0.401426,46.597760,34.398740,36.497127,32.300354,0.138560,1.393659,0.042384,0.023917,-0.089096,0.017831,0.127116,0.192224,0.469901,0.439189,-0.095112,-0.095112,0.567000,1195745.000000,31951825.000000,0.121627
2018-04-04,33.349998,35.049999,33.099998,34.849998,741200,0.000000,0.000000,32.017790,33.649882,31.777776,33.457870,34.384338,32.756961,31.411964,28.402386,33.726863,33.617186,0.109677,0.459748,-0.350071,49.357091,34.384338,36.505421,32.263255,0.281605,1.427833,0.042676,0.017518,-0.014145,0.024999,0.103377,0.196520,0.498852,0.441750,-0.079261,-0.079261,0.594451,1190465.000000,25830818.517600,0.098352
2018-04-05,35.150002,35.330002,34.549999,34.700001,770100,0.000000,0.000000,33.745902,33.918712,33.169868,33.313877,34.341136,32.752584,31.433727,28.453519,33.663326,33.594718,0.068608,0.381520,-0.312912,48.679934,34.341136,36.514475,32.167797,0.263668,1.379334,0.041404,-0.004304,0.017595,-0.012803,0.096895,0.193410,0.495604,0.426117,-0.083223,-0.083223,0.587588,1189655.000000,26722470.770100,0.095336
2018-04-06,34.150002,34.950001,33.450001,33.700001,847100,0.000000,0.000000,32.785842,33.553884,32.113804,32.353817,34.237930,32.735712,31.457387,28.501765,33.461863,33.502800,-0.040936,0.297028,-0.337965,44.314498,34.237930,36.585008,31.890852,0.098626,1.383673,0.042767,-0.028819,-0.031609,-0.053371,0.047117,0.161006,0.471449,0.434344,-0.109643,-0.109643,0.541836,1198205.000000,28547270.847100,0.070118
2018-04-09,34.200001,35.500000,34.099998,34.599998,1248900,0.000000,0.000000,32.833853,34.081923,32.737846,33.217873,34.144325,32.747619,31.486813,28.555048,33.424326,33.481694,-0.057368,0.226149,-0.283517,48.767486,34.144325,36.497642,31.791008,0.303160,1.408275,0.042395,0.026706,0.034380,-0.034867,0.058668,0.212815,0.484921,0.444864,-0.085865,-0.085865,0.583013,1212975.000000,43211937.502200,0.084762
2018-04-10,35.400002,36.349998,34.950001,35.950001,1262600,0.000000,0.000000,33.985925,34.897974,33.553900,34.513954,34.122724,32.776825,31.528242,28.615289,33.591961,33.558158,0.033804,0.187680,-0.153877,54.628436,34.122724,36.452876,31.792573,0.583949,1.427692,0.041366,0.039018,0.049635,-0.016416,0.078568,0.247078,0.536294,0.461193,-0.050198,-0.050198,0.644779,1231965.000000,45390471.262600,0.087382
2018-04-11,35.799999,36.400002,35.549999,36.049999,640100,0.000000,0.000000,34.369937,34.945972,34.129924,34.609951,34.127524,32.817531,31.577817,28.676488,33.748575,33.636068,0.112507,0.172645,-0.060139,55.038708,34.127524,36.461461,31.793587,0.603350,1.384003,0.039989,0.002781,0.034434,-0.009615,0.108110,0.254881,0.557132,0.461110,-0.047556,-0.047556,0.649353,1224440.000000,23075604.359900,0.121309
2018-04-12,35.700001,37.000000,35.700001,36.799999,660900,0.000000,0.000000,34.273943,35.522013,34.273943,35.330002,34.158726,32.883775,31.636508,28.742721,33.991872,33.761545,0.230327,0.184182,0.046145,58.099258,34.158726,36.541400,31.776052,0.745790,1.374293,0.038899,0.020805,0.060519,0.023644,0.139905,0.294449,0.586117,0.464260,-0.027741,-0.027741,0.683668,1206925.000000,24321119.339100,0.141767
2018-04-13,37.099998,37.150002,36.549999,36.799999,571500,0.000000,0.000000,35.618017,35.666023,35.089988,35.330002,34.189928,32.965379,31.688492,28.812062,34.197738,33.877727,0.320011,0.211348,0.108663,58.099258,34.189928,36.618675,31.761182,0.734704,1.317275,0.037285,0.000000,0.091989,0.017981,0.134644,0.274363,0.613822,0.464050,-0.027741,-0.027741,0.683668,1190515.000000,21031199.428500,0.149221
2018-04-16,37.200001,37.250000,36.799999,36.900002,883400,0.000000,0.000000,35.714014,35.762016,35.329991,35.425999,34.228331,33.040264,31.743353,28.877341,34.386701,33.992414,0.394287,0.247935,0.146352,58.535673,34.228331,36.711905,31.744756,0.741118,1.254043,0.035399,0.002717,0.066474,0.020747,0.137727,0.264742,0.643323,0.464053,-0.025099,-0.025099,0.688243,1160210.000000,32597461.766800,0.152157
2018-04-17,37.150002,37.830002,37.049999,37.700001,1021100,0.000000,0.000000,35.666013,36.318850,35.570006,36.194042,34.285934,33.142989,31.801583,28.952913,34.664754,34.155497,0.509256,0.300200,0.209057,61.950286,34.285934,36.899031,31.672837,0.865105,1.228243,0.033935,0.021680,0.048679,0.044321,0.169591,0.276909,0.656908,0.469168,-0.003963,-0.003963,0.724844,1122305.000000,38495471.021100,0.161643
2018-04-18,37.500000,37.549999,36.709999,37.150002,1316600,0.000000,0.000000,36.002037,36.050039,35.243593,35.666019,34.329137,33.262996,31.845910,29.026324,34.818794,34.267388,0.551407,0.350441,0.200966,58.390213,34.329137,37.005951,31.652323,0.749715,1.208401,0.033881,-0.014589,0.030513,0.017808,0.112904,0.245676,0.618569,0.471662,-0.018494,-0.018494,0.699681,1115500.000000,48911692.633200,0.113321
2018-04-19,36.599998,36.599998,34.320000,34.650002,1843900,0.000000,0.000000,35.137979,35.137979,32.949057,33.265877,34.175529,33.301399,31.872463,29.087733,34.579884,34.193202,0.386682,0.357689,0.028993,45.570734,34.175529,36.716073,31.634984,0.320973,1.316155,0.039565,-0.067295,-0.058424,-0.044138,0.022724,0.161849,0.506379,0.527888,-0.084544,-0.084544,0.585301,1110855.000000,63891138.687800,0.030672
2018-04-20,34.500000,35.049999,33.650002,33.750000,1795100,0.000000,0.000000,33.121869,33.649898,32.305825,32.401829,34.033921,33.342681,31.887980,29.143867,34.244799,34.060508,0.184291,0.323010,-0.138719,41.996151,34.033921,36.640910,31.426932,0.186978,1.318149,0.040681,-0.025974,-0.082881,-0.108322,-0.021140,0.111263,0.418140,0.506771,-0.108322,-0.108322,0.544124,1135435.000000,60584625.000000,0.004793
2018-04-23,34.000000,34.099998,33.279999,33.549999,767300,0.000000,0.000000,32.641837,32.737841,31.950597,32.209812,33.923515,33.417565,31.902535,29.199040,33.931724,33.923419,0.008305,0.260069,-0.251764,41.222299,33.923515,36.646476,31.200553,0.185324,1.280228,0.039747,-0.005926,-0.090786,-0.085831,-0.027785,0.115652,0.409736,0.498319,-0.113606,-0.113606,0.534974,1089605.000000,25742914.232700,0.009935
2018-04-24,33.700001,34.099998,32.700001,33.250000,951100,0.000000,0.000000,32.353828,32.737847,31.393773,31.921803,33.714702,33.464608,31.913732,29.251101,33.622505,33.775151,-0.152646,0.177526,-0.330172,40.030799,33.714702,36.375338,31.054066,0.163069,1.284788,0.040248,-0.008942,-0.118037,-0.072524,-0.048040,0.107510,0.388416,0.493768,-0.121532,-0.121532,0.521249,1084200.000000,31624075.000000,0.012673
2018-04-25,33.400002,33.500000,32.400002,33.299999,1689100,0.000000,0.000000,32.065803,32.161807,31.105749,31.969795,33.616296,33.506850,31.947922,29.303879,33.368242,33.641421,-0.273179,0.087385,-0.360564,40.340249,33.616296,36.385540,30.847052,0.202716,1.268450,0.039677,0.001503,-0.103634,-0.114362,-0.036979,0.109175,0.379036,0.456899,-0.120211,-0.120211,0.523536,1095805.000000,56247028.310900,0.018492
2018-04-26,33.250000,34.000000,32.650002,33.400002,1551600,0.000000,0.000000,31.921809,32.641850,31.345778,32.065819,33.582695,33.550052,31.978283,29.353074,33.167869,33.524710,-0.356841,-0.001460,-0.355380,40.996299,33.582695,36.412465,30.752925,0.231979,1.270423,0.039619,0.003004,-0.036075,-0.055163,-0.017066,0.105175,0.369064,0.412163,-0.117569,-0.117569,0.528112,1101995.000000,51823443.103200,0.022399
2018-04-27,33.799999,33.950001,32.250000,32.599998,1217900,0.000000,0.000000,32.449828,32.593837,30.961744,31.297762,33.477088,33.555813,32.004795,29.395562,32.880160,33.359751,-0.479590,-0.097086,-0.382504,37.449026,33.477088,36.485991,30.468186,0.137854,1.296257,0.041417,-0.023953,-0.034074,-0.043988,-0.053123,0.087663,0.288923,0.402438,-0.138705,-0.138705,0.491510,1090130.000000,39703537.564200,-0.001700
2018-04-30,32.900002,33.049999,32.150002,32.200001,938900,0.000000,0.000000,31.585786,31.729792,30.865746,30.913748,33.417085,33.538532,32.038007,29.434934,32.577635,33.178565,-0.600930,-0.197855,-0.403075,35.781961,33.417085,36.584162,30.250009,0.104787,1.265384,0.040933,-0.012270,-0.040238,-0.074713,-0.050987,0.010530,0.303909,0.395457,-0.149273,-0.149273,0.473209,1082565.000000,30232580.938900,0.002617
2018-05-01,32.200001,32.950001,31.850000,32.799999,637900,0.070000,0.000000,30.981087,31.702696,30.644335,31.558372,33.350911,33.535103,32.074790,29.475378,32.420826,33.058551,-0.637725,-0.285829,-0.351896,40.564943,33.350911,36.618778,30.083044,0.225733,1.250597,0.039628,0.020852,-0.011385,-0.017296,-0.014349,0.022020,0.304793,0.381924,-0.131534,-0.131534,0.503929,1067815.000000,20923119.362100,0.022366
2018-05-02,32.900002,33.250000,32.750000,32.799999,598600,0.000000,0.000000,31.654589,31.991339,31.510266,31.558372,33.255936,33.520154,32.111094,29.514006,32.288141,32.947427,-0.659286,-0.360520,-0.298766,40.564943,33.255936,36.619718,29.892154,0.247670,1.195631,0.037886,0.000000,-0.012869,-0.040250,0.009875,0.028388,0.315189,0.371461,-0.131534,-0.131534,0.503929,1060685.000000,19634079.401400,0.051781
2018-05-03,32.549999,33.000000,32.250000,32.700001,764700,0.000000,0.000000,31.317846,31.750813,31.029203,31.462170,33.163351,33.519602,32.134460,29.550862,32.161068,32.837408,-0.676339,-0.423684,-0.252655,40.048673,33.163351,36.621041,29.705661,0.254000,1.161772,0.036926,-0.003048,-0.018825,-0.059648,-0.006932,0.002713,0.313798,0.364835,-0.134181,-0.134181,0.499344,1060415.000000,25005690.764700,0.033376
2018-05-04,32.549999,33.730000,32.400002,33.500000,575100,0.000000,0.000000,31.317845,32.453177,31.173525,32.231884,33.157254,33.530604,32.174146,29.588460,32.171963,32.792554,-0.620591,-0.463066,-0.157525,45.973341,33.157254,36.621378,29.693130,0.366435,1.170192,0.036305,0.024465,0.029846,-0.032479,0.037805,0.063618,0.354047,0.376631,-0.112999,-0.112999,0.536026,1046815.000000,19265850.000000,0.042131
2018-05-07,33.700001,34.099998,33.419998,34.029999,812400,0.000000,0.000000,32.424319,32.809175,32.154915,32.741825,33.133452,33.537404,32.215578,29.628369,32.259634,32.788796,-0.529162,-0.476285,-0.052877,49.531771,33.133452,36.602361,29.664543,0.443552,1.133340,0.034614,0.015821,0.059135,0.011993,0.103694,0.074670,0.383806,0.367160,-0.098966,-0.098966,0.560327,1024990.000000,27645971.187600,0.060970
2018-05-08,33.900002,35.099998,33.560001,35.000000,1053100,0.000000,0.000000,32.616736,33.771308,32.289606,33.675095,33.091509,33.551349,32.269217,29.673183,32.477397,32.854448,-0.377051,-0.456438,0.079387,55.330509,33.091509,36.510056,29.672962,0.585356,1.158223,0.034394,0.028504,0.067073,0.013764,0.074311,0.084834,0.446629,0.368805,-0.073283,-0.073283,0.604802,1014515.000000,36858500.000000,0.053088
2018-05-09,34.950001,35.650002,34.750000,35.450001,705700,0.000000,0.000000,33.626997,34.300500,33.434568,34.108070,33.066415,33.586434,32.327665,29.720401,32.728270,32.947309,-0.219039,-0.408958,0.189919,57.755582,33.066415,36.445167,29.687662,0.654148,1.137345,0.033345,0.012857,0.080793,-0.011760,0.124279,0.085382,0.459237,0.345122,-0.061367,-0.061367,0.625436,1017795.000000,25017065.705700,0.083450
2018-05-10,35.650002,36.299999,35.599998,36.049999,545700,0.000000,0.000000,34.300492,34.925885,34.252382,34.685349,33.034182,33.642665,32.387095,29.771222,33.029359,33.076053,-0.046694,-0.336505,0.289812,60.810446,33.034182,36.333375,29.734990,0.750238,1.114522,0.032132,0.016925,0.102446,0.002179,0.218500,0.112229,0.486975,0.350171,-0.045481,-0.045481,0.652947,1012035.000000,19672484.454300,0.125864
2018-05-11,35.900002,36.139999,35.400002,35.599998,349100,0.000000,0.000000,34.541035,34.771948,34.059962,34.252388,32.980302,33.693117,32.430220,29.818922,33.217517,33.163189,0.054329,-0.258339,0.312667,57.454651,32.980302,36.154453,29.806150,0.700382,1.085769,0.031699,-0.012483,0.062687,-0.030501,0.158362,0.100036,0.471429,0.344600,-0.057396,-0.057396,0.632314,1000915.000000,12427959.301800,0.081500
2018-05-14,35.799999,36.500000,35.700001,36.049999,649300,0.000000,0.000000,34.444812,35.118315,34.348599,34.685349,32.943269,33.740708,32.475758,29.865203,33.443338,33.275941,0.167396,-0.173192,0.340588,59.841264,32.943269,36.012837,29.873701,0.783766,1.070066,0.030851,0.012640,0.059359,-0.018247,0.161689,0.156648,0.514914,0.347942,-0.045481,-0.045481,0.652947,989210.000000,23407264.350700,0.100193
2018-05-15,35.650002,35.950001,35.450001,35.849998,723300,0.000000,0.000000,34.300498,34.589141,34.108068,34.492924,32.858213,33.777729,32.523683,29.911238,33.604812,33.366088,0.238724,-0.090808,0.329533,58.276598,32.858213,35.628161,30.088265,0.795080,1.034867,0.030002,-0.005548,0.024286,-0.026339,0.153390,0.139311,0.487872,0.348114,-0.050777,-0.050777,0.643777,974320.000000,25930303.553400,0.105180
2018-05-16,36.000000,36.700001,35.689999,36.500000,586900,0.000000,0.000000,34.637248,35.310750,34.338981,35.118320,32.830828,33.805177,32.577383,29.962073,33.837660,33.495883,0.341777,-0.004291,0.346068,61.774829,32.830828,35.492613,30.169043,0.929691,1.030360,0.029340,0.018131,0.029619,-0.029721,0.132493,0.156309,0.484246,0.345402,-0.033566,-0.033566,0.673580,937835.000000,21421850.000000,0.096841
2018-05-17,36.599998,37.000000,36.299999,36.849998,629600,0.000000,0.000000,35.214538,35.599398,34.925895,35.455074,32.940288,33.830720,32.638283,30.013636,34.086493,33.641008,0.445484,0.085664,0.359821,63.547151,32.940288,35.846252,30.034324,0.932694,1.004870,0.028342,0.009589,0.022192,-0.005914,0.115719,0.195686,0.598592,0.343749,-0.024299,-0.024299,0.689628,877120.000000,23200758.740800,0.098349
2018-05-18,36.250000,36.250000,34.150002,34.200001,2094300,0.000000,0.000000,34.877778,34.877778,32.857274,32.905380,32.965466,33.800469,32.671770,30.057469,33.904783,33.586517,0.318266,0.132184,0.186082,46.113709,32.965466,35.860492,30.070440,0.489623,1.118651,0.033996,-0.071913,-0.039326,-0.010837,0.037050,0.116917,0.452333,0.355310,-0.094465,-0.094465,0.568121,892080.000000,71625062.094300,0.021183
2018-05-21,34.650002,35.250000,34.450001,34.799999,938200,0.000000,0.000000,33.338350,33.915636,33.145920,33.482670,33.029108,33.768323,32.715341,30.104906,33.839843,33.578825,0.261018,0.157951,0.103067,49.492297,33.029108,35.910119,30.148097,0.578716,1.110908,0.033179,0.017544,-0.034674,0.033357,0.036428,0.111217,0.499963,0.347545,-0.078578,-0.078578,0.595632,900625.000000,32649359.061800,0.014349
2018-05-22,35.049999,35.500000,34.700001,34.849998,505600,0.000000,0.000000,33.723215,34.156181,33.386465,33.530785,33.109558,33.740019,32.756998,30.154734,33.792295,33.575266,0.217029,0.169766,0.047262,49.774947,33.109558,35.949950,30.269166,0.574150,1.086538,0.032404,0.001437,-0.027894,0.041012,0.064815,0.119936,0.443394,0.346417,-0.077254,-0.077254,0.597925,878350.000000,17620158.988800,0.042617
2018-05-23,34.500000,35.099998,34.360001,35.000000,586800,0.000000,0.000000,33.194022,33.771308,33.059322,33.675095,33.194823,33.723242,32.798661,30.202894,33.774264,33.582661,0.191603,0.174134,0.017469,50.666674,33.194823,35.993226,30.396419,0.585812,1.059784,0.031471,0.004304,-0.041096,0.054925,0.062917,0.108789,0.452595,0.344105,-0.073283,-0.073283,0.604802,823235.000000,20538000.000000,0.032977
2018-05-24,34.900002,35.000000,34.419998,34.900002,672900,0.000000,0.000000,33.578896,33.675109,33.117062,33.578896,33.270476,33.700701,32.842716,30.252007,33.744208,33.582382,0.161826,0.171672,-0.009847,50.029010,33.270476,36.021780,30.519173,0.556050,1.023946,0.030494,-0.002857,-0.052917,0.050332,0.036327,0.075098,0.442497,0.344640,-0.075930,-0.075930,0.600218,779300.000000,23484211.345800,0.024465
2018-05-25,34.799999,35.099998,34.500000,34.700001,602500,0.000000,0.000000,33.482672,33.771315,33.194029,33.386459,33.374911,33.674311,32.873349,30.300875,33.689169,33.567869,0.121300,0.161598,-0.040298,48.708394,33.374911,35.964756,30.785066,0.502229,0.992041,0.029714,-0.005731,0.014620,0.041185,0.012390,0.090684,0.446108,0.345828,-0.081226,-0.081226,0.591047,748530.000000,20906750.602500,0.010721
2018-05-29,34.450001,35.099998,34.400002,34.950001,544000,0.000000,0.000000,33.145930,33.771322,33.097823,33.627003,33.510574,33.653692,32.905908,30.355008,33.679605,33.572250,0.107356,0.150749,-0.043394,50.468452,33.510574,35.827459,31.193689,0.525126,0.969288,0.028825,0.007205,0.004311,0.074422,0.039352,0.090013,0.468689,0.332787,-0.074606,-0.074606,0.602511,728785.000000,19012800.544000,0.030316
2018-05-30,35.250000,35.750000,34.880001,35.349998,691900,0.000000,0.000000,33.915635,34.396708,33.559642,34.011848,33.633248,33.633089,32.937047,30.408437,33.730720,33.604813,0.125907,0.145781,-0.019874,53.233434,33.633248,35.767530,31.498966,0.588695,0.959844,0.028221,0.011445,0.014347,0.100218,0.067079,0.105922,0.470152,0.328616,-0.064015,-0.064015,0.620851,731485.000000,24458663.616200,0.041031
2018-05-31,35.250000,35.750000,35.080002,35.099998,825400,0.000000,0.000000,33.915636,34.396709,33.752073,33.771313,33.743895,33.612477,32.960989,30.459229,33.736965,33.617146,0.119819,0.140589,-0.020770,51.305674,33.743895,35.641600,31.846190,0.507224,0.937329,0.027755,-0.007072,0.002857,0.070122,0.064341,0.096393,0.430205,0.325619,-0.070635,-0.070635,0.609388,742825.000000,28971538.349200,0.027915
2018-06-01,35.450001,36.130001,35.200001,36.049999,798300,0.000000,0.000000,34.108063,34.762322,33.867526,34.685349,33.905054,33.579423,32.987845,30.515786,33.882870,33.696272,0.186598,0.149790,0.036808,57.590601,33.905054,35.512060,32.298048,0.742779,0.941163,0.027134,0.027065,0.032951,0.099085,0.073656,0.214868,0.436918,0.335370,-0.045481,-0.045481,0.652947,744505.000000,28778714.201700,0.032810
2018-06-04,36.049999,36.799999,35.849998,36.750000,1031200,0.000000,0.000000,34.685357,35.406967,34.492927,35.358860,34.061403,33.581920,33.029100,30.575711,34.109945,33.819427,0.290519,0.177936,0.112583,61.530659,34.061403,35.589517,32.533288,0.924529,0.939226,0.026563,0.019418,0.059078,0.123853,0.083237,0.218021,0.428058,0.337827,-0.026946,-0.026946,0.685043,767310.000000,37896600.000000,0.045622
2018-06-05,36.950001,37.349998,36.750000,37.250000,891000,0.000000,0.000000,35.551296,35.936152,35.358866,35.839939,34.216308,33.610360,33.077561,30.642821,34.376098,33.969094,0.407004,0.223750,0.183254,64.096522,34.216308,35.807989,32.624628,1.010037,0.913373,0.025485,0.013606,0.065808,0.111941,0.062053,0.251110,0.439153,0.332316,-0.013708,-0.013708,0.707969,771240.000000,33189750.000000,0.025991
2018-06-06,37.299999,37.799999,37.049999,37.750000,724300,0.000000,0.000000,35.888029,36.369102,35.647493,36.320995,34.348603,33.614819,33.129396,30.710663,34.675313,34.143309,0.532004,0.285401,0.246603,66.502517,34.348603,36.173612,32.523594,1.040379,0.899676,0.024770,0.013422,0.067892,0.109315,0.062703,0.316329,0.447357,0.331460,-0.000469,-0.000469,0.730894,754800.000000,27342325.000000,0.023146
2018-06-07,37.950001,39.049999,37.599998,37.750000,1513100,0.000000,0.000000,36.513425,37.571784,36.176672,36.320995,34.459250,33.662481,33.181231,30.778267,34.928495,34.304619,0.623876,0.353096,0.270780,66.502517,34.459250,36.480622,32.437877,0.960515,0.935064,0.025744,0.000000,0.075498,0.078571,0.055293,0.302759,0.439134,0.320705,-0.000469,-0.000469,0.730894,795170.000000,57119525.000000,0.027409
2018-06-08,38.000000,38.080002,37.299999,37.900002,1135700,0.000000,0.000000,36.561538,36.638511,35.888035,36.465324,34.548248,33.737030,33.236425,30.844202,35.164930,34.464671,0.700259,0.422528,0.277731,67.265803,34.548248,36.759371,32.337126,0.933507,0.921879,0.025281,0.003974,0.051318,0.069111,0.039195,0.305693,0.431298,0.319019,0.000000,0.000000,0.737772,824670.000000,43043032.271400,0.027992
2018-06-11,37.900002,38.279999,37.369999,38.099998,1142100,0.000000,0.000000,36.465319,36.830932,35.955380,36.657745,34.668516,33.801987,33.282525,30.910860,35.394594,34.627121,0.767473,0.491517,0.275956,68.302805,34.668516,37.065716,32.271316,0.914907,0.918570,0.025058,0.005277,0.036734,0.056865,0.048984,0.258611,0.486256,0.315321,0.000000,0.000000,0.746942,864320.000000,43514007.715800,0.039547
2018-06-12,38.099998,39.099998,37.799999,38.849998,895200,0.000000,0.000000,36.657747,37.619893,36.369104,37.379356,34.803217,33.907298,33.331051,30.980648,35.699942,34.830991,0.868951,0.567004,0.301947,71.898205,34.803217,37.489701,32.116732,0.979463,0.942300,0.025209,0.019685,0.042953,0.091292,0.083022,0.322541,0.570290,0.315326,0.000000,0.000000,0.781331,876615.000000,34778518.209600,0.057355
2018-06-13,38.950001,39.549999,38.700001,38.700001,1253600,0.000000,0.000000,37.475575,38.052861,37.235039,37.235039,34.940322,33.994362,33.372386,31.050193,35.936111,35.009068,0.927043,0.639012,0.288031,70.183612,34.940322,37.832169,32.048475,0.896756,0.933409,0.025068,-0.003861,0.025166,0.073509,0.072872,0.301987,0.564227,0.315050,-0.003861,-0.003861,0.774453,903130.000000,48514321.253600,0.046342
2018-06-14,38.750000,39.150002,38.599998,38.849998,995300,0.000000,0.000000,37.283143,37.668003,37.138820,37.379356,35.053374,34.072792,33.414876,31.119981,36.158149,35.184645,0.973503,0.705910,0.267593,70.930181,35.053374,38.144441,31.962307,0.876243,0.904536,0.024199,0.003876,0.029139,0.083682,0.077030,0.320303,0.595928,0.313297,0.000000,0.000000,0.781331,923550.000000,38667403.009400,0.039699
2018-06-15,38.549999,38.669998,38.049999,38.279999,1558900,0.000000,0.000000,37.090732,37.206188,36.609659,36.830952,35.122168,34.143133,33.447858,31.186071,36.261657,35.306594,0.955063,0.755741,0.199322,64.337707,35.122168,38.310587,31.933749,0.767967,0.894904,0.024298,-0.014671,0.010027,0.048767,0.062698,0.303138,0.605274,0.315289,-0.014671,-0.014671,0.755196,970015.000000,59674690.441100,0.027362
2018-06-18,38.049999,38.200001,37.250000,37.349998,1165100,0.000000,0.000000,36.609652,36.753976,35.839936,35.936150,35.273706,34.214780,33.475246,31.244580,36.211579,35.353228,0.858351,0.776263,0.082088,55.305449,35.273706,38.302609,32.244803,0.609354,0.901769,0.025094,-0.024295,-0.019685,0.013569,0.025517,0.250287,0.563017,0.327262,-0.038610,-0.038610,0.712554,923555.000000,43516482.669800,-0.029327
2018-06-19,36.900002,37.099998,35.880001,36.599998,1317400,0.000000,0.000000,35.503174,35.695600,34.521785,35.214527,35.360299,34.254713,33.501166,31.299003,36.058186,35.342953,0.715233,0.764057,-0.048824,49.295064,35.360299,38.270298,32.450301,0.474953,0.938383,0.026648,-0.020081,-0.057915,0.070175,0.011855,0.176173,0.525289,0.210469,-0.057915,-0.057915,0.678165,942515.000000,48216837.365200,-0.037205
2018-06-20,36.900002,37.049999,36.099998,36.200001,923700,0.000000,0.000000,35.503180,35.647500,34.733461,34.829678,35.425244,34.261027,33.518926,31.349112,35.869185,35.304933,0.564252,0.724096,-0.159844,46.399003,35.425244,38.218978,32.631510,0.393410,0.936645,0.026892,-0.010929,-0.064599,0.040230,-0.041509,0.155921,0.534028,0.209329,-0.068211,-0.068211,0.659825,963420.000000,33437940.923700,-0.100897
2018-06-21,36.250000,36.450001,35.700001,35.900002,807600,0.000000,0.000000,34.877788,35.070218,34.348609,34.541039,35.468541,34.259649,33.538590,31.398734,35.664855,35.248348,0.416507,0.662578,-0.246071,44.297025,35.468541,38.173500,32.763582,0.328555,0.921285,0.026672,-0.008287,-0.075933,0.030129,-0.019667,0.162982,0.530985,0.212326,-0.075933,-0.075933,0.646069,974460.000000,28992841.615200,-0.095891
2018-06-22,36.200001,36.299999,35.250000,35.349998,1913400,0.000000,0.000000,34.829674,34.925888,33.915635,34.011848,35.490189,34.233286,33.558530,31.442842,35.410546,35.156756,0.253790,0.580820,-0.327030,40.660133,35.490189,38.137795,32.842583,0.220816,0.927640,0.027274,-0.015321,-0.076542,0.010000,-0.011799,0.143320,0.513944,0.219811,-0.090090,-0.090090,0.620851,1036485.000000,67638686.173200,-0.111925
2018-06-25,35.000000,35.169998,33.849998,34.450001,1091800,0.000000,0.000000,33.675107,33.838670,32.568638,33.145927,35.478162,34.189605,33.577492,31.481186,35.062143,35.007805,0.054338,0.475524,-0.421186,35.520983,35.478162,38.167855,32.788469,0.066450,0.964466,0.029098,-0.025459,-0.077644,-0.012894,-0.081781,0.128753,0.481705,0.237480,-0.113256,-0.113256,0.579585,1060950.000000,37612511.091800,-0.124917
2018-06-26,34.450001,35.099998,34.349998,34.799999,829700,0.000000,0.000000,33.145920,33.771313,33.049704,33.482670,35.470946,34.150738,33.595501,31.526950,34.819147,34.894832,-0.075685,0.365282,-0.440967,38.762476,35.470946,38.182239,32.759652,0.133335,0.947119,0.028287,0.010159,-0.049180,0.002882,-0.013414,0.132829,0.516196,0.239450,-0.104247,-0.104247,0.595632,1075235.000000,28873559.170300,-0.092289
2018-06-27,35.200001,35.650002,33.650002,33.700001,998200,0.000000,0.000000,33.867535,34.300502,32.376210,32.424316,35.391569,34.075343,33.609166,31.562164,34.450712,34.711831,-0.261120,0.240002,-0.501121,33.125943,35.391569,38.363180,32.419957,0.000733,1.016917,0.031363,-0.031609,-0.069061,-0.035766,-0.009577,0.113260,0.510782,0.261931,-0.132561,-0.132561,0.545196,1090550.000000,33639340.998200,-0.080930
2018-06-28,33.549999,34.000000,31.930000,33.950001,971700,0.000000,0.000000,32.279989,32.712955,30.721314,32.664848,35.336246,34.015320,33.639158,31.596430,34.175963,34.560203,-0.384239,0.115154,-0.499393,35.424192,35.336246,38.471556,32.200935,0.073982,1.086540,0.033263,0.007418,-0.054318,-0.039604,-0.022300,0.112371,0.460200,0.259766,-0.126126,-0.126126,0.556659,1097865.000000,32989215.971700,-0.084625
2018-06-29,34.150002,34.650002,33.750000,33.900002,1018000,0.000000,0.000000,32.857285,33.338358,32.472425,32.616749,35.232816,34.002337,33.651868,31.629499,33.936084,34.416243,-0.480159,-0.003909,-0.476250,35.163945,35.232816,38.587353,31.878279,0.110070,1.070783,0.032829,-0.001473,-0.041018,-0.034188,0.015661,0.105323,0.547318,0.259056,-0.127413,-0.127413,0.554367,1108850.000000,34510202.036000,-0.077522
2018-07-02,33.950001,34.500000,33.470001,34.450001,614900,0.000000,0.000000,32.664854,33.194034,32.203025,33.145927,35.122169,34.017219,33.679950,31.664497,33.814522,34.322146,-0.507624,-0.104652,-0.402972,40.355590,35.122169,38.602814,31.641524,0.216110,1.065085,0.032133,0.016224,0.000000,-0.044382,0.008031,0.136167,0.579585,0.246391,-0.113256,-0.113256,0.579585,1088035.000000,21183305.614900,-0.082213
2018-07-03,34.599998,34.830002,34.049999,34.049999,378000,0.000000,0.000000,33.290246,33.511543,32.761066,32.761066,34.968225,34.028244,33.722905,31.697571,33.652452,34.206510,-0.554059,-0.194533,-0.359525,37.974028,34.968225,38.584893,31.351557,0.194863,1.042613,0.031825,-0.011611,-0.021552,-0.073469,-0.020826,0.080397,0.561244,0.235543,-0.123552,-0.123552,0.547148,1062385.000000,12870899.622000,-0.086227
2018-07-05,34.450001,35.150002,34.349998,35.099998,637400,0.000000,0.000000,33.145920,33.819423,33.049703,33.771313,34.840741,34.065235,33.764921,31.734262,33.670738,34.174273,-0.503535,-0.256334,-0.247202,46.842190,34.840741,38.436321,31.245161,0.351286,1.043737,0.030906,0.030837,0.041543,-0.057718,0.013731,0.111957,0.594857,0.257838,-0.096525,-0.096525,0.594857,1058040.000000,22372738.725200,-0.058321
2018-07-06,35.000000,35.000000,34.459999,34.849998,752000,0.000000,0.000000,33.675108,33.675108,33.155548,33.530785,34.701231,34.096454,33.801652,31.768317,33.649207,34.126608,-0.477401,-0.300547,-0.176854,45.185719,34.701231,38.271414,31.131047,0.336080,1.013168,0.030216,-0.007122,0.026510,-0.076821,0.036378,0.085209,0.583498,0.251392,-0.102960,-0.102960,0.565825,1019985.000000,26207198.496000,-0.075447
2018-07-09,35.200001,35.650002,34.849998,35.549999,452700,0.000000,0.000000,33.867531,34.300498,33.530778,34.204281,34.588179,34.139224,33.844638,31.808129,33.734603,34.132361,-0.397758,-0.319989,-0.077769,50.467617,34.588179,38.065135,31.111222,0.444794,0.995779,0.029113,0.020086,0.048672,-0.058278,0.029695,0.090105,0.590177,0.264389,-0.084942,-0.084942,0.597276,985835.000000,16093484.547300,-0.086250
2018-07-10,35.700001,36.080002,35.349998,35.400002,764400,0.000000,0.000000,34.348602,34.714219,34.011849,34.059959,34.458289,34.194468,33.875140,31.846502,33.784658,34.126998,-0.342341,-0.324460,-0.017881,49.369776,34.458289,37.801226,31.115353,0.440422,0.974821,0.028621,-0.004219,0.027576,-0.065963,-0.013154,0.064380,0.590536,0.263296,-0.088803,-0.088803,0.532387,966950.000000,27059761.528800,-0.106877
2018-07-11,35.049999,35.160000,33.799999,33.849998,733900,0.000000,0.000000,33.723214,33.829050,32.520531,32.568638,34.217753,34.227565,33.883049,31.876224,33.597578,34.011564,-0.413986,-0.342365,-0.071621,39.747817,34.217753,37.362115,31.073391,0.237766,1.015150,0.031170,-0.043785,-0.005874,-0.111548,-0.058981,0.042753,0.465291,0.296372,-0.128700,-0.128700,0.452794,958885.000000,24842513.532200,-0.150589
2018-07-12,34.400002,35.349998,34.209999,34.900002,2013200,0.000000,0.000000,33.097823,34.011858,32.915013,33.578896,34.034946,34.267976,33.901540,31.912909,33.594704,33.979514,-0.384811,-0.350854,-0.033957,47.248231,34.034946,36.848413,31.221480,0.418952,1.045726,0.031142,0.031019,-0.005698,-0.101673,-0.049564,0.083406,0.472738,0.310736,-0.101673,-0.101673,0.497859,996865.000000,70260684.026400,-0.145313
2018-07-13,35.000000,35.250000,34.700001,35.049999,690700,0.000000,0.000000,33.675103,33.915639,33.386460,33.723209,33.852139,34.311273,33.915713,31.950794,33.614474,33.960529,-0.346055,-0.349894,0.003839,48.239449,33.852139,36.184646,31.519632,0.472362,1.008830,0.029915,0.004298,0.005739,-0.094315,-0.045480,0.083041,0.463724,0.312364,-0.097812,-0.097812,0.504297,981635.000000,24209034.309300,-0.146699
2018-07-16,35.150002,35.410000,34.880001,35.349998,732900,0.000000,0.000000,33.819422,34.069579,33.559642,34.011848,33.711184,34.362266,33.940934,31.985342,33.675608,33.964330,-0.288722,-0.337660,0.048938,50.252869,33.711184,35.580471,31.841897,0.580422,0.973195,0.028613,0.008559,-0.005626,-0.090090,-0.039918,0.092311,0.449193,0.314366,-0.090090,-0.090090,0.517172,940335.000000,25908013.534200,-0.130670
2018-07-17,35.400002,36.599998,35.049999,36.500000,993500,0.000000,0.000000,34.059962,35.214534,33.723208,35.118320,33.670292,34.419995,33.975300,32.025183,33.897564,34.049811,-0.152247,-0.300577,0.148330,57.136167,33.670292,35.361989,31.978596,0.927981,1.010204,0.028766,0.032532,0.031073,-0.046500,-0.029721,0.134829,0.473530,0.336488,-0.060489,-0.060489,0.566529,931755.000000,36262750.000000,-0.108558
2018-07-18,36.799999,37.950001,36.799999,37.799999,1459500,0.000000,0.000000,35.406968,36.513437,35.406968,36.369114,33.728022,34.492541,34.014973,32.069127,34.277802,34.221611,0.056191,-0.229224,0.285415,63.315495,33.728022,35.697582,31.758461,1.170478,1.037698,0.028532,0.035617,0.116691,0.012048,0.019713,0.134843,0.509662,0.350304,-0.027027,-0.027027,0.622323,938860.000000,55169098.540500,-0.056939
2018-07-19,37.450001,38.049999,37.200001,37.900002,1151500,0.000000,0.000000,36.032358,36.609644,35.791822,36.465324,33.809804,34.548345,34.049847,32.111641,34.614344,34.387812,0.226532,-0.138073,0.364604,63.748404,33.809804,36.084214,31.535394,1.083782,1.021993,0.028026,0.002645,0.085960,0.035519,0.096178,0.121087,0.475594,0.341981,-0.024453,-0.024453,0.626615,950250.000000,43641852.303000,0.015046
2018-07-20,37.900002,38.380001,37.500000,37.849998,997500,0.000000,0.000000,36.465339,36.927169,36.080479,36.417229,33.903613,34.594528,34.090481,32.154152,34.891711,34.538139,0.353572,-0.039744,0.393315,63.345968,33.903613,36.444207,31.363020,0.994691,1.009471,0.027720,-0.001319,0.079886,0.045580,0.123925,0.100166,0.470803,0.339052,-0.025740,-0.025740,0.624469,959745.000000,37755373.005000,0.029598
2018-07-23,37.650002,38.099998,37.099998,37.900002,957500,0.000000,0.000000,36.224788,36.657751,35.695605,36.465324,34.026287,34.630128,34.136396,32.197144,35.133805,34.680894,0.452912,0.058787,0.394124,63.593477,34.026287,36.813819,31.238755,0.937490,1.006091,0.027590,0.001321,0.072136,0.055710,0.132118,0.100663,0.475594,0.336883,-0.024453,-0.024453,0.626615,911950.000000,36289251.915000,0.032061
2018-07-24,38.250000,38.650002,37.230000,37.549999,1161500,0.000000,0.000000,36.802073,37.186933,35.820684,36.128571,34.175419,34.667652,34.180384,32.240841,35.286846,34.788129,0.498717,0.146773,0.351944,60.512346,34.175419,37.081270,31.269569,0.836072,1.031816,0.028560,-0.009235,0.028767,0.062235,0.131784,0.077412,0.464801,0.333400,-0.033462,-0.033462,0.611593,915435.000000,43614323.838500,0.012848
2018-07-25,37.450001,37.820000,37.049999,37.700001,1251400,0.000000,0.000000,36.032378,36.388371,35.647518,36.272915,34.314932,34.699403,34.220055,32.283827,35.438549,34.898113,0.540436,0.225506,0.314930,61.376169,34.314932,37.345970,31.283894,0.822989,1.011033,0.027873,0.003995,-0.002645,0.094340,0.134600,0.092644,0.479253,0.316822,-0.029600,-0.029600,0.618032,936520.000000,47177781.251400,0.002028
2018-07-26,38.549999,38.549999,34.450001,36.250000,2180800,0.000000,0.000000,37.090715,37.090715,33.145919,34.877781,34.437605,34.707100,34.242415,32.320314,35.352277,34.896607,0.455670,0.271539,0.184131,49.992754,34.437605,37.342430,31.532779,0.575766,1.220588,0.034996,-0.038462,-0.043536,0.041667,0.087693,0.069131,0.411353,0.349000,-0.066924,-0.066924,0.555799,995650.000000,79054000.000000,-0.015345
2018-07-27,36.650002,36.950001,34.900002,35.200001,1305400,0.000000,0.000000,35.262635,35.551278,33.578880,33.867523,34.497739,34.682084,34.243631,32.353184,35.123853,34.820379,0.303475,0.277926,0.025549,43.675712,34.497739,37.295879,31.699598,0.387387,1.274288,0.037626,-0.028966,-0.070014,0.044510,0.082107,0.024622,0.331831,0.345882,-0.093951,-0.093951,0.510734,1012335.000000,45950081.305400,-0.004640
2018-07-30,35.000000,35.380001,34.400002,34.700001,1039000,0.000000,0.000000,33.675102,34.040719,33.097816,33.386459,34.536224,34.640712,34.235716,32.381498,34.856562,34.714162,0.142399,0.250821,-0.108421,41.017835,34.536224,37.245186,31.827262,0.287785,1.250618,0.037459,-0.014204,-0.084433,0.022091,0.079987,0.024922,0.320359,0.349939,-0.106821,-0.106821,0.489275,1013385.000000,36053301.039000,0.000210
2018-07-31,34.849998,35.700001,34.849998,35.150002,888600,0.070000,0.000000,33.598557,34.418036,33.598557,33.887787,34.573317,34.660360,34.230415,32.410885,34.707520,34.652949,0.054570,0.211570,-0.157000,44.788583,34.573317,37.221764,31.924870,0.370579,1.234972,0.036443,0.015016,-0.062022,0.038969,0.073813,0.058405,0.358157,0.352957,-0.093409,-0.093409,0.511638,1027070.000000,31234291.777200,-0.002069
2018-08-01,35.299999,35.450001,34.900002,35.250000,884000,0.000000,0.000000,34.032403,34.177018,33.646769,33.984200,34.634474,34.670391,34.219357,32.439081,34.596240,34.603412,-0.007173,0.167822,-0.174995,45.510058,34.634474,37.160373,32.108575,0.371279,1.184635,0.034858,0.002845,-0.063097,0.025290,0.076868,0.087503,0.351664,0.349214,-0.090830,-0.090830,0.515939,1052370.000000,31161000.000000,-0.008528
2018-08-02,34.950001,35.900002,34.750000,35.900002,808000,0.000000,0.000000,33.694972,34.610859,33.502153,34.610859,34.676451,34.691992,34.216006,32.468976,34.598489,34.603964,-0.005475,0.133162,-0.138638,50.076499,34.676451,37.169644,32.183258,0.486846,1.179211,0.034071,0.018440,-0.007653,0.056463,0.100079,0.092453,0.433832,0.350597,-0.074065,-0.074065,0.543892,1060900.000000,29007201.616000,-0.000729
2018-08-03,35.849998,36.099998,35.549999,36.000000,957600,0.000000,0.000000,34.562649,34.803672,34.273422,34.707264,34.735275,34.712635,34.217939,32.499353,34.615223,34.611616,0.003608,0.107251,-0.103644,50.760145,34.735275,37.169472,32.301078,0.494246,1.132857,0.032640,0.002785,0.024795,0.027714,0.076799,0.117507,0.446419,0.335527,-0.071486,-0.071486,0.548193,1071180.000000,34473600.000000,-0.006754
2018-08-06,36.099998,36.799999,35.950001,36.549999,830400,0.000000,0.000000,34.803673,35.478537,34.659062,35.237514,34.786937,34.745808,34.223254,32.529752,34.710960,34.657979,0.052982,0.096397,-0.043416,54.454492,34.786937,37.217538,32.356335,0.592688,1.110473,0.031514,0.015278,0.055443,0.050900,0.076223,0.187821,0.495325,0.337229,-0.057300,-0.057300,0.571845,1090065.000000,30351119.169600,-0.005601
2018-08-07,36.599998,36.799999,36.150002,36.250000,631900,0.000000,0.000000,35.285707,35.478525,34.851869,34.948277,34.831353,34.777044,34.225678,32.560139,34.747471,34.679482,0.067988,0.090716,-0.022727,52.155797,34.831353,37.238370,32.424335,0.524288,1.075914,0.030786,-0.008208,0.031294,0.021752,0.037808,0.114928,0.453567,0.332942,-0.065038,-0.065038,0.558943,1083440.000000,22906375.000000,-0.047065
2018-08-08,36.099998,36.529999,35.900002,36.450001,555800,0.000000,0.000000,34.803657,35.218216,34.610841,35.141090,34.959975,34.807326,34.230509,32.591730,34.808028,34.713675,0.094352,0.091443,0.002909,53.563070,34.959975,37.120162,32.799789,0.541921,1.042447,0.029665,0.005517,0.034042,0.031742,0.030287,0.158330,0.479231,0.332640,-0.059880,-0.059880,0.567544,1074535.000000,20258910.555800,-0.044431
2018-08-09,36.250000,36.400002,35.950001,36.099998,453700,0.000000,0.000000,34.948276,35.092891,34.659050,34.803661,35.021213,34.823162,34.228126,32.621633,34.807356,34.720341,0.087015,0.090557,-0.003543,50.749784,35.021213,37.083786,32.958641,0.447262,1.002418,0.028802,-0.009602,0.005571,0.068625,0.003411,0.222657,0.473925,0.292387,-0.068907,-0.068907,0.552493,996560.000000,16378569.092600,-0.062330
2018-08-10,35.650002,35.880001,34.750000,34.799999,805200,0.000000,0.000000,34.369825,34.591566,33.502143,33.550346,35.012570,34.818743,34.215610,32.644313,34.613970,34.633675,-0.019705,0.068505,-0.088210,41.938758,35.012570,37.099352,32.925789,0.149646,1.023782,0.030515,-0.036011,-0.033334,-0.000850,-0.020496,0.134620,0.471486,0.304352,-0.102436,-0.102436,0.496586,1002285.000000,28020959.194800,-0.079423
2018-08-13,35.049999,35.150002,34.750000,34.950001,541500,0.000000,0.000000,33.791381,33.887792,33.502154,33.694973,34.996727,34.798935,34.189179,32.668912,34.472586,34.564141,-0.091556,0.036493,-0.128048,43.165016,34.996727,37.119992,32.873461,0.193455,0.978201,0.029031,0.004311,-0.043776,-0.000837,-0.028553,0.128519,0.444517,0.304355,-0.098567,-0.098567,0.503037,992715.000000,18925425.541500,-0.083657
2018-08-14,35.000000,35.400002,34.900002,35.049999,533900,0.000000,0.000000,33.743167,34.128804,33.646759,33.791370,34.930379,34.767586,34.174753,32.684910,34.367783,34.506899,-0.139116,0.001371,-0.140487,44.013758,34.930379,37.119552,32.741206,0.239854,0.942761,0.027899,0.002861,-0.033103,-0.006482,-0.020339,0.129931,0.431055,0.303005,-0.095988,-0.095988,0.507337,969735.000000,18713194.466100,-0.090971
2018-08-15,34.799999,34.900002,33.750000,33.750000,836300,0.000000,0.000000,33.550365,33.646777,32.538071,32.538071,34.738827,34.701548,34.155954,32.693209,34.086289,34.361060,-0.274771,-0.053857,-0.220914,36.402347,34.738827,37.064139,32.413515,0.026783,0.964942,0.029656,-0.037089,-0.074073,-0.073473,-0.073473,0.049285,0.392068,0.304407,-0.129518,-0.129518,0.451431,938575.000000,28225125.000000,-0.124271
2018-08-16,33.849998,34.299999,33.380001,33.500000,827100,0.000000,0.000000,32.634465,33.068307,32.181345,32.297035,34.530412,34.621069,34.117944,32.701258,33.811019,34.208169,-0.397150,-0.122516,-0.274634,35.143610,34.530412,36.949479,32.111346,0.038380,0.959372,0.029705,-0.007408,-0.072022,-0.111965,-0.089072,0.016340,0.381756,0.269295,-0.135966,-0.135966,0.440679,922355.000000,27707850.000000,-0.146512
2018-08-17,33.200001,33.290001,32.150002,32.400002,1168200,0.000000,0.000000,32.007814,32.094582,30.995519,31.236542,34.271378,34.519380,34.090930,32.700555,33.414946,33.988049,-0.573103,-0.212633,-0.360470,30.196292,34.271378,36.936710,31.606047,-0.069317,0.983811,0.031496,-0.032836,-0.068965,-0.143391,-0.050716,-0.015545,0.393373,0.283450,-0.164337,-0.164337,0.372883,930890.000000,37849682.336400,-0.113535
2018-08-20,32.500000,32.849998,32.049999,32.349998,1409400,0.000000,0.000000,31.332954,31.670385,30.899113,31.188339,34.007529,34.413840,34.075435,32.704977,33.072391,33.780663,-0.708272,-0.311761,-0.396511,29.989637,34.007529,36.800127,31.214931,-0.004761,0.968630,0.031057,-0.001543,-0.074392,-0.143583,-0.068523,-0.034591,0.370764,0.283392,-0.165627,-0.165627,0.367890,953485.000000,45594087.181200,-0.126268
2018-08-21,32.349998,32.950001,32.349998,32.750000,1158800,0.000000,0.000000,31.188341,31.766797,31.188341,31.573978,33.779799,34.312165,34.057076,32.710513,32.841866,33.617205,-0.775339,-0.404477,-0.370862,33.887844,33.779799,36.586914,30.972684,0.107102,0.940760,0.029795,0.012365,-0.065620,-0.134137,-0.058359,0.002674,0.384804,0.290080,-0.155310,-0.155310,0.356369,953350.000000,37950700.000000,-0.123509
2018-08-22,32.599998,33.400002,32.549999,33.150002,832100,0.000000,0.000000,31.429336,32.200612,31.381133,31.959589,33.564133,34.203770,34.055534,32.715102,32.706131,33.494418,-0.788287,-0.481239,-0.307049,37.627639,33.564133,36.223646,30.904620,0.198339,0.932097,0.029165,0.012213,-0.017779,-0.115393,-0.050943,0.008769,0.372934,0.297123,-0.144994,-0.144994,0.370121,932385.000000,27584116.664200,-0.113311
2018-08-23,33.200001,33.799999,32.950001,33.200001,702800,0.000000,0.000000,32.007812,32.586265,31.766790,32.007812,33.420634,34.099225,34.046793,32.718016,32.598697,33.384299,-0.785602,-0.542111,-0.243491,38.099216,33.420634,36.091389,30.749879,0.235501,0.924053,0.028870,0.001509,-0.008955,-0.117584,-0.046788,-0.012160,0.372188,0.296229,-0.143703,-0.143703,0.372188,858485.000000,23332960.702800,-0.107941
2018-08-24,33.349998,33.799999,33.299999,33.500000,499200,0.000000,0.000000,32.152420,32.586262,32.104216,32.297035,33.342110,33.997579,34.035185,32.723574,32.552288,33.303761,-0.751474,-0.583984,-0.167490,40.981340,33.342110,36.049638,30.634582,0.307006,0.899367,0.027847,0.009036,0.033950,-0.073994,-0.032631,-0.020645,0.378936,0.275127,-0.135966,-0.135966,0.384587,818175.000000,16723200.000000,-0.101522
2018-08-27,33.599998,34.380001,33.580002,34.049999,1212000,0.000000,0.000000,32.393440,33.145434,32.374162,32.827282,33.314151,33.917505,34.030319,32.732023,32.594594,33.268466,-0.673872,-0.601961,-0.071911,45.950031,33.314151,36.031283,30.597020,0.410408,0.895726,0.027286,0.016418,0.052550,-0.030715,-0.023782,0.014634,0.407319,0.267015,-0.121780,-0.121780,0.401575,826825.000000,41268598.788000,-0.107782
2018-08-28,34.200001,34.380001,33.900002,34.099998,722100,0.000000,0.000000,32.971884,33.145421,32.682658,32.875473,33.263536,33.856292,34.035536,32.746461,32.637807,33.239356,-0.601549,-0.601879,0.000330,46.391761,33.263536,35.973380,30.553691,0.428398,0.864800,0.026305,0.001468,0.041220,-0.015305,-0.033411,0.031426,0.403632,0.262997,-0.120491,-0.120491,0.392267,818500.000000,24623608.555800,-0.109471
2018-08-29,34.099998,34.250000,33.700001,34.049999,751600,0.000000,0.000000,32.875486,33.020101,32.489852,32.827282,33.205690,33.808547,34.031630,32.759221,32.666957,33.208832,-0.541875,-0.589878,0.048003,45.987016,33.205690,35.900109,30.511271,0.429779,0.840904,0.025616,-0.001466,0.027150,-0.031295,-0.027954,0.034589,0.390226,0.256788,-0.121780,-0.121780,0.354579,811880.000000,25591979.248400,-0.117655
2018-08-30,33.849998,34.099998,33.610001,33.750000,744300,0.000000,0.000000,32.634478,32.875501,32.403099,32.538071,33.102050,33.762715,34.011871,32.770057,32.647128,33.159146,-0.512018,-0.574306,0.062288,43.532385,33.102050,35.727468,30.476632,0.392592,0.814582,0.025035,-0.008810,0.016567,-0.042553,-0.061907,0.007189,0.342645,0.257541,-0.129518,-0.129518,0.337369,808695.000000,25120125.000000,-0.132599
2018-08-31,33.799999,34.250000,33.650002,33.900002,875600,0.000000,0.000000,32.586267,33.020109,32.441656,32.682678,33.000821,33.725547,33.992598,32.785207,32.652597,33.123852,-0.471255,-0.553696,0.082441,45.110008,33.000821,35.519597,30.482045,0.436846,0.797716,0.024408,0.004444,0.011941,-0.055710,-0.075686,0.001251,0.343313,0.247971,-0.125649,-0.125649,0.343313,804595.000000,29682841.751200,-0.141825
2018-09-04,33.599998,33.900002,32.950001,33.099998,892500,0.000000,0.000000,32.393455,32.682685,31.766798,31.911409,32.834516,33.683539,33.958412,32.797460,32.538568,33.034041,-0.495473,-0.542051,0.046578,38.872048,32.834516,35.163553,30.505478,0.301827,0.806157,0.025262,-0.023599,-0.027900,-0.080555,-0.109613,-0.054362,0.286341,0.257405,-0.146283,-0.146283,0.311613,807700.000000,29541748.215000,-0.168974
2018-09-05,32.900002,33.099998,32.230000,33.099998,801800,0.000000,0.000000,31.718594,31.911409,31.072651,31.911409,32.682672,33.658848,33.924226,32.806359,32.442082,32.950883,-0.508801,-0.535401,0.026600,38.872048,32.682672,34.819516,30.545828,0.319532,0.808485,0.025335,0.000000,-0.029325,-0.094391,-0.121406,-0.066315,0.296332,0.248372,-0.146283,-0.146283,0.311613,816195.000000,26539578.396400,-0.161193
2018-09-06,32.950001,33.299999,30.330000,30.379999,1919600,0.000000,0.000000,31.766782,32.104213,29.240864,29.289068,32.390071,33.574976,33.862857,32.803105,31.957003,32.679638,-0.722635,-0.572848,-0.149787,25.155286,32.390071,34.704757,30.075385,-0.169854,0.955261,0.032615,-0.082176,-0.107783,-0.161931,-0.193605,-0.149017,0.162713,0.366174,-0.216437,-0.216437,0.203830,884385.000000,58317446.080400,-0.231281
2018-09-07,30.500000,31.500000,30.150000,31.400000,1485800,0.000000,0.000000,29.404770,30.368861,29.067338,30.272451,32.163511,33.531939,33.803641,32.802612,31.697841,32.501328,-0.803486,-0.618976,-0.184511,34.490734,32.163511,34.367895,29.959127,0.071068,0.979994,0.032372,0.033575,-0.069630,-0.138545,-0.169829,-0.137291,0.188222,0.391368,-0.190129,-0.190129,0.244249,935990.000000,46654120.000000,-0.203448
2018-09-10,31.450001,31.900000,31.000000,31.600000,951500,0.000000,0.000000,30.320652,30.754492,29.886811,30.465265,32.009257,33.487947,33.751634,32.798772,31.508214,32.350508,-0.842294,-0.663639,-0.178655,36.171809,32.009257,34.236672,29.781841,0.153412,0.971972,0.031904,0.006369,-0.067847,-0.124653,-0.168927,-0.128218,0.252174,0.393818,-0.184971,-0.184971,0.200295,943305.000000,30067400.000000,-0.203422
2018-09-11,31.750000,31.799999,31.250000,31.500000,1279200,0.000000,0.000000,30.609885,30.658089,30.127839,30.368862,31.842951,33.442989,33.722663,32.797563,31.332929,32.203720,-0.870790,-0.705070,-0.165721,35.678826,31.842951,34.036850,29.649052,0.164048,0.940420,0.030967,-0.003164,-0.048338,-0.094827,-0.187550,-0.120099,0.196496,0.378435,-0.187550,-0.187550,0.176555,980190.000000,40294800.000000,-0.222426
2018-09-12,31.049999,31.049999,29.200001,29.700001,2734900,0.000000,0.000000,29.935010,29.935010,28.151444,28.633490,31.585057,33.352741,33.684980,32.786480,30.917631,31.939258,-1.021627,-0.768381,-0.253246,28.222247,31.585057,34.014559,29.155555,-0.107443,1.031635,0.036029,-0.057143,-0.102719,-0.150215,-0.231007,-0.174969,0.109323,0.418282,-0.233976,-0.233976,0.101166,1090240.000000,81226532.734900,-0.264601
2018-09-13,30.000000,30.549999,29.700001,30.049999,1563700,0.000000,0.000000,28.922722,29.452972,28.633496,28.970926,31.406700,33.276938,33.652591,32.777563,30.618138,31.719382,-1.101244,-0.834954,-0.266290,31.231788,31.406700,34.055473,28.757927,0.040207,1.016481,0.035086,0.011785,-0.010862,-0.142653,-0.224948,-0.165246,0.114143,0.422159,-0.224948,-0.224948,0.108032,1126610.000000,46989183.436300,-0.257505
2018-09-14,30.299999,30.650000,29.879999,30.600000,714800,0.000000,0.000000,29.211939,29.549371,28.807021,29.501167,31.266906,33.191535,33.628385,32.771058,30.446296,31.555069,-1.108773,-0.889718,-0.219056,35.787896,31.266906,34.011222,28.522591,0.178291,0.996900,0.033792,0.018303,-0.025478,-0.093334,-0.199012,-0.148791,0.128312,0.415901,-0.210763,-0.210763,0.128312,1120995.000000,21872880.000000,-0.233048
2018-09-17,30.400000,30.500000,29.750000,29.850000,664300,0.000000,0.000000,29.308354,29.404763,28.681695,28.778105,31.143985,33.096481,33.596468,32.772195,30.189651,31.349368,-1.159717,-0.943717,-0.216000,32.614635,31.143985,34.105653,28.182316,0.100583,0.984227,0.034201,-0.024510,-0.055380,-0.108955,-0.199188,-0.178753,0.100658,0.421681,-0.230107,-0.230107,0.100658,1095800.000000,19829355.000000,-0.218390
2018-09-18,29.900000,30.350000,29.400000,29.500000,716800,0.000000,0.000000,28.826312,29.260153,28.344266,28.440676,31.006601,32.981209,33.560217,32.769250,29.920578,31.133910,-1.213331,-0.997640,-0.215691,31.223275,31.006601,34.205053,27.808149,0.098880,0.979345,0.034435,-0.011725,-0.063492,-0.089506,-0.192360,-0.182785,0.075950,0.410396,-0.239134,-0.239134,0.087752,1061170.000000,21145600.000000,-0.222198
2018-09-19,29.600000,29.799999,28.700001,29.250000,1511100,0.000000,0.000000,28.537088,28.729905,27.669406,28.199656,30.837885,32.864003,33.529235,32.767015,29.655821,30.916558,-1.260737,-1.050260,-0.210477,30.231215,30.837885,34.258586,27.417184,0.114373,0.985142,0.034935,-0.008474,-0.015151,-0.095827,-0.190356,-0.223963,0.055381,0.410548,-0.245582,-0.245582,0.078534,1078785.000000,44199675.000000,-0.212013
2018-09-20,29.450001,29.750000,29.299999,29.600000,1271600,0.000000,0.000000,28.392471,28.681698,28.247856,28.537085,30.666760,32.783372,33.505469,32.771738,29.483708,30.740300,-1.256593,-1.091526,-0.165066,33.420645,30.666760,34.192021,27.141499,0.197941,0.949206,0.033262,0.011966,-0.014975,-0.096183,-0.173821,-0.190069,0.087463,0.410345,-0.236555,-0.236555,0.091440,1100760.000000,37639360.000000,-0.214698
2018-09-21,29.600000,30.049999,29.500000,29.950001,1896000,0.000000,0.000000,28.537082,28.970921,28.440672,28.874514,30.510095,32.689285,33.478630,32.776710,29.389986,30.602094,-1.212108,-1.115643,-0.096466,36.544603,30.510095,34.062805,26.957385,0.269812,0.919281,0.031837,0.011824,-0.021242,-0.096530,-0.151045,-0.161062,0.094342,0.410147,-0.227528,-0.227528,0.104345,1160420.000000,56785201.896000,-0.189281
2018-09-24,29.900000,30.549999,29.450001,30.200001,1015400,0.000000,0.000000,28.826309,29.452968,28.392470,29.115538,30.351020,32.597131,33.454202,32.782648,29.347763,30.491979,-1.144216,-1.121357,-0.022859,38.755140,30.351020,33.851362,26.850679,0.323520,0.929368,0.031920,0.008347,0.011725,-0.090362,-0.121595,-0.193432,0.093571,0.412088,-0.221080,-0.221080,0.113563,1186230.000000,30665081.015400,-0.182833
2018-09-25,30.200001,30.400000,29.400000,29.450001,961600,0.000000,0.000000,29.115541,29.308358,28.344268,28.392473,30.129280,32.484744,33.423505,32.778982,29.200795,30.336460,-1.135665,-1.124219,-0.011446,34.834634,30.129280,33.529574,26.728985,0.244609,0.931848,0.032820,-0.024834,-0.001695,-0.120895,-0.152025,-0.163400,0.081953,0.415106,-0.240424,-0.240424,0.085909,1173710.000000,28319120.961600,-0.210986
2018-09-26,29.299999,29.650000,28.950001,28.950001,1087300,0.000000,0.000000,28.247859,28.585291,27.910429,27.910429,29.881028,32.340586,33.380290,32.777218,29.002277,30.156754,-1.154476,-1.130270,-0.024206,32.475954,29.881028,33.159944,26.602111,0.199505,0.913492,0.032729,-0.016978,-0.010256,-0.149779,-0.139213,-0.147457,0.067472,0.408674,-0.253320,-0.253320,0.029819,1191970.000000,31477336.087300,-0.212455
2018-09-27,29.100000,29.750000,28.600000,28.700001,1390000,0.000000,0.000000,28.055041,28.681700,27.572996,27.669405,29.623134,32.166592,33.329566,32.772572,28.797220,29.972506,-1.175286,-1.139273,-0.036012,31.333536,29.623134,32.733366,26.512902,0.185919,0.927435,0.033518,-0.008636,-0.030405,-0.158357,-0.152930,-0.171820,0.020926,0.407417,-0.259768,-0.259768,0.019128,1223890.000000,39893001.390000,-0.224667
2018-09-28,28.650000,29.379999,28.520000,28.950001,1285200,0.000000,0.000000,27.621201,28.324986,27.495870,27.910429,29.391752,31.995494,33.271920,32.770568,28.660791,29.819759,-1.158969,-1.143212,-0.015756,33.839900,29.391752,32.268705,26.514799,0.242554,0.920413,0.032977,0.008711,-0.033389,-0.149779,-0.144292,-0.130890,0.028006,0.410937,-0.253320,-0.253320,0.022605,1250935.000000,37206541.285200,-0.215667
2018-10-01,30.000000,30.000000,28.990000,29.240000,949900,0.000000,0.000000,28.922723,28.922723,27.948991,28.190014,29.167119,31.830949,33.212739,32.770202,28.588363,29.699037,-1.110674,-1.136705,0.026031,36.725058,29.167119,31.634585,26.699652,0.302002,0.926976,0.032883,0.010017,-0.031788,-0.133630,-0.149518,-0.142688,0.022108,0.415257,-0.245840,-0.245840,0.032849,1254650.000000,27775076.000000,-0.211573
2018-10-02,29.070000,29.600000,28.900000,28.910000,660100,0.000000,0.000000,28.026113,28.537082,27.862217,27.871859,28.965141,31.659080,33.144604,32.765850,28.478132,29.563691,-1.085559,-1.126476,0.040917,34.861964,28.965141,31.129470,26.800812,0.247432,0.908968,0.032612,-0.011286,-0.018336,-0.147198,-0.149238,-0.166957,-0.003247,0.413619,-0.254352,-0.254352,0.021192,1243030.000000,19083491.000000,-0.215465
2018-10-03,29.120001,29.360001,28.549999,29.110001,643400,0.000000,0.000000,28.074321,28.305703,27.524788,28.064680,28.772805,31.497802,33.082727,32.756473,28.414524,29.452653,-1.038129,-1.108806,0.070677,36.949626,28.772805,30.467439,27.078170,0.291069,0.899821,0.032062,0.006918,0.005527,-0.120544,-0.168979,-0.157568,0.005367,0.411899,-0.249193,-0.249193,0.028257,1235110.000000,18729374.643400,-0.226800
2018-10-04,28.870001,29.030001,27.910000,28.200001,1168200,0.000000,0.000000,27.833300,27.987554,26.907772,27.187359,28.667719,31.316091,33.007747,32.741752,28.225729,29.284853,-1.059124,-1.098870,0.039746,31.934572,28.667719,30.483860,26.851579,0.092443,0.918184,0.033772,-0.031261,-0.017422,-0.148036,-0.189182,-0.159686,-0.024391,0.420529,-0.272664,-0.272664,0.000000,1197540.000000,32943241.168200,-0.214040
2018-10-05,28.150000,28.280001,27.440001,28.030001,1544000,0.000000,0.000000,27.139158,27.264491,26.454654,27.023468,28.505270,31.159005,32.933053,32.728368,28.040766,29.117343,-1.076577,-1.094411,0.017834,31.085767,28.505270,30.298112,26.712428,0.086745,0.910445,0.033691,-0.006028,-0.031779,-0.077353,-0.209939,-0.186478,-0.013348,0.320407,-0.277048,-0.277048,0.000000,1200450.000000,43278321.544000,-0.214097
2018-10-08,27.770000,28.059999,27.170000,27.500000,920300,0.000000,0.000000,26.772798,27.052383,26.194343,26.512493,28.307631,31.011904,32.846994,32.712189,27.805647,28.924392,-1.118744,-1.099278,-0.019466,28.538859,28.307631,30.061796,26.553466,-0.011679,0.906702,0.034199,-0.018909,-0.059508,-0.124204,-0.221594,-0.231833,-0.042036,0.294123,-0.290718,-0.290718,0.000000,1198890.000000,25308250.000000,-0.218597
2018-10-09,27.490000,27.580000,27.010000,27.139999,975900,0.000000,0.000000,26.502847,26.589615,26.040084,26.165415,28.097459,30.867483,32.754098,32.696190,27.553304,28.720023,-1.166719,-1.112766,-0.053953,26.925163,28.097459,29.818730,26.376188,-0.061226,0.881190,0.033678,-0.013091,-0.061225,-0.141139,-0.196607,-0.243992,-0.051299,0.291417,-0.300004,-0.300004,0.000000,1183725.000000,26485925.024100,-0.199382
2018-10-10,26.780001,27.370001,26.280001,26.580000,1666300,0.000000,0.000000,25.818343,26.387157,25.336298,25.625525,27.947061,30.702238,32.681299,32.676535,27.256722,28.490801,-1.234078,-1.137029,-0.097050,24.595447,27.947061,29.970289,25.923832,-0.073721,0.893309,0.034860,-0.020634,-0.086912,-0.156191,-0.236856,-0.274681,-0.061111,0.294742,-0.314447,-0.314447,0.000000,1130295.000000,44290254.000000,-0.185492
2018-10-11,26.459999,27.000000,25.730000,25.740000,1356400,0.000000,0.000000,25.509838,26.030447,24.806052,24.815693,27.739299,30.518868,32.594629,32.654985,26.881179,28.218571,-1.337391,-1.177101,-0.160290,21.579276,27.739299,30.138324,25.340274,-0.109332,0.916958,0.036951,-0.031603,-0.087234,-0.133333,-0.264136,-0.297603,-0.104891,0.250995,-0.336112,-0.336112,0.000000,1119930.000000,34913736.000000,-0.200640
2018-10-12,26.540001,27.049999,25.969999,26.370001,1368800,0.000000,0.000000,25.586966,26.078651,25.037433,25.423071,27.535394,30.335112,32.513552,32.635275,26.656855,28.011497,-1.354642,-1.212609,-0.142032,28.646743,27.535394,29.996330,25.074459,0.070829,0.941672,0.037040,0.024476,-0.059222,-0.122463,-0.252523,-0.282361,-0.092372,0.266146,-0.319863,-0.319863,0.024476,1152630.000000,36095257.368800,-0.212959
2018-10-15,26.200001,26.610001,25.860001,26.320000,1046500,0.000000,0.000000,25.259179,25.654456,24.931388,25.374868,27.365233,30.148464,32.430550,32.614606,26.459626,27.816191,-1.356564,-1.241400,-0.115164,28.427777,27.365233,29.932697,24.797768,0.112387,0.926058,0.036495,-0.001896,-0.042909,-0.139869,-0.277446,-0.298921,-0.104787,0.251645,-0.321153,-0.321153,0.022533,1171740.000000,27543880.000000,-0.223421
2018-10-16,26.740000,27.730000,26.400000,27.700001,1141600,0.000000,0.000000,25.779787,26.734236,25.451996,26.705315,27.278464,29.977820,32.361814,32.602265,26.497425,27.733904,-1.236479,-1.240416,0.003937,41.678439,27.278464,29.809940,24.746989,0.386795,0.957008,0.035836,0.052432,0.020634,-0.072027,-0.265714,-0.251239,-0.067287,0.316972,-0.285560,-0.285560,0.076146,1192980.000000,31622321.141600,-0.239112
2018-10-17,27.980000,28.340000,27.500000,27.980000,1726400,0.000000,0.000000,26.975256,27.322329,26.512493,26.975256,27.217244,29.818360,32.297702,32.585525,26.570937,27.677708,-1.106770,-1.213687,0.106916,43.945983,27.217244,29.713900,24.720589,0.451537,0.946496,0.035088,0.010108,0.052671,-0.051525,-0.260249,-0.189101,-0.057859,0.318734,-0.278338,-0.278338,0.087024,1203745.000000,48304672.000000,-0.236915
2018-10-18,27.650000,27.650000,26.980000,27.120001,1783600,0.000000,0.000000,26.657104,26.657104,26.011163,26.146137,27.097697,29.638461,32.222893,32.564401,26.505583,27.564258,-1.058675,-1.182684,0.124010,38.938306,27.097697,29.556948,24.638446,0.306535,0.947753,0.036248,-0.030736,0.053613,-0.072821,-0.282039,-0.193066,-0.103284,0.333149,-0.300519,-0.300519,0.053613,1229345.000000,48371233.783600,-0.239194
2018-10-19,27.010000,27.559999,26.370001,26.670000,836800,0.000000,0.000000,26.040085,26.570334,25.423067,25.712294,26.939586,29.456634,32.139898,32.538472,26.383539,27.427075,-1.043537,-1.154855,0.111318,36.588855,26.939586,29.323297,24.555875,0.242567,0.962004,0.037414,-0.016593,0.011376,-0.098987,-0.294884,-0.201725,-0.109403,0.331252,-0.312126,-0.312126,0.036130,1176385.000000,22317456.000000,-0.244788
2018-10-22,26.840000,27.010000,26.450001,26.770000,864000,0.000000,0.000000,25.876196,26.040092,25.500201,25.808710,26.774245,29.301801,32.060272,32.510631,26.295104,27.307196,-1.012093,-1.126303,0.114210,37.491525,26.774245,28.974112,24.574377,0.280547,0.931853,0.036106,0.003750,0.017097,-0.106177,-0.285643,-0.191502,-0.104581,0.327320,-0.309546,-0.309546,0.040016,1168815.000000,23129280.000000,-0.238180
2018-10-23,25.990000,27.040001,25.500000,26.820000,1464200,0.000000,0.000000,25.056714,26.069010,24.584310,25.856909,26.647466,29.145040,31.971987,32.479916,26.227689,27.199768,-0.972079,-1.095458,0.123379,37.966927,26.647466,28.744513,24.550420,0.311507,0.971342,0.037566,0.001868,-0.031769,-0.111921,-0.287157,-0.191208,-0.102908,0.324718,-0.308257,-0.308257,0.041958,1193945.000000,39269844.000000,-0.224791
2018-10-24,26.469999,26.469999,24.709999,24.750000,1535100,0.000000,0.000000,25.519484,25.519484,23.822684,23.861248,26.445007,28.946437,31.857011,32.443056,25.863621,26.952470,-1.088849,-1.094136,0.005287,28.352116,26.445007,28.795226,24.094788,-0.049685,1.047262,0.043890,-0.077181,-0.115439,-0.159592,-0.315861,-0.255867,-0.177602,0.404858,-0.361646,-0.361646,0.000000,1216335.000000,37993725.000000,-0.221138
2018-10-25,23.389999,26.410000,23.389999,25.370001,2020200,0.000000,0.000000,22.550081,25.461636,22.550081,24.458982,26.284486,28.784855,31.743202,32.410382,25.647523,26.767767,-1.120244,-1.099358,-0.020887,33.762696,26.284486,28.719605,23.849367,0.125171,1.180426,0.048261,0.025050,-0.064528,-0.123662,-0.277804,-0.218507,-0.149999,0.418957,-0.345655,-0.345655,0.025050,1247845.000000,51252476.020200,-0.223641
2018-10-26,24.459999,25.209999,24.139999,24.840000,1803100,0.000000,0.000000,23.581650,24.304718,23.273142,23.948006,26.086365,28.617875,31.619472,32.374434,25.386059,26.558896,-1.172837,-1.114054,-0.058784,31.568046,26.086365,28.607726,23.565005,0.075951,1.180813,0.049307,-0.020891,-0.068617,-0.134495,-0.282703,-0.225328,-0.217171,0.422093,-0.359325,-0.359325,0.003636,1273740.000000,44789004.000000,-0.222049
2018-10-29,25.200001,26.280001,25.200001,25.520000,2315200,0.000000,0.000000,24.295089,25.336307,24.295089,24.603598,25.907044,28.485216,31.502298,32.341764,25.265680,26.414059,-1.148379,-1.120919,-0.027460,37.207700,25.907044,28.305602,23.508487,0.228285,1.195633,0.048596,0.027376,-0.046694,-0.118480,-0.273969,-0.220378,-0.203211,0.435320,-0.341786,-0.341786,0.031111,1342005.000000,59083904.000000,-0.192958
2018-10-30,25.360001,26.740000,25.309999,26.719999,1945500,0.070000,0.000000,24.516591,25.850695,24.468253,25.831360,25.805019,28.378076,31.395958,32.316192,25.352708,26.370896,-1.018188,-1.100373,0.082184,46.156981,25.805019,28.018099,23.591940,0.505951,1.208977,0.046803,0.049902,-0.000988,-0.083670,-0.239901,-0.181474,-0.158237,0.473618,-0.308940,-0.308940,0.082565,1406275.000000,51983758.054500,-0.169106
2018-10-31,27.139999,27.299999,26.280001,26.540001,1681900,0.000000,0.000000,26.237391,26.392069,25.405993,25.657347,25.684653,28.259744,31.285954,32.284240,25.399575,26.318041,-0.918465,-1.063991,0.145526,45.174272,25.684653,27.625361,23.743945,0.492965,1.193055,0.046500,-0.006737,0.075273,-0.079453,-0.258691,-0.184502,-0.182289,0.472965,-0.313596,-0.313596,0.075273,1458200.000000,44637627.681900,-0.195022
2018-11-01,26.570000,28.190001,26.490000,28.150000,1444900,0.000000,0.000000,25.686346,27.252469,25.609006,27.213799,25.685975,28.164828,31.184299,32.257675,25.678687,26.384393,-0.705706,-0.992334,0.286628,54.504547,25.685975,27.631024,23.740926,0.892747,1.225227,0.045022,0.060663,0.112630,-0.030319,-0.215905,-0.155687,-0.101973,0.521996,-0.271956,-0.271956,0.140502,1472035.000000,40673935.000000,-0.167524
2018-11-02,28.200001,28.459999,27.650000,28.309999,1075700,0.000000,0.000000,27.262138,27.513490,26.730429,27.368479,25.703225,28.072041,31.085633,32.229010,25.938655,26.457288,-0.518634,-0.897594,0.378960,55.318355,25.703225,27.703555,23.702896,0.916245,1.193644,0.043614,0.005684,0.142829,0.006662,-0.223314,-0.164113,-0.101697,0.510528,-0.267818,-0.267818,0.146984,1448620.000000,30453065.924300,-0.159356
2018-11-05,28.100000,28.190001,26.910000,27.299999,1321200,0.000000,0.000000,27.165460,27.252467,26.015036,26.392065,25.697204,27.953942,30.975760,32.195318,26.008410,26.452457,-0.444047,-0.806885,0.362838,49.320866,25.697204,27.687978,23.706429,0.674520,1.205058,0.045660,-0.035677,0.072691,-0.023365,-0.244825,-0.216273,-0.149787,0.525639,-0.293940,-0.293940,0.106064,1468665.000000,36068758.678800,-0.174450
2018-11-06,27.190001,27.590000,27.120001,27.360001,1041100,0.000000,0.000000,26.285727,26.672424,26.218055,26.450073,25.711437,27.826398,30.871951,32.159905,26.076358,26.452280,-0.375922,-0.720692,0.344770,49.669979,25.711437,27.720294,23.702580,0.683845,1.151438,0.043532,0.002198,0.023952,-0.002354,-0.247318,-0.224522,-0.158309,0.521445,-0.292388,-0.292388,0.108495,1471925.000000,28484497.041100,-0.182365
2018-11-07,27.700001,28.000000,27.270000,27.820000,966200,0.000000,0.000000,26.778764,27.068785,26.363064,26.894772,25.774899,27.706784,30.781538,32.128392,26.202268,26.485058,-0.282790,-0.633112,0.350322,52.378326,25.774899,27.851384,23.698414,0.769656,1.119601,0.041629,0.016813,0.048229,0.027875,-0.227243,-0.224607,-0.137585,0.521983,-0.280491,-0.280491,0.127132,1436920.000000,26879684.000000,-0.186564
2018-11-08,27.639999,28.090000,27.590000,27.690001,570400,0.000000,0.000000,26.720756,27.155791,26.672420,26.769094,25.872569,27.585620,30.697083,32.099125,26.289472,26.506097,-0.216625,-0.549814,0.333189,51.534308,25.872569,27.942838,23.802300,0.716524,1.074156,0.040127,-0.004673,-0.016341,0.044626,-0.202122,-0.218475,-0.140295,0.516226,-0.283854,-0.283854,0.121865,1397620.000000,15794376.570400,-0.162802
2018-11-09,27.320000,27.530001,26.570000,26.770000,1185900,0.000000,0.000000,26.411398,26.614414,25.686341,25.879690,25.895400,27.452452,30.607583,32.063255,26.226429,26.459697,-0.233268,-0.486505,0.253237,45.897730,25.895400,27.954840,23.835960,0.496186,1.074770,0.041529,-0.033225,-0.054398,0.042876,-0.231942,-0.253873,-0.136994,0.517609,-0.307648,-0.307648,0.084591,1388475.000000,31746543.000000,-0.179151
2018-11-12,26.520000,26.520000,25.469999,25.730000,1188700,0.000000,0.000000,25.638004,25.638004,24.622924,24.874277,25.870371,27.296284,30.510916,32.024753,26.018405,26.342258,-0.323853,-0.453975,0.130122,40.504461,25.870371,27.968257,23.772484,0.262596,1.087770,0.043731,-0.038849,-0.057509,-0.021586,-0.263887,-0.278859,-0.178396,0.530082,-0.334545,-0.334545,0.042455,1395585.000000,30585251.000000,-0.178760
2018-11-13,25.950001,26.790001,25.950001,26.230000,962400,0.000000,0.000000,25.086968,25.899032,25.086968,25.357655,25.802988,27.165209,30.424374,31.991452,25.916751,26.269325,-0.352573,-0.433694,0.081121,43.916567,25.802988,27.874361,23.731614,0.392503,1.083269,0.042720,0.019433,-0.041301,-0.000678,-0.220677,-0.277937,-0.165072,0.534508,-0.321613,-0.321613,0.062713,1386625.000000,25243752.000000,-0.146939
2018-11-14,26.650000,26.840000,26.030001,26.280001,1041500,0.000000,0.000000,25.763680,25.947362,25.164301,25.405987,25.724524,27.035101,30.346974,31.962233,25.838172,26.205374,-0.367201,-0.420396,0.053194,44.260783,25.724524,27.726657,23.722391,0.420451,1.061825,0.041794,0.001906,-0.055356,-0.048654,-0.213365,-0.283432,-0.143209,0.500224,-0.320320,-0.320320,0.064738,1352380.000000,27370621.041500,-0.127522
2018-11-15,26.120001,27.459999,26.040001,27.389999,777700,0.000000,0.000000,25.251313,26.546746,25.173974,26.479074,25.741171,26.978901,30.276939,31.936220,25.936773,26.225648,-0.288875,-0.394092,0.105216,51.393804,25.741171,27.763499,23.718843,0.682439,1.084036,0.040939,0.042238,-0.010834,-0.018394,-0.152305,-0.195297,-0.101213,0.521853,-0.291612,-0.291612,0.109710,1302085.000000,21301202.222300,-0.081005
2018-11-16,26.590000,27.320000,26.240000,27.280001,1019600,0.000000,0.000000,25.705678,26.411399,25.367317,26.372730,25.774193,26.900906,30.216423,31.912795,26.003843,26.236543,-0.232700,-0.361813,0.129113,50.701343,25.774193,27.816010,23.732376,0.646570,1.086016,0.041179,-0.004016,0.019051,0.008666,-0.154404,-0.212347,-0.124747,0.510342,-0.294457,-0.294457,0.105254,1311225.000000,27814689.019600,-0.081122
2018-11-19,27.139999,27.379999,26.190001,26.219999,997000,0.000000,0.000000,26.237383,26.469401,25.318979,25.347980,25.751156,26.798561,30.143254,31.891206,25.902941,26.170723,-0.267782,-0.343007,0.075225,44.481831,25.751156,27.801711,23.700602,0.401691,1.090616,0.043026,-0.038856,0.019044,-0.014169,-0.197188,-0.244039,-0.153372,0.525561,-0.321872,-0.321872,0.062307,1317875.000000,26141339.003000,-0.091491
2018-11-20,26.000000,27.549999,25.629999,27.260000,1567400,0.000000,0.000000,25.135302,26.633752,24.777606,26.353397,25.775981,26.718251,30.080620,31.866244,25.972242,26.184255,-0.212013,-0.316808,0.104795,50.852062,25.775981,27.843874,23.708088,0.639615,1.145297,0.043459,0.039665,0.039268,0.021105,-0.175415,-0.217422,-0.132286,0.543347,-0.294975,-0.294975,0.104443,1323035.000000,42727324.000000,-0.051157
2018-11-21,27.549999,27.760000,27.270000,27.280001,600900,0.000000,0.000000,26.633749,26.836766,26.363063,26.372730,25.901555,26.673036,30.012888,31.846419,26.033855,26.198216,-0.164360,-0.286319,0.121958,50.968563,25.901555,27.775835,24.027275,0.625695,1.098016,0.041635,0.000734,0.038052,0.019949,-0.176053,-0.214604,-0.155622,0.543353,-0.294457,-0.294457,0.105254,1276325.000000,16392552.600900,-0.061030
2018-11-23,26.920000,27.969999,26.920000,27.500000,426400,0.000000,0.000000,26.024708,27.039787,26.024708,26.585419,26.007877,26.625326,29.951132,31.837018,26.118711,26.226898,-0.108186,-0.250692,0.142506,52.307943,26.007877,27.775835,24.239918,0.663336,1.092092,0.041079,0.008065,0.004016,0.114167,-0.176846,-0.203707,-0.131496,0.461960,-0.288767,-0.288767,0.114167,1196635.000000,11726000.000000,-0.050116
2018-11-26,27.879999,28.320000,27.530001,28.270000,1037100,0.000000,0.000000,26.952775,27.378142,26.614416,27.329805,26.176967,26.581899,29.886717,31.825819,26.305033,26.308594,-0.003561,-0.201266,0.197705,56.759923,26.176967,27.751739,24.602194,0.866033,1.070709,0.039177,0.028000,0.036290,0.117373,-0.167467,-0.187266,-0.114110,0.463638,-0.268853,-0.268853,0.145364,1158335.000000,29318817.000000,-0.050722
2018-11-27,27.920000,28.290001,27.770000,27.830000,779200,0.000000,0.000000,26.991447,27.349142,26.846436,26.904440,26.292009,26.544426,29.820453,31.811053,26.397250,26.352731,0.044519,-0.152109,0.196628,53.676456,26.292009,27.711319,24.872699,0.715750,1.030137,0.038289,-0.015564,0.061404,0.123452,-0.181626,-0.208969,-0.125181,0.460142,-0.280233,-0.280233,0.127537,1081535.000000,21685136.000000,-0.063651
2018-11-28,28.049999,29.180000,27.709999,29.139999,1108700,0.000000,0.000000,27.117124,28.209544,26.788432,28.170874,26.408984,26.539030,29.760119,31.802379,26.670115,26.487408,0.182707,-0.085146,0.267853,60.548238,26.408984,28.038506,24.779463,1.040616,1.058064,0.037559,0.047072,0.068966,0.144990,-0.141846,-0.165834,-0.085426,0.476463,-0.246352,-0.246352,0.180612,1039695.000000,32307516.891300,-0.040966
2018-11-29,28.930000,29.330000,28.700001,28.940001,838400,0.000000,0.000000,27.967854,28.354551,27.745504,27.977522,26.524993,26.534587,29.699295,31.787218,26.871255,26.597787,0.273467,-0.013423,0.286891,59.106606,26.524993,28.256379,24.793607,0.919470,1.025991,0.036672,-0.006864,0.060850,0.083084,-0.140160,-0.193391,-0.020076,0.451843,-0.251525,-0.251525,0.172509,997520.000000,24263296.838400,-0.039364
2018-11-30,28.799999,29.480000,28.600000,29.400000,1076900,0.000000,0.000000,27.842184,28.499569,27.648836,28.422230,26.585415,26.532290,29.657831,31.770440,27.109866,26.732931,0.376935,0.064648,0.312287,61.383965,26.585415,28.493354,24.677476,0.981361,1.013473,0.035658,0.015895,0.069091,0.107762,-0.130358,-0.196178,-0.020928,0.451748,-0.239628,-0.239628,0.191146,979120.000000,31660860.000000,-0.034298
2018-12-03,29.950001,30.420000,29.770000,30.290001,963900,0.000000,0.000000,28.953935,29.408303,28.779921,29.282627,26.681122,26.540452,29.614868,31.758204,27.444137,26.921797,0.522340,0.156187,0.366153,65.398887,26.681122,28.918116,24.444129,1.081474,1.011516,0.034543,0.030272,0.071454,0.076021,-0.082377,-0.182961,0.022206,0.415615,-0.216610,-0.216610,0.227204,973530.000000,29196531.963900,-0.002076
2018-12-04,30.000000,30.070000,28.480000,28.549999,1704000,0.000000,0.000000,29.002272,29.069943,27.532823,27.600494,26.741543,26.510151,29.553641,31.734677,27.468192,26.972071,0.496121,0.224174,0.271947,53.653805,26.741543,29.010712,24.472375,0.689266,1.064251,0.038559,-0.057445,0.025871,0.008477,-0.135090,-0.240095,0.000285,0.466471,-0.261611,-0.261611,0.156708,992670.000000,48649198.296000,-0.030434
2018-12-06,27.930000,28.170000,27.450001,27.860001,1190000,0.000000,0.000000,27.001119,27.233137,26.537083,26.933447,26.765712,26.480971,29.482857,31.711896,27.385924,26.969210,0.416713,0.262681,0.154032,49.831949,26.765712,29.032104,24.499320,0.537005,1.064191,0.039512,-0.024168,-0.043926,0.020513,-0.080427,-0.258461,-0.033953,0.456729,-0.279457,-0.279457,0.128753,1000115.000000,33153401.190000,0.012278
2018-12-07,27.809999,27.990000,26.650000,26.700001,837400,0.000000,0.000000,26.885102,27.059116,25.763681,25.812019,26.711575,26.439002,29.389794,31.682547,27.143784,26.883492,0.260292,0.262204,-0.001912,44.139480,26.711575,29.016388,24.406761,0.304853,1.080708,0.041868,-0.041637,-0.077402,-0.024123,-0.147343,-0.292149,-0.075764,0.480352,-0.309458,-0.309458,0.081755,993675.000000,22358580.837400,-0.029243
2018-12-10,26.680000,27.030001,26.340000,26.719999,835100,0.000000,0.000000,25.792691,26.131051,25.463999,25.831360,26.664688,26.402242,29.284417,31.649695,26.941873,26.805557,0.136316,0.237026,-0.100710,44.257748,26.664688,29.002491,24.326885,0.321771,1.051161,0.040693,0.000749,-0.091156,-0.039540,-0.152105,-0.295337,-0.113103,0.476167,-0.308940,-0.308940,0.082565,1006910.000000,22313871.164900,-0.038068
2018-12-11,27.129999,27.360001,25.910000,26.209999,1185300,0.000000,0.000000,26.227721,26.450073,25.048296,25.338318,26.637619,26.350799,29.173147,31.611497,26.695172,26.696872,-0.001700,0.189281,-0.190981,41.826625,26.637619,29.025689,24.249549,0.227960,1.076205,0.042473,-0.019087,-0.134698,-0.053449,-0.165648,-0.322131,-0.103490,0.479984,-0.322131,-0.322131,0.061902,1006880.000000,31066711.814700,-0.047662
2018-12-12,26.700001,27.309999,26.270000,26.750000,928200,0.000000,0.000000,25.812023,26.401734,25.396323,25.860359,26.686923,26.304206,29.067578,31.579030,26.566739,26.634908,-0.068169,0.137791,-0.205960,45.255589,26.686923,28.959636,24.414211,0.318155,1.075292,0.041581,0.020603,-0.063047,-0.000747,-0.096849,-0.305483,-0.095748,0.472267,-0.308165,-0.308165,0.083781,993855.000000,24829350.000000,0.010756
2018-12-13,26.950001,27.100000,26.520000,26.639999,721300,0.000000,0.000000,26.053708,26.198719,25.638009,25.754017,26.706741,26.261849,28.960465,31.548431,26.441705,26.569657,-0.127952,0.084642,-0.212594,44.677870,26.706741,28.937168,24.476315,0.286426,1.038536,0.040325,-0.004112,-0.043791,0.035367,-0.111039,-0.311010,-0.090324,0.450743,-0.311010,-0.311010,0.079324,981800.000000,19215431.278700,0.006682
2018-12-14,26.469999,27.040001,25.969999,26.000000,834600,0.000000,0.000000,25.589676,26.140720,25.106304,25.135307,26.693207,26.203262,28.850532,31.515458,26.240721,26.463409,-0.222688,0.023176,-0.245864,41.368957,26.693207,28.959858,24.426557,0.156343,1.038242,0.041306,-0.024024,-0.026217,-0.008768,-0.147989,-0.317549,-0.110673,0.454737,-0.327562,-0.327562,0.053394,971455.000000,21699600.000000,-0.010739
2018-12-17,25.950001,26.610001,25.700001,25.760000,810200,0.000000,0.000000,25.086966,25.725015,24.845280,24.903284,26.614418,26.157580,28.736836,31.478446,26.034961,26.347844,-0.312883,-0.044036,-0.268847,40.167533,26.614418,29.017833,24.211003,0.144020,1.026920,0.041236,-0.009231,-0.035928,-0.019787,-0.134645,-0.307013,-0.133568,0.455776,-0.333769,-0.333769,0.043671,973080.000000,20870752.000000,0.009997
2018-12-18,26.030001,26.860001,25.889999,25.969999,1204500,0.000000,0.000000,25.164304,25.966700,25.028959,25.106298,26.551096,26.119237,28.639121,31.440768,25.892090,26.255878,-0.363788,-0.107986,-0.255802,41.761259,26.551096,29.046301,24.055891,0.210485,1.029527,0.041007,0.008152,-0.009157,-0.051844,-0.117240,-0.287047,-0.161444,0.430017,-0.328338,-0.328338,0.052179,982325.000000,31280863.795500,0.030094
2018-12-19,25.920000,26.490000,24.889999,25.090000,1510200,0.000000,0.000000,25.057956,25.608999,24.062211,24.255560,26.496475,26.074098,28.543001,31.393316,25.640316,26.107706,-0.467390,-0.179867,-0.287523,37.279934,26.496475,29.145648,23.847302,0.077054,1.066474,0.043968,-0.033885,-0.062056,-0.080279,-0.139863,-0.303595,-0.195011,0.443849,-0.351097,-0.351097,0.016525,1007985.000000,37890918.000000,0.025320
2018-12-20,25.080000,25.740000,24.959999,25.410000,1360300,0.000000,0.000000,24.245901,24.883951,24.129891,24.564926,26.407052,26.042089,28.454786,31.345251,25.474872,25.993426,-0.518555,-0.247604,-0.270950,39.809367,26.407052,29.193732,23.620371,0.169477,1.044159,0.042506,0.012754,-0.046171,-0.030892,-0.139193,-0.288819,-0.172910,0.427921,-0.342821,-0.342821,0.029490,997630.000000,34565223.000000,0.047625
2018-12-21,25.610001,25.820000,24.930000,25.000000,2220600,0.000000,0.000000,24.758272,24.961287,24.100886,24.168558,26.296843,26.012949,28.357594,31.294004,25.273900,25.858251,-0.584350,-0.314954,-0.269397,37.710936,26.296843,29.258112,23.335574,0.140646,1.031033,0.042660,-0.016136,-0.038462,-0.082905,-0.162980,-0.289408,-0.187565,0.403849,-0.353425,-0.353425,0.012879,1078615.000000,55515000.000000,0.044104
2018-12-24,24.709999,25.340000,24.430000,24.440001,1087500,0.000000,0.000000,23.888205,24.497254,23.617518,23.627186,26.148932,25.989179,28.254024,31.236690,25.020560,25.692987,-0.672427,-0.386448,-0.285979,34.997449,26.148932,29.336392,22.961471,0.104427,1.020226,0.043180,-0.022400,-0.051242,-0.104105,-0.188503,-0.287177,-0.195398,0.408499,-0.367908,-0.367908,0.000000,1111670.000000,26578501.087500,0.036729
2018-12-26,24.700001,26.030001,24.510000,26.000000,918300,0.000000,0.000000,23.878543,25.164310,23.694861,25.135307,26.039207,25.983424,28.159268,31.187637,25.038213,25.651677,-0.613464,-0.431851,-0.181613,46.538090,26.039207,29.206530,22.871883,0.357309,1.057147,0.042058,0.063830,0.001155,-0.054545,-0.114719,-0.249304,-0.149590,0.471608,-0.327562,-0.327562,0.063830,1105730.000000,23875800.000000,0.066750
2018-12-27,25.440001,26.709999,25.440001,26.700001,1429900,0.000000,0.000000,24.593924,25.821685,24.593924,25.812019,25.984586,25.992167,28.070316,31.144127,25.157260,25.663554,-0.506294,-0.446740,-0.059554,50.762337,25.984586,29.126661,22.842510,0.472539,1.069334,0.041428,0.026923,0.064169,-0.055536,-0.075184,-0.203930,-0.113767,0.470751,-0.309458,-0.309458,0.092471,1138265.000000,38178331.429900,0.101389
2018-12-28,26.740000,28.250000,26.740000,27.469999,1542600,0.000000,0.000000,25.850694,27.310475,25.850694,26.556416,25.903863,25.989189,27.983505,31.103380,25.372515,25.729692,-0.357177,-0.428827,0.071650,54.976662,25.903863,28.888449,22.919276,0.609321,1.099986,0.041421,0.028839,0.081070,-0.012936,-0.040225,-0.187003,-0.095646,0.480026,-0.289543,-0.289543,0.123977,1159960.000000,42375220.457400,0.141006
2018-12-31,27.820000,28.110001,27.440001,27.900000,1038400,0.000000,0.000000,26.894771,27.175128,26.527410,26.972111,25.853592,25.989126,27.903743,31.064710,25.618607,25.821723,-0.203117,-0.383685,0.180569,57.180728,25.853592,28.722753,22.984432,0.694921,1.067681,0.039585,0.015653,0.116000,-0.042553,-0.033619,-0.173059,-0.085964,0.452608,-0.278422,-0.278422,0.141571,1169960.000000,28971360.000000,0.141749
2019-01-02,27.780001,30.459999,27.570000,29.639999,6411400,0.000000,0.000000,26.856106,29.446974,26.653089,28.654245,25.865193,26.039288,27.838875,31.034692,26.085628,26.031540,0.054088,-0.296131,0.350219,64.709373,25.865193,28.779602,22.950784,0.978494,1.190981,0.041564,0.062366,0.212766,0.024188,0.016468,-0.135512,-0.017797,0.503316,-0.233421,-0.233421,0.212766,1436685.000000,190033889.588600,0.187092
2019-01-03,28.980000,29.230000,27.389999,27.430000,1382400,0.000000,0.000000,28.016196,28.257882,26.479075,26.517746,25.726949,26.055397,27.756015,30.992071,26.152108,26.067555,0.084553,-0.219994,0.304547,52.164195,25.726949,28.185455,23.268443,0.660829,1.261280,0.047564,-0.074561,0.055000,-0.067007,-0.048584,-0.190571,-0.125495,0.564768,-0.290578,-0.290578,0.122340,1457610.000000,37919232.000000,0.143434
2019-01-04,28.030001,28.790001,27.660000,28.719999,909900,0.000000,0.000000,27.097781,27.832505,26.740085,27.764832,25.735166,26.094520,27.698160,30.956885,26.400219,26.193279,0.206940,-0.134607,0.341547,57.360559,25.735166,28.220984,23.249347,0.908249,1.265100,0.045565,0.047028,0.075655,-0.051833,-0.010684,-0.177857,-0.085813,0.579872,-0.257215,-0.257215,0.175122,1417905.000000,26132327.090100,0.149592
2019-01-07,28.790001,29.290001,28.510000,29.040001,1182300,0.000000,0.000000,27.832512,28.315883,27.561824,28.074198,25.792203,26.138865,27.641952,30.915566,26.657754,26.332606,0.325148,-0.042656,0.367804,58.563085,25.792203,28.440809,23.143598,0.930792,1.228597,0.043763,0.011142,0.057153,0.017163,0.032620,-0.162734,-0.091391,0.544692,-0.248938,-0.248938,0.188216,1417520.000000,34333993.182300,0.166643
2019-01-08,29.150000,29.180000,27.799999,27.969999,1228600,0.000000,0.000000,28.180540,28.209543,26.875437,27.039783,25.853592,26.202436,27.574437,30.874595,26.716528,26.384990,0.331538,0.032183,0.299355,53.164140,25.853592,28.560404,23.146779,0.719112,1.236134,0.045715,-0.036846,0.002509,0.003948,0.000604,-0.209462,-0.138230,0.553875,-0.276612,-0.276612,0.144435,1437080.000000,34363940.771400,0.115062
2019-01-09,28.280001,29.059999,28.280001,28.940001,1166800,0.000000,0.000000,27.339472,28.093530,27.339472,27.977522,25.960900,26.272807,27.528831,30.842393,26.910527,26.502955,0.407572,0.107261,0.300311,57.031438,25.960900,28.829339,23.092460,0.851519,1.223106,0.043717,0.034680,-0.023617,0.083895,0.055258,-0.178580,-0.125697,0.543247,-0.251525,-0.251525,0.184124,1453665.000000,33767193.166800,0.155940
2019-01-10,28.629999,29.139999,28.240000,29.090000,1023100,0.000000,0.000000,27.677841,28.170880,27.300812,28.122543,26.100111,26.356298,27.487086,30.802515,27.096991,26.622925,0.474066,0.180622,0.293445,57.614322,26.100111,29.108179,23.092043,0.836168,1.197889,0.042595,0.005183,0.060518,0.088698,0.074798,-0.136515,-0.099598,0.543088,-0.247645,-0.247645,0.190262,1445555.000000,29761979.000000,0.171974
2019-01-11,28.930000,29.680000,28.860001,29.260000,728100,0.000000,0.000000,27.967856,28.692912,27.900184,28.286880,26.221437,26.429963,27.457590,30.774260,27.280051,26.746181,0.533870,0.251271,0.282599,58.304575,26.221437,29.380728,23.062146,0.826884,1.168949,0.041325,0.005844,0.018802,0.116368,0.103856,-0.157599,-0.087338,0.536203,-0.243249,-0.243249,0.197217,1435550.000000,21304206.000000,0.164563
2019-01-14,28.950001,29.059999,28.430000,28.690001,966700,0.000000,0.000000,27.987193,28.093533,27.484487,27.735840,26.320528,26.468053,27.423065,30.749250,27.350172,26.819489,0.530684,0.307154,0.223530,55.066342,26.320528,29.541802,23.099254,0.719682,1.142766,0.041202,-0.019480,-0.012052,0.072523,0.117673,-0.177544,-0.109247,0.540224,-0.257990,-0.257990,0.173895,1447820.000000,27734623.966700,0.175408
2019-01-15,28.750000,28.959999,28.520000,28.700001,673400,0.000000,0.000000,27.793839,27.996854,27.571489,27.745502,26.451038,26.509816,27.384780,30.720928,27.410992,26.888082,0.522910,0.350305,0.172605,55.113417,26.451038,29.681616,23.220459,0.700346,1.091523,0.039341,0.000348,0.026099,0.077327,0.091351,-0.184240,-0.108937,0.539612,-0.257732,-0.257732,0.174304,1439760.000000,19326580.673400,0.154452
2019-01-16,28.680000,29.129999,28.610001,28.930000,965900,0.000000,0.000000,27.726168,28.161201,27.658496,27.967854,26.604266,26.524897,27.344862,30.700198,27.496663,26.968065,0.528598,0.385964,0.142634,56.249374,26.604266,29.816402,23.392130,0.712256,1.049465,0.037524,0.008014,-0.000346,0.112692,0.102187,-0.203611,-0.096234,0.529895,-0.251783,-0.251783,0.183715,1447545.000000,27943487.000000,0.155486
2019-01-17,28.639999,29.530001,28.500000,29.330000,1096700,0.000000,0.000000,27.687504,28.547906,27.552161,28.354557,26.766679,26.544619,27.308330,30.677562,27.628647,27.070768,0.557878,0.420347,0.137532,58.229253,26.766679,29.988372,23.544987,0.746435,1.045628,0.036877,0.013827,0.008250,0.138587,0.061757,-0.220367,-0.115239,0.527763,-0.241438,-0.241438,0.200082,1442155.000000,32166211.000000,0.135138
2019-01-18,29.370001,30.430000,29.370001,30.040001,1096300,0.000000,0.000000,28.393224,29.417970,28.393224,29.040941,27.005948,26.597596,27.275769,30.655477,27.845923,27.216707,0.629216,0.462120,0.167095,61.554855,27.005948,30.152316,23.859581,0.823388,1.046898,0.036049,0.024207,0.026658,0.156719,0.076577,-0.203601,-0.107167,0.531228,-0.223075,-0.223075,0.229132,1421460.000000,32932853.096300,0.140098
2019-01-22,29.780001,29.780001,29.129999,29.510000,1155700,0.000000,0.000000,28.789595,28.789595,28.161211,28.528574,27.204131,26.639166,27.232782,30.631551,27.950946,27.313883,0.637064,0.497109,0.139955,57.852173,27.204131,30.198775,24.209486,0.721135,1.034958,0.036278,-0.017643,0.028582,0.176166,0.091120,-0.216619,-0.138151,0.518105,-0.236783,-0.236783,0.207447,1411230.000000,34104707.000000,0.153214
2019-01-23,29.670000,29.830000,29.280001,29.580000,1109300,0.000000,0.000000,28.683242,28.837921,28.306213,28.596235,27.425515,26.673195,27.189990,30.612763,28.050221,27.408872,0.641350,0.525957,0.115393,58.209670,27.425515,30.114304,24.736725,0.717704,0.999011,0.034935,0.002372,0.030662,0.164108,0.112162,-0.215796,-0.136856,0.518220,-0.234973,-0.234973,0.210311,1355665.000000,32813094.000000,0.168983
2019-01-24,30.020000,31.570000,30.020000,30.910000,1518000,0.000000,0.000000,29.021606,30.520055,29.021606,29.882006,27.738256,26.735454,27.160537,30.596083,28.332034,27.592067,0.739968,0.568759,0.171208,64.390810,27.738256,29.985662,25.490850,0.976939,1.065069,0.035642,0.044963,0.068441,0.236400,0.157826,-0.172898,-0.108870,0.525871,-0.200575,-0.200575,0.264730,1377190.000000,46921380.000000,0.210737
2019-01-25,31.379999,31.700001,31.129999,31.320000,1499300,0.000000,0.000000,30.336383,30.645743,30.094698,30.278379,27.995409,26.823427,27.137940,30.574905,28.631472,27.791053,0.840419,0.623091,0.217328,66.057526,27.995409,30.164367,25.826452,1.026283,1.043545,0.034465,0.013265,0.067849,0.281506,0.170998,-0.165262,-0.087929,0.511931,-0.189971,-0.189971,0.281506,1406240.000000,46958076.000000,0.207660
2019-01-28,30.740000,34.279999,30.370001,33.160000,8146500,0.000000,0.000000,29.717658,33.139925,29.359965,32.057175,28.307667,26.967085,27.131685,30.562142,29.158503,28.107062,1.051441,0.708761,0.342680,72.319132,28.307667,30.908332,25.707002,1.220875,1.239003,0.038650,0.058748,0.103861,0.275384,0.343483,-0.080871,-0.017331,0.505761,-0.142383,-0.142383,0.356792,1742070.000000,270137940.000000,0.346679
2019-01-29,33.259998,33.529999,32.630001,33.419998,2294400,0.070000,0.000000,32.221867,32.483440,31.611534,32.376873,28.598690,27.107470,27.136339,30.547376,29.653637,28.423344,1.230293,0.813068,0.417225,73.273430,28.598690,31.639608,25.557772,1.121224,1.212782,0.037458,0.009973,0.134893,0.254333,0.323721,-0.044014,-0.020476,0.502917,-0.133830,-0.133830,0.370323,1779660.000000,76678843.411200,0.363354
2019-01-30,33.730000,33.840000,33.049999,33.709999,2333700,0.000000,0.000000,32.677202,32.783769,32.018426,32.657825,28.882975,27.252506,27.143804,30.534015,30.115820,28.737009,1.378810,0.926216,0.452594,74.117894,28.882975,32.320801,25.445150,1.049017,1.180822,0.036157,0.008678,0.142032,0.229753,0.363697,-0.021824,0.002554,0.498906,-0.126314,-0.126314,0.382214,1844425.000000,78669024.666300,0.361483
2019-01-31,33.660000,33.689999,32.840000,33.049999,2166100,0.000000,0.000000,32.609370,32.638433,31.814965,32.018410,29.051184,27.363293,27.171097,30.516977,30.408526,28.980076,1.428450,1.026663,0.401787,68.790652,29.051184,32.760385,25.341983,0.899982,1.156682,0.036126,-0.019579,0.071495,0.187093,0.301371,-0.055164,0.000019,0.509031,-0.143420,-0.143420,0.355151,1632160.000000,71589602.833900,0.268543
2019-02-01,33.250000,33.799999,33.070000,33.380001,3601400,0.000000,0.000000,32.212184,32.745016,32.037802,32.338127,29.342203,27.482601,27.191754,30.497697,30.705388,29.228821,1.476567,1.116644,0.359923,69.953546,29.342203,33.127025,25.557381,0.895781,1.125962,0.034818,0.009985,0.068027,0.128563,0.251894,-0.048436,0.034828,0.470306,-0.134867,-0.134867,0.368683,1743110.000000,120214735.601400,0.237621
2019-02-04,33.299999,33.689999,33.220001,33.639999,2398300,0.000000,0.000000,32.260609,32.638435,32.183108,32.589996,29.583461,27.627441,27.213001,30.482317,30.995327,29.477797,1.517531,1.196821,0.320710,70.874263,29.583461,33.555445,25.611477,0.878468,1.078060,0.033079,0.007789,0.016621,0.228988,0.270201,-0.058388,0.028667,0.367388,-0.128128,-0.128128,0.379343,1817530.000000,80678809.601700,0.264502
2019-02-05,33.810001,33.810001,33.220001,33.330002,2894800,0.000000,0.000000,32.754702,32.754702,32.183117,32.289684,29.794235,27.746167,27.232209,30.477436,31.194459,29.686085,1.508375,1.259132,0.249243,68.191123,29.794235,33.874905,25.713565,0.805765,1.041883,0.032267,-0.009215,-0.002693,0.162971,0.186519,-0.069656,0.039666,0.347305,-0.136163,-0.136163,0.366633,1903155.000000,96483689.789600,0.190821
2019-02-06,33.439999,34.480000,33.250000,34.049999,2414000,0.000000,0.000000,32.396248,33.403788,32.212180,32.987209,30.091607,27.878457,27.275747,30.480363,31.470267,29.930612,1.539655,1.315236,0.224418,70.942701,30.091607,34.193874,25.989339,0.852927,1.052578,0.031909,0.021602,0.010086,0.175001,0.205299,-0.063861,0.111965,0.350584,-0.117502,-0.117502,0.396155,1962425.000000,82196697.586000,0.202813
2019-02-07,33.669998,33.799999,33.009998,33.310001,1744200,0.000000,0.000000,32.619089,32.745033,31.979689,32.270329,30.306247,27.992155,27.308741,30.480666,31.593353,30.103925,1.489429,1.350075,0.139354,64.743952,30.306247,34.391958,26.220536,0.740360,1.049359,0.032518,-0.021732,0.007868,0.193439,0.222728,-0.076626,0.029496,0.329535,-0.136680,-0.136680,0.365813,1991295.000000,58099303.744200,0.228255
2019-02-08,33.000000,33.520000,32.660000,33.500000,1742700,0.000000,0.000000,31.969994,32.473764,31.640606,32.454388,30.522839,28.094647,27.338273,30.483329,31.725820,30.278033,1.447787,1.369617,0.078170,65.575635,30.522839,34.580311,26.465367,0.738024,1.033916,0.031858,0.005704,0.003595,0.160017,0.227006,-0.076455,0.069770,0.315703,-0.131756,-0.131756,0.373604,2027275.000000,58380450.000000,0.237548
2019-02-11,33.500000,33.650002,32.910000,33.610001,1447000,0.000000,0.000000,32.454373,32.599692,31.882788,32.560940,30.736542,28.207777,27.376101,30.486285,31.854300,30.447137,1.407163,1.377126,0.030036,66.074564,30.736542,34.748120,26.724965,0.727392,1.011273,0.031058,0.003283,-0.000892,0.157823,0.210679,-0.064439,0.143870,0.315930,-0.128906,-0.128906,0.378113,2063220.000000,48633671.447000,0.245398
2019-02-12,33.980000,34.150002,33.740002,34.139999,2134900,0.000000,0.000000,32.919388,33.084084,32.686882,33.074394,31.003470,28.305847,27.422438,30.491327,32.042007,30.641749,1.400258,1.381753,0.018505,68.447728,31.003470,34.882615,27.124324,0.766930,0.976406,0.029522,0.015769,0.024302,0.169249,0.235544,-0.014186,0.118524,0.317266,-0.115170,-0.115170,0.399845,2121630.000000,72885483.865100,0.250982
2019-02-13,34.330002,34.380001,33.630001,33.910000,2397300,0.000000,0.000000,33.258470,33.306909,32.580318,32.851578,31.258774,28.403328,27.468958,30.499096,32.166556,30.805440,1.361116,1.377626,-0.016509,66.280920,31.258774,34.899897,27.617650,0.718724,0.958562,0.029179,-0.006737,-0.004112,0.184445,0.269396,-0.025030,0.100272,0.306415,-0.121130,-0.121130,0.390414,2207825.000000,81292443.000000,0.267576
2019-02-14,33.770000,34.419998,33.709999,34.209999,2056100,0.000000,0.000000,32.715939,33.345649,32.657811,33.142204,31.517491,28.497728,27.515009,30.510239,32.316656,30.978534,1.338122,1.369725,-0.031602,67.716460,31.517491,34.900200,28.134782,0.740150,0.939225,0.028339,0.008847,0.027018,0.194507,0.332389,-0.019211,0.108224,0.305059,-0.113355,-0.113355,0.402715,2262335.000000,70339178.943900,0.300992
2019-02-15,34.470001,34.750000,33.990002,34.180000,1613900,0.000000,0.000000,33.394105,33.665364,32.929087,33.113155,31.755421,28.574338,27.557395,30.518013,32.439194,31.136654,1.302541,1.356288,-0.053747,67.407552,31.755421,34.859330,28.651512,0.718714,0.924729,0.027926,-0.000876,0.020298,0.183972,0.305845,0.017674,0.067830,0.306850,-0.114133,-0.114133,0.401485,2288195.000000,55163102.000000,0.268135
2019-02-19,34.099998,34.490002,33.950001,34.360001,1911600,0.000000,0.000000,33.035654,33.413484,32.890338,33.287540,31.967751,28.688079,27.599115,30.526659,32.569709,31.295979,1.273730,1.339777,-0.066046,68.341219,31.967751,34.863846,29.071656,0.727857,0.896044,0.026918,0.005266,0.022315,0.173975,0.310224,0.030669,0.047510,0.306322,-0.109467,-0.109467,0.408866,2328960.000000,65682577.911600,0.261127
2019-02-20,34.480000,35.630001,34.400002,35.389999,2062500,0.000000,0.000000,33.403789,34.517896,33.326288,34.285385,32.255592,28.835118,27.658044,30.540775,32.833659,31.517416,1.316243,1.335070,-0.018827,73.091352,32.255592,34.840016,29.671167,0.892697,0.919924,0.026831,0.029977,0.036614,0.180588,0.294811,0.097605,0.080542,0.310825,-0.082772,-0.082772,0.451099,2374300.000000,72991872.937500,0.263120
2019-02-21,35.369999,35.889999,35.040001,35.599998,2397400,0.000000,0.000000,34.266014,34.769784,33.946316,34.488834,32.550222,29.008654,27.723828,30.552059,33.088301,31.737521,1.350780,1.338212,0.012568,73.949581,32.550222,34.682025,30.418418,0.954688,0.913034,0.026473,0.005934,0.049838,0.208922,0.307746,0.105825,0.067573,0.296611,-0.077329,-0.077329,0.459710,2438705.000000,85347435.205200,0.278518
2019-02-22,35.599998,36.360001,35.430000,36.349998,2030300,0.000000,0.000000,34.488829,35.225110,34.324137,35.215420,32.816892,29.196335,27.799288,30.564427,33.415550,31.995143,1.420407,1.354651,0.065756,76.795951,32.816892,34.876449,30.757335,1.082292,0.912172,0.025903,0.021067,0.062555,0.231471,0.389279,0.115330,0.118313,0.298223,-0.057891,-0.057891,0.490462,2464320.000000,73801400.939400,0.318274
2019-02-25,37.099998,37.540001,36.900002,37.049999,3852900,0.000000,0.000000,35.942001,36.368270,35.748246,35.893562,33.097651,29.407440,27.879120,30.575520,33.796783,32.283915,1.512868,1.386294,0.126574,79.092126,33.097651,35.229800,30.965503,1.155656,0.929364,0.025892,0.019257,0.083967,0.201176,0.362009,0.123092,0.132940,0.272583,-0.039749,-0.039749,0.519164,2582000.000000,142749941.147100,0.268557
2019-02-26,37.349998,40.360001,37.349998,37.730000,7639600,0.000000,0.000000,36.184209,39.100261,36.184209,36.552349,33.322410,29.621280,27.962743,30.587741,34.220716,32.600095,1.620621,1.433160,0.187461,81.053577,33.322410,35.894969,30.749851,1.127768,1.092030,0.029876,0.018354,0.098079,0.207210,0.385990,0.141982,0.128095,0.274174,-0.022125,-0.022125,0.547046,2556655.000000,288242108.000000,0.303227
2019-02-27,37.250000,37.610001,36.209999,36.720001,9228100,0.000000,0.000000,36.087328,36.436092,35.079788,35.573872,33.482260,29.817677,28.039763,30.592184,34.428894,32.820375,1.608519,1.468232,0.140287,70.477845,33.482260,36.200610,30.763910,0.884721,1.119211,0.031462,-0.026769,0.037581,0.109701,0.338097,0.101459,0.078720,0.236724,-0.048302,-0.048302,0.505633,2903340.000000,338855841.228100,0.249391
2019-02-28,36.410000,36.410000,35.299999,35.330002,3217800,0.000000,0.000000,35.273561,35.273561,34.198206,34.227272,33.560732,29.999516,28.101389,30.592058,34.397875,32.924590,1.473286,1.469242,0.004043,59.057351,33.560732,36.269470,30.851995,0.623035,1.137529,0.033235,-0.037854,-0.007584,0.057152,0.252379,0.042647,0.057905,0.278539,-0.084327,-0.084327,0.448639,2947545.000000,113684880.435600,0.188740
2019-03-01,35.349998,36.500000,34.759998,36.220001,3805100,0.000000,0.000000,34.246634,35.360741,33.675049,35.089481,33.714286,30.203240,28.180410,30.594079,34.504276,33.084952,1.419324,1.459259,-0.039935,63.172309,33.714286,36.403004,31.025568,0.755734,1.176684,0.033534,0.025191,-0.003576,0.074459,0.304226,0.067345,0.100888,0.288622,-0.061260,-0.061260,0.485132,3029495.000000,137820725.805100,0.231846
2019-03-04,36.490002,36.750000,36.009998,36.610001,1582700,0.000000,0.000000,35.351062,35.602945,34.886041,35.467316,33.870745,30.410461,28.264849,30.598951,34.652436,33.261423,1.391013,1.445610,-0.054597,64.839989,33.870745,36.586331,31.155160,0.793964,1.143842,0.032251,0.010768,-0.011875,0.107716,0.259007,0.080422,0.117792,0.276840,-0.051152,-0.051152,0.501123,2928560.000000,57942648.582700,0.219786
2019-03-05,36.540001,36.779999,36.200001,36.419998,1027100,0.000000,0.000000,35.399498,35.632005,35.070111,35.283241,34.005408,30.631014,28.352556,30.599775,34.749483,33.411188,1.338295,1.424147,-0.085851,63.335250,34.005408,36.720689,31.290127,0.735304,1.102275,0.031241,-0.005190,-0.034720,0.091072,0.261128,0.084368,0.092164,0.278403,-0.056077,-0.056077,0.493332,2860000.000000,37406979.945800,0.219429
2019-03-06,36.360001,36.360001,35.349998,35.380001,1251800,0.000000,0.000000,35.225107,35.225107,34.246630,34.275696,34.104708,30.825230,28.433659,30.593878,34.676593,33.475225,1.201367,1.379591,-0.178223,55.713836,34.104708,36.698332,31.511084,0.532963,1.097584,0.032022,-0.028556,-0.036492,0.051724,0.205947,0.048742,0.050054,0.300284,-0.083031,-0.083031,0.450689,2777850.000000,44288685.251800,0.182022
2019-03-07,35.230000,35.230000,34.759998,34.950001,1673500,0.000000,0.000000,34.130390,34.130390,33.675059,33.859131,34.148304,31.019041,28.515995,30.598647,34.550829,33.503663,1.047167,1.313106,-0.265939,52.880559,34.148304,36.691663,31.604946,0.443151,1.062088,0.031368,-0.012153,-0.010756,0.048605,0.156287,0.061035,0.003355,0.301905,-0.094176,-0.094176,0.433058,2740825.000000,58488826.673500,0.158982
2019-03-08,34.730000,35.779999,34.410000,35.040001,876100,0.000000,0.000000,33.645983,34.663209,33.335971,33.946308,34.232103,31.225424,28.607301,30.600965,34.457826,33.536451,0.921375,1.234760,-0.313385,53.414485,34.232103,36.620662,31.843544,0.440174,1.081027,0.031845,0.002575,-0.032579,0.029075,0.229917,0.063767,-0.006777,0.293771,-0.091843,-0.091843,0.436748,2697420.000000,30698544.876100,0.195033
2019-03-11,35.130001,35.599998,34.709999,35.509998,922000,0.000000,0.000000,34.033501,34.488829,33.626609,34.401638,34.329466,31.410750,28.697087,30.605320,34.449182,33.600539,0.848643,1.157536,-0.308894,56.205784,34.329466,36.566882,32.092050,0.516128,1.065398,0.030969,0.013413,-0.030047,0.066045,0.277283,0.174556,-0.000473,0.283763,-0.079662,-0.079662,0.456019,2656385.000000,32740218.156000,0.225838
2019-03-12,35.650002,35.650002,35.150002,35.430000,800100,0.000000,0.000000,34.537281,34.537281,34.052887,34.324146,34.417626,31.580993,28.786580,30.608565,34.429945,33.654140,0.775806,1.081190,-0.305384,55.595252,34.417626,36.494848,32.340404,0.477499,1.023898,0.029830,-0.002253,-0.027183,0.057612,0.329774,0.133841,-0.021825,0.284218,-0.081735,-0.081735,0.452739,2624040.000000,28347543.000000,0.240556
2019-03-13,35.599998,35.610001,35.240002,35.290001,740100,0.000000,0.000000,34.488833,34.498523,34.140072,34.188511,34.473332,31.733635,28.861412,30.611613,34.392802,33.693723,0.699079,1.004768,-0.305689,54.479771,34.473332,36.456509,32.490155,0.428191,0.976366,0.028558,-0.003952,-0.002544,0.049985,0.323527,0.122213,-0.021675,0.285174,-0.085364,-0.085364,0.446999,2554300.000000,26118129.740100,0.234803
2019-03-14,35.369999,35.650002,35.160000,35.340000,666800,0.000000,0.000000,34.266012,34.537275,34.062568,34.236950,34.542601,31.878932,28.934029,30.615865,34.368825,33.733962,0.634863,0.930787,-0.295924,54.828348,34.542601,36.378588,32.706613,0.416761,0.940533,0.027471,0.001417,0.011159,0.035150,0.351193,0.127370,-0.008026,0.281051,-0.084068,-0.084068,0.449049,2467775.000000,23564712.000000,0.265997
2019-03-15,35.660000,35.990002,35.250000,35.340000,2254100,0.000000,0.000000,34.546962,34.866663,34.149759,34.236950,34.597338,31.990586,29.014937,30.618915,34.348536,33.771220,0.577316,0.860093,-0.282777,54.828348,34.597338,36.319266,32.875410,0.395353,0.924560,0.027005,0.000000,0.008562,0.042171,0.323916,0.195696,-0.013514,0.279438,-0.084068,-0.084068,0.449049,2477675.000000,79659894.000000,0.240767
2019-03-18,35.360001,35.619999,34.889999,35.160000,2182000,0.000000,0.000000,34.256323,34.508206,33.800992,34.062565,34.644808,32.141482,29.098440,30.619169,34.304541,33.792801,0.511739,0.790422,-0.278683,53.129656,34.644808,36.242309,33.047308,0.317764,0.909035,0.026687,-0.005093,-0.009856,0.027770,0.322612,0.175750,-0.018538,0.279381,-0.088733,-0.088733,0.441668,2506080.000000,76719120.000000,0.231506
2019-03-19,35.290001,35.389999,34.910000,35.189999,1102000,0.000000,0.000000,34.188499,34.285376,33.820358,34.091618,34.685012,32.268018,29.181269,30.620770,34.271783,33.814936,0.456847,0.723707,-0.266860,53.388755,34.685012,36.175582,33.194442,0.300951,0.877320,0.025734,0.000853,-0.006774,0.029549,0.356324,0.155602,-0.016341,0.279263,-0.087956,-0.087956,0.442898,2465600.000000,38779378.898000,0.238638
2019-03-20,35.220001,35.380001,34.459999,34.599998,920100,0.000000,0.000000,34.120693,34.275699,33.384413,33.520042,34.646745,32.376935,29.257900,30.614944,34.156131,33.793092,0.363039,0.651573,-0.288535,47.791364,34.646745,36.217646,33.075844,0.141383,0.878317,0.026203,-0.016766,-0.019552,0.006985,0.346009,0.164776,-0.043432,0.285905,-0.103247,-0.103247,0.418706,2408480.000000,31835458.159800,0.201609
2019-03-21,34.630001,36.290001,34.529999,35.869999,1039600,0.000000,0.000000,33.549121,35.157309,33.452240,34.750416,34.659824,32.531147,29.366792,30.611901,34.247559,33.864005,0.383554,0.597970,-0.214415,57.999343,34.659824,36.229545,33.090104,0.528856,0.937371,0.026974,0.036706,0.014997,0.013564,0.384131,0.221856,-0.001481,0.295442,-0.070331,-0.070331,0.470781,2340590.000000,37290450.960400,0.228609
2019-03-22,35.700001,35.700001,34.590000,34.639999,954200,0.000000,0.000000,34.585708,34.585708,33.510353,33.558792,34.576993,32.642773,29.457790,30.600496,34.141595,33.841396,0.300199,0.538415,-0.238217,48.174955,34.576993,36.197290,32.956696,0.185798,0.958992,0.028576,-0.034291,-0.019808,-0.026966,0.383550,0.190043,-0.076483,0.318599,-0.102211,-0.102211,0.420347,2286785.000000,33053487.045800,0.231996
2019-03-25,34.439999,34.779999,34.070000,34.680000,1229200,0.000000,0.000000,33.365031,33.694419,33.006581,33.597542,34.462192,32.752273,29.554285,30.586878,34.057895,33.823333,0.234561,0.477645,-0.243083,48.480567,34.462192,36.013616,32.910768,0.221337,0.939624,0.027967,0.001155,-0.013652,-0.045942,0.367704,0.177329,-0.046445,0.308441,-0.101174,-0.101174,0.421987,2155600.000000,42628656.000000,0.197811
2019-03-26,34.939999,35.279999,34.820000,35.259998,1040700,0.000000,0.000000,33.849431,34.178819,33.733178,34.159443,34.342547,32.869724,29.649844,30.576071,34.073517,33.848230,0.225287,0.427173,-0.201886,52.824840,34.342547,35.545127,33.139966,0.423871,0.914027,0.026758,0.016724,0.001989,-0.048313,0.413384,0.183031,-0.007510,0.306354,-0.086141,-0.086141,0.445769,1825655.000000,36695079.918600,0.198867
2019-03-27,35.189999,35.299999,34.290001,34.709999,1378300,0.000000,0.000000,34.091620,34.198187,33.219713,33.626602,34.245183,32.987539,29.727796,30.561877,34.004761,33.831813,0.172948,0.376328,-0.203380,48.636598,34.245183,35.338346,33.152020,0.217068,0.918631,0.027319,-0.015599,0.003179,-0.080043,0.423217,0.154937,-0.068465,0.300199,-0.100396,-0.100396,0.423217,1433165.000000,47840791.621700,0.189004
2019-03-28,34.910000,35.340000,34.590000,34.910000,1403400,0.000000,0.000000,33.820374,34.236952,33.510362,33.820374,34.224838,33.109037,29.809426,30.547690,33.976394,33.830966,0.145428,0.330148,-0.184720,50.183438,34.224838,35.334427,33.115249,0.317741,0.904914,0.026756,0.005762,-0.026763,-0.049292,0.345533,0.191174,-0.003464,0.289800,-0.095213,-0.095213,0.431418,1342445.000000,48992694.000000,0.175446
2019-03-29,34.560001,35.759998,34.560001,35.689999,1399400,0.000000,0.000000,33.481296,34.643838,33.481296,34.576023,34.199165,33.241200,29.883048,30.533674,34.068645,33.886155,0.182489,0.300616,-0.118127,55.776602,34.199165,35.246536,33.151795,0.679907,0.923316,0.026704,0.022343,0.030312,0.010189,0.339532,0.238821,0.056148,0.271018,-0.074997,-0.074997,0.463400,1222160.000000,49944584.600600,0.164772
2019-04-01,36.040001,36.820000,35.849998,36.779999,1053000,0.000000,0.000000,34.915103,35.670756,34.731031,35.632004,34.207400,33.386749,29.965684,30.525658,34.309161,34.015477,0.293684,0.299230,-0.005546,62.168854,34.207400,35.298429,33.116370,1.152871,0.935560,0.026256,0.030541,0.060554,0.015461,0.341747,0.287776,0.066511,0.277681,-0.046746,-0.046746,0.508093,1195675.000000,38729338.947000,0.152760
2019-04-02,36.720001,36.869999,36.490002,36.709999,639500,0.000000,0.000000,35.573880,35.719196,35.351059,35.564190,34.221447,33.517214,30.057405,30.516583,34.502243,34.130197,0.372046,0.313793,0.058253,61.553532,34.221447,35.376176,33.066718,1.081411,0.895030,0.025167,-0.001903,0.041123,0.002731,0.318554,0.274226,0.107442,0.275454,-0.048561,-0.048561,0.505223,1176295.000000,23476044.360500,0.135682
2019-04-03,37.180000,37.849998,37.060001,37.520000,989700,0.000000,0.000000,36.019512,36.668598,35.903259,36.348900,34.325107,33.673620,30.156393,30.514172,34.786344,34.294545,0.491799,0.349394,0.142404,65.774864,34.325107,35.821900,32.828314,1.176043,0.909985,0.025035,0.022065,0.080957,0.030203,0.268535,0.289425,0.105439,0.284670,-0.027568,-0.027568,0.538435,1163190.000000,37133544.000000,0.084073
2019-04-04,37.560001,37.900002,37.389999,37.480000,894100,0.000000,0.000000,36.387659,36.717047,36.222963,36.310154,34.447658,33.827899,30.250547,30.516042,35.020776,34.443850,0.576927,0.394901,0.182026,65.393072,34.447658,36.168414,32.726903,1.041185,0.880278,0.024243,-0.001066,0.073618,0.059356,0.369278,0.302753,0.085250,0.263125,-0.028604,-0.028604,0.536796,1124220.000000,33510868.000000,0.148301
2019-04-05,37.599998,37.990002,37.500000,37.880001,759200,0.000000,0.000000,36.426407,36.804237,36.329530,36.697670,34.585226,33.964212,30.349833,30.523458,35.278760,34.610799,0.667961,0.449513,0.218448,67.429368,34.585226,36.558599,32.611854,1.035237,0.852693,0.023236,0.010672,0.061362,0.083834,0.321732,0.307610,0.101573,0.258534,-0.018237,-0.018237,0.553197,1118375.000000,28758496.759200,0.143686
2019-04-08,37.200001,38.709999,37.169998,38.660000,1987000,0.000000,0.000000,36.038891,37.501758,36.009825,37.453320,34.737811,34.107711,30.465569,30.536576,35.613308,34.821356,0.791951,0.518000,0.273951,71.011336,34.737811,37.087461,32.388160,1.077854,0.898353,0.023986,0.020591,0.051115,0.103311,0.334083,0.377601,0.157617,0.264770,0.000000,0.000000,0.585179,1171625.000000,76817420.000000,0.168418
2019-04-09,38.340000,39.680000,38.169998,39.180000,3686500,0.000000,0.000000,37.143307,38.441482,36.978611,37.957088,34.919458,34.225709,30.596397,30.553657,35.973889,35.053633,0.920256,0.598452,0.321805,73.132696,34.919458,37.663131,32.175784,1.053570,0.938675,0.024730,0.013451,0.067284,0.103351,0.403750,0.404597,0.142671,0.264785,0.000000,0.000000,0.606501,1315945.000000,144437070.000000,0.256979
2019-04-10,39.009998,39.639999,38.860001,39.360001,3140600,0.000000,0.000000,37.792403,38.402741,37.647087,38.131481,35.116606,34.340801,30.724136,30.574255,36.305826,35.281622,1.024205,0.683602,0.340603,73.846212,35.116606,38.186399,32.046813,0.991055,0.925602,0.024274,0.004594,0.049041,0.110923,0.362933,0.438246,0.104813,0.263538,0.000000,0.000000,0.613882,1435970.000000,123614019.140600,0.218165
2019-04-11,39.480000,39.740002,39.200001,39.279999,1498400,0.000000,0.000000,38.247740,38.499627,37.976481,38.053982,35.307458,34.448724,30.850615,30.598795,36.574773,35.486982,1.087792,0.764440,0.323352,72.919436,35.307458,38.612578,32.002338,0.915495,0.896855,0.023568,-0.002032,0.048026,0.113063,0.353149,0.454362,0.099510,0.262785,-0.002032,-0.002032,0.610602,1477550.000000,58857150.501600,0.215548
2019-04-12,39.639999,40.459999,39.380001,40.220001,2376800,0.000000,0.000000,38.402728,39.197133,38.150845,38.964626,35.543842,34.587649,30.975471,30.626205,36.942443,35.744585,1.197858,0.851124,0.346734,76.630756,35.543842,39.185689,31.901995,0.969650,0.914448,0.023469,0.023930,0.061774,0.138087,0.377481,0.520540,0.102876,0.270124,0.000000,0.000000,0.649144,1483685.000000,95594898.376800,0.232220
2019-04-15,40.290001,40.669998,39.619999,39.770000,1148100,0.000000,0.000000,39.032453,39.400589,38.383363,38.528683,35.767148,34.711460,31.097031,30.656727,37.186480,35.950814,1.235666,0.928032,0.307633,71.573785,35.767148,39.570671,31.963624,0.863023,0.921789,0.023925,-0.011188,0.028712,0.125354,0.389130,0.552593,0.090537,0.276134,-0.011188,-0.011188,0.630693,1431990.000000,45659937.000000,0.234177
2019-04-16,40.000000,40.310001,39.680000,39.830002,1201200,0.000000,0.000000,38.751503,39.051829,38.441491,38.586811,35.991907,34.831396,31.229419,30.686336,37.401915,36.146073,1.255842,0.993594,0.262248,71.840625,35.991907,39.908136,32.075678,0.831301,0.899543,0.023312,0.001509,0.016590,0.132822,0.390741,0.517787,0.089223,0.273794,-0.009696,-0.009696,0.633153,1436950.000000,47843798.402400,0.251729
2019-04-17,40.349998,40.580002,39.939999,40.349998,1472300,0.000000,0.000000,39.090569,39.313393,38.693366,39.090569,36.270434,34.967414,31.356791,30.718706,37.661708,36.364184,1.297524,1.054380,0.243144,74.108937,36.270434,40.238466,32.302401,0.855357,0.887188,0.022696,0.013055,0.025152,0.146633,0.397696,0.540523,0.080028,0.274112,0.000000,0.000000,0.654474,1464560.000000,59407302.055400,0.261032
2019-04-18,40.320000,40.770000,40.150002,40.610001,699900,0.000000,0.000000,39.061511,39.497466,38.896819,39.342461,36.500036,35.094519,31.486488,30.749688,37.920286,36.584797,1.335488,1.110602,0.224887,75.185317,36.500036,40.626016,32.374055,0.844455,0.866721,0.022030,0.006444,0.033859,0.173700,0.387518,0.473207,0.103080,0.260556,0.000000,0.000000,0.665135,1447575.000000,28422939.699900,0.258560
2019-04-22,40.549999,40.860001,40.139999,40.689999,1203300,0.000000,0.000000,39.284342,39.584667,38.887139,39.419971,36.793095,35.237512,31.614833,30.782983,38.151006,36.794810,1.356196,1.159721,0.196476,75.522535,36.793095,40.871796,32.714393,0.822024,0.854636,0.021680,0.001970,0.011686,0.134374,0.357393,0.461338,0.184997,0.238855,0.000000,0.000000,0.668416,1460030.000000,48962275.796700,0.237509
2019-04-23,40.709999,41.000000,40.410000,40.689999,858300,0.000000,0.000000,39.439348,39.720297,39.148712,39.419971,37.084216,35.376823,31.735735,30.811226,38.346232,36.989266,1.356965,1.199170,0.157796,75.522535,37.084216,41.031606,33.136826,0.795861,0.834418,0.021167,0.000000,0.023133,0.174654,0.381772,0.507679,0.216597,0.190350,0.000000,0.000000,0.668416,1441485.000000,34924226.141700,0.225019
2019-04-24,40.750000,41.720001,40.669998,40.860001,1781500,0.000000,0.000000,39.478089,40.417814,39.400584,39.584656,37.355477,35.517298,31.862537,30.841495,38.536759,37.181518,1.355241,1.230384,0.124857,76.315636,37.355477,41.200918,33.510036,0.789847,0.847476,0.021409,0.004178,0.025860,0.178201,0.384261,0.539523,0.228963,0.189313,0.000000,0.000000,0.675386,1478525.000000,72792091.781500,0.231077
2019-04-25,39.250000,39.500000,37.549999,38.980000,3376200,0.000000,0.000000,38.024905,38.267102,36.377966,37.763332,37.562313,35.611076,31.958462,30.859291,38.417770,37.224615,1.193155,1.222938,-0.029783,55.065565,37.562313,40.985037,34.139590,0.529365,1.015991,0.026904,-0.046011,-0.033953,0.105502,0.263748,0.463201,0.182995,0.262922,-0.046011,-0.046011,0.598300,1578420.000000,131604276.000000,0.115982
2019-04-26,38.490002,39.730000,38.119999,39.709999,2142900,0.000000,0.000000,37.288632,38.489927,36.930178,38.470551,37.794822,35.723456,32.063392,30.881344,38.425890,37.316906,1.108984,1.200147,-0.091164,59.751999,37.794822,40.746646,34.842998,0.614460,1.054831,0.027419,0.018728,-0.022162,0.144051,0.270562,0.487825,0.203341,0.255967,-0.028145,-0.028145,0.628232,1615395.000000,85094556.857100,0.133568
2019-04-29,39.500000,40.549999,39.400002,40.450001,2187700,0.000000,0.000000,38.267105,39.284331,38.170228,39.187454,38.025394,35.844361,32.171044,30.914438,38.543054,37.455466,1.087588,1.177635,-0.090047,63.866052,38.025394,40.617020,35.433768,0.724195,1.059065,0.027026,0.018635,-0.005898,0.158694,0.222424,0.642305,0.222094,0.259327,-0.010034,-0.010034,0.658575,1654810.000000,88492467.187700,0.070544
2019-04-30,40.500000,40.869999,40.209999,40.860001,2547300,0.070000,0.000000,39.303910,39.662981,39.022473,39.653278,38.226457,35.975163,32.274751,30.944810,38.713857,37.618266,1.095591,1.161227,-0.065636,66.278089,38.226457,40.655088,35.797827,0.793750,1.029168,0.025954,0.011887,0.005918,0.146843,0.224741,0.621215,0.266968,0.254094,0.000000,0.000000,0.678290,1729525.000000,104082680.547300,0.072912
2019-05-01,41.209999,41.500000,40.590000,40.619999,1245600,0.000000,0.000000,39.992925,40.274361,39.391236,39.420349,38.419265,36.097820,32.392949,30.973295,38.822548,37.751754,1.070794,1.143140,-0.072346,63.978302,38.419265,40.552258,36.286273,0.734666,1.018736,0.025843,-0.005874,-0.004151,0.106319,0.207072,0.646081,0.275172,0.242013,-0.005874,-0.005874,0.668432,1759830.000000,50596270.754400,0.086433
2019-05-02,40.540001,41.349998,40.290001,40.980000,860000,0.000000,0.000000,39.342726,40.128801,39.100109,39.769730,38.590307,36.207507,32.521312,31.002085,38.968269,37.901234,1.067035,1.127919,-0.060884,65.890169,38.590307,40.567179,36.613435,0.798305,1.019447,0.025634,0.008863,0.053131,0.118252,0.242089,0.616419,0.260196,0.241052,0.000000,0.000000,0.683219,1753345.000000,35242800.000000,0.138401
2019-05-03,41.340000,42.009998,40.880001,41.990002,1009100,0.000000,0.000000,40.119092,40.769303,39.672678,40.749897,38.812294,36.332728,32.670691,31.030243,39.242365,38.112246,1.130120,1.128359,0.001760,70.603935,38.812294,40.706455,36.918133,1.011467,1.024960,0.025152,0.024646,0.059249,0.121076,0.260119,0.577536,0.291255,0.243448,0.000000,0.000000,0.724704,1759095.000000,42372111.018200,0.136200
2019-05-06,40.880001,41.189999,40.509998,40.889999,1719800,0.000000,0.000000,39.672689,39.973531,39.313614,39.682392,38.961530,36.422067,32.809201,31.046809,39.310062,38.228553,1.081509,1.118989,-0.037480,60.756253,38.961530,40.608363,37.314697,0.718863,1.054340,0.026569,-0.026197,0.012630,0.092873,0.217625,0.546629,0.261273,0.266549,-0.026197,-0.026197,0.679523,1807125.000000,70322620.280200,0.112045
2019-05-07,40.419998,40.840000,39.459999,40.380001,1192000,0.000000,0.000000,39.226278,39.633876,38.294630,39.187462,39.048237,36.487945,32.947693,31.060420,39.291200,38.299583,0.991617,1.093515,-0.101898,56.800614,39.048237,40.535606,37.560868,0.546802,1.078156,0.027513,-0.012472,-0.011747,0.067846,0.213622,0.439985,0.215798,0.271667,-0.038342,-0.038342,0.658575,1767375.000000,48132961.192000,0.137740
2019-05-08,40.230000,40.389999,39.750000,40.000000,879100,0.000000,0.000000,39.041883,39.197157,38.576059,38.818676,39.091317,36.533272,33.077276,31.072427,39.218504,38.338035,0.880470,1.050906,-0.170436,53.980431,39.091317,40.493063,37.689570,0.402750,1.045509,0.026933,-0.009411,-0.015263,0.036455,0.176780,0.418372,0.185599,0.267413,-0.047392,-0.047392,0.642967,1627005.000000,35164000.000000,0.099760
2019-05-09,39.360001,39.939999,38.590000,39.689999,1089500,0.000000,0.000000,38.197578,38.760447,37.450318,38.517830,39.110634,36.592151,33.204914,31.082689,39.110708,38.351353,0.759355,0.992596,-0.233240,51.724254,39.110634,40.466587,37.754682,0.281407,1.068570,0.027742,-0.007750,-0.031479,0.014773,0.193599,0.459447,0.143808,0.265899,-0.054775,-0.054775,0.630233,1524450.000000,43242253.910500,0.108224
2019-05-10,38.720001,39.549999,38.520000,39.080002,1503600,0.000000,0.000000,37.576470,38.381955,37.382376,37.925838,39.104227,36.666122,33.332819,31.091676,38.928420,38.319833,0.608587,0.915794,-0.307207,47.515725,39.104227,40.482234,37.726220,0.072430,1.073347,0.028301,-0.015369,-0.069302,-0.005393,0.168589,0.433865,0.111932,0.271280,-0.069302,-0.069302,0.605178,1524710.000000,58760691.007200,0.083809
2019-05-13,38.029999,38.599998,36.810001,37.070000,1731200,0.000000,0.000000,36.906860,37.460025,35.722892,35.975212,38.954756,36.683837,33.443539,31.090187,38.474081,38.146158,0.327923,0.798220,-0.470297,36.870440,38.954756,40.919938,36.989575,-0.258084,1.154033,0.032079,-0.051433,-0.093421,-0.054627,0.104858,0.337628,0.037188,0.324440,-0.117170,-0.117170,0.522619,1492430.000000,64175584.000000,0.058453
2019-05-14,37.540001,38.040001,37.099998,37.889999,1260200,0.000000,0.000000,36.431330,36.916564,36.004322,36.770992,38.866872,36.709910,33.560186,31.099653,38.212067,38.044293,0.167774,0.672131,-0.504357,42.527416,38.866872,41.056657,36.677086,0.021442,1.138841,0.030971,0.022120,-0.061664,-0.056298,0.111766,0.373636,0.073531,0.322640,-0.097642,-0.097642,0.556300,1498035.000000,47748976.739800,0.068626
2019-05-15,37.369999,38.439999,37.169998,38.290001,1006400,0.000000,0.000000,36.266348,37.304748,36.072254,37.159180,38.795490,36.747429,33.689222,31.116112,38.050084,37.978729,0.071355,0.551975,-0.480620,45.111273,38.795490,41.113061,36.477919,0.146977,1.145531,0.030828,0.010557,-0.042750,-0.035545,0.131123,0.435843,0.071322,0.324099,-0.088116,-0.088116,0.572730,1488295.000000,38535057.006400,0.076979
2019-05-16,38.299999,38.430000,37.759998,37.810001,923600,0.000000,0.000000,37.168875,37.295036,36.644822,36.693348,38.675629,36.795782,33.810506,31.132646,37.841356,37.883516,-0.042160,0.433148,-0.475309,42.634206,38.675629,41.170149,36.181109,0.102673,1.110151,0.030255,-0.012536,-0.047367,-0.049070,0.107149,0.475152,0.063793,0.326091,-0.099547,-0.099547,0.553014,1460860.000000,34921316.923600,0.043718
2019-05-17,37.439999,37.950001,36.970001,37.040001,1172400,0.000000,0.000000,36.334264,36.829204,35.878147,35.946079,38.505810,36.837521,33.928281,31.142937,37.549775,37.740002,-0.190227,0.308473,-0.498701,38.940311,38.505810,41.258282,35.753338,0.035012,1.098787,0.030568,-0.020365,-0.052201,-0.080441,0.085553,0.417563,0.023571,0.326956,-0.117885,-0.117885,0.521386,1484485.000000,43425697.172400,0.039534
2019-05-20,36.459999,36.860001,35.939999,36.150002,1323400,0.000000,0.000000,35.383225,35.771413,34.878581,35.082382,38.288930,36.860243,34.042833,31.148428,37.170176,37.543141,-0.372966,0.172185,-0.545151,35.149638,38.288930,41.398506,35.179355,-0.015593,1.096552,0.031256,-0.024028,-0.024818,-0.108282,0.053919,0.380871,-0.010512,0.331950,-0.139080,-0.139080,0.484831,1490490.000000,47840912.646800,0.025121
2019-05-21,36.560001,37.060001,36.160000,36.279999,1017200,0.000000,0.000000,35.480275,35.965509,35.092087,35.208542,38.078359,36.876381,34.143566,31.151417,36.868386,37.370208,-0.501822,0.037384,-0.539206,36.127718,38.078359,41.426655,34.730063,0.071451,1.081308,0.030712,0.003596,-0.042491,-0.106835,0.026926,0.329674,0.069993,0.332442,-0.135985,-0.135985,0.490171,1498435.000000,36904014.982800,-0.012685
2019-05-22,35.919998,36.349998,35.750000,35.930000,701800,0.000000,0.000000,34.859174,35.276476,34.694197,34.868881,37.842570,36.887275,34.234134,31.152225,36.560770,37.184925,-0.624155,-0.094924,-0.529231,34.614075,37.842570,41.401770,34.283370,0.082253,1.045663,0.029988,-0.009647,-0.061635,-0.115451,0.011019,0.322157,0.041401,0.332237,-0.144320,-0.144320,0.475795,1444450.000000,25215674.000000,-0.028008
2019-05-23,35.360001,35.720001,34.910000,35.240002,960100,0.000000,0.000000,34.315708,34.665077,33.878997,34.199253,37.664366,36.887490,34.310562,31.147034,36.197460,36.963764,-0.766304,-0.229200,-0.537104,31.786596,37.664366,41.579382,33.749351,0.057459,1.041678,0.030459,-0.019204,-0.067971,-0.136048,-0.028856,0.349190,0.019936,0.333426,-0.160752,-0.160752,0.447453,1323645.000000,33833925.920200,-0.042239
2019-05-24,35.490002,35.500000,34.889999,34.910000,758000,0.000000,0.000000,34.441874,34.451577,33.859592,33.879002,37.434789,36.880331,34.379631,31.141687,35.840774,36.735263,-0.894489,-0.362258,-0.532231,30.503277,37.434789,41.675688,33.193889,0.080774,1.009558,0.029799,-0.009364,-0.057505,-0.102860,-0.056126,0.285565,0.006055,0.301679,-0.168611,-0.168611,0.433899,1254400.000000,26461780.000000,-0.067053
2019-05-28,35.110001,35.209999,34.299999,34.310001,1103800,0.000000,0.000000,34.073099,34.170144,33.287019,33.296726,37.140252,36.861527,34.426056,31.132465,35.449382,36.480556,-1.031175,-0.496041,-0.535134,28.268584,37.140252,41.676574,32.603930,0.076361,1.000527,0.030049,-0.017187,-0.050899,-0.134488,-0.089067,0.262544,-0.008403,0.291599,-0.182900,-0.182900,0.409255,1200205.000000,37871379.103800,-0.096757
2019-05-29,33.930000,34.590000,33.810001,34.299999,1053600,0.000000,0.000000,32.927939,33.568446,32.811484,33.287010,36.821939,36.846016,34.493749,31.124882,35.116709,36.243997,-1.127288,-0.622291,-0.504998,28.231418,36.821939,41.506791,32.137087,0.122728,0.983129,0.029535,-0.000292,-0.054576,-0.150570,-0.064285,0.252078,-0.002979,0.277937,-0.183139,-0.183139,0.408844,1125520.000000,36138478.946400,-0.063332
2019-05-30,34.389999,34.869999,34.009998,34.500000,756500,0.000000,0.000000,33.374354,33.840177,33.005575,33.481106,36.524977,36.833805,34.550912,31.124536,34.865078,36.039339,-1.174261,-0.732685,-0.441576,30.205557,36.524977,41.268903,31.781051,0.179182,0.972520,0.029047,0.005831,-0.039800,-0.155654,-0.021800,0.225077,-0.004339,0.273343,-0.178376,-0.178376,0.417059,1101065.000000,26099250.000000,-0.026472
2019-05-31,34.060001,34.549999,33.750000,34.340000,965100,0.000000,0.000000,33.054107,33.529633,32.753261,33.325836,36.202782,36.829921,34.603428,31.122690,34.628272,35.838339,-1.210067,-0.828161,-0.381906,29.506336,36.202782,40.893823,31.511742,0.193357,0.958510,0.028762,-0.004638,-0.025539,-0.154603,-0.050261,0.238674,-0.020170,0.273491,-0.182186,-0.182186,0.410487,1106320.000000,33141534.000000,-0.031539
2019-06-03,34.459999,34.959999,34.330002,34.650002,1216400,0.000000,0.000000,33.442303,33.927536,33.316144,33.626694,35.846622,36.807447,34.669297,31.121867,34.474183,35.674513,-1.200330,-0.902595,-0.297735,32.754583,35.846622,40.149640,31.543604,0.242050,0.933715,0.027767,0.009028,-0.007447,-0.154465,-0.051896,0.193669,-0.004282,0.273618,-0.174803,-0.174803,0.423220,1116685.000000,42148262.432800,-0.019623
2019-06-04,35.119999,35.369999,34.009998,35.139999,1535500,0.000000,0.000000,34.082794,34.325410,33.005575,34.102203,35.567613,36.818315,34.730544,31.129687,34.416955,35.558046,-1.141091,-0.950294,-0.190797,37.645065,35.567613,39.533885,31.601340,0.315266,0.961295,0.028189,0.014141,0.024191,-0.163134,-0.033473,0.218914,-0.016812,0.259995,-0.163134,-0.163134,0.443346,1107470.000000,53957468.464500,-0.026974
2019-06-05,35.430000,35.540001,34.599998,35.439999,1125700,0.000000,0.000000,34.383642,34.490394,33.578153,34.393345,35.327907,36.834231,34.793252,31.140169,34.413323,35.471772,-1.058449,-0.971925,-0.086524,40.498372,35.327907,38.936381,31.719432,0.370505,0.957791,0.027848,0.008537,0.033236,-0.133284,0.003432,0.210086,-0.027306,0.257727,-0.155989,-0.155989,0.455668,1104155.000000,39894806.874300,-0.005835
2019-06-06,35.340000,35.650002,34.799999,35.580002,782800,0.000000,0.000000,34.296303,34.597149,33.772250,34.529217,35.113434,36.841627,34.855675,31.156632,34.431153,35.401953,-0.970800,-0.971700,0.000900,41.836020,35.113434,38.337770,31.889098,0.409405,0.948299,0.027464,0.003951,0.031305,-0.118871,0.019790,0.179171,-0.036572,0.259336,-0.152655,-0.152655,0.461419,1099340.000000,27852025.565600,-0.006362
2019-06-07,35.700001,35.860001,35.320000,35.439999,839200,0.000000,0.000000,34.645668,34.800943,34.276890,34.393345,34.907210,36.856962,34.922250,31.172657,34.425336,35.327241,-0.901905,-0.957741,0.055836,40.847105,34.907210,37.715493,32.098926,0.408509,0.917996,0.026691,-0.003935,0.032032,-0.114000,0.013169,0.246113,-0.053073,0.259090,-0.155989,-0.155989,0.455668,1086825.000000,29741247.160800,-0.031911
2019-06-10,35.759998,37.459999,35.689999,37.189999,1345300,0.000000,0.000000,34.703895,36.353690,34.635963,36.091663,34.815501,36.902387,35.005712,31.195246,34.681694,35.383865,-0.702171,-0.906627,0.204456,55.125559,34.815501,37.311109,32.319893,0.755682,0.992449,0.027498,0.049379,0.073304,-0.062988,0.049126,0.340031,-0.006314,0.321285,-0.114313,-0.114313,0.527548,1078910.000000,50031705.654700,0.014050
2019-06-11,37.750000,37.849998,36.630001,37.320000,981000,0.000000,0.000000,36.635120,36.732165,35.548198,36.217819,34.827631,36.935223,35.088212,31.216537,34.918021,35.445639,-0.527618,-0.830825,0.303207,55.975662,34.827631,37.349197,32.306065,0.775660,1.006129,0.027780,0.003495,0.062038,-0.045036,0.055170,0.403138,-0.006787,0.318694,-0.111217,-0.111217,0.532888,1041400.000000,36610920.000000,0.024668
2019-06-12,37.070000,37.169998,35.900002,35.970001,1228100,0.000000,0.000000,35.975200,36.072245,34.839756,34.907688,34.734466,36.920737,35.153743,31.231036,34.916431,35.405791,-0.489360,-0.762532,0.273172,46.189595,34.734466,37.085639,32.383293,0.536837,1.032696,0.029584,-0.036174,0.014955,-0.029674,0.021036,0.351369,-0.047740,0.292150,-0.143367,-0.143367,0.477437,1039795.000000,44174758.228100,0.001501
2019-06-13,36.180000,37.520000,36.130001,37.500000,1360700,0.000000,0.000000,35.111486,36.411912,35.062963,36.392502,34.696132,36.937303,35.227259,31.251514,35.143519,35.478881,-0.335362,-0.677098,0.341736,55.652422,34.696132,36.901318,32.490946,0.884632,1.066376,0.029302,0.042535,0.053963,-0.010293,0.062960,0.436264,-0.026401,0.319981,-0.106930,-0.106930,0.540281,1057510.000000,51026250.000000,0.035936
2019-06-14,36.980000,37.200001,36.029999,36.790001,1203800,0.000000,0.000000,35.887867,36.101371,34.965923,35.703480,34.646639,36.924395,35.299008,31.265895,35.229667,35.495518,-0.265851,-0.594849,0.328998,51.156667,34.646639,36.702460,32.590817,0.757036,1.092105,0.030588,-0.018933,0.038093,-0.039175,0.042835,0.380626,-0.041132,0.323658,-0.123839,-0.123839,0.511119,1071520.000000,44287803.203800,0.028771
2019-06-17,36.910000,36.970001,35.660000,35.730000,1612400,0.000000,0.000000,35.819937,35.878166,34.606853,34.674786,34.583074,36.891687,35.359793,31.274891,35.144301,35.434723,-0.290422,-0.533963,0.243541,45.276027,34.583074,36.546253,32.619895,0.523358,1.104906,0.031865,-0.028812,-0.039258,-0.055012,0.017973,0.346384,-0.072355,0.335225,-0.149083,-0.149083,0.467580,1093520.000000,57611052.000000,0.001052
2019-06-18,36.119999,37.369999,35.660000,37.180000,1178300,0.000000,0.000000,35.053263,36.266346,34.606849,36.081959,34.633053,36.879373,35.421793,31.291165,35.288556,35.482666,-0.194110,-0.465993,0.271882,53.201111,34.633053,36.698010,32.568095,0.850832,1.144519,0.031720,0.040582,-0.003751,0.003780,0.058382,0.435509,-0.020336,0.359836,-0.114551,-0.114551,0.527137,1086265.000000,43809194.000000,0.028614
2019-06-19,37.400002,37.540001,36.919998,37.130001,849200,0.000000,0.000000,36.295466,36.431331,35.829639,36.033440,34.674298,36.850976,35.479343,31.308642,35.403153,35.523464,-0.120311,-0.396856,0.276545,52.916556,34.674298,36.819064,32.529531,0.816851,1.105746,0.030687,-0.001345,0.032249,0.027109,0.074982,0.446935,0.002707,0.348827,-0.115742,-0.115742,0.525084,1077865.000000,31530796.849200,0.041556
2019-06-20,37.840000,38.680000,37.549999,38.500000,1140100,0.000000,0.000000,36.722468,37.537660,36.441032,37.362976,34.799003,36.839093,35.532401,31.332043,35.704665,35.659724,0.044940,-0.308497,0.353437,59.335129,34.799003,37.258365,32.339640,1.021268,1.134208,0.030356,0.036897,0.026667,0.061191,0.075181,0.488191,0.061010,0.369791,-0.083115,-0.083115,0.581355,1099780.000000,43893850.000000,0.048088
2019-06-21,38.189999,38.560001,37.750000,37.810001,1013100,0.000000,0.000000,37.062123,37.421198,36.635119,36.693348,34.923707,36.810331,35.575566,31.355953,35.856770,35.736289,0.120481,-0.222702,0.343182,55.249869,34.923707,37.504936,32.342478,0.842790,1.109342,0.030233,-0.017922,0.027725,0.052324,0.093405,0.512781,0.053508,0.374463,-0.099547,-0.099547,0.553014,1102430.000000,38305312.013100,0.042501
2019-06-24,37.959999,38.060001,37.189999,37.279999,1169700,0.000000,0.000000,36.838922,36.935971,36.091663,36.179005,35.038707,36.772831,35.610778,31.377291,35.906344,35.769083,0.137261,-0.150709,0.287970,52.272809,35.038707,37.628887,32.448528,0.720119,1.090411,0.030139,-0.014017,0.043381,0.057889,0.076835,0.472791,0.047421,0.371057,-0.112169,-0.112169,0.531245,1123015.000000,43606414.830300,0.028631
2019-06-25,37.459999,37.880001,37.029999,37.410000,1738100,0.000000,0.000000,36.353683,36.761281,35.936382,36.305161,35.189129,36.719642,35.653645,31.412371,35.967701,35.808792,0.158908,-0.088785,0.247694,52.942577,35.189129,37.701614,32.676644,0.722097,1.071446,0.029512,0.003487,0.006186,0.071612,0.062815,0.502165,0.067427,0.368348,-0.109074,-0.109074,0.536584,1154730.000000,65022321.000000,0.037696
2019-06-26,37.720001,38.200001,37.360001,37.700001,1018100,0.000000,0.000000,36.606019,37.071842,36.256650,36.586609,35.354109,36.680800,35.696130,31.443942,36.062917,35.866408,0.196509,-0.031727,0.228236,54.477407,35.354109,37.772255,32.935963,0.754844,1.053142,0.028785,0.007752,0.015352,0.098805,0.088026,0.548496,0.103804,0.360707,-0.102167,-0.102167,0.548496,1152955.000000,38382371.018100,0.053147
2019-06-27,38.049999,38.430000,37.650002,38.049999,1418000,0.000000,0.000000,36.926270,37.295048,36.538085,36.926270,35.526367,36.647590,35.739493,31.476247,36.195741,35.944917,0.250824,0.024784,0.226041,56.328640,35.526367,37.872490,33.180245,0.798344,1.031986,0.027947,0.009284,-0.011688,0.109330,0.091835,0.469100,0.102847,0.360548,-0.093832,-0.093832,0.562872,1186030.000000,53954898.582000,0.052901
2019-06-28,38.259998,38.310001,37.040001,37.320000,17789200,0.000000,0.000000,37.130057,37.178583,35.946090,36.217819,35.670966,36.590135,35.778774,31.505492,36.199138,35.965132,0.234006,0.066628,0.167378,51.613981,35.670966,37.791690,33.550243,0.628931,1.046308,0.028889,-0.019186,-0.012960,0.081739,0.047484,0.403138,0.116996,0.370277,-0.111217,-0.111217,0.532888,2027235.000000,663892944.000000,0.011656
2019-07-01,38.099998,39.380001,37.820000,38.279999,1898300,0.000000,0.000000,36.974795,38.216995,36.703065,37.149479,35.847106,36.546275,35.820397,31.548072,36.345344,36.052861,0.292483,0.111799,0.180684,56.741685,35.847106,37.833874,33.860338,0.827762,1.114370,0.029997,0.025724,0.026824,0.114735,0.042587,0.398889,0.137292,0.376237,-0.088354,-0.088354,0.572319,2061330.000000,72666922.101700,0.009090
2019-07-02,38.320000,38.320000,37.459999,37.689999,1091700,0.000000,0.000000,37.188300,37.188300,36.353697,36.576904,35.970841,36.489414,35.863463,31.586102,36.380969,36.091679,0.289289,0.147297,0.141992,53.022699,35.970841,37.802213,34.139469,0.665467,1.094387,0.029920,-0.015413,0.007485,0.087734,0.028476,0.356101,0.121415,0.382778,-0.102405,-0.102405,0.548085,2039140.000000,41146171.908300,-0.004702
2019-07-03,37.459999,37.770000,36.340000,36.599998,2043800,0.000000,0.000000,36.353687,36.654533,35.266765,35.519085,36.027128,36.411396,35.894110,31.616191,36.248371,36.049265,0.199106,0.157659,0.041447,46.906035,36.027128,37.718179,34.336076,0.349785,1.115343,0.031401,-0.028920,-0.029178,0.041548,-0.022829,0.239575,0.071597,0.397590,-0.128364,-0.128364,0.503314,2085045.000000,74803075.912400,-0.057618
2019-07-05,36.439999,36.500000,35.939999,36.259998,1135400,0.000000,0.000000,35.363806,35.422035,34.878572,35.189121,36.060123,36.323485,35.920391,31.648246,36.085410,35.985550,0.099859,0.146099,-0.046240,45.156150,36.060123,37.650893,34.469353,0.226233,1.081426,0.030732,-0.009290,-0.047044,0.023137,-0.030874,0.327003,0.074114,0.398824,-0.136461,-0.136461,0.489349,2102675.000000,41169601.729200,-0.065088
2019-07-08,35.889999,36.119999,35.119999,35.480000,1436700,0.000000,0.000000,34.830054,35.053261,34.082795,34.432163,36.062064,36.256862,35.933969,31.678204,35.831064,35.870485,-0.039421,0.108995,-0.148416,41.345500,36.062064,37.644343,34.479785,-0.015048,1.083205,0.031459,-0.021511,-0.049303,-0.002811,-0.061734,0.240136,0.019568,0.406443,-0.155037,-0.155037,0.457311,2132550.000000,50974116.000000,-0.081850
2019-07-09,35.349998,35.730000,35.000000,35.660000,948300,0.000000,0.000000,34.305996,34.674774,33.966334,34.606842,35.987823,36.179588,35.951522,31.710240,35.642722,35.776881,-0.134159,0.060364,-0.194524,42.550323,35.987823,37.698390,34.277255,0.096338,1.056436,0.030527,0.005073,-0.068443,0.006208,-0.076001,0.232692,0.032092,0.406493,-0.150750,-0.150750,0.464704,2112700.000000,33816378.000000,-0.099618
2019-07-10,35.869999,36.310001,35.619999,36.070000,1513600,0.000000,0.000000,34.810644,35.237652,34.568027,35.004738,35.927169,36.095933,35.970147,31.742578,35.544571,35.719686,-0.175115,0.013268,-0.188383,45.306284,35.927169,37.688668,34.165670,0.238169,1.028807,0.029390,0.011498,-0.042982,-0.030116,-0.077781,0.294564,0.023402,0.368640,-0.140986,-0.140986,0.481545,2139330.000000,54595552.000000,-0.114858
2019-07-11,36.070000,36.130001,35.470001,35.930000,1689800,0.000000,0.000000,35.004746,35.062975,34.422467,34.868881,35.925228,36.000245,35.987704,31.772550,35.440618,35.656663,-0.216045,-0.032594,-0.183450,44.520963,35.925228,37.691535,34.158922,0.200973,1.001071,0.028710,-0.003881,-0.018306,-0.037245,-0.085562,0.246318,0.023750,0.368342,-0.144320,-0.144320,0.475795,2162415.000000,60714514.000000,-0.114667
2019-07-12,36.000000,36.790001,35.500000,36.650002,1212400,0.000000,0.000000,34.936807,35.703476,34.451573,35.567612,35.883984,35.923191,36.010505,31.804810,35.460156,35.650067,-0.189911,-0.064058,-0.125853,49.380747,35.883984,37.642856,34.125112,0.410064,1.018988,0.028649,0.020039,0.010756,0.018905,-0.065338,0.264737,0.092082,0.352915,-0.127173,-0.127173,0.505368,2155000.000000,44434462.424800,-0.102681
2019-07-15,36.860001,36.980000,36.410000,36.590000,1074500,0.000000,0.000000,35.771411,35.887866,35.334700,35.509384,35.874279,35.837984,36.022745,31.840395,35.467729,35.639646,-0.171916,-0.085629,-0.086287,48.995578,35.874279,37.639475,34.109083,0.396642,0.985715,0.027759,-0.001637,0.031285,-0.024266,-0.088676,0.255331,0.057491,0.319168,-0.128602,-0.128602,0.502904,2148535.000000,39315955.000000,-0.122998
2019-07-16,36.470001,36.599998,36.139999,36.389999,768300,0.000000,0.000000,35.392928,35.519086,35.072672,35.315289,35.906304,35.729291,36.031010,31.877419,35.444277,35.615619,-0.171342,-0.102772,-0.068570,47.661059,35.906304,37.601734,34.210875,0.325703,0.947193,0.026821,-0.005466,0.020471,-0.010873,-0.083403,0.273273,0.047210,0.312971,-0.133365,-0.133365,0.494689,2106330.000000,27958436.231700,-0.114344
2019-07-17,36.799999,37.509998,36.000000,37.279999,1337400,0.000000,0.000000,35.713181,36.402212,34.936808,36.179005,35.911157,35.659224,36.040645,31.919967,35.557312,35.657352,-0.100039,-0.102225,0.002186,53.704053,35.911157,37.609256,34.213057,0.578867,0.984208,0.027204,0.024457,0.033546,0.043381,-0.062400,0.303959,0.063718,0.306231,-0.112169,-0.112169,0.531245,2114285.000000,49858270.662600,-0.085522
2019-07-18,37.240002,38.080002,37.240002,38.029999,1253600,0.000000,0.000000,36.140183,36.955375,36.140183,36.906849,35.954827,35.613611,36.050778,31.964949,35.764933,35.749907,0.015026,-0.078775,0.093801,58.094879,35.954827,37.710128,34.199526,0.771185,0.972136,0.026340,0.020118,0.058447,0.022862,-0.055863,0.319617,0.050929,0.281086,-0.094308,-0.094308,0.562050,2134505.000000,47674406.746400,-0.082271
2019-07-19,38.220001,38.459999,37.950001,38.049999,821200,0.000000,0.000000,37.091251,37.324161,36.829224,36.926270,35.932992,35.575763,36.054518,32.008630,35.943600,35.837045,0.106555,-0.041709,0.148264,58.208775,35.932992,37.624233,34.241750,0.793654,0.938050,0.025403,0.000526,0.038199,0.024778,-0.061414,0.302305,0.015319,0.280945,-0.093832,-0.093832,0.562872,2118560.000000,31246659.178800,-0.079973
2019-07-22,38.040001,39.130001,38.040001,38.720001,1283200,0.000000,0.000000,36.916563,37.974372,36.916563,37.576481,35.977148,35.556936,36.074544,32.057153,36.194813,35.965892,0.228921,0.012417,0.216504,61.938623,35.977148,37.793468,34.160828,0.940267,0.946604,0.025191,0.017608,0.058213,0.005714,-0.046765,0.293914,0.030472,0.257097,-0.077875,-0.077875,0.590392,2132065.000000,49685505.283200,-0.070329
2019-07-23,39.060001,39.740002,38.669998,39.720001,972300,0.000000,0.000000,37.906436,38.566353,37.527951,38.546944,36.095545,35.569358,36.117740,32.109565,36.556679,36.157081,0.399598,0.089853,0.309745,66.713706,36.095545,38.245360,33.945731,1.070142,0.953161,0.024727,0.025826,0.091509,0.050516,-0.022147,0.351170,0.058481,0.262432,-0.054060,-0.054060,0.631466,2122195.000000,38619756.972300,-0.038227
2019-07-24,39.910000,42.180000,39.910000,42.139999,2544600,0.000000,0.000000,38.731333,40.934293,38.731333,40.895473,36.325061,35.667764,36.175800,32.178105,37.224186,36.508073,0.716113,0.215105,0.501008,74.915423,36.325061,39.364967,33.285154,1.251736,1.055603,0.025812,0.060926,0.130365,0.130365,0.033114,0.430100,0.121489,0.324212,0.000000,0.000000,0.730865,2162520.000000,107229441.455400,0.006023
2019-07-25,42.430000,44.650002,41.849998,43.060001,3722100,0.000000,0.000000,41.176912,43.331350,40.614039,41.788307,36.585146,35.768110,36.239010,32.251930,37.926358,36.899202,1.027157,0.377515,0.649641,77.214038,36.585146,40.487120,32.683171,1.166734,1.174297,0.028101,0.021832,0.132264,0.151029,0.106584,0.398444,0.156655,0.328585,0.000000,0.000000,0.768654,2297720.000000,160273629.722100,0.091821
2019-07-26,43.150002,44.450001,43.139999,43.980000,1923300,0.000000,0.000000,41.875659,43.137265,41.865952,42.681145,36.872890,35.878549,36.312989,32.332773,38.657864,37.327494,1.330370,0.568086,0.762284,79.260674,36.872890,41.634791,32.110989,1.109867,1.186772,0.027806,0.021366,0.155848,0.166578,0.109450,0.409625,0.176667,0.332380,0.000000,0.000000,0.806442,2322985.000000,84586734.000000,0.086886
2019-07-29,44.060001,45.119999,43.349998,44.869999,1795500,0.000000,0.000000,42.758766,43.787458,42.069732,43.544842,37.239241,36.015579,36.405681,32.419670,39.409707,37.788038,1.621669,0.778803,0.842866,81.035248,37.239241,42.842081,31.636400,1.062715,1.224698,0.028125,0.020236,0.158832,0.179237,0.111193,0.358349,0.248498,0.335245,0.000000,0.000000,0.842997,1523300.000000,80564083.204500,0.095084
2019-07-30,44.480000,44.669998,43.849998,44.290001,1260000,0.080000,0.000000,43.243475,43.428191,42.630987,43.058758,37.534705,36.157833,36.497677,32.506836,39.971099,38.178462,1.792638,0.981570,0.811068,77.039944,37.534705,43.711467,31.357942,0.947164,1.202495,0.027927,-0.011163,0.117047,0.188883,0.085881,0.329923,0.271388,0.328096,-0.011163,-0.011163,0.822424,1491385.000000,55805401.260000,0.063866
2019-07-31,44.000000,44.349998,43.110001,43.509998,1204900,0.000000,0.000000,42.776814,43.117083,41.911556,42.300434,37.820881,36.302194,36.581218,32.594260,40.329458,38.483793,1.845665,1.154389,0.691277,71.146645,37.820881,44.332098,31.309664,0.843987,1.202711,0.028433,-0.017611,0.034355,0.138655,0.073061,0.295262,0.266994,0.333683,-0.028578,-0.028578,0.790329,1497045.000000,52425196.590200,0.057435
2019-08-01,43.430000,44.480000,41.970001,42.349998,1833600,0.000000,0.000000,42.222662,43.243472,40.803250,41.172684,38.103561,36.421477,36.648929,32.673008,40.459185,38.682970,1.776215,1.278754,0.497461,63.381529,38.103561,44.684537,31.522585,0.733181,1.291105,0.031358,-0.026660,-0.014732,0.125647,0.035277,0.285907,0.214971,0.345033,-0.054476,-0.054476,0.742598,1486535.000000,77652956.332800,0.026026
2019-08-02,42.209999,42.209999,41.259998,41.540001,678300,0.000000,0.000000,41.036573,41.036573,40.112982,40.385201,38.363365,36.531803,36.709539,32.748060,40.447803,38.809061,1.638742,1.350752,0.287990,58.574107,38.363365,44.869732,31.856998,0.655374,1.274576,0.031560,-0.019126,-0.053793,0.137000,-0.008950,0.248842,0.188352,0.334083,-0.072561,-0.072561,0.709268,1463680.000000,28176582.678300,0.010640
2019-08-05,41.099998,41.290001,40.150002,40.480000,1421700,0.000000,0.000000,39.957435,40.142155,39.033847,39.354671,38.609491,36.634911,36.761201,32.811306,40.279629,38.849477,1.430152,1.366632,0.063520,52.917536,38.609491,44.856977,32.362004,0.559638,1.280060,0.032526,-0.025518,-0.096227,0.118376,-0.008259,0.207569,0.137061,0.348085,-0.096227,-0.096227,0.665652,1462930.000000,57550416.000000,0.040644
2019-08-06,40.790001,41.660000,39.980000,40.470001,1078800,0.000000,0.000000,39.656055,40.501869,38.868572,39.344952,38.846396,36.744230,36.812281,32.873155,40.135833,38.886179,1.249654,1.343236,-0.093582,52.865684,38.846396,44.807584,32.885208,0.541817,1.305291,0.033176,-0.000247,-0.086250,0.142680,0.004019,0.218499,0.133623,0.334781,-0.096450,-0.096450,0.665241,1469455.000000,43659037.078800,0.020404
2019-08-07,39.860001,41.060001,39.860001,40.889999,920000,0.000000,0.000000,38.751912,39.918553,38.751912,39.753277,39.083823,36.873361,36.867444,32.941190,40.076978,38.950408,1.126570,1.299903,-0.173333,54.866625,39.083823,44.772807,33.394839,0.558838,1.295388,0.032586,0.010378,-0.060216,0.148711,0.024076,0.205112,0.128152,0.334985,-0.087073,-0.087073,0.682523,1439775.000000,37618799.080000,0.034209
2019-08-08,41.389999,42.029999,40.919998,41.990002,794200,0.000000,0.000000,40.239367,40.861574,39.782431,40.822689,39.381513,37.024075,36.935045,33.016742,40.191703,39.089096,1.102607,1.260444,-0.157837,59.692804,39.381513,44.756251,34.006776,0.634069,1.282024,0.031405,0.026901,-0.008501,0.166205,0.059839,0.265022,0.168089,0.341866,-0.062514,-0.062514,0.727785,1394995.000000,33348459.588400,0.043586
2019-08-09,41.709999,41.939999,41.169998,41.529999,741400,0.000000,0.000000,40.550473,40.774079,40.025484,40.375477,39.621907,37.161962,36.997884,33.089576,40.219976,39.184383,1.035592,1.215474,-0.179881,56.950255,39.621907,44.700311,34.543502,0.574194,1.247394,0.030895,-0.010955,-0.000241,0.157923,0.064590,0.244068,0.148953,0.345708,-0.072784,-0.072784,0.708857,1371445.000000,30790341.258600,0.059260
2019-08-12,41.599998,41.599998,40.950001,41.070000,631200,0.000000,0.000000,40.443526,40.443526,39.811598,39.928261,39.842850,37.294011,37.061966,33.159933,40.175096,39.239485,0.935611,1.159501,-0.223890,54.265264,39.842850,44.537934,35.147767,0.509096,1.203432,0.030140,-0.011076,0.014575,0.122602,0.109883,0.226263,0.147243,0.347977,-0.083054,-0.083054,0.689929,1349280.000000,25923384.000000,0.081585
2019-08-13,41.169998,42.650002,39.779999,42.180000,912500,0.000000,0.000000,40.025488,41.464347,38.674130,41.007412,40.127457,37.441625,37.124536,33.245664,40.303145,39.370443,0.932702,1.114141,-0.181439,59.256981,40.127457,44.331351,35.923562,0.604660,1.316774,0.032111,0.027027,0.042253,0.154833,0.115211,0.239854,0.222265,0.354419,-0.058272,-0.058272,0.735603,1356490.000000,38489250.000000,0.078768
2019-08-14,41.189999,41.580002,40.000000,41.220001,747200,0.000000,0.000000,40.044932,40.424093,38.888015,40.074100,40.322211,37.561063,37.189689,33.323739,40.267907,39.422566,0.845342,1.060381,-0.215040,53.789005,40.322211,44.094673,36.549750,0.467115,1.374104,0.034289,-0.022760,0.008070,0.134752,0.078444,0.219853,0.189320,0.366993,-0.079705,-0.079705,0.696101,1326980.000000,30799584.747200,0.084607
2019-08-15,41.369999,41.799999,41.080002,41.360001,648200,0.000000,0.000000,40.219929,40.637976,39.937994,40.210209,40.487379,37.677401,37.255816,33.405050,40.259031,39.480909,0.778121,1.003929,-0.225808,54.449133,40.487379,43.902568,37.072191,0.459421,1.325953,0.032976,0.003396,-0.015003,0.111424,0.095845,0.213263,0.189955,0.361060,-0.076579,-0.076579,0.701862,1296710.000000,26809552.648200,0.112485
2019-08-16,41.779999,42.349998,41.540001,42.259998,506700,0.000000,0.000000,40.618515,41.172669,40.385189,41.085171,40.695324,37.808520,37.325073,33.487458,40.386129,39.599744,0.786386,0.960421,-0.174035,58.548445,40.695324,43.676413,37.714236,0.565387,1.299989,0.031641,0.021760,0.017577,0.113213,0.142967,0.240751,0.262680,0.361954,-0.056486,-0.056486,0.738894,1280985.000000,21413140.986600,0.132769
2019-08-19,43.029999,43.310001,42.770000,42.790001,709900,0.000000,0.000000,41.833771,42.105989,41.581000,41.600445,40.896523,37.952662,37.404812,33.566304,40.572947,39.747944,0.825003,0.933337,-0.108334,60.786563,40.896523,43.512070,38.280975,0.634565,1.280048,0.030770,0.012542,0.041880,0.126581,0.185793,0.249730,0.288058,0.362323,-0.044653,-0.044653,0.760702,1252320.000000,30376621.709900,0.146788
2019-08-20,42.820000,43.029999,42.110001,42.410000,621500,0.000000,0.000000,41.629616,41.833777,40.939355,41.231014,41.030726,38.055449,37.478918,33.644172,40.674188,39.857801,0.816387,0.909947,-0.093560,58.353847,41.030726,43.402771,38.658682,0.542218,1.252503,0.030378,-0.008880,0.005453,0.097256,0.171051,0.202583,0.319961,0.363190,-0.053137,-0.053137,0.745067,1234780.000000,26357815.000000,0.150136
2019-08-21,42.950001,43.419998,42.580002,43.410000,829400,0.000000,0.000000,41.756002,42.212933,41.396288,42.203213,41.096113,38.175156,37.555190,33.719119,40.909423,40.031535,0.877888,0.903535,-0.025648,62.596194,41.096113,43.523902,38.668324,0.728006,1.233176,0.029220,0.023579,0.053129,0.094852,0.210340,0.223678,0.353173,0.361621,-0.030810,-0.030810,0.786214,1149020.000000,36004254.000000,0.175587
2019-08-22,43.360001,43.360001,41.509998,43.160000,892100,0.000000,0.000000,42.154600,42.154600,40.356028,41.960159,41.104706,38.316206,37.618471,33.792078,41.071074,40.174396,0.896678,0.902164,-0.005486,60.925254,41.104706,43.543999,38.665413,0.675349,1.277034,0.030434,-0.005759,0.043520,0.026034,0.226932,0.191528,0.328947,0.299042,-0.036392,-0.036392,0.775927,1007520.000000,38503036.000000,0.179331
2019-08-23,42.939999,42.939999,41.240002,41.490002,719500,0.000000,0.000000,41.746281,41.746281,40.093544,40.336594,40.987478,38.395088,37.666195,33.861800,40.958077,40.186411,0.771667,0.876064,-0.104398,51.110589,40.987478,43.331258,38.643698,0.361147,1.319147,0.032703,-0.038693,-0.018220,-0.034740,0.190608,0.123784,0.262112,0.319706,-0.073677,-0.073677,0.707211,947330.000000,29852056.439000,0.175581
2019-08-26,41.939999,42.139999,41.330002,41.529999,861800,0.000000,0.000000,40.774079,40.968520,40.181040,40.375477,40.829010,38.488528,37.706461,33.931427,40.868447,40.200416,0.668031,0.834458,-0.166427,51.312876,40.829010,42.851275,38.806745,0.387865,1.281171,0.031731,0.000964,-0.029446,-0.054021,0.212596,0.104593,0.261426,0.308960,-0.072784,-0.072784,0.708857,900645.000000,35790553.138200,0.180208
2019-08-27,41.880001,42.040001,41.029999,41.180000,995900,0.000000,0.000000,40.715739,40.871291,39.889367,40.035198,40.677832,38.595736,37.743712,33.997129,40.740255,40.188177,0.552077,0.777982,-0.225904,49.387014,40.677832,42.432624,38.923039,0.316892,1.259796,0.031467,-0.008428,-0.029003,-0.080598,0.202727,0.125410,0.239594,0.298197,-0.080598,-0.080598,0.694455,887440.000000,41011162.000000,0.165676
2019-08-28,41.080002,41.779999,40.770000,41.619999,345300,0.000000,0.000000,39.937993,40.618530,39.636610,40.462978,40.585959,38.683356,37.781365,34.065599,40.697597,40.208533,0.489064,0.720198,-0.231134,51.834418,40.585959,42.166843,39.005075,0.461104,1.239948,0.030644,0.010685,-0.041235,-0.060285,0.208532,0.182185,0.232602,0.301015,-0.070774,-0.070774,0.712560,844460.000000,14371385.654700,0.170322
2019-08-29,42.200001,43.049999,42.160000,42.889999,392600,0.000000,0.000000,41.026853,41.853222,40.987964,41.697670,40.612208,38.796641,37.823808,34.144689,40.851454,40.318839,0.532615,0.682681,-0.150067,58.127901,40.612208,42.250503,38.973914,0.831278,1.250683,0.029994,0.030514,-0.006256,-0.014250,0.251212,0.188324,0.268352,0.316894,-0.042420,-0.042420,0.764817,772410.000000,16838613.607400,0.181410
2019-08-30,43.099998,43.540001,42.610001,42.830002,489500,0.000000,0.000000,41.901826,42.329597,41.425450,41.639336,40.674915,38.882168,37.860631,34.228514,40.972667,40.416654,0.556013,0.657348,-0.101335,57.744009,40.674915,42.371591,38.978240,0.784209,1.225930,0.029442,-0.001399,0.032297,0.011334,0.238282,0.174020,0.268437,0.302360,-0.043760,-0.043760,0.762349,762970.000000,20965285.979000,0.152389
2019-09-03,42.639999,42.830002,42.230000,42.580002,559600,0.000000,0.000000,41.454631,41.639351,41.056029,41.396301,40.776997,38.976227,37.893279,34.308707,41.037841,40.489220,0.548621,0.635602,-0.086981,56.082200,40.776997,42.382435,39.171558,0.692877,1.180030,0.028506,-0.005837,0.025283,0.025036,0.213889,0.173257,0.272242,0.294784,-0.049341,-0.049341,0.752062,719865.000000,23827769.119200,0.167784
2019-09-04,43.040001,43.580002,42.790001,43.220001,887200,0.000000,0.000000,41.843505,42.368494,41.600455,42.018501,40.910674,39.093017,37.932924,34.391770,41.188712,40.602500,0.586211,0.625724,-0.039513,59.310697,40.910674,42.458235,39.363113,0.857927,1.165184,0.027730,0.015030,0.049539,0.067688,0.221704,0.225898,0.285650,0.281392,-0.035052,-0.035052,0.778396,710285.000000,38344784.887200,0.168718
2019-09-05,43.660000,44.750000,43.660000,44.180000,822000,0.000000,0.000000,42.446268,43.505967,42.446268,42.951813,41.070601,39.225950,37.972796,34.474133,41.459958,40.776524,0.683435,0.637266,0.046168,63.629742,41.070601,42.768348,39.372854,1.054032,1.188204,0.027664,0.022212,0.061509,0.091673,0.243927,0.268544,0.345970,0.288516,-0.013619,-0.013619,0.817898,705385.000000,36315960.000000,0.178103
2019-09-06,44.200001,44.660000,43.869999,44.290001,807500,0.000000,0.000000,42.971260,43.418471,42.650432,43.058758,41.182404,39.355393,38.018097,34.557564,41.705927,40.945578,0.760349,0.661883,0.098467,64.099983,41.182404,43.092623,39.272185,0.991136,1.158193,0.026898,0.002490,0.032642,0.083150,0.251950,0.268437,0.349322,0.287730,-0.011163,-0.011163,0.822424,706050.000000,35764175.807500,0.205326
2019-09-09,44.570000,44.599998,44.130001,44.570000,676700,0.000000,0.000000,43.330959,43.360124,42.903193,43.330959,41.330178,39.483487,38.065538,34.647479,41.955932,41.122273,0.833659,0.696238,0.137421,65.328717,41.330178,43.425831,39.234526,0.977365,1.108103,0.025573,0.006322,0.040626,0.061443,0.200581,0.259561,0.479424,0.275640,-0.004912,-0.004912,0.833945,702815.000000,30160519.000000,0.166800
2019-09-10,44.400002,44.950001,43.860001,44.750000,1091500,0.000000,0.000000,43.165694,43.700403,42.640705,43.505962,41.509063,39.629250,38.109692,34.733241,42.194398,41.298842,0.895556,0.736102,0.159454,66.131322,41.509063,43.709041,39.309086,0.953845,1.104645,0.025391,0.004039,0.050963,0.077534,0.201231,0.267503,0.437147,0.270937,-0.000893,-0.000893,0.841352,725830.000000,48844625.000000,0.167790
2019-09-11,44.860001,45.779999,44.560001,45.470001,875400,0.000000,0.000000,43.612905,44.507328,43.321246,44.205948,41.668990,39.770379,38.158327,34.822407,42.503868,41.514184,0.989684,0.786818,0.202866,69.202314,41.668990,44.161063,39.176918,1.009006,1.110462,0.025120,0.016089,0.052059,0.107134,0.266367,0.293006,0.451028,0.268601,0.000000,0.000000,0.870978,723975.000000,39804438.875400,0.217994
2019-09-12,45.509998,46.750000,45.509998,46.509998,880900,0.000000,0.000000,44.244829,45.450359,44.244829,45.217030,41.926137,39.943182,38.216298,34.915565,42.921277,41.788469,1.132809,0.856016,0.276792,73.009261,41.926137,44.762812,39.089462,1.080062,1.120030,0.024770,0.022872,0.052739,0.102655,0.242482,0.320708,0.488927,0.264663,0.000000,0.000000,0.913771,730660.000000,40970657.238200,0.196886
2019-09-13,46.669998,47.570000,46.340000,47.110001,984400,0.000000,0.000000,45.372584,46.247565,45.051759,45.800354,42.205644,40.148807,38.280101,35.007918,43.364212,42.085645,1.278567,0.940526,0.338040,74.934330,42.205644,45.408426,39.002862,1.061186,1.125442,0.024573,0.012901,0.063671,0.142892,0.282798,0.337746,0.599538,0.246055,0.000000,0.000000,0.938460,747470.000000,46375084.984400,0.234053
2019-09-16,46.750000,47.270000,46.419998,47.270000,716300,0.000000,0.000000,45.450369,45.955914,45.129541,45.955914,42.449181,40.364143,38.343814,35.103176,43.762935,42.372332,1.390604,1.030542,0.360062,75.437457,42.449181,46.013551,38.884812,0.991915,1.104080,0.024025,0.003396,0.060579,0.142892,0.325341,0.349162,0.586277,0.246055,0.000000,0.000000,0.945044,757950.000000,33859501.000000,0.286014
2019-09-17,47.349998,47.830002,46.939999,47.430000,960200,0.000000,0.000000,46.033680,46.500339,45.635078,46.111458,42.674732,40.597729,38.427295,35.192879,44.124247,42.649304,1.474943,1.119422,0.355521,75.957123,42.674732,46.568639,38.780825,0.941295,1.087022,0.023574,0.003385,0.059888,0.122338,0.277964,0.352575,0.563038,0.239846,0.000000,0.000000,0.951627,770465.000000,45542286.000000,0.248779
2019-09-18,47.900002,48.000000,46.849998,47.590000,825000,0.000000,0.000000,46.568401,46.665619,45.547587,46.267017,42.926532,40.830932,38.505260,35.284326,44.453904,42.917283,1.536621,1.202862,0.333759,76.492771,42.926532,47.070622,38.782442,0.903042,1.089237,0.023542,0.003374,0.046624,0.112176,0.284002,0.380279,0.607716,0.238612,0.000000,0.000000,0.958211,780640.000000,39261750.000000,0.260206
2019-09-19,47.730000,47.930000,47.290001,47.630001,704700,0.000000,0.000000,46.403115,46.597556,45.975349,46.305897,43.131666,41.056955,38.576444,35.373744,44.738826,43.168291,1.570534,1.276396,0.294138,76.632896,43.131666,47.523749,38.739583,0.861358,1.055877,0.022802,0.000840,0.024081,0.123084,0.239352,0.332528,0.628157,0.233719,0.000000,0.000000,0.959857,774405.000000,33564861.704700,0.223015
2019-09-20,47.810001,47.959999,46.930000,47.520000,1415200,0.000000,0.000000,46.480898,46.626726,45.625361,46.198959,43.343606,41.283557,38.641901,35.458326,44.963462,43.392785,1.570676,1.335252,0.235424,75.303309,43.343606,47.903543,38.783670,0.813091,1.051984,0.022771,-0.002309,0.008703,0.094679,0.259055,0.376657,0.638281,0.225761,-0.002309,-0.002309,0.955331,800560.000000,67250304.000000,0.248353
2019-09-23,47.240002,48.360001,47.200001,48.009998,609100,0.000000,0.000000,45.926744,47.015607,45.887855,46.675335,43.660543,41.505711,38.714451,35.553700,45.226827,43.635937,1.590890,1.386380,0.204510,77.200977,43.660543,48.221618,39.099468,0.830491,1.057396,0.022654,0.010311,0.015655,0.112373,0.290122,0.389249,0.635603,0.223489,0.000000,0.000000,0.975493,795040.000000,29242889.781800,0.276787
2019-09-24,48.090000,48.430000,46.849998,47.119999,871200,0.000000,0.000000,46.753109,47.083657,45.547579,45.810074,43.932273,41.711725,38.774854,35.648083,45.316557,43.796984,1.519573,1.413018,0.106554,67.113686,43.932273,48.313291,39.551256,0.714311,1.091587,0.023829,-0.018538,-0.006536,0.135695,0.261806,0.341066,0.586523,0.180386,-0.018538,-0.018538,0.938871,795510.000000,41050943.128800,0.247993
2019-09-25,47.250000,47.889999,46.439999,47.790001,861400,0.000000,0.000000,45.936460,46.558667,45.148976,46.461449,44.253586,41.934648,38.831970,35.751330,45.492694,43.994352,1.498342,1.430083,0.068259,70.263666,44.253586,48.365518,40.141653,0.768470,1.114309,0.023984,0.014219,0.004202,0.150734,0.269903,0.381687,0.595761,0.181436,-0.004582,-0.004582,0.966440,788785.000000,41166306.861400,0.248739
2019-09-26,47.910000,48.090000,47.340000,47.689999,634600,0.000000,0.000000,46.578116,46.753113,46.023962,46.364231,44.548648,42.138353,38.898788,35.853995,45.626777,44.169899,1.456878,1.435442,0.021436,69.198326,44.548648,48.350527,40.746770,0.738774,1.086798,0.023440,-0.002092,0.001260,0.158087,0.255589,0.370896,0.632976,0.175995,-0.006665,-0.006665,0.962326,803250.000000,30264073.365400,0.247695
2019-09-27,47.500000,47.529999,46.070000,46.290001,903700,0.000000,0.000000,46.179520,46.208685,44.789273,45.003159,44.713923,42.300279,38.956945,35.952319,45.530836,44.231622,1.299214,1.408197,-0.108982,56.322896,44.713923,48.273639,41.154206,0.540626,1.121666,0.024924,-0.029356,-0.025884,0.112206,0.242570,0.301571,0.612414,0.215795,-0.035826,-0.035826,0.904719,828805.000000,41832273.903700,0.250889
2019-09-30,46.500000,47.139999,46.240002,47.060001,987800,0.000000,0.000000,45.207321,45.829529,44.954551,45.751755,44.919544,42.476789,39.026276,36.051776,45.564823,44.344224,1.220599,1.370677,-0.150078,60.658667,44.919544,48.195241,41.643846,0.627028,1.104046,0.024131,0.016634,-0.019787,0.097226,0.231558,0.284007,0.653514,0.200033,-0.019787,-0.019787,0.936403,853720.000000,46485868.987800,0.242907
2019-10-01,47.480000,47.840000,46.580002,46.880001,957900,0.000000,0.000000,46.160074,46.510067,45.285096,45.576756,45.128566,42.636794,39.096865,36.150890,45.566659,44.435523,1.131136,1.322769,-0.191633,59.179701,45.128566,47.961207,42.295926,0.579112,1.112683,0.024413,-0.003825,-0.005093,0.094560,0.246053,0.281535,0.632965,0.201108,-0.023537,-0.023537,0.928996,873635.000000,44906352.957900,0.270767
2019-10-02,46.349998,46.860001,45.610001,46.240002,945600,0.000000,0.000000,45.061483,45.557307,44.342057,44.954544,45.275369,42.764946,39.167152,36.249986,45.472487,44.473969,0.998519,1.257919,-0.259400,54.126543,45.275369,47.705013,42.845724,0.433977,1.121399,0.024945,-0.013652,-0.032433,0.085956,0.265645,0.236751,0.594697,0.207825,-0.036867,-0.036867,0.902662,876555.000000,43724545.891200,0.312765
2019-10-03,46.400002,47.040001,45.430000,46.869999,1343600,0.000000,0.000000,45.110093,45.732300,44.167057,45.567024,45.406129,42.858377,39.263071,36.353305,45.487032,44.554936,0.932096,1.192754,-0.260658,57.934198,45.406129,47.576953,43.235306,0.537058,1.153102,0.025306,0.013624,-0.017194,0.084451,0.294918,0.254939,0.634876,0.206941,-0.023745,-0.023745,0.928584,902635.000000,62974530.656400,0.330392
2019-10-04,47.200001,47.680000,46.910000,47.619999,607400,0.000000,0.000000,45.887855,46.354510,45.605916,46.296177,45.568000,42.948535,39.358322,36.459254,45.611515,44.683917,0.927599,1.139723,-0.212124,61.980126,45.568000,47.467709,43.668291,0.691655,1.126986,0.024343,0.016002,0.028732,0.077863,0.344562,0.261556,0.649624,0.201071,-0.008123,-0.008123,0.959445,892630.000000,28924387.392600,0.358875
2019-10-07,47.000000,47.279999,46.570000,46.790001,680200,0.000000,0.000000,45.693411,45.965626,45.275365,45.489250,45.675915,43.004697,39.441623,36.565422,45.592705,44.743571,0.849134,1.081605,-0.232471,55.606128,45.675915,47.259460,44.092369,0.441061,1.119403,0.024608,-0.017430,-0.005738,0.056446,0.314458,0.214559,0.673176,0.213951,-0.025411,-0.025411,0.925293,892805.000000,31826558.680200,0.337235
2019-10-08,46.290001,46.549999,45.500000,45.560001,590500,0.000000,0.000000,45.003155,45.255926,44.235116,44.293449,45.715289,43.019669,39.517624,36.664065,45.392820,44.710229,0.682591,1.001803,-0.319211,47.766550,45.715289,47.098092,44.332486,-0.014115,1.129026,0.025490,-0.026288,-0.028157,0.022213,0.265356,0.166935,0.639073,0.235719,-0.051031,-0.051031,0.874682,867755.000000,26903180.590500,0.311531
2019-10-09,46.220001,46.380001,45.759998,45.990002,540800,0.000000,0.000000,44.935096,45.090648,44.487881,44.711491,45.740566,43.052724,39.605278,36.766780,45.288000,44.710322,0.577678,0.916978,-0.339300,50.399265,45.740566,47.021964,44.459168,0.098456,1.105324,0.024721,0.009438,-0.005407,0.027710,0.282275,0.172561,0.686431,0.237289,-0.042075,-0.042075,0.892375,851025.000000,24871393.081600,0.317938
2019-10-10,46.169998,46.799999,45.869999,46.230000,555900,0.000000,0.000000,44.886491,45.498978,44.594831,44.944824,45.726956,43.105612,39.703903,36.873368,45.235204,44.727693,0.507511,0.835084,-0.327573,51.857816,45.726956,47.037225,44.416687,0.201538,1.090954,0.024273,0.005219,-0.013655,0.016714,0.263645,0.181081,0.717719,0.231738,-0.037075,-0.037075,0.902250,834775.000000,25699257.000000,0.299229
2019-10-11,47.209999,47.910000,46.799999,47.369999,798700,0.000000,0.000000,45.897568,46.578109,45.498966,46.053120,45.739594,43.203220,39.812348,36.977957,45.361037,44.825872,0.535165,0.775100,-0.239936,58.152420,45.739594,47.057697,44.421492,0.618931,1.129692,0.024530,0.024659,-0.005250,0.018491,0.296928,0.181921,0.797158,0.233946,-0.013331,-0.013331,0.949158,825490.000000,37834418.201300,0.321286
2019-10-14,47.340000,47.439999,46.860001,47.119999,517600,0.000000,0.000000,46.023959,46.121178,45.557303,45.810074,45.732302,43.311718,39.921760,37.077947,45.430120,44.898776,0.531343,0.726349,-0.195006,56.410532,45.732302,47.046975,44.417629,0.529578,1.089277,0.023778,-0.005278,0.007053,0.000212,0.297174,0.188986,0.846012,0.230725,-0.018538,-0.018538,0.938871,815555.000000,24389311.482400,0.318353
2019-10-15,47.509998,48.209999,47.209999,47.980000,568900,0.000000,0.000000,46.189232,46.869773,45.897573,46.646168,45.759038,43.457548,40.046230,37.178396,45.617204,45.028213,0.588991,0.698877,-0.109886,60.764479,45.759038,47.126850,44.391225,0.824288,1.087164,0.023307,0.018251,0.053117,0.015020,0.289316,0.208863,0.834797,0.238981,-0.000625,-0.000625,0.974258,795990.000000,27295822.000000,0.293775
2019-10-16,47.680000,47.880001,46.980000,47.180000,718000,0.000000,0.000000,46.354501,46.548941,45.673960,45.868401,45.739107,43.588017,40.166124,37.272877,45.655850,45.090449,0.565401,0.672182,-0.106781,55.237189,45.739107,47.087228,44.390985,0.547953,1.078953,0.023523,-0.016674,0.025875,-0.005271,0.242815,0.173388,0.807631,0.246257,-0.017288,-0.017288,0.941340,790640.000000,33875240.000000,0.252936
2019-10-17,47.430000,48.599998,47.389999,48.400002,1151600,0.000000,0.000000,46.111454,47.248926,46.072565,47.054489,45.776536,43.734041,40.303701,37.364879,45.871025,45.235933,0.635092,0.664764,-0.029672,61.055077,45.776536,47.228487,44.324586,0.940081,1.100494,0.023388,0.025858,0.046939,0.017020,0.274282,0.196023,0.761990,0.262104,0.000000,0.000000,0.991540,812985.000000,55737442.303200,0.273011
2019-10-18,48.389999,48.799999,47.869999,48.709999,972300,0.000000,0.000000,47.044766,47.443367,46.539221,47.355869,45.834382,43.864704,40.444390,37.469069,46.099462,45.392966,0.706497,0.673111,0.033386,62.392607,45.834382,47.441124,44.227640,0.973470,1.086469,0.022943,0.006405,0.028288,0.022675,0.260253,0.201317,0.755530,0.262787,0.000000,0.000000,1.004296,790840.000000,47360732.027700,0.274221
2019-10-21,49.150002,49.400002,48.750000,49.009998,901600,0.000000,0.000000,47.783637,48.026687,47.394755,47.647526,45.882992,44.010145,40.586054,37.568483,46.337626,45.559970,0.777656,0.694020,0.083636,63.692165,45.882992,47.647896,44.118087,0.999895,1.056780,0.022179,0.006159,0.040110,0.031355,0.236091,0.208715,0.822354,0.263000,0.000000,0.000000,1.016640,805465.000000,44187414.196800,0.246805
2019-10-22,49.080002,49.509998,48.000000,48.040001,964400,0.000000,0.000000,47.715580,48.133622,46.665602,46.704491,45.927712,44.145670,40.719841,37.661634,46.394067,45.644749,0.749317,0.705079,0.044238,56.851414,45.927712,47.729773,44.125651,0.715525,1.086154,0.023256,-0.019792,0.001250,0.000625,0.142046,0.179864,0.816426,0.270992,-0.019792,-0.019792,0.976727,810125.000000,46329776.964400,0.168147
2019-10-23,47.700001,47.959999,47.230000,47.619999,1038300,0.000000,0.000000,46.373955,46.626725,45.917019,46.296177,45.919449,44.251445,40.846535,37.757916,46.379007,45.693003,0.686004,0.701264,-0.015261,54.140052,45.919449,47.712699,44.126199,0.605041,1.064820,0.023000,-0.008742,0.009326,0.010611,0.107874,0.225956,0.793820,0.264519,-0.028361,-0.028361,0.959445,818970.000000,49443844.961700,0.122288
2019-10-24,46.279999,47.720001,44.619999,47.570000,2463100,0.000000,0.000000,44.993431,46.393402,43.379578,46.247570,45.913616,44.374915,40.967989,37.849266,46.358786,45.734082,0.624704,0.685952,-0.061248,53.811044,45.913616,47.701525,44.125706,0.593392,1.204034,0.026035,-0.001050,-0.017149,-0.004603,0.083560,0.202155,0.788596,0.259887,-0.029382,-0.029382,0.957388,910395.000000,117169667.000000,0.100895
2019-10-25,47.400002,48.040001,46.419998,47.980000,1228700,0.000000,0.000000,46.082294,46.704501,45.129534,46.646168,45.995766,44.503634,41.090517,37.941885,46.402998,45.801644,0.601354,0.669032,-0.067678,56.163621,45.995766,47.758340,44.233192,0.684503,1.230529,0.026380,0.008619,-0.014987,0.006081,0.071221,0.190334,0.954892,0.261492,-0.021016,-0.021016,0.974258,926645.000000,58953026.000000,0.077276
2019-10-28,48.549999,49.680000,48.549999,49.630001,1254800,0.000000,0.000000,47.200327,48.298914,47.200327,48.250305,46.120694,44.646937,41.227728,38.041702,46.687199,45.983026,0.704173,0.676061,0.028112,64.090559,46.120694,48.145172,44.096215,1.025965,1.260688,0.026128,0.034389,0.012651,0.072154,0.120569,0.216805,0.972703,0.263270,0.000000,0.000000,1.042152,939995.000000,62275725.254800,0.114238
2019-10-29,49.700001,50.150002,49.119999,49.189999,952500,0.080000,0.000000,48.396367,48.834564,47.831579,47.899742,46.236843,44.772923,41.362792,38.142521,46.873744,46.125005,0.748739,0.690596,0.058143,61.474340,46.236843,48.392241,44.081445,0.885752,1.242280,0.025935,-0.007266,0.025592,0.046949,0.132370,0.215102,1.000156,0.261203,-0.007266,-0.007266,1.027315,939725.000000,46853474.047500,0.119963
2019-10-30,49.209999,49.349998,48.540001,49.020000,813000,0.000000,0.000000,47.919222,48.055549,47.266798,47.734207,46.375826,44.902986,41.479218,38.242465,47.006123,46.244206,0.761918,0.704861,0.057057,60.224198,46.375826,48.541528,44.210125,0.813612,1.209885,0.025346,-0.003456,0.031062,0.047337,0.159366,0.200265,0.940131,0.261097,-0.010696,-0.010696,1.020309,933095.000000,39853260.000000,0.135589
2019-10-31,48.919998,48.919998,47.590000,48.000000,1061800,0.000000,0.000000,47.636830,47.636830,46.341717,46.740963,46.434523,44.993741,41.584449,38.336330,46.965329,46.281002,0.684327,0.700754,-0.016427,53.229505,46.434523,48.571368,44.297678,0.571704,1.222929,0.026164,-0.020808,0.010669,0.039738,0.157378,0.147020,0.809466,0.267710,-0.031282,-0.031282,0.978270,919005.000000,50966400.000000,0.121360
2019-11-01,48.450001,49.009998,48.169998,48.250000,1284500,0.000000,0.000000,47.179145,47.724454,46.906487,46.984390,46.468934,45.094226,41.705216,38.429479,46.968262,46.333105,0.635157,0.687634,-0.052478,54.620591,46.468934,48.618526,44.319342,0.619896,1.205826,0.025664,0.005208,0.007251,0.031105,0.193871,0.184011,0.831226,0.264672,-0.026236,-0.026236,0.988573,952860.000000,61977125.000000,0.108399
2019-11-04,48.759998,48.930000,48.099998,48.439999,1432300,0.000000,0.000000,47.481017,47.646560,46.838329,47.169411,46.552942,45.230882,41.812985,38.520122,46.999208,46.395054,0.604154,0.670938,-0.066784,55.699119,46.552942,48.672439,44.433444,0.645428,1.177426,0.024962,0.003938,-0.022402,0.018862,0.198868,0.203686,0.733290,0.259648,-0.022402,-0.022402,0.996404,990465.000000,69380610.567700,0.122281
2019-11-05,48.560001,48.980000,47.779999,48.470001,604800,0.000000,0.000000,47.286267,47.695248,46.526724,47.198627,46.698201,45.367345,41.927937,38.613472,47.029888,46.454578,0.575310,0.651813,-0.076503,55.877446,46.698201,48.546550,44.849851,0.635371,1.176790,0.024933,0.000619,-0.014637,0.037578,0.187289,0.215874,0.724562,0.250871,-0.021796,-0.021796,0.997641,991180.000000,29314656.604800,0.114561
2019-11-06,48.389999,48.389999,47.240002,48.060001,776400,0.000000,0.000000,47.120727,47.120727,46.000894,46.799385,46.802595,45.502629,42.049183,38.704488,46.994426,46.480119,0.514307,0.624312,-0.110005,52.752460,46.802595,48.396871,45.208320,0.498993,1.178286,0.025177,-0.008459,-0.019584,0.056576,0.146406,0.215006,0.773237,0.232587,-0.030071,-0.030071,0.980743,1002960.000000,37313784.776400,0.100199
2019-11-07,48.500000,48.639999,47.529999,47.630001,545100,0.000000,0.000000,47.227844,47.364171,46.283286,46.380665,46.874387,45.620983,42.152170,38.786981,46.900001,46.472752,0.427249,0.584899,-0.157650,49.618270,46.874387,48.227494,45.521280,0.317560,1.171329,0.025255,-0.008947,-0.007708,0.037332,0.148734,0.222931,0.753517,0.234612,-0.038749,-0.038749,0.963021,1002420.000000,25963113.545100,0.089006
2019-11-08,47.330002,48.049999,47.250000,47.750000,561100,0.000000,0.000000,46.088535,46.789647,46.010632,46.497517,46.896607,45.716980,42.256810,38.868077,46.838080,46.474586,0.363494,0.540618,-0.177124,50.502096,46.896607,48.206846,45.586369,0.347703,1.143307,0.024589,0.002519,-0.010362,0.034547,0.164526,0.292488,0.728868,0.234310,-0.036327,-0.036327,0.967967,990540.000000,26792525.000000,0.086710
2019-11-11,47.330002,48.099998,47.330002,47.889999,600900,0.000000,0.000000,46.088534,46.838333,46.088534,46.633842,46.937796,45.816870,42.349519,38.940960,46.806659,46.486383,0.320276,0.496550,-0.176274,51.569518,46.937796,48.152530,45.723061,0.374889,1.115199,0.023914,0.002932,-0.011354,0.012610,0.137205,0.268224,0.742078,0.219106,-0.033502,-0.033502,0.973737,994705.000000,28777100.399100,0.081329
2019-11-12,48.009998,48.459999,47.610001,47.980000,487200,0.000000,0.000000,46.750697,47.188894,46.361191,46.721485,46.941561,45.923374,42.449800,39.012683,46.793555,46.503798,0.289757,0.455191,-0.165434,52.281974,46.941561,48.152952,45.730171,0.409164,1.094664,0.023430,0.001879,-0.010109,0.019895,0.165877,0.257334,0.805334,0.218051,-0.031685,-0.031685,0.977446,990620.000000,23375856.000000,0.074270
2019-11-13,47.630001,48.689999,47.500000,48.570000,498500,0.000000,0.000000,46.380663,47.412857,46.254072,47.296005,47.012942,46.028924,42.560970,39.085874,46.870855,46.562480,0.308375,0.425828,-0.117453,56.771330,47.012942,48.121997,45.903886,0.627615,1.099244,0.023242,0.012297,0.010612,0.013931,0.176219,0.288953,0.901402,0.213043,-0.019778,-0.019778,1.001762,979645.000000,24212145.000000,0.084096
2019-11-14,48.459999,48.759998,47.740002,48.049999,378300,0.000000,0.000000,47.188884,47.481014,46.487772,46.789639,46.999699,46.105680,42.665815,39.159730,46.858361,46.579307,0.279054,0.396473,-0.117419,52.117316,46.999699,48.112983,45.886416,0.405657,1.091672,0.023331,-0.010706,0.008818,0.020084,0.138845,0.301662,0.845188,0.207835,-0.030273,-0.030273,0.980331,940980.000000,18177314.621700,0.065006
2019-11-15,48.590000,49.959999,48.500000,49.549999,915000,0.000000,0.000000,47.315483,48.649547,47.227844,48.250301,47.044421,46.209511,42.782452,39.239291,47.072505,46.703084,0.369421,0.391063,-0.021642,61.836266,47.044421,48.282781,45.806060,0.986886,1.146546,0.023762,0.031218,0.037696,0.025413,0.159851,0.375343,0.899170,0.216548,-0.000000,-0.000000,1.042152,938115.000000,45338249.085000,0.092622
2019-11-18,49.580002,49.810001,47.540001,47.680000,1025500,0.000000,0.000000,48.279512,48.503479,46.293021,46.429348,46.983512,46.271479,42.877483,39.308488,46.973558,46.682807,0.290751,0.371000,-0.080250,48.594123,46.983512,48.216794,45.750230,0.275330,1.222540,0.026331,-0.037740,-0.004385,-0.019565,0.126078,0.318696,0.753435,0.254128,-0.037740,-0.037740,0.965082,944310.000000,48895840.000000,0.050419
2019-11-19,47.810001,48.500000,47.209999,48.320000,760200,0.000000,0.000000,46.555938,47.227838,45.971674,47.052559,47.000915,46.342411,42.985830,39.382302,46.985712,46.710196,0.275516,0.351903,-0.076388,52.354713,47.000915,48.227424,45.774407,0.521053,1.224942,0.026033,0.013423,0.007086,-0.012487,0.114905,0.349414,0.784137,0.257859,-0.024824,-0.024824,0.991458,934100.000000,36732864.000000,0.046272
2019-11-20,48.150002,48.669998,46.950001,47.009998,698200,0.000000,0.000000,46.887017,47.393374,45.718493,45.776917,46.974952,46.373830,43.072105,39.446251,46.799744,46.641065,0.158679,0.313259,-0.154580,45.084475,46.974952,48.283513,45.666392,0.042232,1.257080,0.027461,-0.027111,-0.032119,-0.019860,0.090961,0.338536,0.805939,0.265890,-0.051262,-0.051262,0.937468,917095.000000,32822380.603600,0.023972
2019-11-21,46.930000,47.049999,45.700001,45.930000,944100,0.000000,0.000000,45.699024,45.815875,44.501287,44.725254,46.898837,46.363995,43.153588,39.508525,46.480591,46.499153,-0.018561,0.246895,-0.265456,40.136121,46.898837,48.524276,45.273397,-0.168614,1.261188,0.028199,-0.022974,-0.044121,-0.033932,0.108801,0.320147,0.697134,0.275624,-0.073058,-0.073058,0.892957,841145.000000,43362513.000000,0.011476
2019-11-22,46.209999,46.730000,45.750000,46.459999,575700,0.000000,0.000000,44.997894,45.504255,44.549961,45.241337,46.828595,46.352814,43.250811,39.572460,46.289937,46.405981,-0.116044,0.174307,-0.290351,43.418122,46.828595,48.613593,45.043597,0.055390,1.239267,0.027392,0.011539,-0.062362,-0.021758,0.120515,0.358732,0.715459,0.279308,-0.062362,-0.062362,0.914800,808495.000000,26747021.424300,0.035697
2019-11-25,46.599998,47.360001,46.560001,47.320000,785900,0.000000,0.000000,45.377681,46.117748,45.338733,46.078796,46.720019,46.355272,43.359707,39.640049,46.257454,46.381745,-0.124292,0.114587,-0.238879,48.365161,46.720019,48.402105,45.037934,0.309396,1.213348,0.026332,0.018511,-0.007550,-0.012163,0.150957,0.384288,0.733236,0.285587,-0.045005,-0.045005,0.950245,785050.000000,37188788.000000,0.048038
2019-11-26,47.389999,47.540001,46.990002,47.380001,428800,0.000000,0.000000,46.146955,46.293022,45.757449,46.137218,46.631893,46.355787,43.476758,39.705364,46.238956,46.363632,-0.124676,0.066734,-0.191411,48.702111,46.631893,48.236643,45.027144,0.345871,1.164936,0.025249,0.001268,-0.019454,-0.043794,0.140233,0.378008,0.688165,0.256248,-0.043794,-0.043794,0.952717,758865.000000,20316544.428800,0.039550
2019-11-27,47.490002,48.230000,47.490002,48.090000,400800,0.000000,0.000000,46.244338,46.964925,46.244338,46.828598,46.586613,46.367019,43.598976,39.775249,46.329670,46.398074,-0.068404,0.039707,-0.108111,52.640800,46.586613,48.109414,45.063812,0.579454,1.140848,0.024362,0.014985,0.022974,-0.022362,0.123051,0.405174,0.740553,0.262021,-0.029465,-0.029465,0.981979,738255.000000,19274472.000000,0.031272
2019-11-29,47.959999,48.040001,47.240002,47.320000,195200,0.000000,0.000000,46.702009,46.779912,46.000897,46.078796,46.553505,46.362477,43.709716,39.839932,46.291074,46.374424,-0.083350,0.015095,-0.098445,48.308759,46.553505,48.090899,45.016110,0.345613,1.118481,0.024273,-0.016012,0.030263,-0.034680,0.106617,0.370304,0.635689,0.267097,-0.045005,-0.045005,0.950245,694925.000000,9236864.000000,0.018384
2019-12-02,47.410000,47.490002,46.619999,46.820000,625600,0.000000,0.000000,46.166420,46.244324,45.397141,45.591896,46.483880,46.350335,43.816946,39.902325,46.183508,46.316459,-0.132951,-0.014514,-0.118437,45.679867,46.483880,48.064625,44.903134,0.217860,1.099102,0.024107,-0.010567,0.007749,-0.024584,0.101352,0.336919,0.629590,0.260054,-0.055096,-0.055096,0.929637,661980.000000,29290592.000000,0.013237
2019-12-03,46.110001,46.360001,45.930000,46.200001,733700,0.000000,0.000000,44.900527,45.143970,44.725249,44.988167,46.374818,46.316592,43.911152,39.960828,45.999610,46.218067,-0.218457,-0.055302,-0.163155,42.585343,46.374818,48.054317,44.695319,0.087183,1.082498,0.024062,-0.013242,-0.023669,-0.042487,0.070675,0.308049,0.582851,0.262298,-0.067609,-0.067609,0.904085,627050.000000,33896940.733700,0.002508
2019-12-04,48.110001,48.259998,46.209999,46.279999,593500,0.000000,0.000000,46.848067,46.994131,44.997903,45.066067,46.268190,46.301712,44.006719,40.014732,45.855988,46.132733,-0.276746,-0.099591,-0.177155,43.120773,46.268190,47.997514,44.538865,0.152430,1.148460,0.025484,0.001732,-0.023217,-0.044591,0.049224,0.305158,0.539004,0.261786,-0.065994,-0.065994,0.907382,626485.000000,27467179.406500,-0.006197
2019-12-05,46.389999,46.900002,46.310001,46.500000,357100,0.000000,0.000000,45.173181,45.669806,45.095281,45.280296,46.192235,46.278089,44.106369,40.068689,45.767420,46.069590,-0.302170,-0.140107,-0.162063,44.649490,46.192235,47.956415,44.428056,0.241540,1.109551,0.024504,0.004754,-0.033063,-0.040644,0.051593,0.316542,0.640561,0.262706,-0.061554,-0.061554,0.916449,605520.000000,16605150.000000,-0.006117
2019-12-06,46.860001,47.400002,46.860001,47.119999,655300,0.000000,0.000000,45.630851,46.156687,45.630851,45.884029,46.167403,46.268485,44.203419,40.122032,45.785360,46.055845,-0.270485,-0.166183,-0.104303,48.823873,46.167403,47.934394,44.400413,0.419814,1.092897,0.023819,0.013333,-0.004227,-0.019559,0.058920,0.271319,0.703608,0.266608,-0.049042,-0.049042,0.942001,611030.000000,30877735.344700,-0.011447
2019-12-09,47.099998,47.509998,46.480000,46.790001,415000,0.000000,0.000000,45.864561,46.263806,45.260825,45.562695,46.120662,46.279676,44.289977,40.170378,45.751103,46.019315,-0.268212,-0.186588,-0.081623,46.800761,46.120662,47.900297,44.341028,0.343235,1.086474,0.023846,-0.007003,-0.000640,-0.017636,0.047275,0.258019,0.765174,0.265944,-0.055701,-0.055701,0.928401,603725.000000,19417850.415000,-0.019234
2019-12-10,47.119999,47.580002,46.660000,47.410000,434000,0.000000,0.000000,45.884045,46.331982,45.436112,46.166439,46.097292,46.287969,44.382379,40.218448,45.815001,46.030213,-0.215212,-0.192313,-0.022899,50.916118,46.097292,47.860754,44.333830,0.519605,1.072860,0.023239,0.013251,0.026191,-0.007120,0.044349,0.322529,0.787224,0.270152,-0.043189,-0.043189,0.953954,595380.000000,20575940.000000,-0.010304
2019-12-11,47.470001,48.740002,47.070000,48.700001,839100,0.000000,0.000000,46.224863,47.461551,45.835354,47.422600,46.132348,46.324886,44.480840,40.277692,46.062324,46.133353,-0.071029,-0.168056,0.097027,58.167106,46.132348,47.974188,44.290507,0.850262,1.112384,0.023457,0.027209,0.052291,0.016914,0.048777,0.303087,0.871576,0.286308,-0.017154,-0.017154,1.007120,612975.000000,40864170.839100,-0.007307
2019-12-12,48.599998,49.799999,48.590000,49.779999,932300,0.000000,0.000000,47.325225,48.493750,47.315489,48.474274,46.191261,46.395281,44.580114,40.348927,46.433393,46.306754,0.126639,-0.109117,0.235756,63.084026,46.191261,48.252170,44.130352,1.053885,1.117089,0.023045,0.022177,0.070538,0.037516,0.058382,0.357690,0.874463,0.295616,0.000000,0.000000,1.051631,634665.000000,46409893.067700,-0.007734
2019-12-13,49.490002,50.349998,49.110001,50.009998,825600,0.000000,0.000000,48.191874,49.029313,47.821840,48.698231,46.286691,46.457905,44.658141,40.416971,46.781830,46.483901,0.297929,-0.027708,0.325637,64.052987,46.286691,48.622661,43.950721,1.016175,1.123545,0.023072,0.004620,0.061333,0.029648,0.059673,0.404428,0.890898,0.293409,0.000000,0.000000,1.061110,657030.000000,41288254.348800,-0.011626
2019-12-16,50.430000,51.070000,50.180000,50.630001,965900,0.000000,0.000000,49.107205,49.730417,48.863763,49.301960,46.339274,46.518021,44.733278,40.486144,47.169542,46.692646,0.476896,0.073213,0.403683,66.598198,46.339274,48.898072,43.780476,1.078921,1.117020,0.022657,0.012397,0.082069,0.053694,0.069191,0.366388,0.961462,0.292156,0.000000,0.000000,1.086662,659575.000000,48903517.965900,-0.007551
2019-12-17,50.720001,51.130001,50.509998,51.029999,700100,0.000000,0.000000,49.389609,49.788854,49.185114,49.691475,46.502380,46.602065,44.803381,40.558185,47.557532,46.914781,0.642750,0.187120,0.455630,68.164377,46.502380,49.468769,43.535991,1.037538,1.080357,0.021741,0.007901,0.076355,0.029869,0.074015,0.379038,0.995378,0.274038,0.000000,0.000000,1.103148,643305.000000,35726102.299900,-0.004980
2019-12-18,50.869999,50.980000,50.250000,50.869999,718300,0.000000,0.000000,49.535667,49.642783,48.931931,49.535667,46.626536,46.706909,44.863289,40.634485,47.861860,47.108921,0.752939,0.300284,0.452655,66.814810,46.626536,49.883505,43.369566,0.946601,1.057442,0.021347,-0.003136,0.044558,0.066904,0.069749,0.325796,0.973037,0.234965,-0.003136,-0.003136,1.096554,641210.000000,36539920.281700,-0.009057
2019-12-19,50.869999,51.130001,50.169998,51.020000,580800,0.000000,0.000000,49.535692,49.788874,48.854052,49.681759,46.821778,46.806315,44.929519,40.713598,48.141845,47.299502,0.842343,0.408696,0.433647,67.465248,46.821778,50.323279,43.320276,0.908394,1.048683,0.021108,0.002949,0.024910,0.055878,0.075387,0.353972,1.048263,0.232002,-0.000196,-0.000196,1.102737,635340.000000,29632416.000000,-0.019412
2019-12-20,51.290001,51.410000,50.830002,51.110001,721200,0.000000,0.000000,49.944665,50.061517,49.496732,49.769386,47.073984,46.902806,45.004209,40.792713,48.392236,47.482456,0.909780,0.508913,0.400867,67.872011,47.073984,50.665150,43.482818,0.875282,1.014119,0.020376,0.001764,0.021996,0.087216,0.066289,0.375643,1.026034,0.205286,0.000000,0.000000,1.106446,624195.000000,36860532.721200,-0.033866
2019-12-23,51.340000,51.520000,50.970001,51.209999,321100,0.000000,0.000000,49.993359,50.168638,49.633065,49.866768,47.305256,46.979079,45.091150,40.870039,48.619087,47.659072,0.960015,0.599133,0.360882,68.345655,47.305256,50.993917,43.616594,0.847214,0.979937,0.019651,0.001957,0.011456,0.114958,0.088555,0.373545,1.063291,0.180585,0.000000,0.000000,1.110567,611465.000000,16443530.678900,-0.030543
2019-12-24,51.020000,51.380001,50.759998,51.200001,130500,0.000000,0.000000,49.681739,50.032296,49.428556,49.857018,47.494167,47.060018,45.185868,40.947704,48.809538,47.821883,0.987655,0.676838,0.310818,68.237187,47.494167,51.303383,43.684951,0.810149,0.953066,0.019116,-0.000196,0.003331,0.102024,0.073084,0.362712,1.110155,0.180016,-0.000196,-0.000196,0.983545,578695.000000,6681600.130500,-0.035306
2019-12-26,51.020000,51.299999,50.910000,51.029999,244700,0.000000,0.000000,49.681739,49.954393,49.574624,49.691475,47.671880,47.120924,45.289236,41.025218,48.945220,47.960371,0.984849,0.738440,0.246410,66.312863,47.671880,51.545633,43.798127,0.760677,0.912116,0.018356,-0.003320,0.003145,0.078402,0.071763,0.345694,0.976959,0.174716,-0.003515,-0.003515,0.925129,569490.000000,12487040.755300,-0.051730
2019-12-27,51.200001,51.240002,50.509998,50.599998,308400,0.000000,0.000000,49.857023,49.895974,49.185119,49.272758,47.794088,47.189011,45.388514,41.100397,48.995611,48.057585,0.938026,0.778357,0.159669,61.582353,47.794088,51.709813,43.878362,0.688812,0.897740,0.018220,-0.008426,-0.008232,0.067961,0.094873,0.360456,0.908908,0.179547,-0.011912,-0.011912,0.858105,564870.000000,15605039.383200,-0.039515
2019-12-30,50.689999,50.689999,49.509998,50.270000,565200,0.000000,0.000000,49.360398,49.360398,48.211349,48.951416,47.937719,47.226950,45.480495,41.173970,48.988812,48.123795,0.865017,0.795689,0.069328,58.153732,47.937719,51.798886,44.076552,0.631268,0.915691,0.018706,-0.006522,-0.016435,0.045332,0.069935,0.317688,0.843299,0.177197,-0.018356,-0.018356,0.845987,583370.000000,28412604.000000,-0.048406
2019-12-31,50.209999,50.340000,49.880001,50.090000,661800,0.000000,0.000000,48.892982,49.019573,48.571640,48.776131,48.096931,47.255355,45.560030,41.247538,48.956092,48.172116,0.783976,0.793346,-0.009371,56.312002,48.096931,51.810603,44.383258,0.591446,0.882280,0.018088,-0.003581,-0.021871,0.058537,0.070198,0.333523,0.808391,0.166002,-0.021871,-0.021871,0.839377,585180.000000,33149562.000000,-0.064328
2020-01-02,50.480000,51.020000,49.900002,50.970001,1282300,0.000000,0.000000,49.155908,49.681744,48.591123,49.633057,48.329175,47.295066,45.652605,41.325245,49.060240,48.280334,0.779906,0.790658,-0.010752,62.555398,48.329175,51.797088,44.861262,0.687992,0.897161,0.018076,0.017569,-0.004492,0.088638,0.104072,0.397363,0.732136,0.166144,-0.004687,-0.004687,0.871692,612610.000000,65358832.282300,-0.063802
2020-01-03,50.169998,51.049999,50.000000,50.570000,551300,0.000000,0.000000,48.854036,49.710955,48.688497,49.243546,48.538049,47.345847,45.745758,41.403862,49.088441,48.351683,0.736758,0.779878,-0.043120,58.465438,48.538049,51.664881,45.411217,0.612813,0.906111,0.018401,-0.007848,-0.009014,0.094589,0.080684,0.399397,0.857003,0.159985,-0.012498,-0.012498,0.821152,610500.000000,27879241.000000,-0.065209
2020-01-06,49.869999,49.970001,49.310001,49.889999,840500,0.000000,0.000000,48.561903,48.659282,48.016594,48.581379,48.703103,47.391551,45.821498,41.473017,49.010431,48.368697,0.641734,0.752250,-0.110515,52.215366,48.703103,51.428624,45.977582,0.477670,0.929028,0.019123,-0.013447,-0.014032,0.078004,0.049360,0.410930,0.749745,0.171364,-0.025776,-0.025776,0.796663,634670.000000,41932544.159500,-0.087063
2020-01-07,50.040001,51.580002,49.959999,51.430000,876100,0.000000,0.000000,48.727454,50.227061,48.649550,50.080994,48.912951,47.468219,45.921567,41.555628,49.175133,48.495534,0.679599,0.737720,-0.058120,62.097498,48.912951,51.356240,46.469663,0.739031,0.980218,0.019573,0.030868,0.023075,0.106022,0.100941,0.447141,0.783880,0.195661,0.000000,0.000000,0.852123,645710.000000,45057823.000000,-0.038859
2020-01-08,51.490002,51.910000,51.070000,51.500000,875900,0.000000,0.000000,50.139415,50.548396,49.730429,50.149151,49.142274,47.538279,46.020956,41.638386,49.324982,48.618024,0.706958,0.731567,-0.024609,62.477313,49.142274,51.067622,47.216927,0.761479,0.968628,0.019315,0.001361,0.028149,0.092954,0.132202,0.432639,0.854643,0.193529,0.000000,0.000000,0.808099,668755.000000,45108850.000000,-0.034656
2020-01-09,52.080002,52.340000,51.650002,52.189999,569800,0.000000,0.000000,50.713937,50.967116,50.295216,50.821049,49.375005,47.589694,46.118315,41.721694,49.555146,48.781211,0.773935,0.740041,0.033894,66.085333,49.375005,50.860903,47.889107,0.986589,0.957867,0.018848,0.013398,0.023935,0.115409,0.136644,0.457490,0.816496,0.191392,0.000000,0.000000,0.832324,675545.000000,29737861.430200,-0.027796
2020-01-10,52.520000,52.860001,51.990002,52.110001,1107600,0.000000,0.000000,51.142398,51.473480,50.626301,50.743153,49.541032,47.646562,46.209742,41.807277,49.737917,48.926540,0.811376,0.754308,0.057068,65.301373,49.541032,50.838490,48.243574,0.963260,0.949960,0.018721,-0.001533,0.030453,0.099135,0.129010,0.426667,0.804359,0.190487,-0.001533,-0.001533,0.829516,688970.000000,57717037.107600,-0.025450
2020-01-13,52.500000,53.410000,52.279999,53.389999,803100,0.000000,0.000000,51.122920,52.009050,50.908689,51.989574,49.716797,47.731669,46.317328,41.898123,50.084325,49.153432,0.930894,0.789625,0.141269,71.190588,49.716797,51.321767,48.111828,1.208044,0.972527,0.018706,0.024563,0.070154,0.096304,0.128904,0.464108,0.837939,0.186709,0.000000,0.000000,0.874455,682510.000000,42877508.196900,-0.022130
2020-01-14,53.419998,54.250000,53.369999,53.630001,869200,0.000000,0.000000,52.018795,52.827026,51.970107,52.223289,49.893050,47.841316,46.417529,41.986359,50.413397,49.380828,1.032568,0.838214,0.194355,72.145253,49.893050,51.777020,48.009081,1.118439,0.964270,0.018464,0.004495,0.042777,0.077340,0.139996,0.478773,0.882881,0.175256,0.000000,0.000000,0.882225,684690.000000,46615196.869200,-0.009431
2020-01-15,53.689999,54.110001,53.160000,53.480000,776300,0.000000,0.000000,52.281708,52.690693,51.765611,52.077217,50.031813,47.943172,46.518699,42.068585,50.669369,49.580561,1.088808,0.888333,0.200476,70.571236,50.031813,52.129203,47.934423,0.987607,0.961471,0.018462,-0.002797,0.038447,0.069386,0.116431,0.439432,0.876961,0.176596,-0.002797,-0.002797,0.862038,675210.000000,41516524.000000,-0.019786
2020-01-16,53.880001,55.049999,53.459999,55.029999,1219100,0.000000,0.000000,52.466726,53.606035,52.057741,53.586559,50.226567,48.071515,46.651199,42.158697,51.118168,49.877302,1.240866,0.958839,0.282027,76.320150,50.226567,52.848630,47.604504,1.140715,1.003386,0.018725,0.028983,0.054417,0.086905,0.168267,0.451941,0.916005,0.195722,0.000000,0.000000,0.889875,701160.000000,67087071.780900,0.016504
2020-01-17,55.389999,56.330002,55.049999,56.230000,1514300,0.000000,0.000000,53.937114,54.852460,53.606032,54.755081,50.487538,48.222644,46.794995,42.250728,51.677693,50.238619,1.439074,1.054886,0.384188,79.636761,50.487538,53.774682,47.200394,1.149126,1.022138,0.018667,0.021806,0.079063,0.101901,0.163653,0.482822,0.931086,0.204884,0.000000,0.000000,0.919307,740960.000000,85149089.000000,0.012603
2020-01-21,56.209999,57.740002,56.020000,57.500000,1983000,0.000000,0.000000,54.735600,56.225470,54.550585,55.991764,50.803038,48.406492,46.954561,42.349136,52.341396,50.664777,1.676619,1.179233,0.497386,82.439923,50.803038,54.880748,46.725328,1.136230,1.068762,0.019088,0.022586,0.076981,0.130332,0.182362,0.490075,0.928029,0.211734,0.000000,0.000000,0.962656,811070.000000,114022500.000000,0.023976
2020-01-22,57.990002,58.349998,57.060001,57.320000,1674400,0.000000,0.000000,56.468922,56.819476,55.563315,55.816494,51.105394,48.595209,47.108096,42.444730,52.876026,51.046386,1.829640,1.309314,0.520326,80.743467,51.105394,55.721603,46.489184,1.010278,1.082148,0.019388,-0.003130,0.068805,0.123481,0.171446,0.448013,0.956512,0.213851,-0.003130,-0.003130,0.951883,858730.000000,95976608.000000,0.021895
2020-01-23,57.299999,57.669998,56.900002,57.490002,1423400,0.000000,0.000000,55.797018,56.157312,55.407512,55.982037,51.411157,48.784899,47.250939,42.537374,53.353874,51.411990,1.941884,1.435828,0.506056,81.138265,51.411157,56.470744,46.351571,0.951705,1.058409,0.018906,0.002966,0.074981,0.124829,0.198644,0.368905,0.957672,0.213616,-0.000174,-0.000174,0.873436,913845.000000,81831268.846800,0.038459
2020-01-24,57.990002,58.180000,55.619999,55.930000,990800,0.000000,0.000000,56.468923,56.653938,54.161085,54.462955,51.641454,48.941481,47.379176,42.619903,53.524502,51.637987,1.886515,1.525966,0.360549,67.468720,51.641454,56.821062,46.461846,0.772366,1.160869,0.021315,-0.027135,0.016355,0.092169,0.176403,0.303306,0.822600,0.241938,-0.027304,-0.027304,0.798741,956860.000000,55415444.000000,0.029217
2020-01-27,54.599998,54.680000,53.610001,53.680000,1250000,0.000000,0.000000,53.167843,53.245747,52.203813,52.271976,51.770479,49.052491,47.487932,42.690606,53.331806,51.684949,1.646856,1.550144,0.096713,53.475315,51.770479,56.873560,46.667398,0.549137,1.239317,0.023709,-0.040229,-0.045349,0.048438,0.130264,0.224709,0.726380,0.286912,-0.066435,-0.066435,0.632560,1007125.000000,67100000.000000,0.013781
2020-01-28,54.090000,54.570000,53.250000,54.380001,1144200,0.080000,0.000000,52.749827,53.217933,51.930639,53.032642,51.958473,49.167224,47.598074,42.765499,53.285781,51.784778,1.501002,1.540315,-0.039313,56.823496,51.958473,56.949927,46.967019,0.607601,1.242744,0.023434,0.014552,-0.052849,0.067238,0.136913,0.217886,0.654314,0.289086,-0.052849,-0.052849,0.656317,1048915.000000,62221597.144200,0.012378
2020-01-29,54.590000,54.660000,53.310001,53.320000,545100,0.000000,0.000000,53.237435,53.305701,51.989151,51.998901,52.110847,49.271409,47.688545,42.830670,53.087799,51.800639,1.287160,1.489684,-0.202525,51.408899,52.110847,56.897656,47.324039,0.488307,1.248016,0.024001,-0.019493,-0.068395,0.055328,0.077691,0.207627,0.606051,0.297152,-0.071312,-0.071312,0.624031,1047910.000000,29064732.000000,-0.036310
2020-01-30,52.959999,53.700001,52.560001,53.330002,590700,0.000000,0.000000,51.647820,52.369487,51.257733,52.008656,52.272474,49.346576,47.778044,42.898070,52.921777,51.816048,1.105729,1.412893,-0.307164,51.455907,52.272474,56.796257,47.748690,0.470841,1.238283,0.023809,0.000188,-0.070976,0.062455,0.085782,0.229506,0.592533,0.295423,-0.071137,-0.071137,0.624336,1044355.000000,31502032.181400,-0.037705
2020-01-31,52.910000,53.049999,51.680000,51.759998,803500,0.000000,0.000000,51.599059,51.735589,50.399535,50.477551,52.314698,49.427540,47.849509,42.957524,52.545742,51.716900,0.828842,1.296083,-0.467241,44.224206,52.314698,56.749644,47.879753,0.292878,1.264771,0.025056,-0.029439,-0.073176,0.034882,0.057471,0.225996,0.576516,0.315630,-0.098483,-0.098483,0.564209,1020415.000000,41589158.393000,-0.044523
2020-02-03,51.790001,52.740002,51.630001,52.400002,962300,0.000000,0.000000,50.506821,51.433284,50.350785,51.101707,52.407606,49.508523,47.925467,43.017580,52.323583,51.671330,0.652253,1.167317,-0.515064,47.465530,52.407606,56.645114,48.170099,0.345912,1.251752,0.024495,0.012365,-0.022388,0.029590,0.093296,0.265357,0.580231,0.312862,-0.087335,-0.087335,0.583551,1040965.000000,50424521.924600,-0.025011
2020-02-04,52.689999,57.220001,52.490002,55.720001,1880700,0.000000,0.000000,51.384514,55.802278,51.189472,54.339443,52.695510,49.679774,48.026802,43.092564,52.633715,51.868968,0.764747,1.086803,-0.322056,60.340739,52.695510,56.608442,48.782577,0.710064,1.498096,0.027569,0.063359,0.024641,0.103484,0.156542,0.380762,0.667366,0.376587,-0.029510,-0.029510,0.683883,1092975.000000,104792605.880700,0.027575
2020-02-05,56.250000,56.980000,55.660000,56.720001,1124800,0.000000,0.000000,54.856311,55.568223,54.280929,55.314667,52.957193,49.891562,48.127778,43.172038,53.046169,52.124205,0.921964,1.053835,-0.131871,63.261394,52.957193,56.833768,49.080619,0.804067,1.483039,0.026811,0.017947,0.063766,0.138598,0.172681,0.405890,0.713076,0.372932,-0.012093,-0.012093,0.714103,1105410.000000,63798657.124800,0.045152
2020-02-06,56.990002,57.209999,56.230000,56.380001,678200,0.000000,0.000000,55.577980,55.792527,54.836808,54.983093,53.198890,50.086397,48.219606,43.249854,53.344158,52.335975,1.008183,1.044705,-0.036522,61.600356,53.198890,56.938662,49.459118,0.738544,1.445373,0.026288,-0.005994,0.057191,0.097883,0.164930,0.383108,0.666800,0.364296,-0.018015,-0.018015,0.703828,1095525.000000,38236916.678200,0.030074
2020-02-07,55.830002,56.810001,55.279999,55.540001,640100,0.000000,0.000000,54.446722,55.402440,53.910346,54.163906,53.366033,50.248099,48.301686,43.322750,53.470273,52.471377,0.998896,1.035543,-0.036647,57.577963,53.366033,56.954066,49.778001,0.611185,1.448710,0.026747,-0.014899,0.073030,0.080056,0.157364,0.326809,0.678443,0.370479,-0.032645,-0.032645,0.668924,1099040.000000,35551154.640100,0.025402
2020-02-10,55.250000,56.410000,55.029999,56.360001,591000,0.000000,0.000000,53.881094,55.012353,53.666544,54.963593,53.577055,50.424627,48.390207,43.408751,53.700014,52.655986,1.044029,1.037240,0.006789,60.303048,53.577055,57.008596,50.145515,0.702028,1.441360,0.026224,0.014764,0.075573,0.081512,0.185054,0.361311,0.693564,0.370949,-0.018363,-0.018363,0.688022,1073210.000000,33308760.591000,0.043508
2020-02-11,56.619999,57.860001,56.470001,57.360001,440800,0.000000,0.000000,55.217145,56.426424,55.070864,55.938812,53.774517,50.606831,48.486925,43.496092,54.044445,52.899158,1.145287,1.058849,0.086437,63.391476,53.774517,57.275238,50.273797,0.809121,1.442894,0.025794,0.017743,0.029433,0.102391,0.203049,0.400983,0.717973,0.373331,-0.000946,-0.000946,0.702774,1055095.000000,25284288.440800,0.065753
2020-02-12,57.869999,58.490002,57.330002,58.470001,544500,0.000000,0.000000,56.436176,57.040818,55.909559,57.021313,54.014418,50.825681,48.594079,43.585262,54.502424,53.204503,1.297922,1.106664,0.191258,66.506437,54.014418,57.719203,50.309634,0.905812,1.420634,0.024914,0.019352,0.030853,0.096784,0.222745,0.390512,0.724032,0.370299,0.000000,0.000000,0.735725,1038860.000000,31836915.544500,0.073686
2020-02-13,58.110001,59.049999,57.799999,58.389999,549900,0.000000,0.000000,56.670233,57.586942,56.367913,56.943295,54.257722,51.052709,48.701522,43.671712,54.877943,53.481450,1.396493,1.164630,0.231863,66.070096,54.257722,58.064570,50.450875,0.852729,1.406234,0.024695,-0.001368,0.035651,0.090381,0.218782,0.420950,0.733350,0.370889,-0.001368,-0.001368,0.719658,1027540.000000,32108660.450100,0.074324
2020-02-14,58.430000,58.770000,57.849998,58.160000,354800,0.000000,0.000000,56.982309,57.313885,56.416677,56.718998,54.414344,51.287326,48.801959,43.758205,55.161182,53.721269,1.439914,1.219686,0.220227,64.754727,54.414344,58.360141,50.468548,0.792039,1.369875,0.024152,-0.003939,0.047173,0.089133,0.199234,0.410562,0.711383,0.371189,-0.005302,-0.005302,0.712884,984325.000000,20635168.000000,0.051974
2020-02-18,57.500000,57.509998,56.320000,56.400002,853800,0.000000,0.000000,56.075334,56.085085,54.924571,55.002590,54.426720,51.486056,48.893884,43.834369,55.136783,53.816181,1.320602,1.239870,0.080733,55.627949,54.426720,58.378564,50.474876,0.572861,1.400200,0.025457,-0.030262,0.000710,0.026425,0.175529,0.338746,0.661050,0.378283,-0.035403,-0.035403,0.652374,951300.000000,48154321.707600,0.027668
2020-02-19,56.689999,58.049999,56.500000,57.959999,1081900,0.000000,0.000000,55.285403,56.611707,55.100112,56.523937,54.453328,51.710929,48.994509,43.913240,55.350192,54.016756,1.333436,1.258583,0.074853,60.889692,54.453328,58.456377,50.450280,0.758629,1.415123,0.025036,0.027660,0.010460,0.032305,0.171473,0.358734,0.698051,0.382757,-0.008723,-0.008723,0.698078,906245.000000,62706922.918100,0.022032
2020-02-20,57.919998,58.060001,56.619999,58.000000,1024000,0.000000,0.000000,56.484930,56.621465,55.217141,56.562950,54.490651,51.924508,49.096496,43.997642,55.536770,54.205363,1.331407,1.273148,0.058259,61.017353,54.490651,58.560574,50.420728,0.754587,1.414351,0.025005,0.000690,-0.008038,0.010201,0.218259,0.371854,0.649769,0.375209,-0.008038,-0.008038,0.699250,873725.000000,59392000.000000,0.077786
2020-02-21,57.650002,57.849998,56.750000,56.980000,723700,0.000000,0.000000,56.221631,56.416673,55.343929,55.568230,54.469961,52.124618,49.202147,44.079546,55.541610,54.306316,1.235294,1.265577,-0.030283,55.998351,54.469961,58.512073,50.427848,0.635853,1.400399,0.025201,-0.017586,-0.024148,-0.004448,0.180982,0.316682,0.611195,0.380397,-0.025483,-0.025483,0.669367,838740.000000,41236426.000000,0.063613
2020-02-24,54.310001,55.799999,54.020000,55.180000,1255900,0.000000,0.000000,52.964392,54.417473,52.681577,53.812836,54.437455,52.277546,49.282758,44.154517,55.275645,54.269762,1.005883,1.213638,-0.207755,48.427954,54.437455,58.490247,50.384663,0.422940,1.506560,0.027996,-0.031590,-0.051238,-0.038748,0.175545,0.282475,0.528104,0.395601,-0.056268,-0.056268,0.616632,851995.000000,69300562.000000,0.094090
2020-02-25,55.990002,55.990002,52.980000,53.000000,1407200,0.000000,0.000000,54.602752,54.602752,51.667328,51.686832,54.408198,52.362831,49.343859,44.220362,54.723520,54.078434,0.645086,1.099928,-0.454842,41.168804,54.408198,58.534591,50.281804,0.170249,1.608622,0.031122,-0.039507,-0.060284,-0.050973,0.155652,0.281388,0.440003,0.407802,-0.093552,-0.093552,0.552763,859855.000000,74581600.000000,0.101644
2020-02-26,53.330002,53.950001,52.799999,52.959999,1075000,0.000000,0.000000,52.008659,52.613296,51.491788,51.647823,54.338957,52.426302,49.410791,44.288972,54.250336,53.898388,0.351947,0.950332,-0.598384,41.047225,54.338957,58.606594,50.071319,0.184705,1.573828,0.030472,-0.000755,-0.086266,-0.011940,0.141607,0.279188,0.412982,0.383598,-0.094237,-0.094237,0.551591,856395.000000,56931998.925000,0.087510
2020-02-27,51.430000,52.680000,50.509998,51.310001,1443300,0.000000,0.000000,50.155722,51.374751,49.258515,50.038696,54.240946,52.453111,49.455508,44.359289,53.602391,53.612485,-0.010094,0.758246,-0.768341,36.286764,54.240946,58.813973,49.667920,0.040539,1.632077,0.032616,-0.031156,-0.115345,-0.056455,0.085938,0.249868,0.406614,0.393847,-0.122456,-0.122456,0.503250,901305.000000,74055724.443300,0.093584
2020-02-28,50.040001,53.459999,49.430000,53.320000,1508100,0.000000,0.000000,48.800170,52.135432,48.205284,51.998901,54.240459,52.507050,49.512535,44.435429,53.355700,53.492961,-0.137260,0.579145,-0.716405,44.700389,54.240459,58.814490,49.666428,0.254969,1.796225,0.034544,0.039174,-0.064233,0.000000,0.127049,0.285098,0.519224,0.413828,-0.088080,-0.088080,0.562138,947175.000000,80411892.000000,0.136364
2020-03-02,54.060001,55.410000,53.119999,55.160000,1609800,0.000000,0.000000,52.720568,54.037118,51.803856,53.793312,54.406247,52.589087,49.595576,44.518600,53.423025,53.515209,-0.092184,0.444879,-0.537063,51.070272,54.406247,58.633206,50.179288,0.427497,1.827442,0.033972,0.034509,-0.000363,0.034315,0.148728,0.290080,0.533032,0.430434,-0.056610,-0.056610,0.616045,987490.000000,88796568.000000,0.120355
2020-03-03,55.290001,55.950001,53.189999,53.500000,988000,0.000000,0.000000,53.920109,54.563756,51.872137,52.174458,54.459884,52.641863,49.674386,44.596005,53.230938,53.415894,-0.184956,0.318912,-0.503868,45.930105,54.459884,58.534775,50.384994,0.219572,1.889168,0.036209,-0.030094,0.009434,0.033617,0.132288,0.253009,0.471057,0.431041,-0.085001,-0.085001,0.567412,988775.000000,52858000.000000,0.130139
2020-03-04,54.599998,55.959999,53.869999,55.959999,759200,0.000000,0.000000,53.247193,54.573498,52.535281,54.573498,54.471587,52.739697,49.773006,44.689142,53.437486,53.501642,-0.064157,0.242298,-0.306455,53.413277,54.471587,58.546365,50.396809,0.512505,1.925588,0.035284,0.045981,0.056647,0.067939,0.197000,0.318318,0.546726,0.456291,-0.042928,-0.042928,0.639483,932700.000000,42484831.240800,0.144467
2020-03-05,54.750000,56.040001,53.980000,54.330002,779400,0.000000,0.000000,53.393467,54.651506,52.642545,52.983875,54.355047,52.803987,49.853397,44.778650,53.367699,53.463289,-0.095590,0.174721,-0.270311,48.612420,54.355047,58.461500,50.248595,0.333047,1.931543,0.036455,-0.029128,0.058858,-0.024946,0.177729,0.260965,0.545815,0.413999,-0.070806,-0.070806,0.591728,915430.000000,42344803.558800,0.152150
2020-03-06,52.849998,53.200001,51.490002,52.599998,869400,0.000000,0.000000,51.540551,51.881882,50.214251,51.296745,54.170730,52.832587,49.905833,44.859091,53.049091,53.302804,-0.253714,0.089034,-0.342747,44.083594,54.170730,58.484193,49.857267,0.166859,1.991406,0.038821,-0.031842,-0.013503,-0.072638,0.138257,0.194286,0.515005,0.421334,-0.100393,-0.100393,0.541044,924990.000000,45730438.261200,0.137212
2020-03-09,49.000000,50.450001,46.340000,48.529999,1398700,0.000000,0.000000,47.785939,49.200014,45.191846,47.327583,53.828914,52.781998,49.921008,44.921384,52.168859,52.860195,-0.691337,-0.067040,-0.624296,35.665376,53.828914,59.117833,48.539994,-0.114618,2.285227,0.048285,-0.077376,-0.120196,-0.139234,0.045214,0.099140,0.394189,0.493562,-0.170002,-0.170002,0.421803,962920.000000,67878909.601300,0.117555
2020-03-10,50.290001,51.750000,48.450001,51.709999,1568000,0.000000,0.000000,49.043972,50.467797,47.249561,50.428787,53.602174,52.796744,49.958834,45.002532,51.901156,52.680091,-0.778936,-0.209419,-0.569516,44.571566,53.602174,59.072001,48.132346,0.209919,2.351870,0.046637,0.065526,-0.033458,-0.068960,0.099049,0.163805,0.465883,0.551817,-0.115615,-0.115615,0.514969,1011770.000000,81081278.432000,0.135123
2020-03-11,50.160000,50.680000,46.970001,47.490002,1209700,0.000000,0.000000,48.917199,49.424315,45.806238,46.313354,53.120901,52.737556,49.963284,45.064704,51.041494,52.208481,-1.166987,-0.400933,-0.766054,37.209908,53.120901,59.364210,46.877591,-0.045187,2.514062,0.054284,-0.081609,-0.151358,-0.157381,0.016475,0.064529,0.349294,0.610944,-0.187789,-0.187789,0.391334,1050215.000000,57448655.419400,0.094160
2020-03-12,44.389999,45.310001,42.360001,42.360001,1717600,0.000000,0.000000,43.290157,44.187365,41.310455,41.310455,52.335358,52.584737,49.905843,45.104772,49.544411,51.401220,-1.856809,-0.692108,-1.164701,30.594557,52.335358,60.243804,44.426912,-0.197033,2.691836,0.065161,-0.108023,-0.220320,-0.261506,-0.105184,-0.065500,0.208314,0.695230,-0.275526,-0.275526,0.241038,1108870.000000,72757537.717600,0.058970
2020-03-13,44.880001,47.369999,42.700001,47.369999,1414000,0.000000,0.000000,43.768030,46.196335,41.642043,46.196335,51.798010,52.533141,49.894248,45.169319,49.029322,51.015673,-1.986350,-0.950957,-1.035394,41.527809,51.798010,59.847349,43.748670,0.152041,2.848553,0.061662,0.118272,-0.099430,-0.189841,-0.025858,0.021658,0.349312,0.826078,-0.189841,-0.189841,0.387819,1152075.000000,66981178.586000,0.064177
2020-03-16,45.400002,45.570000,41.689999,41.689999,1389500,0.000000,0.000000,44.275144,44.440930,40.657063,40.657063,50.994913,52.353621,49.824343,45.205199,47.741282,50.248368,-2.507086,-1.262182,-1.244904,34.829080,50.994913,60.111314,41.878512,-0.066992,3.040747,0.074790,-0.119907,-0.140944,-0.286008,-0.161265,-0.112298,0.187520,0.910582,-0.286985,-0.286985,0.221409,1203810.000000,57928253.610500,0.046681
2020-03-17,42.689999,45.070000,39.070000,44.500000,1922800,0.000000,0.000000,41.632286,43.953319,38.101978,43.397442,50.414656,52.236699,49.791273,45.255557,47.072999,49.740892,-2.667893,-1.543325,-1.124569,39.986637,50.414656,59.925788,40.903523,0.131105,3.241504,0.074693,0.067402,-0.139431,-0.234869,-0.108850,-0.055672,0.274051,0.953372,-0.238926,-0.238926,0.303735,1257260.000000,85564600.000000,0.051439
2020-03-18,42.000000,43.060001,39.090000,41.529999,1566800,0.000000,0.000000,40.959375,41.993113,38.121475,40.501019,49.613510,52.075092,49.733321,45.289928,46.061925,49.056457,-2.994532,-1.833566,-1.160966,36.682311,49.613510,59.643076,39.583943,0.045719,3.386823,0.083623,-0.066742,-0.125500,-0.263653,-0.178511,-0.121671,0.188005,0.970905,-0.289721,-0.289721,0.216721,1281505.000000,65069202.433200,0.028471
2020-03-19,41.580002,44.200001,40.560001,40.709999,1291800,0.000000,0.000000,40.549791,43.104875,39.555062,39.701344,48.770429,51.867499,49.667859,45.317924,45.083374,48.363486,-3.280112,-2.122875,-1.157236,35.802642,48.770429,59.168340,38.372519,0.063899,3.398465,0.085601,-0.019745,-0.038952,-0.297619,-0.201043,-0.141908,0.184406,0.959918,-0.303746,-0.303746,0.192698,1294895.000000,52589176.708200,-0.011458
2020-03-20,41.480000,43.209999,38.730000,39.029999,1657400,0.000000,0.000000,40.452263,42.139399,37.770399,38.062965,47.895166,51.625775,49.582027,45.336272,44.003311,47.600484,-3.597173,-2.417735,-1.179438,34.003475,47.895166,58.817587,36.972745,0.049907,3.467789,0.091107,-0.041268,-0.176061,-0.327069,-0.231605,-0.178010,0.095324,0.962317,-0.332478,-0.332478,0.143478,1341580.000000,64688320.342600,-0.010912
2020-03-23,39.490002,40.889999,38.119999,40.000000,1594300,0.000000,0.000000,38.511564,39.876874,37.175506,39.008926,47.154971,51.389533,49.489613,45.358671,43.234944,46.964073,-3.729128,-2.680013,-1.049115,36.003146,47.154971,58.390818,35.919124,0.137498,3.413045,0.087494,0.024853,-0.040538,-0.297999,-0.214824,-0.155632,0.162406,0.973119,-0.315889,-0.315889,0.171896,1358500.000000,63772000.000000,0.013206
2020-03-24,42.180000,44.040001,41.189999,43.939999,1405600,0.000000,0.000000,41.134927,42.948843,40.169454,42.851318,46.713195,51.231696,49.439129,45.400961,43.175925,46.659424,-3.483499,-2.840711,-0.642789,43.492687,46.713195,57.893446,35.532944,0.327290,3.450678,0.080527,0.098500,-0.012584,-0.203697,-0.139002,-0.081928,0.275430,1.046589,-0.248503,-0.248503,0.287329,1358420.000000,61762062.594400,0.029861
2020-03-25,44.209999,46.139999,42.570000,44.040001,1120400,0.000000,0.000000,43.114620,44.996801,41.515254,42.948833,46.278245,51.050881,49.391275,45.435246,43.140988,46.384566,-3.243578,-2.921284,-0.322294,43.672852,46.278245,57.326244,35.230247,0.349321,3.452883,0.080395,0.002276,0.060438,-0.169057,-0.138728,-0.062459,0.257305,1.041092,-0.246793,-0.246793,0.290258,1360690.000000,49342417.120400,0.035809
2020-03-26,45.330002,48.310001,44.049999,48.279999,819800,0.000000,0.000000,44.206862,47.113026,42.958574,47.083767,46.130499,50.948091,49.394703,45.489576,43.747569,46.436358,-2.688789,-2.874785,0.185996,50.831528,46.130499,57.044981,35.216017,0.543670,3.503691,0.074414,0.096276,0.185949,-0.088369,-0.055624,0.013394,0.400194,1.100655,-0.174278,-0.174278,0.414479,1329515.000000,39579943.180200,0.073423
2020-03-27,46.240002,47.169998,44.560001,44.759998,1190300,0.000000,0.000000,45.094327,46.001281,43.455952,43.650993,45.713104,50.779566,49.361369,45.533293,43.732711,46.230035,-2.497324,-2.799293,0.301969,45.645078,45.713104,56.316713,35.109494,0.402764,3.512557,0.080469,-0.072908,0.146810,-0.127655,-0.121560,-0.058520,0.290672,1.123801,-0.234479,-0.234479,0.311352,1313625.000000,53277825.619400,0.046911
2020-03-30,45.080002,47.840000,45.000000,47.540001,1080200,0.000000,0.000000,43.963069,46.654684,43.885050,46.362118,45.341544,50.635077,49.353296,45.583141,44.137235,46.239819,-2.102583,-2.659951,0.557367,49.985408,45.341544,55.251070,35.432018,0.551495,3.476210,0.074980,0.062109,0.188500,-0.108402,-0.059072,0.030197,0.340875,1.137650,-0.186934,-0.186934,0.392799,1287145.000000,51352709.080200,0.077768
2020-03-31,47.279999,47.720001,44.150002,44.770000,910500,0.000000,0.000000,46.108556,46.537657,43.056110,43.660748,44.915858,50.413191,49.317918,45.622927,44.063930,46.048777,-1.984847,-2.524930,0.540083,46.040447,44.915858,54.307412,35.524305,0.433179,3.476591,0.079627,-0.058267,0.018889,-0.188361,-0.108080,-0.045703,0.225324,1.144486,-0.234308,-0.234308,0.311645,1283270.000000,40763085.000000,0.031188
2020-04-01,42.810001,43.709999,40.930000,41.410000,1046900,0.000000,0.000000,41.749305,42.627004,39.915885,40.383991,44.206383,50.101035,49.253764,45.651473,43.497785,45.629163,-2.131378,-2.446220,0.314842,41.737458,44.206383,52.618864,35.793902,0.272814,3.495753,0.086563,-0.075050,-0.059719,-0.225982,-0.172054,-0.113935,0.135524,1.166102,-0.291774,-0.291774,0.213206,1297655.000000,43352129.000000,0.007606
2020-04-02,40.970001,42.310001,40.540001,42.029999,813400,0.000000,0.000000,39.954902,41.261701,39.535555,40.988636,43.606621,49.804478,49.199843,45.676006,43.111762,45.285420,-2.173658,-2.391707,0.218049,42.799812,43.606621,51.037311,36.175931,0.323840,3.369353,0.082202,0.014972,-0.129453,-0.248928,-0.174167,-0.088220,0.127644,1.152361,-0.281170,-0.281170,0.231370,1299355.000000,34187201.186600,0.002345
2020-04-03,41.930000,42.840000,41.240002,42.110001,893600,0.000000,0.000000,40.891110,41.778563,40.218207,41.066650,43.095116,49.506170,49.145535,45.701172,42.797130,44.972919,-2.175789,-2.348524,0.172735,42.944367,43.095116,49.654203,36.536029,0.345370,3.240139,0.078900,0.001903,-0.059205,-0.224922,-0.166050,-0.098764,0.130996,1.151234,-0.279802,-0.279802,0.233714,1300565.000000,37629496.893600,0.016605
2020-04-06,44.200001,48.700001,43.500000,48.500000,1074200,0.000000,0.000000,43.104873,47.493378,42.422215,47.298332,43.093654,49.362878,49.152180,45.750849,43.489622,45.145171,-1.655549,-2.209929,0.554380,53.133119,43.093654,49.648779,36.538529,0.820717,3.467752,0.073317,0.151746,0.020194,-0.077947,-0.026410,0.021647,0.288865,1.275414,-0.170515,-0.170515,0.420925,1284340.000000,52098700.000000,0.101268
2020-04-07,50.450001,50.790001,47.439999,47.590000,1140900,0.000000,0.000000,49.200021,49.531597,46.264596,46.410881,42.892758,49.245656,49.149074,45.799437,43.939047,45.238928,-1.299881,-2.027919,0.728038,51.716747,42.892758,48.705604,37.079913,0.802616,3.453413,0.074410,-0.018763,0.062989,-0.019369,-0.073284,0.020260,0.239166,1.246923,-0.186078,-0.186078,0.394264,1262985.000000,54295431.000000,0.056982
2020-04-08,48.709999,49.560001,47.230000,48.930000,797200,0.000000,0.000000,47.503128,48.332070,46.059798,47.717678,42.962975,49.139357,49.153290,45.857130,44.520375,45.422539,-0.902164,-1.802768,0.900604,53.675031,42.962975,48.980131,36.945818,0.895096,3.369046,0.070604,0.028157,0.181599,-0.053761,-0.048485,0.077308,0.257148,1.229525,-0.163161,-0.163161,0.433523,1242360.000000,39006996.000000,0.065253
2020-04-09,50.020000,50.650002,49.160000,49.730000,1242200,0.000000,0.000000,48.780664,49.395056,47.941972,48.497849,43.322344,49.069336,49.170372,45.918094,45.132294,45.650340,-0.518046,-1.545824,1.027778,54.852314,43.322344,49.767259,36.877430,0.901518,3.248212,0.066976,0.016350,0.183202,0.047168,-0.045713,0.084684,0.271859,1.193706,-0.149479,-0.149479,0.456960,1218590.000000,61774606.000000,0.068358
2020-04-13,49.500000,49.919998,48.419998,49.750000,525500,0.000000,0.000000,48.273547,48.683139,47.220304,48.517353,43.438395,48.999510,49.173043,45.977747,45.653072,45.862711,-0.209639,-1.278587,1.068948,54.883183,43.438395,50.178055,36.698735,0.876796,3.120685,0.064321,0.000402,0.181430,0.174457,-0.043864,0.079487,0.274961,1.121412,-0.149137,-0.149137,0.457546,1174165.000000,26143625.000000,0.063605
2020-04-14,50.750000,51.970001,50.580002,51.740002,693200,0.000000,0.000000,49.492585,50.682358,49.326798,50.458057,43.928445,48.999120,49.213330,46.045406,46.392301,46.203107,0.189194,-0.985031,1.174224,57.963096,43.928445,51.219336,36.637554,0.947792,3.052422,0.060494,0.040000,0.066804,0.092252,-0.029458,0.095649,0.294971,1.057154,-0.115102,-0.115102,0.515848,1139350.000000,35866169.386400,0.052297
2020-04-15,49.820000,50.250000,48.290001,49.020000,735500,0.000000,0.000000,48.585632,49.004979,47.093542,47.805454,44.148846,48.933195,49.220859,46.103345,46.609709,46.321799,0.287909,-0.730443,1.018352,52.670541,44.148846,51.636012,36.661679,0.744192,3.074715,0.064317,-0.052570,0.030048,0.175822,-0.084595,0.043558,0.240776,0.978686,-0.161621,-0.161621,0.436159,1079985.000000,36054210.000000,0.008165
2020-04-16,49.560001,51.520000,49.410000,51.270000,834800,0.000000,0.000000,48.332064,50.243501,48.185779,49.999695,44.623779,48.846400,49.263087,46.167596,47.131245,46.594236,0.537009,-0.476952,1.013961,56.230781,44.623779,52.338270,36.909289,0.848430,3.029238,0.060585,0.045899,0.047823,0.152135,-0.039893,0.071893,0.295772,0.965403,-0.123140,-0.123140,0.502078,1043385.000000,42800196.000000,0.038556
2020-04-17,52.400002,53.259998,51.470001,52.980000,765900,0.000000,0.000000,51.101700,51.940389,50.194742,51.667328,45.222079,48.773453,49.332507,46.243048,47.829104,46.970021,0.859083,-0.209745,1.068829,58.769240,45.222079,53.181323,37.262835,0.904891,2.951485,0.057125,0.033353,0.065353,0.275704,-0.035816,0.126425,0.321734,0.928701,-0.093894,-0.093894,0.552177,1017090.000000,40577382.000000,0.039741
2020-04-20,52.040001,53.070000,51.580002,51.680000,1013000,0.000000,0.000000,50.750625,51.755104,50.302023,50.399544,45.838908,48.681782,49.384089,46.317450,48.224556,47.224059,1.000497,0.032303,0.968194,56.105240,45.838908,53.362262,38.315553,0.803099,2.844456,0.056438,-0.024537,0.038794,0.269467,-0.079546,0.071089,0.281047,0.930992,-0.116128,-0.116128,0.514090,984870.000000,52351840.000000,0.008665
2020-04-21,50.430000,51.490002,46.930000,47.259998,1341900,0.000000,0.000000,49.180514,50.214252,45.767232,46.089054,46.192914,48.520285,49.384192,46.371950,47.896018,47.139985,0.756033,0.177049,0.578983,48.118617,46.192914,52.994796,39.391031,0.492365,2.972160,0.064487,-0.085526,-0.086587,0.210863,-0.176860,-0.026751,0.169180,0.975090,-0.191722,-0.191722,0.384596,972250.000000,63418191.316200,-0.058666
2020-04-22,49.349998,51.130001,48.110001,51.049999,1002900,0.000000,0.000000,48.127279,49.863180,46.918004,49.785160,46.539606,48.416716,49.420671,46.448715,48.186655,47.335924,0.850731,0.311785,0.538945,54.146131,46.539606,53.331175,39.748037,0.738940,3.029444,0.060850,0.080195,0.041412,0.276250,-0.108056,0.044863,0.262943,1.003491,-0.126903,-0.126903,0.495633,952115.000000,51198043.997100,-0.013383
2020-04-23,51.009998,51.540001,50.080002,50.459999,1168900,0.000000,0.000000,49.746142,50.263013,48.839188,49.209770,46.852653,48.282135,49.444483,46.521729,48.344057,47.474727,0.869330,0.423294,0.446036,53.111658,46.852653,53.523435,40.181871,0.676675,2.914757,0.059231,-0.011557,-0.015799,0.148384,-0.120972,0.053641,0.243153,0.957464,-0.136993,-0.136993,0.478348,954540.000000,58982692.831100,-0.024431
2020-04-24,51.000000,51.500000,49.180000,51.209999,736200,0.000000,0.000000,49.736393,50.224004,47.961487,49.941189,46.995524,48.140533,49.483107,46.596412,48.589770,47.657428,0.932342,0.525104,0.407238,54.306726,46.995524,53.808039,40.183009,0.716195,2.868168,0.057431,0.014863,-0.033409,0.162807,-0.083025,0.078732,0.322478,0.957457,-0.124166,-0.124166,0.500321,950360.000000,37700801.263800,-0.009981
2020-04-27,51.450001,52.490002,51.450001,52.160000,708300,0.000000,0.000000,50.175238,51.189471,50.175238,50.867645,47.356357,48.019020,49.535865,46.676405,48.940212,47.895222,1.044990,0.629081,0.415909,55.841981,47.356357,54.187442,40.525272,0.757008,2.752462,0.054110,0.018551,0.009288,0.080365,-0.026866,0.099899,0.322249,0.904484,-0.107919,-0.107919,0.528153,926260.000000,36944928.000000,0.017902
2020-04-28,53.250000,54.090000,52.730000,53.020000,648900,0.080000,0.000000,52.010404,52.830850,51.502509,51.785759,47.627539,47.920355,49.603841,46.757496,49.377989,48.183410,1.194579,0.742181,0.452398,57.370582,47.627539,54.718125,40.536952,0.793221,2.696086,0.052062,0.018049,0.123602,0.186359,-0.023512,0.110182,0.321488,0.859258,-0.091817,-0.091817,0.555735,904695.000000,34404678.000000,0.047899
2020-04-29,54.209999,56.930000,53.889999,56.480000,1163400,0.000000,0.000000,52.948072,55.604755,52.635521,55.165230,48.202763,47.923608,49.704832,46.855775,50.268333,48.700582,1.567752,0.907295,0.660457,62.514403,48.202763,55.787744,40.617782,0.958964,2.776294,0.050327,0.065259,0.108066,0.189877,0.060892,0.143314,0.391190,0.861752,-0.032551,-0.032551,0.657260,917340.000000,65708832.000000,0.099754
2020-04-30,55.840000,56.320000,54.009998,54.230000,871100,0.000000,0.000000,54.540124,55.008950,52.752722,52.967602,48.831943,47.852481,49.781705,46.944037,50.683605,49.016657,1.666948,1.059225,0.607723,57.643423,48.831943,55.743868,41.920019,0.799168,2.750309,0.051924,-0.039837,0.076364,0.213163,0.018438,0.105801,0.343661,0.845655,-0.071091,-0.071091,0.591239,908550.000000,47239753.000000,0.062463
2020-05-01,53.040001,53.040001,50.900002,51.700001,917400,0.000000,0.000000,51.805297,51.805297,49.715114,50.496490,49.307336,47.731152,49.827830,47.015624,50.654818,49.126275,1.528544,1.153089,0.375455,52.673482,49.307336,55.177207,43.437465,0.601293,2.786179,0.055176,-0.046653,0.011119,0.250409,0.000375,0.057868,0.269722,0.814581,-0.114428,-0.114428,0.517003,913750.000000,47429580.917400,0.060040
2020-05-04,50.830002,52.439999,50.599998,52.360001,720500,0.000000,0.000000,49.646754,51.219272,49.422104,51.141136,49.811060,47.642610,49.883614,47.086796,50.729637,49.275524,1.454113,1.213294,0.240819,53.792728,49.811060,54.260596,45.361524,0.649462,2.715536,0.053099,0.012766,0.005377,0.247691,0.000772,0.094140,0.255000,0.814513,-0.103122,-0.103122,0.536369,905095.000000,37725380.720500,0.061449
2020-05-05,52.709999,53.980000,51.520000,51.930000,750500,0.000000,0.000000,51.482976,52.723412,50.320679,50.721134,49.982200,47.580776,49.929161,47.155770,50.728328,49.382606,1.345723,1.239780,0.105943,52.914693,49.982200,54.285710,45.678691,0.585852,2.693193,0.053098,-0.008213,-0.020558,0.235093,-0.066587,0.079532,0.278177,0.816814,-0.110488,-0.110488,0.523752,888910.000000,38973465.000000,0.003000
2020-05-06,52.480000,53.990002,51.990002,52.160000,537300,0.000000,0.000000,51.258340,52.733191,50.779748,50.945789,50.208946,47.565955,49.964393,47.222617,50.761784,49.498397,1.263387,1.244501,0.018886,53.353283,50.208946,54.185636,46.232255,0.592645,2.644540,0.051909,0.004429,-0.076487,0.077116,-0.078982,0.080060,0.300053,0.637445,-0.106548,-0.106548,0.530501,858730.000000,28025568.000000,-0.010173
2020-05-07,53.439999,54.070000,52.799999,53.250000,741300,0.000000,0.000000,52.195994,52.811329,51.570893,52.010418,50.423583,47.573207,49.999755,47.289934,50.953881,49.684473,1.269409,1.249483,0.019926,55.470140,50.423583,54.296140,46.551025,0.704882,2.588897,0.049777,0.020897,-0.018071,0.120651,-0.054065,0.101948,0.339830,0.634150,-0.087878,-0.087878,0.562484,855935.000000,39474225.000000,0.007832
2020-05-08,54.320000,56.959999,54.090000,56.700001,822900,0.000000,0.000000,53.055510,55.634054,52.830864,55.380108,50.767696,47.680035,50.066573,47.362357,51.634839,50.106372,1.528468,1.305280,0.223188,61.435474,50.767696,55.113892,46.421500,1.030626,2.662807,0.048082,0.064789,0.096712,0.160578,0.022454,0.183351,0.437779,0.662204,-0.028782,-0.028782,0.663715,834970.000000,46658430.822900,0.064384
2020-05-11,55.580002,57.580002,55.400002,56.939999,1116900,0.000000,0.000000,54.286175,56.239618,54.110365,55.614513,51.122554,47.752348,50.129699,47.431488,52.247097,50.514382,1.732715,1.390767,0.341948,61.818648,51.122554,55.838347,46.406760,0.976268,2.624696,0.047194,0.004233,0.087471,0.146742,0.011843,0.199088,0.466402,0.661597,-0.024671,-0.024671,0.670757,864540.000000,63596284.883100,0.057131
2020-05-12,56.970001,57.259998,55.369999,55.369999,1238100,0.000000,0.000000,55.643819,55.927065,54.081062,54.081062,51.303704,47.758103,50.173595,47.488488,52.529245,50.778581,1.750665,1.462746,0.287918,57.774455,51.303704,56.187377,46.420031,0.784351,2.569075,0.047504,-0.027573,0.066243,0.114675,-0.033210,0.163096,0.503287,0.672321,-0.051564,-0.051564,0.624690,891785.000000,68553595.761900,0.032812
2020-05-13,54.869999,55.320000,53.680000,53.990002,1307800,0.000000,0.000000,53.592701,54.032226,52.430404,52.733189,51.550091,47.769277,50.205570,47.534430,52.560621,50.923366,1.637255,1.497648,0.139607,54.405326,51.550091,56.181342,46.918840,0.627730,2.503474,0.047474,-0.024923,0.035084,0.045090,-0.075202,0.130792,0.434098,0.668605,-0.075202,-0.075202,0.584197,920400.000000,70608124.615600,0.013508
2020-05-14,53.349998,55.669998,52.639999,55.450001,809400,0.000000,0.000000,52.108078,54.374071,51.414607,54.159195,51.758066,47.760991,50.250344,47.589932,52.806556,51.163057,1.643498,1.526818,0.116680,57.245964,51.758066,56.469059,47.047072,0.754843,2.536045,0.046826,0.027042,0.041314,0.132908,-0.048892,0.159192,0.457492,0.641645,-0.050194,-0.050194,0.627037,919130.000000,44881230.809400,0.030211
2020-05-15,54.099998,56.270000,53.490002,55.520000,974000,0.000000,0.000000,52.840623,54.960111,52.244826,54.227570,51.886078,47.785865,50.294926,47.649567,53.025173,51.390058,1.635115,1.548477,0.086637,57.383067,51.886078,56.724116,47.048040,0.741988,2.548848,0.047003,0.001262,-0.020811,0.084558,-0.043926,0.146557,0.477858,0.625754,-0.048995,-0.048995,0.629091,929535.000000,54076480.000000,0.029716
2020-05-18,55.000000,57.290001,54.730000,57.029999,893400,0.000000,0.000000,53.719672,55.956365,53.455957,55.702415,52.151221,47.873979,50.353283,47.722216,53.437057,51.709492,1.727564,1.584295,0.143270,60.337545,52.151221,57.221881,47.080562,0.850171,2.545388,0.045696,0.027197,0.001581,0.078097,0.012723,0.190486,0.549610,0.622547,-0.023130,-0.023130,0.673398,923555.000000,50950601.106600,0.063882
2020-05-19,56.799999,58.590000,56.599998,57.470001,1039100,0.000000,0.000000,55.477774,57.226106,55.282429,56.132179,52.653378,48.050070,50.416034,47.800951,53.851691,52.037099,1.814592,1.630354,0.184238,61.182045,52.653378,57.153318,48.153437,0.886539,2.502408,0.044581,0.007715,0.037927,0.113744,-0.006931,0.163354,0.600010,0.613672,-0.015593,-0.015593,0.686309,908415.000000,59717078.039100,0.057454
2020-05-20,59.209999,59.369999,58.110001,58.509998,808600,0.000000,0.000000,57.831674,57.987949,56.757282,57.147968,53.021518,48.184454,50.490599,47.889917,54.358810,52.415682,1.943129,1.692909,0.250220,63.177716,53.021518,57.733185,48.309851,0.937897,2.456220,0.042980,0.018096,0.083719,0.239947,0.010343,0.230859,0.623128,0.516546,0.000000,0.000000,0.716825,898700.000000,47311184.382800,0.048820
2020-05-21,58.360001,59.529999,58.360001,58.540001,1495200,0.000000,0.000000,57.001455,58.144217,57.001455,57.177265,53.419893,48.401732,50.569644,47.979079,54.792419,52.768391,2.024027,1.759133,0.264895,63.236422,53.419893,58.121871,48.717915,0.899552,2.362401,0.041317,0.000513,0.055726,0.148480,0.028956,0.215179,0.639779,0.451272,0.000000,0.000000,0.717705,915015.000000,87529009.495200,0.059417
2020-05-22,59.200001,59.200001,58.040001,58.500000,576700,0.000000,0.000000,57.821905,57.821905,56.688908,57.138199,53.779743,48.718287,50.651512,48.066004,55.153308,53.092081,2.061227,1.819552,0.241675,63.091977,53.779743,58.462307,49.097179,0.858613,2.274587,0.039809,-0.000683,0.053674,0.161115,0.061795,0.248188,0.670744,0.447193,-0.000683,-0.000683,0.716531,907040.000000,33736950.000000,0.050592
2020-05-26,59.950001,60.500000,59.040001,59.320000,1009500,0.000000,0.000000,58.554449,59.091645,57.665633,57.939114,54.133317,48.953143,50.743142,48.151586,55.581894,53.451120,2.130773,1.881796,0.248977,64.863962,54.133317,58.955856,49.310778,0.894584,2.251648,0.038862,0.014017,0.040154,0.160147,0.120965,0.295445,0.710178,0.447027,0.000000,0.000000,0.740592,922100.000000,59883540.000000,0.079182
2020-05-27,59.480000,59.820000,57.240002,59.459999,761400,0.000000,0.000000,58.095390,58.427476,55.907536,58.075855,54.447822,49.301519,50.827570,48.240088,55.965580,53.793693,2.171887,1.939814,0.232073,65.171410,54.447822,59.443072,49.452571,0.863148,2.270812,0.039101,0.002360,0.034627,0.141705,0.124459,0.283690,0.744191,0.445488,0.000000,0.000000,0.744700,927725.000000,45272843.238600,0.076403
2020-05-28,59.450001,60.279999,58.380001,58.610001,653600,0.000000,0.000000,58.066086,58.876763,57.020994,57.245640,54.551842,49.578483,50.907591,48.326675,56.162512,54.049393,2.113119,1.974475,0.138644,61.644532,54.551842,59.694465,49.409219,0.761909,2.241166,0.039150,-0.014295,0.001709,0.105432,0.144027,0.242342,0.719759,0.449182,-0.014295,-0.014295,0.717756,902235.000000,38307496.653600,0.050347
2020-05-29,58.889999,59.990002,58.450001,59.880001,588200,0.000000,0.000000,57.519117,58.593512,57.089361,58.486073,54.827766,49.938184,51.006638,48.414068,56.519983,54.378036,2.141947,2.007970,0.133978,64.716862,54.827766,60.199561,49.455970,0.840511,2.188522,0.037420,0.021669,0.022890,0.060198,0.124756,0.267655,0.746838,0.398185,0.000000,0.000000,0.754977,888090.000000,35221416.588200,0.017080
2020-06-01,59.419998,59.759998,57.880001,59.070000,594700,0.000000,0.000000,58.036782,58.368867,56.532634,57.694931,55.187688,50.298055,51.082777,48.502172,56.700744,54.623732,2.077012,2.021778,0.055234,61.341939,55.187688,60.295714,50.079661,0.745422,2.171730,0.037642,-0.013527,0.009744,0.089249,0.072530,0.232045,0.731237,0.372020,-0.013527,-0.013527,0.715748,871955.000000,35128929.000000,0.005520
2020-06-02,59.200001,60.310001,58.520000,60.209999,730000,0.000000,0.000000,57.821905,58.906066,57.157734,58.808392,55.571050,50.712964,51.169370,48.595163,57.024998,54.933707,2.091291,2.035681,0.055610,64.173682,55.571050,60.549579,50.592522,0.825130,2.141488,0.036415,0.019299,0.015003,0.164604,0.127149,0.276257,0.748860,0.325340,0.000000,0.000000,0.724475,872430.000000,43953299.270000,0.020714
2020-06-03,60.639999,63.799999,60.430000,61.970001,1419300,0.000000,0.000000,59.228390,62.314830,59.023280,60.527431,56.061365,51.143334,51.266433,48.692374,57.563834,55.348057,2.215777,2.071700,0.144077,68.063239,56.061365,60.959660,51.163071,0.955880,2.238984,0.036991,0.029231,0.042213,0.183537,0.109099,0.327592,0.774883,0.333606,0.000000,0.000000,0.759859,905870.000000,87954022.419300,0.035379
2020-06-04,62.209999,62.759998,61.169998,62.169998,1540900,0.000000,0.000000,60.761829,61.299025,59.746038,60.722759,56.550214,51.500763,51.366229,48.787986,58.049822,55.746183,2.303639,2.118088,0.185552,68.481956,56.550214,61.246195,51.854233,0.944268,2.189984,0.036065,0.003227,0.060740,0.197189,0.146061,0.349750,0.765538,0.328806,0.000000,0.000000,0.765538,956050.000000,95797749.918200,0.045677
2020-06-05,63.220001,64.900002,63.000000,64.510002,1133000,0.000000,0.000000,61.748326,63.389218,61.533446,63.008297,57.100108,51.901952,51.476417,48.896872,58.812664,56.284117,2.528547,2.200180,0.328368,72.950779,57.100108,62.122113,52.078102,1.088230,2.224018,0.035297,0.037639,0.077321,0.236771,0.228310,0.398132,0.824782,0.343050,0.000000,0.000000,0.831991,975635.000000,73089832.266000,0.083893
2020-06-08,64.769997,64.849998,61.990002,62.139999,1242700,0.000000,0.000000,63.262241,63.340380,60.546960,60.693466,57.365776,52.174146,51.561118,48.989323,59.102019,56.610736,2.491283,2.258400,0.232883,63.180003,57.365776,62.563747,52.167804,0.820095,2.264690,0.037314,-0.036739,0.051972,0.166948,0.282412,0.340395,0.764686,0.377206,-0.036739,-0.036739,0.762697,996625.000000,77221376.757300,0.034123
2020-06-09,61.680000,63.509998,61.299999,62.689999,1293600,0.000000,0.000000,60.244173,62.031571,59.873017,61.230659,57.646583,52.525739,51.652653,49.085676,59.429502,56.952952,2.476550,2.302030,0.174519,64.372561,57.646583,63.048983,52.244183,0.831711,2.257109,0.036862,0.008851,0.041189,0.105644,0.214201,0.334466,0.696532,0.315090,-0.028213,-0.028213,0.778298,1005460.000000,81095782.706400,0.021313
2020-06-10,63.080002,63.360001,61.750000,62.470001,1351000,0.000000,0.000000,61.611578,61.885059,60.312537,61.015778,57.993319,52.818813,51.726945,49.189072,59.673544,57.253902,2.419642,2.325553,0.094089,63.486770,57.993319,63.321835,52.664802,0.783612,2.208210,0.036191,-0.003509,0.008068,0.097120,0.317455,0.339161,0.684689,0.316460,-0.031623,-0.031623,0.772058,1011105.000000,84396971.351000,0.057359
2020-06-11,61.279999,61.619999,57.930000,58.080002,1396100,0.000000,0.000000,59.853475,60.185560,56.581460,56.727970,58.193058,53.080157,51.746674,49.270834,59.220379,57.214944,2.005435,2.261529,-0.256094,48.998017,58.193058,62.961405,53.424710,0.346374,2.367217,0.041729,-0.070274,-0.065787,0.048943,0.373211,0.228771,0.625085,0.395805,-0.099675,-0.099675,0.647529,1015520.000000,81085490.792200,0.055106
2020-06-12,59.619999,60.419998,58.060001,59.590000,860700,0.000000,0.000000,58.232128,59.013504,56.708445,58.202827,58.395239,53.436534,51.768785,49.361673,59.063833,57.288121,1.775712,2.164366,-0.388654,52.973498,58.395239,62.770093,54.020386,0.478009,2.362777,0.040596,0.025999,-0.076267,0.103723,0.259901,0.227323,0.599308,0.390494,-0.076267,-0.076267,0.690362,1018085.000000,51289113.000000,0.042256
2020-06-15,58.389999,60.380001,57.849998,60.160000,796600,0.000000,0.000000,57.030770,58.974447,56.503339,58.759567,58.621839,53.791952,51.798215,49.453155,59.017022,57.397117,1.619906,2.055474,-0.435568,54.417887,58.621839,62.532640,54.711039,0.517609,2.370515,0.040343,0.009566,-0.031863,0.084942,0.445249,0.212180,0.645766,0.382682,-0.067431,-0.067431,0.706531,1009215.000000,47923456.000000,0.036618
2020-06-16,61.880001,62.919998,60.799999,62.029999,692400,0.000000,0.000000,60.439515,61.455303,59.384655,60.586021,58.866020,54.182340,51.844255,49.547597,59.258407,57.633332,1.625075,1.969394,-0.344319,58.879956,58.866020,62.615846,55.116193,0.729344,2.393745,0.039510,0.031084,-0.010528,0.117255,0.396074,0.244111,0.747264,0.393612,-0.038444,-0.038444,0.759576,999165.000000,42949571.307600,0.046903
2020-06-17,62.900002,63.099998,62.200001,62.709999,781600,0.000000,0.000000,61.435778,61.631119,60.752072,61.250198,59.121921,54.461377,51.912128,49.645652,59.564836,57.901248,1.663588,1.908233,-0.244644,60.398115,59.121921,62.783712,55.460129,0.790606,2.297413,0.037509,0.010963,0.003842,0.099597,0.512313,0.242348,0.697530,0.386334,-0.027903,-0.027903,0.778866,986290.000000,49014135.218400,0.094465
2020-06-18,62.610001,62.980000,61.880001,61.980000,649500,0.000000,0.000000,61.152513,61.513899,60.439507,60.537178,59.291381,54.743903,51.994780,49.741356,59.714427,58.096502,1.617925,1.850171,-0.232246,57.925611,59.291381,62.881530,55.701232,0.673502,2.210055,0.036507,-0.011641,0.067149,0.078475,0.524814,0.218261,0.680028,0.390304,-0.039219,-0.039219,0.758158,978335.000000,40256010.000000,0.134291
2020-06-19,62.980000,63.119999,60.070000,60.070000,1345800,0.000000,0.000000,61.513913,61.650653,58.671654,58.671654,59.366100,54.962983,52.051170,49.824622,59.554001,58.139106,1.414895,1.763116,-0.348221,51.935168,59.366100,62.831006,55.901195,0.399789,2.264979,0.038604,-0.030816,0.008055,0.026662,0.541437,0.184433,0.570315,0.404407,-0.068827,-0.068827,0.703978,970865.000000,80842206.000000,0.095679
2020-06-22,59.880001,61.090000,59.520000,61.040001,767500,0.000000,0.000000,58.486075,59.667907,58.134455,59.619072,59.490144,55.185407,52.127371,49.907958,59.564012,58.248733,1.315279,1.673548,-0.358270,54.508210,59.490144,62.793067,56.187221,0.519517,2.212727,0.037114,0.016148,0.014627,0.042706,0.528344,0.200019,0.624792,0.407508,-0.053790,-0.053790,0.731494,980405.000000,46848200.767500,0.062528
2020-06-23,61.730000,61.730000,60.549999,60.680000,817700,0.000000,0.000000,60.293001,60.293001,59.140470,59.267445,59.556561,55.400409,52.199959,49.989001,59.518386,58.324193,1.194193,1.577677,-0.383485,53.366351,59.556561,62.780643,56.332478,0.455163,2.136999,0.036057,-0.005898,-0.021764,0.037265,0.383095,0.190841,0.638172,0.408390,-0.059371,-0.059371,0.721281,970815.000000,49618036.000000,0.017287
2020-06-24,60.139999,60.889999,58.549999,58.889999,959500,0.000000,0.000000,58.740033,59.472574,57.187045,57.519131,59.528724,55.541630,52.270375,50.059942,59.210808,58.264559,0.946249,1.451392,-0.505142,47.984038,59.528724,62.815636,56.241813,0.194304,2.147608,0.037337,-0.029499,-0.060915,-0.007249,0.339248,0.153456,0.584324,0.419998,-0.087118,-0.087118,0.670506,980720.000000,56504954.040500,-0.002676
2020-06-25,58.689999,59.220001,57.509998,59.150002,1114000,0.000000,0.000000,57.323780,57.841445,56.171249,57.773075,59.555096,55.740983,52.337089,50.131278,58.989619,58.228153,0.761466,1.313407,-0.551941,48.791911,59.555096,62.772611,56.337581,0.223075,2.113507,0.036583,0.004415,-0.045660,-0.005214,0.227027,0.158775,0.579077,0.420205,-0.083088,-0.083088,0.677881,1003740.000000,65893102.228000,-0.057608
2020-06-26,59.080002,59.259998,57.119999,57.360001,1502100,0.000000,0.000000,57.704696,57.880503,55.790320,56.024734,59.432029,55.861484,52.353942,50.190372,58.533482,58.064936,0.468546,1.144434,-0.675888,43.753514,59.432029,62.991794,55.872264,0.021416,2.111841,0.037695,-0.030262,-0.045114,-0.021327,0.283470,0.127452,0.517205,0.430603,-0.110836,-0.110836,0.627105,1049435.000000,86160457.502100,-0.017080
2020-06-29,57.160000,58.349998,56.919998,57.970001,1043400,0.000000,0.000000,55.829395,56.991692,55.594980,56.620541,59.378310,55.960548,52.367000,50.247389,58.239184,57.957944,0.281240,0.971795,-0.690556,45.807274,59.378310,63.078122,55.678498,0.127310,2.060761,0.036396,0.010635,-0.050295,-0.031897,0.221267,0.149125,0.563334,0.425052,-0.101380,-0.101380,0.644408,1071870.000000,60485899.043400,-0.048859
2020-06-30,57.160000,59.349998,56.459999,59.049999,1237700,0.000000,0.000000,55.829389,57.968408,55.145684,57.675392,59.321660,56.106065,52.393923,50.306765,58.152447,57.937014,0.215432,0.820523,-0.605091,49.334527,59.321660,63.092233,55.551086,0.281695,2.115187,0.036674,0.018630,-0.026862,-0.000339,0.320990,0.178217,0.552522,0.427884,-0.084638,-0.084638,0.675044,1097255.000000,73086183.762300,0.014673
2020-07-01,59.290001,59.639999,58.270000,58.389999,644600,0.000000,0.000000,57.909809,58.251660,56.913552,57.030758,59.146826,56.324899,52.422592,50.362139,57.979879,57.869884,0.109995,0.678417,-0.568422,47.308069,59.146826,63.005237,55.288415,0.225785,2.059681,0.036115,-0.011177,-0.008491,-0.030228,0.412212,0.169235,0.559201,0.423871,-0.094869,-0.094869,0.656322,1058520.000000,37638193.355400,0.032616
2020-07-02,58.830002,60.080002,58.500000,59.630001,614300,0.000000,0.000000,57.460521,58.681423,57.138201,58.241898,59.022783,56.494034,52.455375,50.422791,58.020190,57.897441,0.122749,0.567284,-0.444535,51.351259,59.022783,62.827003,55.218563,0.397366,2.030466,0.034863,0.021237,0.008115,-0.037760,0.420928,0.173450,0.639735,0.417516,-0.075647,-0.075647,0.691497,1012190.000000,36630709.614300,0.057604
2020-07-06,60.779999,61.330002,60.450001,60.770000,816600,0.000000,0.000000,59.365124,59.902323,59.042808,59.355358,58.840136,56.696945,52.489540,50.488233,58.225600,58.005435,0.220165,0.497860,-0.277694,54.786175,58.840136,62.158396,55.521877,0.577634,2.004034,0.033763,0.019118,0.059449,-0.022519,0.445342,0.205343,0.686753,0.423369,-0.057976,-0.057976,0.723835,996370.000000,49624782.000000,0.030241
2020-07-07,60.650002,60.830002,59.770000,59.779999,982800,0.000000,0.000000,59.238147,59.413958,58.378632,58.388397,58.724883,56.865890,52.503211,50.548645,58.250646,58.033802,0.216844,0.441657,-0.224813,51.392551,58.724883,61.930309,55.519457,0.447513,1.934841,0.033137,-0.016291,0.031223,-0.073322,0.234471,0.201868,0.695752,0.402474,-0.073322,-0.073322,0.687192,983375.000000,58751783.017200,-0.072692
2020-07-08,60.200001,60.669998,59.130001,59.759998,658300,0.000000,0.000000,58.798630,59.257686,57.753538,58.368870,58.581793,57.015914,52.517467,50.609495,58.268834,58.058622,0.210212,0.395368,-0.185156,51.323412,58.581793,61.563966,55.599621,0.464301,1.904077,0.032621,-0.000334,0.012024,-0.038301,0.257655,0.165489,0.686628,0.383692,-0.073632,-0.073632,0.673953,951610.000000,39340006.683400,-0.072655
2020-07-09,60.119999,61.369999,59.520000,61.139999,1153900,0.000000,0.000000,58.720483,59.941385,58.134452,59.716740,58.516841,57.174534,52.547444,50.674702,58.491589,58.181446,0.310143,0.378323,-0.068180,55.748710,58.516841,61.327456,55.706227,0.713458,1.897138,0.031769,0.023092,0.047097,-0.024725,0.251459,0.190783,0.705962,0.391656,-0.052240,-0.052240,0.712608,941755.000000,70549444.846100,-0.052197
2020-07-10,61.410000,61.430000,58.680000,59.049999,938200,0.000000,0.000000,59.980455,59.999990,57.314006,57.675392,58.564212,57.224737,52.574172,50.734028,58.366020,58.143960,0.222060,0.347070,-0.125010,48.549846,58.564212,61.278152,55.850273,0.336249,1.953484,0.033870,-0.034184,-0.009727,-0.054746,0.189236,0.134872,0.654065,0.408296,-0.084638,-0.084638,0.633156,918860.000000,55400709.061800,-0.112945
2020-07-13,59.700001,60.419998,57.599998,57.650002,902000,0.000000,0.000000,58.310265,59.013502,56.259148,56.307987,58.469470,57.291545,52.572013,50.783261,58.049400,58.007962,0.041437,0.285944,-0.244506,44.412698,58.469470,61.362889,55.576051,0.126483,2.010689,0.035709,-0.023709,-0.051341,-0.007403,0.160574,0.109667,0.583125,0.336197,-0.106340,-0.106340,0.594437,920925.000000,52000301.804000,-0.107774
2020-07-14,56.980000,58.160000,56.160000,58.040001,974000,0.000000,0.000000,55.653589,56.806121,54.852678,56.688915,58.365938,57.415393,52.573273,50.834884,57.840094,57.910255,-0.070161,0.214723,-0.284883,45.798356,58.365938,61.362014,55.369862,0.220130,2.006600,0.035397,0.006765,-0.029107,-0.026011,0.123486,0.090390,0.596449,0.323727,-0.100294,-0.100294,0.605223,929795.000000,56530960.974000,-0.108184
2020-07-15,58.029999,58.490002,56.820000,57.930000,824600,0.000000,0.000000,56.679133,57.128428,55.497302,56.581463,58.165710,57.524200,52.583405,50.892776,57.646459,57.811826,-0.165367,0.138705,-0.304072,45.454157,58.165710,61.070950,55.260470,0.227347,1.979781,0.034990,-0.001895,-0.030623,-0.037068,0.183578,0.083453,0.602180,0.321415,-0.102000,-0.102000,0.563931,936405.000000,47769078.000000,-0.073454
2020-07-16,57.459999,58.200001,57.119999,57.740002,459400,0.000000,0.000000,56.122405,56.845180,55.790319,56.395889,57.922994,57.637695,52.609235,50.945997,57.454063,57.706942,-0.252878,0.060388,-0.313267,44.827553,57.922994,60.540023,55.305966,0.208237,1.913715,0.033934,-0.003280,-0.055610,-0.069160,0.127925,0.082928,0.558802,0.298621,-0.104945,-0.104945,0.528060,920295.000000,26525756.918800,-0.099617
2020-07-17,58.090000,58.990002,57.610001,58.880001,634100,0.000000,0.000000,56.737743,57.616794,56.268917,57.509354,57.771603,57.768966,52.667461,51.005660,57.462570,57.692306,-0.229736,0.002363,-0.232099,49.340157,57.771603,60.084530,55.458677,0.443308,1.873298,0.032574,0.019744,-0.002879,-0.061075,0.113070,0.073205,0.558230,0.305356,-0.087273,-0.087273,0.557410,919525.000000,37335808.634100,-0.101152
2020-07-20,58.880001,61.369999,58.590000,61.200001,970800,0.000000,0.000000,57.509348,59.941382,57.226098,59.775341,57.826788,57.924264,52.748736,51.079764,57.818381,57.846605,-0.028224,-0.003754,-0.024470,57.040795,57.826788,60.278627,55.374948,0.897366,1.933440,0.032345,0.039402,0.061578,-0.012585,0.186029,0.091686,0.618775,0.336392,-0.051310,-0.051310,0.590765,900775.000000,59412960.970800,-0.071701
2020-07-21,61.560001,62.040001,60.610001,61.700001,1084300,0.000000,0.000000,60.126970,60.595795,59.199084,60.263710,57.859020,58.021937,52.850986,51.153247,58.194585,58.025649,0.168936,0.030784,0.138152,58.504779,57.859020,60.424385,55.293654,0.968684,1.895102,0.031447,0.008170,0.063060,0.027135,0.307549,0.076296,0.603761,0.318598,-0.043559,-0.043559,0.583264,916615.000000,66901311.084300,0.015033
2020-07-22,61.500000,63.330002,61.480000,62.630001,839400,0.000000,0.000000,60.068354,61.855756,60.048820,61.172050,57.954250,58.133087,52.942717,51.227626,58.652657,58.258716,0.393941,0.103415,0.290525,61.156246,57.954250,60.858742,55.049757,1.053935,1.888804,0.030877,0.015073,0.081132,0.026048,0.228721,0.095949,0.586949,0.317995,-0.029143,-0.029143,0.607128,917700.000000,52571622.839400,-0.031509
2020-07-23,65.290001,71.510002,65.000000,69.650002,4304700,0.000000,0.000000,63.770150,69.845359,63.486899,68.028656,58.479726,58.412039,53.085071,51.340323,60.095118,58.982415,1.112703,0.305273,0.807430,74.435446,58.479726,63.827686,53.131766,1.392764,2.373412,0.034888,0.112087,0.206270,0.147825,0.382422,0.215187,0.663476,0.496406,0.000000,0.000000,0.787266,1084960.000000,299822363.609400,0.150906
2020-07-24,67.440002,68.290001,65.760002,67.839996,1572400,0.000000,0.000000,65.870083,66.700294,64.229191,66.260765,58.904111,58.682591,53.225934,51.450160,61.043679,59.521552,1.522127,0.548644,0.973483,67.982218,58.904111,65.266771,52.541450,1.078112,2.475273,0.037357,-0.025987,0.152174,0.151978,0.326776,0.216621,0.585629,0.493289,-0.025987,-0.025987,0.740820,1107880.000000,106671609.710400,0.126572
2020-07-27,68.800003,70.500000,68.120003,69.540001,1135800,0.000000,0.000000,67.198424,68.858847,66.534254,67.921196,59.498934,58.957831,53.359411,51.566209,62.101759,60.143748,1.958010,0.830517,1.127494,70.563489,59.498934,66.872244,52.125623,1.071132,2.484045,0.036572,0.025059,0.136275,0.175655,0.335253,0.299381,0.591363,0.496989,-0.001580,-0.001580,0.784443,1089565.000000,78983533.135800,0.128372
2020-07-28,69.099998,70.839996,68.629997,69.190002,1140000,0.080000,0.000000,67.569171,69.270621,67.109582,67.657181,60.050766,59.226423,53.506144,51.679770,62.956439,60.700299,2.256140,1.115642,1.140499,69.602628,60.050766,68.134779,51.966752,0.970460,2.460973,0.036374,-0.003887,0.122685,0.207631,0.306482,0.275765,0.553736,0.479366,-0.005461,-0.005461,0.777507,1094395.000000,78876602.280000,0.098023
2020-07-29,70.230003,72.059998,69.279999,71.099998,1076400,0.000000,0.000000,68.674143,70.463596,67.745184,69.524864,60.643239,59.502872,53.688425,51.797129,63.966966,61.353970,2.612996,1.415112,1.197883,72.459623,60.643239,69.675511,51.610967,0.991661,2.485648,0.035752,0.027605,0.136546,0.227909,0.260302,0.337045,0.614651,0.483485,0.000000,0.000000,0.826575,1086330.000000,76532037.847200,0.077657
2020-07-30,70.000000,72.260002,70.000000,72.199997,961400,0.000000,0.000000,68.449258,70.659193,68.449258,70.600517,61.321727,59.792239,53.921155,51.921081,64.987512,62.038900,2.948613,1.721812,1.226800,73.976640,61.321727,71.209568,51.433886,0.969202,2.465954,0.034928,0.015471,0.037806,0.224101,0.332900,0.357476,0.669026,0.482919,0.000000,0.000000,0.854835,1102170.000000,69413077.115800,0.141860
2020-07-31,72.500000,73.000000,71.089996,71.910004,944000,0.000000,0.000000,70.893835,71.382758,69.515069,70.316910,61.925478,60.055617,54.120036,52.039435,65.807420,62.652086,3.155334,2.008517,1.146817,72.837428,61.925478,72.474036,51.376920,0.897753,2.423221,0.034461,-0.004017,0.061215,0.232965,0.392511,0.393033,0.707853,0.479570,-0.004017,-0.004017,0.847384,1118655.000000,67883043.776000,0.143780
2020-08-03,72.570000,74.260002,72.220001,74.010002,928500,0.000000,0.000000,70.962306,72.614869,70.620061,72.370407,62.576230,60.359480,54.380606,52.171945,66.817110,63.371961,3.445149,2.295843,1.149306,75.749443,62.576230,74.024639,51.127821,0.927753,2.414273,0.033360,0.029203,0.065505,0.242583,0.415111,0.416203,0.792003,0.482614,0.000000,0.000000,0.901334,1124250.000000,68718286.857000,0.163457
2020-08-04,74.040001,74.279999,72.300003,73.000000,1096000,0.000000,0.000000,72.399759,72.634440,70.698308,71.382797,63.225950,60.644372,54.681330,52.293587,67.519523,63.965357,3.554167,2.547508,1.006659,71.764619,63.225950,75.139134,51.312766,0.842345,2.380120,0.033343,-0.013647,0.055066,0.202634,0.407358,0.313646,0.813833,0.488822,-0.013647,-0.013647,0.875387,1129910.000000,80008000.000000,0.165331
2020-08-05,73.110001,73.900002,73.040001,73.480003,900600,0.000000,0.000000,71.490352,72.262851,71.421903,71.852158,63.900115,60.922633,54.937888,52.416068,68.186083,64.549564,3.636519,2.765310,0.871208,72.504891,63.900115,76.176485,51.623744,0.823876,2.272973,0.031634,0.006575,0.033474,0.230590,0.410365,0.298971,0.826210,0.480102,-0.007161,-0.007161,0.887718,1142025.000000,66176090.701800,0.168224
2020-08-06,73.550003,73.970001,72.639999,72.790001,674600,0.000000,0.000000,71.920602,72.331296,71.030758,71.177437,64.473149,61.184665,55.243092,52.533718,68.646291,65.040518,3.605773,2.933403,0.672371,69.676834,64.473149,76.994798,51.951501,0.767708,2.203513,0.030958,-0.009390,0.008172,0.219442,0.368523,0.294533,0.790480,0.483653,-0.016484,-0.016484,0.869992,1118060.000000,49104134.674600,0.131497
2020-08-07,72.690002,73.209999,69.349998,70.260002,1063300,0.000000,0.000000,71.079650,71.588127,67.813640,68.703484,65.024554,61.413822,55.496152,52.643712,68.655090,65.311848,3.343241,3.015370,0.327871,60.377575,65.024554,77.253646,52.795463,0.650417,2.315726,0.033706,-0.034758,-0.022945,0.150490,0.240581,0.268437,0.682973,0.504848,-0.050669,-0.050669,0.804996,1124315.000000,74707460.126600,0.033411
2020-08-10,70.440002,70.629997,68.559998,68.919998,1002100,0.000000,0.000000,68.879496,69.065282,67.041140,67.393166,65.578813,61.591964,55.765074,52.749197,68.460948,65.466020,2.994928,3.011282,-0.016354,56.106447,65.578813,77.130559,54.027067,0.578532,2.294898,0.034052,-0.019072,-0.068775,0.168491,0.211791,0.226142,0.669161,0.491800,-0.068775,-0.068775,0.770571,1129320.000000,69064729.995800,0.018584
2020-08-11,68.690002,69.959999,68.620003,69.220001,825100,0.000000,0.000000,67.168289,68.410151,67.099840,67.686546,66.128695,61.791796,56.044926,52.856392,68.341809,65.630503,2.711305,2.951287,-0.239981,56.842588,66.128695,76.920683,55.336706,0.572176,2.224571,0.032866,0.004353,-0.051781,0.202077,0.251576,0.210010,0.695204,0.478516,-0.064721,-0.064721,0.778278,1121875.000000,57113422.825100,0.053824
2020-08-12,69.620003,72.070000,69.379997,71.059998,942000,0.000000,0.000000,68.077647,70.473367,67.842959,69.485741,66.773908,62.005343,56.359153,52.970590,68.517799,65.916077,2.601722,2.881374,-0.279652,61.146137,66.773908,76.668217,56.879599,0.637040,2.264731,0.032593,0.026581,-0.032935,0.225738,0.317685,0.218592,0.694468,0.482146,-0.039860,-0.039860,0.825547,1127745.000000,66938518.116000,0.075213
2020-08-13,71.139999,71.650002,70.489998,70.660004,522300,0.000000,0.000000,69.563989,70.062693,68.928388,69.094627,67.408845,62.176687,56.660010,53.074812,68.606541,66.151525,2.455017,2.796102,-0.341086,59.751284,67.408845,76.049410,58.768280,0.597550,2.183987,0.031609,-0.005629,-0.029262,0.221153,0.275769,0.213394,0.724172,0.483494,-0.045264,-0.045264,0.815272,1130890.000000,36905720.089200,0.041104
2020-08-14,70.790001,71.250000,69.419998,69.730003,523800,0.000000,0.000000,69.221741,69.671550,67.882089,68.185226,67.942639,62.325936,56.913349,53.176239,68.541724,66.302169,2.239554,2.684793,-0.445238,56.522651,67.942639,75.219655,60.665623,0.516668,2.155806,0.031617,-0.013162,-0.007543,0.209046,0.257390,0.202159,0.695719,0.488099,-0.057830,-0.057830,0.791380,1125375.000000,36524575.571400,0.035001
2020-08-17,70.480003,71.150002,70.070000,70.720001,664900,0.000000,0.000000,68.918616,69.573772,68.517696,69.153297,68.411537,62.448836,57.175394,53.283335,68.635812,66.513364,2.122448,2.572324,-0.449876,59.058765,68.411537,74.599806,62.223267,0.559933,2.101002,0.030382,0.014198,0.026117,0.202470,0.241478,0.257273,0.683169,0.487012,-0.044453,-0.044453,0.816813,1110080.000000,47021728.664900,0.036287
2020-08-18,70.620003,71.790001,70.250000,71.300003,1144500,0.000000,0.000000,69.055508,70.199586,68.693702,69.720444,68.884373,62.629376,57.401761,53.398232,68.802678,66.750925,2.051753,2.468210,-0.416457,60.512026,68.884373,73.756515,64.012232,0.585801,2.058493,0.029525,0.008201,0.030049,0.166375,0.242076,0.233468,0.675954,0.474504,-0.036617,-0.036617,0.831713,1113090.000000,81602853.433500,0.021530
2020-08-19,71.300003,71.870003,70.839996,71.050003,782500,0.000000,0.000000,69.720452,70.277824,69.270636,69.475990,69.299570,62.794282,57.660011,53.510690,68.906265,66.952782,1.953483,2.365264,-0.411782,59.531152,69.299570,72.549727,66.049414,0.527140,1.983400,0.028548,-0.003506,-0.000140,0.152866,0.215721,0.228295,0.685042,0.476099,-0.039994,-0.039994,0.825291,1110245.000000,55596627.347500,0.026864
2020-08-20,70.660004,70.750000,69.080002,69.339996,638900,0.000000,0.000000,69.094636,69.182638,67.549636,67.803871,69.288331,62.930044,57.874428,53.613862,68.736666,67.015826,1.720840,2.236379,-0.515539,53.181018,69.288331,72.558485,66.018177,0.273029,1.979325,0.029192,-0.024068,-0.018681,0.108413,0.185854,0.220191,0.606604,0.487130,-0.063099,-0.063099,0.781361,926955.000000,44301323.444400,-0.027404
2020-08-21,69.309998,69.839996,68.690002,69.430000,619300,0.000000,0.000000,67.774547,68.292805,67.168287,67.891891,69.369888,63.153323,58.116740,53.717329,68.606700,67.080719,1.525981,2.094300,-0.568319,53.462429,69.369888,72.394242,66.345533,0.255651,1.918268,0.028255,0.001298,-0.004302,-0.002010,0.188205,0.261630,0.618008,0.294228,-0.061883,-0.061883,0.783673,879300.000000,42997999.000000,-0.024910
2020-08-24,70.070000,70.889999,68.809998,69.300003,396000,0.000000,0.000000,68.517686,69.319520,67.285598,67.764748,69.362065,63.344561,58.390547,53.822155,68.477169,67.131388,1.345781,1.944596,-0.598815,52.967182,69.362065,72.402961,66.321170,0.237361,1.926529,0.028430,-0.001873,-0.020079,0.022698,0.169586,0.311064,0.679982,0.278774,-0.063640,-0.063640,0.780333,842310.000000,27442801.188000,-0.048771
2020-08-25,69.169998,70.070000,69.010002,69.879997,282400,0.000000,0.000000,67.637639,68.517702,67.481188,68.331909,69.395801,63.536008,58.663980,53.931912,68.454822,67.220316,1.234506,1.802578,-0.568072,54.971026,69.395801,72.371326,66.420277,0.321226,1.862956,0.027263,0.008370,-0.019916,0.006047,0.176598,0.323036,0.692411,0.266514,-0.055803,-0.055803,0.795233,799430.000000,19734111.152800,-0.041638
2020-08-26,70.459999,70.459999,69.629997,69.849998,535300,0.000000,0.000000,68.899053,68.899053,68.087439,68.302567,69.334687,63.690339,58.936339,54.040937,68.431398,67.300482,1.130915,1.668245,-0.537330,54.840848,69.334687,72.349007,66.320366,0.328797,1.787860,0.026176,-0.000429,-0.016890,0.009539,0.193149,0.364995,0.706063,0.266079,-0.056209,-0.056209,0.794463,772375.000000,37390703.929400,-0.051922
2020-08-27,70.019997,70.290001,67.690002,67.839996,796100,0.000000,0.000000,68.468787,68.732810,66.190411,66.337082,69.121515,63.792076,59.126727,54.139453,68.109195,67.229119,0.880076,1.510611,-0.630536,46.839264,69.121515,72.354033,65.888997,0.069309,1.841756,0.027764,-0.028776,-0.021633,-0.045851,0.134237,0.275740,0.639451,0.265622,-0.083367,-0.083367,0.742825,764110.000000,54007420.815600,-0.090789
2020-08-28,68.220001,68.760002,67.959999,68.300003,613600,0.000000,0.000000,66.708674,67.236712,66.454432,66.786903,68.945015,63.917071,59.330487,54.239780,67.905766,67.196363,0.709403,1.350370,-0.640967,48.684595,68.945015,72.286365,65.603664,0.177060,1.774461,0.026569,0.006781,-0.016276,-0.054017,0.157587,0.241547,0.601694,0.260026,-0.077152,-0.077152,0.754643,747590.000000,41908881.840800,-0.066823
2020-08-31,68.080002,68.320000,66.889999,66.889999,574100,0.000000,0.000000,66.571782,66.806463,65.408142,65.408142,68.596901,64.051801,59.507392,54.330341,67.521516,67.063902,0.457614,1.171819,-0.714205,43.679681,68.596901,71.885941,65.307862,0.015245,1.747594,0.026718,-0.020644,-0.034776,-0.069809,0.112225,0.253643,0.570826,0.267510,-0.096203,-0.096203,0.718420,729870.000000,38401548.425900,-0.113316
2020-09-01,67.580002,68.900002,67.000000,68.860001,801400,0.000000,0.000000,66.082846,67.373603,65.515693,67.334488,68.394486,64.206109,59.695758,54.433065,67.492742,67.083945,0.408797,1.019214,-0.610417,51.224319,68.394486,71.451746,65.337226,0.326643,1.763156,0.026185,0.029451,-0.014597,-0.069585,0.112462,0.233831,0.626582,0.267890,-0.069585,-0.069585,0.769029,715140.000000,55184404.801400,-0.120604
2020-09-02,69.690002,71.639999,69.190002,70.739998,725900,0.000000,0.000000,68.146102,70.052899,67.657179,69.172836,68.260520,64.404217,59.902313,54.537678,67.751218,67.238678,0.512540,0.917880,-0.405339,57.126833,68.260520,70.883852,65.637188,0.673885,1.831389,0.026476,0.027302,0.012741,-0.030959,0.139158,0.305545,0.646247,0.284960,-0.044183,-0.044183,0.817327,706405.000000,51350164.548200,-0.114656
2020-09-03,69.430000,69.430000,65.089996,66.900002,1993200,0.000000,0.000000,67.891889,67.891889,63.648031,65.417938,67.972545,64.562193,60.051912,54.632621,67.392252,67.103808,0.288444,0.791992,-0.503549,45.117174,67.972545,70.510765,65.434325,-0.003228,2.095204,0.032028,-0.054283,-0.013856,-0.089548,0.038243,0.275284,0.523054,0.336903,-0.096068,-0.096068,0.718677,772335.000000,133345083.986400,-0.129273
2020-09-04,66.809998,67.269997,64.160004,66.540001,1706200,0.000000,0.000000,65.329887,65.779696,62.738601,65.065872,67.790664,64.708049,60.224516,54.722687,67.034347,66.952850,0.081497,0.649893,-0.568396,44.179352,67.790664,70.613691,64.967638,0.017399,2.162768,0.033240,-0.005382,-0.025769,-0.085864,0.072041,0.374798,0.511095,0.336416,-0.100933,-0.100933,0.709427,804480.000000,113530549.706200,-0.067850
2020-09-08,64.260002,65.080002,62.509998,62.509998,1124100,0.000000,0.000000,62.836406,63.638240,61.125172,61.125172,67.477265,64.810058,60.335771,54.799429,66.125244,66.521170,-0.395927,0.440729,-0.836656,35.327642,67.477265,71.585316,63.369213,-0.273127,2.289763,0.037460,-0.060565,-0.065481,-0.110305,-0.001723,0.212109,0.410658,0.375684,-0.155384,-0.155384,0.605896,810580.000000,70267488.751800,-0.091532
2020-09-09,63.799999,65.050003,63.169998,64.800003,1185800,0.000000,0.000000,62.386587,63.608899,61.770543,63.364437,67.261159,64.944936,60.452742,54.892625,65.700504,66.287338,-0.586834,0.235217,-0.822051,42.391055,67.261159,71.759087,62.763231,0.066831,2.303617,0.036355,0.036634,-0.058960,-0.059779,0.038493,0.368168,0.456454,0.398765,-0.124443,-0.124443,0.664727,828615.000000,76839843.557400,-0.073401
2020-09-10,65.239998,65.900002,64.589996,64.989998,1612200,0.000000,0.000000,63.794678,64.440060,63.159077,63.550217,66.964383,65.062432,60.584248,54.984169,65.369691,66.084588,-0.714898,0.045194,-0.760092,42.947787,66.964383,71.624623,62.304143,0.133692,2.230572,0.035099,0.002932,-0.081284,-0.061110,0.120262,0.538357,0.437594,0.398482,-0.121876,-0.121876,0.669608,862125.000000,104776874.775600,-0.030048
2020-09-11,66.129997,66.510002,64.750000,65.389999,1127500,0.000000,0.000000,64.664968,65.036555,63.315543,63.941364,66.706720,65.200644,60.762772,55.073482,65.149948,65.925831,-0.775883,-0.119022,-0.656861,44.171111,66.706720,71.440309,61.973130,0.207901,2.194175,0.034315,0.006155,-0.022571,-0.079792,0.098596,0.384122,0.414099,0.385650,-0.116471,-0.116471,0.679884,892385.000000,73727223.872500,-0.033302
2020-09-14,66.610001,67.930000,66.099998,67.650002,948500,0.000000,0.000000,65.134375,66.425133,64.635671,66.151337,66.605025,65.358833,60.926433,55.173552,65.304008,65.942535,-0.638527,-0.222923,-0.415605,50.614310,66.605025,71.292035,61.918016,0.451602,2.214860,0.033482,0.034562,0.016683,-0.042598,0.125797,0.627056,0.444341,0.407581,-0.085934,-0.085934,0.737945,913620.000000,64166026.897000,-0.011015
2020-09-15,68.010002,69.070000,67.779999,68.980003,720500,0.000000,0.000000,66.503324,67.539838,66.278416,67.451836,66.519952,65.520763,61.108854,55.276669,65.634443,66.054335,-0.419892,-0.262317,-0.157576,53.980165,66.519952,71.072035,61.967869,0.602358,2.155835,0.031961,0.019659,0.103503,-0.010756,0.113323,0.554281,0.467751,0.411840,-0.067964,-0.067964,0.772112,916400.000000,49700092.161500,-0.017484
2020-09-16,69.860001,69.860001,68.000000,68.089996,796700,0.000000,0.000000,68.312335,68.312335,66.493540,66.581543,66.363007,65.684625,61.275258,55.379182,65.780151,66.093388,-0.313237,-0.272501,-0.040736,51.452936,66.363007,70.659761,62.066254,0.525430,2.131760,0.032017,-0.012902,0.050771,-0.037189,0.087042,0.643947,0.443926,0.410609,-0.079989,-0.079989,0.749247,899010.000000,54247299.813200,-0.027981
2020-09-17,66.220001,68.129997,66.000000,68.110001,841300,0.000000,0.000000,64.752976,66.620658,64.537849,66.601105,66.219263,65.849270,61.432592,55.484228,65.906451,66.130996,-0.224545,-0.262910,0.038365,51.507892,66.219263,70.262391,62.176135,0.547221,2.128264,0.031955,0.000294,0.048008,-0.044741,0.100169,0.677553,0.439494,0.409171,-0.079719,-0.079719,0.749761,901950.000000,57300943.841300,0.002892
2020-09-18,68.790001,68.820000,65.849998,66.559998,1541200,0.000000,0.000000,67.266034,67.295368,64.391164,65.085434,66.083341,65.956644,61.565589,55.584715,65.780141,66.053547,-0.273406,-0.265009,-0.008397,47.062573,66.083341,70.084730,62.081952,0.375305,2.183688,0.033551,-0.022757,0.017892,-0.063195,0.109317,0.709941,0.405554,0.415534,-0.100662,-0.100662,0.709941,947065.000000,102582268.917600,0.024142
2020-09-21,65.459999,66.690002,64.959999,66.599998,615800,0.000000,0.000000,64.009821,65.212575,63.520898,65.124565,65.944975,66.105627,61.665182,55.685007,65.679283,65.984734,-0.305451,-0.273097,-0.032353,47.189295,65.944975,69.873770,62.016180,0.395590,2.148544,0.032991,0.000601,-0.015522,-0.039516,0.092344,0.669479,0.409654,0.408330,-0.100122,-0.100122,0.710969,946890.000000,41012278.768400,0.020518
2020-09-22,67.139999,67.169998,65.459999,67.070000,1050300,0.000000,0.000000,65.652594,65.681928,64.009812,65.584145,65.835945,66.291151,61.791348,55.786526,65.664647,65.955061,-0.290414,-0.276561,-0.013853,48.741259,65.835945,69.672038,61.999851,0.467180,2.114514,0.032241,0.007057,-0.027689,-0.033991,0.106580,0.530505,0.405114,0.409331,-0.093771,-0.093771,0.723044,979605.000000,70443621.000000,0.024432
2020-09-23,67.139999,68.459999,66.669998,66.910004,1063100,0.000000,0.000000,65.652597,66.943353,65.193008,65.427696,65.690734,66.465926,61.940660,55.884245,65.628193,65.915997,-0.287804,-0.278809,-0.008995,48.221743,65.690734,69.344550,62.036918,0.464005,2.088502,0.031921,-0.002385,-0.017330,-0.034488,0.137495,0.523387,0.428238,0.409344,-0.095933,-0.095933,0.718933,1018640.000000,71132025.252400,0.064449
2020-09-24,66.440002,69.150002,66.440002,68.199997,978800,0.000000,0.000000,64.968121,67.618084,64.968121,66.689125,65.610062,66.668080,62.096140,55.989877,65.791413,65.973265,-0.181852,-0.259418,0.077566,52.607889,65.610062,69.088090,62.132034,0.655126,2.128606,0.031918,0.019280,0.001322,-0.024041,0.154329,0.416393,0.435365,0.414322,-0.078503,-0.078503,0.752074,1040815.000000,66754157.063600,0.088913
2020-09-25,68.070000,69.709999,67.309998,69.220001,1054800,0.000000,0.000000,66.562021,68.165689,65.818856,67.686546,65.677535,66.893893,62.265794,56.097477,66.082972,66.100175,-0.017203,-0.210975,0.193772,55.796440,65.677535,69.265568,62.089502,0.779960,2.144194,0.031678,0.014956,0.039965,-0.009019,0.208155,0.550630,0.459887,0.417922,-0.064721,-0.064721,0.778278,1053750.000000,73013257.054800,0.089644
2020-09-28,69.870003,71.699997,69.720001,71.400002,1012000,0.000000,0.000000,68.322126,70.111579,68.175448,69.818230,65.829101,67.140070,62.454518,56.209456,66.657627,66.375586,0.282041,-0.112372,0.394412,61.723608,65.829101,69.845033,61.813170,0.996663,2.164254,0.030998,0.031493,0.072072,0.052477,0.233090,0.505933,0.551407,0.417959,-0.035265,-0.035265,0.834282,1073670.000000,72256802.024000,0.107167
2020-09-29,71.849998,74.150002,71.500000,73.199997,979000,0.000000,0.000000,70.258263,72.507312,69.916018,71.578354,66.137612,67.376130,62.650197,56.324976,67.414662,66.760977,0.653685,0.040840,0.612846,65.801219,66.137612,70.896642,61.378582,1.071623,2.201741,0.030760,0.025210,0.091397,0.071742,0.241055,0.639421,0.564494,0.425001,-0.010944,-0.010944,0.880525,1093915.000000,71662797.063000,0.139007
2020-09-30,72.919998,75.160004,72.599998,74.339996,1249300,0.000000,0.000000,71.304552,73.494933,70.991642,72.693092,66.405542,67.624718,62.823327,56.444950,68.226728,67.200393,1.026335,0.237939,0.788397,68.117749,66.405542,71.981540,60.829545,1.063805,2.223281,0.030584,0.015574,0.111045,0.111377,0.274630,0.800047,0.594960,0.417364,0.000000,0.000000,0.909812,1116310.000000,92872957.002800,0.174884
2020-10-01,76.010002,78.309998,75.029999,76.650002,1379900,0.000000,0.000000,74.326099,76.575141,73.367806,74.951920,66.694496,67.900315,63.016701,56.573200,69.261373,67.774580,1.486793,0.487710,0.999084,72.223560,66.694496,73.365700,60.023292,1.118886,2.341764,0.031244,0.031073,0.123900,0.113128,0.286907,0.828602,0.667282,0.418580,0.000000,0.000000,0.969156,1149010.000000,105769337.759800,0.177295
2020-10-02,75.040001,76.980003,75.040001,75.919998,1016400,0.000000,0.000000,73.377573,75.274597,73.377573,74.238075,67.135503,68.024504,63.218272,56.695933,70.027019,68.253357,1.773662,0.744900,1.028762,69.191029,67.135503,74.573454,59.697552,0.977455,2.309997,0.031116,-0.009524,0.096792,0.073226,0.250739,0.807746,0.629206,0.413771,-0.009524,-0.009524,0.950402,1100170.000000,77165085.967200,0.189268
2020-10-05,76.720001,78.930000,76.470001,78.900002,1041300,0.000000,0.000000,75.020364,77.181403,74.775902,77.152069,67.739813,68.242330,63.462460,56.834015,71.123181,68.912521,2.210660,1.038052,1.172608,73.991754,67.739813,76.342496,59.137130,1.047054,2.355235,0.030527,0.039252,0.105042,0.179372,0.321360,0.631179,0.666489,0.373529,0.000000,0.000000,1.026959,1066925.000000,82158572.082600,0.225786
2020-10-06,78.760002,81.760002,78.760002,80.089996,1034800,0.000000,0.000000,77.015174,79.948713,77.015174,78.315704,68.599340,68.450220,63.704025,56.977185,72.229723,69.609053,2.620670,1.354576,1.266094,75.625125,68.599340,77.831429,59.367250,1.026228,2.396542,0.030601,0.015082,0.094126,0.203637,0.341738,0.687443,0.721631,0.370903,0.000000,0.000000,1.057530,1062460.000000,82877127.860800,0.278635
2020-10-07,81.059998,82.029999,79.680000,81.760002,862800,0.000000,0.000000,79.264233,80.212746,77.914808,79.948730,69.428554,68.696051,63.961237,57.128082,73.417262,70.374955,3.042307,1.692122,1.350185,77.738111,69.428554,79.611120,59.245989,1.016578,2.389499,0.029888,0.020852,0.099812,0.307951,0.338799,0.675453,0.804979,0.272259,0.000000,0.000000,1.100434,1046310.000000,70542529.725600,0.261356
2020-10-08,81.239998,82.860001,81.239998,82.150002,603000,0.000000,0.000000,79.440234,81.024348,79.440234,80.330078,70.267547,68.912155,64.207514,57.280398,74.480773,71.112372,3.368401,2.027378,1.341023,78.213078,70.267547,81.151743,59.383351,0.962254,2.331972,0.029030,0.004770,0.071755,0.267747,0.392796,0.656364,0.796632,0.259490,0.000000,0.000000,1.110452,995850.000000,49536451.206000,0.317115
2020-10-09,82.790001,83.410004,82.500000,82.750000,835400,0.000000,0.000000,80.955893,81.562161,80.672317,80.916779,71.116318,69.118481,64.455360,57.435697,75.470927,71.838624,3.632303,2.348363,1.283940,78.956937,71.116318,82.556685,59.675951,0.928328,2.253408,0.027848,0.007304,0.089963,0.273273,0.437039,0.667790,0.800358,0.258112,0.000000,0.000000,1.125866,981245.000000,69129350.000000,0.322602
2020-10-12,84.139999,84.400002,83.089996,83.610001,659800,0.000000,0.000000,82.275994,82.530236,81.249252,81.757736,71.896638,69.347297,64.701457,57.596028,76.438129,72.573373,3.864756,2.651641,1.213114,80.010448,71.896638,84.019693,59.773583,0.906708,2.207697,0.027003,0.010393,0.059696,0.278636,0.442217,0.620311,0.775292,0.257382,0.000000,0.000000,1.147960,966810.000000,55165878.659800,0.309913
2020-10-13,84.129997,85.139999,83.529999,83.910004,848200,0.000000,0.000000,82.266206,83.253833,81.679500,82.051086,72.626601,69.540911,64.950196,57.759920,77.301661,73.275426,4.026235,2.926560,1.099675,80.379458,72.626601,85.365268,59.887933,0.869916,2.162457,0.026355,0.003588,0.047696,0.240354,0.450141,0.716354,0.791114,0.245086,0.000000,0.000000,1.155667,973195.000000,71172465.392800,0.325653
2020-10-14,84.000000,84.389999,81.800003,82.430000,1079400,0.000000,0.000000,82.139085,82.520444,79.987826,80.603867,73.327717,69.725332,65.184852,57.918182,77.809692,73.818273,3.991419,3.139532,0.851887,73.200190,73.327717,86.208242,60.447192,0.782448,2.188897,0.027156,-0.017638,0.008194,0.194984,0.429251,0.612087,0.727985,0.260919,-0.017638,-0.017638,1.117646,987330.000000,88974942.000000,0.305619
2020-10-15,81.050003,82.519997,80.209999,82.019997,1290400,0.000000,0.000000,79.254445,80.691873,78.433050,80.202950,74.007809,69.892348,65.407491,58.075316,78.177886,74.291212,3.886673,3.288960,0.597713,71.300288,74.007809,86.829121,61.186497,0.741595,2.193892,0.027354,-0.004974,-0.001583,0.204582,0.394607,0.552295,0.748545,0.254023,-0.022524,-0.022524,1.107113,1009785.000000,105838604.128800,0.279339
2020-10-16,83.239998,83.239998,81.279999,81.410004,903600,0.000000,0.000000,81.395937,81.395937,79.479359,79.606483,74.733862,70.060929,65.622797,58.225183,78.397670,74.684936,3.712734,3.373715,0.339019,68.453650,74.733862,87.062920,62.404803,0.697607,2.174084,0.027310,-0.007437,-0.016193,0.195273,0.331761,0.579508,0.691794,0.258738,-0.029794,-0.029794,1.091442,977905.000000,73562079.614400,0.247758
2020-10-19,82.050003,82.800003,80.739998,81.019997,1026900,0.000000,0.000000,80.232293,80.965678,78.951310,79.225105,75.438889,70.271361,65.842591,58.375091,78.524968,75.021245,3.503723,3.399717,0.104006,66.622123,75.438889,87.045769,63.832008,0.663102,2.162675,0.027298,-0.004791,-0.030977,0.217248,0.314640,0.718957,0.672973,0.237900,-0.034442,-0.034442,1.081422,998460.000000,83199434.919300,0.239875
2020-10-20,81.639999,82.019997,80.169998,80.620003,1022500,0.000000,0.000000,79.831369,80.202948,78.393934,78.833969,76.101380,70.500177,66.046070,58.526354,78.572506,75.303669,3.268837,3.373541,-0.104703,64.709875,76.101380,86.818323,65.384436,0.627489,2.137414,0.027113,-0.004937,-0.039209,0.210510,0.288725,0.583483,0.654524,0.241263,-0.039209,-0.039209,1.071146,997070.000000,82433953.067500,0.213034
2020-10-21,81.449997,82.360001,79.470001,79.900002,1255400,0.000000,0.000000,79.645570,80.535414,77.709439,78.129913,76.736491,70.709045,66.250420,58.666599,78.504415,75.513020,2.991395,3.297111,-0.305717,61.299168,76.736491,86.225224,67.247758,0.573425,2.186597,0.027987,-0.008931,-0.030693,0.191293,0.148485,0.587691,0.672857,0.249315,-0.047789,-0.047789,1.052649,1006685.000000,100306462.510800,0.050672
2020-10-22,81.639999,82.720001,77.800003,78.629997,1136000,0.000000,0.000000,79.831381,80.887457,76.076455,76.888062,77.246437,70.857091,66.431217,58.800293,78.255745,75.614875,2.640870,3.165863,-0.524993,55.720439,77.246437,85.474039,69.018836,0.478221,2.374054,0.030877,-0.015895,-0.041331,0.175161,0.160386,0.539572,0.660786,0.260862,-0.062925,-0.062925,1.020023,1014545.000000,89323676.592000,0.050108
2020-10-23,78.750000,79.750000,77.779999,78.349998,917100,0.000000,0.000000,77.005390,77.983236,76.056878,76.614250,77.692823,71.007484,66.592085,58.929259,78.003208,75.688903,2.314305,2.995551,-0.681247,54.541807,77.692823,84.599215,70.786430,0.421915,2.342076,0.030570,-0.003561,-0.037588,0.148827,0.127987,0.506149,0.656611,0.260243,-0.066262,-0.066262,1.012829,1007660.000000,71854783.165800,0.031937
2020-10-26,77.400002,78.300003,76.080002,77.230003,1097800,0.000000,0.000000,75.685306,76.565369,74.394549,75.519073,77.977865,71.154161,66.740048,59.053139,77.621033,75.676323,1.944710,2.785383,-0.840673,49.987318,77.977865,83.918939,72.036791,0.293068,2.333335,0.030897,-0.014295,-0.046779,0.115718,0.116202,0.458298,0.618977,0.268233,-0.079609,-0.079609,0.984056,1011950.000000,84783097.293400,0.024216
2020-10-27,77.360001,77.489998,76.050003,76.709999,607700,0.080000,0.000000,75.724617,75.851866,74.442312,75.088356,78.153365,71.272862,66.860849,59.168633,77.231390,75.632770,1.598621,2.548031,-0.949410,48.279789,78.153365,83.473381,72.833349,0.211936,2.267351,0.030196,-0.005703,-0.047513,0.075484,0.080022,0.361154,0.556226,0.253096,-0.084858,-0.084858,0.972741,993385.000000,46616666.392300,-0.004244
2020-10-28,74.919998,75.889999,74.720001,74.720001,660200,0.000000,0.000000,73.336219,74.285714,73.140450,73.140450,78.175733,71.341262,66.985319,59.273219,76.602015,75.448154,1.153861,2.269197,-1.115335,41.393287,78.175733,83.402021,72.949444,0.018274,2.244533,0.030688,-0.025942,-0.063861,0.021824,0.035976,0.380853,0.526949,0.259977,-0.108599,-0.108599,0.921565,963930.000000,49330144.660200,-0.003415
2020-10-29,74.970001,76.470001,74.750000,75.870003,1040300,0.000000,0.000000,73.385168,74.853459,73.169817,74.266144,78.141444,71.437065,67.115674,59.384163,76.242650,75.360597,0.882053,1.991768,-1.109715,46.171673,78.141444,83.464885,72.818003,0.136015,2.206567,0.029712,0.015391,-0.034100,0.021640,0.056163,0.470719,0.555826,0.259850,-0.094879,-0.094879,0.951139,946950.000000,78927564.120900,0.015185
2020-10-30,75.010002,75.989998,74.139999,74.769997,577800,0.000000,0.000000,73.424324,74.383603,72.572713,73.189392,78.089010,71.544775,67.237410,59.482177,75.772918,75.199767,0.573151,1.708045,-1.134894,42.594291,78.089010,83.591964,72.586056,0.054819,2.178304,0.029763,-0.014499,-0.044703,-0.023515,0.011317,0.431126,0.565851,0.240988,-0.108002,-0.108002,0.922851,925020.000000,43202104.266600,0.010510
2020-11-02,75.800003,77.570000,75.739998,77.050003,934900,0.000000,0.000000,74.197605,75.930185,74.138869,75.421181,78.002465,71.695361,67.424342,59.585508,75.718805,75.216168,0.502636,1.466963,-0.964327,51.058545,78.002465,83.620698,72.384233,0.270276,2.218482,0.029415,0.030493,-0.001296,0.015937,0.056574,0.486977,0.605239,0.262145,-0.080802,-0.080802,0.981485,919700.000000,72034047.804700,0.055071
2020-11-03,77.550003,80.330002,77.550003,80.059998,834400,0.000000,0.000000,75.910620,78.631850,75.910620,78.367554,78.005058,71.907417,67.625989,59.697387,76.126305,75.449604,0.676700,1.308910,-0.632210,59.540136,78.005058,83.623947,72.386169,0.532257,2.289353,0.029213,0.039066,0.043671,0.015754,0.090678,0.538254,0.661406,0.261801,-0.044893,-0.044893,1.058893,909680.000000,66802062.331200,0.075933
2020-11-04,81.000000,83.660004,79.790001,82.930000,902700,0.000000,0.000000,79.287679,81.891451,78.103259,81.176880,78.066465,72.164317,67.850162,59.824189,76.903316,75.873847,1.029469,1.253022,-0.223553,65.652326,78.066465,83.800459,72.332472,0.771226,2.396413,0.029521,0.035848,0.109877,0.036534,0.140486,0.560781,0.719899,0.284869,-0.010654,-0.010654,1.132700,911675.000000,74860911.000000,0.097030
2020-11-05,84.690002,85.699997,84.000000,84.580002,794400,0.000000,0.000000,82.899690,83.888334,82.224274,82.792015,78.189562,72.454106,68.072222,59.958239,77.809270,76.386304,1.422966,1.287011,0.135955,68.590174,78.189562,84.225901,72.153224,0.881229,2.418916,0.029217,0.019896,0.114802,0.035564,0.205063,0.494977,0.769083,0.284084,0.000000,0.000000,1.175133,921245.000000,67190353.588800,0.125147
2020-11-06,84.529999,87.790001,84.459999,87.370003,896500,0.000000,0.000000,82.743044,85.934130,82.674524,85.523010,78.419874,72.837824,68.314950,60.113539,78.995999,77.063097,1.932902,1.416189,0.516713,72.822999,78.419874,85.200007,71.639741,1.023820,2.478965,0.028986,0.032986,0.168516,0.064645,0.269016,0.537782,0.843937,0.303904,0.000000,0.000000,1.246883,924300.000000,78327207.689500,0.184512
2020-11-09,89.400002,90.430000,87.839996,88.019997,1063400,0.000000,0.000000,87.510126,88.518351,85.983099,86.159294,78.639952,73.225272,68.571171,60.282975,80.098045,77.736889,2.361155,1.605182,0.755973,73.711871,78.639952,86.125335,71.154568,1.002268,2.515849,0.029200,0.007440,0.142375,0.064789,0.272916,0.593151,0.852987,0.303928,0.000000,0.000000,1.263599,944480.000000,93600464.809800,0.186579
2020-11-10,86.519997,88.949997,85.370003,86.000000,901300,0.000000,0.000000,84.690980,87.069611,83.565297,84.181976,78.746496,73.600749,68.826275,60.438722,80.726342,78.214303,2.512039,1.786554,0.725485,66.439527,78.746496,86.492439,71.000554,0.850860,2.586454,0.030725,-0.022950,0.074194,0.029652,0.211500,0.596376,0.805169,0.315660,-0.022950,-0.022950,1.211651,947135.000000,77511800.000000,0.162317
2020-11-11,86.970001,88.239998,86.910004,87.599998,637400,0.000000,0.000000,85.131474,86.374624,85.072745,85.748154,79.003711,73.969022,69.087565,60.607468,81.498928,78.772366,2.726562,1.974555,0.752007,69.044615,79.003711,87.329301,70.678120,0.905043,2.558325,0.029835,0.018605,0.056313,0.045058,0.241025,0.583261,0.835305,0.321104,-0.004772,-0.004772,1.252798,925035.000000,55836238.725200,0.173655
2020-11-12,87.519997,87.830002,84.779999,85.040001,686900,0.000000,0.000000,85.669848,85.973300,82.987773,83.242279,79.155677,74.250411,69.327314,60.763637,81.767136,79.103471,2.663665,2.112377,0.551288,60.899271,79.155677,87.681969,70.629385,0.739647,2.588839,0.031100,-0.029224,0.005438,0.032733,0.220826,0.535055,0.760028,0.332472,-0.033856,-0.033856,1.186963,894860.000000,58413976.686900,0.158182
2020-11-13,86.809998,87.139999,84.730003,85.320000,439800,0.000000,0.000000,84.974873,85.297898,82.938849,83.516373,79.351172,74.612380,69.587286,60.928831,82.036249,79.430352,2.605897,2.211081,0.394816,61.435185,79.351172,88.097442,70.604901,0.738113,2.572425,0.030801,0.003293,-0.023463,0.041313,0.207699,0.499331,0.784933,0.331600,-0.030675,-0.030675,1.194164,871670.000000,37523736.000000,0.144844
2020-11-16,85.500000,87.830002,85.169998,87.760002,974500,0.000000,0.000000,83.692551,85.973297,83.369526,85.904778,79.685155,75.029158,69.868603,61.102846,82.631408,79.909940,2.721468,2.313159,0.408310,65.830075,79.685155,88.908294,70.462016,0.837175,2.574664,0.029971,0.028598,-0.002954,0.079118,0.232132,0.530402,0.780399,0.341830,-0.002954,-0.002954,1.256912,869050.000000,85522121.949000,0.168507
2020-11-17,87.730003,88.389999,86.349998,88.209999,754100,0.000000,0.000000,85.875427,86.521471,84.524595,86.345276,80.060721,75.533560,70.171809,61.262875,83.202772,80.386631,2.816141,2.413755,0.402386,66.586387,80.060721,89.738439,70.383002,0.824692,2.533394,0.029340,0.005128,0.025698,0.089873,0.242807,0.510907,0.859713,0.340394,0.000000,0.000000,1.268485,855630.000000,66519160.245900,0.175263
2020-11-18,88.449997,90.400002,88.449997,88.760002,1073800,0.000000,0.000000,86.580177,88.488959,86.580177,86.883629,80.498406,76.003944,70.474440,61.420720,83.769058,80.867890,2.901167,2.511238,0.389930,67.532226,80.498406,90.591335,70.405477,0.816322,2.505557,0.028838,0.006235,0.013242,0.102109,0.281396,0.519549,0.846523,0.338760,0.000000,0.000000,1.282629,846550.000000,95310490.147600,0.233757
2020-11-19,88.559998,89.989998,87.980003,89.970001,437800,0.000000,0.000000,86.687865,88.087636,86.120132,88.068062,81.057406,76.494300,70.778366,61.586145,84.430443,81.401236,3.029207,2.614831,0.414375,69.572939,81.057406,91.539318,70.575494,0.834417,2.467125,0.028014,0.013632,0.057973,0.127200,0.297181,0.541317,0.923853,0.336197,0.000000,0.000000,1.313747,811640.000000,39388866.437800,0.244766
2020-11-20,89.870003,90.980003,89.110001,89.220001,533000,0.000000,0.000000,87.970169,89.056704,87.226233,87.333908,81.593389,76.962151,71.081398,61.751995,84.877130,81.840693,3.036436,2.699152,0.337284,66.771496,81.593389,92.214045,70.972734,0.770253,2.421650,0.027729,-0.008336,0.045710,0.135858,0.288781,0.507339,0.952676,0.330994,-0.008336,-0.008336,1.294459,792435.000000,47554260.533000,0.247018
2020-11-23,89.660004,90.309998,88.169998,90.010002,499000,0.000000,0.000000,87.764616,88.400869,86.306109,88.107216,82.222796,77.401269,71.380051,61.917713,85.374066,82.304880,3.069186,2.773159,0.296027,68.222955,82.222796,92.819733,71.625859,0.777647,2.398300,0.027220,0.008855,0.025638,0.150011,0.289401,0.517106,0.947494,0.329127,0.000000,0.000000,1.314775,762495.000000,44914990.998000,0.253282
2020-11-24,90.680000,90.970001,88.849998,89.980003,588700,0.000000,0.000000,88.763026,89.046897,86.971711,88.077827,82.872270,77.813789,71.667276,62.078408,85.790029,82.732506,3.057523,2.830032,0.227491,68.101206,82.872270,93.217332,72.527208,0.751596,2.375221,0.026967,-0.000334,0.020065,0.166299,0.289524,0.538595,0.911461,0.321268,-0.000334,-0.000334,1.314003,761545.000000,52971227.766100,0.257657
2020-11-25,89.970001,90.050003,88.430000,88.959999,459000,0.000000,0.000000,88.068058,88.146368,86.560612,87.079407,83.569218,78.223746,71.954186,62.228698,85.988395,83.054499,2.933897,2.850805,0.083092,63.927370,83.569218,92.990620,74.147816,0.686288,2.318830,0.026629,-0.011336,0.002253,0.159693,0.312681,0.488891,0.887400,0.324768,-0.011665,-0.011665,1.287773,751485.000000,40832639.541000,0.272333
2020-11-27,89.860001,90.949997,89.019997,90.279999,206200,0.000000,0.000000,87.960379,89.027333,87.138132,88.371498,84.274485,78.659154,72.254212,62.385840,86.355026,83.448350,2.906676,2.861979,0.044697,66.766114,84.274485,92.836212,75.712759,0.739263,2.292337,0.025940,0.014838,0.003445,0.208244,0.323186,0.531703,0.887127,0.302145,0.000000,0.000000,1.321719,709780.000000,18615735.793800,0.279561
2020-11-30,90.129997,92.750000,89.870003,92.620003,859700,0.000000,0.000000,88.224696,90.789313,87.970197,90.662064,85.148119,79.170687,72.563665,62.555555,87.017648,83.982700,3.034948,2.896573,0.138375,71.106975,85.148119,92.415164,77.881075,0.879380,2.329964,0.025699,0.025920,0.038108,0.220772,0.386098,0.541652,0.967544,0.307016,0.000000,0.000000,1.381897,723875.000000,79625416.579100,0.350152
2020-12-01,93.040001,94.849998,92.800003,94.000000,752100,0.000000,0.000000,91.073151,92.844885,90.838226,92.012856,85.977703,79.708452,72.907040,62.740606,87.786141,84.577526,3.208615,2.958981,0.249634,73.320115,85.977703,92.295502,79.659903,0.977631,2.319454,0.025208,0.014899,0.044328,0.257188,0.366504,0.520184,1.018184,0.294426,0.000000,0.000000,1.417385,714735.000000,70697400.000000,0.331709
2020-12-02,93.709999,94.040001,93.059998,93.190002,392600,0.000000,0.000000,91.728990,92.052016,91.092729,91.219986,86.620324,80.221169,73.256160,62.914086,88.314425,85.069560,3.244865,3.016158,0.228707,69.933994,86.620324,92.256714,80.983935,0.908033,2.222299,0.024362,-0.008617,0.035675,0.209474,0.318726,0.502237,1.027644,0.293172,-0.008617,-0.008617,1.396555,692645.000000,36586394.785200,0.294429
2020-12-03,93.480003,94.779999,93.000000,93.389999,343700,0.000000,0.000000,91.503865,92.776379,91.034009,91.415764,87.132269,80.740931,73.603428,63.088350,88.791554,85.539649,3.251905,3.063307,0.188597,70.298749,87.132269,92.542311,81.722227,0.895884,2.188019,0.023935,0.002146,0.049798,0.166500,0.397411,0.450853,1.028483,0.273085,-0.006489,-0.006489,1.401698,664695.000000,32098142.656300,0.317199
2020-12-04,93.440002,96.309998,93.339996,96.220001,472300,0.000000,0.000000,91.464698,94.274022,91.366806,94.185928,87.701964,81.290867,73.979473,63.281439,89.621458,86.180114,3.441343,3.138915,0.302429,74.932766,87.701964,93.568029,81.835900,1.052667,2.239390,0.023776,0.030303,0.065795,0.160256,0.447547,0.551830,1.080064,0.266427,0.000000,0.000000,1.474477,648590.000000,45444706.472300,0.345798
2020-12-07,96.419998,98.059998,95.570000,97.669998,641700,0.000000,0.000000,94.381703,95.987033,93.549673,95.605278,88.206078,81.849241,74.371567,63.490401,90.542045,86.878275,3.663771,3.243886,0.419885,76.919741,88.206078,94.950788,81.461367,1.048519,2.253531,0.023571,0.015070,0.054524,0.154764,0.564090,0.561396,1.083629,0.264051,0.000000,0.000000,1.511766,635850.000000,62674837.716600,0.409932
2020-12-08,100.120003,100.120003,97.900002,99.029999,605300,0.000000,0.000000,98.003500,98.003500,95.830429,96.936539,88.744940,82.391607,74.765839,63.716650,91.525814,87.623331,3.902482,3.375605,0.526877,78.630681,88.744940,96.454223,81.035657,1.031281,2.263866,0.023354,0.013925,0.053511,0.133456,0.529826,0.588713,1.127542,0.248202,0.000000,0.000000,1.546742,612945.000000,59942858.394700,0.400471
2020-12-09,98.040001,98.690002,91.900002,92.470001,1147100,0.000000,0.000000,95.967465,96.603725,89.957263,90.515213,89.061602,82.770345,75.073237,63.910987,91.370337,87.837545,3.532792,3.407043,0.125749,56.770157,89.061602,96.497145,81.626058,0.597747,2.600681,0.028732,-0.066243,-0.007726,0.050557,0.424310,0.595601,0.960628,0.352512,-0.066243,-0.066243,1.378039,625235.000000,106072338.147100,0.294327
2020-12-10,91.820000,93.639999,90.769997,93.099998,703100,0.000000,0.000000,89.878942,91.660467,88.851136,91.131882,89.330788,83.139120,75.381919,64.116453,91.333651,88.081570,3.252082,3.376050,-0.123969,57.978397,89.330788,96.650158,82.011418,0.623036,2.615584,0.028701,0.006813,-0.003105,0.082558,0.425241,0.565764,0.921697,0.340204,-0.059881,-0.059881,1.394240,628520.000000,65458608.593800,0.282223
2020-12-11,92.360001,94.250000,91.779999,94.190002,531700,0.000000,0.000000,90.407544,92.257589,89.839803,92.198860,89.778617,83.484059,75.692187,64.317452,91.466760,88.386554,3.080206,3.316882,-0.236675,60.058487,89.778617,96.609160,82.948074,0.677163,2.601456,0.028216,0.011708,-0.021097,0.075229,0.393757,0.569087,0.902016,0.337302,-0.048874,-0.048874,1.422272,620760.000000,50080824.063400,0.274261
2020-12-14,94.900002,95.849998,94.370003,95.339996,634900,0.000000,0.000000,92.893853,93.823768,92.375059,93.324547,90.269026,83.865789,75.945146,64.515109,91.752574,88.752331,3.000242,3.253554,-0.253311,62.185243,90.269026,96.596333,83.941718,0.741455,2.531702,0.027128,0.012209,-0.023856,0.121120,0.383573,0.540364,0.916385,0.316256,-0.037261,-0.037261,1.451846,630515.000000,60531363.460400,0.271894
2020-12-15,96.610001,98.000000,96.290001,97.629997,502200,0.000000,0.000000,94.567712,95.928328,94.254477,95.566147,90.752094,84.234070,76.238200,64.732067,92.339277,89.257058,3.082219,3.219287,-0.137068,66.060686,90.752094,97.151290,84.352898,0.876145,2.536851,0.026545,0.024019,-0.014137,0.144280,0.435325,0.560259,0.938384,0.322398,-0.014137,-0.014137,1.510738,606900.000000,49029784.493400,0.295549
2020-12-16,97.589996,97.699997,94.639999,95.010002,526100,0.000000,0.000000,95.526964,95.634640,92.639330,93.001511,91.084906,84.527786,76.489003,64.924207,92.441159,89.534425,2.906734,3.156776,-0.250042,58.654211,91.084906,97.205375,84.964437,0.656573,2.569598,0.027630,-0.026836,0.027468,0.082612,0.396396,0.536271,0.871579,0.331876,-0.040594,-0.040594,1.443360,595500.000000,49984762.052200,0.236188
2020-12-17,95.500000,96.459999,95.220001,96.290001,570200,0.000000,0.000000,93.481155,94.420860,93.207075,94.254456,91.453447,84.813901,76.754976,65.130560,92.720128,89.884057,2.836071,3.092635,-0.256564,60.957243,91.453447,97.393756,85.513138,0.735763,2.487437,0.026391,0.013472,0.034264,0.091599,0.448165,0.606473,0.902759,0.333488,-0.027668,-0.027668,1.476277,570320.000000,54904558.570200,0.265508
2020-12-18,96.000000,97.139999,95.320000,95.779999,1222100,0.000000,0.000000,93.970577,95.086477,93.304951,93.755226,91.737806,85.082404,76.997280,65.342852,92.879374,90.170810,2.708563,3.015821,-0.307257,59.534295,91.737806,97.538617,85.936995,0.673891,2.437015,0.025993,-0.005297,0.016881,0.079090,0.439629,0.572571,0.887116,0.335076,-0.032819,-0.032819,1.463161,609535.000000,117052736.777900,0.256228
2020-12-21,94.430000,98.290001,94.260002,97.900002,647500,0.000000,0.000000,92.433782,96.212184,92.267378,95.830429,92.162632,85.380677,77.249579,65.585367,93.333382,90.590041,2.743341,2.961325,-0.217984,63.362812,92.162632,97.848818,86.476445,0.822518,2.544714,0.026554,0.022134,0.026851,0.088141,0.461183,0.616915,0.925489,0.339469,-0.011411,-0.011411,1.517682,615260.000000,63390251.295000,0.298930
2020-12-22,98.230003,98.900002,97.080002,97.599998,356600,0.000000,0.000000,96.153461,96.809295,95.027770,95.536774,92.534110,85.656258,77.501777,65.810907,93.672366,90.956466,2.715900,2.912240,-0.196340,62.462231,92.534110,98.073612,86.994607,0.771023,2.490201,0.026065,-0.003064,-0.000307,0.093925,0.460189,0.660956,0.915841,0.337492,-0.014440,-0.014440,1.509967,608140.000000,34804159.286800,0.255643
2020-12-23,97.989998,98.570000,95.680000,95.769997,440500,0.000000,0.000000,95.918516,96.486257,93.657351,93.745445,92.817490,85.890145,77.715528,66.048067,93.683609,91.163057,2.520552,2.833902,-0.313351,57.128137,92.817490,97.962989,87.671992,0.590171,2.514394,0.026822,-0.018750,0.007999,0.063993,0.405708,0.622649,0.880286,0.346437,-0.032919,-0.032919,1.462904,600730.000000,42186683.678500,0.209045
2020-12-24,96.379997,96.510002,94.809998,96.260002,252200,0.000000,0.000000,94.342548,94.469805,92.805738,94.225090,93.174775,86.162569,77.943951,66.312640,93.766914,91.389874,2.377039,2.742530,-0.365490,58.158475,93.174775,97.582051,88.767498,0.619157,2.453656,0.026040,0.005116,-0.000312,0.069794,0.392080,0.681848,0.896202,0.346253,-0.027971,-0.027971,1.475506,590390.000000,24276772.504400,0.218794
2020-12-28,95.790001,97.389999,94.339996,94.580002,498300,0.000000,0.000000,93.765017,95.331192,92.345665,92.580597,93.385230,86.410122,78.151235,66.544561,93.584403,91.478076,2.106327,2.615289,-0.508962,53.418299,93.385230,97.187173,89.583287,0.394181,2.491647,0.026913,-0.017453,-0.012529,0.063174,0.326023,0.635106,0.878941,0.350170,-0.044936,-0.044936,1.432301,604995.000000,47129214.996600,0.165746
2020-12-29,94.309998,94.980003,92.680000,94.370003,694200,0.000000,0.000000,92.316309,92.972151,90.720770,92.375046,93.470879,86.665493,78.363211,66.803151,93.398348,91.544518,1.853830,2.462997,-0.609167,52.838597,93.470879,97.087166,89.854591,0.348487,2.474485,0.026787,-0.002220,-0.036057,0.045304,0.290544,0.601637,0.887076,0.347980,-0.047056,-0.047056,1.426901,596720.000000,65511656.082600,0.131327
2020-12-30,94.820000,96.699997,94.820000,96.370003,336000,0.000000,0.000000,92.815527,94.655782,92.815527,94.332764,93.586874,86.967647,78.619504,67.057828,93.542105,91.751055,1.791050,2.328608,-0.537558,57.562294,93.586874,97.154748,90.019000,0.604529,2.460646,0.026085,0.021193,-0.012603,0.040488,0.297685,0.654068,0.933994,0.344311,-0.026861,-0.026861,1.478335,575915.000000,32380321.008000,0.145235
2020-12-31,96.309998,96.959999,95.220001,96.099998,555700,0.000000,0.000000,94.274041,94.910302,93.207087,94.068481,93.729299,87.272337,78.886257,67.325665,93.623086,91.922716,1.700369,2.202960,-0.502591,56.736144,93.729299,97.122490,90.336108,0.549980,2.406544,0.025583,-0.002802,0.003446,0.022341,0.255051,0.615134,0.895279,0.341482,-0.029587,-0.029587,1.471391,584070.000000,53402768.888600,0.117165
2021-01-04,96.889999,99.489998,94.430000,95.199997,755300,0.000000,0.000000,94.841761,97.386796,92.433766,93.187485,93.817885,87.573488,79.141266,67.593096,93.556070,92.016403,1.539667,2.070302,-0.530634,53.956105,93.817885,97.045218,90.590552,0.402334,2.588436,0.027777,-0.009365,-0.011012,0.021569,0.255252,0.569993,0.892380,0.341765,-0.038675,-0.038675,1.448246,604650.000000,71904557.734100,0.108667
2021-01-05,95.110001,96.959999,94.870003,96.919998,578600,0.000000,0.000000,93.099405,94.910295,92.864480,94.871140,93.852145,87.933150,79.395120,67.877137,93.758389,92.227865,1.530524,1.962346,-0.431822,58.174048,93.852145,97.110330,90.593961,0.656375,2.549677,0.026875,0.018067,0.024741,0.037798,0.229664,0.624829,0.952829,0.346710,-0.021307,-0.021307,1.492479,609965.000000,56077910.842800,0.098495
2021-01-06,95.949997,97.500000,94.760002,96.010002,816000,0.000000,0.000000,93.921625,95.438861,92.756787,93.980362,93.770900,88.280472,79.643978,68.151994,93.792538,92.357679,1.434859,1.856849,-0.421990,55.288272,93.770900,96.924372,90.617428,0.533211,2.559134,0.027231,-0.009389,0.017378,-0.002183,0.200019,0.610111,0.876567,0.332872,-0.030496,-0.030496,1.469076,618680.000000,78344161.632000,0.057819
2021-01-07,97.190002,99.570000,96.500000,99.459999,1398100,0.000000,0.000000,95.135428,97.465112,94.460012,97.357437,93.791945,88.717239,79.935700,68.424525,94.340984,92.728032,1.612952,1.808069,-0.195117,62.818617,93.791945,97.038609,90.545280,1.049101,2.625249,0.026965,0.035934,0.032064,0.018327,0.217748,0.630321,0.941358,0.351984,0.000000,0.000000,1.557800,658320.000000,139055024.601900,0.067908
2021-01-08,100.550003,102.410004,98.000000,99.529999,1043400,0.000000,0.000000,98.424414,100.245095,95.928317,97.425972,94.137483,89.163992,80.218427,68.696910,94.815598,93.076027,1.739570,1.794370,-0.054799,62.954974,94.137483,97.386781,90.888185,1.006031,2.746073,0.028186,0.000704,0.035692,0.005049,0.212821,0.689212,0.917040,0.348882,0.000000,0.000000,1.559600,653135.000000,103849600.956600,0.056880
2021-01-11,98.910004,102.099998,98.550003,101.500000,835300,0.000000,0.000000,96.819095,99.941654,96.466704,99.354340,94.548605,89.688269,80.514766,68.958263,95.513866,93.541088,1.972778,1.830051,0.142727,66.659929,94.548605,98.246449,90.850762,1.149802,2.798136,0.028163,0.019793,0.066177,0.097653,0.227858,0.764480,0.957985,0.256703,0.000000,0.000000,1.610263,659745.000000,84782950.000000,0.102081
2021-01-12,102.160004,104.230003,101.769997,103.610001,796700,0.000000,0.000000,100.000371,102.026612,99.618609,101.419716,95.009648,90.231341,80.834203,69.247107,96.422458,94.124690,2.297768,1.923595,0.374174,70.108183,95.009648,99.652501,90.366796,1.190316,2.789145,0.027501,0.020788,0.069026,0.112890,0.240491,0.789057,0.950770,0.262735,0.000000,0.000000,1.664525,672995.000000,82546087.796700,0.139771
2021-01-13,104.230003,106.370003,103.610001,104.989998,1489400,0.000000,0.000000,102.026610,104.121370,101.419714,102.770538,95.481948,90.822964,81.183870,69.529149,97.399086,94.765123,2.633963,2.065668,0.568295,72.137877,95.481948,101.200282,89.763614,1.137300,2.782896,0.027079,0.013319,0.093532,0.114662,0.252519,0.816329,0.967906,0.263294,0.000000,0.000000,1.700014,715720.000000,156372103.021200,0.145889
2021-01-14,106.720001,109.150002,106.720001,108.599998,1080000,0.000000,0.000000,104.463975,106.842606,104.463975,106.304230,96.018852,91.440625,81.567993,69.842366,98.769108,95.619872,3.149236,2.282382,0.866854,76.611815,96.018852,103.511603,88.526101,1.186355,2.874980,0.027045,0.034384,0.091896,0.139081,0.318848,0.884964,1.041281,0.281208,0.000000,0.000000,1.792852,744610.000000,117287997.840000,0.204655
2021-01-15,108.599998,109.360001,106.680000,107.570000,1097400,0.000000,0.000000,106.304238,107.048174,104.424828,105.296013,96.633577,91.979194,81.943306,70.166926,99.773247,96.336623,3.436624,2.513230,0.923394,73.009631,96.633577,105.045034,88.222120,1.014919,2.857006,0.027133,-0.009484,0.080780,0.101813,0.312870,0.830937,0.964971,0.278650,-0.009484,-0.009484,1.766364,773175.000000,118047318.000000,0.203202
2021-01-19,109.580002,111.110001,107.989998,109.620003,984400,0.000000,0.000000,107.263495,108.761150,105.707104,107.302650,97.285987,92.501709,82.333013,70.498497,100.931617,97.148921,3.782696,2.767124,1.015572,75.480663,97.285987,106.863713,87.708260,1.022914,2.900444,0.027030,0.019057,0.080000,0.153773,0.347913,0.795099,0.959684,0.257611,0.000000,0.000000,1.819083,793885.000000,107909930.953200,0.217201
2021-01-20,111.599998,111.599998,107.690002,108.910004,889500,0.000000,0.000000,109.240810,109.240810,105.413470,106.607681,97.928609,92.978023,82.716064,70.826202,101.804858,97.849570,3.955288,3.004756,0.950531,72.988340,97.928609,108.207863,87.649356,0.922165,2.966651,0.027828,-0.006477,0.051153,0.131063,0.345630,0.769020,0.903989,0.260508,-0.006477,-0.006477,1.800824,777255.000000,96875448.558000,0.173281
2021-01-21,110.000000,113.680000,110.000000,113.559998,1290200,0.000000,0.000000,107.674630,111.276836,107.674630,111.159370,98.695057,93.490750,83.164287,71.145507,103.244013,98.835481,4.408532,3.285512,1.123021,78.090870,98.695057,110.489804,86.900309,1.028384,3.088258,0.027782,0.042696,0.081627,0.185634,0.410044,0.817159,0.991515,0.286060,0.000000,0.000000,1.920408,809390.000000,146515109.419600,0.235128
2021-01-22,112.220001,113.559998,111.190002,112.330002,896000,0.000000,0.000000,109.847708,111.159377,108.839483,109.955383,99.415987,93.966672,83.595972,71.463229,104.276532,99.659178,4.617354,3.551880,1.065474,74.103322,99.415987,112.125094,86.706880,0.914640,3.033375,0.027587,-0.010831,0.034346,0.147395,0.407340,0.616310,0.964119,0.288746,-0.010831,-0.010831,1.888776,836360.000000,100647681.792000,0.228113
2021-01-25,113.519997,114.000000,107.809998,108.599998,705000,0.000000,0.000000,111.120221,111.590077,105.530929,106.304230,100.043926,94.409117,84.004933,71.756162,104.588485,100.151404,4.437082,3.728920,0.708161,63.511912,100.043926,112.814232,87.273620,0.745112,3.249502,0.030568,-0.033206,0.009575,0.112705,0.382584,0.604331,0.951863,0.318922,-0.043677,-0.043677,1.792852,849585.000000,76562998.590000,0.197465
2021-01-26,108.800003,109.529999,105.680000,105.839996,550400,0.080000,0.000000,106.578509,107.293599,103.522211,103.678940,100.516619,94.767732,84.368377,72.032068,104.448555,100.412703,4.035853,3.790307,0.245546,57.183185,100.516619,113.078207,87.955031,0.625873,3.286779,0.031702,-0.024696,-0.033771,0.105962,0.353259,0.526459,0.983452,0.325173,-0.067295,-0.067295,1.723880,864495.000000,58254333.798400,0.173338
2021-01-27,105.080002,106.300003,99.449997,99.940002,964500,0.000000,0.000000,102.934456,104.129547,97.419406,97.899406,100.782559,95.060875,84.655643,72.278978,103.440994,100.226533,3.214461,3.675138,-0.460676,46.255569,100.782559,112.852304,88.712815,0.380563,3.531305,0.036071,-0.055745,-0.081685,0.038995,0.296353,0.446992,0.846022,0.387320,-0.119288,-0.119288,1.572038,887805.000000,96392131.929000,0.128058
2021-01-28,101.750000,102.639999,99.029999,101.370003,1013400,0.000000,0.000000,99.672447,100.544275,97.007984,99.300209,101.128817,95.376552,84.994466,72.523189,102.803950,100.157916,2.646034,3.469317,-0.823283,48.808975,101.128817,112.563641,89.693994,0.420042,3.531661,0.035565,0.014309,-0.106686,0.072581,0.322445,0.428269,0.909660,0.382709,-0.106686,-0.106686,1.608841,903765.000000,102728361.040200,0.155727
2021-01-29,101.169998,101.839996,96.970001,98.389999,998300,0.000000,0.000000,99.104310,99.760628,94.990068,96.381073,101.231233,95.586078,85.307618,72.766067,101.815815,99.878150,1.937665,3.162987,-1.225321,44.106261,101.231233,112.444309,90.018157,0.283728,3.620154,0.037561,-0.029397,-0.123453,0.043367,0.317753,0.365161,0.853174,0.399161,-0.132947,-0.132947,1.532148,936880.000000,98222736.001700,0.130035
2021-02-01,100.080002,102.790001,98.730003,102.040001,840300,0.000000,0.000000,98.036563,100.691229,96.714129,99.956543,101.525636,95.858303,85.695931,73.015851,101.529773,99.883957,1.645817,2.859553,-1.213736,50.408819,101.525636,112.245204,90.806067,0.426812,3.669440,0.036710,0.037097,-0.059712,0.059616,0.345923,0.421515,0.980218,0.412221,-0.100782,-0.100782,1.626084,951110.000000,85744212.840300,0.147650
2021-02-02,106.480003,106.480003,97.540001,98.110001,1260200,0.000000,0.000000,104.305901,104.305901,95.548435,96.106796,101.671601,96.042766,86.023355,73.238048,100.695469,99.604167,1.091302,2.505902,-1.414600,44.580037,101.671601,111.984918,91.358284,0.230213,4.032870,0.041962,-0.038514,-0.073035,0.021668,0.313125,0.327985,0.880696,0.436494,-0.135414,-0.135414,1.524942,976355.000000,123638223.260200,0.065572
2021-02-03,98.489998,99.800003,94.879997,95.459999,1201600,0.000000,0.000000,96.479051,97.762308,92.942758,93.510918,101.603590,96.151623,86.322962,73.453605,99.590153,99.152815,0.437338,2.092190,-1.654851,41.126751,101.603590,112.121639,91.085542,0.115296,4.089062,0.043728,-0.027010,-0.044827,0.003471,0.239850,0.309992,0.720866,0.446142,-0.158767,-0.158767,1.456743,1007505.000000,114704734.798400,-0.002259
2021-02-04,95.419998,96.580002,94.599998,95.900002,1130800,0.000000,0.000000,93.471700,94.608018,92.668443,93.941902,101.601667,96.283783,86.622967,73.692869,98.721192,98.766822,-0.045630,1.664626,-1.710256,41.931014,101.601667,112.125597,91.077738,0.136079,3.935527,0.041893,0.004609,-0.053961,-0.009795,0.198735,0.307433,0.698318,0.441897,-0.154890,-0.154890,1.468066,1023245.000000,108443722.261600,-0.035767
2021-02-05,96.209999,96.919998,94.169998,94.370003,785900,0.000000,0.000000,94.245573,94.941075,92.247225,92.443146,101.355953,96.370502,86.885885,73.906159,97.755339,98.298401,-0.543063,1.223088,-1.766151,39.890213,101.355953,112.507867,90.204038,0.100391,3.846836,0.041613,-0.015954,-0.040858,-0.016357,0.138787,0.298770,0.681301,0.444215,-0.168373,-0.168373,1.428690,992635.000000,74165385.357700,-0.056672
2021-02-08,95.510002,97.500000,95.139999,96.699997,739400,0.000000,0.000000,93.559866,95.509232,93.197418,94.725563,101.220932,96.503457,87.158623,74.133738,97.289219,98.033747,-0.744527,0.829565,-1.574092,44.333534,101.220932,112.635488,89.806377,0.215479,3.791068,0.040022,0.024690,-0.052333,-0.027033,0.144139,0.378759,0.748869,0.434219,-0.147840,-0.147840,1.488654,977435.000000,71499977.781800,-0.032190
2021-02-09,96.080002,97.330002,95.500000,96.110001,676800,0.000000,0.000000,94.118227,95.342705,93.550068,94.147614,100.960596,96.644821,87.434283,74.354770,96.805895,97.745885,-0.939990,0.475654,-1.415644,43.457529,100.960596,112.784564,89.136628,0.211900,3.648323,0.038751,-0.006101,-0.020385,-0.033650,0.100845,0.396991,0.712909,0.434533,-0.153039,-0.153039,1.473470,969510.000000,65047248.676800,-0.076744
2021-02-10,96.680000,98.489998,95.389999,95.750000,881000,0.000000,0.000000,94.705971,96.479012,93.442310,93.794960,100.579358,96.753290,87.706222,74.569407,96.342675,97.453224,-1.110549,0.158413,-1.268963,42.900496,100.579358,112.825159,88.333558,0.222991,3.604636,0.038431,-0.003746,0.003038,-0.055955,0.088623,0.385725,0.676742,0.427754,-0.156212,-0.156212,1.464205,973725.000000,84355750.000000,-0.104206
2021-02-11,96.599998,100.349998,96.599998,99.110001,1219800,0.000000,0.000000,94.627612,98.301044,94.627612,97.086365,100.295150,96.881776,88.026231,74.795910,96.457088,97.426049,-0.968961,-0.067061,-0.901899,49.417303,100.295150,112.590570,87.999729,0.369513,3.669025,0.037791,0.035091,0.033472,-0.042727,0.153292,0.397213,0.702633,0.440208,-0.126602,-0.126602,1.550678,960245.000000,120894379.219800,-0.060655
2021-02-12,99.169998,103.370003,98.209999,103.279999,1447400,0.000000,0.000000,97.145144,101.259393,96.204746,101.171227,100.038499,97.064943,88.386698,75.025940,97.182341,97.703470,-0.521129,-0.157875,-0.363254,56.111974,100.038499,112.015966,88.061033,0.547286,3.767998,0.037244,0.042075,0.094416,-0.015562,0.179865,0.464242,0.776701,0.463245,-0.089854,-0.089854,1.657996,978615.000000,149487470.552600,-0.016042
2021-02-16,105.129997,107.989998,104.180000,107.250000,1782400,0.000000,0.000000,102.983441,105.785046,102.052842,105.060158,100.026707,97.341747,88.781458,75.286403,98.394312,98.248410,0.145903,-0.097119,0.243022,61.355810,100.026707,111.982823,88.070590,0.710497,3.828414,0.036440,0.038439,0.109100,-0.011703,0.262101,0.540805,0.852292,0.467271,-0.054869,-0.054869,1.760167,1012865.000000,191162400.000000,0.062443
2021-02-17,105.809998,106.360001,100.620003,103.169998,931100,0.000000,0.000000,103.649549,104.188322,98.565525,101.063454,99.714747,97.534701,89.137816,75.539238,98.804950,98.456931,0.348018,-0.008092,0.356110,54.189806,99.714747,111.187328,88.242166,0.558780,4.018858,0.039766,-0.038042,0.073457,-0.040197,0.210103,0.461441,0.837431,0.484611,-0.090824,-0.090824,1.655165,1010200.000000,96061585.137800,0.029518
2021-02-18,101.629997,103.169998,100.309998,102.150002,673000,0.000000,0.000000,99.554906,101.063463,98.261858,100.064293,99.387577,97.652268,89.471567,75.783853,98.998695,98.575995,0.422700,0.078066,0.344633,52.537801,99.387577,110.396324,88.378831,0.530735,3.931911,0.039294,-0.009886,0.066841,-0.067457,0.164828,0.435222,0.770299,0.479480,-0.099812,-0.099812,1.628915,999375.000000,68746951.346000,0.002030
2021-02-19,104.070000,105.639999,103.440002,105.570000,1439500,0.000000,0.000000,101.945079,103.483022,101.327945,103.414452,99.000332,97.808451,89.828846,76.047320,99.678042,98.934399,0.743643,0.211182,0.532461,57.244344,99.000332,108.736923,89.263740,0.726677,3.895255,0.037666,0.033480,0.065180,-0.029953,0.197685,0.488492,0.828307,0.495423,-0.069674,-0.069674,1.716931,1006840.000000,151968015.000000,0.031699
2021-02-22,103.470001,106.129997,103.160004,104.300003,1414000,0.000000,0.000000,101.357348,103.963032,101.053680,102.170403,98.611083,97.913129,90.152368,76.303443,100.061482,99.174103,0.887379,0.346421,0.540958,55.060841,98.611083,107.038003,90.184162,0.711187,3.824834,0.037436,-0.012030,0.009876,-0.080866,0.175945,0.506852,0.838648,0.470261,-0.080866,-0.080866,1.684247,1032740.000000,147480204.242000,0.029232
2021-02-23,101.599998,105.529999,99.129997,103.989998,964100,0.000000,0.000000,99.525529,103.375287,97.105961,101.866730,98.389208,98.140159,90.455252,76.552725,100.339213,99.373557,0.965655,0.470268,0.495387,54.514222,98.389208,106.172345,90.606070,0.723401,3.999440,0.039261,-0.002972,-0.030396,-0.073563,0.156682,0.500426,0.892982,0.469524,-0.083597,-0.083597,1.676269,1045695.000000,100256757.071800,0.025600
2021-02-24,103.650002,109.330002,102.879997,109.080002,1033200,0.000000,0.000000,101.533647,107.097671,100.779364,106.852776,98.547899,98.454577,90.796849,76.810088,101.341299,99.927573,1.413726,0.658960,0.754766,61.306485,98.547899,106.894205,90.201593,0.997518,4.165074,0.038980,0.048947,0.057284,0.005160,0.223497,0.576819,1.067311,0.489237,-0.038743,-0.038743,1.807264,1069835.000000,112701458.066400,0.076470
2021-02-25,107.480003,109.500000,103.669998,103.709999,1119900,0.000000,0.000000,105.285458,107.264210,101.553246,101.592430,98.732551,98.642448,91.063254,77.039978,101.379935,100.050896,1.329039,0.792975,0.536063,52.413900,98.732551,107.181227,90.283874,0.669250,4.275494,0.042085,-0.049230,0.015272,-0.020125,0.153055,0.486749,0.967023,0.512128,-0.086065,-0.086065,1.669062,1077605.000000,116144827.880100,0.048784
2021-02-26,105.279999,106.900002,101.559998,105.209999,993400,0.000000,0.000000,103.130369,104.717294,99.486323,103.061798,98.920630,98.837193,91.351491,77.284881,101.638683,100.273926,1.364757,0.907332,0.457425,54.403448,98.920630,107.587181,90.254079,0.738917,4.343743,0.042147,0.014463,-0.003410,0.052732,0.170122,0.508901,1.059642,0.472898,-0.072847,-0.072847,1.707666,1076605.000000,104515613.006600,0.074120
2021-03-01,106.610001,109.809998,106.000000,109.650002,696500,0.000000,0.000000,104.433211,107.567870,103.835666,107.411140,99.472133,99.074093,91.654082,77.558271,102.526753,100.802608,1.724145,1.070694,0.653451,59.765715,99.472133,108.834146,90.110121,0.924001,4.355338,0.040548,0.042201,0.051294,0.081681,0.233485,0.619172,1.065643,0.490925,-0.033719,-0.033719,1.821933,1061515.000000,76371226.393000,0.109921
2021-03-02,110.000000,110.370003,103.949997,104.059998,590000,0.000000,0.000000,107.754022,108.116470,101.827548,101.935303,99.571071,99.252769,91.890278,77.797152,102.435761,100.886512,1.549249,1.166405,0.382844,51.546551,99.571071,108.996249,90.145894,0.625421,4.493451,0.044081,-0.050980,0.000673,0.057628,0.153486,0.526277,0.894944,0.514656,-0.082981,-0.082981,1.678070,1049000.000000,61395398.820000,0.059028
2021-03-03,104.839996,106.120003,101.820000,101.820000,741200,0.000000,0.000000,102.699362,103.953233,99.741028,99.741028,99.752783,99.362501,92.088201,78.024719,102.021187,100.801661,1.219526,1.177029,0.042496,48.658785,99.752783,109.035803,90.469763,0.499367,4.473362,0.044850,-0.021526,-0.066557,-0.002156,0.100141,0.524902,0.911683,0.505958,-0.102720,-0.102720,1.620422,1023050.000000,75468984.000000,0.034641
2021-03-04,101.040001,101.870003,94.510002,97.220001,1355600,0.000000,0.000000,98.976957,99.790012,92.580289,95.234955,99.838985,99.392095,92.237249,78.222382,100.977151,100.389312,0.587839,1.059191,-0.471353,43.294773,99.838985,108.907495,90.770475,0.246153,4.668816,0.049024,-0.045178,-0.062578,-0.009072,0.035018,0.414356,0.745077,0.512892,-0.143258,-0.143258,1.502037,1030750.000000,131791433.355600,0.005204
2021-03-05,99.610001,100.489998,93.709999,100.320000,931900,0.000000,0.000000,97.576165,98.438195,91.796630,98.271667,100.055473,99.440920,92.410798,78.433079,100.560923,100.232450,0.328473,0.913048,-0.584575,47.495416,100.055473,108.729372,91.381574,0.397174,4.809727,0.048943,0.031887,-0.046478,0.050911,0.077304,0.420668,0.854747,0.514296,-0.115939,-0.115939,1.581818,1020805.000000,93488208.000000,0.031085
2021-03-08,98.370003,100.000000,93.500000,93.989998,987900,0.000000,0.000000,96.361465,97.958181,91.590899,92.070892,100.036860,99.371602,92.513930,78.607694,99.254764,99.627890,-0.373126,0.655813,-1.028939,40.842236,100.036860,108.780852,91.292869,0.044489,4.943373,0.053691,-0.063098,-0.142818,-0.019917,0.007166,0.407426,0.794868,0.562621,-0.171722,-0.171722,1.418910,1030905.000000,92852719.024200,-0.011576
2021-03-09,94.139999,102.190002,94.139999,101.529999,898500,0.000000,0.000000,92.217845,100.103483,92.217845,99.456955,100.273430,99.485832,92.687989,78.819092,99.285870,99.615228,-0.329358,0.458779,-0.788136,49.853222,100.273430,108.661136,91.885724,0.451329,5.164031,0.051922,0.080221,-0.024313,0.075872,0.055964,0.528558,1.101459,0.624287,-0.105276,-0.105276,1.612959,1038860.000000,91224704.101500,0.007057
2021-03-10,103.269997,104.099998,98.470001,98.660004,747400,0.000000,0.000000,101.161419,101.974474,96.459431,96.645554,100.398327,99.534242,92.848405,79.016629,98.879668,99.395252,-0.515584,0.263906,-0.779491,46.923379,100.398327,108.470417,92.326237,0.267546,5.189103,0.053692,-0.028268,-0.031035,0.020269,0.010881,0.581109,0.916476,0.629346,-0.130568,-0.130568,1.539097,1042390.000000,73738486.989600,-0.032959
2021-03-11,102.220001,104.900002,99.980003,104.660004,1059200,0.000000,0.000000,100.132844,102.758123,97.938583,102.523026,100.834730,99.733090,93.071606,79.239548,99.440185,99.626939,-0.186755,0.173774,-0.360529,53.125499,100.834730,108.326543,93.342918,0.612676,5.255065,0.051257,0.060815,0.076527,0.088960,0.057630,0.617990,1.213682,0.660795,-0.077693,-0.077693,1.693511,1051300.000000,110855876.236800,-0.007212
2021-03-12,101.620003,103.809998,101.440002,102.580002,565700,0.000000,0.000000,99.545122,101.690401,99.368797,100.485519,101.004688,99.895300,93.280397,79.451597,99.601005,99.690538,-0.089533,0.121113,-0.210645,50.904804,101.004688,108.289835,93.719541,0.464368,5.105005,0.050803,-0.019874,0.022528,0.071332,0.110151,0.581199,1.432448,0.665793,-0.096023,-0.096023,1.639981,1018595.000000,58029507.131400,0.030654
2021-03-15,103.000000,105.529999,101.639999,105.470001,760600,0.000000,0.000000,100.896937,103.375278,99.564705,103.316505,101.111952,100.074975,93.521311,79.681951,100.172621,99.959128,0.213493,0.139589,0.073904,53.794818,101.111952,108.470229,93.753675,0.649801,5.012546,0.048516,0.028173,0.122141,0.064171,0.133703,0.615801,1.236465,0.662160,-0.070555,-0.070555,1.714358,984255.000000,80220482.760600,0.048751
2021-03-16,107.160004,108.820000,104.669998,105.440002,715900,0.000000,0.000000,104.971984,106.598085,102.532820,103.287102,101.023299,100.259347,93.765842,79.905956,100.651772,100.205644,0.446127,0.200896,0.245231,53.759422,101.023299,108.222289,93.824310,0.657231,4.944883,0.047875,-0.000285,0.038511,0.020914,0.120264,0.561376,1.540447,0.647396,-0.070820,-0.070820,1.713585,930930.000000,75484497.431800,0.031905
2021-03-17,104.540001,108.190002,102.209999,106.820000,711500,0.000000,0.000000,102.405493,105.980969,100.123066,104.638939,101.202073,100.488376,94.030932,80.140676,101.265182,100.534037,0.731145,0.306946,0.424199,55.218341,101.202073,108.580604,93.823542,0.732896,5.010099,0.047880,0.013088,0.082708,-0.004009,0.121237,0.551313,1.411178,0.635146,-0.058658,-0.058658,1.749101,919950.000000,76002430.000000,0.034006
2021-03-18,104.529999,105.580002,101.500000,101.610001,649000,0.000000,0.000000,102.395694,103.424258,99.427562,99.535316,101.175624,100.581660,94.257405,80.344311,100.999049,100.460057,0.538991,0.353355,0.185636,48.940436,101.175624,108.575091,93.776158,0.389160,5.024476,0.050479,-0.048774,-0.029142,-0.015121,0.041533,0.494939,1.457600,0.644386,-0.104571,-0.104571,1.615017,918750.000000,65944890.649000,0.000159
2021-03-19,102.230003,104.860001,100.120003,102.870003,812900,0.000000,0.000000,100.142660,102.718958,98.075742,100.769592,101.043382,100.717444,94.498958,80.545522,100.963748,100.482986,0.480762,0.378836,0.101925,50.408868,101.043382,108.368539,93.718224,0.481312,4.997243,0.049591,0.012400,0.002827,0.007048,0.083526,0.513032,1.538191,0.644678,-0.093467,-0.093467,1.647445,887420.000000,83623025.438700,0.039519
2021-03-22,105.489998,106.779999,103.730003,105.000000,660200,0.000000,0.000000,103.336095,104.599757,101.612036,102.856102,101.077666,100.827417,94.772328,80.756188,101.254879,100.658772,0.596107,0.422291,0.173816,52.876104,101.077666,108.431398,93.723935,0.620921,4.913880,0.047774,0.020706,-0.004456,-0.005399,0.091260,0.580324,1.702262,0.638083,-0.074697,-0.074697,1.636732,849730.000000,69321000.000000,0.043253
2021-03-23,105.010002,105.730003,101.779999,102.239998,634000,0.000000,0.000000,102.865889,103.571189,99.701836,100.152443,100.991952,100.881947,95.022969,80.941909,101.085274,100.621266,0.464007,0.430634,0.033373,49.443439,100.991952,108.346921,93.636983,0.442929,4.839271,0.048319,-0.026286,-0.030349,-0.019751,0.068233,0.537860,1.567424,0.643501,-0.099019,-0.099019,1.480004,833225.000000,64820158.732000,0.031225
2021-03-24,104.699997,106.440002,102.480003,102.650002,794700,0.000000,0.000000,102.562223,104.266701,100.387558,100.554085,100.677018,100.905942,95.297106,81.141212,101.003552,100.616290,0.387262,0.421960,-0.034697,49.963117,100.677018,107.495147,93.858888,0.490985,4.787484,0.047611,0.004010,-0.039038,-0.012886,0.049292,0.533207,1.346581,0.643573,-0.095406,-0.095406,1.489949,821300.000000,81575956.589400,0.032076
2021-03-25,100.459999,104.239998,99.650002,103.750000,485900,0.000000,0.000000,98.408812,102.111631,97.615353,101.631638,100.678978,100.910180,95.570761,81.343217,101.100181,100.691501,0.408680,0.419304,-0.010624,51.406298,100.678978,107.498239,93.859717,0.569851,4.766684,0.046902,0.010716,0.021061,-0.048863,0.063796,0.553343,1.366342,0.620263,-0.085712,-0.085712,1.516632,789600.000000,50412125.000000,0.050542
2021-03-26,103.639999,110.180000,103.440002,110.029999,715100,0.000000,0.000000,101.523852,107.930317,101.327938,107.783379,100.915057,101.010437,95.916700,81.577055,102.128365,101.216825,0.911540,0.517751,0.393789,58.725396,100.915057,108.378174,93.451940,0.960151,4.897805,0.045441,0.060530,0.069602,0.060939,0.149745,0.616206,1.289183,0.630643,-0.030371,-0.030371,1.668963,775685.000000,78682452.284900,0.120960
2021-03-29,109.589996,111.070000,105.070000,106.599998,955300,0.000000,0.000000,107.352379,108.802164,102.924672,104.423431,100.765672,100.972821,96.206723,81.815532,102.481452,101.454352,1.027101,0.619621,0.407480,53.946172,100.765672,107.787881,93.743462,0.760442,4.967783,0.047573,-0.031173,0.015238,0.013212,0.108234,0.542750,1.392235,0.640448,-0.060597,-0.060597,1.585763,788625.000000,101834978.089400,0.088326
2021-03-30,105.790001,109.449997,105.440002,108.800003,578100,0.000000,0.000000,103.629970,107.215236,103.287118,106.578514,100.997832,100.998471,96.488833,82.057411,103.111769,101.833919,1.277850,0.751267,0.526584,56.397273,100.997832,108.475130,93.520534,0.873175,4.893521,0.045915,0.020638,0.064163,-0.007752,0.151197,0.526514,1.298828,0.627359,-0.041210,-0.041210,1.639128,788030.000000,62897281.734300,0.139881
2021-03-31,109.889999,113.570000,109.589996,111.800003,1291400,0.000000,0.000000,107.646245,111.251107,107.352368,109.517250,101.486643,101.042763,96.772236,82.311199,104.097228,102.403055,1.694173,0.939848,0.754325,59.558151,101.486643,109.844364,93.128922,0.980430,4.877740,0.044539,0.027573,0.089138,0.074380,0.185572,0.530033,1.508369,0.604963,-0.014773,-0.014773,1.711898,815540.000000,144378523.874200,0.154705
2021-04-01,113.550003,120.779999,113.250000,120.089996,1545500,0.000000,0.000000,111.231526,118.313899,110.937649,117.637985,102.606795,101.263369,97.120696,82.596459,106.180421,103.531568,2.648853,1.281649,1.367204,66.734555,102.606795,113.154751,92.058838,1.212517,5.157662,0.043844,0.074150,0.157494,0.179434,0.247053,0.618283,1.912986,0.643443,0.000000,0.000000,1.870015,825035.000000,185599088.818000,0.199648
2021-04-05,124.000000,126.410004,118.830002,120.410004,1896600,0.000000,0.000000,121.468157,123.828953,116.403721,117.951462,103.590784,101.399211,97.444980,82.879965,107.991351,104.599708,3.391642,1.703648,1.687995,66.978153,103.590784,115.951868,91.229701,1.080883,5.319632,0.045100,0.002665,0.094338,0.238531,0.253889,0.573695,1.877663,0.613654,0.000000,0.000000,1.872196,873270.000000,228369613.586400,0.190474
2021-04-06,119.320000,122.599998,118.529999,119.150002,996500,0.000000,0.000000,116.883721,120.096748,116.109850,116.717194,104.823100,101.534447,97.750559,83.160865,109.333788,105.497300,3.836488,2.130216,1.706272,64.961084,104.823100,117.262473,92.383726,0.978083,5.224436,0.044761,-0.010464,0.117730,0.187699,0.252499,0.572201,1.842141,0.612979,-0.010464,-0.010464,1.532428,873700.000000,118732976.993000,0.173754
2021-04-07,119.150002,120.129997,118.410004,118.629997,1100800,0.000000,0.000000,116.717173,117.677159,115.992285,116.207787,105.660641,101.732518,98.070818,83.448546,110.391326,106.290669,4.100657,2.524304,1.576353,64.103046,105.660641,118.813921,92.507362,0.900932,4.971611,0.042782,-0.004364,0.090349,0.262156,0.224901,0.506217,1.456911,0.557257,-0.014783,-0.014783,1.521375,883815.000000,130587900.697600,0.157042
2021-04-08,120.400002,123.290001,119.489998,122.050003,1292900,0.000000,0.000000,117.941649,120.772640,117.050226,119.557961,106.806262,102.050099,98.408916,83.748241,111.801578,107.273432,4.528146,2.925072,1.603074,67.173902,106.806262,120.627728,92.984795,0.961301,4.942556,0.041340,0.028829,0.091682,0.202108,0.272159,0.526615,1.576076,0.503506,0.000000,0.000000,1.594064,911090.000000,157798448.878700,0.186723
2021-04-09,121.760002,121.760002,119.809998,121.449997,802000,0.000000,0.000000,119.273906,119.273906,117.363716,118.970230,107.628622,102.471515,98.766195,84.046754,112.904447,108.139861,4.764586,3.292975,1.471611,66.105499,107.628622,122.307621,92.949622,0.886321,4.746248,0.039894,-0.004916,0.011325,0.230995,0.221994,0.488082,1.493211,0.487821,-0.004916,-0.004916,1.581312,898230.000000,97402897.594000,0.158270
2021-04-12,121.400002,121.400002,117.820000,119.699997,980200,0.000000,0.000000,118.921245,118.921245,115.414340,117.255951,108.467143,102.830630,99.103591,84.345439,113.573910,108.815127,4.758782,3.586137,1.172646,62.960017,108.467143,123.342740,93.591546,0.795410,4.661223,0.039753,-0.014409,-0.005897,0.143704,0.203539,0.459677,1.417756,0.458566,-0.019254,-0.019254,1.544117,918955.000000,117329937.059400,0.154454
2021-04-13,121.330002,121.330002,116.089996,118.309998,988000,0.000000,0.000000,118.852659,118.852659,113.719645,115.894318,109.096034,103.220895,99.403486,84.636045,113.930895,109.339512,4.591384,3.787186,0.804198,60.497657,109.096034,124.117561,94.074507,0.726285,4.694922,0.040510,-0.011612,-0.007050,0.153343,0.166475,0.432266,1.388719,0.453373,-0.030643,-0.030643,1.514574,930325.000000,116890278.024000,0.092860
2021-04-14,117.889999,119.949997,117.080002,118.000000,778700,0.000000,0.000000,115.482928,117.500865,114.689469,115.590683,109.711213,103.533578,99.695940,84.933875,114.186247,109.802561,4.383686,3.906486,0.477200,59.934744,109.711213,124.738821,94.683605,0.695622,4.560385,0.039453,-0.002620,-0.005310,0.118802,0.139726,0.413820,1.290827,0.447941,-0.033183,-0.033183,1.507986,933465.000000,91886600.000000,0.079645
2021-04-15,118.980003,120.599998,117.889999,119.300003,750300,0.000000,0.000000,116.550655,118.137572,115.482906,116.864120,110.322472,103.948724,99.995745,85.235092,114.598228,110.325640,4.272588,3.979706,0.292882,61.550601,110.322472,125.475384,95.169560,0.715854,4.424262,0.037858,0.011017,-0.022532,0.131449,0.137136,0.424285,1.444577,0.447738,-0.022532,-0.022532,1.535616,935405.000000,89510792.250900,0.067838
2021-04-16,119.500000,119.519997,116.089996,117.379997,810400,0.000000,0.000000,117.060038,117.079627,113.719661,114.983322,111.094872,104.378172,100.264898,85.521632,114.657473,110.670653,3.986820,3.981129,0.005691,57.840253,111.094872,125.488437,96.701308,0.635076,4.348241,0.037816,-0.016094,-0.033512,0.098858,0.081644,0.426524,1.299680,0.453515,-0.038263,-0.038263,1.494808,943475.000000,95124749.568800,0.009980
2021-04-19,116.220001,117.019997,110.919998,113.150002,1014400,0.000000,0.000000,113.847007,114.630668,108.655220,110.839691,111.598377,104.716128,100.499956,85.790677,114.070122,110.683175,3.386947,3.862293,-0.475345,50.602877,111.598377,125.151106,98.045648,0.472010,4.489659,0.040506,-0.036037,-0.054720,0.113571,0.052649,0.381990,1.145257,0.436349,-0.072921,-0.072921,1.404903,953550.000000,114779362.028800,-0.017842
2021-04-20,113.370003,113.440002,109.559998,110.720001,1025200,0.000000,0.000000,111.055206,111.123776,107.322994,108.459312,111.878538,105.036451,100.703477,86.041764,113.206920,110.518444,2.688476,3.627529,-0.939053,46.967122,111.878538,124.891242,98.865834,0.368620,4.440454,0.040941,-0.021476,-0.064153,0.076310,0.010779,0.362443,1.151990,0.445277,-0.092831,-0.092831,1.353255,971800.000000,113510145.025200,-0.033858
2021-04-21,110.599998,113.300003,110.029999,113.209999,975300,0.000000,0.000000,108.341744,110.986619,107.783382,110.898453,112.415838,105.359909,100.931683,86.299479,112.851772,110.546593,2.305179,3.363059,-1.057881,50.862985,112.415838,124.221325,100.610352,0.435734,4.352081,0.039244,0.022489,-0.040593,0.078190,0.040248,0.399789,1.406178,0.446168,-0.072429,-0.072429,1.253586,988865.000000,110413712.024700,0.003616
2021-04-22,112.809998,113.139999,109.139999,109.989998,776200,0.000000,0.000000,110.506630,110.829894,106.911566,107.744209,112.775345,105.631841,101.138331,86.546258,112.065993,110.339009,1.726984,3.035844,-1.308860,46.142342,112.775345,123.442986,102.107703,0.264187,4.325996,0.040151,-0.028443,-0.078039,0.075802,-0.030723,0.366723,1.164183,0.448069,-0.098812,-0.098812,1.189488,987940.000000,85374236.447600,-0.051971
2021-04-23,110.910004,113.480003,110.910004,113.150002,658700,0.000000,0.000000,108.645430,111.162955,108.645430,110.839691,113.235747,105.972736,101.363013,86.808612,111.877331,110.376096,1.501235,2.728922,-1.227688,50.953252,113.235747,122.592629,103.878866,0.371963,4.261192,0.038445,0.028730,-0.036037,0.102289,0.008042,0.418659,1.252392,0.456282,-0.072921,-0.072921,1.219404,996580.000000,74531906.317400,-0.026939
2021-04-26,113.610001,116.139999,113.080002,115.260002,1003200,0.000000,0.000000,111.290282,113.768623,110.771105,112.906593,113.491908,106.289140,101.585458,87.074562,112.035679,110.563541,1.472138,2.477566,-1.005427,53.913510,113.491908,122.494083,104.489733,0.467490,4.170930,0.036941,0.018648,0.018648,0.110939,0.062108,0.468454,1.260791,0.458349,-0.055633,-0.055633,1.235930,1010985.000000,115628834.006400,0.025236
2021-04-27,112.830002,115.809998,111.269997,114.779999,1174500,0.080000,0.000000,110.602995,113.524172,109.073781,112.514503,113.896461,106.516006,101.790475,87.348757,112.109344,110.708056,1.401288,2.262310,-0.861022,53.256843,113.896461,121.848698,105.944225,0.413109,4.190891,0.037248,-0.003473,0.037389,0.043895,0.085220,0.468585,1.211907,0.412726,-0.058912,-0.058912,1.228165,1021945.000000,134809108.825500,0.051156
2021-04-28,114.690002,115.419998,113.389999,114.790001,924300,0.000000,0.000000,112.426260,113.141847,111.151916,112.524284,114.193750,106.665288,102.003518,87.629839,112.173181,110.842592,1.330589,2.075966,-0.745376,53.272133,114.193750,121.404031,106.983469,0.384230,4.033680,0.035847,0.000087,0.014661,0.077577,0.149387,0.490011,1.172881,0.394525,-0.058831,-0.058831,1.228359,1039255.000000,106100397.924300,0.090578
2021-04-29,117.000000,117.589996,113.080002,114.910004,868800,0.000000,0.000000,114.690690,115.269041,110.848063,112.641945,114.349985,106.896858,102.215779,87.909604,112.245299,110.975877,1.269421,1.914657,-0.645236,53.469312,114.349985,121.262886,107.437084,0.376460,4.061344,0.036055,0.001046,0.045457,0.056892,0.134358,0.500125,1.041901,0.389832,-0.057847,-0.057847,1.230689,1018125.000000,99833811.475200,0.078469
2021-04-30,112.870003,114.839996,111.669998,112.580002,909600,0.000000,0.000000,110.642233,112.573344,109.465913,110.357956,113.985983,107.102731,102.377500,88.178486,111.954938,110.930105,1.024833,1.736692,-0.711859,49.134979,113.985983,120.936475,107.035491,0.239009,3.998108,0.036229,-0.020277,-0.004346,0.007676,0.145017,0.508850,1.083499,0.386933,-0.076950,-0.076950,1.185458,986330.000000,102402769.819200,0.076773
2021-05-03,114.580002,114.930000,111.099998,111.360001,1160900,0.000000,0.000000,112.318432,112.661523,108.907117,109.161987,113.546509,107.217682,102.513067,88.442317,111.525253,110.799133,0.726120,1.534578,-0.808458,46.987113,113.546509,120.552560,106.540459,0.187090,3.980700,0.036466,-0.010837,-0.033166,-0.072052,0.092094,0.469876,1.161774,0.280997,-0.086953,-0.086953,1.152199,949545.000000,129277825.160900,0.055407
2021-05-04,110.800003,111.610001,106.169998,108.889999,1264800,0.000000,0.000000,108.613065,109.407075,104.074446,106.740761,113.047688,107.309089,102.611109,88.688474,110.789178,110.498513,0.290664,1.285795,-0.995131,42.898651,113.047688,120.509042,105.586334,0.077360,4.077267,0.038198,-0.022180,-0.051316,-0.095045,0.110647,0.458418,1.087180,0.287344,-0.107205,-0.107205,1.104463,962960.000000,137724070.735200,0.109125
2021-05-05,110.860001,112.080002,108.190002,110.699997,661300,0.000000,0.000000,108.671883,109.867804,106.054584,108.515038,112.663050,107.442056,102.791107,88.932172,110.439310,110.351589,0.087721,1.046180,-0.958459,46.567719,112.663050,120.230861,105.095240,0.225944,4.058406,0.037399,0.016622,-0.035630,-0.070274,0.160453,0.438787,1.139444,0.295567,-0.092365,-0.092365,1.130010,940985.000000,73205908.016100,0.162519
2021-05-06,109.750000,111.309998,107.849998,111.300003,767400,0.000000,0.000000,107.583771,109.112977,105.721271,109.103180,112.140311,107.487064,102.970820,89.176370,110.233752,110.259114,-0.025363,0.831872,-0.857234,47.765863,112.140311,119.124633,105.155989,0.282575,4.010785,0.036761,0.005420,-0.031416,-0.061137,0.161390,0.392198,1.141554,0.297062,-0.087445,-0.087445,1.097718,914710.000000,85411622.302200,0.171907
2021-05-07,112.680000,114.800003,112.180000,114.709999,868000,0.000000,0.000000,110.455961,112.534120,109.965830,112.445892,111.814094,107.704133,103.173291,89.432739,110.574081,110.421098,0.152983,0.696094,-0.543111,54.069717,111.814094,118.021489,105.606700,0.550891,3.969367,0.035300,0.030638,0.018920,-0.059486,0.216379,0.385196,1.161988,0.299547,-0.059486,-0.059486,1.132355,918010.000000,99568279.132000,0.223889
2021-05-10,112.730003,113.760002,107.879997,108.199997,1660900,0.000000,0.000000,110.504987,111.514656,105.750708,106.064392,111.254516,107.764185,103.300689,89.622918,109.880283,110.098379,-0.218096,0.513256,-0.731352,43.320959,111.254516,117.413952,105.095081,0.078685,4.164068,0.039260,-0.056752,-0.028376,-0.108480,0.119702,0.281094,0.915207,0.353278,-0.112862,-0.112862,1.011340,952045.000000,179709375.017300,0.161580
2021-05-11,105.410004,109.440002,103.650002,109.190002,1262400,0.000000,0.000000,103.329453,107.279909,101.604189,107.034843,110.811543,107.756659,103.415376,89.826788,109.442523,109.871450,-0.428928,0.324819,-0.753747,45.108057,110.811543,116.838883,104.784203,0.186703,4.272044,0.039913,0.009150,0.002755,-0.087169,0.136883,0.251533,0.924585,0.354975,-0.104745,-0.104745,1.029743,965765.000000,137841458.524800,0.181021
2021-05-12,104.589996,107.339996,101.160004,101.610001,1930700,0.000000,0.000000,102.525647,105.221369,99.163354,99.604469,110.012232,107.710042,103.481406,89.985204,107.928976,109.110933,-1.181957,0.023464,-1.205421,35.800484,110.012232,117.446750,102.577714,-0.199962,4.529147,0.045471,-0.069420,-0.082114,-0.140558,0.061938,0.156050,0.841762,0.420787,-0.166894,-0.166894,0.888838,1023365.000000,196178428.930700,0.129274
2021-05-13,103.949997,107.370003,103.769997,105.349998,1385100,0.000000,0.000000,101.898254,105.250756,101.721806,103.270622,109.332557,107.780634,103.571567,90.163272,107.212306,108.678318,-1.466012,-0.274431,-1.191580,42.143807,109.332557,116.613449,102.051666,0.083709,4.608943,0.044630,0.036807,-0.053459,-0.106584,0.063699,0.226755,0.958361,0.447118,-0.136230,-0.136230,0.906798,1055105.000000,145920282.229800,0.127922
2021-05-14,106.709999,110.639999,105.570000,109.449997,1026600,0.000000,0.000000,104.603787,108.456218,103.486288,107.289703,108.947876,108.021729,103.706912,90.352096,107.224213,108.575457,-1.351244,-0.489794,-0.861450,48.187724,108.947876,115.770232,102.125520,0.378475,4.650132,0.043342,0.038918,-0.045855,-0.081928,0.060476,0.251219,0.981006,0.469569,-0.102613,-0.102613,0.978508,1065915.000000,112361366.920200,0.107689
2021-05-17,107.139999,108.339996,104.809998,107.349998,1084200,0.000000,0.000000,105.025294,106.201605,102.741281,105.231148,108.667449,108.160919,103.800919,90.525249,106.917588,108.327731,-1.410143,-0.673864,-0.736279,45.562327,108.667449,115.622173,101.712725,0.252952,4.642867,0.044121,-0.019187,-0.007856,-0.084814,0.001628,0.264155,0.940547,0.470724,-0.119832,-0.119832,0.889167,1069405.000000,116388867.831600,0.049213
2021-05-18,108.669998,109.180000,106.160004,106.230003,600700,0.000000,0.000000,106.525090,107.025025,104.064637,104.133255,108.451146,108.402166,103.886884,90.694331,106.489229,108.017029,-1.527800,-0.844651,-0.683149,44.179828,108.451146,115.696163,101.206130,0.202010,4.522690,0.043432,-0.010433,-0.027109,-0.060506,0.030375,0.246860,0.869457,0.456771,-0.129014,-0.129014,0.858701,1048180.000000,63812362.802100,0.077767
2021-05-19,104.949997,109.000000,104.589996,108.050003,970600,0.000000,0.000000,102.878531,106.848597,102.525636,105.917351,108.202091,108.531374,104.008603,90.862065,106.401248,107.861497,-1.460249,-0.967771,-0.492479,46.994469,108.202091,115.435333,100.968849,0.342067,4.508424,0.042565,0.017133,0.063380,-0.023437,0.058493,0.232962,0.886927,0.456213,-0.114092,-0.114092,0.890546,1047945.000000,104873332.911800,0.099287
2021-05-20,108.500000,111.620003,108.300003,111.160004,625700,0.000000,0.000000,106.358464,109.416885,106.162414,108.965965,108.263179,108.777782,104.156012,91.049981,106.795820,107.943310,-1.147490,-1.003714,-0.143775,51.495223,108.263179,115.500774,101.025584,0.548551,4.436360,0.040713,0.028783,0.055150,-0.017426,0.053682,0.261979,0.906734,0.460748,-0.088593,-0.088593,0.944962,1040420.000000,69552814.502800,0.078095
2021-05-21,111.449997,111.949997,109.309998,109.809998,583100,0.000000,0.000000,109.250223,109.740354,107.152462,107.642593,108.103324,108.880173,104.306632,91.228933,106.926092,107.921034,-0.994942,-1.001960,0.007018,49.529196,108.103324,115.241861,100.964787,0.467729,4.304327,0.039987,-0.012145,0.003289,-0.000943,0.053559,0.238928,0.882612,0.451631,-0.099662,-0.099662,0.921341,1036640.000000,64030209.833800,0.058145
2021-05-24,111.459999,113.650002,110.809998,113.180000,649200,0.000000,0.000000,109.260038,111.406815,108.622866,110.946091,108.005299,109.089385,104.492342,91.427777,107.544554,108.145113,-0.600559,-0.921680,0.321121,54.227136,108.005299,114.916337,101.094261,0.712761,4.265748,0.038449,0.030690,0.054308,0.000960,0.089130,0.259777,0.941715,0.453231,-0.072031,-0.072031,0.980306,1018940.000000,73476456.000000,0.074576
2021-05-25,114.110001,115.000000,112.559998,113.070000,645200,0.000000,0.000000,111.857746,112.730179,110.338336,110.838272,107.921487,109.239820,104.657397,91.638451,108.051280,108.344606,-0.293326,-0.796009,0.502683,54.050299,107.921487,114.640258,101.202717,0.717062,4.131897,0.037279,-0.000972,0.064389,-0.018319,0.037299,0.269132,0.913013,0.448370,-0.072933,-0.072933,0.978381,992475.000000,72952764.000000,0.032945
2021-05-26,112.620003,113.930000,112.339996,113.370003,405700,0.000000,0.000000,110.397165,111.681307,110.122686,111.132362,107.851891,109.396725,104.828036,91.857147,108.525292,108.551106,-0.025814,-0.641970,0.616156,54.486279,107.851891,114.396492,101.307291,0.750624,3.948092,0.035526,0.002653,0.049237,-0.012284,0.093904,0.261331,0.913573,0.448359,-0.070473,-0.070473,0.983630,966545.000000,45994210.217100,0.046755
2021-05-27,113.580002,115.440002,112.739998,113.889999,737900,0.000000,0.000000,111.338203,113.161492,110.514779,111.642082,107.801898,109.536788,105.012582,92.076924,109.004798,108.780067,0.224731,-0.468630,0.693361,55.278303,107.801898,114.206206,101.397591,0.799813,3.855136,0.034531,0.004587,0.024559,-0.007840,0.083254,0.267539,0.950229,0.448667,-0.066210,-0.066210,0.992728,960000.000000,84039430.262100,0.042023
2021-05-28,114.580002,115.559998,113.330002,114.449997,415900,0.000000,0.000000,112.318448,113.279101,111.093121,112.191010,107.893551,109.789902,105.185781,92.290451,109.494985,109.032730,0.462255,-0.282453,0.744708,56.163021,107.893551,114.501120,101.285982,0.825192,3.735911,0.033300,0.004917,0.042255,-0.004003,0.044501,0.288376,0.918252,0.448980,-0.061618,-0.061618,1.002526,935315.000000,47599753.752300,0.032733
2021-06-01,115.000000,116.000000,113.459999,114.010002,773000,0.000000,0.000000,112.730154,113.710417,111.220550,111.759697,108.023436,110.009704,105.363574,92.503776,109.843402,109.234727,0.608675,-0.104227,0.712902,55.238346,108.023436,114.834968,101.211904,0.774260,3.646908,0.032632,-0.003844,0.007333,0.012702,0.096379,0.264658,0.937080,0.443109,-0.065226,-0.065226,0.994828,915920.000000,88129731.546000,0.068106
2021-06-02,113.809998,115.839996,113.400002,114.830002,566600,0.000000,0.000000,111.563651,113.553582,111.161747,112.563522,108.314574,110.203852,105.515635,92.725667,110.261882,109.481305,0.780577,0.072734,0.707844,56.670137,108.314574,115.387986,101.241162,0.800346,3.557260,0.031602,0.007192,0.015565,0.031160,0.128558,0.241572,0.914072,0.441450,-0.058502,-0.058502,1.009175,881010.000000,65062679.133200,0.070195
2021-06-03,113.250000,114.120003,112.139999,112.779999,848800,0.000000,0.000000,111.014695,111.867526,109.926603,110.553970,108.416521,110.411883,105.646915,92.932671,110.306819,109.560761,0.746057,0.207398,0.538659,52.176758,108.416521,115.560519,101.272523,0.649598,3.491521,0.031582,-0.017853,-0.005205,0.035724,0.160855,0.201506,0.826510,0.438729,-0.075311,-0.075311,0.973306,890385.000000,95727663.151200,0.090824
2021-06-04,113.910004,116.510002,113.900002,116.220001,736100,0.000000,0.000000,111.661683,114.210363,111.651878,113.926086,108.657666,110.679323,105.792632,93.153699,110.863629,109.884119,0.979510,0.361821,0.617689,58.170396,108.657666,116.213008,101.102325,0.848655,3.503298,0.030751,0.030502,0.020458,0.049864,0.159297,0.248916,0.876168,0.447096,-0.047106,-0.047106,1.033496,888820.000000,85549542.736100,0.090077
2021-06-07,115.769997,115.800003,114.529999,115.000000,618200,0.000000,0.000000,113.484955,113.514369,112.269432,112.730156,108.671879,110.901293,105.905737,93.369970,111.150787,110.094936,1.055851,0.500627,0.555224,55.513129,108.671879,116.258233,101.085526,0.767472,3.371395,0.029907,-0.010497,0.004806,0.033244,0.224384,0.233159,0.789132,0.449272,-0.057109,-0.057109,1.012150,876330.000000,71093000.000000,0.123461
2021-06-08,116.209999,116.550003,113.510002,113.809998,596000,0.000000,0.000000,113.916283,114.249576,111.269578,111.563652,108.946842,110.976899,105.993668,93.588769,111.214305,110.203730,1.010575,0.602616,0.407958,52.971342,108.946842,116.533907,101.359778,0.672452,3.343438,0.029969,-0.010348,-0.001754,-0.007846,0.121728,0.184504,0.838149,0.438599,-0.066866,-0.066866,0.991329,823085.000000,67830758.808000,0.056629
2021-06-09,114.639999,115.260002,113.599998,113.800003,458000,0.000000,0.000000,112.377250,112.985015,111.357776,111.553833,109.172792,111.119507,106.046164,93.807078,111.266540,110.303738,0.962802,0.674653,0.288149,52.949365,109.172792,116.789207,101.556377,0.656310,3.220852,0.028873,-0.000088,-0.008970,0.051756,0.154257,0.166817,0.821862,0.387130,-0.066948,-0.066948,0.991153,782865.000000,52120401.374000,0.089759
2021-06-10,114.940002,117.279999,114.360001,115.570000,955600,0.000000,0.000000,112.671340,114.965150,112.102786,113.288902,109.857014,111.253715,106.126093,94.034699,111.577672,110.524861,1.052811,0.750285,0.302526,56.392282,109.857014,116.207693,103.506335,0.770199,3.234457,0.028551,0.015554,0.024738,0.058430,0.105009,0.168691,0.856715,0.389106,-0.052435,-0.052435,1.022123,734110.000000,110438692.000000,0.058612
2021-06-11,115.529999,116.940002,114.860001,116.410004,620500,0.000000,0.000000,113.249722,114.631896,112.592948,114.112358,110.399100,111.345617,106.194190,94.263601,111.967624,110.790602,1.177023,0.835633,0.341390,57.964405,110.399100,116.210579,104.587622,0.819476,3.149063,0.027596,0.007269,0.001635,0.145655,0.135610,0.260698,1.011571,0.286402,-0.045548,-0.045548,1.036821,695880.000000,72232407.482000,0.079336
2021-06-14,116.690002,120.139999,116.110001,119.360001,888900,0.000000,0.000000,114.386806,117.768708,113.818252,117.004105,110.884821,111.332939,106.298154,94.507109,112.742467,111.250861,1.491606,0.966827,0.524779,63.007953,110.884821,117.203753,104.565888,0.984202,3.206306,0.027403,0.025341,0.037913,0.132985,0.132482,0.283899,1.010282,0.273660,-0.021361,-0.021361,1.088437,688995.000000,106099104.888900,0.079403
2021-06-15,118.669998,119.980003,118.000000,119.669998,729100,0.000000,0.000000,116.327721,117.611870,115.670947,117.307983,111.488662,111.320070,106.359640,94.761964,113.444854,111.699537,1.745318,1.122525,0.622792,63.503510,111.488662,117.840833,105.136492,0.958058,3.115921,0.026562,0.002597,0.051489,0.093376,0.135747,0.272337,0.996407,0.246345,-0.018819,-0.018819,1.093861,671240.000000,87251395.541800,0.091113
2021-06-16,121.000000,121.879997,119.059998,119.870003,1014700,0.000000,0.000000,118.611714,119.474342,116.710003,117.504021,112.157201,111.335806,106.435127,95.015549,114.069342,112.129499,1.939843,1.285989,0.653854,63.840052,112.157201,118.047540,106.266861,0.953863,3.090808,0.026304,0.001671,0.053339,0.116628,0.122947,0.259090,0.939458,0.231349,-0.017179,-0.017179,1.097360,691940.000000,121632092.044100,0.084909
2021-06-17,119.489998,120.760002,117.730003,119.889999,602900,0.000000,0.000000,117.131537,118.376474,115.406281,117.523643,112.737515,111.362123,106.547321,95.276127,114.600773,112.529065,2.071708,1.443133,0.628575,63.875959,112.737515,118.318199,107.156831,0.928812,3.082193,0.026226,0.000167,0.037380,0.128589,0.180723,0.229762,0.918747,0.225056,-0.017015,-0.017015,1.097710,673555.000000,72281680.397100,0.101037
2021-06-18,118.589996,119.120003,116.309998,117.239998,1081700,0.000000,0.000000,116.249302,116.768847,114.014305,114.925949,113.035514,111.269483,106.659791,95.514084,114.650800,112.706612,1.944188,1.543344,0.400844,55.954448,113.035514,118.400562,107.670467,0.676181,3.112703,0.027084,-0.022104,0.007130,0.085053,0.140482,0.235743,0.898436,0.240811,-0.038743,-0.038743,1.051343,696355.000000,126818505.836600,0.078801
2021-06-21,117.599998,119.239998,116.800003,117.860001,870300,0.000000,0.000000,115.278821,116.886450,114.494616,115.533691,113.430069,111.200752,106.836134,95.745888,114.786629,112.916025,1.870604,1.608796,0.261808,57.288973,113.430069,118.259073,108.601065,0.717811,3.061212,0.026496,0.005288,-0.012567,0.060273,0.123256,0.225764,0.969157,0.223478,-0.033660,-0.033660,1.062191,710715.000000,102573558.870300,0.066149
2021-06-22,118.010002,122.050003,117.150002,120.699997,1259700,0.000000,0.000000,115.680749,119.641010,114.837723,118.317650,113.798647,111.221986,107.026308,96.010387,115.329863,113.316145,2.013718,1.689780,0.323938,62.842837,113.798647,118.944271,108.653023,0.939111,3.185646,0.026925,0.024097,0.008607,0.099171,0.181376,0.261985,0.984560,0.227986,-0.010374,-0.010374,1.111882,741240.000000,152045786.220900,0.103844
2021-06-23,120.709999,122.900002,118.220001,118.570000,770500,0.000000,0.000000,118.327459,120.474236,115.886608,116.229698,114.068219,111.228694,107.224794,96.266206,115.468299,113.531964,1.936335,1.739091,0.197244,56.869998,114.068219,119.124964,109.011473,0.713722,3.285788,0.028270,-0.017647,-0.010845,0.047623,0.155892,0.212868,0.961105,0.219655,-0.027838,-0.027838,1.074614,747505.000000,91358185.000000,0.054839
2021-06-24,119.699997,120.620003,118.720001,119.300003,534000,0.000000,0.000000,117.337389,118.239235,116.376736,116.945290,114.358865,111.255786,107.394682,96.545307,115.695529,113.784803,1.910725,1.773418,0.137307,58.331705,114.358865,119.373149,109.344581,0.757906,3.194627,0.027317,0.006157,-0.004921,0.055098,0.150678,0.224087,1.033155,0.219702,-0.021853,-0.021853,1.087387,753920.000000,63706201.602000,0.043415
2021-06-25,119.400002,120.000000,117.320000,117.750000,1083600,0.000000,0.000000,117.043322,117.631478,115.004375,115.425888,114.548055,111.227021,107.587873,96.805614,115.654045,113.906365,1.747680,1.768270,-0.020590,54.136412,114.548055,119.414076,109.682035,0.590200,3.154090,0.027326,-0.012992,0.004350,0.038634,0.070906,0.231269,0.997918,0.226283,-0.034561,-0.034561,1.060267,771205.000000,127593900.000000,-0.022075
2021-06-28,118.570000,121.669998,118.570000,121.400002,908500,0.000000,0.000000,116.229686,119.268497,116.229686,119.003830,114.888696,111.307432,107.842802,97.082882,116.169397,114.283955,1.885442,1.791705,0.093737,61.211143,114.888696,120.007265,109.770128,0.901981,3.203270,0.026917,0.030998,0.030036,0.065941,0.139628,0.262974,1.124130,0.247711,-0.004635,-0.004635,1.113445,795835.000000,110291901.817000,0.029299
2021-06-29,121.379997,124.410004,120.790001,123.260002,882800,0.000000,0.000000,118.984213,121.954413,118.405862,120.827110,115.342067,111.507180,108.111654,97.367311,116.885968,114.768633,2.117335,1.856831,0.260504,64.238492,115.342067,120.882578,109.801556,0.994994,3.227933,0.026715,0.015321,0.021210,0.076977,0.133691,0.305102,1.133980,0.251237,0.000000,0.000000,1.145825,801325.000000,108813929.765600,0.020016
2021-06-30,123.000000,123.650002,121.300003,122.970001,741800,0.000000,0.000000,120.572269,121.209441,118.905826,120.542862,115.741034,111.748851,108.392651,97.639268,117.448567,115.196354,2.252213,1.935907,0.316306,63.407636,115.741034,121.580220,109.901847,0.911173,3.161910,0.026231,-0.002353,0.037109,0.078590,0.100675,0.304929,1.090022,0.250729,-0.002353,-0.002353,1.140777,810085.000000,91219146.741800,0.005778
2021-07-01,122.699997,123.570000,118.360001,118.500000,745800,0.000000,0.000000,120.278178,121.131009,116.023843,116.161079,116.021389,111.854103,108.607006,97.882815,117.250492,115.267815,1.982677,1.945261,0.037416,52.199467,116.021389,121.325911,110.716867,0.513167,3.300857,0.028416,-0.036350,-0.006706,0.031960,-0.012555,0.231397,1.036815,0.286032,-0.038617,-0.038617,1.062959,804935.000000,88377300.000000,-0.089874
2021-07-02,119.699997,119.849998,117.790001,118.580002,426800,0.000000,0.000000,117.337391,117.484432,115.465094,116.239502,116.137060,112.024009,108.827925,98.131104,117.094955,115.339792,1.755163,1.907242,-0.152078,52.361770,116.137060,121.349292,110.924828,0.509827,3.209320,0.027610,0.000675,0.007049,0.051428,-0.014514,0.235690,0.995806,0.277175,-0.037968,-0.037968,1.064352,789470.000000,50609944.853600,-0.082643
2021-07-06,119.089996,119.739998,115.510002,117.870003,818700,0.000000,0.000000,116.739439,117.376612,113.230106,115.543526,116.277729,112.118086,109.045411,98.375816,116.856274,115.354883,1.501391,1.826072,-0.324681,50.715983,116.277729,121.249110,111.306347,0.426157,3.276262,0.028355,-0.005987,-0.029077,0.014197,-0.010056,0.239904,0.946640,0.259014,-0.043728,-0.043728,1.051992,799495.000000,96500171.456100,-0.080521
2021-07-07,119.430000,120.339996,115.680000,116.949997,412300,0.000000,0.000000,117.072724,117.964759,113.396740,114.641670,116.431629,112.152788,109.220964,98.623598,116.515565,115.302053,1.213513,1.703560,-0.490047,48.584957,116.431629,120.959321,111.903938,0.302332,3.368530,0.029383,-0.007805,-0.051192,0.016957,-0.013477,0.208394,0.963432,0.257699,-0.051192,-0.051192,1.035975,790310.000000,48218483.763100,-0.084792
2021-07-08,114.120003,116.199997,112.540001,115.540001,678900,0.000000,0.000000,111.867543,113.906483,110.318727,113.259514,116.516914,112.167688,109.341847,98.864272,116.014634,115.150753,0.863881,1.535624,-0.671743,45.434089,116.516914,120.709612,112.324215,0.111539,3.436702,0.030344,-0.012056,-0.060421,0.015201,-0.052681,0.205140,0.940410,0.258707,-0.062632,-0.062632,1.011429,801355.000000,78440106.678900,-0.105502
2021-07-09,117.989998,118.349998,115.540001,118.000000,772300,0.000000,0.000000,115.661139,116.014035,113.259500,115.670944,116.636016,112.230621,109.447955,99.114706,115.961759,115.189286,0.772473,1.382994,-0.610521,51.360841,116.636016,120.569965,112.702066,0.377341,3.387976,0.029290,0.021291,-0.004219,0.036907,-0.027732,0.188106,0.936994,0.268163,-0.042674,-0.042674,1.054255,792190.000000,91131400.000000,-0.085410
2021-07-12,117.959999,119.610001,117.760002,118.540001,517300,0.000000,0.000000,115.631741,117.249175,115.435691,116.200294,116.740412,112.301788,109.599323,99.368569,115.998457,115.264176,0.734281,1.253251,-0.518970,52.578494,116.740412,120.499299,112.981525,0.428154,3.275512,0.028189,0.004576,-0.000337,0.025699,-0.009003,0.192703,1.014729,0.263762,-0.038293,-0.038293,1.063656,787030.000000,61320742.517300,-0.072775
2021-07-13,118.230003,118.339996,116.900002,117.720001,423100,0.000000,0.000000,115.896420,116.004242,114.592670,115.396484,116.660031,112.402558,109.752645,99.612106,115.905846,115.273976,0.631869,1.128975,-0.497106,50.510660,116.660031,120.463665,112.856398,0.333903,3.156377,0.027352,-0.006917,-0.001273,0.011253,-0.004296,0.161464,1.049380,0.264322,-0.044945,-0.044945,1.046186,763740.000000,49807332.423100,-0.052991
2021-07-14,117.059998,119.830002,116.680000,117.820000,572800,0.000000,0.000000,114.749498,117.464828,114.377001,115.494499,116.569357,112.529209,109.873445,99.851146,115.842561,115.290311,0.552250,1.013630,-0.461380,50.764936,116.569357,120.394356,112.744358,0.359496,3.151481,0.027287,0.000849,0.007439,-0.012902,-0.000832,0.138778,1.037338,0.248665,-0.044134,-0.044134,1.047924,755925.000000,67487296.000000,-0.057631
2021-07-15,117.260002,117.290001,113.870003,114.970001,458800,0.000000,0.000000,114.945546,114.974953,111.622458,112.700745,116.329193,112.648408,109.978749,100.065558,115.359205,115.098491,0.260714,0.863047,-0.602333,43.849229,116.329193,120.495080,112.163306,0.064505,3.202950,0.028420,-0.024189,-0.004934,-0.039275,-0.035626,0.096625,0.991832,0.261444,-0.067256,-0.067256,0.998386,728130.000000,52748236.458800,-0.071553
2021-07-16,115.730003,116.620003,112.070000,112.260002,428000,0.000000,0.000000,113.445762,114.318195,109.857998,110.044250,115.955224,112.678993,110.060524,100.257888,114.541520,114.724103,-0.182584,0.653921,-0.836504,38.481070,115.955224,120.933305,110.977142,-0.093700,3.292753,0.029922,-0.023571,-0.048644,-0.063485,-0.042955,0.035182,0.951281,0.271673,-0.089242,-0.089242,0.913502,719385.000000,48047280.856000,-0.069634
2021-07-19,109.790001,112.680000,109.570000,112.550003,607600,0.000000,0.000000,107.622988,110.455945,107.407329,110.328514,115.725352,112.703499,110.095281,100.446065,113.893365,114.398504,-0.505139,0.422109,-0.927248,39.336897,115.725352,121.293207,110.157497,0.015358,3.275315,0.029687,0.002583,-0.050532,-0.061223,-0.004612,0.047794,0.918445,0.272154,-0.086889,-0.086889,0.845720,695680.000000,68385381.822800,-0.030499
2021-07-20,112.860001,117.750000,111.699997,116.489998,845600,0.000000,0.000000,110.632401,115.425883,109.495293,114.190750,115.658205,112.738396,110.221265,100.642259,113.939116,114.383115,-0.443998,0.248887,-0.692886,49.596668,115.658205,121.268025,110.048385,0.369207,3.464977,0.030344,0.035007,-0.010449,-0.006397,0.052844,0.064193,0.910332,0.292433,-0.054924,-0.054924,0.894851,694445.000000,98503942.308800,0.001154
2021-07-21,116.290001,119.650002,116.290001,119.629997,555700,0.000000,0.000000,113.994718,117.288401,113.994718,117.268791,115.605762,112.962484,110.363335,100.857413,114.451374,114.596869,-0.145494,0.170011,-0.315505,55.985598,115.605762,121.129857,110.081667,0.650525,3.452742,0.029443,0.026955,0.015363,0.015018,0.057443,0.100003,0.945927,0.306785,-0.029450,-0.029450,0.918502,659245.000000,66478389.332900,0.008574
2021-07-22,119.260002,120.330002,117.989998,118.410004,409100,0.000000,0.000000,116.906082,117.954963,115.661145,116.072861,115.597920,113.143245,110.449952,101.052017,114.700834,114.706201,-0.005368,0.134935,-0.140303,53.165805,115.597920,121.118730,110.077110,0.543014,3.369962,0.029033,-0.010198,0.029921,-0.018973,0.077300,0.044202,0.897482,0.296939,-0.039348,-0.039348,0.898937,641175.000000,48441532.636400,0.014617
2021-07-23,119.190002,120.349998,118.330002,119.709999,322600,0.000000,0.000000,116.837465,117.974566,115.994439,117.347198,115.618016,113.498099,110.604071,101.247174,115.107967,114.901831,0.206136,0.149175,0.056961,55.724774,115.618016,121.162351,110.073680,0.655941,3.270688,0.027872,0.010979,0.066364,0.009615,0.058711,0.067226,0.724967,0.292939,-0.028801,-0.028801,0.919785,630605.000000,38618445.677400,0.000197
2021-07-26,119.300003,120.779999,118.139999,118.760002,568100,0.000000,0.000000,116.945289,118.396073,115.808182,116.415947,115.667518,113.761006,110.770820,101.429510,115.309194,115.013988,0.295207,0.178382,0.116825,53.427392,115.667518,121.222301,110.112736,0.567368,3.221916,0.027676,-0.007936,0.055176,-0.004526,0.031082,0.095121,0.756936,0.293649,-0.036508,-0.036508,0.904550,604830.000000,67467557.136200,-0.018564
2021-07-27,118.790001,120.330002,113.139999,116.440002,969400,0.080000,0.000000,116.523849,118.034471,110.981632,114.218681,115.428261,113.899585,110.960657,101.598953,115.141423,114.955076,0.186347,0.179975,0.006372,48.361192,115.428261,120.786725,110.069797,0.387134,3.495554,0.030604,-0.018874,0.000245,-0.010459,0.015146,0.101657,0.681635,0.297595,-0.054693,-0.054693,0.868603,607875.000000,112876937.938800,-0.025333
2021-07-28,117.320000,120.139999,116.389999,119.779999,1048600,0.000000,0.000000,115.081910,117.848113,114.169651,117.494980,115.261655,114.144862,111.152890,101.781844,115.503509,115.143217,0.360292,0.216038,0.144254,55.185007,115.261655,120.094786,110.428523,0.731043,3.508619,0.029862,0.028684,0.001929,-0.012679,0.044174,0.200160,0.736622,0.294619,-0.027578,-0.027578,0.922203,616165.000000,125601306.951400,-0.006466
2021-07-29,119.779999,120.370003,118.089996,120.150002,644800,0.000000,0.000000,117.494966,118.073714,115.837204,117.857910,115.127407,114.419355,111.410761,101.962345,115.865724,115.344305,0.521419,0.277114,0.244305,55.880521,115.127407,119.466821,110.787993,0.814617,3.417754,0.028999,0.003089,0.015379,-0.024574,0.046306,0.186885,0.695191,0.289372,-0.024574,-0.024574,0.928140,611315.000000,77472721.289600,-0.003097
2021-07-30,118.629997,122.400002,118.580002,120.639999,470000,0.000000,0.000000,116.366897,120.064981,116.317855,118.338554,115.236281,114.667779,111.599576,102.143783,116.246160,115.566102,0.680058,0.357703,0.322355,56.835931,115.236281,119.788917,110.683644,0.840712,3.441280,0.029080,0.004078,0.008448,-0.018287,0.072316,0.227819,0.676171,0.289858,-0.020596,-0.020596,0.936004,597525.000000,56700799.530000,0.021466
2021-08-02,120.949997,122.889999,120.639999,121.309998,706700,0.000000,0.000000,118.642648,120.545641,118.338564,118.995781,115.374095,114.868376,111.823079,102.335742,116.669178,115.820152,0.849026,0.455968,0.393059,58.169838,115.374095,120.212503,110.535687,0.874264,3.353124,0.028179,0.005554,0.022160,0.024403,0.090084,0.190475,0.692278,0.259738,-0.015157,-0.015157,0.946756,611520.000000,85729775.586600,0.033521
2021-08-03,122.199997,123.669998,121.779999,122.739998,630400,0.000000,0.000000,119.868792,121.310750,119.456806,120.398491,115.616843,115.123494,112.001833,102.536720,117.242919,116.159288,1.083631,0.581500,0.502130,60.943978,115.616843,120.952635,110.281051,0.948073,3.278970,0.027234,0.011788,0.054105,0.035779,0.127952,0.252757,0.663643,0.262255,-0.003547,-0.003547,0.969704,602105.000000,77375294.739200,0.045230
2021-08-04,123.410004,126.410004,122.779999,124.209999,935800,0.000000,0.000000,121.055720,123.998489,120.437734,121.840454,115.976782,115.341381,112.215383,102.747890,117.950232,116.580115,1.370117,0.739224,0.630893,63.615313,115.976782,121.966721,109.986844,0.989460,3.301900,0.027100,0.011977,0.036984,0.054498,0.122798,0.302954,0.706860,0.262912,0.000000,0.000000,0.993294,628280.000000,116235717.064200,0.034587
2021-08-05,125.500000,125.500000,121.430000,121.959999,517700,0.000000,0.000000,123.105838,123.105838,119.113481,119.633369,116.295475,115.517283,112.378551,102.949931,118.209176,116.806282,1.402894,0.871958,0.530936,57.169811,116.295475,122.354531,110.236419,0.775447,3.351219,0.028012,-0.018115,0.015064,0.043542,0.096516,0.273483,0.664993,0.270401,-0.018115,-0.018115,0.957187,620220.000000,63138691.482300,0.003925
2021-08-06,121.360001,122.059998,120.230003,121.580002,512100,0.000000,0.000000,119.044823,119.731467,117.936383,119.260628,116.474959,115.679848,112.538287,103.152064,118.370938,116.988086,1.382852,0.974137,0.408716,56.135373,116.474959,122.667324,110.282594,0.724928,3.240066,0.027168,-0.003116,0.007792,0.052986,0.060605,0.290097,0.675540,0.266216,-0.021174,-0.021174,0.951089,607210.000000,62261119.024200,-0.018184
2021-08-09,123.339996,123.879997,120.330002,121.720001,448500,0.000000,0.000000,120.987063,121.516762,118.034489,119.397972,116.634843,115.834966,112.685877,103.358405,118.528943,117.166596,1.362347,1.051779,0.310569,56.448076,116.634843,122.961027,110.308659,0.718388,3.257367,0.027282,0.001152,0.003380,0.032221,0.125712,0.260462,0.737874,0.257390,-0.020047,-0.020047,0.953336,603770.000000,54591420.448500,0.016897
2021-08-10,122.440002,122.449997,117.330002,119.980003,568200,0.000000,0.000000,120.104224,120.114028,115.091707,117.691154,116.749576,115.944969,112.867435,103.562420,118.400052,117.205452,1.194601,1.080343,0.114258,51.531603,116.749576,123.064419,110.434734,0.574553,3.383435,0.028748,-0.014295,-0.022486,0.012830,0.099559,0.250070,0.746337,0.262916,-0.034055,-0.034055,0.925412,611025.000000,68172637.704600,-0.004901
2021-08-11,120.050003,120.470001,115.480003,116.239998,688700,0.000000,0.000000,117.759813,118.171799,113.276995,114.022491,116.675976,115.990225,112.999964,103.749461,117.726581,116.969677,0.756905,1.015655,-0.258751,42.885501,116.675976,123.086006,110.265946,0.293021,3.491390,0.030620,-0.031172,-0.064166,-0.011907,0.144753,0.215657,0.684567,0.284364,-0.064166,-0.064166,0.865393,616820.000000,80054486.622600,0.011734
2021-08-12,115.459999,115.459999,112.839996,113.410004,962500,0.000000,0.000000,113.257378,113.257378,110.687357,111.246490,116.603263,115.963884,113.083868,103.928098,116.729644,116.545737,0.183907,0.849306,-0.665399,37.727294,116.603263,123.232408,109.974119,0.095968,3.480229,0.031284,-0.024346,-0.070105,-0.036781,0.077233,0.145851,0.600997,0.296102,-0.086949,-0.086949,0.819978,642005.000000,109157128.850000,-0.051626
2021-08-13,113.000000,116.230003,112.919998,116.150002,825300,0.000000,0.000000,110.844303,114.012687,110.765827,113.934212,116.797761,116.031489,113.221686,104.122328,116.299578,116.352291,-0.052713,0.668902,-0.721615,44.666728,116.797761,122.816819,110.778704,0.262126,3.463559,0.030400,0.024160,-0.044662,0.010945,0.061931,0.126152,0.648959,0.297029,-0.064890,-0.064890,0.863949,661870.000000,95858596.650600,-0.041787
2021-08-16,116.080002,117.860001,115.089996,116.040001,372900,0.000000,0.000000,113.865555,115.611597,112.894435,113.826317,116.972652,116.029493,113.354408,104.325757,115.919076,116.165182,-0.246106,0.485901,-0.732006,44.452575,116.972652,122.371571,111.573732,0.208614,3.410245,0.029960,-0.000947,-0.046665,0.034369,0.081679,0.083439,0.669369,0.283795,-0.065776,-0.065776,0.862184,650135.000000,43271316.372900,-0.024062
2021-08-17,114.949997,115.110001,111.769997,112.849998,643900,0.000000,0.000000,112.757103,112.914055,109.637768,110.697166,116.797972,115.988834,113.445064,104.507912,115.115705,115.760143,-0.644438,0.259833,-0.904271,38.663005,116.797972,122.771371,110.824574,-0.010665,3.465838,0.031309,-0.027491,-0.059427,0.003341,0.063034,0.095323,0.600750,0.301281,-0.091458,-0.091458,0.810991,640050.000000,72664113.712200,-0.038633
2021-08-18,112.779999,114.470001,111.529999,111.629997,381000,0.000000,0.000000,110.628498,112.286260,109.402344,109.500435,116.409555,115.947569,113.462234,104.689467,114.251818,115.296461,-1.044644,-0.001063,-1.043581,36.694636,116.409555,123.207419,109.611690,-0.008183,3.424273,0.031272,-0.010811,-0.039659,-0.041074,0.033829,0.094301,0.570564,0.275543,-0.101280,-0.101280,0.791413,631315.000000,42531028.857000,-0.058366
2021-08-19,110.239998,113.139999,109.389999,112.820000,426700,0.000000,0.000000,108.136957,110.981635,107.303173,110.667740,116.139299,115.929847,113.524677,104.865700,113.700421,114.953593,-1.253172,-0.251484,-1.001688,39.908283,116.139299,123.407055,108.871542,0.123573,3.442429,0.031106,0.010660,-0.005202,-0.056290,0.015617,0.070138,0.592892,0.259386,-0.091700,-0.091700,0.810510,632195.000000,48140294.000000,-0.058708
2021-08-20,112.690002,113.790001,110.430000,112.580002,550800,0.000000,0.000000,110.540245,111.619259,108.323356,110.432343,115.793556,115.872716,113.563215,105.026024,113.197640,114.618686,-1.421046,-0.485397,-0.935649,39.473111,115.793556,123.466007,108.121104,0.150619,3.431963,0.031078,-0.002127,-0.030736,-0.048595,0.025917,0.080864,0.628703,0.257921,-0.093632,-0.093632,0.806659,643605.000000,62009065.101600,-0.066405
2021-08-23,113.410004,116.129997,113.059998,115.120003,618700,0.000000,0.000000,111.246496,113.914601,110.903167,112.923874,115.618952,115.848947,113.597282,105.184759,113.155522,114.493144,-1.337622,-0.655842,-0.681780,46.164497,115.618952,123.390072,107.847833,0.326597,3.435555,0.030424,0.022562,-0.007928,-0.037694,0.017827,0.108545,0.663290,0.268314,-0.073182,-0.073182,0.847420,646135.000000,71224745.856100,-0.075978
2021-08-24,115.959999,116.400002,114.930000,115.150002,548000,0.000000,0.000000,113.747838,114.179447,112.737489,112.953293,115.555683,115.767930,113.550435,105.335565,113.124410,114.379081,-1.254671,-0.775608,-0.479064,46.240071,115.555683,123.395108,107.716257,0.334019,3.293156,0.029155,0.000261,0.020381,-0.029744,0.019082,0.057093,0.666844,0.267411,-0.072941,-0.072941,0.847901,625065.000000,63102201.096000,-0.080692
2021-08-25,115.180000,116.500000,114.849998,115.750000,493200,0.000000,0.000000,112.982721,114.277540,112.659015,113.541847,115.358026,115.692608,113.506339,105.475660,113.188631,114.317064,-1.128433,-0.846173,-0.282260,47.818283,115.358026,123.190914,107.525138,0.384067,3.173539,0.027950,0.005211,0.036908,-0.005926,0.021681,0.117621,0.661623,0.260392,-0.068110,-0.068110,0.857530,597295.000000,57087900.000000,-0.073228
2021-08-26,115.370003,116.750000,114.500000,116.330002,537400,0.000000,0.000000,113.169101,114.522772,112.315695,114.110786,115.170670,115.624743,113.480275,105.615417,113.330501,114.301784,-0.971283,-0.871195,-0.100088,49.365728,115.170670,122.930706,107.410634,0.431709,3.104506,0.027206,0.005011,0.031112,-0.028803,0.022113,0.107207,0.670666,0.239426,-0.063441,-0.063441,0.866838,591925.000000,62515743.074800,-0.065941
2021-08-27,117.050003,120.470001,117.050003,120.070000,679700,0.000000,0.000000,114.817057,118.171813,114.817057,117.779442,115.142714,115.629859,113.495991,105.783404,114.014953,114.559388,-0.544435,-0.805843,0.261408,58.012317,115.142714,122.858601,107.426827,0.670864,3.172829,0.026939,0.032150,0.066530,-0.000666,0.049812,0.096529,0.775469,0.265820,-0.033331,-0.033331,0.926857,602410.000000,81611579.000000,-0.050616
2021-08-30,120.959999,122.309998,119.739998,120.699997,428000,0.000000,0.000000,118.652450,119.976694,117.455722,118.397408,115.112796,115.699288,113.484386,105.946651,114.689177,114.843686,-0.154509,-0.675576,0.521067,59.273899,115.112796,122.770194,107.455397,0.714473,3.126268,0.026405,0.005247,0.048471,0.000497,0.059393,0.161496,0.772764,0.266071,-0.028259,-0.028259,0.936966,588475.000000,51659598.716000,-0.051947
2021-08-31,120.650002,121.059998,118.239998,120.139999,710200,0.000000,0.000000,118.348356,118.750531,115.984328,117.848083,114.985275,115.745576,113.473164,106.119680,115.175163,115.066234,0.108929,-0.518675,0.627604,57.616638,114.985275,122.351454,107.619096,0.694321,3.100549,0.026310,-0.004640,0.043335,-0.009645,0.046947,0.181541,0.801734,0.265809,-0.032767,-0.032767,0.927980,592465.000000,85323427.289800,-0.062305
2021-09-01,121.070000,121.320000,119.190002,119.449997,606000,0.000000,0.000000,118.760371,119.005601,116.916238,117.171272,114.751816,115.722648,113.472317,106.287954,115.482256,115.222163,0.260094,-0.362921,0.623015,55.555637,114.751816,121.470727,108.032905,0.680048,3.028321,0.025845,-0.005743,0.031966,-0.026804,0.059856,0.230339,0.740138,0.262659,-0.038322,-0.038322,0.916907,575975.000000,72386698.182000,-0.064634
2021-09-02,119.470001,121.860001,119.290001,121.070000,441000,0.000000,0.000000,117.190878,119.535283,117.014311,118.760353,114.708165,115.773261,113.500978,106.452232,115.986579,115.484251,0.502328,-0.189871,0.692200,59.242065,114.708165,121.303755,108.112575,0.807189,2.992082,0.025194,0.013562,0.040746,-0.025280,0.042433,0.208490,0.716864,0.263714,-0.025280,-0.025280,0.942904,572140.000000,53391870.000000,-0.067356
2021-09-03,119.529999,122.300003,119.529999,121.809998,397100,0.000000,0.000000,117.249726,119.966887,117.249726,119.486229,114.719445,115.824080,113.539933,106.617937,116.524987,115.780694,0.744293,-0.003038,0.747332,60.839907,114.719445,121.348504,108.090386,0.859537,2.972445,0.024877,0.006112,0.014491,-0.001230,0.059931,0.297763,0.826506,0.257279,-0.019322,-0.019322,0.954779,566390.000000,48370750.205800,-0.046813
2021-09-07,122.300003,122.300003,120.599998,121.690002,521000,0.000000,0.000000,119.966886,119.966886,118.299313,119.368523,114.717973,115.902933,113.564977,106.780361,116.962454,116.046459,0.915995,0.180768,0.735227,60.426224,114.717973,121.342668,108.093278,0.851001,2.879240,0.024121,-0.000985,0.008202,0.000905,0.069959,0.200203,0.834580,0.257053,-0.020288,-0.020288,0.952854,570015.000000,63400491.042000,-0.034129
2021-09-08,121.099998,121.330002,119.360001,119.800003,361000,0.000000,0.000000,118.789783,119.015399,117.082979,117.514587,114.709145,115.873148,113.590290,106.927594,117.047397,116.155209,0.892188,0.323052,0.569136,54.177656,114.709145,121.317607,108.100682,0.712261,2.836833,0.024140,-0.015531,-0.002830,-0.015774,0.053434,0.215934,0.922524,0.262684,-0.035504,-0.035504,0.854583,559655.000000,43247801.083000,-0.045396
2021-09-09,119.919998,120.510002,118.959999,119.709999,469400,0.000000,0.000000,117.632308,118.211057,116.690623,117.426315,114.879336,115.805132,113.656156,107.078056,117.105692,116.249365,0.856327,0.429707,0.426620,53.891902,114.879336,121.587904,108.170768,0.689830,2.742804,0.023358,-0.000751,0.002177,-0.002250,0.036521,0.145365,0.853190,0.257951,-0.036229,-0.036229,0.847772,548690.000000,56191873.530600,-0.051060
2021-09-10,121.209999,123.379997,120.459999,120.639999,496600,0.000000,0.000000,118.897680,121.026281,118.161988,118.338554,115.233939,115.761046,113.754948,107.229213,117.295363,116.404120,0.891244,0.522015,0.369229,56.448402,115.233939,121.883465,108.584413,0.733446,2.804030,0.023695,0.007769,-0.003552,0.037853,0.037035,0.177668,0.862127,0.232653,-0.028742,-0.028742,0.850736,525395.000000,59909823.503400,-0.037315
2021-09-13,122.480003,124.519997,121.470001,124.070000,592600,0.000000,0.000000,120.143461,122.144537,119.152727,121.703125,115.622385,115.871887,113.862995,107.397339,117.973481,116.796639,1.176842,0.652980,0.523862,64.308664,115.622385,122.835971,108.408798,0.921478,2.875598,0.023628,0.028432,0.018554,0.093995,0.040161,0.177964,0.903355,0.229526,-0.001127,-0.001127,0.869898,513760.000000,73523882.000000,-0.025553
2021-09-14,124.400002,128.220001,123.699997,128.059998,1148500,0.000000,0.000000,122.026830,125.773956,121.340179,125.617004,116.211919,116.059437,114.041723,107.590027,119.149407,117.449999,1.699408,0.862266,0.837143,70.890290,116.211919,124.633517,107.790321,1.058391,2.986897,0.023778,0.032159,0.052346,0.102540,0.070831,0.216193,0.898934,0.239658,0.000000,0.000000,0.930033,552540.000000,147076907.703000,0.002266
2021-09-15,128.330002,131.169998,126.540001,131.089996,1202500,0.000000,0.000000,125.881861,128.667679,124.126007,128.589203,117.106521,116.320351,114.219218,107.791116,120.601684,118.275125,2.326558,1.155124,1.171434,74.704991,117.106521,126.771043,107.441999,1.094064,3.097952,0.024092,0.023661,0.094240,0.129697,0.094339,0.228885,0.906386,0.247304,0.000000,0.000000,0.975699,580470.000000,157635720.190000,0.014433
2021-09-16,130.589996,133.300003,129.699997,133.070007,1145700,0.000000,0.000000,128.098763,130.757072,127.225742,130.531464,118.158072,116.638146,114.395467,107.990463,122.129342,119.183002,2.946340,1.513367,1.432973,76.840791,118.158072,128.859037,107.457108,1.078144,3.128908,0.023971,0.015104,0.111603,0.179176,0.110683,0.311409,0.960475,0.216906,0.000000,0.000000,1.005540,618705.000000,152458307.019900,0.038615
2021-09-17,133.229996,133.229996,130.059998,132.050003,1265600,0.000000,0.000000,130.688350,130.688350,127.578827,129.530869,119.101229,116.963574,114.565631,108.178053,123.268039,119.949511,3.318528,1.874399,1.444128,73.402277,119.101229,130.334357,107.868100,0.964236,3.127523,0.024145,-0.007666,0.094579,0.182926,0.127081,0.285416,0.944876,0.213726,-0.007666,-0.007666,0.990167,660650.000000,167122483.796800,0.054839
2021-09-20,129.029999,130.470001,126.610001,128.759995,963100,0.000000,0.000000,126.568511,127.981043,124.194679,126.303658,119.894794,117.176228,114.703424,108.353471,123.735057,120.420188,3.314868,2.162493,1.152375,63.528147,119.894794,130.786612,109.002977,0.794205,3.285285,0.026011,-0.024915,0.037801,0.141287,0.093219,0.227965,0.940583,0.242044,-0.032389,-0.032389,0.939417,681265.000000,124008751.184500,0.052741
2021-09-21,129.710007,130.949997,127.809998,129.979996,592500,0.000000,0.000000,127.235543,128.451878,125.371780,127.500381,120.623620,117.402230,114.852009,108.533894,124.314338,120.944647,3.369690,2.403933,0.965758,65.387546,120.623620,131.502165,109.745075,0.816070,3.270629,0.025652,0.009475,0.014993,0.154557,0.077611,0.273063,0.957792,0.240210,-0.023221,-0.023221,0.948722,679955.000000,77013147.630000,0.043013
2021-09-22,131.210007,133.869995,129.360001,133.589996,871200,0.000000,0.000000,128.706917,131.316161,126.892204,131.041504,121.528030,117.715130,115.058844,108.718172,125.349286,121.692562,3.656724,2.654491,1.002233,70.224826,121.528030,132.724527,110.331534,0.924842,3.353009,0.025587,0.027773,0.019071,0.160441,0.127436,0.303194,0.998067,0.245100,0.000000,0.000000,1.002845,696115.000000,116383604.515200,0.083634
2021-09-23,133.979996,135.990005,133.669998,134.830002,729600,0.000000,0.000000,131.424068,133.395733,131.119984,132.257858,122.463831,118.050397,115.289803,108.901435,126.412143,122.475177,3.936966,2.910986,1.025980,71.688471,122.463831,133.974036,110.953626,0.925450,3.281668,0.024813,0.009282,0.013226,0.170908,0.130938,0.301345,1.021435,0.243860,0.000000,0.000000,0.983200,707935.000000,98371969.459200,0.083440
2021-09-24,133.559998,133.600006,131.600006,132.460007,632300,0.000000,0.000000,131.012081,131.051327,129.089481,129.933075,123.254945,118.395044,115.521726,109.066418,126.953825,123.027614,3.926211,3.114031,0.812180,65.101585,123.254945,134.520187,111.989704,0.796404,3.273576,0.025194,-0.017578,0.003105,0.144363,0.125684,0.205502,0.948340,0.259041,-0.017578,-0.017578,0.919629,712680.000000,83754462.426100,0.077822
2021-09-27,130.800003,132.279999,130.000000,130.449997,839600,0.000000,0.000000,128.304732,129.756494,127.519991,127.961403,123.764043,118.753387,115.716190,109.253649,127.108837,123.393080,3.715757,3.234376,0.481381,60.061221,123.764043,134.907017,112.621069,0.688341,3.212112,0.025102,-0.015175,0.013125,0.121379,0.075271,0.225409,0.890500,0.269784,-0.032485,-0.032485,0.832779,720675.000000,109525817.481200,0.042896
2021-09-28,130.080002,130.649994,123.639999,123.650002,1266300,0.000000,0.000000,127.598473,128.157592,121.281326,121.291138,123.908730,118.972639,115.838069,109.404445,126.213807,123.237380,2.976426,3.182786,-0.206360,46.846912,123.908730,134.831268,112.986192,0.380175,3.473837,0.028640,-0.052127,-0.048700,0.029816,0.003840,0.138045,0.737242,0.318815,-0.082919,-0.082919,0.694523,762590.000000,156577997.532600,0.002577
2021-09-29,124.389999,126.879997,123.699997,126.070000,1282100,0.000000,0.000000,122.017019,124.459516,121.340180,123.664970,124.199574,119.162124,115.950260,109.561775,125.821678,123.269054,2.552624,3.056754,-0.504130,50.980356,124.199574,134.745912,113.653237,0.474655,3.452019,0.027914,0.019571,-0.056292,0.044491,0.025900,0.129183,0.727687,0.324691,-0.064971,-0.064971,0.701193,791185.000000,161634347.000000,0.025315
2021-09-30,130.559998,131.570007,125.669998,125.900002,946800,0.000000,0.000000,128.069304,129.060046,123.272592,123.498207,124.515921,119.286712,116.124598,109.712644,125.464221,123.286028,2.178193,2.881042,-0.702849,50.682179,124.515921,134.541291,114.490551,0.449243,3.618836,0.029303,-0.001349,-0.066232,0.047944,0.063163,0.049816,0.698899,0.324007,-0.066232,-0.066232,0.688508,808225.000000,119202121.893600,0.068245
2021-10-01,126.879997,127.019997,123.110001,124.860001,794500,0.000000,0.000000,124.459542,124.596871,120.761465,122.478081,124.701807,119.414816,116.279031,109.847203,125.004815,123.226180,1.778635,2.660560,-0.881926,48.801802,124.701807,134.410711,114.992903,0.385480,3.634305,0.029673,-0.008260,-0.057376,0.045291,0.053670,0.038377,0.634089,0.324924,-0.073945,-0.073945,0.674560,825900.000000,99201270.794500,0.058631
2021-10-04,124.339996,124.459999,119.279999,120.150002,1082200,0.000000,0.000000,121.967973,122.085686,117.004504,117.857910,124.620391,119.425031,116.461565,109.971485,123.905291,122.828530,1.076760,2.343800,-1.267040,41.323898,124.620391,134.538503,114.702279,0.159084,3.765681,0.031951,-0.037722,-0.078957,-0.007599,0.020030,0.009773,0.587567,0.350140,-0.108878,-0.108878,0.611392,860155.000000,130026332.164400,0.047865
2021-10-05,120.580002,121.760002,119.220001,121.169998,913500,0.000000,0.000000,118.279696,119.437185,116.945640,118.858437,124.594887,119.473880,116.617443,110.094505,123.128852,122.534449,0.594402,1.993921,-1.399518,43.348370,124.594887,134.572309,114.617466,0.212528,3.674672,0.030916,0.008489,-0.020057,-0.005254,0.036782,0.022810,0.540574,0.350770,-0.101313,-0.101313,0.625071,879780.000000,110688793.173000,0.052550
2021-10-06,119.360001,120.580002,118.099998,120.360001,595000,0.000000,0.000000,117.082973,118.279700,115.847008,118.063896,124.622353,119.550785,116.725185,110.216049,122.349628,122.203297,0.146331,1.624403,-1.478072,42.105956,124.622353,134.520418,114.724287,0.168700,3.627297,0.030723,-0.006685,-0.045292,-0.010929,0.042419,-0.012497,0.507538,0.351524,-0.107320,-0.107320,0.614208,891480.000000,71614200.595000,0.046394
2021-10-07,122.000000,123.029999,121.199997,121.750000,473000,0.000000,0.000000,119.672607,120.682956,118.887865,119.427376,124.722406,119.589433,116.867147,110.334033,121.900051,121.997674,-0.097623,1.279998,-1.377620,45.018212,124.722406,134.350984,115.093828,0.225036,3.555280,0.029769,0.011549,-0.032963,0.016277,0.032475,0.003843,0.493800,0.349237,-0.097011,-0.097011,0.632850,891660.000000,57587750.000000,0.035733
2021-10-08,122.120003,122.250000,120.660004,121.180000,626600,0.000000,0.000000,119.790333,119.917851,118.358187,118.868263,124.748891,119.609640,117.014497,110.450691,121.433622,121.765865,-0.332244,0.957549,-1.289793,44.039900,124.748891,134.306182,115.191600,0.192349,3.412736,0.028710,-0.004682,-0.029473,0.012280,0.022960,0.013750,0.479748,0.349750,-0.101239,-0.101239,0.625206,898160.000000,75931388.000000,0.033392
2021-10-11,120.339996,123.930000,120.339996,122.550003,521600,0.000000,0.000000,118.044281,121.565799,118.044281,120.212128,124.674341,119.647111,117.157445,110.583024,121.245700,121.650774,-0.405074,0.685025,-1.090099,47.020072,124.674341,134.354141,114.994542,0.269509,3.420506,0.028454,0.011305,0.019975,0.015832,0.041731,0.037256,0.485627,0.350849,-0.091078,-0.091078,0.643579,894610.000000,63922081.564800,0.054775
2021-10-12,123.980003,123.980003,120.830002,121.669998,595300,0.000000,0.000000,121.614837,121.614837,118.524928,119.348900,124.360936,119.654174,117.261275,110.708643,120.953884,121.480265,-0.526380,0.442744,-0.969124,45.349409,124.360936,134.314250,114.407622,0.248223,3.396892,0.028462,-0.007181,0.004126,-0.019344,0.033373,0.032513,0.459787,0.337166,-0.097604,-0.097604,0.631777,866950.000000,72430149.809400,0.045598
2021-10-13,122.480003,123.730003,120.489998,121.110001,562600,0.000000,0.000000,120.143451,121.369604,118.191408,118.799583,123.871455,119.622195,117.372844,110.839738,120.622453,121.281696,-0.659242,0.222347,-0.881589,44.271427,123.871455,133.911730,113.831180,0.247424,3.381271,0.028462,-0.004603,0.006231,-0.054271,0.054115,0.016562,0.447873,0.315350,-0.101758,-0.101758,0.624267,834955.000000,68136486.562600,0.052155
2021-10-14,123.000000,127.959999,123.000000,127.900002,1035200,0.000000,0.000000,120.653521,125.518898,120.653521,125.460045,123.617884,119.694587,117.517984,111.005163,121.366698,121.591203,-0.224505,0.132976,-0.357481,57.471723,123.617884,133.195443,114.040326,0.596171,3.619703,0.028851,0.056065,0.050513,-0.024335,0.140087,0.091115,0.556502,0.365210,-0.051398,-0.051398,0.715331,829430.000000,132402082.070400,0.112626
2021-10-15,129.250000,131.009995,128.270004,129.979996,1147800,0.000000,0.000000,126.784312,128.510731,125.823011,127.500381,123.516360,119.851927,117.684605,111.171001,122.310342,122.028920,0.281422,0.162665,0.118757,60.554125,123.516360,132.870447,114.162273,0.712956,3.579059,0.028071,0.016263,0.072619,-0.023221,0.155643,0.150313,0.589722,0.365872,-0.035971,-0.035971,0.743227,823540.000000,149191039.408800,0.112045
2021-10-18,129.270004,129.789993,128.119995,129.660004,728100,0.000000,0.000000,126.803918,127.313987,125.675848,127.186478,123.560501,120.010444,117.845146,111.336591,123.060517,122.410961,0.649555,0.260043,0.389512,59.835588,123.560501,132.978085,114.142916,0.692511,3.453736,0.027155,-0.002462,0.058017,-0.018099,0.113807,0.172665,0.597690,0.365096,-0.038345,-0.038345,0.738935,811790.000000,94405448.912400,0.077740
2021-10-19,130.000000,130.839996,128.830002,129.250000,562700,0.000000,0.000000,127.520025,128.343997,126.372346,126.784332,123.524698,120.158172,117.996569,111.504575,123.633411,122.734915,0.898497,0.387734,0.510763,58.871790,123.524698,132.884484,114.164913,0.674130,3.347872,0.026406,-0.003162,0.062300,0.003806,0.081143,0.143247,0.600305,0.354478,-0.041385,-0.041385,0.733437,810300.000000,72728975.000000,0.047167
2021-10-20,128.240005,131.110001,127.320000,130.830002,574700,0.000000,0.000000,125.793610,128.608855,124.891155,128.334198,123.389333,120.371033,118.158001,111.671891,124.356609,123.149676,1.206933,0.551574,0.655359,61.449041,123.389333,132.361676,114.416990,0.775562,3.374289,0.026293,0.012224,0.080258,0.006540,0.105635,0.191101,0.627905,0.355489,-0.029667,-0.029667,0.754627,795475.000000,75188002.149400,0.075870
2021-10-21,129.440002,133.970001,128.960007,133.869995,783700,0.000000,0.000000,126.970710,131.414291,126.499871,131.316193,123.342250,120.716907,118.353566,111.858570,125.427314,123.754603,1.672711,0.775801,0.896910,65.879329,123.342250,132.126554,114.557945,0.953874,3.484298,0.026534,0.023236,0.046677,0.002096,0.119040,0.184740,0.680742,0.351435,-0.007120,-0.007120,0.795398,798180.000000,104913915.081500,0.093515
2021-10-22,134.750000,138.699997,133.250000,137.279999,1184200,0.000000,0.000000,132.179428,136.054073,130.708043,134.661163,123.578654,121.185200,118.574542,112.045089,126.847906,124.562497,2.285410,1.077723,1.207687,70.038698,123.578654,133.312914,113.844394,1.069253,3.617279,0.026862,0.025473,0.056163,0.018171,0.156724,0.192678,0.751392,0.360976,0.000000,0.000000,0.841131,825775.000000,162566974.815800,0.139913
2021-10-25,137.649994,137.979996,135.490005,136.130005,1235200,0.000000,0.000000,135.024043,135.347749,132.905260,133.533051,123.857236,121.577177,118.804333,112.225624,127.876390,125.226982,2.649408,1.392060,1.257348,67.069235,123.857236,134.404568,113.309905,0.958685,3.533365,0.026461,-0.008377,0.049900,0.027706,0.169100,0.186807,0.742927,0.356354,-0.008377,-0.008377,0.825707,845555.000000,168147782.176000,0.130484
2021-10-26,129.539993,137.160004,129.250000,132.850006,991400,0.080000,0.000000,127.143481,134.622520,126.858852,130.392258,124.312293,121.908496,118.968995,112.380813,128.263447,125.609595,2.653852,1.644418,1.009433,59.504999,124.312293,135.174100,113.450485,0.779878,3.835530,0.029415,-0.023521,0.028457,0.018997,0.109769,0.158792,0.726614,0.362408,-0.031701,-0.031701,0.782765,831810.000000,131707495.948400,0.077719
2021-10-27,134.389999,136.149994,132.889999,135.029999,1116600,0.000000,0.000000,131.903762,133.631196,130.431512,132.531921,124.755640,122.345191,119.167012,112.536375,128.920135,126.122360,2.797775,1.875090,0.922685,62.599626,124.755640,136.213680,113.297600,0.839337,3.792916,0.028619,0.016409,0.032709,0.092676,0.124506,0.176577,0.765013,0.309353,-0.015812,-0.015812,0.812019,823535.000000,150774496.883400,0.093543
2021-10-28,136.759995,139.259995,135.399994,138.710007,851900,0.000000,0.000000,134.229923,136.683673,132.895083,136.143860,125.387923,122.878059,119.412814,112.703241,130.031477,126.864693,3.166784,2.133429,1.033355,67.161747,125.387923,137.900876,112.874969,0.929792,3.818547,0.028048,0.027253,0.036764,0.100909,0.150461,0.233657,0.861403,0.315187,0.000000,0.000000,0.860158,818790.000000,118167054.963300,0.097611
2021-10-29,137.179993,140.929993,137.179993,140.779999,682300,0.000000,0.000000,134.642162,138.322787,134.642162,138.175568,126.172797,123.428216,119.679032,112.862598,131.284414,127.702536,3.581878,2.423119,1.158760,69.421265,126.172797,139.833826,112.511768,0.939307,3.808696,0.027564,0.014923,0.026098,0.118847,0.161180,0.265785,0.860546,0.316243,0.000000,0.000000,0.887918,813180.000000,96054193.317700,0.105509
2021-11-01,140.330002,143.369995,139.750000,142.910004,648600,0.000000,0.000000,137.733902,140.717656,137.164631,140.266174,127.293210,124.024892,119.948804,113.037449,132.666224,128.633176,4.033048,2.745104,1.287943,71.587664,127.293210,141.736144,112.850277,0.949111,3.790433,0.027023,0.015130,0.050423,0.145235,0.165016,0.314083,0.916482,0.313743,0.000000,0.000000,0.859772,791500.000000,92691428.594400,0.108474
2021-11-02,142.889999,144.389999,142.350006,144.240005,601100,0.000000,0.000000,140.246503,141.718752,139.716499,141.571533,128.428865,124.597846,120.223396,113.208793,134.036271,129.591573,4.444699,3.085023,1.359675,72.879647,128.428865,143.631170,113.226560,0.932259,3.662706,0.025872,0.009306,0.085736,0.201205,0.161942,0.304626,0.877079,0.269022,0.000000,0.000000,0.806507,775880.000000,86702667.005500,0.103144
2021-11-03,144.600006,146.460007,142.559998,146.119995,694500,0.000000,0.000000,141.924909,143.750500,139.922641,143.416779,129.696509,125.207115,120.487523,113.392839,135.479426,130.615662,4.863764,3.440771,1.422993,74.635488,129.696509,145.476840,113.916179,0.934727,3.674503,0.025621,0.013034,0.082130,0.206618,0.198802,0.314506,0.830053,0.269394,0.000000,0.000000,0.766720,780855.000000,101480336.527500,0.137275
2021-11-04,146.300003,148.509995,145.110001,148.440002,1295000,0.000000,0.000000,143.593423,145.762530,142.425436,145.693832,131.009832,125.850155,120.771381,113.565511,137.050873,131.732564,5.318310,3.816279,1.502031,76.644926,131.009832,147.545614,114.474050,0.944007,3.650402,0.025055,0.015877,0.070146,0.234025,0.221642,0.295679,0.794770,0.264001,0.000000,0.000000,0.759757,821955.000000,192229802.590000,0.147190
2021-11-05,149.139999,149.399994,144.729996,145.339996,976000,0.000000,0.000000,146.380902,146.636087,142.052484,142.651199,132.198979,126.420963,121.022853,113.728990,137.912462,132.541351,5.371111,4.127245,1.243865,68.801478,132.198979,148.476989,115.920968,0.821053,3.717059,0.026057,-0.020884,0.032391,0.194460,0.194754,0.344949,0.723007,0.284976,-0.020884,-0.020884,0.713687,839425.000000,141851836.096000,0.119963
2021-11-08,145.649994,149.470001,144.419998,147.949997,1332400,0.000000,0.000000,142.955453,146.704790,141.748212,145.212906,133.449018,126.969633,121.299746,113.923533,139.035607,133.479985,5.555622,4.412921,1.142701,71.450506,133.449018,149.690942,117.207094,0.862146,3.805596,0.026207,0.017958,0.035267,0.221629,0.233847,0.356688,0.697940,0.282412,-0.003301,-0.003301,0.744461,879965.000000,197128576.002800,0.153088
2021-11-09,148.580002,149.399994,146.000000,148.470001,708000,0.000000,0.000000,145.831247,146.636070,143.298976,145.723282,134.767737,127.516150,121.607719,114.133755,140.064480,134.386896,5.677584,4.665853,1.011731,71.961312,134.767737,150.462954,119.072519,0.849009,3.772132,0.025886,0.003515,0.029326,0.212218,0.278022,0.463020,0.691324,0.283151,0.000000,0.000000,0.750592,885600.000000,105116760.708000,0.202073
2021-11-10,146.199997,147.990005,143.800003,145.179993,1090700,0.000000,0.000000,143.495290,145.252183,141.139696,142.494156,135.952465,128.009072,121.877324,114.356729,140.438276,134.987434,5.450843,4.822851,0.627991,64.141828,135.952465,150.070452,121.834479,0.731679,3.830093,0.026879,-0.022159,-0.006433,0.193929,0.280887,0.379813,0.692692,0.298511,-0.022159,-0.022159,0.711800,912005.000000,158347818.365100,0.226457
2021-11-11,147.360001,150.570007,144.940002,149.869995,884500,0.000000,0.000000,144.633837,147.784459,142.258609,147.097397,137.034333,128.607594,122.165121,114.595715,141.462757,135.884468,5.578289,4.973939,0.604350,69.268405,137.034333,151.082882,122.985785,0.858153,3.951219,0.026861,0.032305,0.009634,0.238198,0.291073,0.371030,0.715458,0.305181,0.000000,0.000000,0.767100,904470.000000,132560010.577500,0.231612
2021-11-12,150.839996,150.899994,149.149994,149.759995,992300,0.000000,0.000000,148.049447,148.108335,146.390710,146.989426,138.008785,129.172175,122.472718,114.848756,142.313013,136.707057,5.605956,5.100342,0.505614,69.019154,138.008785,151.976301,124.041269,0.821483,3.791676,0.025796,-0.000734,0.030411,0.171603,0.291348,0.396824,0.765803,0.257853,-0.000734,-0.000734,0.760007,896695.000000,148606843.038500,0.219210
2021-11-15,150.699997,152.449997,147.449997,149.970001,692900,0.000000,0.000000,147.912047,149.629672,144.722172,147.195557,139.009239,129.726362,122.775221,115.084952,143.064174,137.483983,5.580191,5.196312,0.383879,69.246672,139.009239,152.573441,125.445038,0.801762,3.871378,0.026301,0.001402,0.013653,0.154472,0.329714,0.413531,0.762475,0.256768,0.000000,0.000000,0.713473,894935.000000,103914213.692900,0.247996
2021-11-16,149.940002,153.940002,149.330002,153.119995,1064300,0.000000,0.000000,147.166084,151.092084,146.567369,150.287247,140.184385,130.344737,123.123835,115.355854,144.175416,138.432373,5.743043,5.305658,0.437385,72.507804,140.184385,153.355859,127.012911,0.883513,3.918045,0.026070,0.021004,0.031319,0.181629,0.372481,0.418911,0.749463,0.258746,0.000000,0.000000,0.740538,920015.000000,162965610.678500,0.272800
2021-11-17,153.119995,154.039993,150.960007,152.669998,827400,0.000000,0.000000,150.287222,151.190200,148.167195,149.845551,141.259953,130.991356,123.432252,115.637527,145.047744,139.277794,5.769951,5.398517,0.371434,71.343826,141.259953,153.857705,128.662201,0.840759,3.854113,0.025721,-0.002939,0.051591,0.181893,0.354013,0.375159,0.735423,0.258625,-0.002939,-0.002939,0.724670,932650.000000,126319156.345200,0.259129
2021-11-18,154.229996,154.910004,151.369995,153.820007,723300,0.000000,0.000000,151.376723,152.044151,148.569633,150.974319,142.242859,131.662316,123.733724,115.922689,145.959525,140.144203,5.815322,5.481878,0.333444,72.556290,142.242859,154.639882,129.845835,0.852160,3.826999,0.025349,0.007533,0.026356,0.176415,0.367120,0.402552,0.737661,0.258196,0.000000,0.000000,0.733755,929630.000000,111258011.063100,0.280197
2021-11-19,153.759995,155.550003,153.410004,154.009995,764000,0.000000,0.000000,150.915407,152.672300,150.571891,151.160782,143.067840,132.318760,124.039903,116.216277,146.759718,140.960246,5.799472,5.545397,0.254076,72.761316,143.067840,155.536282,130.599397,0.824537,3.703672,0.024502,0.001235,0.028379,0.151121,0.338608,0.362471,0.716409,0.252917,0.000000,0.000000,0.735896,908620.000000,117663636.180000,0.264003
2021-11-22,154.789993,158.000000,151.399994,151.520004,894000,0.000000,0.000000,151.926383,155.077004,148.599098,148.716888,143.827032,132.859036,124.365461,116.486234,147.060821,141.534812,5.526009,5.541519,-0.015510,65.820621,143.827032,155.685112,131.968951,0.706182,3.901831,0.026237,-0.016168,0.010335,0.104378,0.316623,0.341747,0.702854,0.255396,-0.016168,-0.016168,0.707831,891560.000000,135458883.576000,0.261032
2021-11-23,150.860001,153.729996,147.350006,150.089996,1304000,0.000000,0.000000,148.069068,150.885968,144.624009,147.313309,144.673084,133.292962,124.676199,116.752062,147.099666,141.962849,5.136817,5.460579,-0.323762,62.153644,144.673084,154.780526,134.565643,0.630608,4.070412,0.027631,-0.009438,-0.019788,0.103197,0.297436,0.325566,0.671978,0.256114,-0.025453,-0.025453,0.691712,907190.000000,195717354.784000,0.248687
2021-11-24,148.610001,151.619995,146.800003,151.550003,1209200,0.000000,0.000000,145.860710,148.815020,144.084198,148.746323,145.483804,133.696104,125.008227,117.026819,147.352998,142.465328,4.887669,5.345997,-0.458328,64.338127,145.483804,153.960396,137.007213,0.692443,4.117584,0.027682,0.009728,-0.007336,0.140760,0.303526,0.332350,0.688806,0.234780,-0.015973,-0.015973,0.708169,911820.000000,183254263.627600,0.243347
2021-11-26,148.559998,152.960007,148.130005,149.009995,859200,0.000000,0.000000,145.811624,150.130233,145.389586,146.253296,145.989276,134.010541,125.324344,117.272654,147.183813,142.745919,4.437894,5.164376,-0.726482,58.059573,145.989276,153.237468,138.741084,0.518213,4.162088,0.028458,-0.016760,-0.031270,0.103533,0.241756,0.303610,0.679539,0.244853,-0.032465,-0.032465,0.654983,912185.000000,128029387.704000,0.217818
2021-11-29,150.889999,155.990005,150.779999,154.750000,1686500,0.000000,0.000000,148.098525,153.104181,147.990560,151.887115,146.674854,134.457666,125.710620,117.526233,147.907398,143.423044,4.484353,5.028372,-0.544018,66.108569,146.674854,153.385058,139.964649,0.888383,4.354145,0.028667,0.038521,0.004805,0.115637,0.282858,0.359051,0.718734,0.260476,0.000000,0.000000,0.678029,962395.000000,260985875.000000,0.248996
2021-11-30,154.100006,157.490005,145.000000,146.080002,7712400,0.000000,0.000000,151.249136,154.576420,142.317481,143.377502,146.830420,134.799143,125.987685,117.717820,147.210491,143.419671,3.790820,4.780861,-0.990041,50.380844,146.830420,153.040680,140.620159,0.221999,4.918773,0.034306,-0.056026,-0.035903,0.037647,0.216630,0.273747,0.581450,0.333377,-0.056026,-0.056026,0.584016,1315585.000000,1126627407.424800,0.198382
2021-12-01,147.470001,153.960007,145.210007,148.660004,1310400,0.000000,0.000000,144.741788,151.111727,142.523603,145.909775,147.047332,135.167330,126.284780,117.942052,147.010381,143.604123,3.406258,4.505941,-1.099683,53.895906,147.047332,152.767942,141.326723,0.400574,5.180870,0.035507,0.017662,-0.009528,0.040235,0.245269,0.319806,0.585754,0.334749,-0.039354,-0.039354,0.611992,1351050.000000,194804069.241600,0.248883
2021-12-02,149.369995,154.479996,148.160004,153.250000,1469700,0.000000,0.000000,146.606617,151.622081,145.419010,150.414841,147.397235,135.554797,126.634964,118.193804,147.534144,144.108621,3.425523,4.289857,-0.864334,59.405574,147.397235,153.038364,141.756107,0.767465,5.253884,0.034929,0.030876,0.011217,0.062465,0.266541,0.320284,0.648924,0.348654,-0.009693,-0.009693,0.661763,1389810.000000,225231525.000000,0.263270
2021-12-03,154.130005,155.570007,145.960007,148.039993,1017800,0.000000,0.000000,151.278553,152.691915,143.259702,145.301208,147.377604,135.815664,126.933031,118.403238,147.190615,144.196960,2.993655,4.030617,-1.036962,51.833581,147.377604,153.046357,141.708851,0.316856,5.552336,0.038213,-0.033997,-0.006510,0.013140,0.216050,0.288929,0.589455,0.369261,-0.043361,-0.043361,0.605268,1375950.000000,150675104.875400,0.234148
2021-12-06,147.740005,148.000000,142.419998,145.289993,906000,0.000000,0.000000,145.006783,145.261968,139.785197,142.602097,147.375149,136.069045,127.232044,118.605397,146.484689,144.078822,2.405867,3.705667,-1.299800,48.331779,147.375149,153.052557,141.697741,0.079645,5.549742,0.038918,-0.018576,-0.061131,-0.021221,0.194637,0.278213,0.514049,0.370916,-0.061131,-0.061131,0.575449,1372450.000000,131632733.658000,0.204341
2021-12-07,148.429993,154.520004,147.729996,153.199997,928700,0.000000,0.000000,145.684040,151.661386,144.996993,150.365799,147.632793,136.517133,127.635260,118.847892,147.081783,144.544524,2.537259,3.471985,-0.934726,57.273320,147.632793,153.364472,141.901115,0.738412,5.800424,0.038575,0.054443,0.048741,0.054080,0.279550,0.347921,0.572777,0.409227,-0.010016,-0.010016,0.661221,1352265.000000,142276837.213900,0.253365
2021-12-08,153.550003,153.990005,150.869995,152.960007,871500,0.000000,0.000000,150.709300,151.141162,148.078873,150.130219,147.853140,137.093914,128.033277,119.064279,147.550773,144.958279,2.592494,3.296087,-0.703593,56.951253,147.853140,153.614490,142.091790,0.697617,5.604843,0.037333,-0.001567,0.028925,0.033863,0.278506,0.325198,0.548747,0.405706,-0.011567,-0.011567,0.658619,1360440.000000,133304646.100500,0.243174
2021-12-09,152.240005,153.979996,146.570007,146.649994,906800,0.000000,0.000000,149.423562,151.131363,143.858459,143.936966,147.925281,137.499354,128.330739,119.276002,146.994803,144.882627,2.112176,3.059305,-0.947128,49.129540,147.925281,153.434720,142.415842,0.138047,5.723990,0.039767,-0.041253,-0.043067,-0.012258,0.216315,0.261362,0.590196,0.432230,-0.052342,-0.052342,0.579436,1351245.000000,132982214.559200,0.189728
2021-12-10,149.919998,150.589996,145.139999,146.889999,644800,0.000000,0.000000,147.146475,147.804078,142.454906,144.172531,147.779038,137.912841,128.599776,119.481555,146.560607,144.830027,1.730580,2.793560,-1.062980,49.414121,147.779038,153.530945,142.027130,0.186495,5.697217,0.039517,0.001637,-0.007768,0.011779,0.184625,0.232201,0.582021,0.424817,-0.050792,-0.050792,0.565886,1339260.000000,94714671.355200,0.149868
2021-12-13,147.990005,148.070007,142.110001,142.279999,746700,0.000000,0.000000,145.252215,145.330737,139.480989,139.647842,147.411958,138.256236,128.835526,119.642739,145.497105,144.446161,1.050943,2.445037,-1.394093,44.289071,147.411958,154.216740,140.607176,-0.070490,5.708112,0.040875,-0.031384,-0.020717,-0.050644,0.111695,0.190438,0.514637,0.422777,-0.080581,-0.080581,0.516743,1326980.000000,106240475.253300,0.086724
2021-12-14,142.429993,144.130005,140.199997,143.220001,761300,0.000000,0.000000,139.795056,141.463619,137.606315,140.570450,147.080703,138.710487,129.067759,119.835915,144.739158,144.159072,0.580086,2.072046,-1.491960,45.529639,147.080703,154.543083,139.618323,0.063795,5.575912,0.039666,0.006607,-0.065143,-0.043670,0.093175,0.196303,0.506254,0.423847,-0.074507,-0.074507,0.526763,1330400.000000,109033386.761300,0.088155
2021-12-15,135.699997,143.029999,130.369995,142.539993,4354500,0.000000,0.000000,133.189500,140.383894,127.958105,139.902954,146.561488,139.131377,129.302629,120.036724,143.995127,143.843804,0.151323,1.687902,-1.536579,44.753177,146.561488,154.513453,138.609523,0.081328,6.078514,0.043448,-0.004748,-0.068123,-0.049544,0.071795,0.190424,0.463938,0.423800,-0.078902,-0.078902,0.519513,1494910.000000,620690399.518500,0.046524
2021-12-16,142.539993,143.440002,132.429993,133.429993,1761700,0.000000,0.000000,139.902965,140.786324,129.980002,130.961502,145.617286,139.389329,129.470057,120.215357,141.989954,142.889559,-0.899606,1.170400,-2.070006,35.916910,145.617286,156.030885,135.203687,-0.203685,6.416215,0.048993,-0.063912,-0.090147,-0.128592,0.011045,0.139529,0.408165,0.465558,-0.137771,-0.137771,0.422399,1541625.000000,235063618.668100,0.001974
2021-12-17,133.000000,136.880005,130.610001,132.960007,1548700,0.000000,0.000000,130.539498,134.347722,128.193713,130.500244,144.593582,139.610786,129.600110,120.376500,140.222306,141.971832,-1.749526,0.586415,-2.335941,35.527214,144.593582,156.680741,132.506423,-0.082988,6.397486,0.049023,-0.003522,-0.094833,-0.129102,0.033226,0.129543,0.384553,0.465513,-0.140808,-0.140808,0.417389,1582895.000000,205915162.840900,0.002250
2021-12-20,130.889999,133.429993,128.729996,129.839996,1154500,0.000000,0.000000,128.468513,130.961516,126.348469,127.437935,143.407440,139.782180,129.695910,120.553335,138.255480,140.895247,-2.639767,-0.058821,-2.580946,32.969621,143.407440,157.301942,129.512938,-0.074670,6.270026,0.049201,-0.023466,-0.087434,-0.155897,-0.000490,0.077083,0.359262,0.466418,-0.160969,-0.160969,0.384128,1602420.000000,149900275.382000,-0.016395
2021-12-21,131.580002,133.330002,129.320007,132.960007,1379100,0.000000,0.000000,129.145769,130.863394,126.927585,130.500244,142.496608,139.987942,129.817527,120.708552,137.062366,140.125247,-3.062880,-0.659633,-2.403247,37.792410,142.496608,157.285186,127.708029,0.094404,6.103296,0.046768,0.024030,-0.071638,-0.136679,-0.004130,0.122779,0.361783,0.478404,-0.140808,-0.140808,0.417389,1626675.000000,183365145.653700,-0.033952
2021-12-22,131.740005,133.509995,129.279999,133.470001,1113700,0.000000,0.000000,129.302788,131.040032,126.888292,131.000778,141.680981,140.220980,129.937577,120.880328,136.129814,139.449360,-3.319546,-1.191616,-2.127930,38.570400,141.680981,157.135385,126.226577,0.154461,5.963899,0.045526,0.003836,-0.063631,-0.119126,-0.009505,0.120189,0.371208,0.478349,-0.137512,-0.137512,0.422825,1617160.000000,148645540.113700,-0.040706
2021-12-23,133.809998,137.479996,133.699997,136.779999,866400,0.000000,0.000000,131.334516,134.936620,131.226551,134.249573,140.956144,140.529980,130.076087,121.038960,135.840546,139.064191,-3.223644,-1.598022,-1.625623,43.508780,140.956144,156.375082,125.537206,0.282522,5.819038,0.043345,0.024800,0.025107,-0.088680,0.033221,0.163080,0.432065,0.489450,-0.116123,-0.116123,0.458111,1600020.000000,118506191.133600,-0.007029
2021-12-27,136.610001,141.089996,136.070007,140.940002,885800,0.000000,0.000000,134.082714,138.479830,133.552711,138.332611,140.560109,140.787431,130.241009,121.228196,136.223941,139.010000,-2.786059,-1.835629,-0.950430,49.052204,140.560109,155.812157,125.308061,0.426977,5.755329,0.041605,0.030414,0.060018,-0.070010,0.081050,0.162422,0.468108,0.501826,-0.089241,-0.089241,0.502458,1601350.000000,124844653.771600,0.020843
2021-12-28,142.220001,142.220001,137.520004,139.509995,807300,0.000000,0.000000,139.588918,139.588918,134.975871,136.929047,139.812206,140.976004,130.413966,121.396259,136.332419,138.855855,-2.523436,-1.973190,-0.550246,47.332743,139.812206,154.166116,125.458296,0.399569,5.673738,0.041436,-0.010146,0.074476,-0.063754,0.128929,0.133264,0.479025,0.500056,-0.098481,-0.098481,0.487213,1557390.000000,112626418.963500,0.044027
2021-12-29,138.199997,140.820007,137.740005,138.899994,658300,0.000000,0.000000,135.643275,138.214815,135.191794,136.330322,139.459847,141.158881,130.584663,121.561475,136.332096,138.668779,-2.336682,-2.045889,-0.290794,46.582612,139.459847,153.791218,125.128475,0.390816,5.484401,0.040229,-0.004373,0.044675,-0.102423,0.102417,0.130970,0.475835,0.477101,-0.102423,-0.102423,0.480710,1204685.000000,91437866.050200,0.016023
2021-12-30,139.919998,140.539993,137.889999,138.240005,472700,0.000000,0.000000,137.331453,137.939979,135.339010,135.682541,138.948485,141.336845,130.747508,121.716693,136.232165,138.447576,-2.215411,-2.079793,-0.135618,45.738036,138.948485,153.038651,124.858320,0.384106,5.278441,0.038903,-0.004752,0.035738,-0.053669,0.098660,0.168055,0.438340,0.439151,-0.106688,-0.106688,0.473675,1162800.000000,65346050.363500,0.009172
2021-12-31,138.610001,139.800003,138.059998,138.580002,477000,0.000000,0.000000,136.045679,137.213666,135.505851,136.016235,138.228555,141.490486,130.930759,121.899097,136.198945,138.267476,-2.068532,-2.077541,0.009009,46.278378,138.228555,151.285398,125.171712,0.415281,5.023397,0.036932,0.002459,0.013160,-0.067806,0.110535,0.170138,0.445928,0.433585,-0.104491,-0.104491,0.477299,1113165.000000,66102660.954000,0.036512
2022-01-03,138.679993,140.649994,136.399994,138.389999,735300,0.000000,0.000000,136.114401,138.047957,133.876583,135.829773,137.754983,141.580758,131.148832,122.074398,136.142149,138.086906,-1.944757,-2.050984,0.106227,46.002712,137.754983,150.412677,125.097289,0.423951,4.962538,0.036535,-0.001371,-0.018093,-0.096966,0.152488,0.175572,0.457597,0.415887,-0.105719,-0.105719,0.475274,1099040.000000,101758166.264700,0.041841
2022-01-04,138.259995,139.649994,134.020004,139.220001,1322400,0.000000,0.000000,135.702178,137.066462,131.540628,136.644424,137.457099,141.620423,131.402811,122.243340,136.219422,137.980055,-1.760633,-1.992914,0.232281,47.474817,137.457099,149.913304,125.000895,0.467379,5.002773,0.036612,0.005998,-0.002079,-0.059578,0.149640,0.191926,0.440316,0.403044,-0.100355,-0.100355,0.484122,1119860.000000,184104529.322400,0.067272
2022-01-05,138.399994,138.580002,131.889999,132.089996,1594000,0.000000,0.000000,135.839578,136.016256,129.450020,129.646317,136.421125,141.542688,131.559932,122.390809,135.208175,137.362741,-2.154566,-2.025244,-0.129322,37.912854,136.421125,147.752543,125.089708,0.201061,5.159318,0.039795,-0.051214,-0.049028,-0.090853,0.098103,0.144684,0.379504,0.434002,-0.146430,-0.146430,0.408114,1153125.000000,210551453.624000,0.056849
2022-01-06,131.679993,135.360001,131.050003,134.970001,1119500,0.000000,0.000000,129.243910,132.855837,128.625575,132.473053,135.538267,141.584304,131.746400,122.550404,134.787387,137.000542,-2.213155,-2.062827,-0.150329,42.914351,135.538267,144.963475,126.113059,0.337393,5.092957,0.038445,0.021803,-0.023654,-0.118995,0.109235,0.145258,0.360688,0.391069,-0.127819,-0.127819,0.438816,1165525.000000,151098916.119500,0.080107
2022-01-07,134.970001,136.059998,131.110001,132.009995,1262500,0.000000,0.000000,132.473057,133.542888,128.684466,129.567810,134.819809,141.525022,131.935106,122.690085,133.984375,136.449969,-2.465594,-2.143380,-0.322214,39.401253,134.819809,143.725735,125.913884,0.205140,5.076205,0.039178,-0.021931,-0.047409,-0.136964,0.090012,0.115039,0.329910,0.394689,-0.146947,-0.146947,0.407261,1183310.000000,166662618.687500,0.065569
2022-01-10,129.509995,134.080002,128.679993,133.910004,1487000,0.000000,0.000000,127.114039,131.599501,126.299393,131.432648,134.182815,141.430798,132.154428,122.808331,133.591802,136.078316,-2.486514,-2.212007,-0.274507,42.646806,134.182815,142.031823,126.333807,0.324808,5.092198,0.038744,0.014393,-0.032372,-0.086874,0.093339,0.138966,0.322868,0.380093,-0.134669,-0.134669,0.427516,1225420.000000,199124175.948000,0.061818
2022-01-11,133.000000,136.729996,131.979996,135.089996,1004500,0.000000,0.000000,130.539489,134.200480,129.538355,132.590820,133.829964,141.319103,132.373659,122.949168,133.437805,135.819983,-2.382178,-2.246041,-0.136137,44.630225,133.829964,141.268282,126.391646,0.416705,5.061478,0.038174,0.008812,-0.029665,-0.080332,0.110951,0.148027,0.307348,0.382250,-0.127044,-0.127044,0.440095,1238310.000000,135697900.982000,0.063424
2022-01-12,135.320007,137.839996,134.059998,135.160004,903200,0.000000,0.000000,132.816559,135.289928,131.579860,132.659515,133.434417,141.166969,132.595931,123.079573,133.318068,135.585874,-2.267806,-2.250394,-0.017412,44.752267,133.434417,140.171860,126.696974,0.442493,4.964949,0.037426,0.000518,0.023242,-0.050042,0.116667,0.177095,0.290832,0.368877,-0.126591,-0.126591,0.440841,1245405.000000,122076515.612800,0.074341
2022-01-13,138.690002,139.149994,131.639999,131.820007,1064200,0.000000,0.000000,136.124200,136.575682,129.204624,129.381302,132.908335,140.923165,132.760505,123.178893,132.712412,135.126276,-2.413865,-2.283088,-0.130776,40.198772,132.908335,139.143514,126.673156,0.217167,5.136814,0.039703,-0.024711,-0.023339,-0.079598,0.031255,0.175721,0.217085,0.375375,-0.148175,-0.148175,0.405236,1080890.000000,140282851.449400,0.032376
2022-01-14,130.589996,133.880005,130.279999,133.619995,754600,0.000000,0.000000,128.174097,131.403240,127.869834,131.148041,132.917662,140.677790,132.942453,123.246444,132.471739,134.831592,-2.359853,-2.298441,-0.061412,43.533356,132.917662,139.141126,126.694197,0.357827,5.022285,0.038295,0.013655,0.012196,-0.062578,0.028609,0.188705,0.245518,0.380093,-0.136543,-0.136543,0.424425,1030535.000000,100829648.227000,0.028850
2022-01-18,133.270004,133.289993,127.190002,127.480003,978600,0.000000,0.000000,130.804498,130.824117,124.836977,125.121613,132.648730,140.266346,133.058250,123.282295,131.340950,134.112335,-2.771384,-2.393030,-0.378354,36.132219,132.648730,139.719242,125.578218,-0.032289,5.114340,0.040875,-0.045951,-0.048017,-0.044592,-0.016235,0.095725,0.166063,0.347390,-0.176220,-0.176220,0.358970,1002030.000000,124751930.935800,0.018042
2022-01-19,131.479996,131.869995,126.529999,127.419998,1310900,0.000000,0.000000,129.047609,129.430393,124.189187,125.062721,132.529969,139.914576,133.167770,123.324022,130.375069,133.441993,-3.066924,-2.527809,-0.539115,36.067687,132.529969,140.035416,125.024523,0.002545,5.123402,0.040967,-0.000471,-0.056777,-0.041667,-0.013579,0.066462,0.173112,0.347375,-0.176607,-0.176607,0.358331,1009850.000000,167034875.378200,0.038561
2022-01-20,129.589996,133.119995,123.720001,123.940002,1608000,0.000000,0.000000,127.192563,130.657256,121.431164,121.647095,132.087312,139.443260,133.206446,123.351219,129.032304,132.568297,-3.535993,-2.729445,-0.806547,32.448026,132.087312,141.007708,123.166916,-0.085188,5.416452,0.044526,-0.027311,-0.083013,-0.045440,-0.052107,0.048024,0.094349,0.350638,-0.199095,-0.199095,0.321233,1021295.000000,199295523.216000,0.011885
2022-01-21,123.209999,125.750000,119.419998,120.230003,1600200,0.000000,0.000000,120.930603,123.423614,117.210717,118.005737,131.437560,138.888909,133.202530,123.343458,127.335909,131.489589,-4.153680,-3.014292,-1.139387,29.095631,131.437560,142.359682,120.515437,-0.114891,5.473341,0.046382,-0.029934,-0.087923,-0.095743,-0.101362,0.005612,0.073215,0.350037,-0.223069,-0.223069,0.281683,1045620.000000,192392050.800600,-0.006277
2022-01-24,118.040001,123.120003,114.290001,122.849998,1855300,0.000000,0.000000,115.856243,120.842264,112.175619,120.577255,130.753944,138.450571,133.229821,123.351493,126.296116,130.681268,-4.385152,-3.288464,-1.096687,34.260995,130.753944,142.606839,118.901049,0.070709,5.701434,0.047284,0.021791,-0.080602,-0.079568,-0.104588,0.035745,0.134266,0.360816,-0.206139,-0.206139,0.309613,1095065.000000,227923601.289400,-0.022742
2022-01-25,118.980003,120.400002,114.919998,116.239998,1621200,0.000000,0.000000,116.778861,118.172589,112.793967,114.089546,129.541791,137.790414,133.199004,123.335661,124.418182,129.452251,-5.034069,-3.637585,-1.396484,28.600134,129.541791,142.983379,116.100202,-0.074792,5.850138,0.051277,-0.053805,-0.088171,-0.150168,-0.145608,-0.001131,0.100412,0.384573,-0.248853,-0.248853,0.239149,1131835.000000,188448284.757600,-0.034788
2022-01-26,120.239998,121.849998,115.239998,116.440002,1472400,0.000000,0.000000,118.015546,119.595761,113.108046,114.285851,128.409631,137.136342,133.154259,123.327618,122.859362,128.328814,-5.469452,-4.003958,-1.465494,28.982494,128.409631,142.996928,113.822334,0.015888,5.895679,0.051587,0.001721,-0.086172,-0.173833,-0.123523,-0.027313,0.167380,0.361122,-0.247561,-0.247561,0.241281,1165090.000000,171446258.944800,-0.012363
2022-01-27,117.580002,117.730003,107.410004,109.730003,2428200,0.000000,0.000000,115.404762,115.551989,105.422910,107.699989,126.978114,136.346431,133.036397,123.288165,120.527151,126.800753,-6.273602,-4.457887,-1.815715,24.283976,126.978114,143.748489,110.207739,-0.074767,6.198065,0.057549,-0.057626,-0.114652,-0.213461,-0.187366,-0.086188,0.084590,0.398837,-0.290921,-0.290921,0.169751,1253585.000000,266446393.284600,-0.063772
2022-01-28,110.000000,111.660004,107.480003,111.489998,1804700,0.000000,0.000000,107.964996,109.594290,105.491620,109.427429,125.665359,135.529235,132.936986,123.250981,118.819501,125.513840,-6.694339,-4.905178,-1.789161,27.599424,125.665359,143.634390,107.696327,0.048169,6.048393,0.055273,0.016039,-0.072694,-0.197336,-0.196237,-0.075302,0.135362,0.409282,-0.279548,-0.279548,0.188513,1320185.000000,201205999.390600,-0.087644
2022-01-31,111.660004,119.980003,111.470001,119.839996,1561300,0.000000,0.000000,109.594285,117.760365,109.407798,117.622948,124.745694,134.884783,132.938069,123.264180,118.635416,124.929330,-6.293913,-5.182925,-1.110989,40.835862,124.745694,142.363467,107.127922,0.297853,6.212977,0.052821,0.074895,-0.024501,-0.133102,-0.148743,-0.011537,0.176741,0.504329,-0.225590,-0.225590,0.277526,1374400.000000,187106185.754800,-0.067540
2022-02-01,122.180000,128.699997,120.000000,128.440002,2350700,0.100000,0.000000,120.019813,126.424534,117.878356,126.169136,124.262663,134.388679,133.025497,123.340827,119.794450,125.021167,-5.226717,-5.191683,-0.035034,50.913752,124.262663,141.113938,107.411387,0.556568,6.397878,0.050709,0.072657,0.105878,-0.072396,-0.100502,0.047930,0.312801,0.573560,-0.169323,-0.169323,0.370348,1455170.000000,301923912.701400,-0.020358
2022-02-02,130.479996,133.110001,128.789993,132.550003,1534900,0.000000,0.000000,128.173043,130.756548,126.512921,130.206451,123.940764,133.969592,133.144176,123.449562,121.396296,125.405262,-4.008966,-4.955140,0.946174,54.828306,123.940764,140.024651,107.856877,0.694781,6.268559,0.048143,0.031999,0.139305,-0.041400,-0.080278,0.068664,0.392420,0.586230,-0.142742,-0.142742,0.414198,1465795.000000,203450999.604700,-0.001551
2022-02-03,128.759995,131.250000,125.620003,126.110001,2457300,0.000000,0.000000,126.483474,128.929455,123.398998,123.880333,123.652465,133.472861,133.165948,123.514472,121.778456,125.292304,-3.513849,-4.666882,1.153033,48.325139,123.652465,139.510866,107.794063,0.507184,6.307051,0.050912,-0.048585,0.150235,-0.093411,-0.136221,0.035500,0.318691,0.607692,-0.184392,-0.184392,0.345489,1508960.000000,309890105.457300,-0.013985
2022-02-04,124.809998,129.990005,123.300003,128.559998,1468300,0.000000,0.000000,122.603297,127.691720,121.120000,126.286995,123.343162,133.052335,133.172648,123.607186,122.472077,125.365985,-2.893908,-4.312287,1.418379,50.719858,123.343162,138.710912,107.975411,0.595780,6.325956,0.050092,0.019427,0.154071,-0.025911,-0.133203,0.058916,0.366104,0.587419,-0.168547,-0.168547,0.371628,1526400.000000,188764645.063400,-0.017628
2022-02-07,129.839996,130.250000,126.540001,127.440002,1304000,0.000000,0.000000,127.544382,127.947137,124.302732,125.186821,123.124112,132.581145,133.138625,123.678921,122.889730,125.352714,-2.462984,-3.942426,1.479442,49.588533,123.124112,138.241130,108.007095,0.568225,6.134417,0.049002,-0.008712,0.064306,-0.055002,-0.122427,0.048484,0.321574,0.582242,-0.175790,-0.175790,0.359679,1528475.000000,166181762.608000,0.000035
2022-02-08,126.889999,130.360001,125.820000,130.000000,1216600,0.000000,0.000000,124.646524,128.055174,123.595442,127.701538,122.937557,132.210110,133.110325,123.752896,123.630008,125.526701,-1.896693,-3.533279,1.636587,52.212372,122.937557,137.711040,108.164074,0.661234,6.014797,0.047100,0.020088,0.012146,-0.014404,-0.120591,0.085056,0.356397,0.582362,-0.159234,-0.159234,0.386991,1514955.000000,158158000.000000,-0.008723
2022-02-09,132.300003,134.490005,130.250000,133.589996,953400,0.000000,0.000000,129.960918,132.112200,127.947159,131.228104,122.869421,131.796930,133.127298,123.846464,124.798946,125.949027,-1.150081,-3.056640,1.906559,55.695009,122.869421,137.466969,108.271873,0.786304,5.900216,0.044962,0.027616,0.007846,-0.001556,-0.099471,0.150897,0.399095,0.588267,-0.136016,-0.136016,0.425294,1512400.000000,127364702.186400,-0.011587
2022-02-10,130.179993,136.399994,130.179993,131.630005,1564600,0.000000,0.000000,127.878389,133.988420,127.878389,129.302765,122.701583,131.515435,133.157289,123.930357,125.491841,126.197452,-0.705611,-2.586434,1.880823,53.406631,122.701583,136.896827,108.506340,0.732514,5.915202,0.045747,-0.014672,0.043772,-0.024799,-0.092575,0.162309,0.331832,0.589747,-0.148692,-0.148692,0.404383,1545470.000000,205948305.823000,-0.000589
2022-02-11,132.750000,133.820007,122.860001,124.480003,1273800,0.000000,0.000000,130.402940,131.454029,120.687799,122.279160,122.346476,131.042823,133.105077,123.978543,124.997583,125.907208,-0.909626,-2.251072,1.341447,45.984030,122.346476,136.189097,108.503855,0.497569,6.261704,0.051208,-0.054319,-0.031736,-0.078248,-0.168720,0.073244,0.208636,0.618403,-0.194934,-0.194934,0.328098,1555950.000000,158562627.821400,-0.046898
2022-02-14,124.760002,127.570000,124.099998,126.040001,1363100,0.000000,0.000000,122.554186,125.314502,121.905852,123.811554,121.979652,130.510757,133.032777,124.045811,124.815117,125.751974,-0.936858,-1.988229,1.051372,47.692167,121.979652,135.215759,108.743545,0.569201,6.057915,0.048929,0.012532,-0.010986,-0.043049,-0.157684,0.087723,0.178482,0.615495,-0.184845,-0.184845,0.344742,1586375.000000,171805125.363100,-0.027172
2022-02-15,129.029999,134.320007,128.940002,134.059998,1001900,0.000000,0.000000,126.748707,131.945186,126.660302,131.689774,122.308060,130.238528,133.027096,124.158450,125.872756,126.191811,-0.319055,-1.654395,1.335339,55.485823,122.308060,136.182925,108.433195,0.838083,6.206180,0.047127,0.063631,0.031231,0.004131,-0.105341,0.189640,0.303041,0.654018,-0.132976,-0.132976,0.430308,1587540.000000,134314711.996200,0.002777
2022-02-16,133.449997,136.080002,130.770004,135.389999,785000,0.000000,0.000000,131.090559,133.674065,128.457949,132.996262,122.704737,130.046411,133.057728,124.289727,126.968680,126.695845,0.272835,-1.268949,1.541784,56.639620,122.704737,137.343790,108.065684,0.851509,6.135461,0.046133,0.009921,0.013474,0.062936,-0.115053,0.214573,0.329108,0.631738,-0.124374,-0.124374,0.444498,1561245.000000,106281149.215000,0.000747
2022-02-17,133.669998,135.139999,132.149994,133.500000,1690700,0.000000,0.000000,131.306687,132.750698,129.813556,131.139694,123.179367,129.661889,133.089511,124.402850,127.610375,127.025019,0.585356,-0.898088,1.483443,54.478655,123.179367,138.282231,108.076503,0.763537,5.924550,0.045177,-0.013960,0.014206,0.048591,-0.124834,0.184986,0.268098,0.634571,-0.136598,-0.136598,0.424334,1565380.000000,225708450.000000,0.013648
2022-02-18,133.500000,133.729996,129.330002,130.190002,736500,0.000000,0.000000,131.139675,131.365604,127.043403,127.888199,123.673490,129.217049,133.155482,124.496775,127.653117,127.088958,0.564159,-0.605638,1.169797,50.821591,123.673490,138.710160,108.636820,0.640148,5.810097,0.045431,-0.024794,0.045871,0.051305,-0.152914,0.158068,0.251715,0.633113,-0.158005,-0.158005,0.389019,1522195.000000,95884936.473000,-0.000002
2022-02-22,127.750000,131.479996,125.519997,126.849998,946400,0.000000,0.000000,125.491343,129.155392,123.300767,124.607254,123.874990,128.830455,133.164904,124.557582,127.184523,126.905128,0.279394,-0.428632,0.708026,47.366363,123.874990,138.844820,108.905161,0.524458,5.813277,0.046653,-0.025655,0.006427,0.055942,-0.175664,0.103462,0.223238,0.630465,-0.179606,-0.179606,0.353384,1476750.000000,120050838.107200,-0.009017
2022-02-23,128.679993,130.479996,124.300003,124.370003,918400,0.000000,0.000000,126.404885,128.173063,122.102335,122.171097,124.279068,128.390426,133.151633,124.638116,126.413226,126.554459,-0.141233,-0.371152,0.229919,44.924066,124.279068,138.557043,110.001092,0.426181,5.831667,0.047734,-0.019551,-0.072281,0.013218,-0.178499,0.081607,0.143359,0.631486,-0.195645,-0.195645,0.326924,1441610.000000,114221410.755200,-0.000806
2022-02-24,121.000000,132.460007,118.690002,132.190002,1124900,0.000000,0.000000,118.860712,130.118105,116.591556,129.852875,125.057419,128.194527,133.225381,124.752206,126.942403,126.798786,0.143617,-0.268198,0.411815,53.130588,125.057419,138.725855,111.388983,0.675421,6.381301,0.049143,0.062877,-0.023635,0.138166,-0.118526,0.143657,0.278175,0.632380,-0.145070,-0.145070,0.410358,1424235.000000,148700533.249800,0.027371
2022-02-25,131.009995,133.460007,127.949997,133.339996,771700,0.000000,0.000000,128.693662,131.100356,125.687767,130.982468,126.221543,128.002767,133.356627,124.909096,127.563952,127.108689,0.455263,-0.123506,0.578769,54.211034,126.221543,137.405613,115.037473,0.712844,6.312107,0.048190,0.008699,-0.001199,0.146095,-0.119424,0.147854,0.270912,0.632118,-0.137633,-0.137633,0.422626,1341410.000000,102898474.913200,0.016302
2022-02-28,131.240005,133.039993,128.449997,130.479996,1434600,0.000000,0.000000,128.919622,130.687786,126.178942,128.173050,127.158824,127.768169,133.449773,125.033608,127.657659,127.187530,0.470129,-0.004779,0.474908,51.058494,127.158824,135.084033,119.233615,0.563987,6.204352,0.048406,-0.021449,0.002227,0.190093,-0.123623,0.088246,0.193294,0.596759,-0.156130,-0.156130,0.392113,1322905.000000,187186602.261600,-0.011288
2022-03-01,130.690002,131.839996,121.910004,123.040001,1606800,0.000000,0.000000,128.379355,129.509017,119.754590,120.864609,127.320907,127.566231,133.477780,125.101483,126.612574,126.719166,-0.106591,-0.025142,-0.081450,43.905542,127.320907,134.524726,120.117088,0.051884,6.457928,0.053431,-0.057020,-0.030036,0.104518,-0.204247,0.020838,0.185699,0.638111,-0.204247,-0.204247,0.312734,1325180.000000,197700673.606800,-0.061664
2022-03-02,123.940002,126.980003,121.889999,126.000000,1653200,0.000000,0.000000,121.748694,124.734947,119.734936,123.772270,127.201064,127.431672,133.521229,125.194188,126.175604,126.500877,-0.325273,-0.085168,-0.240105,47.081871,127.201064,134.563561,119.838566,0.267145,6.353791,0.051335,0.024057,0.013106,0.052280,-0.136739,0.050270,0.240936,0.591021,-0.185104,-0.185104,0.344315,1290305.000000,208303200.000000,-0.021813
2022-03-03,127.400002,127.440002,122.050003,122.779999,1074700,0.000000,0.000000,125.147519,125.186812,119.892110,120.609200,126.721201,127.295097,133.538638,125.276568,125.319235,126.064457,-0.745222,-0.217179,-0.528043,44.152904,126.721201,134.498296,118.944106,0.107051,6.278142,0.052054,-0.025556,-0.071186,-0.044067,-0.173399,0.029341,0.266438,0.541171,-0.205929,-0.205929,0.309960,1267295.000000,131951664.925300,-0.060897
2022-03-04,121.760002,122.779999,114.830002,116.309998,1578100,0.000000,0.000000,119.607248,120.609211,112.799772,114.253601,126.239864,126.970164,133.479053,125.318249,123.616829,125.189578,-1.572749,-0.488293,-1.084456,38.914440,126.239864,135.754751,116.724978,-0.129869,6.387521,0.055907,-0.052696,-0.127718,-0.122520,-0.240410,-0.037948,0.162630,0.554302,-0.247773,-0.247773,0.240931,1223335.000000,183548807.843800,-0.105969
2022-03-07,116.830002,118.269997,114.269997,114.989998,2032200,0.000000,0.000000,114.764381,116.178916,112.249638,112.956909,125.573360,126.609287,133.415133,125.338204,121.976842,124.283455,-2.306613,-0.851957,-1.454656,37.925786,125.573360,136.789722,114.356998,-0.062413,6.211932,0.054994,-0.011349,-0.118716,-0.088177,-0.222602,-0.054645,0.226847,0.532520,-0.256310,-0.256310,0.168775,1251530.000000,233682673.935600,-0.073153
2022-03-08,115.650002,122.120003,114.320000,119.690002,1608400,0.000000,0.000000,113.605280,119.960890,112.298793,117.573853,125.192712,126.275772,133.402876,125.387860,121.299459,123.786447,-2.486988,-1.178963,-1.308025,43.436088,125.192712,136.967145,113.418279,0.176466,6.315515,0.053715,0.040873,-0.027227,-0.068995,-0.175511,-0.015035,0.182158,0.549252,-0.225913,-0.225913,0.216547,1266750.000000,192509399.216800,-0.015933
2022-03-09,123.070000,126.190002,122.500000,125.330002,1308700,0.000000,0.000000,120.894084,123.958924,120.334162,123.114128,124.963341,125.971403,133.379417,125.448700,121.578639,123.736646,-2.158007,-1.374772,-0.783235,49.257129,124.963341,136.710691,113.215991,0.421292,6.320483,0.051338,0.047122,-0.005317,-0.016557,-0.181236,0.047650,0.273873,0.575162,-0.189437,-0.189437,0.236889,1271355.000000,164019373.617400,-0.026242
2022-03-10,121.580002,124.540001,120.709999,123.730003,1485100,0.000000,0.000000,119.430423,122.338088,118.575802,121.542412,124.479057,125.663670,133.319837,125.502221,121.573065,123.574110,-2.001045,-1.500026,-0.501018,47.755670,124.479057,135.933920,113.024194,0.371817,6.193186,0.050955,-0.012766,0.007737,-0.048231,-0.190420,0.035053,0.185513,0.571831,-0.199785,-0.199785,0.221098,1297940.000000,183751427.455300,-0.022115
2022-03-11,125.860001,127.000000,120.639999,120.769997,1153400,0.000000,0.000000,123.634738,124.754582,118.507029,118.634727,123.945655,125.309758,133.234320,125.539733,121.121013,123.208230,-2.087216,-1.617464,-0.469752,45.021518,123.945655,135.448182,112.443127,0.269141,6.197070,0.052237,-0.023923,0.038346,-0.095966,-0.175787,0.002503,0.180615,0.566343,-0.218928,-0.218928,0.191886,1277380.000000,139296114.539800,-0.003492
2022-03-14,120.349998,121.459999,117.699997,119.750000,1735900,0.000000,0.000000,118.222188,119.312563,115.619039,117.632797,123.713337,124.948763,133.142804,125.569686,120.584365,122.795235,-2.210870,-1.736146,-0.474725,44.084901,123.713337,135.540684,111.885989,0.242946,6.018245,0.051161,-0.008446,0.041395,-0.090253,-0.184083,-0.033445,0.138567,0.565301,-0.225525,-0.225525,0.181820,1300485.000000,207874025.000000,0.011007
2022-03-15,120.110001,124.300003,120.110001,124.169998,1903300,0.000000,0.000000,117.986409,122.102331,117.986409,121.974625,123.621490,124.667931,133.079208,125.618605,120.798251,122.734449,-1.936198,-1.776156,-0.160042,49.033131,123.621490,135.474129,111.768852,0.430527,5.907623,0.048433,0.036910,0.037430,-0.002490,-0.126556,-0.028996,0.180928,0.550919,-0.196939,-0.196939,0.225441,1327495.000000,236332757.193400,0.033349
2022-03-16,126.000000,133.880005,125.169998,133.850006,1388800,0.000000,0.000000,123.772275,131.512958,122.956948,131.483490,123.611176,124.581005,133.080881,125.717224,122.442134,123.382526,-0.940392,-1.609003,0.668611,57.833974,123.611176,135.434575,111.787777,0.832912,6.166959,0.046903,0.077958,0.067981,0.061965,-0.064643,0.022508,0.256545,0.612207,-0.134334,-0.134334,0.320973,1346840.000000,185890888.332800,0.053557
2022-03-17,132.210007,135.419998,131.850006,134.850006,875100,0.000000,0.000000,129.872467,133.025704,129.518831,132.465790,123.584652,124.497433,133.058928,125.816735,123.984235,124.055360,-0.071126,-1.301428,1.230302,58.628733,123.584652,135.321467,111.847837,0.878345,5.976953,0.045121,0.007471,0.089873,0.005893,-0.053159,0.014819,0.330842,0.572397,-0.127867,-0.127867,0.329918,1351345.000000,118007240.250600,0.072168
2022-03-18,133.729996,136.899994,132.649994,134.839996,2417900,0.000000,0.000000,131.365618,134.479570,130.304711,132.455994,123.650467,124.553626,133.048157,125.926245,125.287582,124.677629,0.609953,-0.919152,1.529104,58.616868,123.650467,135.578862,111.722073,0.869099,5.848232,0.044152,-0.000074,0.116503,-0.004062,0.011412,0.022582,0.314444,0.571457,-0.127931,-0.127931,0.329820,1387705.000000,326029626.328400,0.096165
2022-03-21,134.179993,136.259995,132.059998,135.000000,835200,0.000000,0.000000,131.807635,133.850861,129.725122,132.613144,123.886715,124.556428,133.070366,126.019680,126.414592,125.265445,1.149146,-0.505492,1.654638,58.761056,123.886715,136.343937,111.429493,0.850256,5.725197,0.043172,0.001186,0.127348,0.011236,0.016191,0.049955,0.289308,0.569060,-0.126897,-0.126897,0.331398,1392640.000000,112752000.000000,0.103946
2022-03-22,134.990005,138.419998,134.320007,134.759995,909500,0.000000,0.000000,132.603325,135.972674,131.945172,132.377380,124.275221,124.612619,133.068821,126.117916,127.331944,125.792255,1.539688,-0.096456,1.636144,58.432123,124.275221,137.298841,111.251601,0.811056,5.603933,0.042333,-0.001778,0.085286,0.035102,0.038760,0.038251,0.321759,0.561379,-0.128449,-0.128449,0.329031,1390795.000000,122564215.452500,0.096975
2022-03-23,133.779999,136.320007,132.179993,132.309998,934700,0.000000,0.000000,131.414730,133.909830,129.843012,129.970718,124.665202,124.583381,133.007089,126.209952,127.737909,126.101771,1.636138,0.250063,1.386075,55.044798,124.665202,137.889099,111.441305,0.700603,5.494139,0.042272,-0.018180,-0.011505,0.043043,-0.004058,-0.008171,0.292545,0.557282,-0.144294,-0.144294,0.304868,1391610.000000,123670155.130600,0.088406
2022-03-24,133.809998,136.419998,132.399994,136.270004,1341600,0.000000,0.000000,131.444190,134.008044,130.059115,133.860703,124.865593,124.608778,132.963941,126.321486,128.679877,126.676507,2.003371,0.600724,1.402646,59.165317,124.865593,138.534471,111.196715,0.829036,5.390081,0.040266,0.029930,0.010530,0.095682,0.021831,0.012119,0.317116,0.558872,-0.118683,-0.118683,0.343923,1402445.000000,182819837.366400,0.107520
2022-03-25,136.589996,137.250000,133.979996,136.889999,795600,0.000000,0.000000,134.175043,134.823378,131.611188,134.469742,125.039957,124.644983,132.905976,126.427390,129.570626,127.253783,2.316842,0.943948,1.372894,59.786790,125.039957,139.120156,110.959758,0.834860,5.234517,0.038927,0.004550,0.015203,0.035555,0.001640,0.034915,0.247593,0.517698,-0.114673,-0.114673,0.350037,1403640.000000,108909683.204400,0.096448
2022-03-28,135.339996,137.529999,134.119995,137.520004,696600,0.000000,0.000000,132.947143,135.098426,131.748712,135.088608,125.385735,124.759129,132.841147,126.532272,130.419546,127.834141,2.585405,1.272239,1.313166,60.445547,125.385735,140.114617,110.656853,0.829383,5.099888,0.037752,0.004602,0.018667,0.031349,-0.023451,0.055698,0.293662,0.517241,-0.110599,-0.110599,0.356250,1366740.000000,95796434.786400,0.072090
2022-03-29,139.500000,141.820007,138.130005,140.830002,1037500,0.000000,0.000000,137.033571,139.312559,135.687798,138.340057,126.259507,124.902969,132.790380,126.638951,131.638086,128.612357,3.025729,1.622937,1.402792,63.800764,126.259507,141.904040,110.614974,0.886095,5.037322,0.036413,0.024069,0.045043,0.079323,0.010305,0.140562,0.298011,0.515301,-0.089192,-0.089192,0.388894,1338275.000000,146111127.075000,0.083939
2022-03-30,139.419998,139.600006,134.940002,135.440002,1244200,0.000000,0.000000,136.955008,137.131833,132.554220,133.045380,126.723163,125.061445,132.663895,126.717638,131.854593,128.940729,2.913864,1.881123,1.032741,55.539038,126.723163,142.605171,110.841155,0.699037,5.090787,0.038264,-0.038273,0.023657,0.100780,-0.024095,0.075853,0.214835,0.490774,-0.124051,-0.124051,0.335737,1317825.000000,168514450.488400,0.059878
2022-03-31,137.009995,137.809998,131.029999,131.259995,1778000,0.000000,0.000000,134.587592,135.373451,128.713325,128.939255,127.139666,125.138975,132.526776,126.774814,131.406079,128.940620,2.465460,1.997990,0.467470,50.118747,127.139666,142.781663,111.497668,0.557524,5.202883,0.040351,-0.030863,-0.036765,0.041746,-0.049699,0.044058,0.096068,0.500723,-0.151085,-0.151085,0.294513,1352990.000000,233380271.110000,0.046927
2022-04-01,132.300003,132.729996,124.730003,125.129997,1572500,0.000000,0.000000,129.960886,130.383276,122.524726,122.917648,127.572868,125.164387,132.303823,126.801784,130.100167,128.494474,1.605693,1.919531,-0.313838,43.425539,127.572868,142.156304,112.989432,0.340394,5.392573,0.043871,-0.046701,-0.085909,0.019140,-0.096302,0.003589,0.042104,0.520572,-0.190730,-0.190730,0.234058,1352710.000000,196766920.282500,-0.007873
2022-04-04,125.110001,126.709999,123.010002,124.500000,1480400,0.000000,0.000000,122.898013,124.469723,120.835143,122.298798,128.039962,125.250248,132.069578,126.838649,128.899956,128.035535,0.864422,1.708509,-0.844087,42.793033,128.039962,141.179216,114.900709,0.281526,5.267002,0.043067,-0.005035,-0.094677,0.070415,-0.099617,0.037680,0.047822,0.482979,-0.194805,-0.194805,0.227844,1325120.000000,184309800.000000,-0.017493
2022-04-05,124.050003,124.660004,116.730003,117.349998,1848200,0.000000,0.000000,121.856754,122.455969,114.666174,115.275208,127.925030,125.144207,131.797389,126.837356,126.803841,127.090325,-0.286484,1.309510,-1.595994,36.326119,127.925030,141.483288,114.366772,0.033501,5.447202,0.047254,-0.057430,-0.166726,0.020524,-0.156386,-0.030147,-0.008025,0.525550,-0.241047,-0.241047,0.157330,1337110.000000,216886266.303600,-0.065585
2022-04-06,115.110001,116.250000,111.330002,112.980003,2237100,0.000000,0.000000,113.074813,114.194657,109.361646,110.982475,127.318448,125.082065,131.436240,126.800680,124.369785,125.897151,-1.527366,0.742135,-2.269501,33.039723,127.318448,142.740385,111.896510,-0.029634,5.480513,0.049382,-0.037239,-0.165830,-0.056062,-0.143960,-0.059980,-0.071727,0.521430,-0.269309,-0.269309,0.114232,1383530.000000,252747564.711300,-0.063739
2022-04-07,112.290001,116.150002,112.150002,114.739998,1589600,0.000000,0.000000,110.304677,114.096431,110.167153,112.711357,126.876895,125.050575,131.093459,126.783089,122.576181,124.920426,-2.344245,0.124859,-2.469104,35.567966,126.876895,143.457333,110.296457,0.072824,5.369711,0.047641,0.015578,-0.125857,-0.084497,-0.149175,-0.056235,-0.052609,0.494567,-0.257927,-0.257927,0.131589,1388755.000000,182390700.820800,-0.070694
2022-04-08,113.339996,113.470001,109.080002,109.320000,1231300,0.000000,0.000000,111.336098,111.463804,107.151422,107.387177,126.314517,125.044319,130.695375,126.735298,120.239411,123.621667,-3.382256,-0.576564,-2.805692,31.609789,126.314517,144.733142,107.895892,-0.013810,5.383298,0.050130,-0.047237,-0.126349,-0.116463,-0.171189,-0.096587,-0.084164,0.516430,-0.292980,-0.292980,0.078136,1392650.000000,134605716.000000,-0.089179
2022-04-11,108.419998,109.169998,106.919998,107.900002,1431900,0.000000,0.000000,106.503105,107.239845,105.029625,105.992302,125.732493,124.975617,130.252426,126.688130,118.047548,122.315788,-4.268240,-1.314899,-2.953341,30.647515,125.732493,145.953703,105.511282,0.011894,5.167173,0.048750,-0.012989,-0.133333,-0.106566,-0.193562,-0.118289,-0.085440,0.512859,-0.302164,-0.302164,0.064132,1377450.000000,154502012.863800,-0.091113
2022-04-12,110.739998,112.449997,109.519997,110.309998,2260800,0.000000,0.000000,108.782078,110.461844,107.583647,108.359680,125.051745,124.790351,129.837567,126.634909,116.557107,121.282002,-4.724895,-1.996898,-2.727997,34.302958,125.051745,146.673796,103.429694,0.114004,5.117343,0.047226,0.022335,-0.059991,-0.078831,-0.182751,-0.092076,-0.062557,0.521163,-0.286578,-0.286578,0.087900,1395325.000000,249388843.478400,-0.065162
2022-04-13,110.379997,113.980003,109.199997,113.699997,1580500,0.000000,0.000000,108.428442,111.964799,107.269305,111.689743,124.062058,124.500763,129.444721,126.589223,115.808282,120.571464,-4.763183,-2.550155,-2.213027,39.160671,124.062058,146.249173,101.874943,0.221182,5.087210,0.045548,0.030732,0.006373,-0.084320,-0.158072,-0.059847,-0.044277,0.515552,-0.264653,-0.264653,0.121333,1404910.000000,179702845.258500,-0.056363
2022-04-14,114.379997,114.459999,109.290001,110.110001,1194900,0.000000,0.000000,112.357709,112.436297,107.357706,108.163208,122.846929,124.059899,129.014746,126.527324,114.632116,119.652334,-5.020218,-3.044168,-1.976050,36.115187,122.846929,145.746679,99.947178,0.179391,5.086595,0.047027,-0.031574,-0.040352,-0.177363,-0.163997,-0.137867,-0.059314,0.429430,-0.287871,-0.287871,0.085927,1420900.000000,131570440.194900,-0.065682
2022-04-18,109.760002,112.910004,109.410004,112.660004,808700,0.000000,0.000000,107.819386,110.913694,107.475575,110.668114,121.757535,123.795654,128.634258,126.499860,114.022270,118.986836,-4.964567,-3.428248,-1.536319,39.702220,121.757535,144.805069,98.710000,0.259423,4.968847,0.044899,0.023159,0.030552,-0.164553,-0.156159,-0.132017,-0.001548,0.440267,-0.271379,-0.271379,0.111076,1340440.000000,91108145.234800,-0.051324
2022-04-19,113.120003,117.029999,111.199997,116.599998,966600,0.000000,0.000000,111.119992,114.960857,109.233933,114.538460,120.853801,123.560684,128.306509,126.491354,114.101684,118.657327,-4.555643,-3.653727,-0.901917,44.854408,120.853801,143.523433,98.184168,0.360709,5.022995,0.043854,0.034973,0.080630,-0.135272,-0.084583,-0.099445,0.056050,0.464446,-0.245897,-0.245897,0.149933,1347010.000000,112705558.066800,-0.023423
2022-04-20,118.500000,122.320000,118.430000,118.680000,1128300,0.000000,0.000000,116.404870,120.157331,116.336108,116.581688,120.064016,123.388581,127.984863,126.496545,114.483223,118.503576,-4.020353,-3.727052,-0.293301,47.409179,120.064016,142.135984,97.992048,0.421114,5.065558,0.043451,0.017839,0.075877,-0.120889,-0.067814,-0.080472,0.051247,0.471442,-0.232445,-0.232445,0.170446,1357950.000000,133906644.000000,-0.005947
2022-04-21,120.389999,121.779999,115.489998,115.599998,1119600,0.000000,0.000000,118.261464,119.626888,113.448097,113.556152,119.243288,123.105673,127.657892,126.491118,114.340597,118.137100,-3.796504,-3.740942,-0.055561,44.147666,119.243288,140.982429,97.504147,0.369196,5.145074,0.045309,-0.025952,0.016711,-0.142179,-0.066512,-0.115153,0.053942,0.476325,-0.252365,-0.252365,0.140071,1367195.000000,129425757.760800,0.002682
2022-04-22,115.129997,116.160004,112.410004,112.669998,1561500,0.000000,0.000000,113.094461,114.106257,110.422558,110.677956,118.084150,122.694670,127.245800,126.478210,113.777113,117.584571,-3.807458,-3.754245,-0.053212,41.241041,118.084150,138.998148,97.170152,0.322937,5.040690,0.045544,-0.025346,0.023250,-0.148439,-0.062097,-0.157164,-0.001459,0.479113,-0.271314,-0.271314,0.111175,1378190.000000,175934201.877000,0.005420
2022-04-25,111.290001,114.709999,110.919998,114.589996,1258400,0.000000,0.000000,109.322353,112.681884,108.958892,112.564003,116.988863,122.359895,126.937665,126.462675,113.590481,117.212677,-3.622196,-3.727835,0.105639,43.849888,116.988863,136.539710,97.438017,0.386837,4.946569,0.043945,0.017041,0.017131,-0.159096,-0.066457,-0.164095,-0.003034,0.468495,-0.258897,-0.258897,0.130110,1401330.000000,144200050.966400,-0.005088
2022-04-26,112.500000,112.550003,109.610001,109.779999,1653000,0.000000,0.000000,110.510945,110.560064,107.672043,107.839035,115.626385,122.071092,126.556958,126.420869,112.705643,116.518333,-3.812690,-3.744806,-0.067884,39.159172,115.626385,133.600698,97.652071,0.283376,4.942668,0.045834,-0.041976,-0.058491,-0.198042,-0.054786,-0.192417,-0.041554,0.480610,-0.290005,-0.290005,0.082673,1449150.000000,181466338.347000,0.022659
2022-04-27,109.940002,112.000000,107.800003,108.220001,1209100,0.000000,0.000000,107.996224,110.019800,105.894061,106.306633,114.024714,121.720994,126.115875,126.375420,111.721180,115.761911,-4.040731,-3.803991,-0.236740,37.748804,114.024714,128.922616,99.126811,0.240968,4.884316,0.045946,-0.014210,-0.088136,-0.213060,-0.069818,-0.184717,-0.055256,0.477812,-0.300094,-0.300094,0.067288,1457730.000000,130848803.209100,0.007953
2022-04-28,110.330002,116.089996,108.750000,114.949997,1804800,0.000000,0.000000,108.379329,114.037484,106.827262,112.917641,113.018327,121.345551,125.792040,126.362535,111.905251,115.551224,-3.645973,-3.772388,0.126414,46.672237,113.018327,124.925283,101.111370,0.495772,5.087640,0.045056,0.062188,-0.005623,-0.183768,0.048446,-0.147997,0.002448,0.528527,-0.256569,-0.256569,0.133660,1485760.000000,207461754.585600,0.084487
2022-04-29,113.320000,116.300003,111.099998,111.389999,1588200,0.000000,0.000000,111.316471,114.243787,109.135720,109.420593,112.042394,120.874038,125.460225,126.346134,111.522996,115.097103,-3.574108,-3.732732,0.158624,43.148762,112.042394,121.376575,102.708212,0.359559,5.089099,0.046510,-0.030970,-0.011361,-0.177569,-0.000062,-0.196287,-0.008494,0.524034,-0.279593,-0.279593,0.098551,1476270.000000,176909596.411800,0.104213
2022-05-02,111.419998,116.000000,110.639999,115.800003,1453600,0.000000,0.000000,109.450059,113.949085,108.683851,113.752625,111.584142,120.526297,125.094093,126.364676,111.866016,114.997512,-3.131497,-3.612485,0.480988,48.350554,111.584142,119.455567,103.712717,0.637744,5.101680,0.044849,0.039591,0.010560,-0.117781,-0.032904,-0.176753,0.042053,0.543056,-0.251071,-0.251071,0.142043,1470325.000000,168326884.360800,0.086750
2022-05-03,114.370003,117.919998,114.040001,116.510002,1081900,0.100000,0.000000,112.445000,115.935245,112.120553,114.548981,111.196652,120.259512,124.738281,126.385779,112.278780,114.964288,-2.685508,-3.427089,0.741581,49.269484,111.196652,117.442328,104.950975,0.768372,5.009753,0.043735,0.007001,0.062222,-0.068084,-0.092100,-0.183346,0.073151,0.523080,-0.245828,-0.245828,0.150039,1450400.000000,126052171.163800,0.032133
2022-05-04,116.870003,120.559998,113.529999,120.540001,1010300,0.000000,0.000000,114.902934,118.530822,111.619147,118.511162,111.358449,120.137590,124.484023,126.407381,113.237608,115.227019,-1.989412,-3.139554,1.150142,53.684711,111.358449,118.189248,104.527650,1.023563,5.145604,0.043419,0.034589,0.114805,-0.030970,-0.089821,-0.162888,0.092117,0.538755,-0.219742,-0.219742,0.189818,1408505.000000,121781563.010300,0.010937
2022-05-05,117.459999,118.360001,112.930000,114.599998,1480400,0.000000,0.000000,115.482998,116.367851,111.029245,112.671135,111.442882,119.947591,124.169009,126.384392,113.150458,115.037695,-1.887236,-2.889090,1.001854,47.168422,111.442882,118.295824,104.589941,0.589615,5.312484,0.047150,-0.049278,-0.002183,-0.022590,-0.090484,-0.214380,0.032703,0.528632,-0.258192,-0.258192,0.131186,1370670.000000,169653837.039200,0.021999
2022-05-06,113.660004,118.470001,111.239998,115.059998,1171600,0.000000,0.000000,111.746952,116.475991,109.367679,113.123383,111.463484,119.613001,123.903764,126.369645,113.146293,114.895894,-1.749601,-2.661192,0.911591,47.697861,111.463484,118.334933,104.592034,0.620782,5.440757,0.048096,0.004014,0.033840,0.019291,-0.104236,-0.223554,0.006025,0.511607,-0.255214,-0.255214,0.135726,1349770.000000,134804293.656800,0.034319
2022-05-09,112.110001,113.529999,105.360001,105.500000,2042000,0.000000,0.000000,110.223034,111.619132,103.586646,103.724289,111.280339,119.067838,123.535302,126.301531,111.696754,114.068367,-2.371614,-2.603277,0.231663,38.959508,111.280339,118.776134,103.784545,-0.004019,5.733327,0.055275,-0.083087,-0.088159,-0.079735,-0.171444,-0.272882,-0.022063,0.585936,-0.317096,-0.317096,0.041362,1390305.000000,215431000.000000,-0.000748
2022-05-10,107.889999,109.230003,102.570000,105.970001,1529900,0.000000,0.000000,106.074060,107.391510,100.843604,104.186378,111.190043,118.588104,123.178137,126.240383,110.541311,113.336368,-2.795057,-2.641633,-0.153424,39.545890,111.190043,118.991336,103.388750,0.051122,5.791511,0.055588,0.004455,-0.090464,-0.029806,-0.184142,-0.282527,-0.026613,0.564041,-0.314054,-0.314054,0.046001,1395205.000000,162123504.529900,-0.011061
2022-05-11,105.080002,108.430000,101.349998,101.510002,1480300,0.000000,0.000000,103.311364,106.604978,99.644142,99.801453,110.762132,118.166841,122.866536,126.168297,108.889025,112.333782,-3.444757,-2.802258,-0.642499,36.010679,110.762132,120.019989,101.504274,-0.091966,5.875034,0.058867,-0.042087,-0.157873,-0.058408,-0.239481,-0.315130,0.001978,0.580704,-0.342924,-0.342924,0.000000,1356180.000000,150265255.960600,-0.023743
2022-05-12,100.480003,104.150002,99.830002,103.300003,1123000,0.000000,0.000000,98.788775,102.397002,98.149714,101.561310,110.255710,117.722622,122.577147,126.088628,107.761685,111.535821,-3.774136,-2.996633,-0.777503,38.391119,110.255710,120.368527,100.142893,0.070130,5.758767,0.056702,0.017634,-0.098604,-0.062739,-0.214546,-0.287260,-0.016552,0.578423,-0.331337,-0.331337,0.017634,1333305.000000,116005903.369000,-0.016129
2022-05-13,105.320000,110.260002,105.099998,109.239998,1111000,0.000000,0.000000,103.547318,108.404173,103.331019,107.401337,110.217616,117.458465,122.376781,126.036345,107.706246,111.229563,-3.523316,-3.101970,-0.421347,45.620587,110.217616,120.369287,100.065946,0.361290,5.836202,0.054340,0.057502,-0.050582,-0.038396,-0.121671,-0.269862,0.001040,0.604610,-0.292887,-0.292887,0.076150,1329110.000000,121365637.778000,0.022345
2022-05-16,108.080002,109.400002,106.820000,107.010002,894200,0.000000,0.000000,106.260868,107.558650,105.022073,105.208878,109.944655,117.277570,122.123867,125.970697,107.322036,110.783586,-3.461550,-3.173886,-0.287664,43.554279,109.944655,120.336071,99.553238,0.272130,5.600515,0.053232,-0.020414,0.014313,-0.027314,-0.150250,-0.284242,-0.000212,0.598745,-0.307322,-0.307322,0.054182,1333385.000000,95688343.788400,0.004064
2022-05-17,110.389999,112.769997,108.919998,112.300003,1133700,0.000000,0.000000,108.531988,110.871926,107.086729,110.409843,109.738224,117.226629,121.917958,125.927767,107.797083,110.755902,-2.958818,-3.130873,0.172054,49.408257,109.738224,119.907045,99.569403,0.533023,5.604981,0.050765,0.049435,0.059734,-0.002334,-0.161591,-0.249910,0.060275,0.618495,-0.273080,-0.273080,0.106295,1341740.000000,127314513.401100,-0.009167
2022-05-18,110.389999,112.510002,104.919998,105.300003,1127500,0.000000,0.000000,108.531981,110.616301,103.154048,103.527657,109.085522,116.945705,121.610739,125.843413,107.140248,110.220476,-3.080228,-3.120744,0.040516,43.046398,109.085522,119.079111,99.091934,0.221928,5.737644,0.055421,-0.062333,0.037336,-0.096132,-0.221575,-0.311135,-0.022562,0.641803,-0.318391,-0.318391,0.037336,1341700.000000,118725753.382500,-0.029991
2022-05-19,104.900002,108.279999,102.959999,105.519997,982400,0.000000,0.000000,103.134390,106.457497,101.227041,103.743950,108.594912,116.558301,121.264852,125.752931,106.617741,109.740733,-3.122992,-3.121193,-0.001799,43.293524,108.594912,118.627732,98.562092,0.258245,5.701416,0.054957,0.002089,0.021491,-0.110118,-0.208905,-0.307661,-0.047923,0.637349,-0.316967,-0.316967,0.039503,1334840.000000,103662845.052800,-0.039169
2022-05-20,108.050003,108.129997,101.019997,106.120003,1081600,0.000000,0.000000,106.231370,106.310018,99.319689,104.333855,108.277707,116.214130,120.938900,125.676433,106.266374,109.340224,-3.073850,-3.111725,0.037875,44.007122,108.277707,118.433630,98.121784,0.305835,5.793481,0.055528,0.005686,-0.028561,-0.081214,-0.184179,-0.308930,-0.030738,0.633510,-0.313083,-0.313083,0.045414,1310845.000000,114779395.244800,-0.022278
2022-05-23,106.199997,108.410004,104.800003,106.639999,601200,0.000000,0.000000,104.412504,106.585313,103.036074,104.845100,107.891762,115.938338,120.624048,125.604355,106.047716,109.007252,-2.959535,-3.081287,0.121751,44.657124,107.891762,117.948020,97.835504,0.348519,5.633178,0.053729,0.004900,-0.003458,-0.052701,-0.158596,-0.306400,-0.054991,0.628872,-0.309717,-0.309717,0.050537,1277985.000000,64111967.398800,-0.020625
2022-05-24,104.139999,104.959999,99.980003,101.279999,1142200,0.000000,0.000000,102.387180,103.193378,98.297203,99.575317,107.478576,115.577188,120.262976,125.505242,105.051963,108.308590,-3.256627,-3.116355,-0.140272,39.559364,107.478576,118.200964,96.756188,0.131460,5.698515,0.057228,-0.050263,-0.098130,-0.115389,-0.184952,-0.330437,-0.101616,0.646411,-0.344412,-0.344412,0.000000,1252445.000000,115682014.857800,-0.048956
2022-05-25,100.250000,103.199997,100.250000,102.400002,1274400,0.000000,0.000000,98.562661,101.463006,98.562661,100.676476,107.197068,115.151225,119.909578,125.420169,104.378811,107.743248,-3.364437,-3.165971,-0.198466,41.073080,107.197068,118.336526,96.057610,0.207320,5.498646,0.054617,0.011059,-0.027540,-0.066419,-0.224688,-0.316583,-0.094085,0.634205,-0.337162,-0.337162,0.011059,1255710.000000,130498562.548800,-0.073366
2022-05-26,102.629997,108.470001,101.169998,108.080002,1093500,0.000000,0.000000,100.902598,106.644307,99.467173,106.260872,106.864230,114.646773,119.613889,125.381361,104.668359,107.633442,-2.965084,-3.125794,0.160710,48.163355,106.864230,117.677006,96.051453,0.472100,5.618538,0.052875,0.055469,0.024261,-0.000430,-0.188740,-0.285624,-0.048201,0.663261,-0.300396,-0.300396,0.067141,1220145.000000,118185482.187000,-0.046058
2022-05-27,110.160004,113.389999,109.730003,112.860001,1006500,0.000000,0.000000,108.305859,111.481489,107.883096,110.960411,106.941221,114.216665,119.357049,125.379930,105.636367,107.879885,-2.243518,-2.949339,0.705821,53.260184,106.941221,117.852121,96.030320,0.684182,5.590115,0.050379,0.044226,0.063513,-0.017333,-0.134292,-0.241313,-0.010969,0.644987,-0.269455,-0.269455,0.114337,1191060.000000,113593591.006500,-0.016466
2022-05-31,111.940002,112.699997,109.660004,110.959999,1515100,0.000000,0.000000,110.055901,110.803103,107.814277,109.092392,106.708209,113.749393,119.151510,125.355721,106.168063,107.969700,-1.801637,-2.719798,0.918161,51.109030,106.708209,117.197534,96.218884,0.613648,5.415545,0.049642,-0.016835,0.040510,-0.002999,-0.097400,-0.281753,-0.023866,0.638270,-0.281753,-0.281753,0.095577,1194135.000000,168115494.484900,0.009829
2022-06-01,111.879997,112.459999,107.580002,109.830002,1504100,0.000000,0.000000,109.996906,110.567146,105.769285,107.981415,106.379831,113.256759,118.906593,125.326497,106.447040,107.970568,-1.523528,-2.480544,0.957017,49.820237,106.379831,116.227191,96.532470,0.581320,5.371425,0.049744,-0.010184,0.084419,-0.050735,-0.127580,-0.246873,-0.040707,0.623102,-0.289068,-0.289068,0.084419,1215245.000000,165195306.008200,0.000224
2022-06-02,109.239998,115.430000,108.500000,115.430000,1406700,0.000000,0.000000,107.401343,113.487160,106.673801,113.487160,106.128631,112.878954,118.745787,125.340447,107.530136,108.379204,-0.849069,-2.154249,1.305180,55.772397,106.128631,114.866844,97.390417,0.921055,5.474420,0.048238,0.050988,0.127246,-0.009270,-0.059051,-0.222210,0.026532,0.648966,-0.252819,-0.252819,0.139712,1235065.000000,162375381.000000,0.031143
2022-06-03,113.730003,114.059998,110.910004,111.680000,1188000,0.000000,0.000000,111.815776,112.140216,109.043241,109.800278,105.985088,112.475545,118.529463,125.341946,107.879388,108.484469,-0.605081,-1.844415,1.239335,51.377518,105.985088,114.357440,97.612735,0.727845,5.400813,0.049188,-0.032487,0.033309,-0.073503,-0.038978,-0.270017,-0.036215,0.645980,-0.277093,-0.277093,0.102686,1220445.000000,132675840.000000,0.058721
2022-06-06,114.269997,114.690002,110.500000,111.419998,1168900,0.000000,0.000000,112.346676,112.759613,108.640134,109.544647,105.806151,111.989224,118.299001,125.336330,108.135582,108.563001,-0.427419,-1.561016,1.133597,51.076985,105.806151,113.673902,97.938399,0.737584,5.309289,0.048467,-0.002328,-0.012759,-0.027749,-0.030209,-0.246086,-0.028258,0.623531,-0.278776,-0.278776,0.100118,1220310.000000,130238835.662200,0.029771
2022-06-07,110.000000,112.839996,109.660004,112.680000,837400,0.000000,0.000000,108.148555,110.940750,107.814281,110.783447,106.159109,111.515498,118.080241,125.338086,108.542946,108.727478,-0.184532,-1.285719,1.101187,52.526240,106.159109,114.263428,98.054790,0.785301,5.153373,0.046518,0.011309,0.015501,-0.020685,-0.057754,-0.223129,-0.006993,0.624722,-0.270620,-0.270620,0.112559,1160080.000000,94358232.000000,-0.009275
2022-06-08,112.230003,113.400002,110.589996,111.550003,1122100,0.000000,0.000000,110.341025,111.491331,108.728622,109.672470,106.433413,111.007176,117.883152,125.321829,108.716719,108.797478,-0.080759,-1.044727,0.963968,51.065255,106.433413,114.627469,98.239358,0.697647,4.982611,0.045432,-0.010028,0.015661,0.057346,-0.109180,-0.270629,-0.016865,0.549382,-0.277934,-0.277934,0.101402,1139690.000000,125170258.366300,-0.020970
2022-06-09,110.470001,112.120003,107.860001,107.860001,786800,0.000000,0.000000,108.610634,110.232864,106.044563,106.044563,106.745569,110.361266,117.632118,125.287285,108.305618,108.593558,-0.287940,-0.893370,0.605430,46.515360,106.745569,114.328744,99.162394,0.453779,4.925875,0.046451,-0.033079,-0.065581,0.017835,-0.127510,-0.293649,-0.063946,0.563530,-0.301820,-0.301820,0.064968,1105015.000000,84864248.786800,-0.022732
2022-06-10,106.239998,107.379997,103.760002,103.900002,1031200,0.000000,0.000000,104.451825,105.572637,102.013572,102.151215,106.775064,109.743383,117.402414,125.230332,107.358787,108.116347,-0.757561,-0.866208,0.108647,42.172670,106.775064,114.277495,99.272633,0.191843,4.861955,0.047596,-0.036714,-0.069663,0.023544,-0.138943,-0.290306,-0.104819,0.558586,-0.327453,-0.327453,0.025869,1100425.000000,107141682.062400,-0.021861
2022-06-13,100.000000,101.260002,96.230003,97.989998,1431800,0.000000,0.000000,98.316854,99.555648,94.610312,96.340683,106.222031,109.091411,117.115193,125.141481,105.663694,107.244076,-1.580382,-1.009043,-0.571339,36.670252,106.222031,115.044585,97.399477,-0.060005,5.053308,0.052452,-0.056882,-0.120535,-0.051404,-0.181005,-0.331768,-0.176604,0.590528,-0.365709,-0.365709,0.000000,1116465.000000,140302079.136400,-0.040161
2022-06-14,99.599998,100.239998,97.720001,98.760002,1392300,0.000000,0.000000,97.923598,98.552826,96.075244,97.097740,105.816475,108.575013,116.869700,125.038073,104.345855,106.492495,-2.146641,-1.236562,-0.910078,37.808793,105.816475,115.535307,96.097642,0.051452,4.869328,0.050149,0.007858,-0.123536,-0.095935,-0.203951,-0.304696,-0.172284,0.551401,-0.360724,-0.360724,0.007858,1141370.000000,137503550.784600,-0.040206
2022-06-15,99.690002,103.620003,99.089996,101.750000,1287900,0.000000,0.000000,98.012082,101.875935,97.422175,100.037407,105.297853,108.129785,116.690016,124.946273,103.683017,106.014341,-2.331324,-1.455515,-0.875809,42.157335,105.297853,115.091340,95.504366,0.231431,4.862818,0.048610,0.030275,-0.087853,-0.049154,-0.239164,-0.288347,-0.148647,0.560522,-0.341370,-0.341370,0.038371,1149080.000000,131043825.000000,-0.065205
2022-06-16,98.699997,99.519997,92.059998,92.730003,1988400,0.000000,0.000000,97.038770,97.844969,90.510529,91.169258,104.679933,107.647666,116.395936,124.812879,101.757823,104.914705,-3.156882,-1.795788,-1.361094,34.353543,104.679933,116.327665,93.032200,-0.079970,5.195965,0.056993,-0.088648,-0.140274,-0.174265,-0.311752,-0.348339,-0.224248,0.603905,-0.399756,-0.399756,0.000000,1192125.000000,184384337.965200,-0.093704
2022-06-17,92.940002,94.440002,91.370003,92.000000,1480800,0.000000,0.000000,91.375673,92.850426,89.832099,90.451492,104.015310,107.237046,116.159556,124.679280,100.018387,103.843356,-3.824968,-2.201624,-1.623344,33.808052,104.015310,117.291081,90.739539,-0.010849,5.040420,0.055725,-0.007873,-0.114533,-0.126306,-0.317120,-0.309328,-0.212958,0.571177,-0.404482,-0.404482,0.000000,1217045.000000,136233600.000000,-0.094325
2022-06-21,93.870003,96.139999,93.870003,95.769997,1901100,0.000000,0.000000,92.290021,94.521810,92.290021,94.158035,103.506519,106.865980,115.958278,124.556268,99.116795,103.125925,-4.009130,-2.563125,-1.446005,39.178877,103.506519,117.491894,89.521143,0.165776,4.971127,0.052796,0.040978,-0.022656,-0.092400,-0.289980,-0.278484,-0.185017,0.593386,-0.380079,-0.380079,0.040978,1258020.000000,182068341.296700,-0.089874
2022-06-22,93.750000,96.459999,93.349998,95.650002,1419500,0.000000,0.000000,92.172070,94.836457,91.778801,94.040092,102.966268,106.599038,115.821679,124.429038,98.335764,102.452900,-4.117137,-2.873928,-1.243209,39.070242,102.966268,117.555666,88.376871,0.194087,4.834450,0.051408,-0.001253,-0.031490,-0.098662,-0.289606,-0.262071,-0.205190,0.592455,-0.380855,-0.380855,0.039674,1298935.000000,135775177.839000,-0.073022
2022-06-23,96.940002,97.279999,92.589996,93.720001,990800,0.000000,0.000000,95.308383,95.642657,91.031593,92.142578,102.594632,106.322044,115.648830,124.292908,97.382966,101.689173,-4.306207,-3.160383,-1.145823,37.279294,102.594632,117.908412,87.280851,0.158737,4.818494,0.052294,-0.020178,-0.078919,-0.121155,-0.291051,-0.293928,-0.207237,0.593935,-0.393348,-0.393348,0.018696,1291365.000000,92857776.990800,-0.097811
2022-06-24,96.650002,103.980003,95.620003,103.900002,3744400,0.000000,0.000000,95.023243,102.229870,94.010580,102.151215,102.668368,106.197874,115.494113,124.216091,98.116543,101.723398,-3.606855,-3.249678,-0.357177,50.236763,102.668368,117.957443,87.379294,0.483087,5.194837,0.050854,0.108621,0.120457,0.025869,-0.236884,-0.220224,-0.126504,0.690138,-0.327453,-0.327453,0.129348,1414865.000000,389043167.488800,-0.054792
2022-06-27,105.230003,105.410004,101.160004,104.620003,2256800,0.000000,0.000000,103.458841,103.635812,99.457345,102.859108,102.498280,106.021262,115.261013,124.143255,98.846168,101.807525,-2.961357,-3.192014,0.230657,51.007692,102.498280,117.694483,87.302078,0.511872,5.122239,0.049799,0.006930,0.137174,0.021680,-0.235076,-0.233822,-0.108873,0.689612,-0.322792,-0.322792,0.137174,1473030.000000,236106422.770400,-0.048423
2022-06-28,105.669998,107.279999,103.389999,103.449997,2035400,0.000000,0.000000,103.891437,105.474339,101.649814,101.708801,102.035700,105.892174,114.976036,124.060106,99.286573,101.800212,-2.513639,-3.056339,0.542700,49.661350,102.035700,116.701289,87.370110,0.488855,5.029545,0.049450,-0.011183,0.080192,-0.042839,-0.247096,-0.264752,-0.145332,0.662510,-0.330366,-0.330366,0.124457,1524475.000000,210562123.893800,-0.026031
2022-06-29,96.070000,97.290001,90.379997,93.889999,5701800,0.000000,0.000000,94.453031,95.652498,88.858798,92.309723,101.196566,105.525006,114.660330,123.913139,98.213212,101.097213,-2.884001,-3.021871,0.137870,40.301010,101.196566,116.080981,86.312152,0.201472,5.588149,0.060537,-0.092412,-0.018400,-0.168084,-0.332733,-0.325857,-0.236018,0.711570,-0.392248,-0.392248,0.020544,1733810.000000,535341996.298200,-0.097314
2022-06-30,92.860001,95.279999,91.150002,92.129997,2108000,0.000000,0.000000,91.297047,93.676313,89.615829,90.579330,100.326462,105.045823,114.303253,123.737951,97.038768,100.318110,-3.279342,-3.073365,-0.205977,38.849234,100.326462,115.571081,85.081843,0.180309,5.479030,0.060489,-0.018746,-0.016966,-0.169701,-0.319185,-0.335589,-0.248572,0.711908,-0.403640,-0.403640,0.001413,1764005.000000,194210033.676000,-0.082828
2022-07-01,92.010002,92.419998,86.589996,88.379997,2085400,0.000000,0.000000,90.461348,90.864443,85.132568,86.892441,98.996726,104.452038,113.920310,123.529467,95.477795,99.323616,-3.845821,-3.227856,-0.617965,35.883207,98.996726,114.046100,83.947352,0.097848,5.497091,0.063263,-0.040703,-0.149374,-0.195302,-0.326098,-0.359590,-0.251966,0.720956,-0.427914,-0.427914,0.000000,1797940.000000,184307645.743800,-0.108618
2022-07-05,86.879997,91.510002,85.919998,90.750000,3479600,0.000000,0.000000,85.417692,89.969767,84.473851,89.222557,97.967840,103.965366,113.535520,123.322923,94.515451,98.575390,-4.059939,-3.394273,-0.665666,39.050338,97.967840,112.717990,83.217690,0.203553,5.497007,0.061610,0.026816,-0.132575,-0.213809,-0.274127,-0.344030,-0.232425,0.700042,-0.412573,-0.412573,0.026816,1912520.000000,315773700.000000,-0.068030
2022-07-06,90.989998,93.000000,89.620003,92.220001,3264500,0.000000,0.000000,89.458508,91.434679,88.111572,90.667809,97.023998,103.565163,113.129917,123.128607,93.923506,97.989643,-4.066137,-3.528646,-0.537491,40.997124,97.023998,111.053247,82.994749,0.273467,5.341728,0.058915,0.016198,-0.108555,-0.174248,-0.258637,-0.332489,-0.215293,0.701057,-0.403058,-0.403058,0.043449,2017300.000000,301052193.264500,-0.040458
2022-07-07,93.260002,94.620003,91.940002,92.779999,2069500,0.000000,0.000000,91.690300,93.027410,90.392518,91.218376,96.045745,103.138251,112.749073,122.953181,93.507332,97.488067,-3.980736,-3.619064,-0.361672,41.760287,96.045745,108.695999,83.395491,0.309199,5.148383,0.056440,0.006072,-0.011823,-0.167295,-0.208690,-0.332440,-0.204317,0.702538,-0.399433,-0.399433,0.049785,2078905.000000,192008207.930500,-0.026855
2022-07-08,91.559998,92.709999,89.809998,91.489998,1805700,0.000000,0.000000,90.018910,91.149555,88.298365,89.950089,95.059626,102.780472,112.425782,122.765429,92.960064,96.929699,-3.969635,-3.689178,-0.280457,40.461963,95.059626,106.224968,83.894283,0.271188,4.989213,0.055466,-0.013904,-0.006947,-0.188055,-0.189511,-0.306189,-0.205805,0.699344,-0.407783,-0.407783,0.035189,2113085.000000,165203489.388600,-0.027257
2022-07-11,90.580002,91.940002,88.790001,91.010002,1379700,0.000000,0.000000,89.055425,90.392535,87.295552,89.478188,94.231307,102.443903,112.082449,122.557613,92.424391,96.377735,-3.953344,-3.742011,-0.211333,39.964102,94.231307,104.376770,84.085844,0.265752,4.854054,0.054248,-0.005246,0.029758,-0.184133,-0.206130,-0.324556,-0.226442,0.699447,-0.410890,-0.410890,0.029758,2142730.000000,125566499.759400,-0.024461
2022-07-12,91.610001,93.750000,90.489998,92.300003,1479900,0.000000,0.000000,90.068064,92.172044,88.966912,90.746452,93.661069,102.000479,111.673015,122.350056,92.166246,95.960603,-3.794357,-3.752480,-0.041876,42.028617,93.661069,103.195884,84.126253,0.347159,4.736274,0.052192,0.014174,0.017080,-0.144261,-0.154960,-0.299622,-0.219051,0.697862,-0.402540,-0.402540,0.044354,2165165.000000,136594774.439700,0.023456
2022-07-13,90.220001,93.779999,89.959999,92.889999,1590200,0.000000,0.000000,88.701472,92.201550,88.445846,91.326530,93.410361,101.638598,111.256318,122.157023,92.037059,95.617338,-3.580279,-3.718040,0.137761,42.994195,93.410361,102.912139,83.908583,0.390345,4.666233,0.051094,0.006392,0.007265,-0.105967,-0.138366,-0.305146,-0.208585,0.690255,-0.398721,-0.398721,0.051030,2173085.000000,147713676.409800,0.023010
2022-07-14,92.180000,95.150002,90.379997,94.500000,969700,0.000000,0.000000,90.628481,93.548493,88.858774,92.909431,93.200946,101.221734,110.874015,121.981763,92.171270,95.416753,-3.245482,-3.623529,0.378046,45.654255,93.200946,102.543830,83.858061,0.484399,4.667911,0.050242,0.017332,0.018539,-0.035616,-0.142583,-0.299277,-0.195551,0.666650,-0.388299,-0.388299,0.069246,2151955.000000,91636650.000000,0.015991
2022-07-15,95.980003,96.349998,93.760002,96.309998,1215200,0.000000,0.000000,94.364533,94.728300,92.181897,94.688972,92.933524,100.824534,110.542023,121.848752,92.558609,95.362843,-2.804234,-3.459670,0.655436,48.560346,92.933524,101.743468,84.123580,0.599629,4.516374,0.047697,0.019154,0.052683,-0.024808,-0.152214,-0.286226,-0.159819,0.669657,-0.376583,-0.376583,0.089726,2148320.000000,117035909.569600,0.008386
2022-07-18,97.709999,98.769997,94.540001,95.180000,1771400,0.000000,0.000000,96.065411,97.107567,92.948768,93.577995,93.053961,100.325871,110.231731,121.698317,92.715438,95.230632,-2.515194,-3.270775,0.755580,46.875084,93.053961,101.828138,84.279783,0.529862,4.490833,0.047990,-0.011733,0.045819,-0.064570,-0.134844,-0.276727,-0.149633,0.661214,-0.383898,-0.383898,0.076941,2137470.000000,168601852.000000,0.014284
2022-07-19,96.139999,99.570000,96.139999,99.349998,1562100,0.000000,0.000000,94.521833,97.894101,94.521833,97.677803,93.415276,100.026004,109.986798,121.569215,93.478878,95.411904,-1.933025,-3.003225,1.070199,53.314037,93.415276,102.332209,84.498344,0.739013,4.478353,0.045848,0.043812,0.076382,0.071390,-0.117381,-0.255210,-0.114664,0.599722,-0.356905,-0.356905,0.124123,2141535.000000,155194631.875800,0.004069
2022-07-20,99.220001,103.610001,98.750000,102.769997,1283800,0.000000,0.000000,97.549986,101.866095,97.087895,101.040230,93.759386,99.784341,109.698671,121.462026,94.642163,95.828817,-1.186654,-2.639911,1.453257,57.828537,93.759386,103.305953,84.212819,0.881333,4.499771,0.044534,0.034424,0.106362,0.117065,-0.117849,-0.192464,-0.115163,0.607057,-0.334768,-0.334768,0.162820,2110670.000000,131936122.148600,0.008587
2022-07-21,104.250000,105.339996,102.800003,105.209999,1021100,0.000000,0.000000,102.495322,103.566972,101.069731,103.439163,94.229340,99.778638,109.423238,121.389932,95.995548,96.392546,-0.396998,-2.191328,1.794330,60.745074,94.229340,104.713439,83.745240,0.939228,4.358840,0.042139,0.023742,0.113333,0.098570,-0.112732,-0.172902,-0.117931,0.597395,-0.318973,-0.318973,0.190428,2090750.000000,107429929.978900,-0.009153
2022-07-22,104.260002,105.199997,101.300003,102.269997,967900,0.000000,0.000000,102.505156,103.429329,99.594978,100.548645,94.649643,99.705884,109.146994,121.298384,96.696024,96.700405,-0.004381,-1.753939,1.749558,55.742669,94.649643,105.450701,83.848584,0.773075,4.322079,0.042985,-0.027944,0.061883,0.069210,-0.114547,-0.173440,-0.133745,0.608064,-0.338004,-0.338004,0.157162,2089605.000000,98987130.096300,-0.012795
2022-07-25,101.739998,101.849998,99.809998,101.190002,933000,0.000000,0.000000,100.027570,100.135719,98.130054,99.486832,94.516424,99.699591,108.933216,121.205498,97.125379,96.906807,0.218572,-1.359437,1.578009,53.983978,94.516424,104.988627,84.044220,0.737314,4.186115,0.042077,-0.010560,0.063143,0.079705,-0.101114,-0.156932,-0.152201,0.604168,-0.344995,-0.344995,0.144942,1949035.000000,94410271.866000,-0.018818
2022-07-26,100.339996,101.349998,99.760002,100.320000,1083200,0.000000,0.000000,98.651137,99.644140,98.080905,98.631477,94.305042,99.640995,108.681808,121.101519,97.357087,97.034561,0.322526,-1.023044,1.345570,52.545767,94.305042,104.224275,84.385809,0.718083,3.998767,0.040543,-0.008598,0.009763,-0.034456,-0.123774,-0.182006,-0.152767,0.471039,-0.350626,-0.350626,0.135098,1890355.000000,108666624.000000,-0.012871
2022-07-27,102.370003,106.889999,102.150002,105.720001,1645500,0.000000,0.000000,100.646976,105.090895,100.430678,103.940590,94.416632,99.571780,108.515122,121.026880,98.369933,97.546118,0.823815,-0.653672,1.477487,59.719047,94.416632,104.728987,84.104276,0.961774,4.174528,0.040163,0.053828,0.028705,0.010514,-0.036151,-0.088956,-0.089986,0.507861,-0.315672,-0.315672,0.196198,1870860.000000,173962261.645500,0.000542
2022-07-28,105.839996,107.250000,102.949997,107.129997,1303300,0.000000,0.000000,104.058570,105.444841,101.217213,105.326859,95.067488,99.574139,108.425855,120.952454,99.440230,98.122470,1.317760,-0.259386,1.577146,61.361428,95.067488,106.411478,83.723499,0.952194,4.178320,0.039670,0.013337,0.018249,0.035573,-0.009216,-0.078391,-0.103563,0.507555,-0.306545,-0.306545,0.212152,1650935.000000,139622525.090100,0.016914
2022-07-29,107.029999,110.269997,106.360001,109.900002,1038900,0.000000,0.000000,105.228543,108.414007,104.569822,108.050240,95.941034,99.526947,108.376788,120.895961,100.764847,98.857860,1.906987,0.173889,1.733098,64.429789,95.941034,108.459698,83.422370,0.983646,4.154454,0.038449,0.025856,0.074607,0.170519,-0.043106,0.003252,-0.083216,0.378936,-0.288615,-0.288615,0.243494,1597480.000000,114175112.077800,-0.005749
2022-08-01,108.790001,110.690002,107.620003,110.279999,1633900,0.000000,0.000000,106.958932,108.826954,105.808626,108.423851,97.017604,99.624871,108.285288,120.844082,101.943155,99.566452,2.376703,0.614452,1.762252,64.842268,97.017604,109.956076,84.079133,0.940788,4.073302,0.037568,0.003458,0.089831,0.197004,-0.009109,-0.009171,-0.083783,0.366958,-0.286155,-0.286155,0.247794,1574905.000000,180186490.366100,-0.011893
2022-08-02,106.400002,108.410004,103.480003,104.800003,1594000,0.100000,0.000000,104.704089,106.682054,101.830633,103.129593,97.712956,99.612584,108.085443,120.732430,102.125684,99.830388,2.295296,0.950620,1.344675,55.092805,97.712956,110.379468,85.046444,0.713817,4.253296,0.041242,-0.048829,0.045605,0.186865,-0.093387,-0.123219,-0.133334,0.381573,-0.321012,-0.321012,0.186865,1480625.000000,167051204.782000,-0.078449
2022-08-03,105.160004,105.650002,100.750000,104.739998,1863100,0.000000,0.000000,103.483853,103.966040,99.144140,103.070541,98.333093,99.587318,107.900724,120.610281,102.271047,100.070400,2.200647,1.200626,1.000021,54.993483,98.333093,110.759472,85.906714,0.690621,4.293910,0.041660,-0.000573,-0.008371,0.155207,-0.100206,-0.183076,-0.143922,0.376742,-0.321400,-0.321400,0.186185,1410555.000000,195141090.273800,-0.108515
2022-08-04,106.059998,106.849998,104.989998,106.129997,998900,0.000000,0.000000,104.369493,105.146902,103.316549,104.438377,98.994093,99.579183,107.758761,120.496540,102.604482,100.393953,2.210529,1.402606,0.807922,56.930387,98.994093,111.231977,86.756208,0.722436,4.135514,0.039598,0.013271,-0.008435,0.151879,-0.118746,-0.197902,-0.142827,0.375993,-0.312395,-0.312395,0.201927,1357025.000000,106013254.003300,-0.099905
2022-08-05,103.910004,106.129997,102.989998,105.739998,835000,0.000000,0.000000,102.253785,104.438394,101.348443,104.054611,99.699319,99.668769,107.622979,120.382891,102.827579,100.665113,2.162465,1.554578,0.607887,56.199613,99.699319,111.354502,88.044136,0.686839,4.060831,0.039026,-0.003675,-0.036979,0.140720,-0.076475,-0.160039,-0.130221,0.377815,-0.314921,-0.314921,0.197511,1308490.000000,88292898.330000,-0.104066
2022-08-08,105.010002,106.510002,101.910004,103.459999,821000,0.000000,0.000000,103.336233,104.812325,100.285646,101.810936,100.315956,99.691458,107.421342,120.250275,102.671172,100.749989,1.921183,1.627899,0.293284,51.997214,100.315956,110.954893,89.677019,0.570260,4.094106,0.040213,-0.021562,-0.060991,0.131860,-0.100001,-0.193813,-0.146316,0.383923,-0.329693,-0.329693,0.171689,1280555.000000,84940659.179000,-0.141155
2022-08-09,100.730003,100.800003,94.790001,96.790001,1763300,0.000000,0.000000,99.124464,99.193348,93.279139,95.247261,100.540997,99.471186,107.058980,120.069930,101.529032,100.342380,1.186652,1.539650,-0.352997,42.083294,100.540997,110.496070,90.585924,0.234119,4.411084,0.046312,-0.064469,-0.076431,0.064475,-0.081727,-0.239159,-0.202271,0.454487,-0.372908,-0.372908,0.096151,1294725.000000,170669808.763300,-0.156635
2022-08-10,100.559998,103.529999,99.430000,103.300003,1371000,0.000000,0.000000,98.957156,101.879818,97.845170,101.653488,101.057345,99.285048,106.750856,119.904892,101.548179,100.439499,1.108680,1.453456,-0.344776,51.752301,101.057345,110.022077,92.092613,0.533249,4.569760,0.044954,0.067259,-0.013748,0.120192,-0.024311,-0.203976,-0.136269,0.504800,-0.330730,-0.330730,0.169877,1283765.000000,141624304.113000,-0.119486
2022-08-11,103.849998,106.699997,101.500000,101.720001,1125000,0.000000,0.000000,102.194726,104.999298,99.882184,100.098679,101.416807,99.105173,106.427283,119.737720,101.325179,100.414253,0.910926,1.344950,-0.434024,49.588495,101.416807,109.543265,93.290349,0.418899,4.608857,0.046043,-0.015295,-0.041553,0.096053,0.002978,-0.237216,-0.122115,0.510097,-0.340967,-0.340967,0.151984,1291530.000000,114435001.125000,-0.121594
2022-08-12,102.669998,105.070000,102.250000,104.529999,1222900,0.000000,0.000000,101.033515,103.395262,100.620211,102.863869,101.825552,99.002823,106.129791,119.600078,101.561901,100.595706,0.966195,1.269199,-0.303004,53.326116,101.825552,109.325384,94.325720,0.569223,4.515123,0.043894,0.027625,-0.011443,0.107141,0.012825,-0.204473,-0.075352,0.514492,-0.322761,-0.322761,0.183807,1291915.000000,127829735.777100,-0.134588
2022-08-15,103.769997,105.709999,103.300003,105.389999,800500,0.000000,0.000000,102.115986,104.025066,101.653483,103.710167,102.332161,98.807283,105.843118,119.455970,101.892403,100.826407,1.065996,1.228558,-0.162562,54.439480,102.332161,108.781511,95.882810,0.606833,4.362013,0.042060,0.008227,0.018654,0.095272,-0.034368,-0.151857,-0.089736,0.512188,-0.317189,-0.317189,0.193546,1243370.000000,84364694.199500,-0.146443
2022-08-16,105.809998,106.320000,104.389999,105.070000,994100,0.000000,0.000000,104.123482,104.625355,102.726117,103.395279,102.618034,98.679183,105.577364,119.292227,102.123615,101.016694,1.106921,1.204231,-0.097310,53.924058,102.618034,108.694820,96.541249,0.563952,4.186101,0.040486,-0.003036,0.085546,0.104910,-0.017238,-0.164898,-0.091640,0.509522,-0.319262,-0.319262,0.189923,1214970.000000,104450087.000000,-0.140687
2022-08-17,103.269997,104.330002,100.580002,103.410004,1099400,0.000000,0.000000,101.623951,102.667060,98.976833,101.761726,102.654109,98.523524,105.256374,119.110157,102.067940,101.071881,0.996058,1.162596,-0.166538,51.215058,102.654109,108.699944,96.608275,0.426199,4.202697,0.041299,-0.015799,0.001065,0.041810,-0.078327,-0.227262,-0.080720,0.494298,-0.330017,-0.330017,0.171123,1205750.000000,113688958.397600,-0.157897
2022-08-18,103.669998,106.790001,103.639999,105.470001,800900,0.000000,0.000000,102.017612,105.087886,101.988092,103.788925,102.671597,98.383634,104.949566,118.927771,102.332707,101.273144,1.059563,1.141990,-0.082427,54.284356,102.671597,108.729005,96.614189,0.592228,4.140087,0.039889,0.019921,0.036866,0.027204,0.002524,-0.219610,-0.052160,0.484929,-0.316671,-0.316671,0.194453,1194740.000000,84470923.800900,-0.132979
2022-08-19,103.820000,104.589996,102.239998,102.900002,1129800,0.000000,0.000000,102.165207,102.922930,100.610389,101.259872,102.707159,98.215382,104.611279,118.726213,102.167655,101.272161,0.895495,1.092691,-0.197196,50.053449,102.707159,108.720279,96.694038,0.379656,4.071405,0.040207,-0.024367,-0.015593,-0.021068,-0.023944,-0.227847,-0.085010,0.486040,-0.333322,-0.333322,0.165347,1202835.000000,116256422.259600,-0.139563
2022-08-22,100.489998,100.809998,98.680000,99.019997,1178500,0.000000,0.000000,98.888274,99.203174,97.107127,97.441704,102.604902,98.043325,104.202295,118.496338,101.440586,100.988423,0.452163,0.964585,-0.512422,44.424088,102.604902,108.911024,96.298781,0.090620,4.077215,0.041843,-0.037707,-0.060442,-0.030900,-0.066059,-0.238071,-0.117634,0.494078,-0.358460,-0.358460,0.121406,1215110.000000,116695066.464500,-0.156502
2022-08-23,99.370003,102.040001,99.059998,101.089996,767700,0.000000,0.000000,97.786143,100.413584,97.481079,99.478722,102.647265,97.989875,103.866629,118.265262,101.138761,100.876593,0.262167,0.824102,-0.561934,47.797293,102.647265,108.851559,96.442970,0.244649,3.998262,0.040192,0.020905,-0.037879,-0.000082,-0.051184,-0.201662,-0.119064,0.498437,-0.345048,-0.345048,0.144849,1199335.000000,77606789.929200,-0.124527
2022-08-24,101.529999,101.709999,99.809998,100.930000,568100,0.000000,0.000000,99.911709,100.088840,98.219123,99.321274,102.416299,98.049487,103.570449,118.048612,100.859147,100.761384,0.097763,0.678834,-0.581071,47.557024,102.416299,108.760225,96.072372,0.256064,3.846223,0.038725,-0.001583,-0.023982,0.006994,-0.002551,-0.187031,-0.120687,0.497421,-0.346085,-0.346085,0.143037,1145465.000000,57338333.000000,-0.106159
2022-08-25,100.800003,106.830002,100.800003,106.699997,1040100,0.000000,0.000000,99.193345,105.127231,99.193345,104.999298,102.399921,98.207518,103.391265,117.847544,101.496093,101.075304,0.420789,0.627225,-0.206435,56.122986,102.399921,108.713829,96.086012,0.705845,3.995342,0.038051,0.057168,0.011662,0.010186,0.042938,-0.191398,-0.075237,0.502022,-0.308702,-0.308702,0.208382,1132305.000000,110978666.879700,-0.062402
2022-08-26,106.529999,107.059998,99.989998,100.110001,1431300,0.000000,0.000000,104.831997,105.353548,98.396238,98.514328,101.923125,98.177056,103.153421,117.611500,101.037360,100.885602,0.151758,0.532132,-0.380373,46.734027,101.923125,107.870011,95.976240,0.213396,4.206911,0.042704,-0.061762,-0.027114,-0.064680,-0.072901,-0.247882,-0.136678,0.544314,-0.351398,-0.351398,0.133750,1151925.000000,143287444.431300,-0.107061
2022-08-29,98.750000,100.230003,96.190002,96.309998,1335000,0.000000,0.000000,97.176021,98.632435,94.656827,94.774910,101.240678,98.249169,102.948418,117.372903,100.073906,100.432958,-0.359052,0.353895,-0.712947,42.335914,101.240678,107.179112,95.302244,-0.044400,4.190390,0.044214,-0.037958,-0.027368,-0.122863,-0.145867,-0.260571,-0.195319,0.547134,-0.376017,-0.376017,0.090715,1136980.000000,128573847.330000,-0.136515
2022-08-30,98.110001,98.360001,94.440002,95.860001,1136300,0.000000,0.000000,96.546222,96.792237,92.934720,94.332085,100.800803,98.326781,102.781914,117.109077,99.190549,99.981042,-0.790492,0.125017,-0.915510,41.833833,100.800803,107.414975,94.186630,0.010996,4.166613,0.044170,-0.004672,-0.051736,-0.129969,-0.135301,-0.219523,-0.203259,0.546152,-0.378933,-0.378933,0.085619,1114095.000000,108925719.136300,-0.118891
2022-08-31,95.019997,96.050003,93.870003,94.879997,1481100,0.000000,0.000000,93.505474,94.519063,92.373810,93.367706,100.315661,98.310975,102.588477,116.840968,98.294727,99.491165,-1.196438,-0.139274,-1.057164,40.701750,100.315661,107.616584,93.014737,0.024173,4.022230,0.043079,-0.010223,-0.059943,-0.094657,-0.135335,-0.245649,-0.207728,0.523967,-0.385282,-0.385282,0.074520,1094995.000000,140526763.556700,-0.120474
2022-09-01,92.599998,92.970001,89.199997,92.660004,1572000,0.000000,0.000000,91.124041,91.488147,87.778233,91.183090,99.652896,98.253835,102.426436,116.560906,97.200629,98.875752,-1.675123,-0.446443,-1.228679,38.181109,99.652896,107.742051,91.563742,-0.023529,4.134176,0.045339,-0.023398,-0.131584,-0.115333,-0.196534,-0.243979,-0.221797,0.527925,-0.399665,-0.399665,0.049379,1123650.000000,145661526.288000,-0.153360
2022-09-02,94.000000,94.900002,91.150002,92.080002,954200,0.000000,0.000000,92.501730,93.387387,89.697158,90.612335,98.980783,98.223230,102.272637,116.262531,96.187045,98.263647,-2.076602,-0.772475,-1.304127,37.527221,98.980783,107.736357,90.225208,0.022107,4.102466,0.045275,-0.006259,-0.080212,-0.132385,-0.174753,-0.206919,-0.237015,0.523589,-0.403423,-0.403423,0.042810,1129610.000000,87862737.908400,-0.142964
2022-09-06,92.349998,94.129997,91.019997,93.080002,1330500,0.000000,0.000000,90.878045,92.629672,89.569242,91.596413,98.470057,98.012134,102.105004,115.971286,95.480794,97.769778,-2.288984,-1.075777,-1.213207,39.452595,98.470057,107.708850,89.231263,0.128001,4.028034,0.043976,0.010860,-0.033537,-0.119727,-0.163844,-0.189103,-0.233414,0.526891,-0.396944,-0.396944,0.054136,1155085.000000,123842942.661000,-0.121025
2022-09-07,92.870003,97.290001,92.870003,96.910004,1232500,0.000000,0.000000,91.389734,95.739282,91.389734,95.365341,98.475961,97.862258,101.941760,115.693241,95.463032,97.591671,-2.128639,-1.286349,-0.842290,46.281082,98.475961,107.706230,89.245691,0.331499,4.051000,0.042479,0.041147,0.010953,-0.063309,-0.139173,-0.188890,-0.201085,0.547236,-0.372130,-0.372130,0.097510,1128545.000000,119441579.930000,-0.107689
2022-09-08,95.980003,100.669998,95.529999,100.610001,1359500,0.000000,0.000000,94.450164,99.065404,94.007332,99.006363,98.343604,97.808210,101.850192,115.432469,96.008160,97.696463,-1.688303,-1.366740,-0.321563,51.922183,98.343604,107.457205,89.230004,0.536361,4.122933,0.041643,0.038180,0.060392,0.039467,-0.097254,-0.195816,-0.157497,0.515483,-0.348158,-0.348158,0.139413,1127970.000000,136779296.359500,-0.078709
2022-09-09,101.919998,104.320000,101.919998,103.309998,1011000,0.000000,0.000000,100.295486,102.657234,100.295486,101.663330,98.421837,97.995282,101.760144,115.197201,96.878186,97.990305,-1.112119,-1.315816,0.203697,55.587328,98.421837,107.625292,89.218382,0.676102,4.089215,0.040223,0.026836,0.114936,0.000097,-0.041315,-0.163557,-0.134237,0.468194,-0.330665,-0.330665,0.169990,1122270.000000,104446407.978000,-0.071779
2022-09-12,103.309998,103.309998,101.379997,102.830002,1182500,0.000000,0.000000,101.663332,101.663332,99.764094,101.190987,98.338193,98.207515,101.626669,114.966589,97.541694,98.227393,-0.685699,-1.189792,0.504094,54.787704,98.338193,107.400999,89.275387,0.657390,3.932788,0.038865,-0.004646,0.116746,0.010912,-0.009400,-0.147037,-0.144903,0.465134,-0.333775,-0.333775,0.164555,1120250.000000,121596477.365000,-0.091092
2022-09-13,98.129997,99.070000,95.180000,95.389999,1597000,0.000000,0.000000,96.565908,97.490928,93.662931,93.869583,97.846164,98.347058,101.399548,114.692205,96.976754,97.904592,-0.927838,-1.137402,0.209563,44.179300,97.846164,106.748052,88.944275,0.276644,4.189593,0.044632,-0.072352,0.024817,-0.087439,-0.025650,-0.202012,-0.228700,0.518682,-0.381978,-0.381978,0.080296,1160075.000000,152337828.403000,-0.101912
2022-09-14,95.760002,96.570000,93.849998,95.150002,991000,0.000000,0.000000,94.233685,95.030772,92.354125,93.633408,97.358070,98.435275,101.200321,114.429106,96.462393,97.588208,-1.125815,-1.135084,0.009269,43.884112,97.358070,106.046805,88.669335,0.285661,4.081525,0.043590,-0.002516,-0.018161,-0.097163,-0.035679,-0.232353,-0.254612,0.516866,-0.383533,-0.383533,0.077578,1159920.000000,94293651.982000,-0.117993
2022-09-15,94.500000,95.430000,92.089996,93.169998,1050800,0.000000,0.000000,92.993762,93.908939,90.622172,91.684959,96.854232,98.455618,101.010391,114.128095,95.727403,97.150930,-1.423527,-1.192773,-0.230754,41.424981,96.854232,105.635935,88.072528,0.205679,4.024757,0.043898,-0.020809,-0.073949,-0.113258,-0.083493,-0.302688,-0.286993,0.519956,-0.396361,-0.396361,0.055155,1157490.000000,97903033.898400,-0.124326
2022-09-16,91.410004,93.580002,90.699997,92.800003,1588700,0.000000,0.000000,89.953010,92.088420,89.254320,91.320854,96.230828,98.457667,100.797959,113.867812,95.049472,96.719073,-1.669600,-1.288138,-0.381462,40.963037,96.230828,104.704536,87.757120,0.210282,3.939710,0.043141,-0.003971,-0.101733,-0.102601,0.001663,-0.310608,-0.300392,0.518528,-0.398758,-0.398758,0.050964,1196880.000000,147431364.766100,-0.073698
2022-09-19,91.300003,94.529999,91.300003,94.330002,828700,0.000000,0.000000,89.844781,93.023294,89.844781,92.826485,95.809159,98.515195,100.647834,113.602396,94.707474,96.430733,-1.723259,-1.375162,-0.348096,43.756087,95.809159,104.065701,87.552616,0.319375,3.885339,0.041856,0.016487,-0.082661,-0.105622,0.026257,-0.299190,-0.283364,0.516613,-0.388846,-0.388846,0.068292,1181825.000000,78171272.657400,-0.041964
2022-09-20,93.540001,94.000000,91.400002,92.129997,728900,0.000000,0.000000,92.049067,92.501734,89.943177,90.661537,95.470150,98.538862,100.491383,113.303629,94.085023,96.003385,-1.918363,-1.483803,-0.434560,40.769317,95.470150,103.996816,86.943485,0.218025,3.813765,0.042066,-0.023323,-0.034176,-0.104665,-0.037134,-0.316346,-0.282194,0.516126,-0.403099,-0.403099,0.043377,1159345.000000,67153554.813300,-0.069273
2022-09-21,92.769997,95.980003,91.389999,91.440002,959700,0.000000,0.000000,91.291332,94.450174,89.933330,89.982536,94.995341,98.523584,100.262032,113.027036,93.453871,95.557396,-2.103526,-1.607747,-0.495779,39.850551,94.995341,103.638933,86.351749,0.210028,3.863985,0.042941,-0.007489,-0.038991,-0.076550,-0.043147,-0.320257,-0.294257,0.502237,-0.407570,-0.407570,0.035562,1168945.000000,87754969.919400,-0.058266
2022-09-22,91.000000,91.000000,86.320000,87.089996,2016200,0.000000,0.000000,89.549540,89.549540,84.944135,85.701859,94.314370,98.411090,100.024844,112.742534,92.261254,94.827357,-2.566103,-1.799418,-0.766685,34.562415,94.314370,103.641876,84.986865,0.038327,3.947872,0.046065,-0.047572,-0.065257,-0.138491,-0.069899,-0.340606,-0.345995,0.516466,-0.435753,-0.435753,0.000000,1241350.000000,175590849.935200,-0.055176
2022-09-23,86.330002,87.379997,84.029999,87.230003,2590500,0.000000,0.000000,84.953981,85.987241,82.690638,85.839638,93.356387,98.269695,99.745714,112.419904,91.273313,94.161600,-2.888287,-2.017192,-0.871095,34.862026,93.356387,101.971673,84.741101,0.063755,3.901353,0.045449,0.001608,-0.060022,-0.135738,-0.159681,-0.358739,-0.350968,0.516971,-0.434846,-0.434846,0.001608,1318870.000000,225969322.771500,-0.095956
2022-09-26,87.410004,88.860001,84.129997,84.150002,1864000,0.000000,0.000000,86.016772,87.443657,82.789046,82.808731,92.571108,98.032090,99.428312,112.083296,89.971069,93.320646,-3.349577,-2.283669,-1.065908,31.450616,92.571108,102.028774,83.113441,-0.016109,3.955157,0.047763,-0.035309,-0.107919,-0.211340,-0.194930,-0.384183,-0.362682,0.470864,-0.454801,-0.454801,0.000000,1340505.000000,156855603.728000,-0.132314
2022-09-27,85.989998,87.209999,83.330002,84.830002,1182500,0.000000,0.000000,84.619389,85.819944,82.001791,83.477882,92.006256,97.830087,99.077979,111.781001,88.972117,92.591553,-3.619435,-2.550822,-1.068613,33.009209,92.006256,102.228258,81.784254,0.082842,3.945371,0.047262,0.008081,-0.079236,-0.152632,-0.179246,-0.382051,-0.347632,0.436558,-0.450395,-0.450395,0.008081,1332880.000000,100311477.365000,-0.147762
2022-09-28,83.980003,89.680000,83.389999,89.139999,2974700,0.000000,0.000000,82.641449,88.250594,82.060849,87.719200,91.675612,97.630915,98.828460,111.498734,88.779361,92.230638,-3.451277,-2.730913,-0.720364,42.009334,91.675612,102.008056,81.343168,0.308544,4.105683,0.046805,0.050808,-0.025153,-0.074447,-0.049730,-0.365916,-0.276788,0.465814,-0.422471,-0.422471,0.059299,1424800.000000,265164755.025300,-0.038435
2022-09-29,87.000000,88.709999,87.000000,87.849998,2844600,0.000000,0.000000,85.613310,87.296054,85.613310,86.449760,91.329715,97.339106,98.561723,111.232744,88.420961,91.802425,-3.381464,-2.861023,-0.520440,40.265664,91.329715,101.884440,80.774989,0.268826,3.962841,0.045840,-0.014472,0.008727,-0.083559,-0.045591,-0.350224,-0.300936,0.467421,-0.430829,-0.430829,0.043969,1492975.000000,249898104.310800,-0.019184
2022-09-30,86.120003,86.230003,82.500000,83.019997,2193800,0.000000,0.000000,84.747334,84.855582,81.185031,81.696739,90.855397,96.904257,98.341448,110.938375,87.386465,91.053855,-3.667390,-3.022297,-0.645093,34.492824,90.855397,102.256540,79.454254,0.098345,4.055833,0.049645,-0.054980,-0.048263,-0.125000,-0.059795,-0.366394,-0.338478,0.499844,-0.462122,-0.462122,0.000000,1524065.000000,182129269.418600,-0.010169
2022-10-03,83.940002,87.720001,83.370003,86.500000,2135800,0.000000,0.000000,82.602068,86.321817,82.041154,85.121262,90.580843,96.595710,98.150797,110.664467,87.037972,90.614404,-3.576432,-3.133124,-0.443308,41.050498,90.580843,102.267519,78.894167,0.266419,4.096493,0.048125,0.041917,0.027926,-0.066480,-0.045967,-0.307494,-0.305008,0.521702,-0.439575,-0.439575,0.041917,1583145.000000,184746700.000000,-0.001205
2022-10-04,89.330002,90.870003,88.680000,89.699997,1781400,0.000000,0.000000,87.906181,89.421636,87.266540,88.270279,90.414537,96.371379,98.035485,110.451011,87.227558,90.440765,-3.213207,-3.149140,-0.064067,46.367297,90.414537,102.134978,78.694095,0.408525,4.111056,0.046574,0.036994,0.057409,-0.025847,-0.026443,-0.278241,-0.251045,0.539259,-0.418843,-0.418843,0.080463,1605690.000000,159791574.655800,-0.010122
2022-10-05,89.160004,91.199997,86.610001,90.320000,1129800,0.000000,0.000000,87.738864,89.746342,85.229506,88.880371,90.090288,96.176357,97.908676,110.242911,87.481837,90.325180,-2.843343,-3.087981,0.244638,47.357919,90.090288,101.590787,78.589789,0.447397,4.140040,0.046580,0.006912,0.013237,-0.029652,-0.025631,-0.228972,-0.252217,0.538366,-0.414826,-0.414826,0.087930,1600555.000000,102043536.000000,0.015045
2022-10-06,90.010002,91.760002,88.139999,88.190002,1149600,0.000000,0.000000,88.575315,90.297421,86.735119,86.784325,89.479186,95.833231,97.702506,110.039643,87.374527,90.062895,-2.688367,-3.008058,0.319691,44.328550,89.479186,100.261297,78.697075,0.375031,4.098773,0.047229,-0.023583,0.003870,-0.089980,-0.035195,-0.218036,-0.264938,0.521118,-0.428626,-0.428626,0.062274,1590060.000000,101383226.299200,0.013107
2022-10-07,85.620003,85.820000,81.680000,82.139999,1621200,0.000000,0.000000,84.255300,84.452109,80.378098,80.830765,88.437558,95.343309,97.458724,109.791296,86.367795,89.379033,-3.011239,-3.008694,-0.002544,37.074292,88.437558,98.244625,78.630491,0.112178,4.263591,0.052747,-0.068602,-0.010600,-0.183580,-0.096643,-0.282852,-0.323181,0.543132,-0.467823,-0.467823,0.000000,1620570.000000,133165366.378800,-0.033315
2022-10-10,82.430000,82.480003,79.190002,80.389999,1881800,0.000000,0.000000,81.116159,81.165365,77.927803,79.108673,87.333442,94.764478,97.145713,109.531835,85.251007,88.618266,-3.367259,-3.080407,-0.286852,35.276028,87.333442,96.000924,78.665961,0.025539,4.190304,0.052969,-0.021305,-0.070636,-0.221856,-0.128245,-0.263332,-0.334484,0.528462,-0.479161,-0.479161,0.000000,1655535.000000,151277900.118200,-0.064095
2022-10-11,79.300003,79.919998,76.389999,77.730003,2654900,0.000000,0.000000,78.036026,78.646139,75.172405,76.491051,86.464516,94.125822,96.875347,109.243043,83.903321,87.719954,-3.816632,-3.227652,-0.588980,32.681171,86.464516,95.829405,77.099626,-0.032492,4.172158,0.054544,-0.033089,-0.133445,-0.244092,-0.162444,-0.278334,-0.363699,0.533087,-0.496395,-0.496395,0.000000,1708430.000000,206365384.964700,-0.089416
2022-10-12,77.250000,77.989998,75.559998,76.199997,1185100,0.000000,0.000000,76.018718,76.746921,74.355652,74.985451,85.532118,93.562939,96.587762,108.926307,82.531341,86.776657,-4.245316,-3.431185,-0.814131,31.256980,85.532118,95.580098,75.484137,-0.024815,4.044952,0.053943,-0.019683,-0.156333,-0.201174,-0.192919,-0.307995,-0.371712,0.488147,-0.506308,-0.506308,0.000000,1718135.000000,90304616.444700,-0.118785
2022-10-13,71.510002,80.400002,70.980003,78.470001,1709200,0.000000,0.000000,70.370191,79.118491,69.848640,77.219254,84.808833,93.045914,96.316616,108.627758,81.714097,86.068701,-4.354604,-3.615869,-0.738735,35.731907,84.808833,95.072232,74.545433,0.130260,4.418159,0.057216,0.029790,-0.110217,-0.175302,-0.184496,-0.308627,-0.350004,0.507007,-0.491601,-0.491601,0.029790,1751055.000000,134120925.709200,-0.114356
2022-10-14,79.690002,79.820000,73.720001,73.790001,1678400,0.000000,0.000000,78.419814,78.547739,72.544969,72.613853,83.873483,92.409423,95.994303,108.309176,80.314059,85.072046,-4.757986,-3.844292,-0.913694,31.219661,83.873483,95.010581,72.736385,-0.005501,4.531345,0.062403,-0.059641,-0.101656,-0.208007,-0.224029,-0.328664,-0.421219,0.535772,-0.521922,-0.521922,0.000000,1755540.000000,123849137.678400,-0.132598
2022-10-17,76.180000,77.370003,75.129997,75.470001,1274100,0.000000,0.000000,74.965757,76.136792,73.932490,74.267075,82.945512,91.813672,95.741221,108.002098,79.383754,84.271678,-4.887924,-4.053019,-0.834905,34.421127,82.945512,94.034342,71.856682,0.108686,4.459316,0.060044,0.022767,-0.061202,-0.186746,-0.239673,-0.328921,-0.417515,0.547748,-0.511038,-0.511038,0.022767,1777810.000000,96156328.274100,-0.151110
2022-10-18,78.440002,78.940002,74.989998,76.629997,1246400,0.000000,0.000000,77.189740,77.681770,73.794725,75.408585,82.182864,91.285625,95.488542,107.699060,78.772190,83.615152,-4.842963,-4.211007,-0.631955,36.614965,82.182864,93.134489,71.231240,0.190718,4.418440,0.058593,0.015370,-0.014152,-0.187639,-0.253678,-0.341631,-0.407102,0.547100,-0.503522,-0.503522,0.038488,1803685.000000,95511628.260800,-0.159100
2022-10-19,75.959999,77.110001,75.129997,76.500000,859300,0.000000,0.000000,74.749254,75.880925,73.932481,75.280647,81.447770,90.886293,95.178740,107.396314,78.235029,82.997782,-4.762752,-4.321356,-0.441396,36.467716,81.447770,92.166217,70.729323,0.212313,4.242012,0.056349,-0.001697,0.003937,-0.169652,-0.272223,-0.354267,-0.406231,0.545230,-0.504364,-0.504364,0.036726,1798665.000000,65736450.000000,-0.157866
2022-10-20,77.339996,78.730003,75.070000,75.910004,1176600,0.000000,0.000000,76.107265,77.475117,73.873451,74.700066,80.897680,90.347225,94.816136,107.086593,77.691189,82.383136,-4.691947,-4.395475,-0.296473,35.764807,80.897680,91.824100,69.971261,0.216393,4.196273,0.056175,-0.007712,-0.032624,-0.169838,-0.257075,-0.342175,-0.417925,0.545227,-0.508187,-0.508187,0.028730,1756685.000000,89315710.706400,-0.154045
2022-10-21,75.370003,77.370003,74.809998,77.279999,1207500,0.000000,0.000000,74.168673,76.136795,73.617594,76.048225,80.408110,89.866216,94.485695,106.818602,77.438425,81.913883,-4.475458,-4.411471,-0.063987,38.718613,80.408110,91.279484,69.536735,0.299479,4.076482,0.053604,0.018048,0.047296,-0.112642,-0.235595,-0.312887,-0.420877,0.532852,-0.499311,-0.499311,0.047296,1687535.000000,93315598.792500,-0.157264
2022-10-24,77.080002,77.489998,74.919998,77.250000,1059400,0.000000,0.000000,75.851403,76.254864,73.725829,76.018692,80.068608,89.329312,94.166067,106.536330,77.220005,81.477202,-4.257198,-4.380617,0.123419,38.676655,80.068608,91.047880,69.089335,0.315565,3.965950,0.052171,-0.000388,0.023585,-0.114410,-0.229265,-0.324663,-0.435482,0.532579,-0.499505,-0.499505,0.046890,1647305.000000,81838650.000000,-0.176512
2022-10-25,77.970001,81.080002,77.750000,79.739998,1154300,0.000000,0.000000,76.727218,79.787647,76.510723,78.469002,79.818164,88.824489,93.815886,106.280836,77.412158,81.254373,-3.842215,-4.272936,0.430721,44.090126,79.818164,90.698055,68.938272,0.437997,3.951879,0.050362,0.032233,0.040584,-0.052407,-0.245059,-0.272351,-0.412363,0.535894,-0.483373,-0.483373,0.080634,1645895.000000,92043879.691400,-0.175805
2022-10-26,78.220001,82.419998,77.480003,80.269997,1367900,0.000000,0.000000,76.973250,81.106303,76.245047,78.990570,79.381732,88.336395,93.507789,106.018626,77.654991,81.086684,-3.431693,-4.104688,0.672995,45.199077,79.381732,89.607770,69.155695,0.480874,4.016834,0.050852,0.006647,0.049281,-0.053755,-0.250043,-0.256955,-0.394208,0.535577,-0.479939,-0.479939,0.087817,1565555.000000,109801328.896300,-0.152071
2022-10-27,80.910004,82.190002,78.750000,78.800003,1118300,0.000000,0.000000,79.620383,80.879980,77.494808,77.544014,78.936445,87.852040,93.187782,105.743392,77.637917,80.824264,-3.186346,-3.921019,0.734673,42.671135,78.936445,88.628230,69.244660,0.428164,3.971716,0.051219,-0.018313,0.038072,-0.115997,-0.282334,-0.313269,-0.414903,0.502050,-0.489463,-0.489463,0.067896,1479240.000000,88122043.354900,-0.153364
2022-10-28,78.739998,82.010002,78.180000,80.889999,1383200,0.000000,0.000000,77.484953,80.702836,76.933881,79.600685,78.831642,87.368275,92.875955,105.478098,77.939882,80.733628,-2.793747,-3.695565,0.901818,47.193247,78.831642,88.442745,69.220540,0.540008,3.957233,0.049714,0.026523,0.046713,-0.079226,-0.265838,-0.272526,-0.415319,0.512658,-0.475922,-0.475922,0.096219,1438710.000000,111887046.616800,-0.163442
2022-10-31,80.199997,80.459999,79.150002,79.339996,1659500,0.000000,0.000000,78.921702,79.177560,77.888442,78.075409,78.479350,86.904586,92.559984,105.221568,77.960732,80.536723,-2.575991,-3.471650,0.895659,44.396307,78.479350,87.624996,69.333703,0.477916,3.796876,0.048631,-0.019162,0.027055,-0.044326,-0.242939,-0.313639,-0.434955,0.481324,-0.485964,-0.485964,0.075214,1414895.000000,131664723.362000,-0.132757
2022-11-01,81.489998,81.800003,79.699997,80.360001,1723700,0.100000,0.000000,80.292322,80.597771,78.528629,79.178932,78.024782,86.539331,92.291328,104.961723,78.148147,80.436146,-2.287999,-3.234920,0.946921,46.850561,78.024782,85.942757,70.106808,0.572882,3.705840,0.046803,0.014134,0.009047,-0.069810,-0.231799,-0.308777,-0.435509,0.458681,-0.478699,-0.478699,0.090411,1412010.000000,138516533.723700,-0.091501
2022-11-02,75.000000,75.110001,62.450001,63.509998,9647200,0.000000,0.000000,73.897711,74.006095,61.532161,62.576580,76.709593,85.801288,91.895581,104.648998,75.752522,79.113215,-3.360694,-3.260075,-0.100619,27.315941,76.709593,85.700895,67.718291,-0.285927,4.701620,0.075134,-0.209681,-0.207797,-0.291080,-0.400828,-0.471977,-0.557986,0.831708,-0.588006,-0.588006,0.000000,1837880.000000,612693652.705600,-0.228211
2022-11-03,62.860001,63.869999,61.869999,63.470001,3605900,0.000000,0.000000,61.936135,62.931289,60.960684,62.537170,75.497235,85.065606,91.557546,104.336370,73.719391,77.885360,-4.165969,-3.441254,-0.724716,27.286856,75.497235,85.273337,65.721133,-0.162844,4.506548,0.072062,-0.000630,-0.193527,-0.296389,-0.398997,-0.444958,-0.563948,0.829637,-0.588265,-0.588265,0.000000,1960695.000000,228866476.605900,-0.216133
2022-11-04,65.199997,65.629997,61.750000,63.939999,2583900,0.000000,0.000000,64.241739,64.665420,60.842448,63.000259,74.605710,84.225625,91.216571,104.043136,72.070293,76.782760,-4.712466,-3.695496,-1.016970,28.253557,74.605710,85.519721,63.691698,-0.031677,4.457721,0.070757,0.007405,-0.208546,-0.274059,-0.381203,-0.443084,-0.567585,0.832604,-0.585217,-0.585217,0.007405,2008830.000000,165214563.416100,-0.209649
2022-11-07,65.010002,66.720001,63.849998,66.199997,1836600,0.000000,0.000000,64.054538,65.739405,62.911583,65.227043,73.911628,83.559879,90.868468,103.779242,71.017486,75.926781,-4.909295,-3.938256,-0.971039,32.874843,73.911628,85.371830,62.451427,0.121098,4.341300,0.066557,0.035346,-0.164564,-0.193042,-0.315182,-0.371150,-0.542752,0.824006,-0.570556,-0.570556,0.043012,2006570.000000,121582914.490200,-0.160754
2022-11-08,68.150002,69.580002,67.010002,68.250000,1927500,0.000000,0.000000,67.148397,68.557380,66.025152,67.246925,73.449422,83.009320,90.629244,103.512590,70.437399,75.283829,-4.846429,-4.119891,-0.726539,36.848399,73.449422,85.213231,61.685613,0.236374,4.269088,0.063484,0.030967,-0.150697,-0.149942,-0.338469,-0.354552,-0.536908,0.833782,-0.557257,-0.557257,0.075311,1970200.000000,131551875.000000,-0.164324
2022-11-09,67.110001,67.110001,64.739998,64.839996,1978700,0.000000,0.000000,66.123669,66.123669,63.788499,63.887028,72.894501,82.400419,90.363600,103.261578,69.429650,74.439621,-5.009971,-4.297907,-0.712064,33.315546,72.894501,85.378262,60.410739,0.139232,4.211184,0.065916,-0.049964,0.020942,-0.164778,-0.361760,-0.359859,-0.561587,0.842634,-0.579378,-0.579378,0.021585,2009880.000000,128298900.085200,-0.171872
2022-11-10,69.489998,74.959999,68.459999,74.720001,3182100,0.000000,0.000000,68.468696,73.858304,67.453836,73.621834,72.714630,82.005501,90.158238,103.058258,70.074601,74.379044,-4.304443,-4.299214,-0.005229,48.670814,72.714630,85.038666,60.390593,0.536806,4.622619,0.062789,0.152375,0.177249,-0.018185,-0.284279,-0.275100,-0.483334,1.005197,-0.515286,-0.515286,0.177249,2083525.000000,237766515.182100,-0.136121
2022-11-11,74.889999,77.650002,73.949997,76.550003,1981700,0.000000,0.000000,73.789328,76.508766,72.863141,75.424934,72.855184,81.690338,89.972086,102.896883,70.897729,74.456518,-3.558788,-4.151129,0.592341,50.924904,72.855184,85.238359,60.472009,0.603760,4.552834,0.060362,0.024491,0.197216,-0.023237,-0.272733,-0.297728,-0.487245,1.003462,-0.503415,-0.503415,0.206082,2098690.000000,151699140.945100,-0.135263
2022-11-14,75.750000,76.220001,74.050003,75.260002,2143100,0.000000,0.000000,74.636704,75.099798,72.961692,74.153908,72.849525,81.361169,89.792200,102.720515,71.398680,74.434102,-3.035422,-3.927987,0.892565,49.281992,72.849525,85.230087,60.468964,0.552679,4.403577,0.059384,-0.016852,0.136858,0.021209,-0.282811,-0.295174,-0.495515,0.981639,-0.511783,-0.511783,0.185757,2142140.000000,161289710.286200,-0.137318
2022-11-15,79.070000,81.620003,78.309998,80.290001,2138500,0.000000,0.000000,77.907899,80.420425,77.159067,79.109970,73.034595,81.111441,89.561787,102.527950,72.585032,74.780463,-2.195430,-3.581476,1.386046,55.333124,73.034595,85.683966,60.385223,0.740145,4.536644,0.057346,0.066835,0.176410,0.065209,-0.222596,-0.283488,-0.462552,1.004454,-0.479153,-0.479153,0.265007,2186745.000000,171700167.138500,-0.100499
2022-11-16,76.889999,77.389999,72.690002,72.830002,1638900,0.000000,0.000000,75.759916,76.252568,71.621648,71.759590,72.858542,80.639326,89.250792,102.255902,72.458041,74.556694,-2.098653,-3.284911,1.186258,46.476544,72.858542,85.474257,60.242826,0.456445,4.747478,0.066158,-0.092913,0.123226,-0.048390,-0.308601,-0.306856,-0.522517,1.058991,-0.527547,-0.527547,0.147471,2225725.000000,119361090.277800,-0.171182
2022-11-17,70.470001,72.050003,69.870003,71.639999,1575700,0.000000,0.000000,69.434295,70.991075,68.843114,70.587097,72.652893,80.070940,88.939575,101.957806,72.170204,74.262650,-2.092446,-3.046418,0.953972,45.232832,72.652893,85.276303,60.029484,0.418176,4.616692,0.065404,-0.016339,-0.041221,-0.062347,-0.302911,-0.319603,-0.528934,1.060481,-0.535266,-0.535266,0.128722,2245680.000000,112883146.424300,-0.180107
2022-11-18,74.110001,74.230003,71.129997,73.339996,1309000,0.000000,0.000000,73.020795,73.139034,70.084589,72.262108,72.463588,79.482916,88.739099,101.699714,72.184343,74.114462,-1.930119,-2.823159,0.893040,47.398425,72.463588,84.985757,59.941418,0.491955,4.505103,0.062344,0.023730,-0.041933,-0.032637,-0.258407,-0.307395,-0.521362,1.063490,-0.524238,-0.524238,0.155507,2250755.000000,96002054.764000,-0.158620
2022-11-21,72.059998,72.860001,70.500000,71.019997,1046200,0.000000,0.000000,71.000928,71.789173,69.463857,69.976212,72.161463,78.858620,88.533068,101.418160,71.844630,73.807925,-1.963294,-2.651186,0.687891,44.795201,72.161463,84.613858,59.709069,0.412256,4.383185,0.062638,-0.031633,-0.056338,-0.079844,-0.296571,-0.332575,-0.537074,1.067192,-0.539288,-0.539288,0.118954,2250095.000000,74301120.861400,-0.186987
2022-11-22,71.599998,73.360001,71.070000,73.339996,1275400,0.000000,0.000000,70.547683,72.281818,70.025474,72.262108,71.851119,78.426471,88.386764,101.153537,71.908858,73.693420,-1.784562,-2.477861,0.693299,47.878055,71.851119,83.945867,59.756370,0.516990,4.234787,0.058603,0.032667,-0.086561,-0.049417,-0.272441,-0.274297,-0.514096,1.073817,-0.524238,-0.524238,0.155507,2256150.000000,93537830.898400,-0.171317
2022-11-23,73.519997,75.800003,73.430000,75.209999,819600,0.000000,0.000000,72.439473,74.685970,72.350799,74.104637,71.606822,78.035895,88.235585,100.885552,72.246670,73.723880,-1.477210,-2.277731,0.800520,50.287855,71.606822,83.284574,59.929071,0.606948,4.105435,0.055401,0.025498,0.032679,-0.055619,-0.294237,-0.263933,-0.496959,1.071513,-0.512107,-0.512107,0.184969,2228735.000000,61642115.180400,-0.187114
2022-11-25,74.580002,76.400002,74.349998,75.790001,800000,0.000000,0.000000,73.483886,75.277137,73.257263,74.676102,71.463427,77.695718,88.075668,100.602792,72.620429,73.794415,-1.173987,-2.056982,0.882995,51.043865,71.463427,82.902196,60.024657,0.640429,3.956466,0.052982,0.007712,0.057929,-0.054620,-0.241977,-0.297238,-0.497963,1.071608,-0.508345,-0.508345,0.194107,2212820.000000,60632000.800000,-0.166588
2022-11-28,73.650002,74.440002,71.519997,72.250000,2498400,0.000000,0.000000,72.567559,73.345949,70.468859,71.188133,71.042799,77.293064,87.875366,100.312219,72.400075,73.601357,-1.201282,-1.885842,0.684560,46.405138,71.042799,81.821317,60.264281,0.506742,3.974379,0.055829,-0.046708,-0.014862,-0.081965,-0.248872,-0.358437,-0.513255,1.082061,-0.531309,-0.531309,0.138333,2268580.000000,180509400.000000,-0.168309
2022-11-29,72.500000,73.120003,71.519997,72.389999,1692600,0.000000,0.000000,71.434449,72.045339,70.468849,71.326065,70.705332,76.863055,87.689125,100.057454,72.234843,73.432817,-1.197974,-1.748268,0.550294,46.611761,70.705332,80.966994,60.443670,0.530245,3.803101,0.053320,0.001938,0.019290,-0.103952,-0.243883,-0.346187,-0.530401,1.077316,-0.530401,-0.525804,0.140539,2270235.000000,122527312.307400,-0.168200
2022-11-30,72.610001,77.379997,71.330002,77.290001,2094600,0.000000,0.000000,71.542835,76.242726,70.281649,76.154053,70.554088,76.572906,87.555884,99.819166,72.837798,73.634390,-0.796592,-1.557933,0.761341,53.385952,70.554088,80.369353,60.738823,0.785268,3.957242,0.051964,0.067689,0.053859,-0.024609,-0.184364,-0.294749,-0.468856,1.102508,-0.498614,-0.493707,0.217741,2288780.000000,161891636.094600,-0.154896
2022-12-01,77.820000,78.529999,75.110001,76.459999,2490100,0.000000,0.000000,76.676255,77.375819,74.006086,75.336243,71.192071,76.279980,87.401782,99.537399,73.222175,73.760453,-0.538279,-1.354002,0.815723,52.178216,71.192071,80.467962,61.916180,0.723384,3.915277,0.051971,-0.010739,0.016620,-0.048532,-0.173792,-0.336169,-0.483679,1.102209,-0.503998,-0.499144,0.204663,1930925.000000,190393043.509900,-0.148108
2022-12-02,74.610001,75.879997,73.889999,75.809998,3220800,0.000000,0.000000,73.513440,74.764772,72.804021,74.695801,71.800003,76.059859,87.235475,99.245896,73.448886,73.829738,-0.380852,-1.159372,0.778520,51.201343,71.800003,80.243965,63.356040,0.671472,3.816488,0.051094,-0.008501,0.000264,0.193670,-0.175655,-0.319712,-0.503401,0.798266,-0.508215,-0.503239,0.194422,1911670.000000,244168841.558400,-0.161094
2022-12-05,75.290001,78.519997,74.050003,74.870003,6935500,0.000000,0.000000,74.183448,77.365972,72.961675,73.769623,72.338471,75.818458,87.044076,98.959046,73.498230,73.825285,-0.327055,-0.992909,0.665854,49.750741,72.338471,79.727258,64.949683,0.596846,3.858474,0.052304,-0.012399,0.036263,0.179612,-0.194623,-0.326579,-0.492299,0.801209,-0.514313,-0.509399,0.179612,2129250.000000,519260905.806500,-0.168207
2022-12-06,75.050003,75.050003,69.180000,69.599998,1844400,0.000000,0.000000,73.946977,73.946977,68.163247,68.577072,72.505972,75.533825,86.782957,98.662490,72.741129,73.436529,-0.695400,-0.933407,0.238007,42.483665,72.505972,79.347593,65.664351,0.212868,3.995992,0.058270,-0.070389,-0.038541,0.088520,-0.280902,-0.380981,-0.519102,0.847251,-0.548500,-0.543932,0.096581,2129640.000000,128370236.311200,-0.215008
2022-12-07,68.550003,70.510002,68.349998,69.379997,1371100,0.000000,0.000000,67.542510,69.473703,67.345445,68.360306,72.561641,75.231474,86.530781,98.381256,72.067156,73.060512,-0.993356,-0.945397,-0.047959,42.206502,72.561641,79.239238,65.884044,0.185416,3.862583,0.056503,-0.003161,-0.102342,0.048036,-0.309536,-0.376687,-0.545373,0.840561,-0.549927,-0.544660,0.093115,2101820.000000,95126913.886700,-0.233363
2022-12-08,69.860001,72.309998,69.440002,71.720001,1772400,0.000000,0.000000,68.833245,71.247234,68.419420,70.665909,72.900585,74.890408,86.260662,98.123730,71.851580,72.883134,-1.031554,-0.962628,-0.068926,46.225063,72.900585,78.287727,67.513443,0.292592,3.792893,0.053674,0.033727,-0.061993,0.050842,-0.304903,-0.333621,-0.529303,0.841749,-0.534747,-0.509852,0.129983,2091505.000000,127116529.772400,-0.219840
2022-12-09,70.330002,71.730003,69.160004,69.830002,1433100,0.000000,0.000000,69.296347,70.675772,68.143545,68.803696,72.659678,74.537487,85.938296,97.818484,71.382675,72.580954,-1.198279,-1.009758,-0.188521,43.588759,72.659678,78.334271,66.985086,0.160241,3.702846,0.053818,-0.026352,-0.078881,0.076959,-0.320061,-0.326452,-0.521987,0.826632,-0.547008,-0.522768,0.100205,2004055.000000,100073375.866200,-0.217196
2022-12-12,69.440002,72.690002,68.860001,72.690002,1725800,0.000000,0.000000,68.419432,71.621666,67.847954,71.621666,72.469515,74.335985,85.620121,97.521680,71.419443,72.509895,-1.090453,-1.025897,-0.064555,48.385856,72.469515,78.007182,66.931848,0.423447,3.707907,0.051771,0.040957,-0.029117,-0.027168,-0.237009,-0.256579,-0.503223,0.646466,-0.528455,-0.490493,0.145266,1991260.000000,125448405.451600,-0.194904
2022-12-13,77.050003,77.470001,73.139999,74.110001,1799100,0.000000,0.000000,75.917583,76.331408,72.065045,73.020790,72.412859,74.093976,85.344843,97.245918,71.665804,72.547739,-0.881936,-0.997105,0.115169,50.630642,72.412859,77.900930,66.924788,0.555387,3.779467,0.051759,0.019535,0.064799,-0.031875,-0.220142,-0.247966,-0.477108,0.644275,-0.519243,-0.480540,0.167638,1974060.000000,133331302.799100,-0.180647
2022-12-14,73.709999,74.940002,72.180000,73.089996,1261500,0.000000,0.000000,72.626683,73.838609,71.119171,72.015793,72.058150,73.768886,85.070132,97.001674,71.719648,72.508336,-0.788688,-0.955422,0.166734,48.982699,72.058150,76.550363,67.565938,0.495285,3.703751,0.051430,-0.013763,0.053474,-0.028833,-0.214530,-0.280111,-0.487689,0.643390,-0.525860,-0.485245,0.151568,1930210.000000,92203029.954000,-0.181509
2022-12-15,71.550003,71.940002,67.660004,67.839996,2036200,0.000000,0.000000,70.498421,70.882689,66.665594,66.842941,71.812318,73.328137,84.752247,96.717028,70.969386,72.088677,-1.119292,-0.988196,-0.131096,41.496080,71.812318,76.875195,66.749440,0.009234,3.821354,0.057169,-0.071829,-0.054099,-0.155063,-0.268043,-0.266826,-0.522219,0.639564,-0.559917,-0.516822,0.068851,1950075.000000,138135799.855200,-0.212326
2022-12-16,67.260002,68.279999,65.150002,66.320000,1368100,0.000000,0.000000,66.271471,67.276476,64.192481,65.345284,71.550227,72.899357,84.366294,96.440708,70.104139,71.589166,-1.485027,-1.087562,-0.397465,39.608529,71.550227,77.366773,65.733681,-0.033387,3.768686,0.057673,-0.022406,-0.050265,-0.089386,-0.296049,-0.277565,-0.501034,0.562503,-0.569777,-0.527647,0.044903,1939695.000000,90732392.000000,-0.224128
2022-12-19,66.300003,66.629997,63.240002,64.410004,1578900,0.000000,0.000000,65.325566,65.650710,62.310539,63.463345,71.110289,72.552008,83.947659,96.186757,69.082479,70.987254,-1.904775,-1.251005,-0.653771,37.311770,71.110289,77.942457,64.278121,-0.059628,3.738077,0.058901,-0.028800,-0.113909,-0.100921,-0.299997,-0.325991,-0.513692,0.567623,-0.582168,-0.541251,0.014810,1953190.000000,101696955.315600,-0.223059
2022-12-20,63.110001,65.330002,63.049999,64.620003,1567700,0.000000,0.000000,62.182463,64.369837,62.123344,63.670273,70.794992,72.243240,83.503859,95.940324,68.249832,70.445255,-2.195424,-1.439888,-0.755535,37.739273,70.794992,78.387266,63.202718,0.030791,3.631536,0.057037,0.003261,-0.128053,-0.118898,-0.292415,-0.322945,-0.500382,0.559190,-0.580805,-0.539755,0.018119,1979265.000000,101304778.703100,-0.232427
2022-12-21,65.430000,66.830002,64.989998,66.779999,1073200,0.000000,0.000000,64.468373,65.847799,64.034837,65.798531,70.471813,72.029390,83.077606,95.681447,67.872708,70.101053,-2.228345,-1.597580,-0.630765,42.111805,70.471813,78.346165,62.597461,0.203259,3.527678,0.053613,0.033426,-0.086332,-0.059701,-0.232239,-0.285905,-0.495798,0.566127,-0.566793,-0.524371,0.052151,1969155.000000,71668294.926800,-0.199941
2022-12-22,64.430000,65.129997,62.299999,64.500000,2141900,0.000000,0.000000,63.483058,64.172767,61.384362,63.552029,69.944183,71.800721,82.681830,95.383637,67.207988,69.615940,-2.407952,-1.759654,-0.648298,38.998419,69.944183,78.198609,61.689757,0.112804,3.590999,0.056505,-0.034142,-0.049234,-0.120535,-0.259642,-0.377863,-0.514873,0.561395,-0.581584,-0.540610,0.016228,2035270.000000,138152550.000000,-0.223590
2022-12-23,64.029999,65.540001,62.970001,65.489998,1091000,0.000000,0.000000,63.088925,64.576734,62.044507,64.527466,69.436751,71.546886,82.296400,95.098562,66.795600,69.239016,-2.443416,-1.896407,-0.547009,41.036808,69.436751,77.714100,61.159402,0.203451,3.515372,0.054479,0.015349,-0.012515,-0.129238,-0.220765,-0.372662,-0.519347,0.555403,-0.575162,-0.533559,0.031826,2049820.000000,71449587.818000,-0.192526
2022-12-27,65.239998,65.750000,63.299999,64.339996,1290900,0.000000,0.000000,64.281164,64.783671,62.369678,63.394390,69.047064,71.362496,81.885960,94.822360,66.272337,68.806081,-2.533744,-2.023874,-0.509870,39.390242,69.047064,77.702449,60.391679,0.173459,3.436702,0.054211,-0.017560,-0.001087,-0.151075,-0.240585,-0.376707,-0.541725,0.554452,-0.582622,-0.541750,0.013707,1989445.000000,83056500.836400,-0.196606
2022-12-28,63.869999,64.349998,62.240002,62.709999,1060900,0.000000,0.000000,62.931289,63.404234,61.325248,61.788338,68.570177,71.112922,81.463297,94.543138,65.582491,68.286248,-2.703757,-2.159851,-0.543906,37.116911,68.570177,77.732990,59.407365,0.129926,3.339722,0.054051,-0.025334,-0.029558,-0.132042,-0.295612,-0.330641,-0.548757,0.540010,-0.593196,-0.553359,0.000000,1957860.000000,66529037.939100,-0.219755
2022-12-29,63.860001,65.720001,63.360001,65.440002,1521700,0.000000,0.000000,62.921453,64.754117,62.428801,64.478233,67.986386,70.894315,81.089970,94.255656,65.412605,68.004173,-2.591568,-2.246194,-0.345374,43.045638,67.986386,76.585150,59.387623,0.296008,3.313012,0.051382,0.043534,-0.020066,-0.096007,-0.254154,-0.288157,-0.527044,0.566452,-0.575486,-0.533915,0.043534,1929215.000000,99580051.043400,-0.229994
2022-12-30,64.720001,65.790001,63.939999,65.589996,1163400,0.000000,0.000000,63.768814,64.823087,63.000275,64.626022,67.450875,70.681222,80.783758,93.921369,65.291593,67.753940,-2.462347,-2.289425,-0.172922,43.361597,67.450875,75.434348,59.467403,0.323081,3.206569,0.049617,0.002292,0.016899,-0.151378,-0.208952,-0.256253,-0.523697,0.503726,-0.574513,-0.532847,0.045926,1862880.000000,76307401.346400,-0.198632
