Date,Open,High,Low,Close,Volume,Dividends,Splits,AdjOpen,AdjHigh,AdjLow,AdjClose,sma20,sma50,sma100,sma200,ema12,ema26,macd,macd_signal,macd_hist,rsi14,bb_mid,bb_up,bb_low,bb_pctb,atr14,atr_pct,ret_1d,ret_1w,ret_1m,ret_3m,ret_6m,ret_12m,vol_21,drawdown,dist_52w_high,dist_52w_low,vol_sma20,turnover_sar,rs_bench_3m
2015-01-02,7.987000,8.019000,7.884000,7.945000,8306000,0.000000,0.000000,6.826557,6.853908,6.738522,6.790659,,,,,,,,,,50.000000,,,,,,,,,,,,,,0.000000,,,,65991170.000000,
2015-01-05,7.927000,7.939000,7.822000,7.848000,14408000,0.000000,0.000000,6.775276,6.785532,6.685531,6.707754,,,,,,,,,,50.000000,,,,,,,-0.012209,,,,,,,-0.012209,,,,113073984.000000,
2015-01-06,7.856000,7.873000,7.640000,7.717000,23414000,0.000000,0.000000,6.714591,6.729121,6.529974,6.595787,,,,,,,,,,50.000000,,,,,,,-0.016692,,,,,,,-0.028697,,,,180685838.000000,
2015-01-07,7.729000,7.843000,7.705000,7.757000,15085000,0.000000,0.000000,6.606044,6.703480,6.585530,6.629975,,,,,,,,,,50.000000,,,,,,,0.005183,,,,,,,-0.023663,,,,117014345.000000,
2015-01-08,7.828000,7.968000,7.800000,7.958000,18713000,0.000000,0.000000,6.690659,6.810318,6.666727,6.801771,,,,,,,,,,50.000000,,,,,,,0.025912,,,,,,,0.000000,,,,148918054.000000,
2015-01-09,7.942000,8.033000,7.920000,7.973000,14618000,0.000000,0.000000,6.788096,6.865874,6.769292,6.814592,,,,,,,,,,50.000000,,,,,,,0.001885,0.003524,,,,,,0.000000,,,,116549314.000000,
2015-01-12,7.950000,7.950000,7.711000,7.731000,21542000,0.000000,0.000000,6.794933,6.794933,6.590658,6.607752,,,,,,,,,,50.000000,,,,,,,-0.030353,-0.014908,,,,,,-0.030353,,,,166541202.000000,
2015-01-13,7.809000,7.888000,7.568000,7.656000,16532000,0.000000,0.000000,6.674420,6.741942,6.468436,6.543650,,,,,,,,,,50.000000,,,,,,,-0.009701,-0.007905,,,,,,-0.039759,,,,126568992.000000,
2015-01-14,7.553000,7.665000,7.549000,7.605000,13507000,0.000000,0.000000,6.455613,6.551341,6.452194,6.500058,,,,,,,,,,50.000000,,,,,,,-0.006662,-0.019595,,,,,,-0.046156,,,,102720735.000000,
2015-01-15,7.669000,7.781000,7.639000,7.668000,21477000,0.000000,0.000000,6.554760,6.650487,6.529118,6.553905,,,,,,,,,,50.000000,,,,,,,0.008284,-0.036441,,,,,,-0.038254,,,,164685636.000000,
2015-01-16,7.648000,7.792000,7.626000,7.758000,23135000,0.000000,0.000000,6.536810,6.659888,6.518007,6.630828,,,,,,,,,,50.000000,,,,,,,0.011737,-0.026966,,,,,,-0.026966,,,,179481330.000000,
2015-01-20,7.792000,7.884000,7.705000,7.850000,15311000,0.000000,0.000000,6.659889,6.738522,6.585529,6.709462,,,,,6.638308,,,,,50.000000,,,,,,,0.011859,0.015393,,,,,,-0.015427,,,,120191350.000000,
2015-01-21,7.858000,8.072000,7.787000,8.004000,19332000,0.000000,0.000000,6.716298,6.899205,6.655614,6.841085,,,,,6.673518,,,,,50.000000,,,,,,,0.019618,0.045454,,,,,,0.000000,,,,154733328.000000,
2015-01-22,8.030000,8.092000,7.863000,8.086000,16032000,0.000000,0.000000,6.863309,6.916301,6.720573,6.911173,,,,,6.713983,,,,,50.000000,,,,,0.169690,0.024553,0.010245,0.063248,,,,,,0.000000,,,,129634752.000000,
2015-01-23,7.960000,8.060000,7.874000,8.042000,21025000,0.000000,0.000000,6.803479,6.888950,6.729974,6.873565,,,,,6.740716,,,,,59.779788,,,,,0.170915,0.024866,-0.005442,0.048774,,,,,,-0.005442,,,,169083050.000000,
2015-01-26,8.059000,8.126000,7.969000,8.118000,16412000,0.000000,0.000000,6.888096,6.945362,6.811172,6.938524,,,,,6.773405,,,,,63.274440,,,,,0.167138,0.024088,0.009451,0.046404,,,,,,0.000000,,,,133232616.000000,
2015-01-27,8.010000,8.094000,7.974000,8.015000,14573000,0.000000,0.000000,6.846215,6.918011,6.815446,6.850489,,,,,6.786000,,,,,56.153502,,,,,0.162744,0.023757,-0.012688,0.021019,,,,,,-0.012688,,,,116802595.000000,
2015-01-28,8.104000,8.189000,7.960000,7.972000,23806000,0.000000,0.000000,6.926560,6.999210,6.803482,6.813738,,,,,6.790490,,,,,53.449240,,,,,0.165943,0.024354,-0.005365,-0.003997,,,,,,-0.017985,,,,189781432.000000,
2015-01-29,8.000000,8.216000,7.756000,7.987000,32648000,0.000000,0.000000,6.837667,7.022284,6.629119,6.826556,,,,,6.796280,,,,,54.276322,,,,,0.187429,0.027456,0.001881,-0.012244,,,,,,-0.016137,,,,260759576.000000,
2015-01-30,7.899000,7.942000,7.638000,7.644000,34629000,0.000000,0.000000,6.751343,6.788095,6.528264,6.533392,6.723736,,,,6.754352,,,,,37.754287,6.723736,7.001429,6.446043,0.157277,0.197675,0.030256,-0.042945,-0.049490,,,,,,-0.058389,,,19225250.000000,264704076.000000,
2015-02-02,7.676000,7.701000,7.500000,7.666000,22221000,0.000000,0.000000,6.560743,6.582111,6.410314,6.552196,6.711813,,,,6.722291,,,,,39.036174,6.711813,6.997762,6.425863,0.220901,0.195333,0.029812,0.002878,-0.055679,,,,,,-0.055679,,,19921000.000000,170346186.000000,
2015-02-03,7.687000,7.766000,7.636000,7.763000,21841000,0.000000,0.000000,6.570145,6.637667,6.526555,6.635103,6.708180,,,,6.708528,,,,,44.466443,6.708180,6.996185,6.420175,0.373132,0.187852,0.028312,0.012653,-0.031441,-0.022907,,,,0.259174,-0.043730,,,20292650.000000,169551683.000000,
2015-02-04,7.752000,7.832000,7.698000,7.744000,21131000,0.000000,0.000000,6.625702,6.694078,6.579547,6.618864,6.709334,,,,6.694432,,,,,43.646374,6.709334,6.995623,6.423045,0.341995,0.181450,0.027414,-0.002447,-0.028600,-0.013252,,,,0.256029,-0.046070,,,20178500.000000,163638464.000000,
2015-02-05,7.776000,7.819000,7.732000,7.803000,17298000,0.000000,0.000000,6.646214,6.682966,6.608607,6.669291,6.711300,,,,6.690492,,,,,46.920057,6.711300,6.995829,6.426771,0.426178,0.172247,0.025827,0.007619,-0.023037,0.011144,,,,0.250458,-0.038803,,,20289150.000000,134976294.000000,
2015-02-06,7.805000,7.945000,7.779000,7.814000,13139000,0.000000,0.000000,6.670999,6.790659,6.648777,6.678692,6.705146,,,,6.688649,,,,,47.531992,6.705146,6.986745,6.423547,0.453029,0.169674,0.025405,0.001410,0.022240,0.007348,,,,0.249938,-0.037448,,,20010450.000000,102668146.000000,
2015-02-09,7.771000,7.799000,7.698000,7.768000,16165000,0.000000,0.000000,6.641939,6.665871,6.579545,6.639375,6.696385,,,,6.680968,6.696550,-0.015582,,,45.185780,6.696385,6.974528,6.418242,0.397517,0.163778,0.024668,-0.005887,0.013305,-0.023876,,,,0.232839,-0.043114,,,20087800.000000,125569720.000000,
2015-02-10,7.836000,8.085000,7.799000,8.058000,24135000,0.000000,0.000000,6.697497,6.910319,6.665872,6.887242,6.710359,,,,6.713055,6.712697,0.000359,,,58.944443,6.710359,6.997685,6.423033,0.807808,0.172630,0.025065,0.037333,0.038001,0.010661,,,,0.268162,-0.007391,,,20217450.000000,194479830.000000,
2015-02-11,8.058000,8.076000,8.015000,8.060000,19682000,0.000000,0.000000,6.887241,6.902626,6.850489,6.888951,6.727624,,,,6.740370,6.727464,0.012906,,,59.020819,6.727624,7.014269,6.440980,0.781406,0.162787,0.023630,0.000248,0.040806,0.042556,,,,0.243407,-0.007145,,,20374950.000000,158636920.000000,
2015-02-12,8.075000,8.111000,8.026000,8.111000,15684000,0.000000,0.000000,6.901770,6.932540,6.859890,6.932540,6.749249,,,,6.770169,6.744482,0.025688,,,61.012969,6.749249,7.028773,6.469724,0.827863,0.155499,0.022430,0.006327,0.039472,0.059430,,,,0.239924,-0.000862,,,20483800.000000,127212924.000000,
2015-02-13,8.137000,8.224000,8.113000,8.221000,18350000,0.000000,0.000000,6.954766,7.029125,6.934252,7.026561,6.772881,,,,6.809879,6.767682,0.042197,,,64.968871,6.772881,7.062603,6.483160,0.937799,0.150780,0.021459,0.013562,0.052086,0.081000,,,,0.240037,0.000000,,,20327450.000000,150855350.000000,
2015-02-17,8.223000,8.237000,8.112000,8.191000,12331000,0.000000,0.000000,7.028269,7.040236,6.933397,7.000919,6.791386,,,,6.839436,6.786710,0.052726,,,63.088737,6.791386,7.090043,6.492729,0.850792,0.147291,0.021039,-0.003649,0.054455,0.068206,,,,0.240803,-0.003649,,,19787250.000000,101003221.000000,
2015-02-18,8.200000,8.238000,8.142000,8.192000,8794000,0.000000,0.000000,7.008611,7.041090,6.959038,7.001773,6.806001,,,,6.864531,6.804124,0.060407,,,63.127009,6.806001,7.116166,6.495837,0.815593,0.142151,0.020302,0.000122,0.016629,0.055942,,,,0.239004,-0.003528,,,19461400.000000,72040448.000000,
2015-02-19,8.167000,8.321000,8.163000,8.307000,10926000,0.000000,0.000000,6.980407,7.112033,6.976989,7.100067,6.818951,,,,6.900914,6.827923,0.072991,,,67.326299,6.818951,7.155762,6.482139,0.917320,0.141595,0.019943,0.014038,0.030646,0.058217,,,,0.240172,0.000000,,,19041100.000000,90762282.000000,
2015-02-20,8.292000,8.425000,8.262000,8.384000,25414000,0.000000,0.000000,7.087246,7.200922,7.061605,7.165879,6.831686,,,,6.941817,6.854930,0.086888,0.054860,0.032028,69.805745,6.831686,7.200885,6.462487,0.952593,0.141418,0.019735,0.009269,0.033659,0.047477,,,,0.233632,0.000000,,,19510200.000000,213070976.000000,
2015-02-23,8.354000,8.380000,8.259000,8.318000,10069000,0.000000,0.000000,7.140235,7.162457,7.059037,7.109465,6.843481,,,,6.967684,6.875152,0.092532,0.063300,0.029232,65.235821,6.843481,7.232836,6.454126,0.841570,0.138749,0.019516,-0.007873,0.011799,0.028692,,,,0.234312,-0.007873,,,18962400.000000,83753942.000000,
2015-02-24,8.325000,8.430000,8.278000,8.423000,18509000,0.000000,0.000000,7.115448,7.205193,7.075277,7.199210,6.856515,,,,7.003391,6.900760,0.102631,0.071906,0.030725,68.741658,6.856515,7.275586,6.437444,0.908874,0.138071,0.019179,0.012623,0.028324,0.047376,,,,0.235966,0.000000,,,19067250.000000,155901307.000000,
2015-02-25,8.417000,8.449000,8.325000,8.353000,12667000,0.000000,0.000000,7.194082,7.221434,7.115449,7.139381,6.870960,,,,7.024356,6.919523,0.104832,0.078977,0.025855,64.100690,6.870960,7.308658,6.433262,0.806628,0.135621,0.018996,-0.008310,0.019653,0.028948,,,,0.237215,-0.008310,,,18971950.000000,105807451.000000,
2015-02-26,8.346000,8.434000,8.296000,8.338000,9811000,0.000000,0.000000,7.133396,7.208611,7.090661,7.126559,6.886601,,,,7.040107,6.935730,0.104377,0.084353,0.020025,63.117211,6.886601,7.337837,6.435365,0.765890,0.134279,0.018842,-0.001796,0.003731,0.040299,,,,0.231968,-0.010092,,,18272200.000000,81804118.000000,
2015-02-27,8.320000,8.328000,8.222000,8.246000,13268000,0.000000,0.000000,7.111174,7.118012,7.027413,7.047926,6.897669,,,,7.041312,6.944475,0.096836,0.086964,0.009872,57.310012,6.897669,7.353540,6.441799,0.664802,0.131622,0.018675,-0.011034,-0.016460,0.034370,,,,0.235042,-0.021014,,,17303200.000000,109407928.000000,
2015-03-02,8.305000,8.448000,8.297000,8.448000,11105000,0.000000,0.000000,7.098355,7.220578,7.091517,7.220578,6.932029,,,,7.068926,6.965914,0.103012,0.090291,0.012721,64.937957,6.932029,7.375721,6.488337,0.825169,0.134712,0.018657,0.024497,0.015629,0.057719,,,,0.247946,0.000000,,,16127000.000000,93815040.000000,
2015-03-03,8.363000,8.416000,8.157000,8.179000,26559000,0.000000,0.000000,7.147929,7.193228,6.971858,6.990662,6.953952,,,,7.056872,6.967829,0.089043,0.090034,-0.000991,51.691909,6.953952,7.360387,6.547517,0.545161,0.143265,0.020494,-0.031842,-0.028968,0.069990,,,,0.223963,-0.031842,,,16343900.000000,217226061.000000,
2015-03-04,8.117000,8.163000,8.060000,8.087000,12487000,0.000000,0.000000,6.937669,6.976986,6.888952,6.912028,6.967798,,,,7.034569,6.963526,0.071043,0.086148,-0.015105,48.079681,6.967798,7.346413,6.589183,0.426350,0.140159,0.020277,-0.011248,-0.031845,0.054918,,,,0.229591,-0.042732,,,15876200.000000,100982369.000000,
2015-03-05,8.116000,8.177000,8.023000,8.077000,12922000,0.000000,0.000000,6.936814,6.988951,6.857326,6.903480,6.982029,,,,7.014386,6.958909,0.055477,0.079901,-0.024425,47.689546,6.982029,7.325154,6.638904,0.385539,0.139523,0.020211,-0.001237,-0.031302,0.040448,,,,0.226991,-0.043916,,,15465750.000000,104370994.000000,
2015-03-06,8.025000,8.084000,7.973000,8.017000,13909000,0.000000,0.000000,6.859036,6.909464,6.814591,6.852199,6.991174,,,,6.989418,6.950728,0.038690,0.071539,-0.032849,45.314007,6.991174,7.307940,6.674409,0.280634,0.136206,0.019878,-0.007428,-0.027771,0.035253,,,,0.228865,-0.051018,,,15296300.000000,111508453.000000,
2015-03-09,7.995000,8.092000,7.978000,8.078000,13184000,0.018000,0.000000,6.848772,6.931866,6.834210,6.919873,7.003233,,,,6.978713,6.948368,0.030344,0.063204,-0.032859,48.929435,7.003233,7.286503,6.719964,0.352860,0.133351,0.019271,0.009876,-0.041646,0.037573,,,,0.229727,-0.041646,,,15298550.000000,106500352.000000,
2015-03-10,8.005000,8.057000,7.796000,7.796000,20889000,0.000000,0.000000,6.857337,6.901882,6.678301,6.678301,7.005180,,,,6.932474,6.927766,0.004709,0.051396,-0.046687,39.013968,7.005180,7.278275,6.732084,-0.098470,0.141346,0.021165,-0.034910,-0.044683,-0.000059,,,,0.262704,-0.075102,,,15534750.000000,162850644.000000,
2015-03-11,7.824000,7.905000,7.809000,7.827000,13958000,0.000000,0.000000,6.702288,6.771675,6.689438,6.704858,6.996061,,,,6.897443,6.910798,-0.013356,0.038349,-0.051705,40.442843,6.996061,7.296545,6.695576,0.015445,0.137810,0.020554,0.003977,-0.029972,0.009863,,,,0.262080,-0.071424,,,15025900.000000,109249266.000000,
2015-03-12,7.778000,7.814000,7.707000,7.772000,21092000,0.000000,0.000000,6.662883,6.693722,6.602062,6.657743,6.984500,,,,6.860554,6.891575,-0.031022,0.024393,-0.055414,38.710029,6.984500,7.318280,6.650720,0.010521,0.135236,0.020313,-0.007027,-0.035596,-0.033322,,,,0.226349,-0.077949,,,15096400.000000,163927024.000000,
2015-03-13,7.755000,7.886000,7.712000,7.871000,18281000,0.000000,0.000000,6.643180,6.755399,6.606345,6.742549,6.975001,,,,6.842394,6.880276,-0.037882,0.011879,-0.049761,43.410068,6.975001,7.325408,6.624593,0.168312,0.136250,0.020207,0.012738,-0.016002,-0.021252,,,,0.231648,-0.066204,,,15226250.000000,143889751.000000,
2015-03-16,7.924000,7.996000,7.900000,7.989000,9998000,0.000000,0.000000,6.787950,6.849628,6.767391,6.843631,6.965854,6.826412,,,6.842584,6.877503,-0.034918,0.002484,-0.037402,48.481252,6.965854,7.320123,6.611585,0.327500,0.134114,0.019597,0.014992,-0.011018,-0.012825,,,,0.236947,-0.052205,,,14808650.000000,79874022.000000,
2015-03-17,7.950000,7.959000,7.851000,7.898000,9500000,0.000000,0.000000,6.810223,6.817933,6.725416,6.765678,6.954092,6.825913,,,6.830750,6.869053,-0.038302,-0.005698,-0.032604,45.123011,6.954092,7.318922,6.589262,0.241779,0.132952,0.019651,-0.011391,0.013084,-0.037128,,,,0.234027,-0.063000,,,14667100.000000,75031000.000000,
2015-03-18,7.842000,7.874000,7.492000,7.749000,47567000,0.000000,0.000000,6.717707,6.745119,6.417886,6.638040,6.935905,6.824518,,,6.801098,6.851622,-0.050524,-0.014685,-0.035839,40.211448,6.935905,7.326109,6.545701,0.118321,0.148630,0.022391,-0.018866,-0.009966,-0.051833,,,,0.241446,-0.080677,,,16605750.000000,368596683.000000,
2015-03-19,7.749000,7.899000,7.673000,7.895000,24026000,0.000000,0.000000,6.638041,6.766536,6.572937,6.763110,6.919057,6.827865,,,6.795253,6.844953,-0.049700,-0.021702,-0.027998,46.371382,6.919057,7.308514,6.529601,0.299788,0.151906,0.022461,0.018841,0.015826,-0.034086,,,,0.252389,-0.063356,,,17260750.000000,189685270.000000,
2015-03-20,7.943000,7.963000,7.825000,7.923000,26079000,0.000000,0.000000,6.804227,6.821360,6.703145,6.787095,6.900118,6.831007,,,6.793997,6.840599,-0.046601,-0.026689,-0.019912,47.488713,6.900118,7.275627,6.524610,0.349506,0.149455,0.022020,0.003546,0.006607,-0.044080,,,,0.246790,-0.060034,,,17294000.000000,206623917.000000,
2015-03-23,7.897000,7.928000,7.826000,7.843000,13312000,0.000000,0.000000,6.764823,6.791379,6.704002,6.718565,6.880573,6.829343,,,6.782391,6.831426,-0.049035,-0.031164,-0.017871,44.627727,6.880573,7.250858,6.510288,0.281238,0.144944,0.021574,-0.010097,-0.018275,-0.062423,,,,0.244729,-0.069525,,,17456150.000000,104406016.000000,
2015-03-24,7.850000,7.951000,7.830000,7.876000,16894000,0.000000,0.000000,6.724560,6.811080,6.707427,6.746832,6.857954,6.827988,,,6.776920,6.825074,-0.048154,-0.034565,-0.013589,46.070945,6.857954,7.200515,6.515394,0.337806,0.141948,0.021039,0.004207,-0.002786,-0.051007,,,,0.245245,-0.065611,,,17375400.000000,133057144.000000,
2015-03-25,7.854000,7.856000,7.270000,7.275000,43596000,0.000000,0.000000,6.727987,6.729700,6.227714,6.231997,6.812585,6.820473,,,6.693080,6.780589,-0.087510,-0.045163,-0.042347,30.485817,6.812585,7.230313,6.394858,-0.194937,0.169289,0.027164,-0.076308,-0.061169,-0.134350,,,,0.348477,-0.136912,,,18921850.000000,317160900.000000,
2015-03-26,7.201000,7.209000,6.992000,7.115000,51612000,0.000000,0.000000,6.168606,6.175459,5.989570,6.094935,6.761004,6.811498,,,6.601052,6.729208,-0.128157,-0.061772,-0.066385,27.790480,6.761004,7.261969,6.260039,-0.164786,0.174585,0.028644,-0.021993,-0.098797,-0.146294,,,,0.352518,-0.155894,,,21011900.000000,367219380.000000,
2015-03-27,7.136000,7.247000,7.088000,7.204000,34169000,0.000000,0.000000,6.112926,6.208012,6.071807,6.171177,6.717167,6.804921,,,6.534914,6.687427,-0.152513,-0.079929,-0.072584,31.422583,6.717167,7.263778,6.170555,0.000569,0.171808,0.027840,0.012509,-0.090748,-0.134059,,,,0.358741,-0.145335,,,22056950.000000,246153476.000000,
2015-03-30,7.268000,7.275000,7.155000,7.219000,20833000,0.000000,0.000000,6.226001,6.231998,6.129202,6.184026,6.665339,6.797523,,,6.480929,6.649766,-0.168838,-0.097718,-0.071119,32.042963,6.665339,7.207521,6.123157,0.056134,0.166820,0.026976,0.002082,-0.079561,-0.122575,,,,0.359566,-0.143555,-0.143555,0.014617,22543350.000000,150393427.000000,
2015-03-31,7.170000,7.198000,6.907000,7.024000,42951000,0.000000,0.000000,6.142051,6.166037,5.916757,6.016983,6.616655,6.785246,,,6.409550,6.602461,-0.192911,-0.116763,-0.076148,28.440809,6.616655,7.208431,6.024879,-0.006671,0.174074,0.028930,-0.027012,-0.108177,-0.166690,,,,0.348707,-0.166690,-0.166690,0.000000,23362950.000000,301687824.000000,
2015-04-01,7.059000,7.086000,6.988000,7.026000,26242000,0.000000,0.000000,6.046965,6.070094,5.986144,6.018696,6.571988,6.771431,,,6.349416,6.558850,-0.209433,-0.135302,-0.074131,28.529539,6.571988,7.203420,5.940557,0.061875,0.167571,0.027842,0.000285,-0.034227,-0.139038,,,,0.339133,-0.166452,-0.166452,0.000285,24050700.000000,184376292.000000,
2015-04-02,7.030000,7.115000,6.989000,7.075000,21636000,0.000000,0.000000,6.022122,6.094935,5.987000,6.060670,6.529848,6.755823,,,6.304993,6.521656,-0.216663,-0.151578,-0.065086,30.793955,6.529848,7.180337,5.879359,0.139365,0.163271,0.026939,0.006974,-0.005622,-0.123171,,,,0.342037,-0.160639,-0.160639,0.007261,24486400.000000,153074700.000000,
2015-04-06,6.990000,7.248000,6.956000,7.235000,27765000,0.000000,0.000000,5.987858,6.208869,5.958732,6.197733,6.497125,6.741554,,,6.288491,6.497486,-0.208995,-0.163063,-0.045932,37.731743,6.497125,7.145178,5.849072,0.269007,0.169530,0.027354,0.022615,0.004303,-0.102231,-0.087315,,,0.355930,-0.141657,-0.141657,0.030040,25179200.000000,200879775.000000,-0.127619
2015-04-07,7.244000,7.310000,7.116000,7.117000,35556000,0.000000,0.000000,6.205442,6.261979,6.095793,6.096650,6.455963,6.726016,,,6.258976,6.467594,-0.208617,-0.172175,-0.036442,34.949111,6.455963,7.095478,5.816449,0.219073,0.169289,0.027768,-0.016310,-0.014129,-0.110264,-0.091104,,,0.358056,-0.155656,-0.155656,0.013240,26297800.000000,253052052.000000,-0.146484
2015-04-08,7.125000,7.310000,7.117000,7.283000,21739000,0.000000,0.000000,6.103504,6.261981,6.096651,6.238852,6.433991,6.712022,,,6.255880,6.450544,-0.194663,-0.176673,-0.017990,41.486674,6.433991,7.071535,5.796447,0.346960,0.169005,0.027089,0.023325,0.036874,-0.098415,-0.054116,,,0.368127,-0.135962,-0.135962,0.036874,26340300.000000,158325137.000000,-0.132082
2015-04-09,7.247000,7.327000,7.232000,7.316000,13823000,0.000000,0.000000,6.208012,6.276542,6.195162,6.267119,6.412104,6.700355,,,6.257609,6.436878,-0.179269,-0.177192,-0.002076,42.719017,6.412104,7.040484,5.783724,0.384636,0.162702,0.025961,0.004531,0.041275,-0.061570,-0.054730,,,0.352302,-0.132047,-0.132047,0.041572,26333550.000000,101129068.000000,-0.124419
2015-04-10,7.328000,7.328000,7.259000,7.310000,11998000,0.000000,0.000000,6.277399,6.277399,6.218291,6.261980,6.392316,6.689320,,,6.258282,6.423853,-0.165571,-0.174868,0.009297,42.543591,6.392316,7.013005,5.771627,0.395007,0.155254,0.024793,-0.000820,0.033216,-0.066053,-0.079360,,,0.351534,-0.132759,-0.132759,0.040718,25878850.000000,87705380.000000,-0.134212
2015-04-13,7.308000,7.398000,7.246000,7.270000,12498000,0.000000,0.000000,6.260267,6.337364,6.207156,6.227715,6.366574,6.677343,,,6.253579,6.409252,-0.155673,-0.171029,0.015356,41.325041,6.366574,6.968525,5.764623,0.384659,0.153454,0.024641,-0.005472,0.004838,-0.064591,-0.086121,,,0.351351,-0.137505,-0.137505,0.035023,25589700.000000,90860460.000000,-0.146532
2015-04-14,7.272000,7.273000,7.169000,7.200000,20283000,0.000000,0.000000,6.229428,6.230284,6.141195,6.167750,6.332780,6.670030,,,6.240374,6.391281,-0.150906,-0.167004,0.016098,39.208524,6.332780,6.896648,5.768913,0.353662,0.148831,0.024130,-0.009629,0.011662,-0.085250,-0.066589,,,0.347300,-0.145809,-0.145809,0.025057,26103950.000000,146037600.000000,-0.133598
2015-04-15,7.209000,7.306000,7.187000,7.242000,24805000,0.000000,0.000000,6.175460,6.258554,6.156614,6.203729,6.304683,6.663061,,,6.234737,6.377329,-0.142592,-0.162122,0.019529,41.155889,6.304683,6.832580,5.776785,0.404381,0.145464,0.023448,0.005833,-0.005630,-0.093503,-0.051947,,,0.342405,-0.140827,-0.140827,0.031036,26869200.000000,179637810.000000,-0.126927
2015-04-16,7.176000,7.223000,7.124000,7.179000,24513000,0.000000,0.000000,6.147192,6.187454,6.102648,6.149762,6.280269,6.653354,,,6.221664,6.360406,-0.138742,-0.157446,0.018703,39.131052,6.280269,6.788032,5.772505,0.371489,0.142278,0.023136,-0.008699,-0.018726,-0.091035,-0.053891,,,0.341842,-0.148301,-0.148301,0.022067,25716500.000000,175978827.000000,-0.133315
2015-04-17,7.123000,7.177000,7.036000,7.066000,19208000,0.000000,0.000000,6.101789,6.148047,6.027262,6.052961,6.244761,6.642036,,,6.195709,6.337549,-0.141840,-0.154324,0.012484,35.734902,6.244761,6.707699,5.781823,0.292844,0.140859,0.023271,-0.015741,-0.033379,-0.088140,-0.076434,,,0.340333,-0.161707,-0.161707,0.005979,25475600.000000,135723728.000000,-0.155412
2015-04-20,7.105000,7.241000,7.100000,7.199000,28954000,0.000000,0.000000,6.086369,6.202871,6.082086,6.166892,6.213751,6.631988,,,6.191276,6.324865,-0.133589,-0.150177,0.016588,42.103772,6.213751,6.600556,5.826946,0.439428,0.141508,0.022946,0.018822,-0.009767,-0.088157,-0.069967,,,0.340317,-0.145928,-0.145928,0.024914,25619350.000000,208439846.000000,-0.147694
2015-04-21,8.089000,8.165000,7.649000,7.784000,101817000,0.000000,0.000000,6.929296,6.994400,6.552378,6.668023,6.211224,6.631774,,,6.264622,6.350364,-0.085742,-0.137290,0.051548,60.599835,6.211224,6.584568,5.837880,1.111766,0.190698,0.028599,0.081262,0.081111,-0.017544,-0.006176,,,0.450980,-0.076525,-0.076525,0.108200,30044600.000000,792543528.000000,-0.083354
2015-04-22,7.844000,7.872000,7.668000,7.836000,28432000,0.000000,0.000000,6.719421,6.743407,6.568654,6.712568,6.209511,6.633238,,,6.333537,6.377271,-0.043734,-0.118579,0.074844,61.769004,6.209511,6.572683,5.846339,1.192589,0.189555,0.028239,0.006680,0.082021,-0.000893,-0.018786,,,0.450206,-0.070356,-0.070356,0.115604,30621500.000000,222793152.000000,-0.097577
2015-04-23,7.749000,7.817000,7.681000,7.708000,24088000,0.000000,0.000000,6.638041,6.696292,6.579791,6.602920,6.228057,6.627552,,,6.374980,6.394031,-0.019050,-0.098673,0.079623,57.264462,6.228057,6.631693,5.824421,0.964357,0.185486,0.028092,-0.016335,0.073687,-0.021330,-0.044602,,,0.453594,-0.085541,-0.085541,0.097381,29646100.000000,185670304.000000,-0.108946
2015-04-24,7.677000,7.708000,7.574000,7.670000,29538000,0.000000,0.000000,6.576363,6.602919,6.488130,6.570367,6.251829,6.621180,,,6.405040,6.407125,-0.002085,-0.079355,0.077270,55.959703,6.251829,6.677834,5.825823,0.873866,0.180421,0.027460,-0.004930,0.085480,0.054296,-0.044111,,,0.361631,-0.090050,-0.090050,0.091970,28542400.000000,226556460.000000,-0.114352
2015-04-27,7.707000,7.783000,7.618000,7.633000,24830000,0.000000,0.000000,6.602059,6.667163,6.525819,6.538669,6.270203,6.613303,,,6.425598,6.416891,0.008707,-0.061743,0.070450,54.653858,6.270203,6.712935,5.827472,0.803192,0.177621,0.027165,-0.004824,0.060286,0.072804,-0.057628,,,0.351573,-0.094440,-0.094440,0.086702,28075450.000000,189527390.000000,-0.118086
2015-04-28,7.621000,7.686000,7.533000,7.639000,17274000,0.000000,0.000000,6.528392,6.584073,6.453008,6.543811,6.288193,6.603648,,,6.443785,6.426313,0.017472,-0.045900,0.063372,54.837967,6.288193,6.745189,5.831196,0.779672,0.174287,0.026634,0.000786,-0.018628,0.060383,-0.044767,,,0.350164,-0.093728,-0.093728,0.087557,27897500.000000,131956086.000000,-0.124639
2015-04-29,7.583000,7.699000,7.577000,7.638000,17954000,0.000000,0.000000,6.495840,6.595209,6.490700,6.542954,6.314491,6.594488,,,6.459042,6.434970,0.024072,-0.031905,0.055977,54.798033,6.314491,6.766279,5.862703,0.752843,0.169291,0.025874,-0.000131,-0.025268,0.058041,-0.039741,,,0.350322,-0.093846,-0.093846,0.087414,26647650.000000,137132652.000000,-0.122891
2015-04-30,7.603000,7.660000,7.502000,7.558000,16383000,0.000000,0.000000,6.512973,6.561801,6.426453,6.474425,6.337277,6.583941,,,6.461408,6.437898,0.023511,-0.020822,0.044333,51.564479,6.337277,6.771893,5.902662,0.657780,0.166861,0.025772,-0.010474,-0.019460,0.076025,-0.051583,,,0.336950,-0.103337,-0.103337,0.076025,26154700.000000,123822714.000000,-0.106673
2015-05-01,7.609000,7.735000,7.601000,7.723000,14840000,0.000000,0.000000,6.518112,6.626047,6.511258,6.615767,6.365032,6.574255,,,6.485156,6.451095,0.034060,-0.009846,0.043906,57.177181,6.365032,6.796156,5.933909,0.790792,0.165770,0.025057,0.021831,0.006910,0.099203,0.012608,,,0.342419,-0.083762,-0.083762,0.099516,25814900.000000,114609320.000000,-0.067247
2015-05-04,7.720000,7.743000,7.676000,7.689000,11097000,0.000000,0.000000,6.613197,6.632900,6.575506,6.586642,6.384478,6.562671,,,6.500769,6.461152,0.039618,0.000047,0.039570,55.743728,6.384478,6.818899,5.950056,0.732682,0.158013,0.023990,-0.004402,0.007337,0.086784,0.005257,,,0.343744,-0.087796,-0.087796,0.094675,24981500.000000,85324833.000000,-0.067495
2015-05-05,7.660000,7.660000,7.520000,7.560000,17460000,0.000000,0.000000,6.561801,6.561801,6.441872,6.476138,6.403452,6.550004,,,6.496980,6.462263,0.034716,0.006981,0.027735,50.564088,6.403452,6.817619,5.989286,0.587749,0.157066,0.024253,-0.016777,-0.010342,0.044920,-0.023958,,,0.344220,-0.103100,-0.103100,0.076310,24076700.000000,131997600.000000,-0.068713
2015-05-06,7.578000,7.649000,7.453000,7.520000,15272000,0.000000,0.000000,6.491555,6.552376,6.384476,6.441871,6.413603,6.534857,,,6.488501,6.460751,0.027751,0.011135,0.016616,49.042290,6.413603,6.820674,6.006532,0.534721,0.157841,0.024502,-0.005291,-0.015449,0.056625,-0.026741,,,0.338783,-0.107846,-0.107846,0.070615,23753350.000000,114845440.000000,-0.069767
2015-05-07,7.496000,7.576000,7.475000,7.545000,17241000,0.000000,0.000000,6.421314,6.489844,6.403324,6.463289,6.423412,6.521336,,,6.484623,6.460939,0.023684,0.013645,0.010039,50.054107,6.423412,6.825039,6.021785,0.549645,0.152738,0.023632,0.003325,-0.001720,0.035974,-0.030888,,,0.330526,-0.104879,-0.104879,0.074174,23924250.000000,130083345.000000,-0.068755
2015-05-08,7.597000,7.715000,7.576000,7.702000,14478000,0.000000,0.000000,6.507832,6.608915,6.489843,6.597778,6.440202,6.510760,,,6.502031,6.471087,0.030944,0.017105,0.013840,55.966557,6.440202,6.841489,6.038914,0.696339,0.152230,0.023073,0.020808,-0.002719,0.052761,-0.012115,,,0.336917,-0.086253,-0.086253,0.096526,24048250.000000,111509556.000000,-0.066738
2015-05-11,7.718000,7.879000,7.671000,7.811000,19483000,0.000000,0.000000,6.611483,6.749401,6.571222,6.691150,6.463373,6.503624,,,6.531126,6.487405,0.043721,0.022428,0.021293,59.546972,6.463373,6.866515,6.060231,0.782502,0.154086,0.023028,0.014152,0.015867,0.068536,0.007798,,,0.338955,-0.073322,-0.073322,0.112044,24397500.000000,152181713.000000,-0.048816
2015-05-12,7.780000,7.780000,7.584000,7.680000,14315000,0.000000,0.000000,6.664596,6.664596,6.496696,6.578932,6.483932,6.490791,,,6.538481,6.494192,0.044290,0.026800,0.017489,53.876956,6.483932,6.864926,6.102938,0.624673,0.156973,0.023860,-0.016771,0.015873,0.056396,-0.044765,,,0.344877,-0.088864,-0.088864,0.093394,24099100.000000,109939200.000000,-0.084148
2015-05-13,7.686000,7.795000,7.686000,7.724000,13871000,0.000000,0.000000,6.584072,6.677445,6.584072,6.616624,6.504577,6.483311,,,6.550503,6.503269,0.047234,0.030887,0.016347,55.412660,6.504577,6.865880,6.143275,0.655060,0.152792,0.023092,0.005729,0.027128,0.072778,-0.039531,,,0.341976,-0.083643,-0.083643,0.099658,23552400.000000,107139604.000000,-0.077128
2015-05-14,7.768000,7.855000,7.729000,7.825000,16783000,0.000000,0.000000,6.654317,6.728844,6.620908,6.703145,6.532246,6.479133,,,6.573986,6.518087,0.055899,0.035890,0.020010,58.803497,6.532246,6.862569,6.201924,0.758685,0.149891,0.022361,0.013076,0.037111,0.080503,-0.033090,,,0.343499,-0.071661,-0.071661,0.114038,23165900.000000,131326975.000000,-0.072860
2015-05-15,7.866000,7.953000,7.850000,7.873000,13368000,0.000000,0.000000,6.738267,6.812794,6.724561,6.744264,6.566811,6.475949,,,6.600183,6.534854,0.065329,0.041777,0.023552,60.346896,6.566811,6.822125,6.311498,0.847519,0.147014,0.021798,0.006134,0.022202,0.096671,-0.040176,,,0.340468,-0.065966,-0.065966,0.120871,22873900.000000,105246264.000000,-0.071736
2015-05-18,7.941000,7.975000,7.877000,7.946000,13032000,0.000000,0.000000,6.802514,6.831639,6.747689,6.806797,6.598807,6.475041,,,6.631970,6.555012,0.076957,0.048813,0.028144,62.639266,6.598807,6.797122,6.400492,1.024394,0.142750,0.020972,0.009272,0.017284,0.124540,-0.027728,,,0.332559,-0.057306,-0.057306,0.131264,22077800.000000,103552272.000000,-0.064299
2015-05-19,8.003000,8.242000,8.000000,8.078000,24399000,0.000000,0.000000,6.855626,7.060360,6.853055,6.919873,6.611399,6.475041,,,6.676263,6.582057,0.094205,0.057892,0.036314,66.419670,6.611399,6.855027,6.367772,1.133085,0.150672,0.021774,0.016612,0.051823,0.122101,-0.011697,,,0.331556,-0.041646,-0.041646,0.150057,18206900.000000,197095122.000000,-0.045056
2015-05-20,8.078000,8.118000,8.011000,8.036000,14257000,0.000000,0.000000,6.919871,6.954137,6.862477,6.883893,6.619965,6.479153,,,6.708206,6.604429,0.103777,0.067069,0.036708,64.193842,6.619965,6.889266,6.350665,0.990024,0.146453,0.021275,-0.005200,0.040394,0.032374,-0.030447,,,0.187093,-0.046629,-0.046629,0.144077,17498150.000000,114569252.000000,-0.060304
2015-05-21,8.032000,8.141000,8.002000,8.123000,11783000,0.000000,0.000000,6.880467,6.973840,6.854769,6.958421,6.637741,6.484224,,,6.746700,6.630666,0.116035,0.076862,0.039173,66.684341,6.637741,6.946362,6.329119,1.019536,0.144496,0.020766,0.010826,0.038083,0.036626,-0.028951,,,0.189057,-0.036307,-0.036307,0.156463,16882900.000000,95713309.000000,-0.056154
2015-05-22,8.099000,8.199000,8.098000,8.108000,15856000,0.000000,0.000000,6.937861,7.023525,6.937004,6.945571,6.656501,6.489980,,,6.777296,6.654005,0.123291,0.086148,0.037144,65.834089,6.656501,6.992297,6.320704,0.930425,0.140352,0.020207,-0.001847,0.029849,0.051894,-0.023053,,,0.177896,-0.038087,-0.038087,0.154328,16198800.000000,128560448.000000,-0.048933
2015-05-26,8.071000,8.155000,7.994000,8.041000,14730000,0.000000,0.000000,6.913877,6.985833,6.847916,6.888178,6.673976,6.492893,,,6.794355,6.671359,0.122995,0.093517,0.029478,62.029871,6.673976,7.020170,6.327782,0.809367,0.140178,0.020351,-0.008263,0.011956,0.048370,-0.043204,,,0.180006,-0.046035,-0.046035,0.144789,15693800.000000,118443930.000000,-0.056213
2015-05-27,8.057000,8.293000,8.033000,8.266000,26300000,0.000000,0.000000,6.901883,7.104048,6.881323,7.080918,6.700831,6.497639,6.662025,,6.838441,6.701711,0.136731,0.102160,0.034571,68.593345,6.700831,7.085683,6.315980,0.993810,0.146078,0.020630,0.027981,0.023273,0.082930,-0.008189,,,0.198535,-0.019342,-0.019342,0.176822,16145100.000000,217395800.000000,-0.036263
2015-05-28,8.261000,8.335000,8.210000,8.238000,12596000,0.000000,0.000000,7.076637,7.140028,7.032949,7.056934,6.726530,6.503464,6.664688,,6.872056,6.728035,0.144021,0.110532,0.033489,67.040377,6.726530,7.134916,6.318145,0.904524,0.143291,0.020305,-0.003387,0.025137,0.078413,-0.009770,,,0.199875,-0.022664,-0.022664,0.172836,15877200.000000,103765848.000000,-0.031841
2015-05-29,8.238000,8.315000,8.190000,8.225000,19687000,0.000000,0.000000,7.056934,7.122894,7.015815,7.045798,6.755099,6.511619,6.668069,,6.898785,6.751582,0.147203,0.117866,0.029337,66.289929,6.755099,7.169129,6.341069,0.851060,0.140703,0.019970,-0.001578,0.012557,0.076853,-0.000302,,,0.200285,-0.024206,-0.024206,0.170985,16042400.000000,161925575.000000,-0.021758
2015-06-01,8.277000,8.377000,8.229000,8.339000,29734000,0.000000,0.000000,7.090341,7.176004,7.049222,7.143452,6.781483,6.519226,6.673545,,6.936426,6.780620,0.155807,0.125454,0.030352,69.512828,6.781483,7.224376,6.338590,0.908641,0.139953,0.019592,0.013860,0.028490,0.103334,-0.010681,,,0.196430,-0.010681,-0.010681,0.187215,16787100.000000,247951826.000000,-0.025623
2015-06-02,8.293000,8.402000,8.230000,8.328000,21320000,0.000000,0.000000,7.104049,7.197422,7.050080,7.134031,6.808853,6.526165,6.678586,,6.966827,6.806807,0.160020,0.132368,0.027652,68.829151,6.808853,7.268390,6.349316,0.853811,0.140481,0.019692,-0.001319,0.035692,0.078338,0.020509,,,0.187245,-0.011986,-0.011986,0.185649,17298250.000000,177552960.000000,0.001107
2015-06-03,8.350000,8.392000,8.293000,8.352000,21742000,0.000000,0.000000,7.152874,7.188852,7.104046,7.154587,6.842775,6.534885,6.682114,,6.995713,6.832577,0.163137,0.138521,0.024615,69.533257,6.842775,7.299052,6.386499,0.841691,0.136502,0.019079,0.002881,0.010404,0.086227,0.035092,,,0.184978,-0.009139,-0.009139,0.189066,17512350.000000,181589184.000000,0.008500
2015-06-04,8.289000,8.346000,8.231000,8.297000,14521000,0.000000,0.000000,7.100620,7.149449,7.050936,7.107474,6.876055,6.542098,6.685043,,7.012907,6.852945,0.159962,0.142809,0.017152,65.861226,6.876055,7.305519,6.446592,0.769427,0.134155,0.018875,-0.006585,0.007162,0.097486,0.029549,,,0.173563,-0.015664,-0.015664,0.181236,17474800.000000,120480737.000000,0.014235
2015-06-05,8.307000,8.370000,8.220000,8.344000,10863000,0.000000,0.000000,7.116040,7.170007,7.041513,7.147735,6.910278,6.560413,6.690443,,7.033650,6.874787,0.158863,0.146020,0.012843,67.443494,6.910278,7.309249,6.511307,0.797587,0.133750,0.018712,0.005665,0.014468,0.109574,0.043130,,,0.169889,-0.010088,-0.010088,0.187927,17155900.000000,90640872.000000,0.014496
2015-06-08,8.400000,8.401000,8.197000,8.225000,14189000,0.030000,0.000000,7.221672,7.222532,7.047148,7.071221,6.933950,6.579938,6.695718,,7.039430,6.889341,0.150089,0.146834,0.003255,61.600230,6.933950,7.310397,6.557503,0.682324,0.136725,0.019335,-0.010705,-0.010111,0.094059,0.021871,,,0.178390,-0.020685,-0.020685,0.175210,17141450.000000,116704525.000000,0.005849
2015-06-09,8.204000,8.263000,8.069000,8.198000,19460000,0.000000,0.000000,7.053167,7.103890,6.937104,7.048008,6.951793,6.597475,6.701198,,7.040750,6.901097,0.139653,0.145398,-0.005745,59.904525,6.951793,7.313317,6.590268,0.633069,0.138873,0.019704,-0.003283,-0.012058,0.068240,0.055359,,,0.169692,-0.023900,-0.023900,0.171352,17140300.000000,159533080.000000,0.023654
2015-06-10,8.255000,8.284000,8.202000,8.264000,11724000,0.000000,0.000000,7.097012,7.121945,7.051447,7.104750,6.978084,6.615889,6.706706,,7.050596,6.916186,0.134410,0.143200,-0.008790,62.613708,6.978084,7.299715,6.656453,0.696912,0.134233,0.018893,0.008051,-0.006966,0.061813,0.059642,,,0.166008,-0.016041,-0.016041,0.180783,17010750.000000,96887136.000000,0.012889
2015-06-11,8.300000,8.338000,8.222000,8.254000,10326000,0.000000,0.000000,7.135701,7.168370,7.068642,7.096153,7.002060,6.637473,6.711360,,7.057605,6.929519,0.128085,0.140177,-0.012092,61.930933,7.002060,7.278565,6.725555,0.670147,0.131768,0.018569,-0.001210,-0.001593,0.078618,0.065850,,,0.150818,-0.017232,-0.017232,0.179354,16833500.000000,85230804.000000,0.027180
2015-06-12,8.203000,8.230000,8.122000,8.146000,10442000,0.000000,0.000000,7.052307,7.075519,6.982669,7.003303,7.017068,6.657165,6.714298,,7.049251,6.934986,0.114265,0.134995,-0.020730,54.960234,7.017068,7.255178,6.778958,0.471095,0.130462,0.018629,-0.013085,-0.020207,0.058441,0.038673,,,0.161273,-0.030091,-0.030091,0.163923,16516450.000000,85060532.000000,0.001861
2015-06-15,8.091000,8.129000,7.953000,8.126000,24474000,0.000000,0.000000,6.956017,6.988687,6.837376,6.986108,7.029160,6.675674,6.715748,,7.039536,6.938773,0.100763,0.128148,-0.027385,53.753585,7.029160,7.230691,6.827629,0.393187,0.132996,0.019037,-0.002455,-0.012037,0.042213,0.020819,,,0.157686,-0.032472,-0.032472,0.161065,17071750.000000,198875724.000000,0.000440
2015-06-16,8.116000,8.259000,8.097000,8.255000,14183000,0.000000,0.000000,6.977510,7.100450,6.961175,7.097012,7.043671,6.693659,6.717607,,7.048379,6.950496,0.097882,0.122095,-0.024213,59.872865,7.043671,7.217705,6.869637,0.653249,0.133444,0.018803,0.015875,0.006953,0.052303,0.048973,,,0.164360,-0.017113,-0.017113,0.179497,17129300.000000,117080665.000000,0.025049
2015-06-17,8.206000,8.296000,8.193000,8.225000,18824000,0.000000,0.000000,7.054887,7.132261,7.043710,7.071221,7.051238,6.713151,6.719583,,7.051893,6.959440,0.092453,0.116167,-0.023714,57.952430,7.051238,7.215494,6.886983,0.560828,0.130237,0.018418,-0.003634,-0.004719,0.038847,0.065257,,,0.163720,-0.020685,-0.020685,0.175210,16850550.000000,154827400.000000,0.048791
2015-06-18,8.262000,8.415000,8.252000,8.387000,15114000,0.000000,0.000000,7.103031,7.234568,7.094433,7.210496,7.067569,6.732584,6.722303,,7.076293,6.978039,0.098254,0.112584,-0.014330,64.562709,7.067569,7.226631,6.908506,0.949280,0.132602,0.018390,0.019696,0.016113,0.041998,0.066151,,,0.167524,-0.001396,-0.001396,0.198357,16893400.000000,126761118.000000,0.037994
2015-06-19,8.399000,8.439000,8.319000,8.323000,18091000,0.000000,0.000000,7.220814,7.255203,7.152036,7.155475,7.077421,6.750351,6.725353,,7.088475,6.991184,0.097291,0.109525,-0.012235,60.515239,7.077421,7.232376,6.922466,0.751860,0.130499,0.018238,-0.007631,0.021729,0.039452,0.054277,,,0.169048,-0.009016,-0.009016,0.189213,17208800.000000,150571393.000000,0.036256
2015-06-22,8.377000,8.423000,8.279000,8.367000,11205000,0.000000,0.000000,7.201896,7.241444,7.117644,7.193299,7.089808,6.768977,6.729148,,7.104602,7.006158,0.098444,0.107309,-0.008865,62.266507,7.089808,7.239914,6.939701,0.844726,0.130021,0.018075,0.005286,0.029658,0.033754,0.070660,,,0.166430,-0.003778,-0.003778,0.195499,16976250.000000,93752235.000000,0.042123
2015-06-23,8.363000,8.424000,8.334000,8.378000,12040000,0.000000,0.000000,7.189862,7.242305,7.164930,7.202758,7.105537,6.788478,6.732910,,7.119703,7.020722,0.098981,0.105644,-0.006663,62.711912,7.105537,7.230506,6.980567,0.888981,0.126260,0.017529,0.001315,0.014900,0.037029,0.067576,,,0.165957,-0.002468,-0.002468,0.197071,16841750.000000,100871120.000000,0.034469
2015-06-24,8.359000,8.389000,8.297000,8.321000,10899000,0.000000,0.000000,7.186423,7.212215,7.133120,7.153754,7.109178,6.808198,6.739114,,7.124942,7.030577,0.094364,0.103388,-0.009023,58.837099,7.109178,7.235366,6.982991,0.676624,0.122890,0.017178,-0.006804,0.011672,0.038555,0.147907,,,0.164917,-0.009255,-0.009255,0.188927,16071700.000000,90690579.000000,0.097484
2015-06-25,8.361000,8.434000,8.320000,8.373000,14579000,0.000000,0.000000,7.188144,7.250904,7.152895,7.198461,7.116255,6.828093,6.745577,,7.136252,7.043014,0.093238,0.101358,-0.008120,61.192910,7.116255,7.245932,6.986578,0.816966,0.121113,0.016825,0.006249,-0.001669,0.016600,0.181056,,,0.136222,-0.003063,-0.003063,0.196357,16170850.000000,122069967.000000,0.129892
2015-06-26,8.324000,8.426000,8.237000,8.286000,31096000,0.000000,0.000000,7.156334,7.244026,7.081539,7.123665,7.120148,6.847571,6.750462,,7.134316,7.048989,0.085327,0.098152,-0.012825,55.472827,7.120148,7.245522,6.994774,0.514025,0.124069,0.017416,-0.010391,-0.004446,0.009456,0.154345,,,0.141023,-0.013422,-0.013422,0.183926,16741300.000000,257661456.000000,0.115645
2015-06-29,8.183000,8.207000,7.996000,8.020000,16886000,0.000000,0.000000,7.035114,7.055747,6.874346,6.894979,7.107724,6.864411,6.753223,,7.097495,7.037580,0.059915,0.090504,-0.030589,42.417397,7.107724,7.267813,6.947636,-0.164461,0.133016,0.019292,-0.032102,-0.041472,-0.021406,0.114966,,,0.180709,-0.045093,-0.045093,0.145920,16098900.000000,135425720.000000,0.112737
2015-06-30,8.120000,8.212000,8.084000,8.135000,17076000,0.000000,0.000000,6.980951,7.060046,6.950001,6.993847,7.100715,6.880950,6.756469,,7.081549,7.034340,0.047209,0.081845,-0.034636,48.103914,7.100715,7.268065,6.933365,0.180704,0.135306,0.019346,0.014339,-0.029004,-0.020943,0.162351,,,0.181211,-0.031401,-0.031401,0.162351,15886700.000000,138913260.000000,0.144805
2015-07-01,8.292000,8.413000,8.182000,8.227000,18436000,0.000000,0.000000,7.128824,7.232851,7.034255,7.072942,7.096633,6.889049,6.760411,,7.080225,7.037200,0.043025,0.074081,-0.031056,52.173080,7.096633,7.262426,6.930840,0.428552,0.142713,0.020177,0.011309,-0.011296,-0.008563,0.175162,,,0.186097,-0.020447,-0.020447,0.175496,15721400.000000,151672972.000000,0.147932
2015-07-02,8.245000,8.330000,8.194000,8.323000,15203000,0.000000,0.000000,7.088417,7.161493,7.044571,7.155475,7.099033,6.897907,6.765572,,7.091802,7.045961,0.045840,0.068433,-0.022593,56.045951,7.099033,7.266864,6.931202,0.668151,0.140871,0.019687,0.011669,-0.005972,0.000124,0.180641,,,0.190454,-0.009016,-0.009016,0.189213,15755500.000000,126534569.000000,0.155621
2015-07-06,8.222000,8.348000,8.088000,8.114000,30652000,0.000000,0.000000,7.068643,7.176968,6.953441,6.975793,7.090436,6.905364,6.766458,,7.073954,7.040763,0.033191,0.061385,-0.028194,47.103174,7.090436,7.265233,6.915639,0.172069,0.146775,0.021041,-0.025111,-0.020758,-0.018527,0.125539,0.027263,,0.208568,-0.033901,-0.033901,0.159351,16744950.000000,248710328.000000,0.110364
2015-07-07,8.089000,8.096000,7.773000,8.016000,28643000,0.000000,0.000000,6.954299,6.960317,6.682627,6.891540,7.081452,6.911788,6.766484,,7.045890,7.029709,0.016181,0.052344,-0.036163,43.590892,7.081452,7.277577,6.885327,0.015839,0.157233,0.022815,-0.012078,-0.000499,-0.035843,0.130381,0.027399,,0.210676,-0.045569,-0.045569,0.145348,17467650.000000,229602288.000000,0.112616
2015-07-08,7.956000,7.998000,7.774000,7.795000,23072000,0.000000,0.000000,6.839957,6.876066,6.683488,6.701542,7.064129,6.915045,6.764174,,6.992914,7.005399,-0.012486,0.039378,-0.051864,36.907432,7.064129,7.323650,6.804607,-0.198567,0.160863,0.024004,-0.027570,-0.041795,-0.052279,0.074163,0.016034,,0.227255,-0.071883,-0.071883,0.113771,17648250.000000,179846240.000000,0.082456
2015-07-09,7.985000,8.037000,7.759000,7.763000,18493000,0.000000,0.000000,6.864888,6.909593,6.670590,6.674029,7.042593,6.917649,6.760649,,6.943855,6.980852,-0.036998,0.024103,-0.061101,36.045583,7.042593,7.354183,6.731002,-0.091423,0.166445,0.024939,-0.004105,-0.056400,-0.053062,0.064928,0.006645,,0.227311,-0.075693,-0.075693,0.109199,17986700.000000,143561159.000000,0.075413
2015-07-10,7.823000,7.889000,7.767000,7.853000,18258000,0.000000,0.000000,6.725612,6.782354,6.677468,6.751404,7.025355,6.921818,6.758153,,6.914247,6.963855,-0.049609,0.009361,-0.058969,40.269914,7.025355,7.361635,6.689075,0.092674,0.162293,0.024038,0.011593,-0.056470,-0.049734,0.078158,-0.007405,,0.229700,-0.064977,-0.064977,0.122058,18383300.000000,143380074.000000,0.077814
2015-07-13,7.900000,7.978000,7.796000,7.927000,22200000,0.000000,0.000000,6.791811,6.858870,6.702400,6.815024,7.015941,6.928630,6.756286,,6.898982,6.952830,-0.053849,-0.003281,-0.050567,43.570358,7.015941,7.365115,6.666767,0.212296,0.161877,0.023753,0.009423,-0.023047,-0.039617,0.094306,0.000063,,0.233277,-0.056166,-0.056166,0.132631,18971200.000000,175979400.000000,0.077615
2015-07-14,7.950000,8.073000,7.810000,7.985000,38670000,0.000000,0.000000,6.834797,6.940543,6.714436,6.864888,7.009880,6.933613,6.753934,,6.893737,6.946316,-0.052579,-0.013141,-0.039438,46.084950,7.009880,7.365385,6.654375,0.296076,0.166465,0.024249,0.007317,-0.003867,-0.019764,0.113030,0.038914,,0.231562,-0.049261,-0.049261,0.140919,19681000.000000,308779950.000000,0.087393
2015-07-15,7.988000,8.025000,7.875000,7.949000,20047000,0.000000,0.000000,6.867467,6.899277,6.770319,6.833938,6.996726,6.938559,6.750615,,6.884537,6.937991,-0.053455,-0.021204,-0.032251,44.751949,6.996726,7.358077,6.635376,0.274750,0.163786,0.023967,-0.004508,0.019756,-0.021782,0.101586,0.044362,,0.231851,-0.053547,-0.053547,0.135775,19974200.000000,159353603.000000,0.084040
2015-07-16,7.934000,7.959000,7.551000,7.735000,38768000,0.000000,0.000000,6.821043,6.842537,6.491770,6.649959,6.975663,6.942035,6.746020,,6.848448,6.916655,-0.068207,-0.030604,-0.037603,37.760038,6.975663,7.366628,6.584699,0.083460,0.177142,0.026638,-0.026921,-0.003607,-0.062992,0.081336,0.023061,,0.239984,-0.079027,-0.079027,0.105198,20971400.000000,299870480.000000,0.050306
2015-07-17,7.751000,7.754000,7.690000,7.726000,16614000,0.000000,0.000000,6.663713,6.666292,6.611270,6.642220,6.947250,6.946042,6.740450,,6.816721,6.896326,-0.079605,-0.040405,-0.039201,37.494667,6.947250,7.348811,6.545689,0.120195,0.168419,0.025356,-0.001164,-0.016172,-0.060669,0.097351,0.013475,,0.240053,-0.080099,-0.080099,0.103912,21046400.000000,128359764.000000,0.040915
2015-07-20,7.793000,7.823000,7.698000,7.708000,9702000,0.000000,0.000000,6.699822,6.725613,6.618148,6.626745,6.920813,6.949311,6.735323,,6.787494,6.876356,-0.088863,-0.050096,-0.038767,36.935683,6.920813,7.334100,6.507526,0.144233,0.164065,0.024758,-0.002330,-0.027627,-0.080959,0.074568,-0.000616,,0.225663,-0.082242,-0.082242,0.101340,20626950.000000,74783016.000000,0.029668
2015-07-21,7.700000,7.823000,7.684000,7.737000,12674000,0.000000,0.000000,6.619866,6.725612,6.606110,6.651676,6.893732,6.950389,6.730575,,6.766599,6.859713,-0.093115,-0.058700,-0.034415,38.525754,6.893732,7.302800,6.484664,0.204137,0.160882,0.024187,0.003762,-0.031058,-0.070407,-0.002452,-0.008613,,0.226748,-0.078789,-0.078789,0.105484,20700400.000000,98058738.000000,-0.041146
2015-07-22,7.656000,7.688000,7.506000,7.648000,14198000,0.000000,0.000000,6.582040,6.609551,6.453081,6.575161,6.862352,6.948069,6.725847,,6.737147,6.838635,-0.101488,-0.067258,-0.034231,35.562200,6.862352,7.267879,6.456826,0.145903,0.163576,0.024878,-0.011503,-0.037866,-0.085932,-0.020470,-0.038872,,0.226128,-0.089386,-0.089386,0.092767,20808300.000000,108586304.000000,-0.047599
2015-07-23,7.670000,7.810000,7.642000,7.702000,12397000,0.000000,0.000000,6.594076,6.714437,6.570003,6.621587,6.835744,6.948923,6.719857,,6.719368,6.822557,-0.103188,-0.074444,-0.028745,38.646120,6.835744,7.230456,6.441032,0.228718,0.162208,0.024497,0.007061,-0.004266,-0.080687,0.002827,-0.041901,,0.228745,-0.082956,-0.082956,0.100483,20883200.000000,95481694.000000,-0.015043
2015-07-24,7.693000,7.713000,7.488000,7.545000,17053000,0.000000,0.000000,6.613849,6.631044,6.437606,6.486610,6.800151,6.946322,6.714817,,6.683559,6.797671,-0.114112,-0.082377,-0.031735,33.609818,6.800151,7.185415,6.414888,0.093082,0.164439,0.025351,-0.020384,-0.023427,-0.093258,-0.012748,-0.056296,,0.235652,-0.101649,-0.101649,0.078050,21006900.000000,128664885.000000,-0.012070
2015-07-27,7.482000,7.591000,7.381000,7.545000,15533000,0.000000,0.000000,6.432448,6.526158,6.345616,6.486610,6.768298,6.941992,6.710562,,6.653259,6.774629,-0.121370,-0.090176,-0.031194,33.609818,6.768298,7.146212,6.390385,0.127311,0.165589,0.025528,0.000000,-0.021147,-0.098889,-0.007962,-0.065131,,0.233025,-0.101649,-0.101649,0.078050,20228750.000000,117196485.000000,-0.003916
2015-07-28,7.570000,7.829000,7.478000,7.775000,23232000,0.000000,0.000000,6.508104,6.730772,6.429009,6.684347,6.757767,6.940793,6.708371,,6.658042,6.767942,-0.109900,-0.094121,-0.015779,45.644778,6.757767,7.132542,6.382991,0.402048,0.175316,0.026228,0.030484,0.004912,-0.061670,0.021476,-0.024253,,0.261982,-0.074264,-0.074264,0.110913,20546050.000000,180628800.000000,0.014792
2015-07-29,7.812000,7.812000,7.597000,7.767000,29778000,0.000000,0.000000,6.716156,6.716156,6.531316,6.677469,6.741948,6.938207,6.706624,,6.661031,6.761240,-0.100209,-0.095338,-0.004871,45.336919,6.741948,7.101151,6.382745,0.410247,0.175997,0.026357,-0.001029,0.015560,-0.031546,0.020559,-0.019999,,0.239482,-0.075217,-0.075217,0.109770,21181150.000000,231285726.000000,0.003024
2015-07-30,7.844000,8.087000,7.834000,7.857000,33939000,0.000000,0.000000,6.743666,6.952579,6.735069,6.754843,6.726043,6.934906,6.704973,,6.675463,6.760766,-0.085302,-0.093331,0.008029,49.466074,6.726043,7.049975,6.402111,0.544454,0.183076,0.027103,0.011587,0.020124,-0.034173,0.043312,-0.010505,,0.237381,-0.064501,-0.064501,0.122630,21956300.000000,266658723.000000,0.005395
2015-07-31,7.896000,7.978000,7.651000,7.687000,25138000,0.000000,0.000000,6.788373,6.858870,6.577741,6.608691,6.698704,6.929402,6.704277,,6.665191,6.749501,-0.084310,-0.091527,0.007217,42.877506,6.698704,6.955337,6.442070,0.324628,0.190080,0.028762,-0.021637,0.018820,-0.065638,-0.001070,0.011525,,0.242283,-0.084742,-0.084742,0.098340,22453050.000000,193235806.000000,-0.025621
2015-08-03,7.671000,7.688000,7.533000,7.574000,26468000,0.000000,0.000000,6.594935,6.609550,6.476293,6.511541,6.675491,6.920464,6.702344,,6.641552,6.731874,-0.090322,-0.091286,0.000964,39.145141,6.675491,6.909591,6.441391,0.149829,0.186021,0.028568,-0.014700,0.003843,-0.089992,-0.011402,-0.006205,,0.239207,-0.098197,-0.098197,0.082194,22243850.000000,200468632.000000,-0.031026
2015-08-04,7.444000,7.587000,7.288000,7.309000,35074000,0.000000,0.000000,6.399777,6.522717,6.265660,6.283714,6.645100,6.907227,6.698604,,6.586500,6.698677,-0.112176,-0.095464,-0.016712,32.090456,6.645100,6.916026,6.374174,-0.166947,0.191095,0.030411,-0.034988,-0.059936,-0.099212,-0.029713,-0.052959,,0.252097,-0.129749,-0.129749,0.044330,22565400.000000,256355866.000000,-0.063365
2015-08-05,7.344000,7.458000,7.329000,7.405000,22138000,0.000000,0.000000,6.313806,6.411815,6.300910,6.366250,6.628335,6.896789,6.694841,,6.552616,6.674052,-0.121437,-0.100659,-0.020778,36.551572,6.628335,6.924843,6.331828,0.058046,0.186596,0.029310,0.013135,-0.046607,-0.076222,-0.011739,-0.038166,,0.258038,-0.118319,-0.118319,0.058047,22518700.000000,163931890.000000,-0.056519
2015-08-06,7.442000,7.442000,7.229000,7.252000,19518000,0.000000,0.000000,6.398058,6.398058,6.214937,6.234710,6.606369,6.879865,6.688752,,6.503707,6.641508,-0.137801,-0.108087,-0.029714,32.848001,6.606369,6.949975,6.262764,-0.040823,0.186348,0.029889,-0.020662,-0.077001,-0.069660,-0.035366,-0.065161,,0.250980,-0.136536,-0.136536,0.036185,22569950.000000,141544536.000000,-0.057790
2015-08-07,7.215000,7.243000,7.137000,7.242000,17656000,0.000000,0.000000,6.202902,6.226974,6.135843,6.226114,6.580105,6.863248,6.683356,,6.461000,6.610738,-0.149737,-0.116417,-0.033320,32.615427,6.580105,6.955834,6.204376,0.028928,0.180099,0.028926,-0.001379,-0.057890,-0.067113,-0.056332,-0.067764,,0.251050,-0.137726,-0.137726,0.034757,22539850.000000,127864752.000000,-0.064324
2015-08-10,7.334000,7.518000,7.293000,7.487000,20717000,0.000000,0.000000,6.305208,6.463397,6.269960,6.436746,6.561191,6.851067,6.681343,,6.457269,6.597849,-0.140580,-0.121250,-0.019331,43.223434,6.561191,6.925024,6.197358,0.328981,0.184183,0.028614,0.033830,-0.011487,-0.046606,-0.038021,-0.030519,,0.277921,-0.108555,-0.108555,0.069763,22465700.000000,155108179.000000,-0.059695
2015-08-11,7.425000,7.444000,7.288000,7.300000,20358000,0.000000,0.000000,6.383442,6.399777,6.265660,6.275977,6.531745,6.833718,6.676472,,6.429378,6.574007,-0.144629,-0.125926,-0.018703,38.271130,6.531745,6.887319,6.176172,0.140344,0.183248,0.029198,-0.024977,-0.001231,-0.079097,-0.046049,-0.088753,,0.285360,-0.130821,-0.130821,0.043044,21550100.000000,148613400.000000,-0.058227
2015-08-12,7.195000,7.306000,7.081000,7.261000,24953000,0.000000,0.000000,6.185707,6.281136,6.087698,6.242449,6.502171,6.815886,6.671025,,6.400620,6.549447,-0.148827,-0.130506,-0.018321,37.311033,6.502171,6.850228,6.154114,0.126898,0.183976,0.029472,-0.005342,-0.019446,-0.090670,-0.056551,-0.093846,,0.282522,-0.135464,-0.135464,0.037472,21795400.000000,181183733.000000,-0.069137
2015-08-13,7.275000,7.340000,7.193000,7.201000,19086000,0.000000,0.000000,6.254484,6.310366,6.183987,6.190865,6.479216,6.796612,6.665748,,6.368350,6.522885,-0.154535,-0.135312,-0.019224,35.822061,6.479216,6.846271,6.112161,0.107210,0.179862,0.029053,-0.008263,-0.007032,-0.094100,-0.076424,-0.106985,,0.282846,-0.142608,-0.142608,0.028899,20811300.000000,137438286.000000,-0.073011
2015-08-14,7.189000,7.355000,7.081000,7.271000,38619000,0.000000,0.000000,6.180549,6.323263,6.087698,6.251046,6.459658,6.779483,6.660790,,6.350303,6.502749,-0.152446,-0.138739,-0.013707,38.886262,6.459658,6.831794,6.087521,0.219711,0.183841,0.029410,0.009721,0.004004,-0.059987,-0.073131,-0.110369,,0.274682,-0.134273,-0.134273,0.038900,21911550.000000,280798749.000000,-0.073122
2015-08-17,7.261000,7.453000,7.220000,7.439000,19816000,0.000000,0.000000,6.242450,6.407517,6.207201,6.395481,6.448094,6.764438,6.662425,,6.357253,6.494803,-0.137549,-0.138501,0.000951,45.599501,6.448094,6.812665,6.083524,0.427842,0.185017,0.028929,0.023106,-0.006411,-0.037147,-0.060427,-0.086480,,0.288996,-0.114270,-0.114270,0.062905,22417250.000000,147411224.000000,-0.063038
2015-08-18,7.457000,7.472000,7.204000,7.227000,19713000,0.000000,0.000000,6.410952,6.423848,6.193442,6.213216,6.426171,6.747278,6.663608,,6.335094,6.473945,-0.138851,-0.138571,-0.000280,39.676496,6.426171,6.791927,6.060416,0.208883,0.188259,0.030300,-0.028499,-0.010000,-0.062403,-0.102120,-0.112622,,0.303627,-0.139513,-0.139513,0.032613,22769200.000000,142465851.000000,-0.100014
2015-08-19,7.225000,7.339000,7.146000,7.241000,19078000,0.000000,0.000000,6.211498,6.309507,6.143580,6.225254,6.408676,6.730823,6.664149,,6.318195,6.455523,-0.137328,-0.138322,0.000995,40.228714,6.408676,6.777883,6.039469,0.251600,0.186664,0.029985,0.001937,-0.002755,-0.064107,-0.095678,-0.123212,,0.303189,-0.137845,-0.137845,0.034614,23013200.000000,138143798.000000,-0.085289
2015-08-20,7.173000,7.193000,7.083000,7.102000,25867000,0.000000,0.000000,6.166793,6.183987,6.089418,6.105753,6.382884,6.710843,6.663366,,6.285512,6.429614,-0.144102,-0.139478,-0.004624,36.642691,6.382884,6.761418,6.004351,0.133941,0.183034,0.029977,-0.019196,-0.013748,-0.071391,-0.122538,-0.147941,,0.307061,-0.154396,-0.154396,0.014753,23686700.000000,183707434.000000,-0.080638
2015-08-21,7.025000,7.188000,6.970000,6.975000,29157000,0.000000,0.000000,6.039552,6.179687,5.992267,5.996565,6.358382,6.688851,6.663162,,6.241059,6.397536,-0.156478,-0.142878,-0.013600,33.687824,6.358382,6.770589,5.946175,0.061122,0.183347,0.030575,-0.017883,-0.040710,-0.094392,-0.136635,-0.156538,,0.308567,-0.169517,-0.169517,0.000000,24291900.000000,203370075.000000,-0.061317
2015-08-24,6.634000,7.067000,6.285000,6.732000,32114000,0.000000,0.000000,5.703402,6.075663,5.403359,5.787655,6.323434,6.664538,6.660852,,6.171304,6.352360,-0.181055,-0.150513,-0.030542,28.887889,6.323434,6.802897,5.843971,-0.058728,0.218273,0.037713,-0.034838,-0.095040,-0.107754,-0.159770,-0.196071,,0.321706,-0.198450,-0.198450,0.000000,25120950.000000,216191448.000000,-0.059129
2015-08-25,7.025000,7.093000,6.740000,6.740000,35038000,0.000000,0.000000,6.039554,6.098015,5.794533,5.794533,6.278944,6.640707,6.658190,,6.113339,6.311039,-0.197700,-0.159951,-0.037749,29.245331,6.278944,6.781954,5.775933,0.018489,0.224850,0.038804,0.001188,-0.067386,-0.106693,-0.181669,-0.188370,,0.321976,-0.197497,-0.197497,0.001188,25711250.000000,236156120.000000,-0.064154
2015-08-26,6.977000,7.090000,6.782000,7.075000,27564000,0.000000,0.000000,5.998286,6.095435,5.830640,6.082539,6.249197,6.620417,6.657038,,6.108601,6.294113,-0.185512,-0.165063,-0.020449,42.319513,6.249197,6.722461,5.775933,0.323927,0.230283,0.037860,0.049703,-0.022925,-0.090032,-0.138076,-0.146497,,0.354069,-0.157611,-0.157611,0.050951,25600550.000000,195015300.000000,-0.059528
2015-08-27,7.156000,7.358000,7.120000,7.311000,30664000,0.000000,0.000000,6.152178,6.325842,6.121228,6.285435,6.225727,6.604701,6.658926,,6.135806,6.293470,-0.157664,-0.163583,0.005919,49.411499,6.225727,6.635737,5.815716,0.572813,0.231213,0.036785,0.033357,0.029428,-0.058710,-0.107917,-0.108187,,0.377283,-0.129511,-0.129511,0.086007,25436800.000000,224184504.000000,-0.057164
2015-08-28,7.274000,7.397000,7.229000,7.292000,16046000,0.000000,0.000000,6.253626,6.359372,6.214938,6.269101,6.208747,6.585873,6.659229,,6.156313,6.291665,-0.135352,-0.157937,0.022585,48.890345,6.208747,6.578091,5.839403,0.581704,0.225014,0.035893,-0.002599,0.045449,-0.071910,-0.122399,-0.131773,,0.373741,-0.131773,-0.131773,0.083185,24982200.000000,117007432.000000,-0.072308
2015-08-31,7.260000,7.341000,7.189000,7.277000,11821000,0.000000,0.000000,6.241589,6.311226,6.180548,6.256204,6.195980,6.567888,6.659119,,6.171681,6.289038,-0.117357,-0.149821,0.032464,48.455771,6.195980,6.537888,5.854073,0.588070,0.218276,0.034890,-0.002057,0.080957,-0.053337,-0.123048,-0.105063,,0.367733,-0.133559,-0.133559,0.080957,24249850.000000,86021417.000000,-0.063950
2015-09-01,7.083000,7.202000,6.916000,6.956000,19881000,0.000000,0.000000,6.089417,6.191724,5.945843,5.980232,6.180806,6.543627,6.656302,,6.142227,6.266164,-0.123936,-0.144644,0.020708,40.217799,6.180806,6.533099,5.828513,0.215330,0.224853,0.037599,-0.044112,0.032047,-0.081595,-0.164140,-0.134808,,0.393395,-0.171779,-0.171779,0.033274,23490200.000000,138292236.000000,-0.073317
2015-09-02,7.097000,7.113000,6.963000,7.110000,12089000,0.000000,0.000000,6.101454,6.115209,5.986251,6.112630,6.168125,6.521824,6.655151,,6.137674,6.254791,-0.117117,-0.139139,0.022022,45.044874,6.168125,6.510429,5.825822,0.418939,0.218434,0.035735,0.022139,0.004947,-0.027227,-0.139972,-0.114558,,0.385948,-0.153443,-0.153443,0.056150,22987750.000000,85952790.000000,-0.078866
2015-09-03,7.201000,7.277000,7.128000,7.175000,15824000,0.000000,0.000000,6.190865,6.256204,6.128105,6.168512,6.164815,6.502119,6.655159,,6.142418,6.248400,-0.105982,-0.132507,0.026526,46.990421,6.164815,6.505685,5.823945,0.505422,0.213086,0.034544,0.009142,-0.018602,-0.031060,-0.136998,-0.099776,,0.384346,-0.145704,-0.145704,0.065805,22803050.000000,113537200.000000,-0.070911
2015-09-04,7.026000,7.099000,6.960000,6.975000,18806000,0.030000,0.000000,6.065775,6.128799,6.008795,6.021745,6.154597,6.478585,6.653339,,6.123853,6.231610,-0.107757,-0.127557,0.019800,42.713423,6.154597,6.499953,5.809241,0.307660,0.209274,0.034753,-0.023793,-0.039456,-0.034158,-0.148415,-0.129790,,0.386488,-0.166030,-0.166030,0.040446,22860550.000000,131171850.000000,-0.081164
2015-09-08,7.119000,7.293000,7.119000,7.263000,18308000,0.000000,0.000000,6.146064,6.296284,6.146064,6.270384,6.146279,6.461519,6.654545,,6.146396,6.234483,-0.088086,-0.119663,0.031577,50.871515,6.146279,6.470381,5.822176,0.691460,0.213936,0.034119,0.041290,0.002267,0.007110,-0.110332,-0.061081,,0.413780,-0.131595,-0.131595,0.083407,22740100.000000,132971004.000000,-0.070056
2015-09-09,7.304000,7.372000,7.044000,7.059000,19142000,0.000000,0.000000,6.305784,6.364491,6.081317,6.094267,6.137193,6.445505,6.654958,,6.138376,6.224096,-0.085720,-0.112874,0.027155,45.886801,6.137193,6.456134,5.818253,0.432705,0.218882,0.035916,-0.028087,0.019069,-0.053207,-0.142226,-0.091067,,0.406770,-0.155986,-0.155986,0.052977,22679300.000000,135123378.000000,-0.079162
2015-09-10,7.055000,7.293000,7.043000,7.190000,17903000,0.000000,0.000000,6.090813,6.296286,6.080453,6.207363,6.135439,6.429775,6.655363,,6.148990,6.222857,-0.073867,-0.105073,0.031206,49.320992,6.135439,6.452321,5.818557,0.613487,0.218664,0.035227,0.018558,0.015498,-0.010933,-0.125250,-0.067648,,0.404122,-0.140323,-0.140323,0.072518,22326800.000000,128722570.000000,-0.068927
2015-09-11,7.092000,7.190000,7.030000,7.183000,15237000,0.000000,0.000000,6.122756,6.207363,6.069229,6.201319,6.135962,6.412343,6.650696,,6.157040,6.221261,-0.064221,-0.096903,0.032682,49.141505,6.135962,6.453263,5.818660,0.602989,0.212912,0.034333,-0.000974,0.005318,-0.006589,-0.114515,-0.080271,,0.403707,-0.141160,-0.141160,0.071474,22134350.000000,109447371.000000,-0.069226
2015-09-14,7.217000,7.269000,7.186000,7.250000,18145000,0.000000,0.000000,6.230673,6.275566,6.203909,6.259163,6.136368,6.394417,6.646162,,6.172752,6.224069,-0.051317,-0.087786,0.036468,50.980119,6.136368,6.454309,5.818426,0.693110,0.203007,0.032434,0.009328,0.039427,0.011032,-0.104056,-0.085403,,0.403773,-0.133149,-0.133149,0.081468,21110650.000000,131551250.000000,-0.059481
2015-09-15,7.294000,7.431000,7.217000,7.402000,14642000,0.000000,0.000000,6.297149,6.415426,6.230672,6.390389,6.136113,6.382709,6.644036,,6.206234,6.236389,-0.030155,-0.076259,0.046105,54.958329,6.136113,6.453187,5.819039,0.900972,0.201703,0.031564,0.020965,0.019138,0.022291,-0.099566,-0.055470,,0.408741,-0.114975,-0.114975,0.104141,20851950.000000,108380084.000000,-0.060989
2015-09-16,7.399000,7.492000,7.360000,7.476000,11371000,0.000000,0.000000,6.387799,6.468089,6.354129,6.454276,6.148166,6.373963,6.642876,,6.244394,6.252529,-0.008134,-0.062634,0.054500,56.796605,6.148166,6.494553,5.801779,0.941861,0.195436,0.030280,0.009997,0.059073,0.009193,-0.087247,-0.027683,,0.402430,-0.106128,-0.106128,0.115180,20434850.000000,85009596.000000,-0.052569
2015-09-17,7.414000,7.414000,7.244000,7.264000,17403000,0.000000,0.000000,6.400750,6.400750,6.253984,6.271250,6.150466,6.365358,6.640201,,6.248526,6.253915,-0.005389,-0.051185,0.045796,50.444795,6.150466,6.499608,5.801324,0.672973,0.195783,0.031219,-0.028357,0.010292,0.009340,-0.130261,-0.072727,,0.402301,-0.131475,-0.131475,0.083556,20351100.000000,126415392.000000,-0.083699
2015-09-18,7.159000,7.246000,7.093000,7.122000,19755000,0.000000,0.000000,6.180598,6.255708,6.123619,6.148655,6.152611,6.354850,6.636250,,6.233161,6.246118,-0.012957,-0.043540,0.030583,46.679123,6.152611,6.501123,5.804099,0.494325,0.192343,0.031282,-0.019549,-0.008492,-0.012305,-0.140706,-0.094067,,0.408340,-0.148454,-0.148454,0.062374,20045500.000000,140695110.000000,-0.084077
2015-09-21,7.153000,7.153000,6.743000,6.807000,36020000,0.000000,0.000000,6.175419,6.175419,5.821453,5.876706,6.146618,6.337356,6.629587,,6.178322,6.218754,-0.040432,-0.042918,0.002486,39.614629,6.146618,6.510223,5.783012,0.128840,0.203888,0.034694,-0.044229,-0.061104,-0.037513,-0.183030,-0.125303,,0.431506,-0.186117,-0.186117,0.015386,20388650.000000,245188140.000000,-0.119968
2015-09-22,6.681000,6.703000,6.517000,6.564000,40471000,0.000000,0.000000,5.767926,5.786920,5.626340,5.666916,6.140581,6.314394,6.621512,,6.099644,6.177878,-0.078233,-0.049981,-0.028252,35.190156,6.140581,6.532210,5.748952,-0.104737,0.207208,0.036564,-0.035699,-0.113213,-0.054973,-0.213230,-0.160063,,0.444270,-0.215171,-0.215171,0.000000,20806500.000000,265651644.000000,-0.135059
2015-09-23,6.554000,6.582000,6.362000,6.369000,33153000,0.000000,0.000000,5.658284,5.682457,5.492524,5.498568,6.125783,6.287068,6.610340,,6.007171,6.127558,-0.120387,-0.064062,-0.056325,32.092603,6.125783,6.588401,5.663164,-0.177896,0.205974,0.037460,-0.029707,-0.148074,-0.049949,-0.231373,-0.117688,,0.439871,-0.238486,-0.238486,0.000000,20712250.000000,211151457.000000,-0.159206
2015-09-24,6.309000,6.390000,6.120000,6.339000,43570000,0.000000,0.000000,5.446766,5.516695,5.283596,5.472666,6.095289,6.259842,6.599200,,5.924939,6.079048,-0.154108,-0.082072,-0.072037,31.631259,6.095289,6.642563,5.548015,-0.068840,0.207911,0.037991,-0.004711,-0.127340,-0.055547,-0.239745,-0.102096,,0.439795,-0.242074,-0.242074,0.000000,21512550.000000,276190230.000000,-0.165861
2015-09-25,6.469000,6.518000,6.256000,6.308000,33469000,0.000000,0.000000,5.584899,5.627203,5.401009,5.445903,6.053312,6.235761,6.588898,,5.851241,6.032148,-0.180907,-0.101839,-0.079068,31.133259,6.053312,6.664261,5.442364,0.002896,0.209217,0.038417,-0.004890,-0.114294,-0.104666,-0.235519,-0.117526,,0.396951,-0.245780,-0.245780,0.000000,21652800.000000,211122452.000000,-0.157966
2015-09-28,6.273000,6.318000,6.177000,6.177000,24131000,0.000000,0.000000,5.415686,5.454536,5.332807,5.332807,6.006498,6.209573,6.577807,,5.771482,5.980345,-0.208863,-0.123243,-0.085619,29.051729,6.006498,6.687319,5.325677,0.005236,0.202968,0.038060,-0.020767,-0.092552,-0.151561,-0.226567,-0.137648,,0.374797,-0.261443,-0.261443,0.000000,22057050.000000,149057187.000000,-0.142972
2015-09-29,6.205000,6.351000,6.165000,6.286000,31335000,0.000000,0.000000,5.356980,5.483026,5.322446,5.426909,5.965033,6.185576,6.567444,,5.718471,5.939350,-0.220879,-0.142770,-0.078108,33.061942,5.965033,6.681881,5.248185,0.124660,0.199940,0.036842,0.017646,-0.042352,-0.134340,-0.224045,-0.098068,,0.384586,-0.248411,-0.248411,0.017646,23032750.000000,196971810.000000,-0.129888
2015-09-30,6.363000,6.551000,6.362000,6.533000,25783000,0.000000,0.000000,5.493387,5.655694,5.492523,5.640153,5.948029,6.165346,6.557867,,5.706422,5.917187,-0.210765,-0.156369,-0.054396,41.176076,5.948029,6.679347,5.216711,0.289506,0.202001,0.035815,0.039294,0.025749,-0.098470,-0.202573,-0.062895,,0.416080,-0.218878,-0.218878,0.057633,23327850.000000,168440339.000000,-0.124187
2015-10-01,6.528000,6.663000,6.322000,6.444000,31789000,0.000000,0.000000,5.635837,5.752387,5.457990,5.563317,5.920563,6.145109,6.546589,,5.684406,5.890974,-0.206568,-0.166409,-0.040159,39.326277,5.920563,6.666958,5.174169,0.260685,0.208600,0.037496,-0.013623,0.016564,-0.069716,-0.222509,-0.082062,,0.392322,-0.229519,-0.229519,0.043225,24312850.000000,204848316.000000,-0.146224
2015-10-02,6.334000,6.571000,6.322000,6.568000,23124000,0.000000,0.000000,5.468350,5.672960,5.457990,5.670370,5.895656,6.126084,6.537503,,5.682247,5.874633,-0.192387,-0.171605,-0.020782,43.157782,5.895656,6.640457,5.150856,0.348761,0.209055,0.036868,0.019243,0.041218,-0.072352,-0.187136,-0.085090,,0.390092,-0.214693,-0.214693,0.063299,24677850.000000,151878432.000000,-0.130212
2015-10-05,6.433000,6.603000,6.421000,6.542000,25914000,0.000000,0.000000,5.553819,5.700586,5.543459,5.647923,5.876965,6.109311,6.527816,,5.676966,5.857840,-0.180874,-0.173459,-0.007415,42.551014,5.876965,6.627185,5.126745,0.347350,0.205346,0.036358,-0.003959,0.059090,-0.084395,-0.180456,-0.073602,,0.387465,-0.217802,-0.217802,0.059090,25033250.000000,169529388.000000,-0.137194
2015-10-06,6.502000,6.554000,6.426000,6.525000,21602000,0.000000,0.000000,5.613391,5.658284,5.547777,5.633247,5.845108,6.092243,6.517117,,5.670240,5.841203,-0.170963,-0.172959,0.001996,42.133924,5.845108,6.578918,5.111298,0.355643,0.198572,0.035250,-0.002598,0.038021,-0.064516,-0.159410,-0.097070,,0.380655,-0.219834,-0.219834,0.056338,25197950.000000,140953050.000000,-0.126537
2015-10-07,6.599000,6.711000,6.510000,6.656000,25198000,0.000000,0.000000,5.697132,5.793825,5.620296,5.746342,5.827712,6.073483,6.507138,,5.681948,5.834177,-0.152229,-0.168813,0.016585,46.487029,5.827712,6.553100,5.102325,0.443913,0.196783,0.034245,0.020076,0.018827,-0.083574,-0.139000,-0.083097,,0.355917,-0.204171,-0.204171,0.077545,25500750.000000,167717888.000000,-0.112336
2015-10-08,6.591000,6.736000,6.543000,6.731000,13979000,0.000000,0.000000,5.690226,5.815409,5.648786,5.811092,5.807899,6.056156,6.497181,,5.701816,5.832467,-0.130650,-0.161181,0.030530,48.859084,5.807899,6.510926,5.104871,0.502271,0.194629,0.033493,0.011268,0.044537,-0.046466,-0.139277,-0.072004,,0.348256,-0.195204,-0.195204,0.089687,25304550.000000,94092649.000000,-0.101877
2015-10-09,6.690000,6.749000,6.629000,6.647000,11809000,0.000000,0.000000,5.775697,5.826633,5.723033,5.738573,5.784761,6.035830,6.485368,,5.707471,5.825512,-0.118040,-0.152553,0.034512,46.379448,5.784761,6.463304,5.106218,0.465965,0.188127,0.032783,-0.012479,0.012028,-0.075522,-0.157953,-0.078543,,0.341668,-0.205247,-0.205247,0.076089,25133150.000000,78494423.000000,-0.110424
2015-10-12,6.645000,6.708000,6.610000,6.648000,7882000,0.000000,0.000000,5.736847,5.791237,5.706630,5.739437,5.758775,6.018445,6.473924,,5.712389,5.819136,-0.106747,-0.143391,0.036645,46.414341,5.758775,6.399579,5.117971,0.484911,0.180733,0.031490,0.000151,0.016203,-0.074481,-0.163943,-0.069444,,0.341795,-0.205128,-0.205128,0.076251,24620000.000000,52399536.000000,-0.111787
2015-10-13,6.579000,6.638000,6.458000,6.463000,16985000,0.000000,0.000000,5.679865,5.730802,5.575402,5.579719,5.718241,5.999809,6.460137,,5.691978,5.801401,-0.109423,-0.136598,0.027175,41.091068,5.718241,6.289621,5.146862,0.378782,0.179540,0.032177,-0.027828,-0.009502,-0.108552,-0.183528,-0.100586,,0.348454,-0.227248,-0.227248,0.046301,24737150.000000,109774055.000000,-0.124235
2015-10-14,6.458000,6.827000,6.411000,6.729000,36145000,0.000000,0.000000,5.575403,5.893972,5.534826,5.809366,5.685996,5.990322,6.448775,,5.710038,5.801991,-0.091953,-0.127669,0.035716,49.975001,5.685996,6.144027,5.227964,0.634674,0.192369,0.033114,0.041157,0.010968,-0.090921,-0.126406,-0.055351,,0.373684,-0.195443,-0.195443,0.089364,25975850.000000,243219705.000000,-0.052744
2015-10-15,6.775000,6.840000,6.602000,6.746000,24294000,0.000000,0.000000,5.849080,5.905197,5.699724,5.824043,5.663636,5.979478,6.438133,,5.727577,5.803625,-0.076047,-0.117345,0.041297,50.488911,5.663636,6.037253,5.290019,0.714668,0.193305,0.033191,0.002526,0.002229,-0.097646,-0.123178,-0.037819,,0.370978,-0.193410,-0.193410,0.092116,26320400.000000,163887324.000000,-0.057913
2015-10-16,6.749000,6.837000,6.655000,6.828000,21959000,0.000000,0.000000,5.826631,5.902604,5.745478,5.894834,5.650945,5.972680,6.426272,6.544149,5.753309,5.810381,-0.057072,-0.105290,0.048218,52.997049,5.650945,5.968182,5.333707,0.884396,0.190721,0.032354,0.012155,0.027230,-0.060022,-0.110448,-0.044116,,0.364810,-0.183606,-0.183606,0.105390,26430600.000000,149936052.000000,-0.046800
2015-10-19,6.783000,6.903000,6.712000,6.764000,15109000,0.000000,0.000000,5.855986,5.959586,5.794690,5.839583,5.649088,5.964950,6.414099,6.539394,5.766582,5.812544,-0.045962,-0.093424,0.047462,50.832645,5.649088,5.961156,5.337020,0.805213,0.188876,0.032344,-0.009373,0.017449,-0.050267,-0.122088,-0.124241,,0.360564,-0.191258,-0.191258,0.095030,25385050.000000,102197276.000000,-0.063977
2015-10-20,6.658000,7.199000,6.650000,7.003000,54848000,0.000000,0.000000,5.748069,6.215132,5.741162,6.045918,5.668038,5.957133,6.404100,6.536084,5.809557,5.829831,-0.020274,-0.078794,0.058520,57.769056,5.668038,6.027148,5.308929,1.026134,0.209240,0.034608,0.035334,0.083552,0.028794,-0.080491,-0.099314,,0.348878,-0.162682,-0.162682,0.133722,26103900.000000,384100544.000000,-0.024263
2015-10-21,7.250000,7.736000,7.050000,7.079000,187054000,0.000000,0.000000,6.259162,6.678742,6.086496,6.111532,5.698687,5.953844,6.393781,6.533663,5.856014,5.850698,0.005317,-0.061972,0.067289,59.715339,5.698687,6.099144,5.298229,1.015467,0.239496,0.039188,0.010853,0.052014,0.078458,-0.077029,-0.074420,,0.322470,-0.153595,-0.153595,0.146025,33798950.000000,1324155266.000000,-0.017514
2015-10-22,7.159000,7.442000,7.101000,7.261000,71814000,0.000000,0.000000,6.180598,6.424921,6.130525,6.268658,5.738486,5.954368,6.385127,6.531856,5.919498,5.881658,0.037840,-0.042010,0.079850,63.994690,5.738486,6.198198,5.278774,1.076635,0.244774,0.039047,0.025710,0.076341,0.140053,-0.033600,-0.045920,,0.306674,-0.131834,-0.131834,0.175489,35211150.000000,521441454.000000,-0.000472
2015-10-23,7.406000,7.496000,7.282000,7.457000,55229000,0.000000,0.000000,6.393841,6.471541,6.286788,6.437871,5.788085,5.959308,6.377960,6.530037,5.999248,5.922859,0.076389,-0.018330,0.094719,67.943974,5.788085,6.322810,5.253359,1.107588,0.241782,0.037556,0.026993,0.092121,0.176368,-0.007514,-0.015416,,0.311776,-0.108399,-0.108399,0.207220,36299150.000000,411842653.000000,-0.005942
2015-10-26,7.411000,7.509000,7.344000,7.507000,35194000,0.000000,0.000000,6.398159,6.482766,6.340316,6.481040,5.845496,5.963908,6.371696,6.528369,6.073370,5.964205,0.109164,0.007169,0.101995,68.881730,5.845496,6.419524,5.271469,1.053583,0.234687,0.036211,0.006705,0.109846,0.190076,-0.030415,-0.009592,,0.308328,-0.102421,-0.102421,0.215315,36852300.000000,264201358.000000,-0.019705
2015-10-27,7.477000,7.550000,7.462000,7.510000,31665000,0.000000,0.000000,6.455140,6.518163,6.442189,6.483630,5.898332,5.965671,6.365055,6.527749,6.136487,6.002681,0.133805,0.032496,0.101309,68.940437,5.898332,6.503804,5.292861,0.983340,0.223350,0.034448,0.000400,0.072398,0.215801,-0.029029,-0.009067,,0.291259,-0.102062,-0.102062,0.215801,36868800.000000,237804150.000000,-0.013069
2015-10-28,7.568000,7.619000,7.421000,7.574000,37430000,0.000000,0.000000,6.533701,6.577731,6.406791,6.538881,5.943269,5.972185,6.359731,6.527725,6.198393,6.042400,0.155994,0.057196,0.098798,70.230667,5.943269,6.599348,5.287190,0.953918,0.219606,0.033585,0.008522,0.069925,0.204900,-0.031971,0.009955,,0.289758,-0.094410,-0.094410,0.226161,37451150.000000,283494820.000000,-0.025520
2015-10-29,7.501000,7.599000,7.468000,7.584000,23868000,0.000000,0.000000,6.475858,6.560465,6.447368,6.547515,5.992479,5.978630,6.354726,6.527962,6.252104,6.079816,0.172289,0.080214,0.092074,70.437334,5.992479,6.675646,5.309312,0.906223,0.211999,0.032378,0.001320,0.044484,0.160875,-0.009257,-0.010317,,0.268968,-0.093215,-0.093215,0.227780,37055100.000000,181014912.000000,0.001275
2015-10-30,7.584000,7.680000,7.524000,7.659000,22504000,0.000000,0.000000,6.547516,6.630396,6.495716,6.612266,6.039574,5.988760,6.349801,6.528254,6.307514,6.119257,0.188257,0.101823,0.086434,72.006877,6.039574,6.758188,5.320959,0.898470,0.206476,0.031226,0.009889,0.027089,0.188547,0.015469,0.003890,,0.258073,-0.084247,-0.084247,0.239922,37024100.000000,172358136.000000,0.027517
2015-11-02,7.682000,7.707000,7.592000,7.660000,26884000,0.000000,0.000000,6.632122,6.653705,6.554422,6.613129,6.087834,6.001091,6.344971,6.528165,6.354532,6.155840,0.198692,0.121197,0.077495,72.028193,6.087834,6.825101,5.350566,0.856245,0.198819,0.030064,0.000131,0.020381,0.166261,0.052424,0.021153,,0.256428,-0.084127,-0.084127,0.240084,37072600.000000,205931440.000000,0.048193
2015-11-03,7.661000,7.668000,7.551000,7.634000,28306000,0.000000,0.000000,6.613992,6.620036,6.519026,6.590682,6.135706,6.017152,6.340845,6.527571,6.390862,6.188050,0.202812,0.137520,0.065292,70.523954,6.135706,6.873026,5.398385,0.808534,0.191833,0.029107,-0.003394,0.016511,0.166921,0.035253,0.023101,,0.256118,-0.087236,-0.087236,0.235875,37407800.000000,216088004.000000,0.034244
2015-11-04,7.683000,7.701000,7.580000,7.701000,26430000,0.000000,0.000000,6.632986,6.648526,6.544063,6.648526,6.180815,6.034232,6.337469,6.526609,6.430503,6.222160,0.208343,0.151685,0.056659,72.138686,6.180815,6.928158,5.433471,0.812916,0.185592,0.027915,0.008777,0.016768,0.180230,0.066373,0.028660,,0.253484,-0.079225,-0.079225,0.246722,37469400.000000,203537430.000000,0.049357
2015-11-05,7.723000,7.799000,7.583000,7.707000,31772000,0.000000,0.000000,6.667520,6.733133,6.546653,6.653706,6.222945,6.045655,6.333036,6.525321,6.464842,6.254126,0.210716,0.163491,0.047225,72.285106,6.222945,6.977498,5.468392,0.785441,0.185656,0.027903,0.000779,0.016219,0.157903,0.068677,0.008477,,0.250741,-0.078508,-0.078508,0.247693,38359050.000000,244866804.000000,0.051983
2015-11-06,7.707000,7.746000,7.581000,7.690000,23623000,0.000000,0.000000,6.653705,6.687375,6.544926,6.639029,6.267968,6.052727,6.328714,6.524149,6.491640,6.282637,0.209003,0.172593,0.036409,71.144250,6.267968,7.008151,5.527786,0.750655,0.182569,0.027499,-0.002206,0.004047,0.142475,0.031426,-0.007790,,0.252274,-0.080541,-0.080541,0.244941,38949750.000000,181660870.000000,0.022543
2015-11-09,7.663000,7.719000,7.603000,7.700000,24723000,0.000000,0.000000,6.615719,6.664066,6.563919,6.647662,6.313379,6.060298,6.323086,6.522694,6.515643,6.309676,0.205967,0.179268,0.026699,71.429880,6.313379,7.028032,5.598727,0.733878,0.176682,0.026578,0.001300,0.005222,0.158417,0.059223,0.010447,,0.243591,-0.079345,-0.079345,0.246560,39791800.000000,190367100.000000,0.047607
2015-11-10,7.670000,7.742000,7.601000,7.642000,21710000,0.000000,0.000000,6.621762,6.683922,6.562192,6.597589,6.364273,6.067126,6.317507,6.521430,6.528250,6.331003,0.197247,0.182864,0.014383,67.270558,6.364273,6.999498,5.729048,0.683648,0.172757,0.026185,-0.007532,0.001048,0.149518,0.056891,-0.002877,,0.247785,-0.086280,-0.086280,0.237170,40028050.000000,165907820.000000,0.049189
2015-11-11,7.657000,7.756000,7.593000,7.682000,14372000,0.000000,0.000000,6.610541,6.696010,6.555287,6.632124,6.405411,6.080164,6.311895,6.520522,6.544231,6.353308,0.190923,0.184476,0.006447,68.627413,6.405411,6.994192,5.816630,0.692527,0.170469,0.025704,0.005234,-0.002467,0.188613,0.071276,-0.010595,,0.213745,-0.081497,-0.081497,0.243646,38939400.000000,110405704.000000,0.064628
2015-11-12,7.607000,7.650000,7.501000,7.544000,19582000,0.000000,0.000000,6.567372,6.604495,6.475858,6.512982,6.439858,6.088171,6.304997,6.518954,6.539423,6.365136,0.174287,0.182438,-0.008151,59.467988,6.439858,6.962302,5.917414,0.569983,0.169454,0.026018,-0.017964,-0.021150,0.121118,0.041903,-0.034293,,0.196845,-0.097997,-0.097997,0.221305,38703800.000000,147726608.000000,0.050452
2015-11-13,7.583000,7.653000,7.549000,7.557000,29494000,0.000000,0.000000,6.546652,6.607085,6.517299,6.524206,6.471326,6.095285,6.298702,6.518908,6.537082,6.376919,0.160163,0.177983,-0.017820,60.009483,6.471326,6.927110,6.015543,0.558009,0.164072,0.025148,0.001723,-0.017295,0.120219,0.020127,-0.041516,,0.197019,-0.096443,-0.096443,0.223409,39080550.000000,222886158.000000,0.052301
2015-11-16,7.532000,7.750000,7.501000,7.741000,20528000,0.000000,0.000000,6.502623,6.690830,6.475860,6.683060,6.513500,6.108511,6.293548,6.519562,6.559540,6.399596,0.159944,0.174375,-0.014431,66.774950,6.513500,6.867996,6.159005,0.739156,0.167708,0.025094,0.024348,0.005325,0.133715,0.075620,-0.034222,,0.206513,-0.074443,-0.074443,0.253197,39351500.000000,158907248.000000,0.090391
2015-11-17,7.741000,7.867000,7.698000,7.776000,19744000,0.000000,0.000000,6.683059,6.791839,6.645935,6.713275,6.546868,6.117369,6.289444,6.519953,6.583192,6.422832,0.160360,0.171572,-0.011212,67.887758,6.546868,6.835577,6.258159,0.788191,0.166150,0.024750,0.004521,0.017535,0.149615,0.078394,-0.024785,,0.198887,-0.070258,-0.070258,0.258863,37596300.000000,153529344.000000,0.084975
2015-11-18,7.753000,7.854000,7.718000,7.843000,15222000,0.000000,0.000000,6.693419,6.780616,6.663203,6.771119,6.579847,6.130906,6.288205,6.520714,6.612104,6.448631,0.163473,0.169952,-0.006479,69.961941,6.579847,6.802248,6.357447,0.930016,0.162669,0.024024,0.008616,0.020958,0.119949,0.108974,-0.026917,,0.169903,-0.062247,-0.062247,0.269710,29004700.000000,119386146.000000,0.068438
2015-11-19,7.838000,7.867000,7.752000,7.792000,21253000,0.000000,0.000000,6.766801,6.791838,6.692555,6.727088,6.602769,6.141300,6.285538,6.521003,6.629794,6.469257,0.160537,0.168069,-0.007533,66.443780,6.602769,6.780045,6.425493,0.850636,0.158141,0.023508,-0.006503,0.032874,0.100720,0.121824,-0.031456,,0.173564,-0.068345,-0.068345,0.261453,26476650.000000,165603376.000000,0.043711
2015-11-20,7.845000,7.904000,7.792000,7.838000,16078000,0.000000,0.000000,6.772846,6.823782,6.727089,6.766802,6.619216,6.152610,6.282476,6.521444,6.650872,6.491297,0.159574,0.166370,-0.006796,68.006515,6.619216,6.793078,6.445353,0.924435,0.153752,0.022722,0.005904,0.037184,0.079466,0.169179,-0.017621,,0.155929,-0.062845,-0.062845,0.268901,24519100.000000,126019364.000000,0.041331
2015-11-23,7.830000,7.853000,7.681000,7.699000,17595000,0.000000,0.000000,6.759895,6.779752,6.631258,6.646798,6.627503,6.160363,6.277390,6.521481,6.650245,6.502816,0.147429,0.162582,-0.015153,59.056627,6.627503,6.788995,6.466012,0.559739,0.153377,0.023075,-0.017734,-0.005426,0.032453,0.147081,-0.061308,,0.148521,-0.079465,-0.079465,0.246398,23639150.000000,135463905.000000,0.014829
2015-11-24,7.694000,7.769000,7.648000,7.729000,14523000,0.000000,0.000000,6.642483,6.707233,6.602769,6.672699,6.636957,6.166009,6.274359,6.520408,6.653700,6.515400,0.138300,0.157726,-0.019426,60.271891,6.636957,6.784522,6.489392,0.621106,0.149883,0.022462,0.003897,-0.006044,0.029572,0.097025,-0.054448,,0.147611,-0.075877,-0.075877,0.251255,22782050.000000,112248267.000000,0.010752
2015-11-25,7.726000,7.771000,7.676000,7.728000,10917000,0.000000,0.000000,6.670108,6.708959,6.626942,6.671835,6.643605,6.170360,6.272162,6.519323,6.656490,6.526988,0.129502,0.152081,-0.022579,60.207693,6.643605,6.784390,6.502819,0.600260,0.145035,0.021738,-0.000129,-0.014663,0.029028,0.061475,-0.053076,,0.147669,-0.075997,-0.075997,0.251093,21456400.000000,84366576.000000,-0.001572
2015-11-27,7.745000,7.798000,7.706000,7.763000,4621000,0.000000,0.000000,6.686512,6.732269,6.652842,6.702052,6.651331,6.178976,6.272167,6.518170,6.663499,6.539955,0.123544,0.146373,-0.022830,61.742469,6.651331,6.786773,6.515890,0.687241,0.140349,0.020941,0.004529,-0.003722,0.024954,0.069061,-0.061791,,0.145882,-0.071812,-0.071812,0.256759,20494050.000000,35872823.000000,0.007093
2015-11-30,7.810000,7.851000,7.728000,7.820000,15733000,0.000000,0.000000,6.742629,6.778026,6.671836,6.751263,6.658281,6.191028,6.272939,6.516794,6.677001,6.555608,0.121393,0.141377,-0.019984,64.166462,6.658281,6.799427,6.517135,0.829381,0.137909,0.020427,0.007343,-0.002296,0.031118,0.079131,-0.053654,,0.147420,-0.064997,-0.064997,0.265987,20155500.000000,123032060.000000,0.009591
2015-12-01,7.830000,7.961000,7.821000,7.959000,20829000,0.000000,0.000000,6.759895,6.872991,6.752125,6.871265,6.671188,6.210919,6.274138,6.516146,6.706888,6.578990,0.127898,0.138682,-0.010783,69.278233,6.671188,6.839537,6.502839,1.094232,0.136753,0.019902,0.017775,0.033771,0.039169,0.148996,-0.039600,,0.155389,-0.048377,-0.048377,0.288489,19852750.000000,165778011.000000,0.036788
2015-12-02,7.924000,7.991000,7.855000,7.865000,20615000,0.000000,0.000000,6.841049,6.898892,6.781479,6.790112,6.681160,6.233383,6.273889,6.515087,6.719692,6.594629,0.125063,0.135958,-0.010895,62.758156,6.681160,6.853019,6.509300,0.816980,0.135372,0.019937,-0.011810,0.017596,0.026762,0.110833,-0.044652,,0.162426,-0.059617,-0.059617,0.273272,19468200.000000,162136975.000000,0.032256
2015-12-03,7.938000,7.973000,7.615000,7.644000,23134000,0.000000,0.000000,6.853136,6.883353,6.574279,6.599316,6.678699,6.255398,6.271233,6.512584,6.701172,6.594976,0.106197,0.130006,-0.023809,50.681320,6.678699,6.853903,6.503496,0.273455,0.147779,0.022393,-0.028099,-0.010869,0.001310,0.069839,-0.076726,,0.191399,-0.086040,-0.086040,0.237494,19303400.000000,176836296.000000,0.005610
2015-12-04,7.667000,7.805000,7.641000,7.768000,22788000,0.000000,0.000000,6.619171,6.738311,6.596724,6.706368,6.681332,6.280072,6.269957,6.510286,6.701972,6.603227,0.098745,0.123753,-0.025009,55.818594,6.681332,6.856537,6.506127,0.571447,0.147337,0.021970,0.016222,0.000644,0.008700,0.113692,-0.051597,,0.197284,-0.071215,-0.071215,0.257568,18854200.000000,177017184.000000,0.015836
2015-12-07,7.757000,7.850000,7.694000,7.789000,17712000,0.030000,0.000000,6.722836,6.803438,6.668235,6.750570,6.686909,6.306166,6.270963,6.508492,6.709448,6.614141,0.095307,0.118064,-0.022757,57.774414,6.686909,6.863540,6.510279,0.680209,0.146470,0.021697,0.006591,-0.000103,0.014558,0.076580,-0.042202,,0.198416,-0.065093,-0.065093,0.265857,18558650.000000,137958768.000000,0.016338
2015-12-08,7.904000,8.070000,7.735000,8.040000,45033000,0.000000,0.000000,6.850239,6.994107,6.703770,6.968107,6.702932,6.338872,6.274222,6.507336,6.749242,6.640361,0.108881,0.116228,-0.007347,65.798721,6.702932,6.918431,6.487432,1.115259,0.156746,0.022495,0.032225,0.014094,0.049567,0.143387,-0.019233,,0.225873,-0.034965,-0.034965,0.306649,19574150.000000,362065320.000000,0.071547
2015-12-09,8.022000,8.040000,7.781000,7.832000,23930000,0.000000,0.000000,6.952505,6.968105,6.743635,6.787836,6.712444,6.366090,6.275833,6.505578,6.755180,6.651285,0.103894,0.113761,-0.009866,56.257768,6.712444,6.925142,6.499746,0.677228,0.161584,0.023805,-0.025871,-0.000335,0.021086,0.093514,-0.043448,,0.246237,-0.059932,-0.059932,0.272845,19685150.000000,187419760.000000,0.046264
2015-12-10,7.873000,8.068000,7.809000,8.003000,23251000,0.000000,0.000000,6.823373,6.992375,6.767905,6.936041,6.727640,6.392008,6.278677,6.504626,6.783004,6.672378,0.110626,0.113134,-0.002508,61.234470,6.727640,6.958800,6.496479,0.950771,0.166076,0.023944,0.021834,0.051024,0.051299,0.118478,-0.009604,,0.254139,-0.039406,-0.039406,0.300636,20129100.000000,186077753.000000,0.072270
2015-12-11,7.904000,7.967000,7.853000,7.889000,21772000,0.000000,0.000000,6.850237,6.904838,6.806037,6.837237,6.743852,6.417486,6.281298,6.503572,6.791348,6.684590,0.106758,0.111859,-0.005101,56.610312,6.743852,6.956353,6.531351,0.719727,0.163499,0.023913,-0.014245,0.019514,0.030927,0.092356,-0.021310,,0.260387,-0.053090,-0.053090,0.282108,20238600.000000,171759308.000000,0.065782
2015-12-14,7.908000,7.938000,7.667000,7.756000,19494000,0.000000,0.000000,6.853703,6.879704,6.644833,6.721968,6.753741,6.438518,6.282301,6.501079,6.780674,6.687359,0.093315,0.108150,-0.014835,51.704740,6.753741,6.939991,6.567491,0.414705,0.168597,0.025082,-0.016859,-0.004237,0.032088,0.051887,-0.052845,,0.259368,-0.069054,-0.069054,0.260493,19738600.000000,151195464.000000,0.033019
2015-12-15,7.894000,8.065000,7.850000,7.993000,23596000,0.000000,0.000000,6.841569,6.989771,6.803435,6.927371,6.765956,6.464107,6.286709,6.500763,6.803243,6.705137,0.098105,0.106141,-0.008036,58.590788,6.765956,6.964339,6.567573,0.906826,0.175683,0.025361,0.030557,-0.005846,0.061795,0.073299,-0.020343,,0.278054,-0.040607,-0.040607,0.299010,19892000.000000,188602828.000000,0.051595
2015-12-16,8.048000,8.082000,7.828000,8.025000,18288000,0.000000,0.000000,6.975040,7.004506,6.784370,6.955105,6.778048,6.490544,6.291394,6.500978,6.826606,6.723653,0.102953,0.105503,-0.002551,59.431875,6.778048,6.991795,6.564300,0.914174,0.178859,0.025716,0.004004,0.024642,0.040707,0.109046,-0.035419,,0.267093,-0.036766,-0.036766,0.304211,19819200.000000,146761200.000000,0.072842
2015-12-17,8.049000,8.079000,7.866000,7.870000,15367000,0.000000,0.000000,6.975907,7.001908,6.817305,6.820771,6.780530,6.512033,6.292758,6.500565,6.825708,6.730847,0.094861,0.103375,-0.008514,53.738289,6.780530,6.995091,6.565969,0.593775,0.179269,0.026283,-0.019314,-0.016619,0.016012,0.109311,-0.046776,,0.276883,-0.055370,-0.055370,0.279021,19826450.000000,120938290.000000,0.072992
2015-12-18,7.802000,7.834000,7.689000,7.704000,34096000,0.000000,0.000000,6.761835,6.789568,6.663900,6.676900,6.778021,6.529349,6.292752,6.499688,6.802815,6.726851,0.075964,0.097893,-0.021929,48.391339,6.778021,6.996354,6.559688,0.268426,0.177669,0.026610,-0.021093,-0.023451,-0.013915,0.136164,-0.071789,,0.285447,-0.075296,-0.075296,0.252042,20468600.000000,262675584.000000,0.116671
2015-12-21,7.796000,7.881000,7.715000,7.875000,16266000,0.000000,0.000000,6.756637,6.830304,6.686436,6.825104,6.780936,6.551080,6.293455,6.499214,6.806244,6.734129,0.072115,0.092737,-0.020622,53.521657,6.780936,7.000193,6.561678,0.600722,0.175936,0.025778,0.022197,0.015343,0.014570,0.204377,-0.052432,,0.295012,-0.054770,-0.054770,0.279833,20478000.000000,128094750.000000,0.159767
2015-12-22,7.949000,8.025000,7.824000,8.019000,14855000,0.000000,0.000000,6.889237,6.955104,6.780902,6.949904,6.796091,6.575289,6.296867,6.500572,6.828346,6.750113,0.078233,0.089836,-0.011603,57.365147,6.796091,7.018193,6.573989,0.846266,0.175812,0.025297,0.018285,0.003253,0.027059,0.263948,-0.028496,,0.300745,-0.037486,-0.037486,0.303236,20341000.000000,119122245.000000,0.211690
2015-12-23,8.056000,8.085000,8.006000,8.042000,10406000,0.000000,0.000000,6.981972,7.007106,6.938638,6.969839,6.810948,6.603092,6.301450,6.501897,6.850114,6.766389,0.083725,0.088614,-0.004889,57.963134,6.810948,7.037994,6.583902,0.849909,0.168145,0.024125,0.002868,0.002118,0.048601,0.273573,-0.031760,,0.292548,-0.034726,-0.034726,0.306974,20135150.000000,83685052.000000,0.207789
2015-12-24,8.021000,8.078000,8.015000,8.039000,4284000,0.000000,0.000000,6.951639,7.001040,6.946440,6.967239,6.825718,6.626249,6.308285,6.503445,6.868133,6.781266,0.086867,0.088265,-0.001398,57.849171,6.825718,7.053094,6.598343,0.811204,0.160034,0.022970,-0.000373,0.021474,0.044141,0.279354,-0.021959,,0.292651,-0.035086,-0.035086,0.306486,19803500.000000,34439076.000000,0.202113
2015-12-28,8.017000,8.017000,7.893000,8.003000,10854000,0.000000,0.000000,6.948175,6.948175,6.840706,6.936041,6.837418,6.648489,6.313983,6.504412,6.878580,6.792731,0.085849,0.087782,-0.001932,56.415818,6.837418,7.062064,6.612771,0.719507,0.157641,0.022728,-0.004478,0.038812,0.039600,0.300636,0.005955,,0.293478,-0.039406,-0.039406,0.300636,20115150.000000,86864562.000000,0.191256
2015-12-29,8.051000,8.129000,7.977000,8.075000,13386000,0.000000,0.000000,6.977639,7.045240,6.913505,6.998439,6.849777,6.670561,6.321621,6.505186,6.897020,6.807969,0.089051,0.088035,0.001016,58.623991,6.849777,7.081550,6.618004,0.820707,0.155791,0.022261,0.008996,0.025397,0.044223,0.289581,0.000657,,0.294367,-0.030765,-0.030765,0.312337,19997800.000000,108091950.000000,0.158835
2015-12-30,8.075000,8.123000,7.977000,8.017000,8644000,0.000000,0.000000,6.998441,7.040042,6.913507,6.948174,6.853622,6.692733,6.328841,6.506099,6.904890,6.818354,0.086536,0.087736,-0.001200,56.155801,6.853622,7.089413,6.617831,0.700499,0.153701,0.022121,-0.007182,-0.000249,0.029167,0.231912,-0.017640,,0.295484,-0.037726,-0.037726,0.302911,19388550.000000,69298948.000000,0.135446
2015-12-31,8.011000,8.049000,7.925000,7.942000,10780000,0.000000,0.000000,6.942972,6.975906,6.868438,6.883171,6.858275,6.709478,6.333305,6.507324,6.901549,6.823156,0.078393,0.085867,-0.007474,53.045489,6.858275,7.092457,6.624093,0.553155,0.150399,0.021850,-0.009355,-0.012435,0.001733,0.237242,-0.038055,,0.291617,-0.046729,-0.046729,0.290722,18896800.000000,85614760.000000,0.155046
2016-01-04,7.777000,7.821000,7.683000,7.773000,26391000,0.000000,0.000000,6.740168,6.778302,6.658701,6.736701,6.865144,6.721981,6.337913,6.507192,6.876187,6.816752,0.059436,0.080581,-0.021145,46.760704,6.865144,7.074037,6.656252,0.192562,0.155690,0.023111,-0.021279,-0.033089,-0.007866,0.188053,-0.034275,-0.007946,0.298316,-0.067014,-0.067014,0.263256,19059650.000000,205137243.000000,0.146567
2016-01-05,7.816000,7.855000,7.705000,7.815000,19118000,0.000000,0.000000,6.773970,6.807771,6.677769,6.773104,6.868481,6.732070,6.343219,6.507122,6.860328,6.813518,0.046810,0.073827,-0.027017,48.397103,6.868481,7.068645,6.668318,0.261752,0.153855,0.022716,0.005404,-0.023491,0.026334,0.199220,-0.017186,0.009742,0.280917,-0.061972,-0.061972,0.270082,18876150.000000,149407170.000000,0.176178
2016-01-06,7.650000,7.710000,7.252000,7.356000,46047000,0.000000,0.000000,6.630101,6.682101,6.285162,6.375297,6.849717,6.730819,6.345064,6.505406,6.785708,6.781058,0.004651,0.059991,-0.055341,35.541062,6.849717,7.144442,6.554993,-0.304854,0.177718,0.027876,-0.058733,-0.089040,-0.049367,0.131727,-0.048682,-0.033429,0.343966,-0.117066,-0.117066,0.195486,20292900.000000,338721732.000000,0.113321
2016-01-07,7.210000,7.352000,7.146000,7.171000,34499000,0.000000,0.000000,6.248761,6.371829,6.193293,6.214960,6.812060,6.725497,6.344703,6.502747,6.697901,6.739124,-0.041224,0.039748,-0.080972,31.866783,6.812060,7.215502,6.408618,-0.240007,0.178024,0.028644,-0.025150,-0.105526,-0.079343,0.081551,-0.068784,-0.062597,0.351262,-0.139271,-0.139271,0.165420,19766200.000000,247392329.000000,0.102781
2016-01-08,7.238000,7.256000,6.943000,7.048000,47360000,0.000000,0.000000,6.273028,6.288628,6.017357,6.108359,6.778086,6.717992,6.341831,6.502128,6.607202,6.692401,-0.085199,0.014759,-0.099958,29.670545,6.778086,7.289979,6.266194,-0.154168,0.184685,0.030235,-0.017152,-0.112566,-0.123383,0.051155,-0.095246,-0.101946,0.328556,-0.154035,-0.154035,0.145430,20937700.000000,333793280.000000,0.085902
2016-01-11,7.113000,7.137000,6.967000,7.095000,29843000,0.000000,0.000000,6.164694,6.185495,6.038159,6.149094,6.738739,6.710196,6.341190,6.502399,6.536724,6.652156,-0.115432,-0.011279,-0.104153,31.610196,6.738739,7.316279,6.161198,-0.010479,0.182017,0.029601,0.006669,-0.087225,-0.094101,0.071537,-0.097715,-0.097658,0.323106,-0.148393,-0.148393,0.153069,21267300.000000,211736085.000000,0.111384
2016-01-12,7.252000,7.295000,7.032000,7.144000,25095000,0.000000,0.000000,6.285163,6.322431,6.094494,6.191562,6.706455,6.703077,6.340853,6.502501,6.483622,6.618038,-0.134416,-0.035907,-0.098509,33.664255,6.706455,7.331079,6.081832,0.087837,0.185297,0.029927,0.006906,-0.085860,-0.107335,0.078775,-0.098083,-0.062985,0.311717,-0.142512,-0.142512,0.161032,21433450.000000,179278680.000000,0.110338
2016-01-13,7.161000,7.230000,6.881000,6.908000,31269000,0.000000,0.000000,6.206294,6.266095,5.963624,5.987024,6.669708,6.690572,6.339666,6.501516,6.407222,6.571296,-0.164074,-0.061540,-0.102534,29.126811,6.669708,7.372120,5.967296,0.014043,0.193667,0.032348,-0.033035,-0.060903,-0.124350,0.072997,-0.123928,-0.085064,0.325091,-0.170839,-0.170839,0.122678,22022200.000000,216006252.000000,0.129402
2016-01-14,6.978000,7.284000,6.888000,7.195000,46090000,0.000000,0.000000,6.047693,6.312896,5.969691,6.235762,6.635128,6.683025,6.342058,6.502610,6.380844,6.546442,-0.165598,-0.082352,-0.083246,39.760344,6.635128,7.352076,5.918179,0.221482,0.204348,0.032770,0.041546,0.003347,-0.072331,0.073398,-0.062286,-0.040661,0.361641,-0.136390,-0.136390,0.169321,23146900.000000,331617550.000000,0.108492
2016-01-15,6.925000,6.925000,6.614000,6.796000,61037000,0.000000,0.000000,6.001759,6.001759,5.732221,5.889957,6.581870,6.669010,6.343081,6.501966,6.305323,6.497813,-0.192491,-0.104379,-0.088111,32.467207,6.581870,7.354798,5.808942,0.052408,0.225719,0.038323,-0.055455,-0.035755,-0.149756,0.011318,-0.113255,-0.101306,0.382274,-0.184282,-0.184282,0.104476,25284350.000000,414807452.000000,0.089690
2016-01-19,6.907000,6.970000,6.696000,6.746000,29119000,0.000000,0.000000,5.986158,6.040759,5.803289,5.846622,6.533163,6.652972,6.343602,6.500896,6.234753,6.449577,-0.214823,-0.126468,-0.088355,31.682908,6.533163,7.363356,5.702969,0.086518,0.226558,0.038750,-0.007357,-0.049190,-0.159377,-0.008179,-0.117723,-0.118267,0.380017,-0.190283,-0.190283,0.096350,25971950.000000,196436774.000000,0.075669
2016-01-20,6.741000,7.036000,6.702000,6.957000,44482000,0.000000,0.000000,5.842288,6.097959,5.808488,6.029491,6.500792,6.640488,6.343071,6.500055,6.203175,6.418459,-0.215285,-0.144232,-0.071053,38.440860,6.500792,7.357453,5.644131,0.224920,0.231052,0.038320,0.031278,-0.026176,-0.116010,0.032521,-0.093538,-0.101345,0.400808,-0.164957,-0.164957,0.130641,26491250.000000,309461274.000000,0.120949
2016-01-21,6.995000,7.004000,6.758000,6.812000,39357000,0.000000,0.000000,6.062425,6.070225,5.857022,5.903822,6.454728,6.625784,6.339255,6.499091,6.157120,6.380338,-0.223218,-0.160029,-0.063189,35.818649,6.454728,7.336667,5.572789,0.187673,0.229777,0.038920,-0.020842,-0.013897,-0.115784,-0.023503,-0.102102,-0.137005,0.400687,-0.182362,-0.182362,0.107076,27645800.000000,268099884.000000,0.060274
2016-01-22,6.955000,7.046000,6.817000,6.872000,22860000,0.000000,0.000000,6.027759,6.106627,5.908157,5.955825,6.405024,6.611947,6.336123,6.497676,6.126152,6.348893,-0.222741,-0.172571,-0.050170,37.712138,6.405024,7.281491,5.528557,0.243744,0.227850,0.038257,0.008808,-0.044892,-0.127365,-0.025478,-0.100544,-0.138232,0.391592,-0.175160,-0.175160,0.116827,28046050.000000,157093920.000000,0.025955
2016-01-25,6.917000,6.917000,6.783000,6.800000,25886000,0.000000,0.000000,5.994825,5.994825,5.878690,5.893424,6.351203,6.597864,6.332495,6.495807,6.090348,6.315154,-0.224807,-0.183018,-0.041788,36.327190,6.351203,7.213722,5.488685,0.234626,0.219871,0.037308,-0.010477,0.000589,-0.152014,-0.059859,-0.091448,-0.142596,0.381502,-0.183802,-0.183802,0.105126,28820050.000000,176024800.000000,0.021758
2016-01-26,6.806000,6.892000,6.745000,6.874000,17938000,0.000000,0.000000,5.898625,5.973159,5.845757,5.957559,6.300719,6.584372,6.332268,6.494285,6.069919,6.288666,-0.218747,-0.190164,-0.028583,38.814276,6.300719,7.128932,5.472507,0.292831,0.213266,0.035798,0.010882,0.018975,-0.145237,-0.074607,-0.081560,-0.141379,0.385250,-0.174919,-0.174919,0.117153,29502750.000000,123305812.000000,0.017643
2016-01-27,6.880000,6.919000,6.724000,6.750000,23587000,0.000000,0.000000,5.962758,5.996559,5.827556,5.850090,6.246422,6.571115,6.329643,6.492397,6.036099,6.256179,-0.220080,-0.196147,-0.023933,36.258518,6.246422,7.040964,5.451880,0.250591,0.210104,0.035915,-0.018039,-0.029754,-0.160343,-0.097353,-0.124808,-0.146033,0.386187,-0.189803,-0.189803,0.097000,30139400.000000,159212250.000000,0.015172
2016-01-28,6.851000,7.100000,6.814000,6.945000,42352000,0.000000,0.000000,5.937623,6.153426,5.905556,6.019091,6.197454,6.561012,6.328148,6.491654,6.033482,6.238617,-0.205134,-0.197945,-0.007190,42.653322,6.197454,6.913710,5.481199,0.375489,0.216764,0.036013,0.028889,0.019524,-0.132201,-0.071648,-0.098597,-0.116624,0.406772,-0.166398,-0.166398,0.128691,31587700.000000,294134640.000000,0.032418
2016-01-29,7.003000,7.245000,7.003000,7.179000,39171000,0.000000,0.000000,6.069359,6.279096,6.069359,6.221895,6.161141,6.551789,6.330150,6.491744,6.062469,6.237378,-0.174909,-0.193338,0.018428,49.235063,6.161141,6.784797,5.537484,0.548708,0.219852,0.035335,0.033693,0.044674,-0.110960,-0.048477,-0.078899,-0.088575,0.427052,-0.138311,-0.138311,0.166720,33114050.000000,281208609.000000,0.046062
2016-02-01,7.120000,7.331000,7.106000,7.262000,27221000,0.000000,0.000000,6.170763,6.353632,6.158629,6.293831,6.131673,6.543400,6.330384,6.492465,6.098063,6.241560,-0.143497,-0.183369,0.039873,51.367206,6.131673,6.660109,5.603238,0.653432,0.218077,0.034649,0.011562,0.067941,-0.094175,-0.038745,-0.047643,-0.036667,0.430895,-0.128348,-0.128348,0.180210,33936100.000000,197678902.000000,0.050706
2016-02-02,7.160000,7.224000,7.012000,7.055000,34602000,0.000000,0.000000,6.205427,6.260895,6.077159,6.114426,6.100560,6.530266,6.330586,6.492772,6.100580,6.232142,-0.131562,-0.173008,0.041446,46.160147,6.100560,6.545718,5.655401,0.515575,0.217977,0.035650,-0.028505,0.026331,-0.111685,-0.075290,-0.060986,-0.066813,0.438736,-0.153194,-0.153194,0.146568,34346650.000000,244117110.000000,0.030928
2016-02-03,7.133000,7.180000,6.933000,7.141000,33201000,0.000000,0.000000,6.182028,6.222762,6.008692,6.188962,6.071353,6.519504,6.330402,6.492882,6.114178,6.228944,-0.114766,-0.161360,0.046593,48.496094,6.071353,6.389150,5.753555,0.685038,0.217698,0.035175,0.012190,0.057926,-0.081307,-0.064140,-0.015079,-0.067239,0.438654,-0.142872,-0.142872,0.160545,35050800.000000,237088341.000000,0.057352
2016-02-04,7.136000,7.207000,7.056000,7.147000,22061000,0.000000,0.000000,6.184627,6.246161,6.115292,6.194160,6.062296,6.508051,6.330330,6.490513,6.126483,6.226367,-0.099885,-0.149065,0.049180,48.663373,6.062296,6.352771,5.771820,0.726980,0.211496,0.034144,0.000840,0.029086,-0.085477,-0.060164,-0.027032,-0.064166,0.437750,-0.142152,-0.142152,0.161520,33851500.000000,157669967.000000,0.063364
2016-02-05,7.086000,7.118000,6.804000,6.897000,29782000,0.000000,0.000000,6.141291,6.169025,5.896887,5.977489,6.050422,6.494665,6.327514,6.486838,6.103560,6.207932,-0.104371,-0.140126,0.035755,42.471178,6.050422,6.333954,5.766891,0.371384,0.217623,0.036407,-0.034980,-0.039282,-0.062398,-0.100930,-0.041256,-0.103729,0.406892,-0.172159,-0.172159,0.120890,33615650.000000,205406454.000000,0.050619
2016-02-08,6.799000,6.836000,6.500000,6.608000,25055000,0.000000,0.000000,5.892556,5.924623,5.633419,5.727020,6.031355,6.475751,6.320880,6.482458,6.045631,6.172309,-0.126678,-0.137436,0.010759,36.663365,6.031355,6.347854,5.714857,0.019215,0.226655,0.039576,-0.041902,-0.090058,-0.078511,-0.139274,-0.080161,-0.142494,0.422357,-0.206847,-0.206847,0.073922,32500400.000000,165563440.000000,0.025319
2016-02-09,6.508000,6.640000,6.419000,6.558000,29534000,0.000000,0.000000,5.640354,5.754755,5.563219,5.683688,6.008085,6.455988,6.313174,6.478025,5.989948,6.136115,-0.146167,-0.139182,-0.006985,35.752479,6.008085,6.355100,5.661070,0.032590,0.224146,0.039437,-0.007566,-0.070446,-0.069523,-0.143898,-0.116994,-0.143942,0.419764,-0.212849,-0.212849,0.065797,32484950.000000,193683972.000000,0.026753
2016-02-10,6.600000,6.668000,6.510000,6.548000,33111000,0.000000,0.000000,5.720087,5.779022,5.642086,5.675020,5.982258,6.435448,6.307212,6.473707,5.941497,6.101959,-0.160462,-0.143438,-0.017024,35.562146,5.982258,6.348152,5.616364,0.080154,0.217917,0.038399,-0.001525,-0.083042,-0.077097,-0.146313,-0.095755,-0.176010,0.418321,-0.214049,-0.214049,0.064171,32885750.000000,216810828.000000,0.012992
2016-02-11,6.442000,6.535000,6.310000,6.421000,39753000,0.000000,0.000000,5.583153,5.663754,5.468751,5.564952,5.961154,6.411721,6.301375,6.468812,5.883567,6.062181,-0.178614,-0.150474,-0.028140,33.148886,5.961154,6.371837,5.550472,0.017629,0.217085,0.039009,-0.019395,-0.101581,-0.101204,-0.156517,-0.108531,-0.192192,0.420011,-0.229293,-0.229293,0.043531,33309950.000000,255254013.000000,0.004089
2016-02-12,6.491000,6.662000,6.425000,6.605000,20491000,0.000000,0.000000,5.625619,5.773821,5.568418,5.724421,5.935587,6.388784,6.299852,6.464720,5.859083,6.037162,-0.178079,-0.155995,-0.022084,39.549423,5.935587,6.337869,5.533305,0.237539,0.216498,0.037820,0.028656,-0.042337,-0.043862,-0.136865,-0.075344,-0.174268,0.421995,-0.207207,-0.207207,0.073435,32030000.000000,135343055.000000,0.007108
2016-02-16,6.681000,6.847000,6.666000,6.758000,28055000,0.000000,0.000000,5.790289,5.934158,5.777289,5.857023,5.933941,6.370123,6.301753,6.461633,5.858766,6.023818,-0.165052,-0.157806,-0.007246,44.322981,5.933941,6.337277,5.530604,0.404648,0.216015,0.036881,0.023164,0.022700,-0.060737,-0.100716,-0.063033,-0.166445,0.402564,-0.188843,-0.188843,0.098300,30380900.000000,189595690.000000,0.012993
2016-02-17,6.812000,6.932000,6.779000,6.925000,32347000,0.000000,0.000000,5.903824,6.007826,5.875223,6.001759,5.941697,6.358172,6.306785,6.458563,5.880765,6.022184,-0.141419,-0.154529,0.013110,49.052090,5.941697,6.343929,5.539466,0.574661,0.211357,0.035216,0.024712,0.055962,0.018982,-0.080078,-0.061563,-0.142718,0.364064,-0.168798,-0.168798,0.125441,30542300.000000,224002975.000000,-0.000162
2016-02-18,6.956000,6.956000,6.773000,6.777000,26092000,0.000000,0.000000,6.028626,6.028626,5.870024,5.873491,5.933897,6.341514,6.310793,6.454997,5.879646,6.011170,-0.131524,-0.149928,0.018404,45.373887,5.933897,6.335009,5.532786,0.424701,0.207589,0.035343,-0.021372,0.034973,0.004596,-0.121137,-0.054678,-0.161142,0.371353,-0.186562,-0.186562,0.101388,29622800.000000,176825484.000000,-0.021415
2016-02-19,6.952000,7.143000,6.938000,6.977000,41125000,0.000000,0.000000,6.025160,6.190696,6.013026,6.046827,5.941048,6.327439,6.316802,6.452850,5.905366,6.013811,-0.108445,-0.141631,0.033186,50.748563,5.941048,6.344990,5.537105,0.630934,0.215419,0.035625,0.029512,0.086591,0.002875,-0.099273,-0.028662,-0.148342,0.369553,-0.162556,-0.162556,0.133892,29711200.000000,286929125.000000,-0.002685
2016-02-22,7.019000,7.146000,6.949000,7.034000,36590000,0.000000,0.000000,6.083226,6.193294,6.022558,6.096226,5.948068,6.310001,6.324437,6.451122,5.934729,6.019916,-0.085187,-0.130342,0.045156,52.192222,5.948068,6.357928,5.538207,0.680742,0.212227,0.034813,0.008169,0.064951,0.032590,-0.099672,-0.001560,-0.149270,0.362136,-0.155715,-0.155715,0.143155,30397700.000000,257374060.000000,-0.000250
2016-02-23,6.972000,7.035000,6.895000,6.923000,19528000,0.000000,0.000000,6.042492,6.097092,5.975757,6.000024,5.953398,6.294245,6.330168,6.448806,5.944775,6.018442,-0.073668,-0.119007,0.045339,49.169540,5.953398,6.363039,5.543756,0.556911,0.205735,0.034289,-0.015781,0.024415,0.007421,-0.108080,0.000577,-0.156051,0.366116,-0.169038,-0.169038,0.125116,30079800.000000,135192344.000000,0.004277
2016-02-24,6.876000,7.053000,6.819000,7.048000,19880000,0.000000,0.000000,5.959290,6.112692,5.909889,6.108359,5.960938,6.277692,6.334850,6.446359,5.969941,6.025103,-0.055162,-0.106238,0.051077,52.505346,5.960938,6.376411,5.545464,0.677414,0.205525,0.033647,0.018056,0.017761,0.036470,-0.097305,0.055412,-0.151524,0.368567,-0.154035,-0.154035,0.145430,30176900.000000,140114240.000000,0.012846
2016-02-25,7.052000,7.246000,7.014000,7.243000,29375000,0.000000,0.000000,6.111827,6.279962,6.078893,6.277362,5.982301,6.266494,6.341990,6.444290,6.017237,6.043789,-0.026552,-0.090301,0.063749,57.221741,5.982301,6.417259,5.547343,0.839183,0.205207,0.032690,0.027667,0.068762,0.053680,-0.055581,0.083325,-0.120741,0.378146,-0.130629,-0.130629,0.177122,30466300.000000,212763125.000000,0.046385
2016-02-26,7.286000,7.416000,7.249000,7.381000,29899000,0.000000,0.000000,6.314630,6.427298,6.282563,6.396965,6.001195,6.259994,6.349256,6.443380,6.075657,6.069950,0.005707,-0.071099,0.076806,60.231534,6.001195,6.474058,5.528332,0.918482,0.201259,0.031462,0.019053,0.057904,0.093481,-0.041323,0.051693,-0.102377,0.374245,-0.114065,-0.114065,0.199549,29843650.000000,220684519.000000,0.059081
2016-02-29,7.339000,7.462000,7.309000,7.330000,25501000,0.000000,0.000000,6.360563,6.467164,6.334563,6.352763,6.007738,6.248502,6.356305,6.442061,6.118288,6.090899,0.027389,-0.051402,0.078791,58.590839,6.007738,6.496805,5.518672,0.852738,0.196355,0.030909,-0.006910,0.042081,0.055436,-0.047824,0.010712,-0.098634,0.365326,-0.120186,-0.120186,0.191261,29160150.000000,186922330.000000,0.061280
2016-03-01,7.350000,7.594000,7.308000,7.557000,29376000,0.000000,0.000000,6.370097,6.581566,6.333696,6.549500,6.020522,6.240390,6.365467,6.441292,6.184629,6.124870,0.059759,-0.029170,0.088929,63.373096,6.020522,6.552553,5.488490,0.997131,0.200035,0.030542,0.030969,0.091579,0.052654,-0.022762,0.044727,-0.092940,0.362537,-0.092940,-0.091671,0.228152,29267900.000000,221994432.000000,0.062644
2016-03-02,7.534000,7.590000,7.383000,7.455000,24210000,0.000000,0.000000,6.529564,6.578099,6.398696,6.461097,6.037855,6.233196,6.372615,6.439876,6.227162,6.149775,0.077387,-0.007858,0.085245,60.018887,6.037855,6.604248,5.471463,0.873629,0.198561,0.030732,-0.013498,0.057747,0.026576,-0.042980,0.032750,-0.075753,0.365198,-0.105183,-0.103932,0.211575,28748300.000000,180485550.000000,0.036346
2016-03-03,7.455000,7.500000,7.390000,7.487000,14015000,0.000000,0.000000,6.461100,6.500100,6.404765,6.488833,6.052849,6.229435,6.379392,6.438287,6.267419,6.174891,0.092529,0.012219,0.080309,60.721318,6.052849,6.651066,5.454632,0.864403,0.191188,0.029464,0.004293,0.033688,0.061233,-0.055657,0.085047,-0.061226,0.348535,-0.101342,-0.100085,0.216776,27789000.000000,104930305.000000,0.031400
2016-03-04,7.522000,7.525000,7.382000,7.433000,16242000,0.000000,0.000000,6.519167,6.521767,6.397832,6.442032,6.065243,6.221774,6.386427,6.435897,6.294283,6.194679,0.099604,0.029696,0.069908,58.842705,6.065243,6.685646,5.444839,0.803665,0.186384,0.028932,-0.007213,0.007045,0.040891,-0.051263,0.053889,-0.066843,0.348615,-0.107823,-0.106576,0.208000,27498050.000000,120726786.000000,0.028023
2016-03-07,7.377000,7.508000,7.359000,7.504000,22362000,0.030000,0.000000,6.419405,6.533401,6.403742,6.529920,6.092864,6.213374,6.394331,6.434128,6.330535,6.219512,0.111023,0.045961,0.065062,61.266217,6.092864,6.745187,5.440542,0.835000,0.182332,0.027923,0.013643,0.027887,0.054206,-0.010516,0.058589,-0.047033,0.350827,-0.095651,-0.094387,0.224481,27127050.000000,167804448.000000,0.054850
2016-03-08,7.474000,7.509000,7.327000,7.334000,32819000,0.000000,0.000000,6.503817,6.534273,6.375899,6.381990,6.125613,6.201617,6.402354,6.431245,6.338451,6.231547,0.106904,0.058150,0.048754,55.357587,6.125613,6.766261,5.484964,0.700092,0.180621,0.028302,-0.022654,-0.025576,0.067671,-0.048369,0.059824,-0.077730,0.336428,-0.116139,-0.114903,0.196741,27515250.000000,240694546.000000,0.047591
2016-03-09,7.355000,7.440000,7.306000,7.381000,16431000,0.000000,0.000000,6.400264,6.474230,6.357625,6.422889,6.162573,6.190730,6.408489,6.428632,6.351441,6.245721,0.105721,0.067664,0.038057,56.603706,6.162573,6.780770,5.544375,0.710545,0.176048,0.027410,0.006409,-0.005914,0.121506,-0.048541,0.024321,-0.038245,0.293454,-0.110474,-0.109231,0.204411,26860100.000000,121277211.000000,0.035239
2016-03-10,7.413000,7.596000,7.383000,7.523000,29652000,0.000000,0.000000,6.450734,6.609979,6.424628,6.546454,6.206144,6.182938,6.415714,6.426923,6.381443,6.267997,0.113446,0.076821,0.036626,60.216798,6.206144,6.802093,5.610195,0.785519,0.176837,0.027013,0.019238,0.008880,0.151797,-0.060512,0.074199,-0.023625,0.292948,-0.093362,-0.092094,0.227581,26687150.000000,223071996.000000,0.025024
2016-03-11,7.569000,7.650000,7.522000,7.617000,21392000,0.000000,0.000000,6.586483,6.656969,6.545584,6.628253,6.259309,6.175534,6.423048,6.424660,6.419414,6.294683,0.124731,0.086403,0.038329,62.445856,6.259309,6.801722,5.716897,0.840095,0.172162,0.025974,0.012495,0.028907,0.167970,-0.023510,0.067805,-0.004429,0.291883,-0.082033,-0.080749,0.242920,25769100.000000,162942864.000000,0.031120
2016-03-14,7.566000,7.700000,7.556000,7.692000,15623000,0.000000,0.000000,6.583872,6.700478,6.575170,6.693516,6.307764,6.170441,6.431587,6.422843,6.461584,6.324226,0.137358,0.096594,0.040764,64.170753,6.307764,6.821364,5.794165,0.875538,0.168815,0.025221,0.009846,0.025053,0.202799,-0.034966,0.079370,-0.007272,0.274914,-0.072994,-0.071698,0.255158,25525700.000000,120172116.000000,0.023484
2016-03-15,7.706000,7.748000,7.653000,7.716000,23473000,0.000000,0.000000,6.705700,6.742248,6.659579,6.714402,6.350633,6.167066,6.438272,6.421186,6.500479,6.353128,0.147351,0.106745,0.040606,64.729088,6.350633,6.848715,5.852551,0.865169,0.162662,0.024226,0.003120,0.052086,0.172940,-0.017966,0.072732,-0.018883,0.265964,-0.070102,-0.068802,0.259075,25296600.000000,181117668.000000,0.023547
2016-03-16,7.710000,7.786000,7.650000,7.781000,23516000,0.000000,0.000000,6.709181,6.775315,6.656969,6.770965,6.389093,6.167751,6.444866,6.419324,6.542092,6.384079,0.158013,0.116999,0.041015,66.262409,6.389093,6.892511,5.885676,0.879279,0.159496,0.023556,0.008424,0.054193,0.156042,0.007289,0.059554,0.000781,0.260042,-0.062268,-0.060957,0.269681,24855050.000000,182977996.000000,0.045304
2016-03-17,7.857000,7.950000,7.748000,7.926000,26618000,0.000000,0.000000,6.837100,6.918028,6.742250,6.897144,6.440276,6.170232,6.451151,6.418139,6.596715,6.422084,0.174632,0.128525,0.046106,69.452689,6.440276,6.930961,5.949591,0.965541,0.160659,0.023294,0.018635,0.053569,0.149187,-0.004363,0.068616,0.039033,0.255659,-0.044793,-0.043458,0.293342,24881350.000000,210974268.000000,0.039751
2016-03-18,7.957000,8.001000,7.883000,7.942000,26734000,0.000000,0.000000,6.924119,6.962408,6.859725,6.911066,6.483488,6.180947,6.455883,6.416922,6.645077,6.458304,0.186772,0.140175,0.046598,69.792106,6.483488,6.980460,5.986516,0.930183,0.156518,0.022647,0.002019,0.042668,0.176654,-0.006332,0.102024,0.021877,0.235246,-0.042865,-0.041527,0.295953,24161800.000000,212321428.000000,0.047991
2016-03-21,7.919000,7.980000,7.895000,7.976000,15537000,0.000000,0.000000,6.891051,6.944133,6.870166,6.940652,6.525709,6.195461,6.460479,6.416087,6.690550,6.494034,0.196516,0.151443,0.045073,70.541216,6.525709,7.027608,6.023810,0.913373,0.150622,0.021701,0.004281,0.036922,0.147817,0.017576,0.128808,0.022625,0.221870,-0.038768,-0.037424,0.301501,23109150.000000,123923112.000000,0.056292
2016-03-22,8.005000,8.043000,7.911000,8.018000,14955000,0.000000,0.000000,6.965888,6.998956,6.884090,6.977201,6.574568,6.212838,6.465415,6.415235,6.734650,6.529824,0.204826,0.162120,0.042706,71.482059,6.574568,7.050581,6.098556,0.922923,0.148068,0.021222,0.005266,0.039140,0.144512,0.044976,0.187264,0.038496,0.221853,-0.033706,-0.032355,0.308354,22880500.000000,119909190.000000,0.065577
2016-03-23,7.985000,8.001000,7.932000,7.936000,20111000,0.000000,0.000000,6.948484,6.962407,6.902364,6.905844,6.614442,6.227973,6.469085,6.414408,6.760988,6.557677,0.203310,0.170358,0.032953,66.984058,6.614442,7.058559,6.170326,0.828069,0.142837,0.020683,-0.010227,0.019920,0.150969,0.011830,0.218625,0.023568,0.215557,-0.043588,-0.042251,0.294974,22892050.000000,159600896.000000,0.052092
2016-03-24,7.874000,7.890000,7.749000,7.888000,21566000,0.000000,0.000000,6.851893,6.865815,6.743119,6.864075,6.643778,6.241423,6.472250,6.413488,6.776847,6.580374,0.196474,0.175581,0.020893,64.428404,6.643778,7.071346,6.216210,0.757616,0.144258,0.021016,-0.006048,-0.004795,0.123718,-0.012350,0.248339,0.101425,0.215878,-0.049373,-0.048044,0.287141,22501600.000000,170112608.000000,0.033162
2016-03-28,7.947000,7.959000,7.889000,7.913000,15731000,0.000000,0.000000,6.915417,6.925859,6.864946,6.885830,6.668221,6.259399,6.474986,6.412394,6.793614,6.603000,0.190614,0.178588,0.012026,65.173698,6.668221,7.092260,6.244183,0.756591,0.138367,0.020094,0.003169,-0.003652,0.096931,-0.012053,0.258222,0.129763,0.200542,-0.046360,-0.045027,0.291221,21793200.000000,124479403.000000,0.043267
2016-03-29,7.913000,8.205000,7.875000,8.194000,32982000,0.000000,0.000000,6.885829,7.139925,6.852762,7.130353,6.707101,6.277291,6.480158,6.412565,6.845420,6.642063,0.203357,0.183541,0.019815,72.219231,6.707101,7.151460,6.262742,0.976250,0.148995,0.020896,0.035511,0.027332,0.114646,0.023412,0.309306,0.155428,0.222502,-0.012496,-0.011115,0.337073,22167250.000000,270254508.000000,0.063398
2016-03-30,8.256000,8.351000,8.186000,8.219000,26588000,0.000000,0.000000,7.184306,7.266974,7.123392,7.152109,6.737231,6.302534,6.485772,6.413309,6.892603,6.679844,0.212759,0.189385,0.023374,72.747502,6.737231,7.216913,6.257550,0.932451,0.148608,0.020778,0.003051,0.025069,0.125827,0.031151,0.341153,0.156546,0.218264,-0.009482,-0.008098,0.341153,22027850.000000,218526772.000000,0.065212
2016-03-31,8.181000,8.306000,8.094000,8.260000,38577000,0.000000,0.000000,7.119041,7.227815,7.043335,7.187787,6.773566,6.329358,6.491165,6.414317,6.938016,6.717470,0.220546,0.195617,0.024929,73.632984,6.773566,7.274784,6.272347,0.913214,0.151171,0.021032,0.004988,0.040827,0.097456,0.027056,0.324472,0.194583,0.198059,-0.004541,-0.003149,0.347843,22746200.000000,318646020.000000,0.073667
2016-04-01,8.228000,8.314000,8.169000,8.293000,29086000,0.000000,0.000000,7.159940,7.234777,7.108599,7.216503,6.809949,6.353098,6.496793,6.414914,6.980860,6.754435,0.226425,0.201779,0.024646,74.355223,6.809949,7.329451,6.290448,0.891292,0.149385,0.020701,0.003995,0.051344,0.116916,0.038619,0.279487,0.199014,0.186977,-0.000564,0.000000,0.353228,23499750.000000,241210198.000000,0.068487
2016-04-04,8.298000,8.298000,8.183000,8.276000,20483000,0.000000,0.000000,7.220853,7.220853,7.120781,7.201709,6.847933,6.379056,6.502420,6.415567,7.014837,6.787567,0.227270,0.206877,0.020393,73.242141,6.847933,7.365253,6.330613,0.841931,0.145863,0.020254,-0.002050,0.045874,0.109862,0.046278,0.294499,0.188269,0.188710,-0.002613,-0.002050,0.350454,23711800.000000,169517308.000000,0.069366
2016-04-05,8.182000,8.273000,8.156000,8.169000,18806000,0.000000,0.000000,7.119910,7.199097,7.097285,7.108597,6.876867,6.402111,6.507029,6.415057,7.029261,6.811347,0.217915,0.209085,0.008830,66.495151,6.876867,7.383926,6.369808,0.728504,0.142903,0.020103,-0.012929,-0.003051,0.103471,0.055204,0.253639,0.146967,0.194343,-0.015509,-0.014953,0.332993,23534000.000000,153626214.000000,0.067270
2016-04-06,8.154000,8.270000,8.126000,8.262000,21872000,0.000000,0.000000,7.095547,7.196490,7.071182,7.189528,6.917244,6.428033,6.512948,6.415228,7.053918,6.839360,0.214558,0.210179,0.004379,69.154835,6.917244,7.385503,6.448985,0.790741,0.141646,0.019702,0.011385,0.005232,0.101013,0.061482,0.272951,0.179259,0.193198,-0.004300,-0.003738,0.348170,22986650.000000,180706464.000000,0.055494
2016-04-07,8.207000,8.250000,8.045000,8.122000,25002000,0.000000,0.000000,7.141667,7.179086,7.000696,7.067701,6.949484,6.450236,6.517304,6.414600,7.056038,6.856274,0.199764,0.208096,-0.008332,61.270145,6.949484,7.359613,6.539356,0.644121,0.145017,0.020518,-0.016945,-0.016707,0.107445,0.108607,0.254641,0.132853,0.183811,-0.021172,-0.020620,0.325325,23415200.000000,203066244.000000,0.106000
2016-04-08,8.204000,8.245000,8.069000,8.112000,17133000,0.000000,0.000000,7.139055,7.174733,7.021579,7.058998,6.975112,6.474414,6.522764,6.413881,7.056494,6.871291,0.185203,0.203518,-0.018315,60.737389,6.975112,7.340856,6.609368,0.614679,0.145598,0.020626,-0.001231,-0.021826,0.099038,0.135807,0.228433,0.126355,0.184941,-0.022378,-0.021826,0.323693,22789250.000000,138982896.000000,0.101420
2016-04-11,8.229000,8.230000,8.129000,8.138000,16303000,0.000000,0.000000,7.160808,7.161678,7.073789,7.081620,6.997780,6.495665,6.528338,6.413520,7.060359,6.886871,0.173489,0.197512,-0.024023,61.670345,6.997780,7.327423,6.668137,0.627168,0.142532,0.020127,0.003205,-0.016675,0.081749,0.159333,0.218638,0.130892,0.177093,-0.019245,-0.018691,0.327935,22534800.000000,132673814.000000,0.118466
2016-04-12,8.170000,8.200000,8.029000,8.140000,23999000,0.000000,0.000000,7.109468,7.135573,6.986771,7.083362,7.017272,6.512894,6.532341,6.412945,7.063898,6.901426,0.162473,0.190504,-0.028031,61.745726,7.017272,7.315797,6.718748,0.610694,0.142980,0.020185,0.000246,-0.003550,0.068662,0.151936,0.234342,0.137393,0.174587,-0.019003,-0.018450,0.328261,22953600.000000,195351860.000000,0.101462
2016-04-13,8.218000,8.282000,8.164000,8.281000,25626000,0.000000,0.000000,7.151236,7.206927,7.104245,7.206058,7.041855,6.531138,6.537269,6.413357,7.085769,6.923991,0.161778,0.184759,-0.022981,66.711530,7.041855,7.315285,6.768425,0.800265,0.141593,0.019649,0.017322,0.002299,0.076573,0.163851,0.255534,0.168345,0.179997,-0.002011,-0.001447,0.351269,23061250.000000,212208906.000000,0.108046
2016-04-14,8.165000,8.230000,8.072000,8.161000,27628000,0.000000,0.000000,7.105117,7.161680,7.024189,7.101637,7.058389,6.550883,6.540574,6.414390,7.088210,6.937150,0.151060,0.178019,-0.026959,59.618486,7.058389,7.301116,6.815661,0.589088,0.144470,0.020343,-0.014491,0.004802,0.057672,0.186171,0.272759,0.144737,0.190591,-0.016473,-0.015917,0.331688,23266850.000000,225472108.000000,0.093413
2016-04-15,8.102000,8.189000,8.035000,8.164000,28808000,0.000000,0.000000,7.050297,7.126003,6.991994,7.104248,7.068744,6.569188,6.544346,6.414942,7.090677,6.949528,0.141150,0.170645,-0.029495,59.733772,7.068744,7.299902,6.837585,0.576796,0.143723,0.020231,0.000368,0.006410,0.049222,0.139275,0.222896,0.155207,0.189605,-0.016111,-0.015555,0.332178,23376350.000000,235188512.000000,0.069238
2016-04-18,8.167000,8.242000,8.111000,8.206000,27070000,0.000000,0.000000,7.106859,7.172123,7.058128,7.140797,7.080230,6.588121,6.548086,6.415281,7.098388,6.963696,0.134693,0.163455,-0.028762,61.395225,7.080230,7.300996,6.859465,0.637174,0.141600,0.019830,0.005145,0.008356,0.035327,0.212368,0.226089,0.179720,0.180555,-0.011049,-0.010491,0.339032,23393150.000000,222136420.000000,0.107298
2016-04-19,8.250000,8.307000,8.179000,8.277000,29296000,0.000000,0.000000,7.179083,7.228684,7.117299,7.202578,7.093327,6.612623,6.553644,6.415517,7.114417,6.981391,0.133027,0.157369,-0.024342,64.092334,7.093327,7.310272,6.876382,0.751795,0.139441,0.019360,0.008652,0.016830,0.042180,0.231921,0.221846,0.167943,0.182151,-0.002493,-0.001930,0.350617,24081100.000000,242482992.000000,0.128418
2016-04-20,8.236000,8.300000,8.079000,8.267000,40791000,0.000000,0.000000,7.166901,7.222593,7.030281,7.193877,7.104161,6.641960,6.558856,6.416607,7.126642,6.997130,0.129512,0.151798,-0.022286,63.420310,7.104161,7.318311,6.890010,0.709470,0.143218,0.019908,-0.001208,-0.001690,0.036484,0.193115,0.231916,0.078862,0.182289,-0.003698,-0.003135,0.348985,25372900.000000,337219197.000000,0.086569
2016-04-21,8.271000,8.383000,8.021000,8.082000,39953000,0.000000,0.000000,7.197358,7.294820,6.979810,7.032891,7.110513,6.668944,6.562466,6.417314,7.112219,6.999779,0.112439,0.143926,-0.031487,52.460257,7.110513,7.306676,6.914350,0.302150,0.155489,0.022109,-0.022378,-0.009680,0.007982,0.191244,0.163246,0.047720,0.199911,-0.025993,-0.025443,0.318797,26365000.000000,322900146.000000,0.085290
2016-04-22,8.076000,8.181000,8.009000,8.065000,22231000,0.000000,0.000000,7.027671,7.119041,6.969368,7.018098,7.118214,6.695806,6.565627,6.418897,7.097739,7.001136,0.096602,0.134461,-0.037859,51.578187,7.118214,7.283268,6.953160,0.196717,0.155073,0.022096,-0.002103,-0.012127,0.016255,0.178359,0.148337,0.062878,0.196392,-0.028042,-0.027493,0.316023,26398250.000000,179293015.000000,0.109738
2016-04-25,8.072000,8.092000,7.953000,8.022000,22319000,0.000000,0.000000,7.024190,7.041595,6.920638,6.980681,7.122957,6.724120,6.567921,6.420430,7.079730,6.999621,0.080109,0.123591,-0.043482,49.319336,7.122957,7.263531,6.982382,-0.006049,0.152636,0.021866,-0.005332,-0.022423,0.016988,0.184486,0.113585,0.062449,0.196090,-0.033224,-0.032678,0.309007,26727650.000000,179043018.000000,0.100985
2016-04-26,8.058000,8.140000,7.975000,8.025000,27111000,0.000000,0.000000,7.012006,7.083362,6.939780,6.983290,7.115603,6.749298,6.569041,6.421589,7.064893,6.998411,0.066482,0.112169,-0.045687,49.485459,7.115603,7.269320,6.961887,0.069619,0.151990,0.021765,0.000374,-0.030446,0.014154,0.172173,0.084720,0.067999,0.195917,-0.032863,-0.032317,0.309496,26434100.000000,217565775.000000,0.101982
2016-04-27,8.035000,8.116000,7.970000,8.097000,37842000,0.000000,0.000000,6.991991,7.062477,6.935429,7.045943,7.110295,6.773076,6.571599,6.422744,7.061977,7.001932,0.060045,0.101744,-0.041699,53.432910,7.110295,7.266023,6.954567,0.293383,0.150208,0.021318,0.008972,-0.020564,-0.011838,0.204416,0.087162,0.076734,0.153565,-0.024186,-0.023635,0.321245,26996800.000000,306406674.000000,0.116020
2016-04-28,7.994000,8.038000,7.796000,7.816000,32342000,0.000000,0.000000,6.956315,6.994604,6.784017,6.801421,7.090977,6.789069,6.573620,6.422427,7.021892,6.987080,0.034812,0.088358,-0.053545,40.222181,7.090977,7.294694,6.887260,-0.210682,0.158188,0.023258,-0.034704,-0.032912,-0.049033,0.129975,0.049014,0.039503,0.193100,-0.058050,-0.057518,0.275392,26685050.000000,252785072.000000,0.063715
2016-04-29,7.783000,7.795000,7.568000,7.640000,45481000,0.000000,0.000000,6.772706,6.783148,6.585614,6.648268,7.062565,6.804565,6.573039,6.421498,6.964411,6.961982,0.002429,0.071172,-0.068743,34.473190,7.062565,7.338329,6.786801,-0.251181,0.162304,0.024413,-0.022518,-0.052697,-0.075061,0.068528,0.016729,0.026851,0.203226,-0.079261,-0.078741,0.246673,27504800.000000,347474840.000000,0.033545
2016-05-02,7.640000,7.718000,7.578000,7.659000,37206000,0.000000,0.000000,6.648267,6.716142,6.594315,6.664801,7.035720,6.816924,6.572182,6.421573,6.918317,6.939969,-0.021652,0.052607,-0.074259,35.544213,7.035720,7.355476,6.715964,-0.080002,0.159412,0.023919,0.002487,-0.045251,-0.076450,0.058942,0.017913,0.007412,0.202579,-0.076971,-0.076450,0.249774,28340950.000000,284960754.000000,0.016257
2016-05-03,7.573000,7.629000,7.536000,7.573000,33256000,0.000000,0.000000,6.589965,6.638696,6.557768,6.589965,7.009788,6.826799,6.568400,6.421311,6.867802,6.914043,-0.046241,0.032838,-0.079079,32.921208,7.009788,7.384122,6.635455,-0.060761,0.155671,0.023622,-0.011229,-0.056324,-0.084944,0.077773,-0.003373,0.000505,0.204126,-0.087336,-0.086820,0.235740,29063450.000000,251847688.000000,0.023252
2016-05-04,7.542000,7.624000,7.462000,7.490000,34570000,0.000000,0.000000,6.562988,6.634344,6.493373,6.517738,6.976199,6.837153,6.565699,6.420766,6.813946,6.884687,-0.070741,0.012122,-0.082863,30.575983,6.976199,7.399926,6.552471,-0.040985,0.154621,0.023723,-0.010960,-0.074966,-0.083119,0.053123,-0.014424,0.006424,0.203169,-0.097338,-0.096829,0.222196,29698350.000000,258929300.000000,0.003969
2016-05-05,7.504000,7.583000,7.480000,7.505000,28724000,0.000000,0.000000,6.529920,6.598665,6.509035,6.530790,6.949353,6.845602,6.561647,6.420162,6.770383,6.858472,-0.088089,-0.007920,-0.080169,31.525278,6.949353,7.414663,6.484043,0.050232,0.149979,0.022965,0.002003,-0.039790,-0.091625,0.054346,-0.009087,0.013803,0.196687,-0.095531,-0.095020,0.224644,29884450.000000,215573620.000000,0.008326
2016-05-06,7.484000,7.530000,7.423000,7.494000,23526000,0.000000,0.000000,6.512518,6.552546,6.459436,6.521219,6.922464,6.850479,6.558487,6.419892,6.732050,6.833491,-0.101440,-0.026624,-0.074816,31.188495,6.922464,7.421992,6.422937,0.098375,0.145917,0.022376,-0.001466,-0.019110,-0.077321,0.090963,-0.019148,0.008963,0.191581,-0.096856,-0.096346,0.222849,30204100.000000,176303844.000000,0.005469
2016-05-09,7.500000,7.540000,7.432000,7.464000,24404000,0.000000,0.000000,6.526440,6.561247,6.467267,6.495113,6.893139,6.852442,6.556218,6.419260,6.695598,6.808426,-0.112827,-0.043865,-0.068962,30.239563,6.893139,7.421364,6.364913,0.123243,0.142207,0.021894,-0.004003,-0.025460,-0.079882,0.134117,-0.023835,-0.015561,0.191362,-0.100472,-0.099964,0.217954,30609150.000000,182151456.000000,0.025227
2016-05-10,7.494000,7.598000,7.455000,7.595000,27559000,0.000000,0.000000,6.521220,6.611720,6.487282,6.609109,6.869426,6.857569,6.553035,6.419872,6.682292,6.793661,-0.111369,-0.057366,-0.054003,38.971440,6.869426,7.404235,6.334617,0.256626,0.140938,0.021325,0.017551,0.002905,-0.066724,0.162821,-0.004507,-0.012261,0.204090,-0.084684,-0.084167,0.239330,30787150.000000,209310605.000000,0.036058
2016-05-11,7.542000,7.609000,7.531000,7.561000,19133000,0.000000,0.000000,6.562987,6.621290,6.553415,6.579520,6.838099,6.858169,6.549280,6.420337,6.666481,6.777799,-0.111318,-0.068156,-0.043162,37.653988,6.838099,7.363195,6.313004,0.253779,0.135719,0.020627,-0.004477,0.009479,-0.071130,0.159383,-0.010251,0.000089,0.203740,-0.088782,-0.088268,0.233782,30462500.000000,144664613.000000,0.048004
2016-05-12,7.583000,7.603000,7.409000,7.490000,23329000,0.000000,0.000000,6.598667,6.616070,6.447253,6.517738,6.808904,6.859302,6.546249,6.419504,6.643598,6.758535,-0.114938,-0.077512,-0.037425,34.993895,6.808904,7.337224,6.280585,0.224441,0.138083,0.021186,-0.009390,-0.001999,-0.095520,0.171212,-0.012103,-0.014945,0.190012,-0.097338,-0.096829,0.222196,30247550.000000,174734210.000000,0.060945
2016-05-13,7.473000,7.498000,7.421000,7.434000,21518000,0.000000,0.000000,6.502946,6.524701,6.457696,6.469008,6.777142,6.858906,6.544170,6.418461,6.616738,6.737089,-0.120351,-0.086080,-0.034271,33.012876,6.777142,7.307078,6.247206,0.209272,0.133006,0.020561,-0.007477,-0.008006,-0.089082,0.130072,-0.024595,-0.034929,0.186988,-0.104087,-0.103581,0.213059,29883050.000000,159964812.000000,0.042425
2016-05-16,7.219000,7.391000,7.200000,7.346000,41157000,0.000000,0.000000,6.281915,6.431588,6.265381,6.392430,6.739724,6.857914,6.539844,6.416649,6.582229,6.711558,-0.129330,-0.094730,-0.034600,30.126596,6.739724,7.267222,6.212226,0.170810,0.138050,0.021596,-0.011838,-0.015809,-0.100196,0.091413,-0.018509,-0.052168,0.187872,-0.114693,-0.114193,0.198699,30587400.000000,302339322.000000,0.014879
2016-05-17,7.365000,7.391000,7.292000,7.314000,33567000,0.000000,0.000000,6.408965,6.431590,6.345441,6.364585,6.697824,6.854607,6.533990,6.415429,6.548745,6.685857,-0.137112,-0.103206,-0.033905,29.129324,6.697824,7.203183,6.192465,0.170295,0.134343,0.021108,-0.004356,-0.036998,-0.108701,0.060453,-0.024466,-0.064966,0.184290,-0.118549,-0.118051,0.193477,30800950.000000,245509038.000000,0.020385
2016-05-18,7.325000,7.476000,7.296000,7.397000,23346000,0.000000,0.000000,6.374157,6.505556,6.348922,6.436811,6.659971,6.855703,6.528660,6.415055,6.531525,6.667409,-0.135884,-0.109742,-0.026142,35.127954,6.659971,7.120290,6.199652,0.257603,0.135935,0.021118,0.011348,-0.021690,-0.106318,0.095909,-0.036847,-0.069808,0.187096,-0.108546,-0.108043,0.207021,29928700.000000,172690362.000000,0.039847
2016-05-19,7.366000,7.405000,7.299000,7.332000,18216000,0.000000,0.000000,6.409835,6.443772,6.351532,6.380248,6.627339,6.854851,6.522790,6.415538,6.508251,6.646138,-0.137887,-0.115371,-0.022516,32.787413,6.627339,7.068479,6.186199,0.219941,0.132814,0.020816,-0.008787,-0.021095,-0.113100,0.055140,-0.049607,-0.073163,0.186864,-0.116380,-0.115881,0.196415,28841850.000000,133559712.000000,0.008941
2016-05-20,7.527000,7.700000,7.502000,7.668000,34951000,0.000000,0.000000,6.549935,6.700478,6.528180,6.672633,6.610066,6.857374,6.520156,6.417070,6.533541,6.648100,-0.114560,-0.115209,0.000649,50.972348,6.610066,7.012104,6.208028,0.577813,0.146201,0.021911,0.045827,0.031477,-0.051225,0.094551,-0.014545,-0.041071,0.248916,-0.075887,-0.075365,0.251242,29477850.000000,268004268.000000,0.051023
2016-05-23,7.665000,7.735000,7.615000,7.682000,32350000,0.000000,0.000000,6.670022,6.730936,6.626512,6.684815,6.595272,6.858505,6.517020,6.419320,6.556814,6.650820,-0.094006,-0.110968,0.016962,51.560392,6.595272,6.959926,6.230618,0.622778,0.143217,0.021424,0.001826,0.045739,-0.047489,0.114131,-0.006284,-0.037543,0.249343,-0.074199,-0.073677,0.253527,29979400.000000,248512700.000000,0.055911
2016-05-24,7.761000,7.958000,7.752000,7.927000,35927000,0.000000,0.000000,6.753560,6.924988,6.745728,6.898012,6.591008,6.862595,6.516518,6.422680,6.609306,6.669130,-0.059825,-0.100739,0.040915,60.491520,6.591008,6.938132,6.243885,0.942211,0.150143,0.021766,0.031893,0.083812,-0.011843,0.129274,0.019390,0.001428,0.275427,-0.044673,-0.044134,0.293505,30420200.000000,284793329.000000,0.059171
2016-05-25,7.960000,8.081000,7.920000,8.062000,29496000,0.000000,0.000000,6.926729,7.032022,6.891921,7.015489,6.589486,6.868617,6.517841,6.425573,6.671795,6.694787,-0.022991,-0.085190,0.062199,64.387888,6.589486,6.928376,6.250596,1.128527,0.149425,0.021299,0.017031,0.089901,0.004611,0.117586,0.055469,-0.009240,0.282001,-0.028403,-0.027855,0.315534,30002900.000000,237796752.000000,0.049345
2016-05-26,8.044000,8.119000,8.028000,8.102000,19299000,0.000000,0.000000,6.999824,7.065089,6.985901,7.050295,6.601929,6.874204,6.520977,6.429445,6.730026,6.721121,0.008906,-0.066371,0.075276,65.474308,6.601929,6.988507,6.215351,1.079916,0.144408,0.020483,0.004961,0.105019,0.000618,0.102131,0.056588,-0.000941,0.280799,-0.023583,-0.023032,0.322061,29350750.000000,156360498.000000,0.034317
2016-05-27,8.120000,8.339000,8.118000,8.297000,37361000,0.000000,0.000000,7.065959,7.256531,7.064218,7.219983,6.630515,6.880660,6.525446,6.434333,6.805404,6.758073,0.047331,-0.043630,0.090961,70.240841,6.630515,7.105877,6.155153,1.120020,0.148825,0.020613,0.024068,0.082029,0.061540,0.136511,0.082159,0.024722,0.261987,-0.000082,0.000000,0.353880,28944750.000000,309984217.000000,0.054116
2016-05-31,8.263000,8.304000,8.202000,8.281000,25743000,0.000000,0.000000,7.190394,7.226072,7.137312,7.206058,6.657578,6.886560,6.533754,6.439409,6.867043,6.791257,0.075786,-0.019747,0.095533,69.394175,6.657578,7.198295,6.116861,1.007179,0.144534,0.020057,-0.001929,0.077974,0.083900,0.100246,0.075202,0.008764,0.245961,-0.002011,-0.001929,0.351269,28371600.000000,213177783.000000,0.045134
2016-06-01,8.254000,8.323000,8.202000,8.313000,21976000,0.000000,0.000000,7.182564,7.242607,7.137313,7.233905,6.689775,6.892425,6.543943,6.444323,6.923483,6.824046,0.099437,0.004090,0.095348,70.168573,6.689775,7.287248,6.092302,0.955359,0.141731,0.019593,0.003864,0.048694,0.085389,0.119609,0.071489,0.014000,0.245904,0.000000,0.000000,0.356491,27807600.000000,182686488.000000,0.066705
2016-06-02,8.304000,8.431000,8.275000,8.363000,28289000,0.000000,0.000000,7.226076,7.336591,7.200840,7.277418,6.727759,6.898430,6.555634,6.448733,6.977935,6.857629,0.120306,0.027333,0.092973,71.386863,6.727759,7.373799,6.081719,0.925406,0.141304,0.019417,0.006015,0.037336,0.104318,0.121530,0.059109,0.017168,0.239603,0.000000,0.000000,0.364651,27493550.000000,236580907.000000,0.065461
2016-06-03,8.328000,8.338000,8.252000,8.310000,16469000,0.000000,0.000000,7.246960,7.255662,7.180825,7.231297,6.762784,6.904939,6.566456,6.453823,7.016914,6.885308,0.131605,0.048187,0.083418,68.207268,6.762784,7.439108,6.086460,0.846367,0.138111,0.019099,-0.006338,0.025673,0.109480,0.122518,0.064975,0.017422,0.236274,-0.006338,-0.006338,0.356002,26880800.000000,136857390.000000,0.074712
2016-06-06,8.323000,8.343000,8.215000,8.232000,15165000,0.030000,0.000000,7.268849,7.286317,7.174528,7.189375,6.796192,6.911445,6.576434,6.458644,7.043446,6.907832,0.135614,0.065673,0.069942,65.357705,6.796192,7.488104,6.104281,0.784128,0.136230,0.018949,-0.005797,-0.004239,0.100843,0.100990,0.089412,0.005826,0.239075,-0.012098,-0.012098,0.348141,26462750.000000,124838280.000000,0.045670
2016-06-07,8.285000,8.326000,8.230000,8.297000,16950000,0.000000,0.000000,7.235664,7.271472,7.187630,7.246144,6.833744,6.918651,6.589025,6.464346,7.074630,6.932892,0.141739,0.080886,0.060853,67.347110,6.833744,7.538260,6.129228,0.792684,0.132488,0.018284,0.007896,0.005563,0.111164,0.135405,0.080487,0.024737,0.238235,-0.004297,-0.004297,0.358786,26090050.000000,140634150.000000,0.068091
2016-06-08,8.289000,8.354000,8.268000,8.339000,12600000,0.000000,0.000000,7.239156,7.295924,7.220816,7.282824,6.867429,6.921700,6.599496,6.470777,7.106660,6.958813,0.147847,0.094278,0.053569,68.601765,6.867429,7.590893,6.143966,0.787088,0.128390,0.017629,0.005062,0.006762,0.121277,0.133886,0.078846,0.033317,0.235911,0.000000,0.000000,0.365664,25342100.000000,105071400.000000,0.069651
2016-06-09,8.267000,8.369000,8.213000,8.363000,15744000,0.000000,0.000000,7.219943,7.309025,7.172783,7.303784,6.903643,6.924734,6.613634,6.478358,7.136987,6.984366,0.152621,0.105947,0.046674,69.327045,6.903643,7.638838,6.168448,0.772133,0.128951,0.017655,0.002878,0.003623,0.105109,0.115686,0.048173,0.028014,0.231964,0.000000,0.000000,0.369595,25172650.000000,131667072.000000,0.052097
2016-06-10,8.229000,8.262000,8.179000,8.237000,16472000,0.000000,0.000000,7.186757,7.215577,7.143090,7.193744,6.937443,6.924853,6.627105,6.485354,7.145719,6.999876,0.145843,0.113926,0.031917,61.318796,6.937443,7.659985,6.214901,0.677361,0.131218,0.018241,-0.015066,-0.005193,0.093354,0.085315,0.059799,0.013753,0.240098,-0.015066,-0.015066,0.348960,24829800.000000,135679864.000000,0.054552
2016-06-13,8.155000,8.285000,8.120000,8.198000,14150000,0.000000,0.000000,7.122127,7.235662,7.091560,7.159681,6.971977,6.923717,6.638407,6.490739,7.147867,7.011713,0.136154,0.118372,0.017782,59.045084,6.971977,7.665697,6.278257,0.635288,0.132138,0.018456,-0.004735,-0.004130,0.098492,0.069644,0.032243,0.022329,0.237262,-0.019730,-0.019730,0.342573,24461400.000000,116001700.000000,0.048980
2016-06-14,8.168000,8.225000,8.121000,8.197000,14777000,0.000000,0.000000,7.133481,7.183262,7.092434,7.158807,7.010295,6.922859,6.650957,6.495106,7.149550,7.022609,0.126941,0.120085,0.006856,58.984648,7.010295,7.651936,6.368654,0.615728,0.129188,0.018046,-0.000122,-0.012053,0.106631,0.066187,0.047032,0.024720,0.233894,-0.019850,-0.019850,0.342409,23142400.000000,121127069.000000,0.041892
2016-06-15,8.259000,8.321000,8.192000,8.248000,16324000,0.000000,0.000000,7.212957,7.267104,7.154443,7.203350,7.052234,6.924754,6.663432,6.499777,7.157827,7.035997,0.121830,0.120434,0.001395,61.166235,7.052234,7.621766,6.482702,0.632667,0.128007,0.017770,0.006222,-0.010913,0.126856,0.063859,0.071613,0.014983,0.225800,-0.013751,-0.013751,0.350761,22280250.000000,134640352.000000,0.048964
2016-06-16,8.175000,8.281000,8.136000,8.267000,13147000,0.000000,0.000000,7.139594,7.232169,7.105533,7.219942,7.091390,6.925362,6.676698,6.504596,7.167383,7.049623,0.117760,0.119899,-0.002139,61.977515,7.091390,7.585451,6.597329,0.630097,0.127909,0.017716,0.002303,-0.011479,0.134393,0.046802,0.042234,0.021032,0.223190,-0.011479,-0.011479,0.353873,21770300.000000,108686249.000000,0.032157
2016-06-17,8.251000,8.290000,8.174000,8.289000,23625000,0.000000,0.000000,7.205968,7.240029,7.138720,7.239155,7.134336,6.928791,6.689513,6.510891,7.178425,7.063662,0.114763,0.118872,-0.004109,62.942929,7.134336,7.501023,6.767648,0.642928,0.126009,0.017407,0.002661,0.006313,0.124649,0.047473,0.040841,0.003975,0.222652,-0.008849,-0.008849,0.357476,22040750.000000,195827625.000000,0.046495
2016-06-20,8.397000,8.475000,8.357000,8.428000,26427000,0.000000,0.000000,7.333478,7.401599,7.298544,7.360552,7.168732,6.934822,6.704618,6.517130,7.206444,7.085654,0.120790,0.119256,0.001535,68.402120,7.168732,7.477558,6.859905,0.810563,0.128612,0.017473,0.016769,0.028056,0.153647,0.060499,0.079138,0.028660,0.219272,0.000000,0.000000,0.380240,21614550.000000,222726756.000000,0.054605
2016-06-21,8.468000,8.500000,8.407000,8.466000,13293000,0.000000,0.000000,7.395487,7.423433,7.342212,7.393739,7.204178,6.941065,6.718365,6.523257,7.235259,7.108475,0.126784,0.120761,0.006022,69.715592,7.204178,7.430987,6.977369,0.917888,0.125227,0.016937,0.004509,0.032817,0.108069,0.059700,0.107361,0.027865,0.167496,0.000000,0.000000,0.386463,20661700.000000,112538538.000000,0.055116
2016-06-22,8.446000,8.589000,8.436000,8.565000,24757000,0.000000,0.000000,7.376272,7.501160,7.367539,7.480200,7.233287,6.949001,6.730948,6.530549,7.272942,7.136010,0.136932,0.123996,0.012936,72.878677,7.233287,7.443477,7.023097,1.087356,0.125826,0.016821,0.011694,0.038434,0.118984,0.083170,0.095983,0.038519,0.168660,0.000000,0.000000,0.402676,20103200.000000,212043705.000000,0.069653
2016-06-23,8.628000,8.719000,8.615000,8.718000,26069000,0.000000,0.000000,7.535220,7.614694,7.523866,7.613822,7.263204,6.957157,6.744148,6.537266,7.325385,7.171404,0.153982,0.129993,0.023989,76.895091,7.263204,7.510004,7.016403,1.210327,0.126445,0.016607,0.017863,0.054554,0.103770,0.109228,0.095529,0.064311,0.146456,0.000000,0.000000,0.427733,19931850.000000,227269542.000000,0.080624
2016-06-24,8.299000,8.580000,8.228000,8.228000,57407000,0.000000,0.000000,7.247892,7.493302,7.185884,7.185884,7.269983,6.958842,6.754862,6.542724,7.303924,7.172476,0.131447,0.130284,0.001164,50.898352,7.269983,7.498965,7.041002,0.316362,0.147981,0.020593,-0.056205,-0.007359,0.024288,0.043576,0.030997,-0.001747,0.251301,-0.056205,-0.056205,0.347486,21837250.000000,472344796.000000,0.055913
2016-06-27,8.135000,8.183000,7.915000,7.996000,30005000,0.000000,0.000000,7.104660,7.146580,6.912524,6.983265,7.258147,6.956422,6.762805,6.546604,7.254591,7.158461,0.096131,0.123453,-0.027322,43.414297,7.258147,7.520107,6.996187,-0.024665,0.156936,0.022473,-0.028197,-0.051258,-0.009507,-0.020628,0.002300,-0.019709,0.270662,-0.082817,-0.082817,0.309491,21469450.000000,239919980.000000,0.031404
2016-06-28,8.100000,8.169000,8.051000,8.167000,23907000,0.000000,0.000000,7.074094,7.134354,7.031299,7.132607,7.254475,6.956258,6.772190,6.551260,7.235825,7.156546,0.079279,0.114618,-0.035339,49.328345,7.254475,7.521520,6.987430,0.271822,0.156519,0.021944,0.021386,-0.035318,-0.012102,-0.002727,0.028340,0.034464,0.267761,-0.063203,-0.063203,0.337496,21377650.000000,195248469.000000,0.033710
2016-06-29,8.253000,8.369000,8.127000,8.220000,41046000,0.000000,0.000000,7.207716,7.309024,7.097674,7.178895,7.251724,6.955784,6.784204,6.555859,7.227066,7.158201,0.068865,0.105468,-0.036603,51.036479,7.251724,7.520787,6.982662,0.364661,0.160435,0.022348,0.006490,-0.040280,-0.003769,-0.001237,0.025785,0.026459,0.268758,-0.057123,-0.057123,0.346176,22331150.000000,337398120.000000,0.017367
2016-06-30,8.281000,8.406000,8.218000,8.406000,28456000,0.000000,0.000000,7.232170,7.341338,7.177149,7.341338,7.254920,6.958734,6.800347,6.560613,7.244646,7.171767,0.072880,0.098950,-0.026070,56.569575,7.254920,7.526772,6.983069,0.658943,0.160703,0.021890,0.022628,-0.035788,0.014851,0.017299,0.056585,0.037947,0.279825,-0.035788,-0.035788,0.376637,22339500.000000,239201136.000000,0.031923
2016-07-01,8.395000,8.395000,8.279000,8.298000,17317000,0.000000,0.000000,7.331731,7.331731,7.230422,7.247016,7.255706,6.963016,6.815980,6.564577,7.245011,7.177341,0.067670,0.092694,-0.025024,52.836021,7.255706,7.527361,6.984051,0.484005,0.157147,0.021684,-0.012848,0.008507,-0.004178,0.006291,0.052860,0.012793,0.283051,-0.048176,-0.048176,0.358950,22381900.000000,143696466.000000,0.012266
2016-07-05,8.271000,8.272000,8.098000,8.189000,18344000,0.000000,0.000000,7.223436,7.224309,7.072347,7.151822,7.253829,6.965691,6.830748,6.568980,7.230674,7.175451,0.055224,0.085200,-0.029976,49.299600,7.253829,7.527922,6.979735,0.313920,0.158399,0.022148,-0.013136,0.024137,-0.010990,0.006081,0.061621,0.025234,0.285921,-0.060679,-0.060679,0.341099,22540850.000000,150219016.000000,0.010422
2016-07-06,8.150000,8.217000,8.068000,8.196000,19814000,0.000000,0.000000,7.117760,7.176275,7.046146,7.157935,7.249418,6.969236,6.846678,6.574026,7.219484,7.174153,0.045330,0.077226,-0.031896,49.533198,7.249418,7.526851,6.971985,0.335126,0.156379,0.021847,0.000855,0.003551,-0.004373,-0.004394,0.056818,0.038655,0.285257,-0.059876,-0.059876,0.342245,22684050.000000,162395544.000000,0.008116
2016-07-07,8.217000,8.321000,8.153000,8.204000,18297000,0.000000,0.000000,7.176275,7.267103,7.120381,7.164922,7.243523,6.972868,6.861083,6.580467,7.211090,7.173469,0.037620,0.069305,-0.031685,49.817794,7.243523,7.522970,6.964076,0.359363,0.155689,0.021729,0.000976,-0.001946,-0.011209,0.013756,0.123857,0.069145,0.283831,-0.058959,-0.058959,0.343555,22968900.000000,150108588.000000,0.007890
2016-07-08,8.289000,8.528000,8.263000,8.488000,26671000,0.000000,0.000000,7.239156,7.447886,7.216449,7.412952,7.248981,6.980208,6.876642,6.589198,7.242145,7.191209,0.050936,0.065631,-0.014695,58.717691,7.248981,7.537502,6.960461,0.784158,0.164781,0.022229,0.034617,0.009755,0.017868,0.050142,0.192759,0.110716,0.308377,-0.026382,-0.026382,0.390066,23515250.000000,226383448.000000,0.028275
2016-07-11,8.547000,8.668000,8.500000,8.633000,19219000,0.000000,0.000000,7.464478,7.570153,7.423431,7.539587,7.266274,6.994972,6.892021,6.599403,7.287906,7.217015,0.070891,0.066683,0.004208,62.385639,7.266274,7.581110,6.951437,0.934056,0.164239,0.021784,0.017083,0.040371,0.032285,0.064670,0.234306,0.116744,0.313338,-0.009750,-0.009750,0.413812,23652600.000000,165917627.000000,0.032552
2016-07-12,8.726000,8.831000,8.700000,8.824000,23584000,0.000000,0.000000,7.620808,7.712510,7.598101,7.706397,7.293609,7.016134,6.910350,6.610571,7.352289,7.253265,0.099024,0.073151,0.025872,66.595925,7.293609,7.660167,6.927052,1.063060,0.164859,0.021393,0.022125,0.077543,0.071264,0.087958,0.253257,0.130795,0.314743,0.000000,0.000000,0.445092,24124300.000000,208105216.000000,0.057020
2016-07-13,8.849000,8.937000,8.822000,8.862000,20752000,0.000000,0.000000,7.728231,7.805086,7.704650,7.739585,7.322648,7.037630,6.927277,6.622040,7.411873,7.289289,0.122584,0.083038,0.039546,67.378288,7.322648,7.733575,6.911721,1.007313,0.160258,0.020706,0.004307,0.081259,0.080996,0.074039,0.250021,0.127416,0.313327,0.000000,0.000000,0.451315,24423050.000000,183904224.000000,0.062253
2016-07-14,8.951000,8.975000,8.782000,8.788000,24625000,0.000000,0.000000,7.817311,7.838272,7.669715,7.674956,7.346229,7.059330,6.943064,6.633751,7.452347,7.317857,0.134490,0.093328,0.041162,64.223751,7.346229,7.781721,6.910736,0.877420,0.160851,0.020958,-0.008350,0.071185,0.072100,0.080731,0.281932,0.123065,0.315945,-0.008350,-0.008350,0.439196,24838100.000000,216404500.000000,0.062904
2016-07-15,8.819000,8.884000,8.763000,8.855000,18341000,0.000000,0.000000,7.702028,7.758795,7.653120,7.733468,7.371905,7.083644,6.960399,6.645283,7.495597,7.348643,0.146954,0.104053,0.042900,65.785558,7.371905,7.835683,6.908127,0.889802,0.156909,0.020290,0.007624,0.043237,0.073593,0.088570,0.240180,0.162935,0.316134,-0.000790,-0.000790,0.450168,25097800.000000,162409555.000000,0.070067
2016-07-18,8.962000,8.969000,8.842000,8.933000,18090000,0.000000,0.000000,7.826915,7.833028,7.722114,7.801588,7.400027,7.109060,6.977331,6.656091,7.542672,7.382194,0.160478,0.115338,0.045140,67.561030,7.400027,7.896936,6.903117,0.904059,0.153624,0.019691,0.008808,0.034750,0.080561,0.092537,0.324558,0.174545,0.316606,0.000000,0.000000,0.462942,24821050.000000,161597970.000000,0.073231
2016-07-19,8.878000,9.000000,8.816000,8.950000,16981000,0.000000,0.000000,7.753558,7.860106,7.699411,7.816439,7.422821,7.134965,6.992722,6.667356,7.584790,7.414361,0.170430,0.126357,0.044073,67.951492,7.422821,7.952829,6.892813,0.871332,0.154129,0.019719,0.001904,0.014279,0.079745,0.085228,0.336915,0.179529,0.316654,0.000000,0.000000,0.465727,24348750.000000,151979950.000000,0.065788
2016-07-20,9.000000,9.150000,8.946000,9.121000,25363000,0.000000,0.000000,7.860105,7.991107,7.812945,7.965780,7.451423,7.164378,7.008410,6.678833,7.643404,7.455206,0.188198,0.138725,0.049473,71.647330,7.451423,8.033961,6.868885,0.941480,0.155846,0.019564,0.019106,0.029226,0.082226,0.107300,0.321136,0.197560,0.317956,0.000000,0.000000,0.493731,24952250.000000,231335923.000000,0.078643
2016-07-21,9.113000,9.134000,8.900000,8.932000,21625000,0.000000,0.000000,7.958790,7.977130,7.772767,7.800715,7.467449,7.188210,7.022890,6.689597,7.667606,7.480800,0.186806,0.148341,0.038465,62.999575,7.467449,8.070590,6.864307,0.776275,0.159311,0.020423,-0.020722,0.016386,0.055043,0.109176,0.321299,0.186391,0.329224,-0.020722,-0.020722,0.462778,24795650.000000,193154500.000000,0.083294
2016-07-22,8.969000,9.034000,8.899000,9.005000,12803000,0.000000,0.000000,7.833032,7.889800,7.771898,7.864473,7.479981,7.213909,7.036039,6.700753,7.697893,7.509220,0.188673,0.156407,0.032266,64.768459,7.479981,8.105915,6.854048,0.807135,0.156353,0.019881,0.008173,0.016940,0.051372,0.120599,0.320467,0.187702,0.328245,-0.012718,-0.012718,0.474734,24132350.000000,115291015.000000,0.081072
2016-07-25,9.006000,9.070000,8.964000,9.064000,12959000,0.000000,0.000000,7.865347,7.921241,7.828666,7.916001,7.516487,7.241875,7.050588,6.711602,7.731448,7.539352,0.192096,0.163545,0.028551,66.175844,7.516487,8.155233,6.877741,0.812733,0.151798,0.019176,0.006552,0.014665,0.039688,0.133987,0.343192,0.220360,0.323925,-0.006249,-0.006249,0.484397,21909950.000000,117460376.000000,0.092760
2016-07-26,9.120000,9.218000,9.036000,9.160000,25704000,0.000000,0.000000,7.964906,8.050494,7.891545,7.999840,7.567316,7.272491,7.065699,6.722545,7.772739,7.573462,0.199277,0.170692,0.028585,68.388500,7.567316,8.188963,6.945669,0.847886,0.152309,0.019039,0.010591,0.023463,0.113272,0.145569,0.342805,0.233285,0.245762,0.000000,0.000000,0.500118,21694900.000000,235448640.000000,0.100201
2016-07-27,9.220000,9.229000,9.097000,9.196000,26717000,0.000000,0.000000,8.052237,8.060097,7.944816,8.031277,7.612249,7.305268,7.081591,6.734009,7.812514,7.607374,0.205140,0.177581,0.027559,69.202058,7.612249,8.231506,6.992993,0.838331,0.149664,0.018635,0.003930,0.008222,0.150075,0.139844,0.372847,0.201505,0.213816,0.000000,0.000000,0.506013,21835400.000000,245689532.000000,0.082953
2016-07-28,9.294000,9.380000,9.160000,9.308000,28245000,0.000000,0.000000,8.116865,8.191973,7.999837,8.129092,7.659759,7.340558,7.097583,6.745957,7.861218,7.646020,0.215198,0.185105,0.030094,71.647117,7.659759,8.284800,7.034719,0.875442,0.152698,0.018784,0.012179,0.042096,0.139708,0.195205,0.350551,0.217391,0.208189,0.000000,0.000000,0.524355,21195350.000000,262904460.000000,0.122433
2016-07-29,9.305000,9.305000,8.967000,8.977000,32595000,0.000000,0.000000,8.126475,8.126475,7.831285,7.840018,7.684693,7.368622,7.112163,6.757259,7.857957,7.660390,0.197567,0.187597,0.009970,57.195462,7.684693,8.295883,7.073503,0.627068,0.163063,0.020799,-0.035560,-0.003110,0.092093,0.179257,0.260069,0.160651,0.253752,-0.035560,-0.035560,0.470148,21402300.000000,292605315.000000,0.098264
2016-08-01,9.017000,9.096000,8.979000,9.079000,16605000,0.000000,0.000000,7.874952,7.943946,7.841765,7.929100,7.718797,7.399600,7.127225,6.767857,7.868902,7.680295,0.188607,0.187799,0.000808,59.881019,7.718797,8.302666,7.134929,0.680094,0.158839,0.020032,0.011362,0.001655,0.080062,0.189698,0.259821,0.199799,0.246408,-0.024602,-0.024602,0.486853,21366700.000000,150756795.000000,0.113600
2016-08-02,9.061000,9.109000,8.896000,8.973000,22353000,0.000000,0.000000,7.913377,7.955298,7.769275,7.836522,7.753032,7.422877,7.140126,6.777920,7.863920,7.691867,0.172053,0.184650,-0.012597,55.952181,7.753032,8.273810,7.232255,0.580159,0.160780,0.020517,-0.011676,-0.020415,0.081345,0.189160,0.281645,0.203482,0.245443,-0.035990,-0.035990,0.469493,21567150.000000,200573469.000000,0.110535
2016-08-03,8.934000,9.080000,8.919000,9.079000,22028000,0.000000,0.000000,7.802464,7.929972,7.789364,7.929100,7.791591,7.447763,7.153134,6.788091,7.873948,7.709440,0.164508,0.180622,-0.016113,58.859103,7.791591,8.235347,7.347834,0.654938,0.159339,0.020096,0.011814,-0.012722,0.108683,0.216542,0.281168,0.261849,0.238821,-0.024602,-0.024602,0.486853,21677850.000000,199992212.000000,0.124681
2016-08-04,9.083000,9.200000,9.036000,9.193000,21359000,0.000000,0.000000,7.932590,8.034771,7.891543,8.028658,7.834777,7.470376,7.166486,6.799036,7.897750,7.733086,0.164664,0.177430,-0.012766,61.780228,7.834777,8.178612,7.490943,0.781939,0.158189,0.019703,0.012556,-0.012355,0.121644,0.229355,0.296166,0.261128,0.239680,-0.012355,-0.012355,0.505522,21830950.000000,196353287.000000,0.134135
2016-08-05,9.200000,9.330000,9.175000,9.325000,15073000,0.000000,0.000000,8.034773,8.148308,8.012940,8.143941,7.871327,7.492945,7.180781,6.809526,7.935625,7.763519,0.172106,0.176365,-0.004259,64.889029,7.871327,8.179968,7.562685,0.941635,0.156559,0.019224,0.014359,0.038766,0.136641,0.248837,0.362435,0.306226,0.240914,0.000000,0.000000,0.527140,21251050.000000,140555725.000000,0.146442
2016-08-08,9.316000,9.330000,9.249000,9.272000,15654000,0.000000,0.000000,8.136082,8.148309,8.077568,8.097655,7.899230,7.513892,7.194048,6.819457,7.960553,7.788270,0.172283,0.175549,-0.003266,62.684410,7.899230,8.181359,7.617101,0.851656,0.150429,0.018577,-0.005683,0.021258,0.092366,0.246730,0.413939,0.300595,0.220675,-0.005683,-0.005683,0.518460,21072800.000000,145143888.000000,0.149276
2016-08-09,9.297000,9.345000,9.263000,9.329000,13334000,0.000000,0.000000,8.119489,8.161409,8.089795,8.147436,7.921282,7.532441,7.206551,6.828851,7.989304,7.814875,0.174429,0.175325,-0.000896,64.097237,7.921282,8.208842,7.633723,0.893229,0.144799,0.017772,0.006148,0.039675,0.080621,0.232759,0.433477,0.265769,0.215898,0.000000,0.000000,0.527795,20560300.000000,124392886.000000,0.146353
2016-08-10,9.306000,9.319000,8.813000,8.911000,70457000,0.000000,0.000000,8.127350,8.138704,7.696791,7.782379,7.923422,7.543968,7.215264,6.835574,7.957469,7.812468,0.145002,0.169260,-0.024259,49.343288,7.923422,8.205881,7.640963,0.250330,0.166645,0.021413,-0.044806,-0.018504,0.009860,0.182819,0.371339,0.240027,0.263517,-0.044806,-0.044806,0.459340,23045550.000000,627842327.000000,0.089578
2016-08-11,8.915000,8.987000,8.858000,8.889000,47197000,0.000000,0.000000,7.785868,7.848749,7.736087,7.763161,7.927832,7.554553,7.223489,6.841984,7.927576,7.808816,0.118760,0.159160,-0.040400,48.707667,7.927832,8.196367,7.659297,0.193390,0.162789,0.020969,-0.002469,-0.033069,0.003046,0.191082,0.395010,0.243608,0.263362,-0.047165,-0.047165,0.455736,24174150.000000,419534133.000000,0.087422
2016-08-12,8.906000,9.019000,8.851000,8.918000,20880000,0.000000,0.000000,7.778009,7.876697,7.729975,7.788489,7.930583,7.564774,7.231602,6.848508,7.906178,7.807310,0.098868,0.147102,-0.048234,49.628607,7.930583,8.191761,7.669405,0.227974,0.161642,0.020754,0.003263,-0.043646,0.014793,0.203970,0.360572,0.258062,0.261635,-0.044056,-0.044056,0.460486,24301100.000000,186207840.000000,0.094761
2016-08-15,8.917000,9.137000,8.910000,9.074000,21240000,0.000000,0.000000,7.787620,7.979756,7.781506,7.924736,7.936741,7.578643,7.241791,6.855438,7.909033,7.816008,0.093025,0.136286,-0.043261,54.374300,7.936741,8.190824,7.682657,0.476377,0.164257,0.020727,0.017493,-0.021354,0.024733,0.239706,0.353031,0.267746,0.267041,-0.027334,-0.027334,0.486035,24458600.000000,192731760.000000,0.137819
2016-08-16,9.043000,9.094000,8.984000,8.986000,20370000,0.000000,0.000000,7.897660,7.942201,7.846133,7.847879,7.938313,7.591813,7.251629,6.861940,7.899625,7.818369,0.081256,0.125280,-0.044024,51.430697,7.938313,8.189636,7.686989,0.320085,0.159386,0.020309,-0.009698,-0.036767,0.005934,0.233054,0.307596,0.227098,0.268179,-0.036767,-0.036767,0.471623,24628050.000000,183044820.000000,0.124613
2016-08-17,8.957000,9.068000,8.950000,9.021000,19616000,0.000000,0.000000,7.822550,7.919491,7.816437,7.878444,7.933946,7.604459,7.261555,6.868270,7.896366,7.822819,0.073547,0.114934,-0.041386,52.531270,7.933946,8.186293,7.681599,0.390029,0.155362,0.019720,0.003895,0.012344,0.007933,0.223967,0.341356,0.268014,0.268406,-0.033016,-0.033016,0.477354,24340700.000000,176955936.000000,0.120669
2016-08-18,9.050000,9.110000,9.000000,9.093000,16543000,0.000000,0.000000,7.903772,7.956172,7.860104,7.941326,7.940976,7.617629,7.269665,6.874911,7.903283,7.831597,0.071686,0.106284,-0.034598,54.800493,7.940976,8.185405,7.696548,0.500715,0.151127,0.019030,0.007982,0.022950,-0.003070,0.244674,0.313305,0.275663,0.261372,-0.025298,-0.025298,0.489146,24086600.000000,150425499.000000,0.132712
2016-08-19,9.225000,9.360000,9.146000,9.319000,27564000,0.000000,0.000000,8.056608,8.174509,7.987613,8.138702,7.954688,7.634327,7.279531,6.882651,7.939501,7.854346,0.085156,0.102058,-0.016903,61.088341,7.954688,8.211499,7.697876,0.858267,0.156988,0.019289,0.024854,0.044965,0.043328,0.219714,0.335039,0.332956,0.263551,-0.001072,-0.001072,0.526157,24824650.000000,256868916.000000,0.121420
2016-08-22,9.281000,9.370000,9.240000,9.320000,15401000,0.000000,0.000000,8.105512,8.183240,8.069705,8.139572,7.965866,7.653244,7.289049,6.890107,7.970281,7.875474,0.094808,0.100608,-0.005800,61.114020,7.965866,8.234766,7.696966,0.822993,0.153884,0.018906,0.000107,0.027110,0.034980,0.217621,0.356590,0.357372,0.262711,-0.000965,-0.000965,0.526320,24946750.000000,143537320.000000,0.117151
2016-08-23,9.435000,9.488000,9.347000,9.388000,25309000,0.000000,0.000000,8.240010,8.286297,8.163156,8.198962,7.975822,7.674030,7.298873,6.897833,8.005463,7.899436,0.106027,0.101692,0.004335,62.913258,7.975822,8.264068,7.687577,0.887065,0.153373,0.018706,0.007296,0.044736,0.035745,0.188598,0.342253,0.416629,0.262894,0.000000,0.000000,0.537457,24927000.000000,237600892.000000,0.106513
2016-08-24,9.390000,9.417000,9.234000,9.269000,16116000,0.000000,0.000000,8.200707,8.224287,8.064465,8.095032,7.979010,7.692754,7.307806,6.905113,8.019243,7.913924,0.105319,0.102417,0.002901,57.867327,7.979010,8.271221,7.686800,0.698524,0.153834,0.019003,-0.012676,0.027491,0.011899,0.153880,0.289560,0.397012,0.265441,-0.012676,-0.012676,0.517968,24396950.000000,149379204.000000,0.087934
2016-08-25,9.279000,9.395000,9.260000,9.344000,16897000,0.000000,0.000000,8.103769,8.205077,8.087175,8.160536,7.980582,7.711898,7.318326,6.912677,8.040980,7.932192,0.108788,0.103692,0.005097,60.042572,7.980582,8.276508,7.684657,0.804052,0.151267,0.018536,0.008092,0.027604,0.016094,0.157474,0.275689,0.341633,0.266469,-0.004687,-0.004687,0.530252,23829550.000000,157885568.000000,0.094144
2016-08-26,9.341000,9.415000,9.276000,9.381000,16892000,0.000000,0.000000,8.157914,8.222542,8.101147,8.192848,7.998224,7.731356,7.328359,6.920654,8.064345,7.951500,0.112845,0.105522,0.007323,61.109209,7.998224,8.300858,7.695590,0.821550,0.149133,0.018203,0.003960,0.006653,0.007843,0.134746,0.289651,0.303466,0.263589,-0.000746,-0.000746,0.536311,23044400.000000,158463852.000000,0.076893
2016-08-29,9.386000,9.577000,9.301000,9.434000,17031000,0.000000,0.000000,8.197215,8.364024,8.122981,8.239136,8.013726,7.751356,7.340073,6.928689,8.091236,7.972806,0.118429,0.108104,0.010326,62.647465,8.013726,8.332768,7.694683,0.853260,0.155698,0.018897,0.005650,0.012232,0.050908,0.143362,0.257979,0.314245,0.228920,0.000000,0.000000,0.544990,23065700.000000,160670454.000000,0.085909
2016-08-30,9.455000,9.475000,9.274000,9.298000,22246000,0.000000,0.000000,8.257478,8.274945,8.099403,8.120363,8.027918,7.766552,7.350687,6.936726,8.095717,7.983736,0.111980,0.108879,0.003101,56.474829,8.027918,8.338922,7.716914,0.648624,0.157116,0.019348,-0.014416,-0.009586,0.024122,0.122542,0.256809,0.297970,0.233668,-0.014416,-0.014416,0.522718,23060350.000000,206843308.000000,0.067872
2016-08-31,9.300000,9.348000,9.231000,9.332000,17341000,0.000000,0.000000,8.122105,8.164025,8.061844,8.150052,8.038965,7.781678,7.361371,6.944855,8.104076,7.996056,0.108020,0.108707,-0.000687,57.599437,8.038965,8.350885,7.727045,0.678069,0.153192,0.018796,0.003656,0.006797,0.040009,0.119910,0.256012,0.362832,0.228978,-0.010812,-0.010812,0.528286,22826000.000000,161826212.000000,0.071259
2016-09-01,9.360000,9.477000,9.279000,9.463000,18994000,0.000000,0.000000,8.174509,8.276691,8.103769,8.264464,8.050756,7.797363,7.373182,6.952762,8.128751,8.015938,0.112813,0.109528,0.003285,61.705776,8.050756,8.378462,7.723049,0.826067,0.154601,0.018707,0.014038,0.012735,0.042295,0.142874,0.282897,0.352031,0.230309,0.000000,0.000000,0.549740,22707750.000000,179740222.000000,0.085274
2016-09-02,9.524000,9.541000,9.369000,9.436000,16194000,0.000000,0.000000,8.317738,8.332585,8.182370,8.240884,8.055603,7.809905,7.383531,6.960400,8.146002,8.032601,0.113402,0.110303,0.003099,60.407313,8.055603,8.391869,7.719337,0.775498,0.154288,0.018722,-0.002853,0.005863,0.026434,0.146259,0.262019,0.335960,0.227645,-0.002853,-0.002853,0.545318,22763800.000000,152806584.000000,0.089667
2016-09-06,9.388000,9.485000,9.312000,9.370000,19756000,0.000000,0.000000,8.198961,8.283675,8.132587,8.183241,8.059882,7.829852,7.394347,6.967461,8.151731,8.043759,0.107972,0.109837,-0.001865,57.236544,8.059882,8.400551,7.719213,0.681054,0.154059,0.018826,-0.006995,-0.006784,0.004826,0.129324,0.282240,0.358948,0.224253,-0.009828,-0.009828,0.534509,22968900.000000,185113720.000000,0.066007
2016-09-07,9.345000,9.448000,9.339000,9.404000,24651000,0.000000,0.000000,8.161409,8.251363,8.156169,8.212936,8.063157,7.854445,7.405433,6.974890,8.161147,8.056291,0.104857,0.108841,-0.003984,58.446593,8.063157,8.408596,7.717718,0.716795,0.149855,0.018246,0.003629,0.011400,0.014236,0.127713,0.278698,0.309798,0.223428,-0.006235,-0.006235,0.540077,23534750.000000,231818004.000000,0.065540
2016-09-08,9.350000,9.424000,9.316000,9.357000,11960000,0.000000,0.000000,8.165777,8.230404,8.136083,8.171890,8.082633,7.875231,7.415744,6.981915,8.162800,8.064854,0.097946,0.106662,-0.008716,56.084248,8.082633,8.404538,7.760728,0.638639,0.145888,0.017852,-0.004998,0.002679,0.003001,0.118857,0.248293,0.340914,0.223383,-0.011201,-0.011201,0.532381,20609900.000000,111909720.000000,0.058183
2016-09-09,9.264000,9.292000,9.105000,9.118000,26965000,0.000000,0.000000,8.090669,8.115123,7.951807,7.963161,8.092633,7.890916,7.423350,6.988497,8.132086,8.057321,0.074765,0.100283,-0.025517,45.919855,8.092633,8.383700,7.801566,0.277591,0.151188,0.018986,-0.025542,-0.036458,0.023230,0.106956,0.201397,0.282857,0.180239,-0.036458,-0.036458,0.493240,19598300.000000,245866870.000000,0.059687
2016-09-12,8.985000,9.359000,8.980000,9.327000,18557000,0.030000,0.000000,7.872907,8.200617,7.868526,8.172577,8.111837,7.907541,7.433137,6.995996,8.138316,8.065858,0.072457,0.094718,-0.022260,54.775600,8.111837,8.366863,7.856811,0.619086,0.164109,0.020080,0.026298,-0.008289,0.052738,0.141472,0.220969,0.317877,0.199472,-0.011118,-0.011118,0.532509,19482150.000000,173081139.000000,0.066510
2016-09-13,9.246000,9.317000,9.099000,9.154000,23689000,0.000000,0.000000,8.101602,8.163815,7.972797,8.020989,8.116650,7.923020,7.443018,7.002742,8.120265,8.062535,0.057731,0.087320,-0.029589,48.574924,8.116650,8.360183,7.873117,0.303598,0.166657,0.020778,-0.018548,-0.019827,0.029852,0.120437,0.194595,0.281479,0.212350,-0.029460,-0.029460,0.504084,19604600.000000,216849106.000000,0.056083
2016-09-14,9.178000,9.214000,9.093000,9.157000,25953000,0.000000,0.000000,8.042018,8.073562,7.967539,8.023617,8.125437,7.940456,7.453073,7.009350,8.105396,8.059652,0.045744,0.079005,-0.033261,48.683380,8.125437,8.338972,7.911901,0.261586,0.162326,0.020231,0.000328,-0.023051,0.012478,0.113873,0.185003,0.255576,0.204217,-0.029142,-0.029142,0.504577,19883750.000000,237651621.000000,0.043791
2016-09-15,9.157000,9.370000,9.157000,9.336000,26426000,0.000000,0.000000,8.023617,8.210254,8.023617,8.180463,8.140538,7.960907,7.465071,7.016496,8.116945,8.068601,0.048344,0.072873,-0.024529,54.809185,8.140538,8.320625,7.960450,0.610850,0.164063,0.020055,0.019548,0.001049,0.042379,0.133037,0.186065,0.267449,0.210541,-0.010164,-0.010164,0.533988,20224250.000000,246713136.000000,0.049492
2016-09-16,9.318000,9.384000,9.194000,9.296000,20910000,0.000000,0.000000,8.164693,8.222524,8.056041,8.145415,8.150742,7.980517,7.476692,7.022867,8.121325,8.074291,0.047034,0.067705,-0.020671,53.278686,8.150742,8.304506,7.996978,0.482678,0.164235,0.020163,-0.004284,0.022887,0.033886,0.125189,0.178605,0.298850,0.211548,-0.014405,-0.014405,0.527416,20442600.000000,194379360.000000,0.032647
2016-09-19,9.378000,9.385000,9.190000,9.215000,16126000,0.000000,0.000000,8.217266,8.223400,8.052535,8.074441,8.147529,7.993746,7.486977,7.029288,8.114112,8.074302,0.039810,0.062126,-0.022316,50.220383,8.147529,8.304993,7.990065,0.267922,0.164709,0.020399,-0.008713,-0.012008,0.016762,0.096989,0.163355,0.313204,0.213174,-0.022993,-0.022993,0.514107,19870700.000000,148601090.000000,0.014747
2016-09-20,9.265000,9.311000,9.172000,9.198000,18698000,0.000000,0.000000,8.118249,8.158555,8.036760,8.059542,8.143527,8.004146,7.499559,7.036590,8.105717,8.073209,0.032508,0.056203,-0.023694,49.577029,8.143527,8.305836,7.981219,0.241278,0.161644,0.020056,-0.001845,0.004807,-0.009726,0.090050,0.155125,0.371439,0.194590,-0.024796,-0.024796,0.511313,20035550.000000,171984204.000000,0.007967
2016-09-21,9.252000,9.331000,9.180000,9.329000,18465000,0.000000,0.000000,8.106862,8.176084,8.043774,8.174332,8.142296,8.013504,7.514819,7.043929,8.116273,8.080699,0.035574,0.052077,-0.016503,54.421654,8.142296,8.303201,7.981391,0.599549,0.159548,0.019518,0.014243,0.018784,0.004270,0.092796,0.183683,0.442466,0.201100,-0.010906,-0.010906,0.532839,19693350.000000,172259985.000000,-0.002762
2016-09-22,9.358000,9.388000,9.209000,9.269000,26505000,0.000000,0.000000,8.199740,8.226026,8.069182,8.121756,8.143632,8.021148,7.529389,7.050785,8.117117,8.083741,0.033376,0.048337,-0.014961,51.959231,8.143632,8.303324,7.983940,0.431505,0.159355,0.019621,-0.006432,-0.007176,-0.009417,0.066712,0.183227,0.477067,0.200687,-0.017268,-0.017268,0.522980,20212800.000000,245674845.000000,-0.020758
2016-09-23,9.243000,9.295000,9.172000,9.178000,17246000,0.000000,0.000000,8.098975,8.144539,8.036763,8.042021,8.137706,8.028489,7.543909,7.056155,8.105563,8.080650,0.024913,0.043652,-0.018739,48.383734,8.137706,8.303439,7.971974,0.211325,0.155671,0.019357,-0.009817,-0.012694,-0.006549,0.119142,0.167909,0.469489,0.198714,-0.026916,-0.026916,0.508028,20230250.000000,158283788.000000,-0.007828
2016-09-26,9.151000,9.174000,9.097000,9.141000,17027000,0.000000,0.000000,8.018362,8.038515,7.971046,8.009600,8.128544,8.034012,7.558828,7.062264,8.090800,8.075387,0.015413,0.038004,-0.022592,46.968455,8.128544,8.301543,7.955545,0.156229,0.149621,0.018680,-0.004031,-0.008030,-0.018496,0.146971,0.123310,0.470757,0.196739,-0.030839,-0.030839,0.501948,20237000.000000,155643807.000000,0.002655
2016-09-27,9.056000,9.264000,9.056000,9.251000,16801000,0.000000,0.000000,7.935119,8.117374,7.935119,8.105984,8.121886,8.040100,7.574580,7.068113,8.093136,8.077654,0.015482,0.033500,-0.018018,51.509565,8.121886,8.287035,7.956737,0.451854,0.151952,0.018746,0.012034,0.005762,-0.010602,0.136469,0.133370,0.520022,0.201147,-0.019176,-0.019176,0.493665,20225500.000000,155426051.000000,0.005638
2016-09-28,9.272000,9.320000,9.218000,9.294000,12275000,0.000000,0.000000,8.124385,8.166443,8.077069,8.143661,8.123051,8.046644,7.590804,7.074646,8.100909,8.082543,0.018366,0.030473,-0.012107,53.196739,8.123051,8.288484,7.957619,0.562290,0.147482,0.018110,0.004648,-0.003752,-0.011588,0.134389,0.132986,0.500608,0.200795,-0.014617,-0.014617,0.463814,19726950.000000,114083850.000000,0.021547
2016-09-29,9.290000,9.410000,9.248000,9.323000,31040000,0.000000,0.000000,8.140156,8.245303,8.103354,8.169071,8.124002,8.050710,7.607544,7.081881,8.111395,8.088953,0.022443,0.028867,-0.006424,54.350337,8.124002,8.290304,7.957700,0.635503,0.147087,0.018005,0.003120,0.005826,0.005998,0.112750,0.131999,0.448378,0.194550,-0.011543,-0.011543,0.468381,20411900.000000,289385920.000000,0.024682
2016-09-30,9.367000,9.539000,9.342000,9.471000,31943000,0.000000,0.000000,8.207623,8.358334,8.185718,8.298751,8.125717,8.060671,7.624440,7.088738,8.140219,8.104493,0.035726,0.030239,0.005487,59.796550,8.125717,8.298689,7.952745,1.000180,0.150100,0.018087,0.015875,0.031924,0.018245,0.145127,0.152331,0.491691,0.201636,0.000000,0.000000,0.491253,21059350.000000,302532153.000000,0.052700
2016-10-03,9.415000,9.533000,9.408000,9.459000,20125000,0.000000,0.000000,8.249688,8.353083,8.243554,8.288241,8.128084,8.069146,7.641528,7.095404,8.162992,8.118104,0.044888,0.033169,0.011719,59.180311,8.128084,8.308817,7.947352,0.943076,0.147202,0.017760,-0.001266,0.034788,0.002877,0.158899,0.165946,0.461676,0.195999,-0.001266,-0.001266,0.489364,21255900.000000,190362375.000000,0.059795
2016-10-04,9.456000,9.540000,9.426000,9.483000,26870000,0.000000,0.000000,8.285610,8.359213,8.259323,8.309268,8.134386,8.077011,7.659443,7.102846,8.185496,8.132264,0.053231,0.037181,0.016050,60.066985,8.134386,8.331281,7.937491,0.944100,0.143822,0.017309,0.002537,0.025078,0.008298,0.160847,0.155746,0.471208,0.195827,0.000000,0.000000,0.493143,21611600.000000,254808210.000000,0.072252
2016-10-05,9.471000,9.650000,9.440000,9.617000,31943000,0.000000,0.000000,8.298754,8.455599,8.271591,8.426683,8.145073,8.085548,7.679020,7.111595,8.222602,8.154073,0.068528,0.043451,0.025078,64.680574,8.145073,8.379540,7.910606,1.100533,0.146693,0.017408,0.014131,0.034754,0.029749,0.176103,0.192281,0.495884,0.199329,0.000000,0.000000,0.514242,21976200.000000,307195831.000000,0.086042
2016-10-06,9.885000,10.047000,9.782000,10.019000,102746000,0.000000,0.000000,8.661512,8.803460,8.571260,8.778926,8.175425,8.100501,7.702885,7.121364,8.308190,8.200359,0.107831,0.056327,0.051505,74.280578,8.175425,8.543565,7.807284,1.319661,0.163127,0.018582,0.041801,0.074654,0.068914,0.184269,0.243650,0.527742,0.243499,0.000000,0.000000,0.577538,26515500.000000,1029412174.000000,0.113640
2016-10-07,9.986000,10.089000,9.882000,10.035000,57971000,0.000000,0.000000,8.750010,8.840261,8.658882,8.792945,8.216914,8.113778,7.727168,7.130579,8.382768,8.244254,0.138514,0.072764,0.065750,74.576753,8.216914,8.663092,7.770737,1.145518,0.164431,0.018700,0.001597,0.059550,0.075999,0.166237,0.241657,0.513131,0.241737,0.000000,0.000000,0.580058,28065800.000000,581738985.000000,0.105347
2016-10-10,10.097000,10.244000,10.061000,10.215000,34845000,0.000000,0.000000,8.847274,8.976080,8.815730,8.950669,8.255819,8.135991,7.752307,7.140483,8.470137,8.296581,0.173556,0.092923,0.080634,77.689612,8.255819,8.808661,7.702977,1.128435,0.165767,0.018520,0.017938,0.079924,0.124010,0.161460,0.263619,0.559738,0.221783,0.000000,0.000000,0.608400,28880200.000000,355941675.000000,0.100568
2016-10-11,10.161000,10.164000,9.864000,9.959000,49126000,0.000000,0.000000,8.903352,8.905980,8.643113,8.726354,8.291087,8.151936,7.775768,7.149279,8.509555,8.328416,0.181139,0.110566,0.070573,65.421109,8.291087,8.870223,7.711951,0.875790,0.175895,0.020157,-0.025061,0.050195,0.067760,0.127496,0.210975,0.520420,0.232698,-0.025061,-0.025061,0.568092,30152050.000000,489245834.000000,0.079340
2016-10-12,9.819000,9.909000,9.681000,9.868000,39608000,0.000000,0.000000,8.603683,8.682544,8.482763,8.646618,8.322237,8.168138,7.795508,7.157832,8.530642,8.351986,0.178655,0.124184,0.054471,61.691731,8.322237,8.907782,7.736692,0.776991,0.180730,0.020902,-0.009137,0.026100,0.077999,0.126602,0.217553,0.549651,0.223711,-0.033970,-0.033970,0.553763,30834800.000000,390851744.000000,0.085887
2016-10-13,9.812000,9.812000,9.691000,9.773000,34514000,0.000000,0.000000,8.597547,8.597547,8.491523,8.563374,8.341383,8.180824,7.814293,7.165657,8.535677,8.367645,0.168033,0.132954,0.035079,57.975954,8.341383,8.932424,7.750342,0.687797,0.178899,0.020891,-0.009627,-0.024553,0.067271,0.107314,0.205388,0.474063,0.228202,-0.043270,-0.043270,0.538805,31239200.000000,337305322.000000,0.070782
2016-10-14,9.832000,9.916000,9.813000,9.822000,26809000,0.000000,0.000000,8.615072,8.688676,8.598424,8.606310,8.364427,8.192377,7.831376,7.173947,8.546544,8.385324,0.161220,0.138607,0.022613,59.336401,8.364427,8.959225,7.769629,0.703332,0.175071,0.020342,0.005014,-0.021226,0.052057,0.103148,0.205231,0.477721,0.220509,-0.038473,-0.038473,0.546520,31534150.000000,263317998.000000,0.071822
2016-10-17,9.789000,9.911000,9.748000,9.806000,22069000,0.000000,0.000000,8.577393,8.684293,8.541468,8.592289,8.390320,8.201344,7.847144,7.182493,8.553582,8.400654,0.152927,0.141471,0.011456,58.668472,8.390320,8.976996,7.803644,0.672130,0.172768,0.020107,-0.001629,-0.040039,0.054862,0.099259,0.192946,0.457596,0.219668,-0.040039,-0.040039,0.544001,31831300.000000,216408614.000000,0.066805
2016-10-18,9.905000,9.969000,9.855000,9.947000,28860000,0.000000,0.000000,8.679036,8.735115,8.635225,8.715837,8.423134,8.213707,7.863800,7.192389,8.578544,8.424001,0.154543,0.144085,0.010457,62.657394,8.423134,9.005310,7.840959,0.751387,0.170629,0.019577,0.014379,-0.001205,0.079435,0.094160,0.211563,0.492544,0.219199,-0.026236,-0.026236,0.566202,32339400.000000,287070420.000000,0.063922
2016-10-19,9.967000,10.018000,9.920000,9.972000,42824000,0.000000,0.000000,8.733363,8.778050,8.692180,8.737744,8.451305,8.225513,7.878977,7.202212,8.603036,8.447242,0.155795,0.146427,0.009368,63.333135,8.451305,9.037302,7.865308,0.744403,0.164575,0.018835,0.002513,0.010539,0.084149,0.120121,0.242411,0.445230,0.218319,-0.023789,-0.023789,0.570138,33557350.000000,427040928.000000,0.086121
2016-10-20,10.000000,10.096000,9.587000,9.694000,79213000,0.000000,0.000000,8.762276,8.846393,8.400394,8.494150,8.469925,8.239749,7.891858,7.212806,8.586285,8.450716,0.135568,0.144255,-0.008687,52.053533,8.469925,9.035129,7.904721,0.521430,0.184676,0.021742,-0.027878,-0.008084,0.039125,0.080066,0.210321,0.389856,0.240877,-0.051004,-0.051004,0.526365,36192750.000000,767890822.000000,0.052288
2016-10-21,9.676000,9.913000,9.674000,9.761000,43299000,0.000000,0.000000,8.478381,8.686047,8.476629,8.552860,8.495467,8.255543,7.905048,7.224496,8.581142,8.458282,0.122860,0.139976,-0.017116,54.172010,8.495467,9.024247,7.966686,0.554269,0.186444,0.021799,0.006912,-0.006211,0.053080,0.080452,0.225219,0.364385,0.239466,-0.044445,-0.044445,0.536915,37495400.000000,422641539.000000,0.049110
2016-10-24,9.845000,9.930000,9.801000,9.898000,20647000,0.000000,0.000000,8.626464,8.700944,8.587910,8.672904,8.528632,8.273231,7.919003,7.237318,8.595260,8.474180,0.121079,0.136197,-0.015118,58.235400,8.528632,9.010200,8.047064,0.649794,0.183704,0.021181,0.014036,0.009382,0.078448,0.084135,0.241951,0.347170,0.238166,-0.031033,-0.031033,0.558487,37676400.000000,204364006.000000,0.045039
2016-10-25,9.914000,9.917000,9.791000,9.808000,22177000,0.000000,0.000000,8.686921,8.689550,8.579146,8.594041,8.553035,8.286617,7.932630,7.249543,8.595072,8.483059,0.112013,0.131360,-0.019347,54.797927,8.553035,8.992004,8.114065,0.546707,0.178468,0.020766,-0.009093,-0.013974,0.072968,0.070072,0.219715,0.326028,0.240869,-0.039844,-0.039844,0.544315,37945200.000000,217512016.000000,0.042135
2016-10-26,9.773000,9.868000,9.739000,9.787000,23556000,0.000000,0.000000,8.563373,8.646614,8.533581,8.575640,8.574634,8.301172,7.946493,7.261463,8.592083,8.489917,0.102166,0.125521,-0.023356,53.997033,8.574634,8.969040,8.180228,0.501276,0.173794,0.020266,-0.002141,-0.018552,0.057939,0.054932,0.260860,0.322660,0.239519,-0.041900,-0.041900,0.541009,38509250.000000,230542572.000000,0.036447
2016-10-27,9.859000,9.890000,9.652000,9.670000,23278000,0.000000,0.000000,8.638729,8.665892,8.457350,8.473122,8.589836,8.313066,7.958763,7.273894,8.573781,8.488673,0.085108,0.117439,-0.032330,49.643732,8.589836,8.939300,8.240373,0.333009,0.176276,0.020804,-0.011955,-0.002476,0.040456,0.080753,0.274486,0.295806,0.244748,-0.053353,-0.053353,0.522587,38121150.000000,225098260.000000,0.070323
2016-10-28,9.722000,9.780000,9.602000,9.621000,16037000,0.000000,0.000000,8.518687,8.569508,8.413540,8.430188,8.596408,8.322843,7.970236,7.284866,8.551690,8.484341,0.067349,0.107421,-0.040072,47.901973,8.596408,8.927272,8.265545,0.248809,0.174825,0.020738,-0.005067,-0.014343,0.031964,0.063196,0.264882,0.287540,0.245917,-0.058150,-0.058150,0.514872,37325850.000000,154291977.000000,0.062058
2016-10-31,9.691000,9.741000,9.636000,9.686000,20068000,0.000000,0.000000,8.491524,8.535335,8.443331,8.487143,8.606353,8.329812,7.982070,7.297852,8.541759,8.484548,0.057211,0.097379,-0.040168,50.388653,8.606353,8.908966,8.303740,0.303032,0.169848,0.020012,0.006756,-0.021419,0.022701,0.083024,0.287889,0.283545,0.241238,-0.051787,-0.051787,0.525106,37323000.000000,194378648.000000,0.073018
2016-11-01,9.716000,9.743000,9.509000,9.605000,25338000,0.000000,0.000000,8.513428,8.537086,8.332049,8.416166,8.611698,8.335344,7.994294,7.310700,8.522437,8.479483,0.042955,0.086494,-0.043539,47.355203,8.611698,8.895403,8.327993,0.155395,0.172362,0.020480,-0.008363,-0.020697,0.015435,0.061428,0.291271,0.272645,0.243388,-0.059717,-0.059717,0.512352,37246400.000000,243371490.000000,0.062622
2016-11-02,9.587000,9.663000,9.480000,9.585000,28461000,0.000000,0.000000,8.400396,8.466989,8.306639,8.398643,8.610296,8.339338,8.006684,7.322545,8.503392,8.473495,0.029897,0.075175,-0.045277,46.609182,8.610296,8.898098,8.322494,0.132294,0.171504,0.020420,-0.002082,-0.020640,0.010756,0.046083,0.286007,0.274321,0.243508,-0.061674,-0.061674,0.509203,37072300.000000,272798685.000000,0.057829
2016-11-03,9.587000,9.594000,9.494000,9.524000,23438000,0.000000,0.000000,8.400398,8.406531,8.318909,8.345196,8.588610,8.344341,8.018547,7.334752,8.479054,8.463991,0.015063,0.063152,-0.048089,44.315976,8.588610,8.888040,8.289179,0.093539,0.165512,0.019833,-0.006364,-0.015098,-0.009670,0.024712,0.279699,0.255195,0.239498,-0.067646,-0.067646,0.499599,33106900.000000,223223512.000000,0.055876
2016-11-04,9.435000,9.617000,9.369000,9.500000,22269000,0.000000,0.000000,8.267210,8.426683,8.209379,8.324164,8.565171,8.347613,8.029756,7.346594,8.455225,8.453633,0.001591,0.050840,-0.049249,43.410844,8.565171,8.870585,8.259757,0.105443,0.169212,0.020328,-0.002520,-0.012577,-0.051802,0.027972,0.281604,0.251057,0.183979,-0.069995,-0.069995,0.495820,31321800.000000,211555500.000000,0.059962
2016-11-07,9.648000,9.858000,9.646000,9.851000,36571000,0.000000,0.000000,8.453845,8.637853,8.452093,8.631720,8.549223,8.356391,8.043873,7.360285,8.482378,8.466825,0.015553,0.043783,-0.028230,57.182860,8.549223,8.797926,8.300520,0.665854,0.179532,0.020799,0.036947,0.017035,-0.018336,0.059440,0.306034,0.300148,0.229048,-0.035634,-0.035634,0.551086,31408100.000000,360260921.000000,0.070790
2016-11-08,9.851000,9.965000,9.791000,9.912000,15031000,0.000000,0.000000,8.631718,8.731608,8.579144,8.685167,8.547164,8.365311,8.058334,7.373923,8.513576,8.482999,0.030578,0.041142,-0.010564,59.048048,8.547164,8.790311,8.304016,0.783785,0.177598,0.020448,0.006192,0.031962,-0.029663,0.116004,0.320030,0.306499,0.220403,-0.029663,-0.029663,0.560690,29703350.000000,148987272.000000,0.118135
2016-11-09,9.679000,9.824000,9.628000,9.801000,19643000,0.000000,0.000000,8.481009,8.608063,8.436322,8.587909,8.544228,8.374662,8.070607,7.387613,8.525012,8.490770,0.034242,0.039762,-0.005519,54.403745,8.544228,8.783710,8.304746,0.591198,0.182687,0.021273,-0.011198,0.022535,-0.015865,0.106239,0.317621,0.301674,0.206391,-0.040529,-0.040529,0.543213,28705100.000000,192521043.000000,0.101903
2016-11-10,9.813000,9.944000,9.489000,9.597000,27073000,0.000000,0.000000,8.598421,8.713207,8.314523,8.409156,8.536517,8.379844,8.080761,7.399563,8.507188,8.484724,0.022464,0.036302,-0.013838,47.075169,8.536517,8.783226,8.289809,0.241878,0.198116,0.023560,-0.020814,0.007664,-0.027463,0.079690,0.299914,0.267943,0.216152,-0.060500,-0.060500,0.511092,28333050.000000,259819581.000000,0.084294
2016-11-11,9.582000,9.764000,9.510000,9.749000,16933000,0.000000,0.000000,8.396014,8.555488,8.332926,8.542344,8.533319,8.385402,8.091383,7.411165,8.512597,8.488992,0.023604,0.033763,-0.010158,52.237805,8.533319,8.777867,8.288771,0.518452,0.199862,0.023397,0.015838,0.026210,-0.002456,0.077934,0.336322,0.311587,0.221630,-0.045619,-0.045619,0.535026,27839250.000000,165079817.000000,0.082668
2016-11-14,9.780000,9.892000,9.751000,9.851000,17691000,0.000000,0.000000,8.569507,8.667645,8.544097,8.631720,8.535291,8.393219,8.101562,7.422855,8.530923,8.499565,0.031359,0.033282,-0.001923,55.383036,8.535291,8.782462,8.288119,0.695066,0.194536,0.022537,0.010463,0.000000,0.002952,0.099879,0.356211,0.323030,0.223982,-0.035634,-0.035634,0.551086,27620350.000000,174274041.000000,0.101546
2016-11-15,9.992000,10.146000,9.917000,10.112000,19964000,0.000000,0.000000,8.755268,8.890208,8.689551,8.860416,8.542520,8.406762,8.118307,7.436585,8.581615,8.526294,0.055320,0.037690,0.017631,62.235868,8.542520,8.818681,8.266358,1.075563,0.199104,0.022471,0.026495,0.020178,0.031206,0.124640,0.376523,0.325802,0.241533,-0.010083,-0.010083,0.592182,27175550.000000,201875968.000000,0.115659
2016-11-16,10.077000,10.129000,10.008000,10.124000,12919000,0.000000,0.000000,8.829746,8.875310,8.769287,8.870929,8.549179,8.419922,8.137184,7.449994,8.626124,8.551823,0.074301,0.045012,0.029290,62.520847,8.549179,8.850444,8.247914,1.033999,0.192455,0.021695,0.001187,0.032956,0.017794,0.117059,0.390374,0.321401,0.237002,-0.008909,-0.008909,0.594071,25680300.000000,130791956.000000,0.106672
2016-11-17,10.158000,10.385000,10.072000,10.380000,18394000,0.000000,0.000000,8.900723,9.099627,8.825367,9.095245,8.579234,8.438389,8.156810,7.464500,8.698297,8.592076,0.106220,0.057254,0.048967,68.059380,8.579234,8.965363,8.193104,1.168184,0.198299,0.021802,0.025287,0.081588,0.040915,0.117530,0.363067,0.343241,0.251581,0.000000,0.000000,0.634380,22639350.000000,190929720.000000,0.099282
2016-11-18,10.344000,10.725000,10.314000,10.471000,37095000,0.000000,0.000000,9.063698,9.397542,9.037412,9.174979,8.610340,8.462626,8.176771,7.480487,8.771633,8.635254,0.136378,0.073079,0.063300,69.769469,8.610340,9.078948,8.141731,1.102464,0.209858,0.022873,0.008767,0.074059,0.080153,0.127207,0.372511,0.363886,0.227569,0.000000,0.000000,0.648708,22329150.000000,388421745.000000,0.112542
2016-11-21,10.491000,10.629000,10.466000,10.624000,21359000,0.000000,0.000000,9.192506,9.313425,9.170600,9.309044,8.642147,8.485355,8.196448,7.498397,8.854311,8.685165,0.169146,0.092292,0.076854,72.441197,8.642147,9.205429,8.078865,1.091975,0.205070,0.022029,0.014612,0.078469,0.088413,0.135393,0.349526,0.375693,0.230452,0.000000,0.000000,0.672799,22364750.000000,226918016.000000,0.114713
2016-11-22,10.688000,10.737000,10.607000,10.671000,19796000,0.000000,0.000000,9.365124,9.408060,9.294150,9.350228,8.679956,8.511940,8.217480,7.516730,8.930606,8.734429,0.196177,0.113069,0.083108,73.224066,8.679956,9.325195,8.034717,1.019398,0.198558,0.021236,0.004424,0.055281,0.078097,0.155058,0.332798,0.406727,0.227641,0.000000,0.000000,0.680199,22245700.000000,211243116.000000,0.122733
2016-11-23,10.670000,10.706000,10.570000,10.695000,14553000,0.000000,0.000000,9.349351,9.380896,9.261728,9.371257,8.719737,8.538893,8.239674,7.535211,8.998399,8.781601,0.216797,0.133815,0.082983,73.635895,8.719737,9.432471,8.007003,0.957057,0.192888,0.020583,0.002249,0.056401,0.090437,0.148363,0.329201,0.404418,0.222962,0.000000,0.000000,0.683978,21795550.000000,155644335.000000,0.116039
2016-11-25,10.695000,10.772000,10.631000,10.754000,7896000,0.000000,0.000000,9.371258,9.438728,9.315179,9.422956,8.767228,8.563742,8.262325,7.554501,9.063715,8.829109,0.234606,0.153973,0.080633,74.667464,8.767228,9.535212,7.999245,0.926915,0.187935,0.019944,0.005517,0.036031,0.098805,0.150144,0.305122,0.412348,0.221782,0.000000,0.000000,0.693268,21026450.000000,84913584.000000,0.115654
2016-11-28,10.742000,10.804000,10.669000,10.677000,20463000,0.000000,0.000000,9.412440,9.466767,9.348476,9.355486,8.813493,8.587944,8.284230,7.572657,9.108603,8.868100,0.240503,0.171279,0.069224,70.775390,8.813493,9.607044,8.019943,0.841498,0.182960,0.019556,-0.007160,0.019674,0.104137,0.135494,0.298281,0.395914,0.217863,-0.007160,-0.007160,0.681144,21247750.000000,218483451.000000,0.109410
2016-11-29,10.729000,10.820000,10.657000,10.757000,22709000,0.000000,0.000000,9.401049,9.480785,9.337960,9.425583,8.860415,8.614967,8.304357,7.590499,9.157369,8.909395,0.247974,0.186618,0.061356,72.385867,8.860415,9.683158,8.037673,0.843466,0.180094,0.019107,0.007493,0.012519,0.118075,0.160734,0.302973,0.396121,0.215009,0.000000,0.000000,0.693740,21379800.000000,244280713.000000,0.130688
2016-11-30,10.755000,10.799000,10.600000,10.602000,18767000,0.000000,0.000000,9.423830,9.462384,9.288015,9.289767,8.904095,8.639571,8.321858,7.606939,9.177738,8.937571,0.240167,0.197328,0.042839,64.920921,8.904095,9.720264,8.087927,0.736270,0.179685,0.019342,-0.014409,-0.006466,0.094569,0.139841,0.276520,0.351973,0.225587,-0.014409,-0.014409,0.669335,21051250.000000,198967734.000000,0.118653
2016-12-01,10.565000,10.572000,9.779000,9.858000,67595000,0.000000,0.000000,9.257345,9.263479,8.568631,8.637853,8.916056,8.648842,8.331173,7.620761,9.094679,8.915369,0.179309,0.193724,-0.014415,42.346573,8.916056,9.707679,8.124433,0.324283,0.218360,0.025279,-0.070175,-0.078261,0.026341,0.045180,0.194510,0.272122,0.341513,-0.083574,-0.083574,0.552188,23007950.000000,666351510.000000,0.040608
2016-12-02,9.919000,10.152000,9.835000,10.049000,28442000,0.000000,0.000000,8.691304,8.895466,8.617701,8.805214,8.939057,8.662511,8.341829,7.634553,9.050146,8.907210,0.142936,0.183567,-0.040631,47.402962,8.939057,9.686331,8.191783,0.410446,0.222603,0.025281,0.019375,-0.065557,0.048409,0.068479,0.224754,0.334262,0.346755,-0.065818,-0.065818,0.582262,23258150.000000,285813658.000000,0.067384
2016-12-05,10.142000,10.280000,10.058000,10.240000,29873000,0.000000,0.000000,8.886703,9.007622,8.813100,8.972573,8.971477,8.681122,8.354805,7.648935,9.038211,8.912051,0.126160,0.172085,-0.045925,51.941969,8.971477,9.660412,8.282543,0.500795,0.221160,0.024649,0.019007,-0.040929,0.075178,0.096457,0.238255,0.337918,0.349721,-0.048062,-0.048062,0.612336,23638350.000000,305899520.000000,0.090206
2016-12-06,10.398000,10.398000,10.188000,10.305000,24204000,0.000000,0.000000,9.111015,9.111015,8.927008,9.029527,8.991368,8.701520,8.367766,7.664082,9.036875,8.920753,0.116122,0.160893,-0.044771,53.415307,8.991368,9.661720,8.321015,0.528462,0.218507,0.024199,0.006348,-0.042019,0.084737,0.099427,0.239839,0.337595,0.349084,-0.042019,-0.042019,0.622571,23020000.000000,249422220.000000,0.090141
2016-12-07,10.299000,10.655000,10.269000,10.655000,27800000,0.000000,0.000000,9.024270,9.336207,8.997984,9.336207,9.023920,8.726125,8.383112,7.680222,9.082926,8.951528,0.131399,0.154994,-0.023595,60.447029,9.023920,9.694894,8.352945,0.732712,0.227058,0.024320,0.033964,0.004999,0.081616,0.142478,0.278270,0.339848,0.345685,-0.009482,-0.009482,0.677680,23658450.000000,296209000.000000,0.116947
2016-12-08,10.610000,10.764000,10.575000,10.715000,12613000,0.000000,0.000000,9.296775,9.431715,9.266107,9.388780,9.063963,8.751027,8.398836,7.695779,9.129981,8.983917,0.146064,0.153208,-0.007144,61.519345,9.063963,9.720819,8.407108,0.747251,0.222669,0.023716,0.005631,0.086934,0.081013,0.179027,0.305131,0.383177,0.345646,-0.003905,-0.003905,0.687127,23306950.000000,135148295.000000,0.122169
2016-12-09,10.656000,10.720000,10.323000,10.409000,22276000,0.000000,0.000000,9.337085,9.393164,9.045301,9.120657,9.099538,8.770059,8.410384,7.709397,9.128546,8.994046,0.134501,0.149467,-0.014966,53.546220,9.099538,9.679658,8.519418,0.518202,0.231611,0.025394,-0.028558,0.035825,0.062035,0.116007,0.273892,0.314966,0.360157,-0.032351,-0.032351,0.638946,23067100.000000,231870884.000000,0.071377
2016-12-12,10.339000,10.438000,10.301000,10.363000,12616000,0.045000,0.000000,9.098654,9.185777,9.065213,9.119775,9.128410,8.786479,8.423575,7.723232,9.127197,9.003359,0.123838,0.144341,-0.020503,53.521647,9.128410,9.645860,8.610960,0.491656,0.223679,0.024527,-0.000097,0.016406,0.084505,0.136989,0.273924,0.333839,0.349810,-0.032444,-0.032444,0.638788,22851250.000000,130739608.000000,0.087080
2016-12-13,10.416000,10.486000,10.371000,10.406000,13706000,0.000000,0.000000,9.166417,9.228019,9.126816,9.157617,9.154705,8.803867,8.436506,7.736273,9.131877,9.014785,0.117092,0.138891,-0.021799,54.486730,9.154705,9.616317,8.693092,0.503155,0.215434,0.023525,0.004149,0.014186,0.072026,0.141333,0.271300,0.362342,0.347205,-0.028430,-0.028430,0.645588,22652000.000000,142624636.000000,0.085269
2016-12-14,10.398000,10.547000,10.367000,10.444000,14092000,0.000000,0.000000,9.150577,9.281702,9.123296,9.191059,9.171237,8.821503,8.449257,7.749923,9.140982,9.027843,0.113139,0.133741,-0.020601,55.368706,9.171237,9.611669,8.730805,0.522503,0.211360,0.022996,0.003652,-0.015547,0.064800,0.123538,0.273010,0.326774,0.346297,-0.024882,-0.024882,0.651597,22358400.000000,147176848.000000,0.087920
2016-12-15,10.462000,10.668000,10.401000,10.612000,14374000,0.000000,0.000000,9.206897,9.388184,9.153215,9.338902,9.194635,8.839747,8.462648,7.764173,9.171431,9.050884,0.120547,0.131102,-0.010555,59.138566,9.194635,9.617255,8.772016,0.670681,0.213047,0.022813,0.016086,-0.005313,0.054003,0.146523,0.290054,0.342741,0.339291,-0.009196,-0.009196,0.678164,22431150.000000,152536888.000000,0.106046
2016-12-16,10.610000,10.688000,10.428000,10.445000,26211000,0.000000,0.000000,9.337145,9.405787,9.176979,9.191939,9.199470,8.848007,8.474254,7.777923,9.174586,9.061333,0.113254,0.127532,-0.014279,54.234531,9.199470,9.619507,8.779434,0.491035,0.214172,0.023300,-0.015737,0.007815,0.036187,0.138399,0.248811,0.347639,0.345273,-0.024788,-0.024788,0.651755,22822000.000000,273773895.000000,0.099788
2016-12-19,10.673000,10.860000,10.653000,10.699000,22227000,0.000000,0.000000,9.392589,9.557155,9.374988,9.415470,9.211495,8.860458,8.487118,7.792350,9.211645,9.087565,0.124080,0.126842,-0.002762,59.707483,9.211495,9.642213,8.780777,0.736785,0.224961,0.023893,0.024318,0.032423,0.035208,0.168239,0.273438,0.410156,0.344463,-0.001073,-0.001073,0.691923,22078600.000000,237806673.000000,0.127011
2016-12-20,10.819000,10.819000,10.651000,10.685000,13103000,0.000000,0.000000,9.521069,9.521069,9.373223,9.403145,9.216200,8.869507,8.502749,7.807456,9.241107,9.110941,0.130165,0.127507,0.002659,59.286491,9.216200,9.653411,8.778988,0.713793,0.219453,0.023338,-0.001309,0.026811,0.024868,0.150326,0.257071,0.377729,0.343692,-0.002381,-0.002381,0.689708,21665800.000000,140005555.000000,0.114678
2016-12-21,10.668000,10.750000,10.641000,10.648000,11676000,0.000000,0.000000,9.388183,9.460345,9.364421,9.370582,9.217217,8.882392,8.517164,7.822195,9.261026,9.130174,0.130852,0.128176,0.002676,58.120498,9.217217,9.655835,8.778600,0.674827,0.210630,0.022478,-0.003463,0.019532,0.006611,0.153763,0.230733,0.348304,0.340626,-0.005835,-0.005835,0.683857,21259800.000000,124326048.000000,0.129059
2016-12-22,10.687000,10.819000,10.685000,10.769000,13865000,0.000000,0.000000,9.404907,9.521072,9.403147,9.477070,9.222508,8.899001,8.533570,7.836848,9.294264,9.155870,0.138394,0.130219,0.008174,60.833301,9.222508,9.671382,8.773634,0.783556,0.206334,0.021772,0.011364,0.014795,0.013566,0.178444,0.318845,0.359726,0.342467,0.000000,0.000000,0.702992,21225400.000000,149312185.000000,0.151743
2016-12-23,10.742000,10.812000,10.706000,10.806000,10003000,0.000000,0.000000,9.453306,9.514909,9.421626,9.509628,9.226842,8.917926,8.549375,7.851255,9.327397,9.182074,0.145322,0.133240,0.012082,61.651219,9.226842,9.685432,8.768251,0.808321,0.198259,0.020848,0.003435,0.034562,0.014765,0.187279,0.361774,0.364906,0.342552,0.000000,0.000000,0.708843,21330750.000000,108092418.000000,0.148249
2016-12-27,10.854000,10.955000,10.828000,10.903000,7937000,0.000000,0.000000,9.551871,9.640754,9.528990,9.594993,9.238817,8.937700,8.565038,7.865762,9.368565,9.212661,0.155904,0.137773,0.018132,63.786571,9.238817,9.723328,8.754306,0.867562,0.193464,0.020163,0.008977,0.019067,0.018257,0.183693,0.345229,0.383353,0.343345,0.000000,0.000000,0.724183,20704450.000000,86537111.000000,0.149441
2016-12-28,10.990000,11.035000,10.751000,10.757000,10963000,0.000000,0.000000,9.671556,9.711158,9.461229,9.466509,9.240863,8.955184,8.578264,7.879522,9.383633,9.231464,0.152169,0.140652,0.011517,58.506097,9.240863,9.729027,8.752699,0.731117,0.197497,0.020863,-0.013391,0.006739,0.011867,0.162439,0.318658,0.352660,0.345900,-0.013391,-0.013391,0.701094,20117150.000000,117928991.000000,0.139875
2016-12-29,10.748000,10.752000,10.638000,10.715000,12156000,0.000000,0.000000,9.458586,9.462105,9.361781,9.429544,9.247852,8.969458,8.591583,7.892815,9.390697,9.246137,0.144560,0.141434,0.003126,57.043002,9.247852,9.742918,8.752787,0.683503,0.190870,0.020242,-0.003905,0.006292,0.000420,0.154298,0.284445,0.357125,0.345372,-0.017243,-0.017243,0.694452,19786600.000000,130251540.000000,0.123375
2016-12-30,10.789000,10.997000,10.530000,10.573000,8979000,0.000000,0.000000,9.494671,9.677718,9.266743,9.304585,9.281189,8.980795,8.603154,7.904853,9.377449,9.250466,0.126982,0.138543,-0.011561,52.283139,9.281189,9.684614,8.877764,0.528997,0.206592,0.022203,-0.013252,-0.018200,0.001595,0.121203,0.283919,0.351788,0.344775,-0.030267,-0.030267,0.671997,16855800.000000,94934967.000000,0.107814
2017-01-03,10.668000,10.856000,10.579000,10.726000,19372000,0.000000,0.000000,9.388186,9.553631,9.309863,9.439227,9.312889,8.999697,8.619723,7.917493,9.386953,9.264449,0.122504,0.135335,-0.012831,56.495486,9.312889,9.653599,8.972180,0.685403,0.209625,0.022208,0.014471,-0.007403,0.092775,0.138870,0.319835,0.401165,0.233468,-0.016234,-0.016234,0.696192,16402300.000000,207784072.000000,0.114683
2017-01-04,10.761000,10.811000,10.691000,10.732000,12974000,0.000000,0.000000,9.470028,9.514030,9.408426,9.444508,9.336486,9.017530,8.636536,7.930013,9.395808,9.277786,0.118021,0.131873,-0.013851,56.657104,9.336486,9.641451,9.031521,0.677105,0.202195,0.021409,0.000559,-0.015684,0.072604,0.136623,0.319446,0.394414,0.227211,-0.015684,-0.015684,0.697141,15557350.000000,139236968.000000,0.101207
2017-01-05,10.752000,10.878000,10.707000,10.708000,16343000,0.000000,0.000000,9.462105,9.572989,9.422503,9.423384,9.356179,9.032539,8.652885,7.942244,9.400050,9.288571,0.111479,0.127794,-0.016315,55.764703,9.356179,9.626593,9.085765,0.624263,0.198501,0.021065,-0.002237,-0.004556,0.050243,0.118279,0.315211,0.478109,0.220697,-0.017885,-0.017885,0.693345,15164300.000000,175000844.000000,0.085939
2017-01-06,10.688000,10.788000,10.608000,10.760000,12036000,0.000000,0.000000,9.405787,9.493790,9.335384,9.469150,9.362826,9.050041,8.668329,7.955060,9.410681,9.301948,0.108733,0.123982,-0.015248,57.332725,9.362826,9.637673,9.087979,0.693424,0.195637,0.020660,0.004857,0.004200,0.048687,0.078623,0.277379,0.523606,0.220424,-0.013115,-0.013115,0.701569,14376100.000000,129507360.000000,0.038258
2017-01-09,10.780000,10.985000,10.779000,10.886000,14401000,0.000000,0.000000,9.486749,9.667156,9.485869,9.580032,9.372389,9.070129,8.685651,7.968640,9.436735,9.322546,0.114188,0.122023,-0.007835,60.944862,9.372389,9.663844,9.080934,0.856218,0.195806,0.020439,0.011710,0.029603,0.026116,0.089513,0.270631,0.568348,0.191846,-0.001559,-0.001559,0.721494,14465500.000000,156769286.000000,0.044275
2017-01-10,10.897000,10.899000,10.778000,10.847000,13177000,0.000000,0.000000,9.589711,9.591471,9.484987,9.545710,9.393641,9.091581,8.702323,7.981939,9.453500,9.339077,0.114423,0.120503,-0.006080,59.272169,9.393641,9.669373,9.117910,0.775755,0.189426,0.019844,-0.003583,0.011281,0.016715,0.066480,0.238674,0.552377,0.191879,-0.005136,-0.005136,0.715327,14010550.000000,142930919.000000,0.024603
2017-01-11,10.868000,10.900000,10.777000,10.899000,12718000,0.000000,0.000000,9.564192,9.592352,9.484109,9.591473,9.417226,9.114807,8.718825,7.994245,9.474727,9.357773,0.116954,0.119793,-0.002839,60.816393,9.417226,9.674394,9.160059,0.838781,0.183627,0.019145,0.004794,0.015561,0.051621,0.099139,0.239275,0.549120,0.159503,-0.000367,-0.000367,0.723550,14015650.000000,138613482.000000,0.038747
2017-01-12,10.874000,10.874000,10.680000,10.817000,9962000,0.000000,0.000000,9.569470,9.569470,9.398745,9.519309,9.435311,9.135450,8.732631,8.006081,9.481586,9.369739,0.111847,0.118204,-0.006357,57.137389,9.435311,9.665013,9.205609,0.682841,0.184277,0.019358,-0.007524,0.010179,0.043810,0.100929,0.240308,0.589990,0.163032,-0.007888,-0.007888,0.710582,13828450.000000,107758954.000000,0.042049
2017-01-13,10.871000,11.110000,10.863000,11.054000,14986000,0.000000,0.000000,9.566832,9.777159,9.559791,9.727878,9.462152,9.161684,8.748514,8.018781,9.519477,9.396268,0.123209,0.119205,0.004004,63.929115,9.462152,9.697077,9.227227,1.065554,0.189533,0.019483,0.021910,0.027323,0.062272,0.135987,0.257893,0.560014,0.176875,0.000000,0.000000,0.748061,13873150.000000,165655244.000000,0.066781
2017-01-17,11.033000,11.060000,10.846000,10.910000,15027000,0.000000,0.000000,9.709397,9.733159,9.544831,9.601153,9.475264,9.185734,8.762536,8.030705,9.532042,9.411444,0.120598,0.119484,0.001114,57.923550,9.475264,9.710500,9.240029,0.767580,0.189447,0.019732,-0.013027,0.002205,0.044619,0.115595,0.230667,0.630089,0.185266,-0.013027,-0.013027,0.725289,13905800.000000,163944570.000000,0.053347
2017-01-18,10.996000,11.129000,10.933000,11.124000,17156000,0.000000,0.000000,9.676835,9.793879,9.621392,9.789478,9.505141,9.214620,8.779480,8.043643,9.571648,9.439447,0.132201,0.122027,0.010174,63.422718,9.505141,9.740647,9.269636,1.103673,0.189681,0.019376,0.019615,0.025537,0.048247,0.139333,0.252422,0.674382,0.188979,0.000000,0.000000,0.759131,13453050.000000,190843344.000000,0.070902
2017-01-19,11.139000,11.241000,11.050000,11.084000,18704000,0.000000,0.000000,9.802677,9.892441,9.724355,9.754275,9.522082,9.243222,8.795418,8.056872,9.599744,9.462767,0.136977,0.125017,0.011960,61.796867,9.522082,9.778262,9.265901,0.953183,0.188138,0.019288,-0.003596,0.016974,0.061177,0.119144,0.224522,0.617761,0.178772,-0.003596,-0.003596,0.752805,13276900.000000,207315136.000000,0.062651
2017-01-20,11.191000,11.283000,11.134000,11.235000,17275000,0.000000,0.000000,9.848442,9.929405,9.798280,9.887163,9.546283,9.268331,8.812361,8.070360,9.643963,9.494204,0.149759,0.129965,0.019793,65.402424,9.546283,9.843342,9.249223,1.073758,0.187209,0.018935,0.013624,0.038643,0.050098,0.131546,0.267469,0.674705,0.166004,0.000000,0.000000,0.776684,13485500.000000,194084625.000000,0.072664
2017-01-23,11.301000,11.411000,11.221000,11.277000,25202000,0.000000,0.000000,9.945245,10.042049,9.874842,9.924125,9.573960,9.293110,8.829211,8.084642,9.687065,9.526050,0.161014,0.136175,0.024839,66.353611,9.573960,9.903468,9.244452,1.031346,0.185780,0.018720,0.003738,0.020174,0.055405,0.168348,0.261893,0.666289,0.165510,0.000000,0.000000,0.783326,14161800.000000,284202954.000000,0.108997
2017-01-24,11.310000,11.485000,11.310000,11.464000,17293000,0.000000,0.000000,9.953169,10.107174,9.953169,10.088694,9.604541,9.323126,8.848894,8.099791,9.748854,9.567727,0.181126,0.145165,0.035961,70.272446,9.604541,10.002587,9.206495,1.108162,0.185585,0.018395,0.016583,0.050779,0.076635,0.179570,0.274469,0.711856,0.170708,0.000000,0.000000,0.812899,14333200.000000,198246952.000000,0.114222
2017-01-25,11.654000,11.721000,11.452000,11.692000,34975000,0.000000,0.000000,10.255899,10.314860,10.078132,10.289340,9.643527,9.360730,8.870287,8.115829,9.832005,9.621180,0.210825,0.158297,0.052528,74.215592,9.643527,10.142396,9.144657,1.147277,0.189238,0.018392,0.019888,0.051061,0.085709,0.186378,0.286193,0.727107,0.178005,0.000000,0.000000,0.848954,15581800.000000,408927700.000000,0.121120
2017-01-26,11.503000,11.616000,11.286000,11.433000,37892000,0.000000,0.000000,10.123013,10.222456,9.932046,10.061410,9.666847,9.391111,8.888257,8.130719,9.867298,9.653790,0.213509,0.169340,0.044169,63.853981,9.666847,10.198683,9.135012,0.870944,0.201242,0.020001,-0.022152,0.031487,0.058024,0.170743,0.252778,0.719873,0.199739,-0.022152,-0.022152,0.807996,17079550.000000,433219236.000000,0.100375
2017-01-27,11.562000,11.914000,11.535000,11.824000,36180000,0.000000,0.000000,10.174933,10.484704,10.151172,10.405501,9.713797,9.426587,8.909903,8.146717,9.950099,9.709472,0.240627,0.183597,0.057030,70.540675,9.713797,10.330225,9.097369,1.061059,0.217103,0.020864,0.034199,0.052425,0.084472,0.213379,0.280032,0.728750,0.226888,0.000000,0.000000,0.869828,18340400.000000,427792320.000000,0.135191
2017-01-30,11.678000,11.700000,11.472000,11.600000,26173000,0.000000,0.000000,10.277019,10.296380,10.095733,10.208377,9.752739,9.453546,8.930154,8.162250,9.989834,9.746428,0.243406,0.195559,0.047847,63.314551,9.752739,10.391553,9.113924,0.856628,0.223722,0.021916,-0.018944,0.028643,0.078368,0.204795,0.302086,0.640718,0.232975,-0.018944,-0.018944,0.834405,19041250.000000,303606800.000000,0.128541
2017-01-31,11.596000,11.636000,11.452000,11.486000,23845000,0.000000,0.000000,10.204854,10.240055,10.078129,10.108050,9.792912,9.478288,8.949105,8.177269,10.008021,9.773215,0.234806,0.203408,0.031398,59.948600,9.792912,10.413866,9.171957,0.753753,0.219308,0.021696,-0.009828,0.001919,0.071955,0.199030,0.274804,0.606025,0.236291,-0.028586,-0.028586,0.816377,19784550.000000,273883670.000000,0.117203
2017-02-01,11.591000,11.776000,11.552000,11.774000,21155000,0.000000,0.000000,10.200455,10.363262,10.166134,10.361502,9.839026,9.503613,8.971001,8.193373,10.062403,9.816792,0.245611,0.211849,0.033762,65.009391,9.839026,10.485831,9.192220,0.903890,0.221873,0.021413,0.025074,0.007013,0.113591,0.220847,0.322207,0.694599,0.239497,-0.004228,-0.004228,0.861921,19873700.000000,249078970.000000,0.133451
2017-02-02,11.750000,11.795000,11.614000,11.723000,12034000,0.000000,0.000000,10.340380,10.379982,10.220696,10.316619,9.882631,9.526446,8.994536,8.208943,10.101513,9.853816,0.247697,0.219018,0.028679,63.479690,9.882631,10.535015,9.230247,0.832617,0.217402,0.021073,-0.004332,0.025365,0.092952,0.225810,0.301108,0.666938,0.239227,-0.008542,-0.008542,0.853856,19826700.000000,141074582.000000,0.132162
2017-02-03,11.750000,11.817000,11.691000,11.765000,11287000,0.000000,0.000000,10.340381,10.399343,10.288459,10.353581,9.929141,9.547337,9.016346,8.224742,10.140293,9.890836,0.249457,0.225106,0.024351,64.226231,9.929141,10.576280,9.282002,0.827936,0.209794,0.020263,0.003583,-0.004990,0.096254,0.232768,0.289578,0.671507,0.238853,-0.004990,-0.004990,0.860498,19573900.000000,132791555.000000,0.122849
2017-02-06,11.800000,11.800000,11.684000,11.716000,11389000,0.000000,0.000000,10.384382,10.384382,10.282298,10.310459,9.971206,9.566542,9.039241,8.241129,10.166472,9.921919,0.244553,0.228996,0.015558,62.618008,9.971206,10.601606,9.340807,0.769077,0.202100,0.019601,-0.004165,0.010000,0.094136,0.235496,0.266028,0.724881,0.239629,-0.009134,-0.009134,0.852749,19541550.000000,133433524.000000,0.115866
2017-02-07,11.788000,11.788000,11.615000,11.700000,35541000,0.000000,0.000000,10.373822,10.373822,10.221576,10.296379,10.007024,9.585044,9.061968,8.257521,10.186458,9.949657,0.236801,0.230557,0.006244,62.071478,10.007024,10.625124,9.388923,0.734068,0.198539,0.019282,-0.001366,0.018632,0.087360,0.236926,0.271526,0.797860,0.240448,-0.010487,-0.010487,0.850219,20598550.000000,415829700.000000,0.112510
2017-02-08,11.750000,11.751000,11.570000,11.587000,23344000,0.000000,0.000000,10.340382,10.341262,10.181976,10.196937,10.039585,9.600524,9.082133,8.273602,10.188070,9.967974,0.220096,0.228465,-0.008368,58.207407,10.039585,10.623002,9.456169,0.634854,0.195735,0.019196,-0.009658,-0.015882,0.064395,0.181333,0.251552,0.794071,0.243309,-0.020044,-0.020044,0.832349,21106900.000000,270486928.000000,0.081398
2017-02-09,11.646000,11.646000,11.574000,11.600000,13572000,0.000000,0.000000,10.248858,10.248858,10.185496,10.208377,10.070430,9.617581,9.102763,8.289728,10.191194,9.985781,0.205413,0.223854,-0.018441,58.527265,10.070430,10.618237,9.522624,0.625908,0.186280,0.018248,0.001122,-0.010492,0.069420,0.175381,0.311730,0.798827,0.242228,-0.018944,-0.018944,0.834405,21149600.000000,157435200.000000,0.074930
2017-02-10,11.657000,11.658000,11.495000,11.599000,15428000,0.000000,0.000000,10.258535,10.259416,10.115970,10.207494,10.104840,9.633220,9.124093,8.305535,10.193702,10.002204,0.191497,0.217383,-0.025886,58.490055,10.104840,10.589729,9.619950,0.605853,0.183221,0.017950,-0.000086,-0.014110,0.064226,0.188589,0.314863,0.834247,0.242441,-0.019029,-0.019029,0.783149,21422900.000000,178949372.000000,0.096596
2017-02-13,11.702000,11.767000,11.617000,11.626000,9434000,0.000000,0.000000,10.298139,10.355342,10.223336,10.231257,10.130009,9.652049,9.145810,8.322684,10.199480,10.019171,0.180308,0.209968,-0.029660,59.241069,10.130009,10.583770,9.676247,0.611566,0.180694,0.017661,0.002328,-0.007682,0.074790,0.216681,0.313638,0.787300,0.239395,-0.016745,-0.016745,0.746836,21145300.000000,109679684.000000,0.110099
2017-02-14,11.600000,11.627000,11.469000,11.563000,12144000,0.000000,0.000000,10.208376,10.232137,10.093092,10.175815,10.158742,9.682809,9.165825,8.340322,10.195839,10.030775,0.165064,0.200987,-0.035923,56.665137,10.158742,10.538193,9.779291,0.522497,0.177719,0.017465,-0.005419,-0.011709,0.046047,0.191220,0.284057,0.737370,0.231575,-0.022074,-0.022074,0.732499,21001150.000000,140421072.000000,0.087068
2017-02-15,11.589000,11.637000,11.503000,11.623000,13444000,0.000000,0.000000,10.198694,10.240936,10.123012,10.228616,10.180699,9.711277,9.186894,8.358141,10.200881,10.045429,0.155452,0.191880,-0.036428,58.515208,10.180699,10.518744,9.842653,0.570874,0.173448,0.016957,0.005189,0.003107,0.065353,0.185003,0.303361,0.704270,0.224939,-0.016999,-0.016999,0.741488,20815550.000000,156259612.000000,0.069826
2017-02-16,11.680000,11.683000,11.320000,11.457000,31087000,0.000000,0.000000,10.278777,10.281416,9.961965,10.082529,10.197111,9.733476,9.207299,8.375604,10.182673,10.048178,0.134496,0.180403,-0.045907,51.911758,10.197111,10.474398,9.919825,0.293386,0.183877,0.018237,-0.014282,-0.012328,0.029935,0.137930,0.279761,0.716616,0.224255,-0.031039,-0.031039,0.680415,21434700.000000,356163759.000000,0.035708
2017-02-17,11.429000,11.490000,11.365000,11.490000,21121000,0.000000,0.000000,10.057892,10.111574,10.001570,10.111574,10.208332,9.755117,9.228319,8.393573,10.171735,10.052874,0.118861,0.168095,-0.049234,53.046290,10.208332,10.448484,9.968180,0.298549,0.178600,0.017663,0.002881,-0.009397,0.036630,0.139855,0.273285,0.672212,0.223522,-0.028247,-0.028247,0.685256,21627000.000000,242680290.000000,0.037109
2017-02-21,11.490000,11.796000,11.482000,11.782000,23757000,0.000000,0.000000,10.111573,10.380863,10.104534,10.368543,10.230553,9.775763,9.250944,8.412762,10.202013,10.076257,0.125757,0.159627,-0.033871,61.663783,10.230553,10.440297,10.020808,0.828948,0.185581,0.017898,0.025413,0.013418,0.048687,0.139996,0.273980,0.700813,0.234820,-0.003552,-0.003552,0.728084,21554750.000000,279904974.000000,0.040262
2017-02-22,11.763000,11.859000,11.701000,11.858000,16106000,0.000000,0.000000,10.351821,10.436304,10.297259,10.435424,10.247889,9.796696,9.273862,8.432333,10.237923,10.102862,0.135061,0.154714,-0.019653,63.539389,10.247889,10.465437,10.030341,0.931020,0.182257,0.017465,0.006450,0.025512,0.051521,0.137379,0.282061,0.739230,0.235207,0.000000,0.000000,0.708384,21495400.000000,190984948.000000,0.036069
2017-02-23,11.928000,11.931000,11.652000,11.773000,13509000,0.000000,0.000000,10.497028,10.499668,10.254139,10.360622,10.251453,9.821496,9.295777,8.451661,10.256799,10.121955,0.134844,0.150740,-0.015896,60.003458,10.251453,10.474135,10.028771,0.745122,0.186776,0.018028,-0.007168,0.012906,0.026954,0.112963,0.263650,0.696138,0.231651,-0.007168,-0.007168,0.650474,20422100.000000,159041457.000000,0.026045
2017-02-24,11.663000,11.881000,11.570000,11.879000,12681000,0.000000,0.000000,10.263818,10.455665,10.181975,10.453905,10.271078,9.848178,9.317329,8.470885,10.287123,10.146544,0.140580,0.148708,-0.008128,62.784804,10.271078,10.492417,10.049739,0.913002,0.192984,0.018461,0.009004,0.036834,0.015994,0.118037,0.291398,0.665334,0.223615,0.000000,0.000000,0.645568,19161550.000000,150637599.000000,0.032829
2017-02-27,11.827000,11.940000,11.777000,11.929000,16313000,0.000000,0.000000,10.408145,10.507589,10.364144,10.497909,10.275698,9.874984,9.339425,8.490477,10.319552,10.172571,0.146981,0.148363,-0.001382,64.054646,10.275698,10.512192,10.039205,0.969803,0.189446,0.018046,0.004209,0.038207,0.043383,0.120224,0.286424,0.641077,0.207515,0.000000,0.000000,0.652495,18168200.000000,194597777.000000,0.030789
2017-02-28,11.903000,11.942000,11.815000,11.854000,23343000,0.000000,0.000000,10.475026,10.509348,10.397583,10.431905,10.286875,9.899801,9.360652,8.510047,10.336837,10.191781,0.145056,0.147701,-0.002645,60.708523,10.286875,10.530977,10.042772,0.797068,0.183897,0.017628,-0.006287,0.006111,0.002538,0.107074,0.273294,0.642105,0.173171,-0.006287,-0.006287,0.639055,18026700.000000,276707922.000000,0.028073
2017-03-01,11.897000,11.991000,11.831000,11.967000,23292000,0.000000,0.000000,10.469746,10.552469,10.411664,10.531348,10.308040,9.923650,9.381699,8.530359,10.366762,10.216934,0.149828,0.148127,0.001701,63.778573,10.308040,10.560131,10.055948,0.942911,0.180819,0.017170,0.009533,0.009192,0.031638,0.125687,0.278210,0.607962,0.161238,0.000000,0.000000,0.654679,17999050.000000,278735364.000000,0.025996
2017-03-02,11.894000,11.952000,11.810000,11.848000,11032000,0.000000,0.000000,10.467107,10.518149,10.393185,10.426625,10.311296,9.948344,9.398175,8.550530,10.375971,10.232467,0.143505,0.147202,-0.003697,58.586979,10.311296,10.567936,10.054656,0.724690,0.177772,0.017050,-0.009944,0.006371,0.031517,0.106205,0.284010,0.613755,0.161341,-0.009944,-0.009944,0.638225,17492900.000000,130707136.000000,0.016742
2017-03-03,11.833000,11.884000,11.751000,11.862000,10085000,0.000000,0.000000,10.413424,10.458305,10.341261,10.438945,10.317412,9.968813,9.414635,8.570902,10.385660,10.247761,0.137898,0.145342,-0.007443,59.009706,10.317412,10.580340,10.054484,0.731114,0.173435,0.016614,0.001182,-0.001431,0.007474,0.123704,0.280844,0.608755,0.136762,-0.008774,-0.008774,0.640161,17395450.000000,119628270.000000,0.020942
2017-03-06,11.729000,11.845000,11.640000,11.836000,14058000,0.045000,0.000000,10.361205,10.463678,10.282584,10.455728,10.322520,9.989865,9.429686,8.590996,10.396439,10.263166,0.133273,0.142928,-0.009655,59.614480,10.322520,10.592285,10.052754,0.746897,0.173982,0.016640,0.001608,-0.004018,0.013484,0.210454,0.265143,0.623048,0.135722,-0.007180,-0.007180,0.642798,17534000.000000,166390488.000000,0.096560
2017-03-07,11.837000,11.890000,11.717000,11.743000,14372000,0.000000,0.000000,10.456613,10.503433,10.350607,10.373575,10.325675,10.009925,9.446158,8.610963,10.392922,10.271345,0.121577,0.138658,-0.017081,55.312454,10.325675,10.596322,10.055028,0.588491,0.172471,0.016626,-0.007857,-0.005592,0.001931,0.178117,0.258794,0.588622,0.138391,-0.014981,-0.014981,0.629890,17683150.000000,168770396.000000,0.068087
2017-03-08,11.777000,11.829000,11.725000,11.773000,8267000,0.000000,0.000000,10.403607,10.449543,10.357671,10.400073,10.330860,10.028385,9.463693,8.629600,10.394022,10.280880,0.113142,0.133555,-0.020413,56.405227,10.330860,10.603112,10.058608,0.627112,0.166714,0.016030,0.002554,-0.012465,0.008692,0.159096,0.270899,0.629597,0.137721,-0.012465,-0.012465,0.634054,16319450.000000,97327391.000000,0.059516
2017-03-09,11.750000,11.809000,11.694000,11.755000,7229000,0.000000,0.000000,10.379759,10.431879,10.330290,10.384176,10.340222,10.045876,9.481901,8.648097,10.392507,10.288532,0.103976,0.127639,-0.023663,55.527940,10.340222,10.605881,10.074563,0.582726,0.162062,0.015607,-0.001529,-0.004071,0.008527,0.150024,0.264368,0.616745,0.137749,-0.013975,-0.013975,0.631556,15513700.000000,84976895.000000,0.055179
2017-03-10,11.837000,12.088000,11.837000,12.060000,18991000,0.000000,0.000000,10.456611,10.678341,10.456611,10.653606,10.362483,10.067048,9.502374,8.666875,10.432676,10.315574,0.117102,0.125531,-0.008429,65.361258,10.362483,10.654894,10.070072,0.997797,0.171498,0.016098,0.025946,0.020563,0.044785,0.141106,0.303689,0.627386,0.158513,0.000000,0.000000,0.673889,15784650.000000,229031460.000000,0.054345
2017-03-13,12.060000,12.265000,12.000000,12.240000,18040000,0.000000,0.000000,10.653606,10.834700,10.600603,10.812614,10.392739,10.093970,9.524577,8.685861,10.491128,10.352392,0.138736,0.128172,0.010564,69.629271,10.392739,10.738064,10.047415,1.107942,0.175969,0.016274,0.014925,0.034133,0.059190,0.151653,0.357829,0.631292,0.164500,0.000000,0.000000,0.698872,15915250.000000,220809600.000000,0.067032
2017-03-14,12.207000,12.255000,12.117000,12.235000,12561000,0.000000,0.000000,10.783462,10.825865,10.703958,10.808197,10.421586,10.121543,9.545501,8.704650,10.539908,10.386155,0.153753,0.133288,0.020464,69.373559,10.421586,10.804461,10.038712,1.004878,0.172108,0.015924,-0.000409,0.041897,0.058849,0.185024,0.322496,0.614726,0.164575,-0.000409,-0.000409,0.698178,16071600.000000,153683835.000000,0.109293
2017-03-15,12.254000,12.449000,12.225000,12.417000,26203000,0.000000,0.000000,10.824982,10.997243,10.799365,10.968974,10.461244,10.154831,9.567813,8.723395,10.605918,10.429327,0.176591,0.141949,0.034642,73.227686,10.461244,10.897519,10.024970,1.081893,0.173948,0.015858,0.014875,0.054702,0.072104,0.202768,0.367534,0.633649,0.169800,0.000000,0.000000,0.723439,16774550.000000,325362651.000000,0.112698
2017-03-16,12.450000,12.621000,12.417000,12.597000,21504000,0.000000,0.000000,10.998127,11.149186,10.968976,11.127985,10.506213,10.188606,9.594151,8.743005,10.686236,10.481079,0.205157,0.154591,0.050566,76.391981,10.506213,11.020038,9.992388,1.105043,0.174396,0.015672,0.014496,0.071629,0.093572,0.215162,0.386904,0.643486,0.170816,0.000000,0.000000,0.748423,17177550.000000,270885888.000000,0.135194
2017-03-17,12.687000,12.744000,12.616000,12.648000,19718000,0.000000,0.000000,11.207491,11.257844,11.144771,11.173038,10.560738,10.223177,9.620353,8.762700,10.761129,10.532336,0.228793,0.169431,0.059362,77.213741,10.560738,11.115101,10.006375,1.052255,0.171214,0.015324,0.004049,0.048756,0.092331,0.215642,0.365820,0.619951,0.170789,0.000000,0.000000,0.755501,16609100.000000,249393264.000000,0.130235
2017-03-20,12.664000,12.766000,12.633000,12.686000,14134000,0.000000,0.000000,11.187167,11.277273,11.159783,11.206602,10.615490,10.258841,9.645690,8.782346,10.829663,10.582281,0.247382,0.185021,0.062361,77.832799,10.615490,11.198621,10.032358,1.006843,0.167377,0.014936,0.003004,0.036438,0.111487,0.199991,0.375817,0.621545,0.157078,0.000000,0.000000,0.760775,16259750.000000,179303924.000000,0.118501
2017-03-21,12.726000,12.764000,12.400000,12.427000,18545000,0.000000,0.000000,11.241940,11.275508,10.953956,10.977808,10.645953,10.289014,9.669528,8.801079,10.852455,10.611580,0.240875,0.196192,0.044683,64.890909,10.645953,11.238349,10.053557,0.780096,0.178390,0.016250,-0.020416,0.015693,0.085668,0.194286,0.359575,0.581668,0.180235,-0.020416,-0.020416,0.724827,15999150.000000,230458715.000000,0.128688
2017-03-22,12.408000,12.543000,12.396000,12.540000,12229000,0.000000,0.000000,10.961022,11.080279,10.950422,11.077629,10.678063,10.318966,9.694548,8.820520,10.887097,10.646102,0.240995,0.205153,0.035842,67.435084,10.678063,11.291652,10.064475,0.825597,0.174923,0.015791,0.009093,0.009906,0.068388,0.176535,0.374474,0.587690,0.163912,-0.011509,-0.011509,0.740511,15805300.000000,153351660.000000,0.109800
2017-03-23,12.525000,12.628000,12.482000,12.535000,11623000,0.000000,0.000000,11.064380,11.155369,11.026395,11.073214,10.713693,10.349516,9.720549,8.839656,10.915730,10.677740,0.237991,0.211720,0.026270,67.203125,10.713693,11.332404,10.094981,0.790540,0.171641,0.015501,-0.000399,-0.004922,0.061118,0.177607,0.354632,0.603456,0.163920,-0.011903,-0.011903,0.739817,15711000.000000,145694305.000000,0.116748
2017-03-24,12.716000,12.935000,12.672000,12.747000,19983000,0.000000,0.000000,11.233104,11.426565,11.194235,11.260489,10.754022,10.382897,9.748852,8.859544,10.968770,10.720906,0.247864,0.218949,0.028915,71.656699,10.754022,11.405706,10.102338,0.888583,0.184620,0.016395,0.016912,0.007827,0.086855,0.201685,0.386460,0.640496,0.166527,0.000000,0.000000,0.769242,16076100.000000,254723301.000000,0.136380
2017-03-27,12.602000,12.839000,12.565000,12.780000,13431000,0.000000,0.000000,11.132400,11.341761,11.099714,11.289641,10.793609,10.418303,9.776877,8.879473,11.018135,10.763035,0.255100,0.226179,0.028921,72.287547,10.793609,11.475284,10.111933,0.863833,0.188722,0.016716,0.002589,0.007410,0.079945,0.191259,0.403831,0.639547,0.165591,0.000000,0.000000,0.773822,15932000.000000,171648180.000000,0.119123
2017-03-28,12.749000,12.855000,12.714000,12.775000,12393000,0.000000,0.000000,11.262258,11.355896,11.231340,11.285226,10.836275,10.449450,9.805567,8.899931,11.059226,10.801716,0.257510,0.232445,0.025065,72.026083,10.836275,11.529351,10.143198,0.823883,0.184139,0.016317,-0.000391,0.028004,0.074998,0.186716,0.408962,0.582702,0.166186,-0.000391,-0.000391,0.773128,15384500.000000,158320575.000000,0.111213
2017-03-29,12.775000,12.800000,12.716000,12.788000,9668000,0.000000,0.000000,11.285224,11.307309,11.233104,11.296708,10.874543,10.483361,9.834548,8.920616,11.095761,10.838382,0.257380,0.237432,0.019948,72.306623,10.874543,11.581116,10.167969,0.798741,0.176286,0.015605,0.001017,0.019777,0.082900,0.177354,0.393626,0.579493,0.162653,0.000000,0.000000,0.774932,14703300.000000,123634384.000000,0.102618
2017-03-30,12.790000,12.915000,12.790000,12.870000,9267000,0.000000,0.000000,11.298478,11.408901,11.298478,11.369148,10.921669,10.514955,9.864787,8.941667,11.137821,10.877698,0.260123,0.241970,0.018153,74.073213,10.921669,11.628181,10.215157,0.816682,0.171708,0.015103,0.006412,0.026725,0.079553,0.200986,0.396073,0.581731,0.161635,0.000000,0.000000,0.786314,14615050.000000,119266290.000000,0.113504
2017-03-31,12.829000,12.900000,12.801000,12.836000,12756000,0.000000,0.000000,11.332929,11.395648,11.308193,11.339112,10.966677,10.546651,9.894937,8.962346,11.168789,10.911877,0.256912,0.244959,0.011953,72.021713,10.966677,11.658239,10.275115,0.769271,0.165690,0.014612,-0.002642,0.006982,0.087515,0.202509,0.388054,0.571275,0.155740,-0.002642,-0.002642,0.781595,14748600.000000,163736016.000000,0.114210
2017-04-03,12.862000,12.898000,12.755000,12.842000,11490000,0.000000,0.000000,11.362079,11.393880,11.267557,11.344411,11.011111,10.575796,9.922064,8.982969,11.195808,10.943916,0.251891,0.246345,0.005546,72.168163,11.011111,11.678211,10.344012,0.749813,0.162878,0.014358,0.000467,0.004851,0.086739,0.219228,0.367002,0.575239,0.155926,-0.002176,-0.002176,0.782427,14620200.000000,147554580.000000,0.124198
2017-04-04,12.798000,12.893000,12.764000,12.889000,9960000,0.000000,0.000000,11.305543,11.389463,11.275507,11.385930,11.061729,10.605032,9.949071,9.003702,11.225057,10.976658,0.248399,0.246756,0.001643,73.345435,11.061729,11.676742,10.446716,0.763572,0.159384,0.013998,0.003660,0.008924,0.088966,0.206235,0.373745,0.601713,0.155688,0.000000,0.000000,0.788951,14399600.000000,128374440.000000,0.119751
2017-04-05,12.950000,13.013000,12.767000,12.777000,13753000,0.000000,0.000000,11.439818,11.495471,11.278159,11.286993,11.106075,10.628998,9.976062,9.023335,11.234586,10.999646,0.234940,0.244393,-0.009453,66.163372,11.106075,11.643176,10.568974,0.668421,0.163522,0.014488,-0.008689,-0.000860,0.088052,0.195085,0.358362,0.569921,0.156519,-0.008689,-0.008689,0.773406,14673900.000000,175722081.000000,0.124339
2017-04-06,12.769000,12.891000,12.684000,12.886000,13100000,0.000000,0.000000,11.279926,11.387699,11.204839,11.383282,11.156030,10.650877,10.005803,9.043282,11.257462,11.028063,0.229399,0.241394,-0.011995,69.312828,11.156030,11.585489,10.726572,0.764579,0.164903,0.014486,0.008531,0.001243,0.094539,0.207982,0.350862,0.610606,0.157156,-0.000233,-0.000233,0.788535,14967450.000000,168806600.000000,0.136733
2017-04-07,12.883000,12.982000,12.820000,12.930000,6957000,0.000000,0.000000,11.380634,11.468089,11.324980,11.422153,11.194458,10.678092,10.034602,9.062992,11.282799,11.057255,0.225544,0.238224,-0.012680,70.506298,11.194458,11.568601,10.820314,0.804289,0.163346,0.014301,0.003415,0.007323,0.099958,0.206249,0.301088,0.618098,0.155750,0.000000,0.000000,0.794642,14365750.000000,89954010.000000,0.141633
2017-04-10,12.907000,12.975000,12.835000,12.880000,10264000,0.000000,0.000000,11.401832,11.461903,11.338229,11.377981,11.222726,10.697542,10.062064,9.081813,11.297443,11.081013,0.216430,0.233865,-0.017435,67.303016,11.222726,11.558901,10.886551,0.730914,0.160512,0.014107,-0.003867,0.002959,0.067993,0.187677,0.293990,0.606692,0.137410,-0.003867,-0.003867,0.787702,13976950.000000,132200320.000000,0.124567
2017-04-11,12.836000,12.878000,12.533000,12.723000,15669000,0.000000,0.000000,11.339110,11.376212,11.071445,11.239287,11.244281,10.718160,10.085853,9.102080,11.288496,11.092737,0.195759,0.226244,-0.030485,58.340449,11.244281,11.518032,10.970529,0.490879,0.170943,0.015209,-0.012190,-0.012879,0.039461,0.177418,0.255692,0.586716,0.140263,-0.016010,-0.016010,0.765910,14132350.000000,199356687.000000,0.120688
2017-04-12,12.746000,12.767000,12.551000,12.616000,12909000,0.000000,0.000000,11.259606,11.278157,11.087345,11.144766,11.253070,10.738894,10.108591,9.122887,11.266383,11.096591,0.169793,0.214954,-0.045161,53.146171,11.253070,11.499531,11.006610,0.280281,0.172362,0.015466,-0.008410,-0.012601,0.031140,0.161945,0.277139,0.546583,0.144582,-0.024285,-0.024285,0.751059,13467650.000000,162859944.000000,0.112965
2017-04-13,12.580000,12.728000,12.491000,12.517000,13629000,0.000000,0.000000,11.112964,11.243705,11.034343,11.057311,11.249536,10.752810,10.128212,9.142511,11.234218,11.093681,0.140537,0.200070,-0.059533,48.815510,11.249536,11.505396,10.993677,0.124353,0.175005,0.015827,-0.007847,-0.028636,0.008053,0.161567,0.278802,0.557009,0.139432,-0.031942,-0.031942,0.737318,13073900.000000,170594193.000000,0.115120
2017-04-17,12.574000,12.746000,12.574000,12.733000,11737000,0.000000,0.000000,11.107667,11.259609,11.107667,11.248124,11.253291,10.771440,10.148943,9.162857,11.236358,11.105121,0.131236,0.186304,-0.055067,57.040724,11.253291,11.506615,10.999967,0.489802,0.176954,0.015732,0.017257,-0.015236,0.010796,0.156277,0.313515,0.583296,0.143220,-0.015236,-0.015236,0.767299,12674850.000000,149447221.000000,0.105566
2017-04-18,12.678000,12.781000,12.597000,12.743000,21109000,0.000000,0.000000,11.199537,11.290525,11.127982,11.256956,11.255808,10.789508,10.168422,9.182435,11.239527,11.116368,0.123158,0.173675,-0.050516,57.382103,11.255808,11.508178,11.003439,0.502274,0.175925,0.015628,0.000785,-0.010637,0.007511,0.172459,0.307989,0.576429,0.142661,-0.014463,-0.014463,0.768687,13023600.000000,268991987.000000,0.116356
2017-04-19,13.386000,13.640000,13.250000,13.617000,58010000,0.000000,0.000000,11.824972,12.049352,11.704832,12.029034,11.308370,10.823879,10.195211,9.206345,11.360989,11.183973,0.177016,0.174343,0.002673,75.620611,11.308370,11.710435,10.906304,1.396203,0.219959,0.018286,0.068587,0.070267,0.073388,0.228772,0.399980,0.670101,0.276183,0.000000,0.000000,0.889995,14996850.000000,789922170.000000,0.173444
2017-04-20,13.700000,13.971000,13.641000,13.936000,31459000,0.000000,0.000000,12.102356,12.341753,12.050237,12.310835,11.370030,10.864169,10.224606,9.232140,11.507119,11.267444,0.239675,0.187409,0.052266,79.131067,11.370030,11.958252,10.781808,1.299702,0.226584,0.018405,0.023427,0.104629,0.121429,0.262096,0.412467,0.711294,0.270001,0.000000,0.000000,0.934271,15958350.000000,438412624.000000,0.194101
2017-04-21,13.915000,14.023000,13.755000,13.998000,32609000,0.000000,0.000000,12.292282,12.387687,12.150940,12.365602,11.434649,10.907542,10.254033,9.258179,11.639194,11.348789,0.290404,0.208008,0.082396,79.741597,11.434649,12.154748,10.714551,1.146406,0.227310,0.018382,0.004449,0.118319,0.116268,0.250672,0.415194,0.758253,0.269724,0.000000,0.000000,0.942876,17007650.000000,456460782.000000,0.186736
2017-04-24,14.258000,14.288000,14.113000,14.251000,22187000,0.000000,0.000000,12.595285,12.621787,12.467194,12.589102,11.501080,10.955156,10.286369,9.285300,11.785333,11.440664,0.344669,0.235340,0.109329,82.049543,11.501080,12.380942,10.621219,1.118292,0.229373,0.018220,0.018074,0.119218,0.136897,0.268535,0.482091,0.793805,0.272312,0.000000,0.000000,0.977993,17117850.000000,316186937.000000,0.190940
2017-04-25,14.371000,14.596000,14.251000,14.576000,24000000,0.000000,0.000000,12.695107,12.893868,12.589101,12.876201,11.580408,11.008531,10.320875,9.312616,11.953159,11.547000,0.406159,0.269504,0.136655,84.493400,11.580408,12.646403,10.514414,1.107786,0.234758,0.018232,0.022805,0.143844,0.143485,0.276300,0.505485,0.844548,0.275957,0.000000,0.000000,1.023101,17646300.000000,349824000.000000,0.200504
2017-04-26,14.557000,14.611000,14.400000,14.551000,19078000,0.000000,0.000000,12.859415,12.907118,12.720724,12.854115,11.658853,11.060988,10.356519,9.339188,12.091768,11.643824,0.447944,0.305192,0.142752,83.551028,11.658853,12.856197,10.461508,0.999131,0.231303,0.017995,-0.001715,0.068591,0.138576,0.249265,0.482100,0.840696,0.277134,-0.001715,-0.001715,1.019631,17980550.000000,277603978.000000,0.184048
2017-04-27,14.628000,14.800000,14.610000,14.700000,15898000,0.000000,0.000000,12.922136,13.074077,12.906234,12.985739,11.743304,11.117186,10.399997,9.365585,12.229302,11.743225,0.486077,0.341369,0.144708,84.649821,11.743304,13.064914,10.421694,0.970046,0.230493,0.017750,0.010240,0.054822,0.150685,0.290648,0.511017,0.843009,0.276327,0.000000,0.000000,1.040312,18292050.000000,233700600.000000,0.221020
2017-04-28,14.650000,14.716000,14.454000,14.485000,20597000,0.000000,0.000000,12.941572,12.999875,12.768429,12.795814,11.814637,11.168530,10.439903,9.390866,12.316458,11.821194,0.495263,0.372148,0.123115,76.689270,11.814637,13.203512,10.425763,0.853227,0.230561,0.018019,-0.014626,0.034791,0.132703,0.229716,0.492112,0.881344,0.285641,-0.014626,-0.014626,1.010471,18858550.000000,298347545.000000,0.161381
2017-05-01,14.593000,14.934000,14.572000,14.922000,20931000,0.000000,0.000000,12.891216,13.192449,12.872664,13.181849,11.906774,11.230517,10.481996,9.418401,12.449595,11.921984,0.527611,0.403241,0.124371,80.668597,11.906774,13.403154,10.410395,0.926053,0.242424,0.018391,0.030169,0.047084,0.159440,0.291278,0.555725,0.982749,0.297573,0.000000,0.000000,1.071125,19267300.000000,312332382.000000,0.206149
2017-05-02,14.980000,14.999000,14.767000,14.932000,20695000,0.000000,0.000000,13.233089,13.249873,13.044929,13.190687,11.999088,11.292099,10.523608,9.445687,12.563609,12.015962,0.547647,0.432122,0.115525,80.749620,11.999088,13.575073,10.423103,0.878049,0.239747,0.018175,0.000670,0.024424,0.163291,0.304969,0.564697,0.979157,0.296407,0.000000,0.000000,1.072513,19727550.000000,309017740.000000,0.219377
2017-05-03,14.955000,15.030000,14.852000,15.008000,19378000,0.000000,0.000000,13.210999,13.277253,13.120011,13.257819,12.092682,11.349884,10.562824,9.472968,12.670410,12.107951,0.562459,0.458189,0.104270,81.387738,12.092682,13.736232,10.449133,0.854457,0.233853,0.017639,0.005089,0.031407,0.168665,0.279527,0.562106,1.011819,0.295477,0.000000,0.000000,1.083061,20198450.000000,290825024.000000,0.203339
2017-05-04,14.993000,15.066000,14.892000,15.061000,15114000,0.000000,0.000000,13.244570,13.309057,13.155348,13.304640,12.193565,11.407269,10.601983,9.500409,12.767984,12.196595,0.571389,0.480829,0.090560,81.839881,12.193565,13.876114,10.511015,0.830176,0.228129,0.017147,0.003532,0.024558,0.168516,0.289632,0.580843,1.041297,0.295499,0.000000,0.000000,1.090418,20266500.000000,227631954.000000,0.211718
2017-05-05,15.096000,15.100000,14.842000,15.031000,15727000,0.000000,0.000000,13.335558,13.339092,13.111179,13.278138,12.288308,11.465619,10.643557,9.526971,12.846469,12.276709,0.569760,0.498616,0.071145,80.645671,12.288308,13.992009,10.584607,0.790494,0.228113,0.017180,-0.001992,0.037694,0.176411,0.282468,0.580986,1.033160,0.291733,-0.001992,-0.001992,1.086254,20397850.000000,236392537.000000,0.205883
2017-05-08,15.003000,15.079000,14.899000,14.912000,14962000,0.000000,0.000000,13.253406,13.320543,13.161534,13.173018,12.375851,11.520001,10.684090,9.553832,12.896708,12.343102,0.553605,0.509614,0.043992,75.913850,12.375851,14.072073,10.679629,0.734983,0.223177,0.016942,-0.007917,-0.000670,0.157225,0.277636,0.578515,1.020024,0.296821,-0.009893,-0.009893,1.069737,20798100.000000,223113344.000000,0.200104
2017-05-09,14.951000,15.075000,14.943000,15.054000,15844000,0.000000,0.000000,13.207469,13.317008,13.200402,13.298457,12.471875,11.576012,10.725498,9.581002,12.958515,12.413869,0.544646,0.516620,0.028026,77.602641,12.471875,14.147558,10.796191,0.746640,0.217521,0.016357,0.009522,0.008170,0.164269,0.291566,0.597573,1.047456,0.296609,-0.000465,-0.000465,1.089446,21077100.000000,238515576.000000,0.212900
2017-05-10,15.113000,15.150000,14.909000,14.915000,18767000,0.000000,0.000000,13.350575,13.383260,13.170365,13.175665,12.568694,11.630887,10.765344,9.607301,12.991923,12.470299,0.521624,0.517621,0.004003,72.261458,12.568694,14.166466,10.970921,0.689943,0.217191,0.016484,-0.009234,-0.006197,0.157997,0.292120,0.526424,0.993561,0.299750,-0.009694,-0.009694,1.070153,21232000.000000,279909805.000000,0.213511
2017-05-11,14.889000,15.012000,14.794000,14.992000,17925000,0.000000,0.000000,13.152700,13.261357,13.068779,13.243689,12.673640,11.685134,10.804392,9.633520,13.030656,12.527587,0.503069,0.514711,-0.011641,73.355528,12.673640,14.148620,11.198660,0.693240,0.215433,0.016267,0.005163,-0.004581,0.178339,0.297335,0.524863,1.012866,0.291540,-0.004581,-0.004581,1.080841,21482800.000000,268731600.000000,0.227210
2017-05-12,14.971000,15.013000,14.808000,14.958000,15755000,0.000000,0.000000,13.225136,13.262238,13.081145,13.213653,12.781457,11.740875,10.844609,9.659432,13.058810,12.578407,0.480403,0.507849,-0.027446,72.005046,12.781457,14.061304,11.501609,0.668847,0.212980,0.016118,-0.002268,-0.004856,0.185638,0.294505,0.538634,1.027337,0.287938,-0.006839,-0.006839,1.076122,21589100.000000,235663290.000000,0.226997
2017-05-15,15.007000,15.168000,14.996000,15.127000,18549000,0.000000,0.000000,13.256940,13.399165,13.247223,13.362946,12.887198,11.799355,10.884084,9.685601,13.105600,12.636521,0.469079,0.500095,-0.031016,74.516351,12.887198,13.967543,11.806853,0.720183,0.211018,0.015791,0.011298,0.014418,0.208517,0.306090,0.589095,1.065687,0.281992,0.000000,0.000000,1.099579,21929700.000000,280590723.000000,0.239173
2017-05-16,15.187000,15.257000,15.054000,15.256000,22594000,0.000000,0.000000,13.415946,13.477783,13.298456,13.476899,12.998195,11.859778,10.924822,9.713785,13.162723,12.698771,0.463952,0.492866,-0.028915,76.266416,12.998195,13.791269,12.205121,0.801803,0.208754,0.015490,0.008528,0.013418,0.198146,0.324405,0.577658,1.108259,0.280469,0.000000,0.000000,1.117483,22003950.000000,344694064.000000,0.257428
2017-05-17,15.084000,15.100000,14.726000,14.727000,22919000,0.000000,0.000000,13.324960,13.339094,13.008708,13.009592,13.047223,11.912499,10.961212,9.739188,13.139164,12.721795,0.417370,0.477767,-0.060398,58.518514,13.047223,13.696169,12.398277,0.471006,0.227285,0.017471,-0.034675,-0.012605,0.155694,0.271882,0.507184,1.044060,0.317654,-0.034675,-0.034675,1.039042,20249400.000000,337528113.000000,0.238923
2017-05-18,14.668000,15.012000,14.513000,14.981000,27717000,0.000000,0.000000,12.957468,13.261352,12.820543,13.233967,13.093380,11.969176,10.998781,9.766175,13.153749,12.759733,0.394016,0.461017,-0.067001,62.973838,13.093380,13.645957,12.540803,0.627211,0.242537,0.018327,0.017247,-0.000734,0.100169,0.312564,0.493606,1.055982,0.230187,-0.018026,-0.018026,1.074209,20062300.000000,415228377.000000,0.271251
2017-05-19,15.156000,15.310000,15.064000,15.240000,34689000,0.000000,0.000000,13.388563,13.524604,13.307291,13.462767,13.148238,12.030748,11.038312,9.793843,13.201290,12.811810,0.389481,0.446710,-0.057229,66.880251,13.148238,13.606374,12.690102,0.843271,0.245973,0.018271,0.017289,0.018853,0.093571,0.331421,0.517628,1.110070,0.224800,-0.001049,-0.001049,1.017609,20166300.000000,528660360.000000,0.289439
2017-05-22,15.275000,15.338000,15.115000,15.291000,19235000,0.000000,0.000000,13.493682,13.549336,13.352341,13.507817,13.194174,12.087832,11.077440,9.821239,13.248448,12.863366,0.385082,0.434384,-0.049302,67.604973,13.194174,13.597171,12.791176,0.889138,0.242474,0.017951,0.003346,0.010841,0.092370,0.302769,0.485152,1.024361,0.224827,0.000000,0.000000,1.020672,20018700.000000,294122385.000000,0.257138
2017-05-23,15.333000,15.409000,15.119000,15.343000,15163000,0.000000,0.000000,13.544922,13.612059,13.355878,13.553756,13.228051,12.142655,11.118313,9.848288,13.295419,12.914506,0.380913,0.423690,-0.042777,68.365162,13.228051,13.632415,12.823688,0.902738,0.243453,0.017962,0.003401,0.005703,0.076626,0.298822,0.477252,1.027544,0.219184,0.000000,0.000000,0.964879,19576850.000000,232645909.000000,0.251373
2017-05-24,15.405000,15.426000,15.229000,15.288000,14540000,0.000000,0.000000,13.608524,13.627075,13.453049,13.505169,13.260604,12.196595,11.159069,9.875326,13.327688,12.958259,0.369429,0.412838,-0.043408,66.585466,13.260604,13.642412,12.878796,0.820272,0.238494,0.017659,-0.003585,0.038093,0.048847,0.303509,0.450758,0.957835,0.208891,-0.003585,-0.003585,0.933933,19349950.000000,222287520.000000,0.247386
2017-05-25,15.368000,15.437000,15.254000,15.390000,19061000,0.000000,0.000000,13.575837,13.636791,13.475131,13.595272,13.291081,12.249121,11.201976,9.902565,13.368855,13.005445,0.363410,0.402952,-0.039542,68.236815,13.291081,13.677786,12.904376,0.893312,0.233006,0.017139,0.006672,0.027301,0.057659,0.300497,0.454004,0.937894,0.208852,0.000000,0.000000,0.946836,19508100.000000,293348790.000000,0.238918
2017-05-26,15.349000,15.544000,15.309000,15.512000,20056000,0.000000,0.000000,13.559055,13.731315,13.523720,13.703047,13.336442,12.300622,11.244614,9.932168,13.420269,13.057119,0.363150,0.394992,-0.031842,70.137840,13.336442,13.689949,12.982936,1.018526,0.231191,0.016872,0.007927,0.017848,0.055238,0.305312,0.462242,0.943613,0.207960,0.000000,0.000000,0.962269,19481050.000000,311108672.000000,0.245896
2017-05-30,15.545000,15.777000,15.500000,15.687000,20770000,0.000000,0.000000,13.732198,13.937143,13.692445,13.857638,13.370232,12.354314,11.288745,9.962641,13.487557,13.116417,0.371140,0.390221,-0.019082,72.665006,13.370232,13.785342,12.955122,1.087080,0.232156,0.016753,0.011282,0.025898,0.082982,0.328390,0.470625,0.919345,0.200064,0.000000,0.000000,0.984407,19473000.000000,325818990.000000,0.263545
2017-05-31,15.704000,15.749000,15.472000,15.517000,28944000,0.000000,0.000000,13.872657,13.912409,13.667712,13.707464,13.396071,12.404331,11.331586,9.992236,13.521388,13.160198,0.361190,0.384415,-0.023225,66.754955,13.396071,13.828113,12.964028,0.860373,0.233052,0.017002,-0.010837,0.011341,0.039874,0.301587,0.465179,0.902214,0.181761,-0.010837,-0.010837,0.962902,19885450.000000,449124048.000000,0.251707
2017-06-01,15.526000,15.653000,15.495000,15.644000,14658000,0.000000,0.000000,13.715415,13.827605,13.688030,13.819654,13.424162,12.461168,11.375091,10.021710,13.567275,13.209047,0.358229,0.379178,-0.020949,68.796740,13.424162,13.890089,12.958236,0.924414,0.226375,0.016381,0.008185,0.023286,0.047683,0.325420,0.466186,0.910400,0.182967,-0.002741,-0.002741,0.978967,19649450.000000,229309752.000000,0.259630
2017-06-02,15.715000,15.883000,15.701000,15.874000,18457000,0.000000,0.000000,13.882375,14.030784,13.870008,14.022833,13.460072,12.520072,11.419519,10.052585,13.637361,13.269327,0.368034,0.376949,-0.008915,72.134528,13.460072,13.993087,12.927057,1.027904,0.225286,0.016066,0.014702,0.031449,0.057703,0.343319,0.509492,0.926897,0.187790,0.000000,0.000000,1.008063,19816600.000000,292986418.000000,0.269214
2017-06-05,15.889000,16.049999,15.807000,16.028999,18203000,0.045000,0.000000,14.075984,14.218612,14.003340,14.200008,13.506166,12.582608,11.466062,10.084193,13.723922,13.338266,0.385656,0.378690,0.006965,74.678204,13.506166,14.125403,12.886928,1.060240,0.224571,0.015815,0.012635,0.036266,0.067297,0.358108,0.643928,0.963688,0.190894,0.000000,0.000000,1.033434,19940400.000000,291775868.797000,0.281773
2017-06-06,16.024000,16.412001,15.968000,16.101000,24067000,0.000000,0.000000,14.195581,14.539309,14.145971,14.263795,13.560704,12.642674,11.512785,10.115805,13.806980,13.406824,0.400155,0.382983,0.017172,75.543768,13.560704,14.245107,12.876301,1.013653,0.236625,0.016589,0.004492,0.029309,0.074232,0.375012,0.619926,0.984010,0.190002,0.000000,0.000000,1.042568,20395650.000000,387502767.000000,0.299398
2017-06-07,16.205999,16.268999,16.099001,16.230000,20813000,0.000000,0.000000,14.356812,14.412623,14.262023,14.378074,13.614685,12.704443,11.561373,10.147002,13.894840,13.478769,0.416072,0.389601,0.026471,77.056897,13.614685,14.377778,12.851592,1.000194,0.230481,0.016030,0.008012,0.048923,0.091479,0.382497,0.602447,0.984238,0.185927,0.000000,0.000000,1.058933,20644100.000000,337794990.000000,0.303726
2017-06-08,16.344000,16.499001,16.247000,16.497000,23194000,0.000000,0.000000,14.479066,14.616380,14.393134,14.614608,13.686632,12.771031,11.610240,10.179377,14.005574,13.562905,0.442669,0.400215,0.042454,79.837519,13.686632,14.541286,12.831979,1.042896,0.231040,0.015809,0.016451,0.057523,0.098970,0.407392,0.618535,1.006723,0.189913,0.000000,0.000000,1.092804,20865450.000000,382631418.000000,0.324678
2017-06-09,16.535000,16.705000,15.438000,15.778000,38340000,0.000000,0.000000,14.648273,14.798875,13.676446,13.977651,13.723330,12.824649,11.654005,10.208271,14.001278,13.593627,0.407651,0.401702,0.005949,59.074475,13.723330,14.560759,12.885902,0.651846,0.294710,0.021084,-0.043584,-0.003222,0.060869,0.312011,0.497145,0.913755,0.249353,-0.043584,-0.043584,1.001593,21886200.000000,604928520.000000,0.252952
2017-06-12,15.551000,15.586000,14.875000,15.451000,54739000,0.000000,0.000000,13.776549,13.807556,13.177684,13.687960,13.747046,12.871026,11.692990,10.236235,13.953075,13.600614,0.352461,0.391854,-0.039393,52.399895,13.747046,14.549849,12.944242,0.463200,0.330800,0.024167,-0.020725,-0.036060,0.033546,0.265925,0.457906,0.902759,0.262235,-0.063406,-0.063406,0.960109,23835400.000000,845772289.000000,0.214923
2017-06-13,15.666000,15.791000,15.290000,15.512000,27608000,0.000000,0.000000,13.878430,13.989166,13.545333,13.742002,13.765999,12.919083,11.732867,10.264143,13.920602,13.611088,0.309515,0.375386,-0.065871,53.456385,13.765999,14.548256,12.983741,0.484662,0.338874,0.024660,0.003948,-0.036582,0.039985,0.271443,0.506690,0.919360,0.261933,-0.059708,-0.059708,0.967848,24288350.000000,428255296.000000,0.209370
2017-06-14,15.535000,15.596000,15.041000,15.275000,28307000,0.000000,0.000000,13.762376,13.816416,13.324745,13.532043,13.768756,12.962836,11.769316,10.290839,13.860824,13.605232,0.255592,0.351427,-0.095835,48.914053,13.768756,14.547102,12.990410,0.347939,0.349788,0.025849,-0.015279,-0.058842,0.012654,0.233665,0.483813,0.890265,0.266191,-0.074074,-0.074074,0.937782,24574000.000000,432389425.000000,0.183693
2017-06-15,14.958000,15.076000,14.760000,14.848000,41609000,0.000000,0.000000,13.251217,13.355752,13.075809,13.153768,13.775965,12.998193,11.801613,10.315412,13.752046,13.571791,0.180256,0.317193,-0.136937,41.991060,13.775965,14.526894,13.025036,0.085715,0.357391,0.027170,-0.027954,-0.099958,-0.023977,0.182044,0.436375,0.826063,0.282249,-0.099958,-0.099958,0.883613,25508500.000000,617810432.000000,0.137179
2017-06-16,14.883000,15.097000,14.766000,14.821000,41134000,0.000000,0.000000,13.184774,13.374355,13.081124,13.129848,13.770759,13.035050,11.832024,10.340459,13.656323,13.539054,0.117269,0.277208,-0.159939,41.590203,13.770759,14.538758,13.002759,0.082740,0.352808,0.026871,-0.001818,-0.060654,0.009244,0.175137,0.428546,0.818553,0.254438,-0.101594,-0.101594,0.880188,26179350.000000,609647014.000000,0.132642
2017-06-19,15.019000,15.195000,14.990000,15.100000,30814000,0.000000,0.000000,13.305255,13.461173,13.279564,13.377013,13.766471,13.074925,11.862901,10.366594,13.613353,13.527051,0.086301,0.239027,-0.152725,47.199182,13.766471,14.542625,12.990317,0.249110,0.351274,0.026260,0.018825,-0.022717,0.010809,0.193673,0.432397,0.847869,0.255797,-0.084682,-0.084682,0.915581,25985600.000000,465291400.000000,0.136487
2017-06-20,15.150000,15.294000,14.953000,15.011000,24595000,0.000000,0.000000,13.421309,13.548878,13.246789,13.298170,13.755989,13.112445,11.895268,10.391762,13.564863,13.510097,0.054766,0.202175,-0.147409,45.691888,13.755989,14.552253,12.959724,0.212521,0.347761,0.026151,-0.005894,-0.032297,-0.012226,0.211368,0.446721,0.806681,0.249306,-0.090077,-0.090077,0.904291,26253600.000000,369195545.000000,0.143331
2017-06-21,15.031000,15.125000,14.915000,15.092000,18855000,0.000000,0.000000,13.315886,13.399160,13.213122,13.369925,13.746797,13.152284,11.924913,10.417408,13.534872,13.499714,0.035159,0.168771,-0.133613,47.340115,13.746797,14.557013,12.936581,0.267425,0.336209,0.025147,0.005396,-0.011980,-0.010208,0.206930,0.419995,0.808277,0.249802,-0.085167,-0.085167,0.914566,26438200.000000,284559660.000000,0.136107
2017-06-22,15.151000,15.242000,14.952000,15.004000,15814000,0.000000,0.000000,13.422196,13.502812,13.245903,13.291969,13.736137,13.193337,11.955749,10.442951,13.497503,13.484325,0.013177,0.137653,-0.124475,45.716773,13.736137,14.565131,12.907143,0.232104,0.330545,0.024868,-0.005831,0.010507,-0.019315,0.200371,0.413566,0.776954,0.250093,-0.090501,-0.090501,0.903403,26501900.000000,237273256.000000,0.128350
2017-06-23,14.981000,15.282000,14.952000,15.178000,30741000,0.000000,0.000000,13.271591,13.538245,13.245900,13.446113,13.728679,13.239364,11.989129,10.469117,13.489597,13.481495,0.008102,0.111742,-0.103641,49.410802,13.728679,14.565654,12.891704,0.331198,0.327816,0.024380,0.011597,0.024087,-0.004373,0.194097,0.434928,0.766014,0.253476,-0.079954,-0.079954,0.925477,27085900.000000,466586898.000000,0.119208
2017-06-26,15.246000,15.361000,14.836000,14.899000,26066000,0.000000,0.000000,13.506355,13.608232,13.143138,13.198949,13.703474,13.282197,12.017504,10.494253,13.444882,13.460565,-0.015684,0.086257,-0.101941,44.215054,13.703474,14.573411,12.833537,0.210022,0.337622,0.025579,-0.018382,-0.013311,-0.029152,0.169120,0.392725,0.836788,0.259839,-0.096866,-0.096866,0.890083,27386400.000000,388357334.000000,0.099471
2017-06-27,14.826000,14.857000,14.444000,14.462000,34089000,0.000000,0.000000,13.134278,13.161741,12.795867,12.811812,13.651183,13.313471,12.042456,10.518496,13.347486,13.412510,-0.065023,0.056001,-0.121024,37.553953,13.651183,14.603893,12.698473,0.059482,0.342297,0.026717,-0.029331,-0.036573,-0.065039,0.135273,0.347246,0.834645,0.274828,-0.123356,-0.123356,0.796231,28052350.000000,492995118.000000,0.089065
2017-06-28,14.517000,14.817000,14.280000,14.783000,29102000,0.000000,0.000000,12.860537,13.126306,12.650579,13.096185,13.620619,13.350255,12.069882,10.543114,13.308825,13.389078,-0.080254,0.028750,-0.109004,44.203488,13.620619,14.604439,12.636799,0.233471,0.351828,0.026865,0.022196,-0.020474,-0.054948,0.159292,0.364898,0.836101,0.284434,-0.103898,-0.103898,0.831168,28060250.000000,430214866.000000,0.102173
2017-06-29,14.608000,14.650000,14.001000,14.235000,31112000,0.000000,0.000000,12.941151,12.978358,12.403413,12.610712,13.560172,13.361889,12.092884,10.566062,13.201423,13.331421,-0.129999,-0.003000,-0.126999,36.966525,13.560172,14.636692,12.483652,0.059014,0.376181,0.029830,-0.037070,-0.051253,-0.080011,0.109205,0.332140,0.756637,0.307653,-0.137116,-0.137116,0.763287,28882950.000000,442879320.000000,0.070314
2017-06-30,14.337000,14.357000,14.083000,14.143000,29387000,0.000000,0.000000,12.701076,12.718794,12.476059,12.529212,13.485491,13.366257,12.115213,10.588590,13.098006,13.271999,-0.173993,-0.037198,-0.136795,35.903808,13.485491,14.631838,12.339143,0.082902,0.366649,0.029264,-0.006463,-0.068191,-0.093377,0.104955,0.328719,0.706666,0.304643,-0.142693,-0.142693,0.751891,29429450.000000,415620341.000000,0.066273
2017-07-03,14.271000,14.338000,13.924000,13.929000,15697000,0.000000,0.000000,12.642607,12.701962,12.335202,12.339631,13.392472,13.365737,12.136640,10.609386,12.981333,13.202934,-0.221602,-0.074079,-0.147523,33.491849,13.392472,14.595227,12.189717,0.062321,0.366657,0.029714,-0.015131,-0.065105,-0.120033,0.087728,0.326188,0.702719,0.298441,-0.155665,-0.155665,0.725383,29304150.000000,218643513.000000,0.051190
2017-07-05,14.042000,14.270000,13.994000,14.253000,26189000,0.000000,0.000000,12.439736,12.641721,12.397214,12.626660,13.310615,13.366488,12.160822,10.631792,12.926768,13.160247,-0.233480,-0.105959,-0.127521,40.057529,13.310615,14.486218,12.135013,0.209104,0.362045,0.028673,0.023261,-0.014452,-0.110799,0.108970,0.337679,0.765517,0.308845,-0.136025,-0.136025,0.764009,29410250.000000,373271817.000000,0.066206
2017-07-06,14.144000,14.472000,14.067000,14.389000,27967000,0.000000,0.000000,12.530098,12.820671,12.461884,12.747142,13.229069,13.363907,12.186219,10.655156,12.899133,13.129647,-0.230514,-0.130870,-0.099644,42.618235,13.229069,14.315805,12.142332,0.278269,0.361813,0.028384,0.009542,-0.026652,-0.106329,0.129366,0.349688,0.780841,0.311367,-0.127781,-0.127781,0.779104,29767950.000000,402417163.000000,0.091002
2017-07-07,14.700000,14.968000,14.644000,14.813000,29563000,0.000000,0.000000,13.022656,13.260076,12.973046,13.122762,13.154476,13.369280,12.215134,10.680472,12.933537,13.129137,-0.195600,-0.143816,-0.051784,49.816058,13.154476,14.023842,12.285110,0.481760,0.372607,0.028394,0.029467,0.040604,-0.087307,0.152810,0.392574,0.831529,0.331046,-0.102079,-0.102079,0.770248,30086400.000000,437916719.000000,0.106181
2017-07-10,14.873000,15.101000,14.786000,15.084000,22790000,0.000000,0.000000,13.175915,13.377899,13.098843,13.362839,13.123736,13.376822,12.247004,10.706415,12.999584,13.146448,-0.146864,-0.144426,-0.002439,53.804586,13.123736,13.910058,12.337414,0.652039,0.365925,0.027384,0.018295,0.066535,-0.085652,0.169905,0.411197,0.802634,0.332549,-0.085652,-0.085652,0.772357,29308900.000000,343764360.000000,0.119108
2017-07-11,15.131000,15.482000,15.101000,15.372000,27538000,0.000000,0.000000,13.404478,13.715428,13.377902,13.617979,13.120237,13.393265,12.280898,10.733896,13.094721,13.181376,-0.086655,-0.132872,0.046217,57.656262,13.120237,13.896546,12.343927,0.820582,0.364972,0.026801,0.019093,0.103597,-0.025732,0.196871,0.421496,0.806197,0.308673,-0.068194,-0.068194,0.774340,27948850.000000,423314136.000000,0.143756
2017-07-12,15.541000,15.635000,15.292000,15.458000,17827000,0.000000,0.000000,13.767691,13.850965,13.547103,13.694161,13.117845,13.403512,12.317014,10.762156,13.186943,13.219360,-0.032417,-0.112781,0.080363,58.761888,13.117845,13.886343,12.349346,0.874963,0.360607,0.026333,0.005594,0.084543,0.000453,0.218419,0.434588,0.776986,0.300913,-0.062981,-0.062981,0.784266,27459800.000000,275569766.000000,0.151193
2017-07-13,15.505000,15.631000,15.416000,15.494000,14611000,0.000000,0.000000,13.735802,13.847424,13.656957,13.726057,13.127545,13.414219,12.353159,10.790739,13.269884,13.256893,0.012990,-0.087627,0.100617,59.241736,13.127545,13.922500,12.332590,0.876444,0.348454,0.025386,0.002329,0.076795,-0.001160,0.231615,0.431069,0.773487,0.300710,-0.060799,-0.060799,0.788422,26775000.000000,226382834.000000,0.156517
2017-07-14,15.569000,15.761000,15.496000,15.730000,14598000,0.000000,0.000000,13.792500,13.962591,13.727829,13.935128,13.166613,13.427765,12.388825,10.819884,13.372229,13.307133,0.065096,-0.057082,0.122178,62.335445,13.166613,14.039932,12.293295,0.939997,0.340460,0.024432,0.015232,0.061905,0.029787,0.260264,0.463880,0.815662,0.299601,-0.046493,-0.046493,0.801925,25424450.000000,229626540.000000,0.172872
2017-07-17,15.778000,15.831000,15.575000,15.698000,16579000,0.000000,0.000000,13.977652,14.024605,13.797815,13.906780,13.205460,13.439808,12.423538,10.848700,13.454468,13.351551,0.102916,-0.025082,0.127999,61.652123,13.205460,14.138939,12.271981,0.875649,0.332341,0.023898,-0.002034,0.040705,0.057247,0.236364,0.429580,0.798259,0.280248,-0.048433,-0.048433,0.791381,24196700.000000,260257142.000000,0.158226
2017-07-18,15.700000,15.959000,15.624000,15.935000,18320000,0.000000,0.000000,13.908549,14.137995,13.841220,14.116735,13.242446,13.456580,12.461099,10.878438,13.556355,13.408232,0.148123,0.009559,0.138564,64.735433,13.242446,14.259428,12.225464,0.929845,0.329800,0.023362,0.015097,0.036625,0.075164,0.254045,0.470317,0.809469,0.282847,-0.034067,-0.034067,0.818426,23572000.000000,291929200.000000,0.169450
2017-07-19,16.049999,16.455000,16.025000,16.423000,27117000,0.000000,0.000000,14.218614,14.577402,14.196467,14.549054,13.304990,13.484101,12.502051,10.909690,13.709078,13.492737,0.216341,0.050915,0.165426,70.071524,13.304990,14.478252,12.131728,1.030173,0.339148,0.023311,0.030625,0.062428,0.087616,0.209495,0.486193,0.861340,0.293594,-0.004486,-0.004486,0.874115,23698100.000000,445342491.000000,0.120461
2017-07-20,16.497999,16.511999,16.181999,16.480000,23759000,0.000000,0.000000,14.615493,14.627896,14.335550,14.599547,13.366471,13.510122,12.543067,10.941246,13.846073,13.574723,0.271350,0.095002,0.176348,70.630500,13.366471,14.675119,12.057824,0.971126,0.335805,0.023001,0.003471,0.063637,0.097861,0.185910,0.496733,0.832783,0.291333,-0.001031,-0.001031,0.880619,23943300.000000,391548320.000000,0.105931
2017-07-21,16.392000,16.392000,16.229000,16.353001,18474000,0.000000,0.000000,14.521590,14.521590,14.377189,14.487041,13.426225,13.536350,12.583619,10.972135,13.944683,13.642302,0.302381,0.136478,0.165903,67.600869,13.426225,14.826478,12.025972,0.878794,0.327702,0.022620,-0.007706,0.039606,0.083554,0.171560,0.465237,0.857143,0.294411,-0.008729,-0.008729,0.866127,24076300.000000,302105340.474000,0.090817
2017-07-24,16.350000,16.468000,16.315001,16.412001,14457000,0.000000,0.000000,14.484384,14.588919,14.453378,14.539310,13.480885,13.562262,12.623698,11.002698,14.036164,13.708747,0.327417,0.174666,0.152752,68.281579,13.480885,14.967114,11.994655,0.856077,0.313976,0.021595,0.003608,0.045484,0.093842,0.154912,0.465047,0.848733,0.292250,-0.005152,-0.005152,0.872860,23262100.000000,237268298.457000,0.083555
2017-07-25,16.408001,16.482000,16.247999,16.445999,20828000,0.000000,0.000000,14.535766,14.601322,14.394021,14.569428,13.549409,13.589378,12.665126,11.031651,14.118205,13.772501,0.345704,0.208873,0.136830,68.689787,13.549409,15.105632,11.993185,0.827723,0.306356,0.021027,0.002071,0.032068,0.083542,0.131501,0.444134,0.840504,0.291173,-0.003091,-0.003091,0.876739,23000200.000000,342537267.172000,0.067327
2017-07-26,16.540001,16.844000,16.521999,16.834000,33108000,0.000000,0.000000,14.652704,14.922015,14.636756,14.913156,13.654476,13.620382,12.709868,11.062252,14.240505,13.856994,0.383511,0.243801,0.139710,72.965951,13.654476,15.283080,12.025871,0.886429,0.309658,0.020764,0.023592,0.025026,0.129875,0.160185,0.449379,0.864182,0.286812,0.000000,0.000000,0.921016,22951150.000000,557340072.000000,0.094209
2017-07-27,16.892000,17.000000,16.127001,16.476000,56652000,0.000000,0.000000,14.964538,15.060215,14.286829,14.596005,13.729467,13.642764,12.751271,11.090479,14.295197,13.911736,0.383462,0.271733,0.111729,64.247127,13.729467,15.387684,12.071250,0.761286,0.342782,0.023485,-0.021267,-0.000243,0.139262,0.124003,0.450692,0.817395,0.275434,-0.021267,-0.021267,0.880163,24328650.000000,933398352.000000,0.068910
2017-07-28,16.424999,16.497000,16.077999,16.160000,27400000,0.000000,0.000000,14.550824,14.614608,14.243418,14.316062,13.814734,13.668894,12.790696,11.118427,14.298407,13.941686,0.356722,0.288731,0.067991,57.693892,13.814734,15.404707,12.224762,0.657653,0.344811,0.024086,-0.019179,-0.011802,0.093148,0.118808,0.375817,0.761090,0.282679,-0.040038,-0.040038,0.844102,24143050.000000,442784000.000000,0.064726
2017-07-31,16.260000,16.299999,15.879000,15.946000,24377000,0.000000,0.000000,14.404653,14.440088,14.067127,14.126482,13.894598,13.686744,12.827960,11.145826,14.271957,13.955374,0.316583,0.294301,0.022282,53.699250,13.894598,15.368948,12.420248,0.578639,0.346822,0.024551,-0.013242,-0.028394,0.120197,0.071662,0.383813,0.801843,0.248635,-0.052750,-0.052750,0.819682,23892550.000000,388715642.000000,0.029551
2017-08-01,16.044001,16.049000,15.717000,15.746000,25925000,0.000000,0.000000,14.213295,14.217724,13.923607,13.949298,13.975081,13.696474,12.863611,11.172756,14.222317,13.954924,0.267393,0.288920,-0.021526,50.200803,13.975081,15.254936,12.695227,0.489927,0.343057,0.024593,-0.012543,-0.042564,0.113342,0.057511,0.380019,0.759254,0.253182,-0.064631,-0.064631,0.796858,24403950.000000,408215050.000000,0.013614
2017-08-02,15.897000,15.898000,14.977000,15.155000,47872000,0.000000,0.000000,14.083072,14.083957,13.268049,13.425737,14.015035,13.694833,12.891333,11.196853,14.099767,13.915725,0.184041,0.267944,-0.083903,41.580471,14.015035,15.160484,12.869587,0.242765,0.376832,0.028068,-0.037533,-0.099739,0.088018,0.012666,0.295733,0.713226,0.285704,-0.099739,-0.099739,0.729416,25488100.000000,725500160.000000,-0.035107
2017-08-03,14.950000,15.149000,14.826000,14.890000,31461000,0.000000,0.000000,13.244129,13.420423,13.134279,13.190976,14.037227,13.687577,12.915116,11.219847,13.959953,13.862040,0.097913,0.233938,-0.136025,38.396641,14.037227,15.092930,12.981524,0.099200,0.370734,0.028105,-0.017486,-0.096261,0.044692,-0.008543,0.278614,0.663616,0.286283,-0.115481,-0.115481,0.699176,25662800.000000,468454290.000000,-0.052162
2017-08-04,14.935000,15.226000,14.836000,15.005000,21538000,0.000000,0.000000,13.230841,13.488636,13.143137,13.292853,14.045731,13.683331,12.939963,11.242732,13.857322,13.819878,0.037444,0.194639,-0.157195,40.524929,14.045731,15.072768,13.018695,0.133470,0.368931,0.027754,0.007723,-0.071473,0.042810,0.001108,0.283889,0.655676,0.285767,-0.108649,-0.108649,0.712299,25261550.000000,323177690.000000,-0.040001
2017-08-07,15.045000,15.590000,15.004000,15.584000,27518000,0.000000,0.000000,13.328288,13.811101,13.291966,13.805785,14.067879,13.687541,12.968331,11.268072,13.849393,13.818834,0.030559,0.161823,-0.131264,49.908321,14.067879,15.051079,13.084679,0.366714,0.379660,0.027500,0.038587,-0.022702,0.052049,0.048035,0.339008,0.695222,0.298225,-0.074255,-0.074255,0.778372,25497950.000000,428840512.000000,0.001972
2017-08-08,15.585000,15.786000,15.405000,15.575000,27532000,0.000000,0.000000,13.806670,13.984735,13.647208,13.797811,14.076870,13.689437,12.995029,11.294590,13.841457,13.817277,0.024181,0.134294,-0.110114,49.776843,14.076870,15.045934,13.107807,0.356016,0.376651,0.027298,-0.000578,-0.010860,0.032551,0.037550,0.340064,0.703927,0.292817,-0.074789,-0.074789,0.777344,25497650.000000,428810900.000000,-0.003275
2017-08-09,15.546000,15.636000,15.337000,15.520000,19564000,0.000000,0.000000,13.772123,13.851853,13.586971,13.749090,14.079617,13.687266,13.020790,11.320571,13.827247,13.812226,0.015021,0.110440,-0.095419,48.928701,14.079617,15.044415,13.114818,0.328707,0.368667,0.026814,-0.003531,0.024085,0.009628,0.043522,0.348355,0.687536,0.286289,-0.078056,-0.078056,0.771069,25584500.000000,303633280.000000,0.007107
2017-08-10,15.386000,15.419000,14.904000,14.944000,26134000,0.000000,0.000000,13.630378,13.659613,13.203378,13.238813,14.055255,13.677893,13.041112,11.343401,13.736719,13.769751,-0.033032,0.081745,-0.114778,41.041253,14.055255,15.080365,13.030144,0.101779,0.381313,0.028803,-0.037114,0.003626,-0.033251,-0.000368,0.296858,0.701127,0.313824,-0.112273,-0.112273,0.705338,26160650.000000,390546496.000000,-0.016868
2017-08-11,14.985000,15.443000,14.982000,15.426000,17909000,0.000000,0.000000,13.275135,13.680875,13.272478,13.665814,14.041789,13.674816,13.067992,11.368760,13.725810,13.762052,-0.036242,0.058148,-0.094390,48.519851,14.041789,15.080529,13.003049,0.319024,0.385653,0.028220,0.032254,0.028057,-0.004389,0.034219,0.338802,0.760341,0.334754,-0.083640,-0.083640,0.754617,26326200.000000,276264234.000000,0.012111
2017-08-14,15.660000,15.892000,15.621000,15.855000,21272000,0.000000,0.000000,13.873114,14.078642,13.838564,14.045863,14.048743,13.675276,13.097674,11.396111,13.775049,13.783075,-0.008026,0.044913,-0.052939,54.100392,14.048743,15.085537,13.011949,0.498611,0.387594,0.027595,0.027810,0.017390,0.007946,0.051105,0.372838,0.803413,0.344654,-0.058156,-0.058156,0.789765,26560850.000000,337267560.000000,0.020118
2017-08-15,15.859000,16.061001,15.777000,16.021000,18174000,0.000000,0.000000,14.049408,14.228359,13.976765,14.192923,14.052552,13.675135,13.128871,11.424710,13.839337,13.813434,0.025903,0.041111,-0.015208,56.084188,14.052552,15.090957,13.014147,0.567590,0.377879,0.026624,0.010470,0.028636,0.020576,0.053130,0.394770,0.790965,0.346168,-0.048295,-0.048295,0.808504,26553550.000000,291165654.000000,0.026688
2017-08-16,16.145000,16.518999,16.063999,16.322001,50988000,0.000000,0.000000,14.302772,14.634096,14.231014,14.459576,14.048078,13.679050,13.160862,11.454857,13.934759,13.861296,0.073462,0.047581,0.025881,59.502073,14.048078,15.078215,13.017942,0.699730,0.382400,0.026446,0.018788,0.051675,0.024286,0.111455,0.413640,0.842482,0.348265,-0.030415,-0.030415,0.835334,27747100.000000,832226186.988000,0.055914
2017-08-17,16.250000,16.357000,15.830000,15.846000,19605000,0.000000,0.000000,14.395795,14.490586,14.023719,14.037893,14.019996,13.672247,13.188345,11.482611,13.950626,13.874378,0.076248,0.053315,0.022933,52.538410,14.019996,15.016920,13.023072,0.508976,0.388434,0.027670,-0.029163,0.060359,-0.035134,0.060747,0.392299,0.781810,0.346570,-0.058691,-0.058691,0.767701,27539400.000000,310660830.000000,0.033204
2017-08-18,16.020000,16.187000,15.835000,16.049000,19246000,0.000000,0.000000,14.192038,14.339983,14.028147,14.217729,14.006530,13.664309,13.217670,11.511618,13.991718,13.899811,0.091907,0.061033,0.030874,54.959358,14.006530,14.983977,13.029083,0.608036,0.382962,0.026936,0.012811,0.040387,-0.026153,0.056078,0.406085,0.790347,0.349745,-0.046632,-0.046632,0.785438,27578000.000000,308879054.000000,0.034244
2017-08-21,16.112000,16.146000,15.702000,15.840000,15548000,0.000000,0.000000,14.273537,14.303657,13.910320,14.032574,13.981193,13.665408,13.245028,11.539788,13.998004,13.909645,0.088358,0.066498,0.021860,52.017407,13.981193,14.926224,13.036163,0.527185,0.383703,0.027344,-0.013023,-0.000946,-0.031371,0.038848,0.353380,0.724178,0.351504,-0.059047,-0.059047,0.762186,27632550.000000,246280320.000000,0.025885
2017-08-22,15.921000,16.417000,15.921000,16.381001,25223000,0.000000,0.000000,14.104331,14.543735,14.104331,14.511844,13.978314,13.681885,13.276455,11.570621,14.077056,13.954253,0.122804,0.077759,0.045044,58.247640,13.978314,14.916122,13.040506,0.784456,0.392808,0.027068,0.034154,0.022470,-0.001889,0.070688,0.390633,0.782876,0.372178,-0.026910,-0.026910,0.822372,27852300.000000,413177988.223000,0.044824
2017-08-23,16.313999,16.396999,16.073999,16.170000,18158000,0.000000,0.000000,14.452488,14.526017,14.239873,14.324920,13.948902,13.693544,13.306313,11.600625,14.115189,13.981710,0.133480,0.088903,0.044576,55.235281,13.948902,14.795749,13.102056,0.722011,0.385189,0.026889,-0.012881,-0.009313,-0.016782,0.060699,0.382631,0.747163,0.374811,-0.039444,-0.039444,0.798899,27104800.000000,293614860.000000,0.041976
2017-08-24,16.221001,16.280001,15.809000,15.882000,14737000,0.000000,0.000000,14.370103,14.422371,14.005114,14.069784,13.922591,13.704298,13.333567,11.627815,14.108204,13.988234,0.119970,0.095117,0.024853,51.333019,13.922591,14.715784,13.129399,0.592785,0.387479,0.027540,-0.017811,0.002272,-0.056552,0.034903,0.345888,0.738076,0.368612,-0.056552,-0.056552,0.766859,25009050.000000,234053034.000000,0.024255
2017-08-25,15.930000,15.997000,15.652000,15.786000,12719000,0.000000,0.000000,14.112307,14.171662,13.866029,13.984738,13.906025,13.720918,13.359555,11.654313,14.089209,13.987975,0.101234,0.096340,0.004894,50.063361,13.906025,14.678177,13.133874,0.550970,0.381633,0.027289,-0.006045,-0.016387,-0.041879,0.020557,0.332145,0.713703,0.362576,-0.062255,-0.062255,0.756179,24275000.000000,200782134.000000,0.011628
2017-08-28,15.833000,16.104000,15.774000,16.066999,12582000,0.000000,0.000000,14.026376,14.266454,13.974108,14.233675,13.911385,13.742994,13.389022,11.682542,14.111435,14.006175,0.105260,0.098124,0.007136,53.675164,13.911385,14.691427,13.131342,0.706585,0.375256,0.026364,0.017801,0.014331,-0.005755,0.027136,0.364437,0.737329,0.362855,-0.045563,-0.045563,0.787440,23685250.000000,202154981.418000,0.014267
2017-08-29,15.862000,16.284000,15.810000,16.232000,12321000,0.000000,0.000000,14.052066,14.425913,14.005999,14.379847,13.932912,13.763051,13.418988,11.712396,14.152729,14.033854,0.118875,0.102274,0.016600,55.701240,13.932912,14.740633,13.125191,0.776664,0.378445,0.026318,0.010269,-0.009096,0.017935,0.049052,0.365433,0.745310,0.361202,-0.035761,-0.035761,0.805796,23005050.000000,199994472.000000,0.032376
2017-08-30,16.243000,16.500000,16.177000,16.499001,15713000,0.000000,0.000000,14.389588,14.617263,14.331119,14.616378,13.992444,13.789415,13.450930,11.742766,14.224059,14.077004,0.147055,0.111230,0.035825,58.838440,13.992444,14.818084,13.166805,0.877849,0.371852,0.025441,0.016449,0.020346,0.047822,0.057652,0.401832,0.799966,0.361373,-0.019900,-0.019900,0.835499,21397100.000000,259248802.713000,0.038205
2017-08-31,16.562000,16.732000,16.518000,16.598000,17924000,0.000000,0.000000,14.672189,14.822791,14.633209,14.704081,14.068100,13.816098,13.484191,11.773128,14.297909,14.123454,0.174455,0.123875,0.050579,59.970430,14.068100,14.861173,13.275027,0.900960,0.360035,0.024485,0.006000,0.045082,0.095216,0.048581,0.408579,0.804170,0.330822,-0.014020,-0.014020,0.846513,20720250.000000,297502552.000000,0.029098
2017-09-01,16.601999,16.915001,16.544001,16.686001,15706000,0.000000,0.000000,14.707626,14.984913,14.656245,14.782043,14.142559,13.845900,13.519619,11.802736,14.372391,14.172239,0.200153,0.139131,0.061022,60.997262,14.142559,14.908328,13.376791,0.917544,0.357795,0.024205,0.005302,0.057013,0.120618,0.040988,0.413775,0.788627,0.320971,-0.008792,-0.008792,0.856303,20428650.000000,262070331.706000,0.018806
2017-09-05,16.569000,16.639999,16.252001,16.410000,15383000,0.000000,0.000000,14.678393,14.741291,14.397565,14.537536,14.179147,13.867728,13.553546,11.831069,14.397798,14.199298,0.198500,0.151005,0.047496,56.133902,14.179147,14.947086,13.411207,0.733345,0.359701,0.024743,-0.016541,0.021348,0.093636,0.019191,0.401401,0.764075,0.329861,-0.025187,-0.025187,0.825599,19821900.000000,252435030.000000,0.003174
2017-09-06,16.525000,16.584999,16.304001,16.500999,19421000,0.000000,0.000000,14.639414,14.692567,14.443633,14.618153,14.220164,13.896112,13.589155,11.858683,14.431699,14.230324,0.201375,0.161079,0.040296,57.341579,14.220164,14.989974,13.450354,0.758498,0.351789,0.024065,0.005545,0.016572,0.058843,0.016698,0.405582,0.786352,0.305790,-0.019781,-0.019781,0.835722,19416350.000000,320465901.579000,0.001464
2017-09-07,16.533001,16.870001,16.483999,16.858999,13570000,0.000000,0.000000,14.646501,14.945047,14.603090,14.935301,14.279474,13.938582,13.626026,11.887485,14.509176,14.282544,0.226632,0.174189,0.052442,61.797465,14.279474,15.078690,13.480259,0.910294,0.351087,0.023507,0.021695,0.021820,0.082440,0.021943,0.438275,0.818509,0.312261,0.000000,0.000000,0.875549,19116650.000000,228776616.430000,0.009904
2017-09-08,16.774000,16.870001,16.530001,16.575001,17296000,0.000000,0.000000,14.860003,14.945049,14.643845,14.683710,14.351719,13.970333,13.660294,11.914358,14.536027,14.312260,0.223767,0.184105,0.039662,56.734613,14.351719,15.002239,13.701199,0.755174,0.347524,0.023667,-0.016845,-0.001385,0.067977,0.050513,0.378285,0.796856,0.319607,-0.016845,-0.016845,0.843955,18674750.000000,286681217.296000,0.025985
2017-09-11,16.750999,17.065001,16.740999,16.996000,18828000,0.000000,0.000000,14.839620,15.117791,14.830760,15.056664,14.421262,14.019252,13.690570,11.942890,14.616125,14.367401,0.248724,0.197029,0.051695,61.738744,14.421262,15.060314,13.782209,0.997144,0.353706,0.023492,0.025399,0.018578,0.137312,0.099993,0.392509,0.890790,0.292116,0.000000,0.000000,0.879827,18720700.000000,320000688.000000,0.058409
2017-09-12,17.021999,17.256001,16.893000,17.167000,16897000,0.045000,0.000000,15.119730,15.327581,15.005147,15.248527,14.481395,14.073638,13.719947,11.972277,14.713418,14.432670,0.280748,0.213772,0.066975,64.042807,14.481395,15.193836,13.768954,1.038383,0.351472,0.023050,0.012743,0.048907,0.115815,0.109629,0.410830,0.865816,0.277745,0.000000,0.000000,0.903781,18501950.000000,290070799.000000,0.072025
2017-09-13,17.229000,17.249001,16.988001,17.152000,14271000,0.000000,0.000000,15.303601,15.321367,15.089535,15.235207,14.533509,14.131549,13.748643,12.001338,14.793693,14.492117,0.301576,0.231333,0.070243,63.755761,14.533509,15.306972,13.760046,0.953608,0.342927,0.022509,-0.000874,0.042211,0.084676,0.125862,0.388936,0.899418,0.266083,-0.000874,-0.000874,0.902118,18306800.000000,244776192.000000,0.083036
2017-09-14,17.084000,17.437000,17.028999,17.257999,19422000,0.000000,0.000000,15.174804,15.488356,15.125951,15.329359,14.576998,14.185603,13.776046,12.031207,14.876103,14.554135,0.321968,0.249460,0.072508,64.951567,14.576998,15.426983,13.727013,0.942573,0.344318,0.022461,0.006180,0.026384,0.080071,0.165397,0.377550,0.910530,0.265185,0.000000,0.000000,0.913873,16728500.000000,335184856.578000,0.122646
2017-09-15,17.261000,17.413000,17.184999,17.299000,26911000,0.000000,0.000000,15.332026,15.467040,15.264519,15.365780,14.643392,14.237976,13.800942,12.060908,14.951438,14.614257,0.337181,0.267004,0.070177,65.426758,14.643392,15.523001,13.763784,0.910630,0.334190,0.021749,0.002376,0.046451,0.062672,0.170294,0.375255,0.878351,0.259537,0.000000,0.000000,0.918420,17093800.000000,465533389.000000,0.122062
2017-09-18,17.441000,17.818001,17.395000,17.731001,28200000,0.000000,0.000000,15.491911,15.826781,15.451052,15.749503,14.719981,14.290511,13.829895,12.093207,15.074217,14.698349,0.375868,0.288777,0.087091,70.036194,14.719981,15.704076,13.735886,1.023080,0.343248,0.021794,0.024973,0.046015,0.121928,0.177356,0.405377,0.933542,0.242105,0.000000,0.000000,0.966328,17541500.000000,500014228.200000,0.142794
2017-09-19,17.757000,17.802999,17.600000,17.712000,21471000,0.000000,0.000000,15.772594,15.813453,15.633140,15.732623,14.804984,14.337907,13.857364,12.128681,15.175511,14.774962,0.400548,0.311131,0.089417,69.596617,14.804984,15.831835,13.778132,0.951691,0.331609,0.021078,-0.001072,0.031747,0.106550,0.183067,0.433130,0.948447,0.241674,-0.001072,-0.001072,0.964221,17837650.000000,380294352.000000,0.138902
2017-09-20,17.740999,17.764000,17.040001,17.302000,23419000,0.000000,0.000000,15.758385,15.778815,15.135726,15.368445,14.847814,14.372916,13.883091,12.161497,15.205193,14.818924,0.386269,0.326159,0.060110,60.739192,14.847814,15.894450,13.801177,0.748716,0.353858,0.023025,-0.023148,0.008745,0.095198,0.149479,0.387341,0.906863,0.253418,-0.024195,-0.024195,0.918753,17747450.000000,405195538.000000,0.113853
2017-09-21,17.316999,17.354000,17.013000,17.228001,21657000,0.000000,0.000000,15.381770,15.414636,15.111744,15.302717,14.896704,14.405087,13.904299,12.193148,15.220196,14.854760,0.365436,0.334014,0.031422,59.272977,14.896704,15.931783,13.861625,0.696127,0.350218,0.022886,-0.004277,-0.001738,0.054498,0.151275,0.381958,0.872045,0.230622,-0.028368,-0.028368,0.910547,17922400.000000,373106817.657000,0.121452
2017-09-22,17.171000,17.695999,17.139999,17.673000,15828000,0.000000,0.000000,15.252081,15.718410,15.224546,15.697982,14.978113,14.444526,13.929372,12.226490,15.293702,14.917221,0.376481,0.342508,0.033973,64.779162,14.978113,15.995312,13.960914,0.853848,0.360478,0.022963,0.025830,0.021620,0.095851,0.167474,0.394076,0.932831,0.236722,-0.003271,-0.003271,0.959896,17976950.000000,279728244.000000,0.141669
2017-09-25,17.600000,17.600000,17.000000,17.017000,22130000,0.000000,0.000000,15.633142,15.633142,15.100194,15.115294,15.034641,14.468129,13.947947,12.255385,15.266255,14.931893,0.334361,0.340878,-0.006517,53.332205,15.034641,15.938773,14.130509,0.544602,0.377429,0.024970,-0.037119,-0.040269,0.074309,0.145189,0.338864,0.879539,0.267121,-0.040269,-0.040269,0.887147,18447500.000000,376586210.000000,0.125430
2017-09-26,17.232000,17.266001,16.752001,16.944000,25498000,0.000000,0.000000,15.306266,15.336467,14.879908,15.050451,15.075480,14.491002,13.965405,12.283694,15.233054,14.940675,0.292379,0.331178,-0.038800,52.226205,15.075480,15.897321,14.253639,0.484773,0.383081,0.025453,-0.004290,-0.043360,0.076205,0.174732,0.333642,0.879052,0.266395,-0.044386,-0.044386,0.856709,19093300.000000,432038112.000000,0.136738
2017-09-27,17.510000,18.063000,17.306000,17.938999,30403000,0.000000,0.000000,15.553198,16.044398,15.371995,15.934255,15.153200,14.527353,13.991966,12.317762,15.340931,15.014274,0.326657,0.330274,-0.003617,63.374855,15.153200,15.991876,14.314525,0.965648,0.426714,0.026780,0.058723,0.036816,0.119476,0.216710,0.410522,0.965740,0.325064,0.000000,0.000000,0.956645,19997400.000000,545399386.597000,0.181606
2017-09-28,17.858999,18.208000,17.768999,18.181999,20617000,0.000000,0.000000,15.863193,16.173192,15.783251,16.150097,15.229886,14.559374,14.021737,12.352913,15.465418,15.098409,0.367009,0.337621,0.029388,65.492765,15.229886,16.139374,14.320399,1.005895,0.424088,0.026259,0.013546,0.055374,0.123106,0.280665,0.420520,0.983149,0.325856,0.000000,0.000000,0.976981,20242600.000000,374858273.383000,0.230359
2017-09-29,18.290001,18.523001,18.142000,18.504000,17893000,0.000000,0.000000,16.246033,16.452995,16.114572,16.436117,15.316488,14.596105,14.053114,12.389306,15.614756,15.197498,0.417258,0.353549,0.063709,68.123313,15.316488,16.338104,14.294872,1.047970,0.417969,0.025430,0.017710,0.047021,0.124500,0.311824,0.449507,1.011993,0.326407,0.000000,0.000000,0.983065,20241050.000000,331092072.000000,0.253922
2017-10-02,18.504000,18.757000,18.344999,18.594999,21015000,0.000000,0.000000,16.436124,16.660851,16.294893,16.516954,15.403234,14.636703,14.086527,12.425935,15.753556,15.295236,0.458320,0.374503,0.083817,68.846160,15.403234,16.523625,14.282843,0.997023,0.414254,0.025081,0.004918,0.092731,0.123290,0.338529,0.455955,0.990294,0.326420,0.000000,0.000000,0.992818,20506500.000000,390773903.985000,0.271973
2017-10-03,18.650999,18.670000,18.282000,18.487000,14826000,0.000000,0.000000,16.566683,16.583561,16.238921,16.421011,15.497407,14.674337,14.118300,12.461346,15.856241,15.378627,0.477615,0.395125,0.082490,66.906919,15.497407,16.627999,14.366816,0.908460,0.409281,0.024924,-0.005809,0.091064,0.110876,0.300503,0.442220,0.981242,0.328873,-0.005809,-0.005809,0.976228,20478650.000000,274088262.000000,0.238585
2017-10-04,18.396999,18.527000,18.209999,18.502001,23646000,0.000000,0.000000,16.341072,16.456545,16.174970,16.434340,15.588217,14.711636,14.150507,12.497558,15.945180,15.456828,0.488352,0.413771,0.074581,67.045796,15.588217,16.713192,14.463242,0.876063,0.400159,0.024349,0.000812,0.031384,0.130476,0.289257,0.456042,0.977832,0.319772,-0.005002,-0.005002,0.974293,20689900.000000,437498315.646000,0.216152
2017-10-05,18.527000,18.556999,18.079000,18.282000,15893000,0.000000,0.000000,16.456547,16.483193,16.058613,16.238926,15.653398,14.738151,14.179266,12.531675,15.990371,15.514761,0.475611,0.426139,0.049472,62.879532,15.653398,16.770123,14.536673,0.762163,0.401904,0.024749,-0.011891,0.005500,0.110874,0.237463,0.426559,0.927084,0.325766,-0.016833,-0.016833,0.950818,20806050.000000,290555826.000000,0.167208
2017-10-06,18.257999,18.503000,18.236000,18.483000,10168000,0.000000,0.000000,16.217609,16.435231,16.198068,16.417465,15.740086,14.774580,14.208672,12.566747,16.056078,15.581628,0.474450,0.435801,0.038649,65.018368,15.740086,16.807972,14.672199,0.817159,0.390136,0.023764,0.010995,-0.001135,0.099239,0.228591,0.437335,0.870099,0.321021,-0.006023,-0.006023,0.972266,20449650.000000,187935144.000000,0.161596
2017-10-09,18.500000,18.594999,18.372999,18.466000,11131000,0.000000,0.000000,16.432562,16.516944,16.319754,16.402361,15.807371,14.816306,14.242600,12.601906,16.109352,15.642423,0.466930,0.442027,0.024903,64.678844,15.807371,16.863462,14.751280,0.781695,0.376355,0.022945,-0.000920,-0.006938,0.117045,0.204464,0.441588,0.865400,0.312166,-0.006938,-0.006938,0.970451,20064800.000000,205545046.000000,0.142069
2017-10-10,18.613001,18.635000,18.195000,18.490000,15708000,0.000000,0.000000,16.532937,16.552477,16.161648,16.423681,15.866128,14.862250,14.274497,12.636639,16.157711,15.700294,0.457417,0.445105,0.012312,64.957017,15.866128,16.922068,14.810189,0.764008,0.377388,0.022978,0.001300,0.000163,0.090791,0.199320,0.461274,0.834911,0.303829,-0.005647,-0.005647,0.973013,20005350.000000,290440920.000000,0.147240
2017-10-11,18.422001,18.621000,18.395000,18.618000,16279000,0.000000,0.000000,16.363277,16.540038,16.339294,16.537373,15.931237,14.914012,14.305243,12.671778,16.216120,15.762300,0.453821,0.446848,0.006973,66.473359,15.931237,16.983954,14.878519,0.787891,0.364771,0.022057,0.006922,0.006269,0.084523,0.204816,0.483869,0.895107,0.302462,0.000000,0.000000,0.986671,20105750.000000,303082422.000000,0.152364
2017-10-12,18.611000,18.910999,18.611000,18.698999,21387000,0.000000,0.000000,16.531158,16.797632,16.531158,16.609324,15.995235,14.977683,14.336258,12.706849,16.276613,15.825042,0.451571,0.447793,0.003778,67.433766,15.995235,17.049514,14.940956,0.791236,0.357750,0.021539,0.004351,0.022809,0.090194,0.191903,0.502112,0.920904,0.301933,0.000000,0.000000,0.995314,20204000.000000,399915491.613000,0.147699
2017-10-13,18.864000,19.031000,18.752001,18.990000,15571000,0.000000,0.000000,16.755883,16.904220,16.656400,16.867802,16.070336,15.051220,14.369399,12.743856,16.367565,15.902284,0.465282,0.451290,0.013991,70.682834,16.070336,17.149518,14.991155,0.869477,0.353260,0.020943,0.015562,0.027430,0.100359,0.212919,0.499610,0.969761,0.304411,0.000000,0.000000,1.026366,19637000.000000,295693290.000000,0.166776
2017-10-16,19.100000,19.385000,19.034000,19.236000,28363000,0.000000,0.000000,16.965512,17.218662,16.906888,17.086313,16.137177,15.127089,14.405210,12.782139,16.478142,15.989990,0.488152,0.458663,0.029490,73.123963,16.137177,17.295390,14.978963,0.909742,0.353089,0.020665,0.012954,0.041698,0.111972,0.210359,0.517845,0.985324,0.305581,0.000000,0.000000,1.052616,19645150.000000,545590668.000000,0.166274
2017-10-17,19.509001,19.549000,19.190001,19.455000,38370000,0.000000,0.000000,17.328802,17.364331,17.045451,17.280836,16.214587,15.196590,14.442066,12.822021,16.601633,16.085608,0.516025,0.470135,0.045890,75.110799,16.214587,17.462438,14.966737,0.927234,0.350645,0.020291,0.011385,0.052190,0.097231,0.187764,0.436594,1.011203,0.298059,0.000000,0.000000,1.075985,20490100.000000,746488350.000000,0.150392
2017-10-18,19.708000,20.091000,19.312000,20.049000,53963000,0.000000,0.000000,17.505565,17.845763,17.153819,17.808456,16.336588,15.276803,14.483120,12.863867,16.787298,16.213226,0.574072,0.490923,0.083149,79.530887,16.336588,17.707193,14.965983,1.036941,0.375024,0.021059,0.030532,0.076861,0.131944,0.219795,0.446568,1.043230,0.310342,0.000000,0.000000,1.139369,22017300.000000,1081904187.000000,0.183141
2017-10-19,19.839001,20.100000,19.493000,20.098000,30195000,0.000000,0.000000,17.621931,17.853763,17.314597,17.851986,16.464051,15.358861,14.523063,12.905904,16.951096,16.334616,0.616481,0.516034,0.100446,79.848846,16.464051,17.902307,15.025795,0.982506,0.386748,0.021664,0.002444,0.074817,0.161600,0.232273,0.443681,1.043089,0.292077,0.000000,0.000000,1.144598,22444200.000000,606859110.000000,0.198251
2017-10-20,20.250000,20.634001,20.243999,20.534000,31052000,0.000000,0.000000,17.986995,18.328083,17.981665,18.239258,16.591115,15.458870,14.568381,12.949984,17.149275,16.475700,0.673575,0.547542,0.126032,82.459384,16.591115,18.185008,14.997222,1.017018,0.393130,0.021554,0.021693,0.081306,0.191897,0.254479,0.448813,1.147273,0.292941,0.000000,0.000000,1.191122,23205400.000000,637621768.000000,0.220436
2017-10-23,20.622000,20.841000,20.405001,20.589001,28426000,0.000000,0.000000,18.317420,18.511946,18.124671,18.288109,16.749756,15.551316,14.613066,12.994078,17.324480,16.609953,0.714527,0.580939,0.133588,82.762731,16.749756,18.356698,15.142813,0.978659,0.392712,0.021474,0.002678,0.070337,0.164997,0.255239,0.420303,1.138245,0.286649,0.000000,0.000000,1.196990,23520200.000000,585262942.426000,0.228000
2017-10-24,20.667000,20.676001,20.327000,20.584000,19756000,0.000000,0.000000,18.357399,18.365394,18.055395,18.283674,16.911417,15.636072,14.655674,13.037597,17.472049,16.733932,0.738116,0.612375,0.125742,82.623029,16.911417,18.447532,15.375302,0.946665,0.386804,0.021156,-0.000243,0.058032,0.209614,0.226010,0.422399,1.108137,0.238887,-0.000243,-0.000243,1.196458,23233100.000000,406657504.000000,0.198657
2017-10-25,20.580000,20.580000,19.900000,20.306999,26620000,0.000000,0.000000,18.280122,18.280122,17.676114,18.037630,17.016586,15.712966,14.694050,13.080056,17.559061,16.830502,0.728559,0.635612,0.092947,75.053933,17.016586,18.559013,15.474159,0.830986,0.402572,0.022318,-0.013457,0.012869,0.198478,0.235792,0.389034,1.098853,0.247374,-0.013696,-0.013696,1.166900,23043950.000000,540572313.380000,0.207322
2017-10-26,20.469999,20.865000,20.427999,20.677999,18692000,0.000000,0.000000,18.182403,18.533261,18.145097,18.367159,17.127439,15.791118,14.735084,13.123935,17.683384,16.944329,0.739055,0.656300,0.082755,77.965410,17.127439,18.725340,15.529538,0.887922,0.409219,0.022280,0.018269,0.028858,0.152684,0.282976,0.435404,1.141783,0.172945,0.000000,0.000000,1.206487,22947700.000000,386513157.308000,0.254411
2017-10-27,20.806000,20.840000,20.450001,20.799999,19847000,0.000000,0.000000,18.480864,18.511065,18.164649,18.475534,17.229410,15.879871,14.776059,13.168716,17.805253,17.057751,0.747502,0.674541,0.072961,78.840083,17.229410,18.900185,15.558634,0.872918,0.404733,0.021906,0.005900,0.012954,0.143989,0.307865,0.401589,1.180487,0.171232,0.000000,0.000000,1.219506,23045400.000000,412817580.153000,0.252236
2017-10-30,20.687000,20.820000,20.450001,20.620001,13895000,0.000000,0.000000,18.375163,18.493299,18.164649,18.315651,17.319344,15.961829,14.813069,13.211655,17.883776,17.150929,0.732847,0.686202,0.046645,74.162893,17.319344,19.021983,15.616706,0.792577,0.399299,0.021801,-0.008654,0.001506,0.114354,0.313016,0.388529,1.172627,0.173785,-0.008654,-0.008654,1.200299,22689400.000000,286514913.895000,0.260207
2017-10-31,20.733000,21.009001,20.652000,20.857000,16464000,0.000000,0.000000,18.416016,18.661173,18.344069,18.526159,17.424602,16.051701,14.858554,13.256280,17.982604,17.252798,0.729806,0.694923,0.034883,76.167625,17.424602,19.153487,15.695716,0.818574,0.395458,0.021346,0.011493,0.013262,0.121645,0.379899,0.397376,1.182850,0.175125,0.000000,0.000000,1.225588,22771300.000000,343389648.000000,0.322530
2017-11-01,21.045000,21.045000,20.054001,20.292000,28064000,0.000000,0.000000,18.693152,18.693152,17.812900,18.024302,17.504100,16.121950,14.901917,13.297454,17.989019,17.309947,0.679073,0.691753,-0.012680,63.514899,17.504100,19.186866,15.821334,0.654568,0.430086,0.023861,-0.027089,-0.000739,0.097637,0.366412,0.354738,1.141629,0.205399,-0.027089,-0.027089,1.165299,22992200.000000,569474688.000000,0.307079
2017-11-02,20.299999,20.702000,20.150999,20.681999,23658000,0.000000,0.000000,18.031408,18.388483,17.899059,18.370718,17.610690,16.202866,14.948205,13.340536,18.047742,17.388522,0.659220,0.685246,-0.026026,67.525084,17.610690,19.224689,15.996690,0.735449,0.434324,0.023642,0.019219,0.000194,0.117825,0.382000,0.383531,1.187344,0.211026,-0.008390,-0.008390,1.206914,23380450.000000,489294732.342000,0.324789
2017-11-03,20.719999,20.795000,20.502001,20.707001,18828000,0.000000,0.000000,18.404464,18.471083,18.210827,18.392918,17.709462,16.289328,14.996813,13.383065,18.100846,17.462922,0.637924,0.675782,-0.037858,67.769570,17.709462,19.256391,16.162533,0.720907,0.421891,0.022938,0.001208,-0.004472,0.132644,0.332262,0.396257,1.204013,0.202194,-0.007192,-0.007192,1.209581,23813450.000000,389871414.828000,0.272631
2017-11-06,20.757000,20.787001,20.440001,20.667000,22484000,0.000000,0.000000,18.437336,18.463984,18.155762,18.357393,17.807214,16.376782,15.048850,13.425231,18.140315,17.529179,0.611136,0.662852,-0.051717,66.901592,17.807214,19.249937,16.364490,0.690674,0.413772,0.022540,-0.001931,0.002279,0.118162,0.330457,0.380415,1.205314,0.203148,-0.009110,-0.009110,1.183024,24381100.000000,464676828.000000,0.265159
2017-11-07,20.658001,20.985001,20.650000,20.919001,13602000,0.000000,0.000000,18.349408,18.639864,18.342300,18.581240,17.915092,16.463733,15.103364,13.467694,18.208149,17.607109,0.601040,0.650490,-0.049450,69.548196,17.915092,19.240082,16.590102,0.751379,0.405471,0.021822,0.012194,0.002973,0.132839,0.351452,0.410270,1.152669,0.203078,0.000000,0.000000,1.209644,24275800.000000,284540251.602000,0.286051
2017-11-08,20.920000,21.141001,20.688000,21.124001,15650000,0.000000,0.000000,18.582122,18.778425,18.376048,18.763325,18.026389,16.551402,15.157227,13.510064,18.293561,17.692755,0.600806,0.640553,-0.039747,71.541620,18.026389,19.232753,16.820026,0.805437,0.405250,0.021598,0.009799,0.041001,0.142456,0.417297,0.416775,1.160387,0.202715,0.000000,0.000000,1.231297,24244350.000000,330590615.650000,0.325249
2017-11-09,20.938000,20.983000,20.325001,20.629000,21251000,0.000000,0.000000,18.598107,18.638078,18.053613,18.323639,18.112105,16.625548,15.207481,13.551375,18.298188,17.739487,0.558701,0.624183,-0.065482,61.134591,18.112105,19.122168,17.102042,0.604713,0.426997,0.023303,-0.023433,-0.002563,0.108014,0.340838,0.386720,1.133655,0.227556,-0.023433,-0.023433,1.179010,24237550.000000,438386879.000000,0.261962
2017-11-10,20.586000,20.764999,20.455999,20.739000,17156000,0.000000,0.000000,18.285453,18.444448,18.169980,18.421354,18.189783,16.699893,15.257996,13.591454,18.317137,17.789996,0.527141,0.604774,-0.077633,62.442181,18.189783,19.019843,17.359723,0.639491,0.416102,0.022588,0.005333,0.001546,0.109097,0.311515,0.378540,1.190631,0.227547,-0.018226,-0.018226,1.156475,24316800.000000,355798284.000000,0.246736
2017-11-13,20.537001,20.937000,20.455999,20.923000,14576000,0.000000,0.000000,18.241923,18.597221,18.169973,18.584785,18.264706,16.775948,15.310924,13.633336,18.358314,17.848869,0.509444,0.585708,-0.076264,64.588110,18.264706,18.929435,17.599977,0.740759,0.416898,0.022432,0.008872,0.012387,0.101791,0.309440,0.379010,1.175607,0.224813,-0.009515,-0.009515,1.153080,23627450.000000,304973648.000000,0.242396
2017-11-14,20.875999,20.940001,20.655001,20.864000,10052000,0.000000,0.000000,18.543035,18.599884,18.346734,18.532377,18.327283,16.855845,15.361786,13.675458,18.385093,17.899499,0.485593,0.565685,-0.080092,63.338342,18.327283,18.813772,17.840795,0.710790,0.405202,0.021865,-0.002820,-0.002630,0.084633,0.281668,0.424516,1.147009,0.224175,-0.012308,-0.012308,1.145484,22211550.000000,209724928.000000,0.219768
2017-11-15,21.000000,21.084999,20.605000,20.785999,21778000,0.000000,0.000000,18.653182,18.728682,18.302324,18.463097,18.360015,16.932744,15.414428,13.715966,18.397093,17.941247,0.455846,0.543718,-0.087872,61.640344,18.360015,18.783540,17.936491,0.621695,0.406713,0.022028,-0.003738,-0.016001,0.068415,0.315233,0.395129,1.083773,0.223994,-0.016001,-0.016001,1.137464,20602300.000000,452677486.222000,0.237395
2017-11-16,20.851000,21.472000,20.850000,21.322001,22595000,0.000000,0.000000,18.520831,19.072432,18.519943,18.939196,18.414376,17.012822,15.475702,13.759079,18.480494,18.015169,0.465324,0.528039,-0.062715,67.990975,18.414376,18.842414,17.986338,1.113054,0.421186,0.022239,0.025787,0.033594,0.063495,0.332083,0.406783,1.134973,0.217212,0.000000,0.000000,1.192581,20222300.000000,481770612.595000,0.239305
2017-11-17,21.687000,21.700001,20.955000,21.047001,19602000,0.000000,0.000000,19.263406,19.274954,18.613210,18.694929,18.437159,17.093046,15.531689,13.800785,18.513484,18.065522,0.447962,0.512023,-0.064062,62.292843,18.437159,18.874361,17.999958,0.794795,0.438369,0.023449,-0.012897,0.014851,0.047218,0.332252,0.384008,1.055462,0.224121,-0.012897,-0.012897,1.164303,19649800.000000,412563313.602000,0.240566
2017-11-20,21.172001,21.621000,21.155001,21.510000,19494000,0.000000,0.000000,18.805965,19.204787,18.790864,19.106192,18.478064,17.174036,15.596644,13.844764,18.604670,18.142609,0.462061,0.502031,-0.039970,67.266871,18.478064,19.001185,17.954942,1.100366,0.443475,0.023211,0.021999,0.028056,0.047531,0.316593,0.409660,1.082424,0.224456,0.000000,0.000000,1.211914,19203200.000000,419315940.000000,0.238271
2017-11-21,21.715000,21.969999,21.653999,21.891001,21494000,0.000000,0.000000,19.288277,19.514779,19.234093,19.444609,18.536110,17.257958,15.665798,13.890505,18.733891,18.239053,0.494838,0.500592,-0.005754,70.692784,18.536110,19.205580,17.866641,1.178521,0.440983,0.022679,0.017712,0.049224,0.063238,0.357397,0.439790,1.088787,0.230722,0.000000,0.000000,1.251093,19290100.000000,470525175.494000,0.264369
2017-11-22,21.920000,21.950001,21.424000,21.517000,18829000,0.000000,0.000000,19.470373,19.497021,19.029802,19.112410,18.589849,17.335502,15.733526,13.935083,18.792125,18.303746,0.488379,0.498150,-0.009771,63.650385,18.589849,19.263376,17.916323,0.887929,0.442857,0.023171,-0.017084,0.035168,0.045327,0.358401,0.405813,1.044058,0.240880,-0.017084,-0.017084,1.212634,18900550.000000,405143593.000000,0.263361
2017-11-24,21.608000,21.752001,21.563000,21.683001,8085000,0.000000,0.000000,19.193230,19.321139,19.153259,19.259850,18.634484,17.414112,15.799858,13.980340,18.864082,18.374569,0.489514,0.496422,-0.006909,65.302519,18.634484,19.362024,17.906944,0.929781,0.426134,0.022126,0.007714,0.016931,0.067759,0.377205,0.405516,1.055205,0.234598,-0.009502,-0.009502,1.229703,18370200.000000,175307063.085000,0.277691
2017-11-27,21.257000,21.346001,20.799999,21.093000,27327000,0.000000,0.000000,18.881460,18.960515,18.475531,18.735788,18.647497,17.481512,15.859744,14.022981,18.844345,18.401326,0.443019,0.485742,-0.042723,55.624936,18.647497,19.372371,17.922622,0.560901,0.451718,0.024110,-0.027210,0.002186,0.020070,0.316300,0.352019,0.988313,0.250244,-0.036453,-0.036453,1.169033,18744200.000000,576408411.000000,0.221521
2017-11-28,21.163000,21.539000,20.973000,21.313999,24966000,0.000000,0.000000,18.797966,19.131947,18.629199,18.932091,18.678319,17.545164,15.917837,14.066486,18.857844,18.440642,0.417203,0.472034,-0.054831,58.128096,18.678319,19.396170,17.960467,0.676758,0.455363,0.024052,0.010477,-0.009112,0.024711,0.316571,0.381152,1.023635,0.251855,-0.026358,-0.026358,1.191759,19297750.000000,532125299.034000,0.219700
2017-11-29,21.165001,21.187000,18.926001,19.464001,79810000,0.000000,0.000000,18.799735,18.819276,16.810951,17.288828,18.616452,17.576288,15.957097,14.102051,18.616457,18.355322,0.261135,0.429854,-0.168719,38.533003,18.616452,19.565547,17.667357,-0.199416,0.574347,0.033221,-0.086798,-0.110868,-0.056063,0.182839,0.251032,0.834245,0.395319,-0.110868,-0.110868,1.001519,22465050.000000,1553421919.810000,0.111222
2017-11-30,19.740999,19.872999,19.131001,19.233000,50477000,0.000000,0.000000,17.534881,17.652130,16.993052,17.083652,18.569420,17.610592,15.991754,14.136326,18.380641,18.261124,0.119517,0.367787,-0.248270,36.862121,18.569420,19.714965,17.423874,-0.148498,0.580400,0.033974,-0.011868,-0.106149,-0.077863,0.161831,0.218274,0.838975,0.393224,-0.121420,-0.121420,0.977766,23585700.000000,970824141.000000,0.092561
2017-12-01,19.000000,19.127001,18.069000,18.781000,56596000,0.000000,0.000000,16.876685,16.989493,16.049728,16.682159,18.484992,17.638181,16.021634,14.169324,18.119336,18.144164,-0.024828,0.289264,-0.314092,33.775712,18.484992,19.907592,17.062391,-0.133640,0.612794,0.036734,-0.023502,-0.133838,-0.074463,0.128542,0.174799,0.931285,0.390706,-0.142068,-0.142068,0.894577,25232600.000000,1062929476.000000,0.064480
2017-12-04,18.969000,18.983999,17.950001,18.073999,53518000,0.000000,0.000000,16.849148,16.862471,15.944025,16.054167,18.368054,17.645305,16.044915,14.199037,17.801618,17.989349,-0.187732,0.193865,-0.381596,29.600884,18.368054,20.159258,16.576850,-0.145903,0.634627,0.039530,-0.037645,-0.143128,-0.126100,0.104325,0.125519,0.823257,0.398836,-0.174364,-0.174364,0.789249,26967100.000000,967284278.482000,0.041617
2017-12-05,18.000000,18.677000,17.580000,18.052999,51648000,0.050000,0.000000,16.032795,16.635806,15.658696,16.080002,18.254185,17.664599,16.066364,14.227594,17.536754,17.847916,-0.311162,0.092859,-0.404022,29.984298,18.254185,20.317177,16.191192,-0.026949,0.659090,0.040988,0.001609,-0.150648,-0.125750,0.100002,0.118370,0.792128,0.398931,-0.173035,-0.173035,0.780824,28425300.000000,932401292.352000,0.042301
2017-12-06,17.905001,18.431999,17.750000,18.423000,39916000,0.000000,0.000000,15.948177,16.417580,15.810116,16.409565,18.145601,17.691781,16.091392,14.257465,17.363340,17.741372,-0.378032,-0.001319,-0.376713,34.858190,18.145601,20.359221,15.931980,0.107874,0.655402,0.039940,0.020495,-0.050857,-0.106106,0.098710,0.122819,0.817323,0.409291,-0.156087,-0.156087,0.799339,29741000.000000,735372468.000000,0.039548
2017-12-07,18.709000,19.011999,18.577000,18.916000,33346000,0.000000,0.000000,16.664305,16.934190,16.546731,16.848682,18.049869,17.710070,16.118711,14.289905,17.284162,17.675247,-0.391085,-0.079272,-0.311813,40.774064,18.049869,20.315988,15.783749,0.234968,0.646061,0.038345,0.026760,-0.013754,-0.093242,0.147440,0.205402,0.804660,0.419972,-0.133504,-0.133504,0.847489,30625800.000000,630772936.000000,0.076271
2017-12-08,19.125000,19.299999,18.603001,18.646000,34763000,0.000000,0.000000,17.034841,17.190715,16.569891,16.608191,17.964096,17.719232,16.139303,14.320677,17.180166,17.596205,-0.416039,-0.146625,-0.269414,38.701127,17.964096,20.314864,15.613329,0.211604,0.644258,0.038792,-0.014274,-0.004434,-0.114859,0.103046,0.213343,0.768940,0.418059,-0.145872,-0.145872,0.821119,31301400.000000,648190898.000000,0.039644
2017-12-11,18.771999,18.820000,18.400000,18.556000,28030000,0.000000,0.000000,16.720422,16.763176,16.389077,16.528028,17.869430,17.721070,16.158587,14.350827,17.079837,17.517081,-0.437244,-0.204749,-0.232495,38.007493,17.869430,20.293997,15.444863,0.223373,0.624961,0.037812,-0.004827,0.029516,-0.097994,0.083910,0.202738,0.812153,0.412913,-0.149994,-0.149994,0.812328,31845100.000000,520124680.000000,0.018713
2017-12-12,18.455000,18.537001,18.114000,18.157000,22072000,0.000000,0.000000,16.438072,16.511111,16.134340,16.172640,17.748823,17.714184,16.175443,14.379531,16.940269,17.417493,-0.477224,-0.259244,-0.217980,35.011558,17.748823,20.261922,15.235723,0.186407,0.608442,0.037622,-0.021502,0.005761,-0.122071,0.061531,0.195137,0.773360,0.415263,-0.168271,-0.168271,0.766031,32219900.000000,400761304.000000,-0.000717
2017-12-13,18.174999,18.482000,18.128000,18.131001,32287000,0.000000,0.000000,16.188671,16.462120,16.146808,16.149481,17.629678,17.708753,16.191545,14.407622,16.818609,17.323566,-0.504957,-0.308387,-0.196570,34.818948,17.629678,20.211373,15.047983,0.213328,0.587504,0.036379,-0.001432,-0.015850,-0.131038,0.053500,0.227746,0.763503,0.412185,-0.169462,-0.169462,0.757086,33331650.000000,585395629.287000,-0.015984
2017-12-14,18.129999,18.443001,18.099001,18.209999,29567000,0.000000,0.000000,16.148588,16.427382,16.120978,16.219845,17.517515,17.704463,16.208049,14.436588,16.726491,17.241809,-0.515318,-0.349773,-0.165545,35.971492,17.517515,20.141329,14.893702,0.252713,0.567425,0.034983,0.004357,-0.037323,-0.124783,0.055582,0.235341,0.764742,0.413703,-0.165844,-0.165844,0.764573,33721100.000000,538415040.433000,-0.007698
2017-12-15,18.329000,18.746000,18.181000,18.632000,39779000,0.000000,0.000000,16.325837,16.697264,16.194011,16.595722,17.400342,17.711599,16.224875,14.467372,16.706373,17.193951,-0.487578,-0.377334,-0.110244,41.883262,17.400342,19.965485,14.835198,0.343163,0.562842,0.033915,0.023174,-0.000751,-0.101141,0.053730,0.240615,0.777053,0.425877,-0.146513,-0.146513,0.805465,34580300.000000,741162328.000000,-0.020936
2017-12-18,18.764999,19.080999,18.670000,18.907000,34140000,0.000000,0.000000,16.714190,16.995655,16.629573,16.840672,17.307629,17.720063,16.247322,14.499296,16.727034,17.167782,-0.440747,-0.390017,-0.050731,45.419933,17.307629,19.809004,14.806253,0.406660,0.551205,0.032731,0.014760,0.018916,-0.110803,0.070430,0.266390,0.832113,0.417559,-0.133916,-0.133916,0.809933,35307200.000000,645484980.000000,-0.012129
2017-12-19,18.813000,18.941999,18.565001,18.611000,23914000,0.000000,0.000000,16.756942,16.871843,16.536046,16.577019,17.181170,17.723556,16.269931,14.530314,16.703955,17.124022,-0.420067,-0.396027,-0.024040,42.427137,17.181170,19.552015,14.810325,0.372587,0.535819,0.032323,-0.015656,0.025004,-0.113288,0.078640,0.239874,0.760615,0.418305,-0.147475,-0.147475,0.781597,35528200.000000,445063454.000000,-0.000017
2017-12-20,19.090000,19.184000,18.730000,18.882999,32906000,0.000000,0.000000,17.003668,17.087395,16.683012,16.819290,17.049904,17.731468,16.296859,14.562410,16.721699,17.101449,-0.379750,-0.392771,0.013021,45.951401,17.049904,19.170604,14.929205,0.445628,0.534002,0.031749,0.014615,0.041476,-0.119694,0.099105,0.265372,0.788688,0.412966,-0.135015,-0.135015,0.807635,36098800.000000,621363965.094000,0.015297
2017-12-21,18.879000,18.915001,18.475000,18.563999,26719000,0.000000,0.000000,16.815731,16.847797,16.455884,16.535156,16.921041,17.731424,16.322718,14.593165,16.693000,17.059501,-0.366501,-0.387517,0.021016,42.653683,16.921041,18.815155,15.026928,0.398136,0.523852,0.031681,-0.016893,0.019440,-0.149628,0.053330,0.229735,0.764582,0.405558,-0.149628,-0.149628,0.777098,36493300.000000,496011489.281000,-0.030449
2017-12-22,18.525000,18.799000,18.410000,18.669001,15804000,0.000000,0.000000,16.500418,16.744473,16.397986,16.628681,16.789483,17.731811,16.354747,14.623040,16.683105,17.027589,-0.344484,-0.378911,0.034427,44.076338,16.789483,18.332597,15.246369,0.447897,0.511183,0.030741,0.005656,0.001986,-0.129954,0.100123,0.259849,0.754623,0.406343,-0.144818,-0.144818,0.787149,36879250.000000,295044891.804000,0.007609
2017-12-26,18.426001,18.669001,18.231001,18.431000,17065000,0.000000,0.000000,16.412242,16.628685,16.238553,16.416695,16.673528,17.722789,16.387004,14.651060,16.642119,16.982337,-0.340219,-0.371172,0.030954,41.559646,16.673528,17.921066,15.425990,0.397064,0.502537,0.030611,-0.012748,-0.025176,-0.147621,0.090778,0.281372,0.726324,0.403634,-0.155720,-0.155720,0.764366,36366150.000000,314525015.000000,0.003618
2017-12-27,18.476000,18.702999,18.400000,18.537001,16105000,0.000000,0.000000,16.456772,16.658963,16.389078,16.511106,16.552479,17.711285,16.419187,14.679575,16.621963,16.947431,-0.325468,-0.362031,0.036563,43.117418,16.552479,17.205389,15.899569,0.468316,0.485919,0.029430,0.005751,-0.003976,-0.118740,0.036202,0.260757,0.720804,0.399232,-0.150865,-0.150865,0.774513,35923100.000000,298538401.105000,-0.039121
2017-12-28,18.594000,18.700001,18.490000,18.554001,13101000,0.000000,0.000000,16.561875,16.656291,16.469241,16.526247,16.514350,17.696193,16.446392,14.707361,16.607237,16.916232,-0.308995,-0.351424,0.042429,43.378089,16.514350,17.067672,15.961028,0.510751,0.464571,0.028111,0.000917,-0.017423,-0.127078,0.023291,0.310493,0.745759,0.395712,-0.150086,-0.150086,0.776140,32587650.000000,243075967.101000,-0.053677
2017-12-29,18.558001,18.672001,18.402000,18.407000,13810000,0.000000,0.000000,16.529808,16.631349,16.390857,16.395309,16.479933,17.667930,16.472367,14.733698,16.574633,16.877646,-0.303013,-0.341742,0.038729,41.602555,16.479933,16.965658,15.994208,0.412889,0.448565,0.027359,-0.007923,-0.008458,-0.051682,-0.002483,0.308567,0.738717,0.266335,-0.156820,-0.156820,0.762068,30754300.000000,254200670.000000,-0.065203
2018-01-02,18.514999,18.952000,18.386999,18.927999,20373000,0.000000,0.000000,16.491511,16.880752,16.377500,16.859375,16.488794,17.648078,16.503469,14.762130,16.618439,16.876292,-0.257853,-0.324964,0.067111,49.493114,16.488794,16.996041,15.981547,0.865287,0.452472,0.026838,0.028305,0.013873,-0.013128,0.020731,0.366279,0.811943,0.284086,-0.132954,-0.132954,0.789100,28943150.000000,385620123.627000,-0.054487
2018-01-03,19.068001,19.382000,18.962000,19.250000,25833000,0.000000,0.000000,16.984076,17.263759,16.889660,17.146185,16.543395,17.626217,16.542543,14.791828,16.699631,16.896284,-0.196653,-0.299302,0.102649,53.660506,16.543395,17.087417,15.999372,1.054013,0.449037,0.026189,0.017012,0.044436,0.027816,0.044161,0.357935,0.816482,0.277297,-0.118204,-0.118204,0.819536,27558900.000000,497285250.000000,-0.037566
2018-01-04,19.500000,19.684999,19.315001,19.337999,22272000,0.000000,0.000000,17.368854,17.533635,17.204073,17.224558,16.600622,17.604945,16.578131,14.823061,16.780389,16.920601,-0.140212,-0.267484,0.127272,54.759013,16.600622,17.179107,16.022138,1.039285,0.444638,0.025814,0.004571,0.043210,0.072903,0.048083,0.351249,0.823764,0.238088,-0.114173,-0.114173,0.827853,26090100.000000,430695913.728000,-0.035055
2018-01-05,19.490000,19.718000,19.445000,19.639999,17130000,0.000000,0.000000,17.359958,17.563041,17.319876,17.493565,16.654822,17.589143,16.612608,14.855141,16.890108,16.963043,-0.072934,-0.228574,0.155640,58.403914,16.654822,17.349411,15.960234,1.103770,0.437055,0.024984,0.015618,0.058532,0.087908,0.077261,0.333070,0.856399,0.241633,-0.100339,-0.100339,0.847427,24950800.000000,336433182.870000,-0.006440
2018-01-08,19.632999,19.948999,19.625000,19.788000,27627000,0.000000,0.000000,17.487323,17.768787,17.480197,17.625383,16.693657,17.580898,16.646932,14.887902,17.003228,17.012105,-0.008877,-0.184635,0.175757,60.100279,16.693657,17.510055,15.877260,1.070633,0.426451,0.024195,0.007535,0.075026,0.074092,0.073575,0.318985,0.861348,0.234643,-0.093559,-0.093559,0.851540,24664850.000000,546683076.000000,-0.012494
2018-01-09,19.822001,19.975000,19.337000,19.757000,29550000,0.000000,0.000000,17.655673,17.791952,17.223678,17.597776,16.743137,17.565511,16.678314,14.919588,17.094697,17.055488,0.039209,-0.139866,0.179075,59.552512,16.743137,17.652394,15.833879,0.969966,0.436581,0.024809,-0.001566,0.043798,0.044460,0.072881,0.292246,0.836922,0.219298,-0.094979,-0.094979,0.848640,24404200.000000,583819350.000000,-0.015854
2018-01-10,19.434000,19.523001,19.028999,19.166000,35108000,0.000000,0.000000,17.310076,17.389349,16.949337,17.071365,16.770304,17.537427,16.708649,14.948497,17.091107,17.056664,0.034443,-0.105004,0.139447,50.163900,16.770304,17.684951,15.855656,0.664578,0.451714,0.026460,-0.029913,-0.004364,0.027888,0.039436,0.246616,0.788381,0.239803,-0.122052,-0.122052,0.793341,24758100.000000,672879928.000000,-0.046536
2018-01-11,19.205999,19.282000,18.841000,18.912001,28164000,0.000000,0.000000,17.106991,17.174685,16.781882,16.845123,16.803928,17.508017,16.734923,14.976296,17.053263,17.040994,0.012269,-0.081549,0.093819,46.752453,16.803928,17.674444,15.933411,0.523661,0.447506,0.026566,-0.013253,-0.022029,0.019185,0.018609,0.227237,0.756260,0.244303,-0.133687,-0.133687,0.769574,25062700.000000,532637596.164000,-0.073497
2018-01-12,18.912001,19.138000,18.830000,18.851000,27881000,0.000000,0.000000,16.845125,17.046425,16.772086,16.790791,16.835993,17.473309,16.762505,15.003767,17.012883,17.022461,-0.009578,-0.067155,0.057577,45.944387,16.835993,17.650448,16.021538,0.472250,0.435137,0.025915,-0.003225,-0.040173,0.038222,0.010926,0.204925,0.763867,0.230911,-0.136481,-0.136481,0.748831,24842400.000000,525584731.000000,-0.090652
2018-01-16,19.218000,19.582001,18.840000,19.039000,42511000,0.000000,0.000000,17.117684,17.441903,16.780995,16.958246,16.872913,17.451988,16.786969,15.031712,17.004477,17.017704,-0.013227,-0.056369,0.043143,48.877200,16.872913,17.635029,16.110797,0.555984,0.451263,0.026610,0.009973,-0.037851,0.050080,0.005362,0.219423,0.743263,0.232221,-0.127869,-0.127869,0.766272,25489600.000000,809366929.000000,-0.088176
2018-01-17,19.452999,20.566000,19.375000,20.507999,64971000,0.000000,0.000000,17.326993,18.318355,17.257518,18.266693,16.956462,17.449908,16.826387,15.066350,17.198664,17.110222,0.088443,-0.027407,0.115850,64.901390,16.956462,17.928175,15.984748,1.174186,0.516181,0.028258,0.077157,0.038011,0.126194,0.069083,0.293974,0.902552,0.347932,-0.060578,-0.060578,0.872686,26749200.000000,1332425203.029000,-0.032710
2018-01-18,20.299999,20.635000,19.976000,20.545000,41988000,0.000000,0.000000,18.081427,18.379816,17.792837,18.299652,17.029411,17.448042,16.868685,15.101126,17.368047,17.198328,0.169719,0.012018,0.157701,65.197312,17.029411,18.169069,15.889753,1.057290,0.521238,0.028483,0.001804,0.071950,0.102673,0.058956,0.257790,0.869318,0.342394,-0.058883,-0.058883,0.876065,27141600.000000,862643460.000000,-0.042557
2018-01-19,20.584999,20.754999,20.309999,20.753000,26150000,0.000000,0.000000,18.335282,18.486703,18.090337,18.484922,17.124806,17.450593,16.913687,15.136621,17.539874,17.293631,0.246243,0.058863,0.187380,66.887351,17.124806,18.414543,15.835069,1.027284,0.512318,0.027715,0.010124,0.097346,0.097636,0.037986,0.266130,0.895059,0.341083,-0.049355,-0.049355,0.869588,27253400.000000,542690950.000000,-0.069523
2018-01-22,20.840000,20.983999,20.719999,20.919001,28231000,0.000000,0.000000,18.562419,18.690681,18.455533,18.632786,17.215481,17.451624,16.957678,15.173350,17.708014,17.392828,0.315187,0.110128,0.205059,68.214016,17.215481,18.660434,15.770528,0.990433,0.492520,0.026433,0.007999,0.109703,0.124013,0.043737,0.286169,0.884543,0.333079,-0.041751,-0.041751,0.877524,27019650.000000,590564317.231000,-0.077830
2018-01-23,21.103001,21.514000,21.000000,21.507000,43397000,0.000000,0.000000,18.796670,19.162752,18.704927,19.156517,17.346549,17.459488,17.005445,15.212216,17.930861,17.523471,0.407390,0.169580,0.237809,72.427777,17.346549,18.993151,15.699946,1.049607,0.495195,0.025850,0.028108,0.129628,0.138961,0.050290,0.317567,0.930298,0.340776,-0.014816,-0.014816,0.903959,27853550.000000,933339279.000000,-0.075103
2018-01-24,21.419001,21.419001,20.656000,20.973000,54649000,0.000000,0.000000,19.078141,19.078141,18.398528,18.680883,17.449159,17.466633,17.046090,15.248510,18.046249,17.609206,0.437043,0.223073,0.213971,64.115050,17.449159,19.161849,15.736468,0.859588,0.513966,0.027513,-0.024829,0.022675,0.129768,0.021477,0.282197,0.851665,0.348637,-0.039277,-0.039277,0.856686,29795800.000000,1146153477.000000,-0.104263
2018-01-25,21.600000,21.848000,19.900000,19.924999,82788000,0.000000,0.000000,19.239349,19.460245,17.725140,17.747408,17.515695,17.453154,17.076523,15.280357,18.000273,17.619443,0.380831,0.254624,0.126206,51.598378,17.515695,19.161592,15.869797,0.570391,0.601190,0.033875,-0.049970,-0.030178,0.067277,-0.029330,0.190050,0.724834,0.399039,-0.087284,-0.087284,0.763909,33081950.000000,1649550817.212000,-0.152501
2018-01-26,20.195000,20.642000,20.028000,20.257000,47616000,0.000000,0.000000,17.987912,18.386061,17.839164,18.043137,17.592296,17.442321,17.109134,15.314376,18.006868,17.650827,0.356040,0.274908,0.081133,54.620843,17.592296,19.183012,16.001580,0.641710,0.603866,0.033468,0.016663,-0.023900,0.099072,0.000305,0.236170,0.793301,0.397042,-0.072075,-0.072075,0.789545,34657500.000000,964557312.000000,-0.143189
2018-01-29,20.124001,20.228001,19.327999,19.597000,40060000,0.000000,0.000000,17.924664,18.017298,17.215657,17.455259,17.638747,17.420778,17.138312,15.345929,17.922005,17.636341,0.285664,0.277059,0.008605,48.179956,17.638747,19.150696,16.126798,0.439321,0.619839,0.035510,-0.032582,-0.063197,0.057183,-0.049648,0.219278,0.677503,0.417563,-0.102309,-0.102309,0.731238,36005450.000000,785055820.000000,-0.188397
2018-01-30,19.209999,19.528999,18.924999,19.108000,37946000,0.000000,0.000000,17.110555,17.394692,16.856702,17.019703,17.669966,17.391911,17.162327,15.375741,17.783189,17.590664,0.192525,0.260152,-0.067627,44.036684,17.669966,19.097223,16.242710,0.272198,0.618319,0.036330,-0.024953,-0.111545,0.029859,-0.078798,0.204808,0.667229,0.428641,-0.124708,-0.124708,0.688039,37212250.000000,725072168.000000,-0.183438
2018-01-31,19.291000,19.382999,19.025000,19.152000,28384000,0.000000,0.000000,17.182702,17.264646,16.945772,17.058893,17.679942,17.354305,17.183563,15.404795,17.671759,17.551274,0.120485,0.232219,-0.111733,44.499164,17.679942,19.085974,16.273910,0.279148,0.596930,0.034992,0.002303,-0.086826,0.040474,-0.068617,0.222921,0.687654,0.427196,-0.122693,-0.122693,0.691926,37612800.000000,543610368.000000,-0.174979
2018-02-01,19.000000,19.413000,18.820000,18.910999,30535000,0.000000,0.000000,16.923506,17.291370,16.763178,16.844233,17.664845,17.317291,17.205168,15.432731,17.544447,17.498900,0.045547,0.194884,-0.149337,42.430783,17.664845,19.101167,16.228522,0.214336,0.592020,0.035147,-0.012583,-0.050891,-0.000898,-0.090787,0.254623,0.625656,0.419159,-0.133732,-0.133732,0.670636,37847900.000000,577447354.465000,-0.188620
2018-02-02,18.671000,18.681999,17.837000,17.906000,55276000,0.000000,0.000000,16.630456,16.640254,15.887604,15.949063,17.601070,17.254148,17.214092,15.452331,17.299004,17.384097,-0.085094,0.138889,-0.223983,35.103147,17.601070,19.221210,15.980929,-0.009834,0.618063,0.038752,-0.053144,-0.116059,-0.069819,-0.115136,0.209089,0.545958,0.452974,-0.179769,-0.179769,0.581851,39498100.000000,989772056.000000,-0.193215
2018-02-05,17.549999,18.290001,17.032000,17.035000,58953000,0.000000,0.000000,15.631975,16.291103,15.170587,15.173260,17.485055,17.168721,17.213340,15.466643,16.971966,17.220332,-0.248366,0.061438,-0.309804,30.230559,17.485055,19.436118,15.533991,-0.092445,0.653953,0.043099,-0.048643,-0.130734,-0.119091,-0.174052,0.141460,0.465508,0.478475,-0.219668,-0.219668,0.504906,41589250.000000,1004264355.000000,-0.211668
2018-02-06,16.850000,17.900000,16.732000,17.834000,58903000,0.000000,0.000000,15.008477,15.943722,14.903373,15.884935,17.398032,17.104172,17.219837,15.484240,16.804731,17.121413,-0.316683,-0.014186,-0.302497,38.644203,17.398032,19.474000,15.322064,0.135568,0.681553,0.042906,0.046903,-0.066674,-0.091956,-0.136356,0.150600,0.540662,0.507350,-0.183067,-0.183067,0.575491,43153050.000000,1050476102.000000,-0.188310
2018-02-07,17.583000,17.943001,17.160000,17.163000,34033000,0.000000,0.000000,15.661367,15.982024,15.284596,15.287269,17.282507,17.024720,17.219416,15.497731,16.571275,16.985551,-0.414276,-0.094204,-0.320072,34.843988,17.282507,19.559130,15.005884,0.061799,0.682686,0.044657,-0.037625,-0.103853,-0.132656,-0.167242,0.107949,0.484723,0.518301,-0.213804,-0.213804,0.516214,43377200.000000,584108379.000000,-0.206370
2018-02-08,17.266001,17.306999,16.221001,16.223000,49344000,0.000000,0.000000,15.379015,15.415533,14.448222,14.450003,17.151439,16.939004,17.210258,15.505600,16.244925,16.797733,-0.552807,-0.185925,-0.366882,30.342421,17.151439,19.757272,14.545606,-0.018344,0.703017,0.048652,-0.054769,-0.142139,-0.178873,-0.222334,0.050979,0.417093,0.544355,-0.256863,-0.256863,0.433172,44089000.000000,800507712.000000,-0.223720
2018-02-09,16.582001,16.729000,15.683000,16.587000,59371000,0.000000,0.000000,14.769769,14.900703,13.969019,14.774221,17.047894,16.855847,17.200505,15.515200,16.018663,16.647843,-0.629180,-0.274576,-0.354604,33.903430,17.047894,19.861288,14.234500,0.095920,0.719350,0.048690,0.022437,-0.073662,-0.134561,-0.212601,0.115978,0.447264,0.548939,-0.240189,-0.240189,0.465329,45649350.000000,984786777.000000,-0.225176
2018-02-12,16.841000,17.448000,16.726999,17.295000,41507000,0.000000,0.000000,15.000462,15.541124,14.898921,15.404845,16.978596,16.818167,17.197228,15.527296,15.924230,16.555769,-0.631539,-0.345968,-0.285571,40.296675,16.978596,19.885380,14.071813,0.229297,0.722747,0.046917,0.042684,0.015263,-0.085501,-0.159291,0.127254,0.509170,0.573644,-0.207758,-0.207758,0.527875,46330650.000000,717863565.000000,-0.193648
2018-02-13,17.157000,17.273001,16.812000,17.256001,28416000,0.000000,0.000000,15.281925,15.385248,14.974630,15.370106,16.899189,16.783896,17.197244,15.540167,15.838980,16.467942,-0.628962,-0.402567,-0.226395,40.066765,16.899189,19.893757,13.904622,0.244690,0.701852,0.045663,-0.002255,-0.032410,-0.084611,-0.165636,0.094280,0.502270,0.573662,-0.209544,-0.209544,0.524430,45625900.000000,490346524.416000,-0.204530
2018-02-14,17.139999,18.309000,17.100000,18.301001,58370000,0.000000,0.000000,15.266783,16.308025,15.231156,16.300900,16.800900,16.776271,17.207226,15.555763,15.910044,16.455569,-0.545524,-0.431159,-0.114365,48.538835,16.800900,19.734910,13.866889,0.414792,0.728639,0.044699,0.060559,0.066306,-0.038763,-0.122890,0.148523,0.601926,0.614063,-0.161675,-0.161675,0.616747,45295850.000000,1068229428.370000,-0.180014
2018-02-15,18.297001,18.577999,17.912001,18.570999,41792000,0.000000,0.000000,16.297336,16.547624,15.954412,16.541389,16.712987,16.786015,17.215660,15.572516,16.007174,16.461926,-0.454751,-0.435877,-0.018874,50.486316,16.712987,19.562049,13.863924,0.469885,0.718965,0.043465,0.014753,0.144733,-0.094451,-0.107433,0.143975,0.617168,0.548294,-0.149307,-0.149307,0.640599,45286050.000000,776119190.208000,-0.184395
2018-02-16,18.476000,19.121000,18.465000,18.791000,43356000,0.000000,0.000000,16.456776,17.031285,16.446978,16.737350,16.625608,16.799162,17.231881,15.589914,16.119509,16.482327,-0.362818,-0.421265,0.058447,52.077755,16.625608,19.350334,13.900882,0.520505,0.709347,0.042381,0.011847,0.132875,-0.085373,-0.093470,0.192298,0.660035,0.550764,-0.139229,-0.139229,0.655267,46146350.000000,814702596.000000,-0.172987
2018-02-20,18.693001,19.605000,18.641001,19.344000,32965000,0.000000,0.000000,16.650058,17.462385,16.603741,17.229910,16.555464,16.815569,17.253675,15.609540,16.290340,16.537704,-0.247364,-0.386485,0.139121,55.913459,16.555464,19.130758,13.980171,0.630945,0.720011,0.041788,0.029429,0.118473,-0.067894,-0.090251,0.211861,0.703979,0.560822,-0.113898,-0.113898,0.663019,46383050.000000,637674960.000000,-0.155171
2018-02-21,19.455000,19.500000,18.920000,18.923000,32713000,0.000000,0.000000,17.328779,17.368861,16.852249,16.854921,16.440384,16.815694,17.262882,15.627424,16.377199,16.561201,-0.184003,-0.345989,0.161986,52.470237,16.440384,18.714355,14.166414,0.591148,0.705482,0.041856,-0.021764,0.096604,-0.095416,-0.098423,0.201128,0.625582,0.563110,-0.133183,-0.133183,0.626825,45848850.000000,619028099.000000,-0.162621
2018-02-22,19.016001,19.044001,18.693001,18.836000,17529000,0.000000,0.000000,16.937760,16.962700,16.650060,16.777431,16.345212,16.819079,17.269155,15.645446,16.438773,16.577218,-0.138446,-0.304480,0.166034,51.760885,16.345212,18.370036,14.320387,0.606730,0.677422,0.040377,-0.004597,0.029233,-0.124192,-0.121885,0.156120,0.607738,0.550755,-0.137168,-0.137168,0.619346,43992850.000000,330176244.000000,-0.183643
2018-02-23,19.024000,19.367001,18.861000,19.309999,22273000,0.000000,0.000000,16.944880,17.250395,16.799695,17.199623,16.317823,16.832511,17.276790,15.664952,16.555827,16.623322,-0.067496,-0.257083,0.189587,55.306128,16.317823,18.276525,14.359120,0.725098,0.662818,0.038537,0.025164,0.039793,-0.079293,-0.115455,0.200678,0.660096,0.556102,-0.115455,-0.115455,0.658023,40967100.000000,430091607.727000,-0.184659
2018-02-26,19.457001,19.896999,19.315001,19.843000,23631000,0.000000,0.000000,17.330565,17.722477,17.204084,17.674379,16.299385,16.862546,17.288365,15.687446,16.727912,16.701179,0.026733,-0.200320,0.227053,58.958810,16.299385,18.195652,14.403117,0.862553,0.652821,0.036936,0.027603,0.055984,-0.004115,-0.075241,0.256194,0.690696,0.538801,-0.091040,-0.091040,0.703789,39767850.000000,468909933.000000,-0.155927
2018-02-27,19.815001,19.979000,19.337000,19.347000,28223000,0.000000,0.000000,17.649429,17.795505,17.223669,17.232576,16.288250,16.884208,17.296480,15.707390,16.805552,16.740541,0.065011,-0.147254,0.212265,54.495402,16.288250,18.158376,14.418125,0.752476,0.647036,0.037547,-0.024997,0.000155,-0.044924,-0.105259,0.232242,0.641525,0.542228,-0.113761,-0.113761,0.661199,39176000.000000,546030381.000000,-0.169300
2018-02-28,19.444000,19.667000,19.132999,19.186001,36083000,0.000000,0.000000,17.318981,17.517609,17.041969,17.089178,16.291724,16.901594,17.303029,15.726768,16.849187,16.766366,0.082821,-0.101239,0.184060,53.090538,16.291724,18.167819,14.415629,0.712530,0.634793,0.037146,-0.008321,0.013898,-0.020973,-0.087886,0.200616,0.638165,0.531179,-0.121135,-0.121135,0.647376,39082850.000000,692288474.083000,-0.145237
2018-03-01,19.249001,19.563999,18.812000,19.007000,30036000,0.000000,0.000000,17.145293,17.425866,16.756053,16.929741,16.285267,16.908275,17.309937,15.744602,16.861580,16.778468,0.083112,-0.064369,0.147481,51.500824,16.285267,18.151104,14.419429,0.672704,0.637295,0.037644,-0.009330,0.009078,-0.005286,-0.105765,0.177324,0.607557,0.524827,-0.129335,-0.129335,0.632006,39165450.000000,570894252.000000,-0.144565
2018-03-02,18.504999,19.489000,18.216000,19.452999,27758000,0.000000,0.000000,16.482604,17.359064,16.225189,17.326998,16.309405,16.918001,17.319032,15.763852,16.933183,16.819100,0.114083,-0.028678,0.142761,55.107775,16.309405,18.217698,14.401112,0.766624,0.672765,0.038828,0.023465,0.007406,0.015716,0.002208,0.185451,0.661803,0.530945,-0.108905,-0.108905,0.670302,39026600.000000,539976346.242000,-0.061311
2018-03-05,19.283001,20.002001,19.124001,19.870001,32924000,0.000000,0.000000,17.175576,17.815997,17.033953,17.698423,16.396873,16.940429,17.331993,15.787296,17.050912,16.884235,0.166677,0.010393,0.156284,58.235292,16.396873,18.393925,14.399821,0.825868,0.680571,0.038454,0.021436,0.001360,0.050711,0.035986,0.203640,0.695423,0.532830,-0.089803,-0.089803,0.706106,37909000.000000,654199912.924000,-0.030459
2018-03-06,20.014000,20.950001,19.951000,20.794001,76363000,0.050000,0.000000,17.871657,18.707466,17.815401,18.568165,16.566618,16.975407,17.353438,15.813967,17.284336,17.008971,0.275365,0.063387,0.211978,64.476250,16.566618,18.698336,14.434900,0.969468,0.704033,0.037916,0.049142,0.077504,0.164217,0.113055,0.256130,0.775884,0.514787,-0.045074,-0.045074,0.789948,38779500.000000,1587892298.363000,0.036471
2018-03-07,20.583000,21.236000,20.414000,21.174000,56256000,0.000000,0.000000,18.379752,18.962853,18.228842,18.907490,16.717746,17.022853,17.377139,15.841191,17.534052,17.149602,0.384450,0.127600,0.256850,66.574830,16.717746,19.063772,14.371719,0.966692,0.706174,0.037349,0.018275,0.106401,0.246106,0.177731,0.300598,0.822659,0.472880,-0.027623,-0.027623,0.820798,38647150.000000,1191164544.000000,0.086034
2018-03-08,21.400000,21.493999,21.094999,21.274000,37804000,0.000000,0.000000,19.109296,19.193234,18.836944,18.996784,16.903222,17.070215,17.401013,15.868636,17.759087,17.286430,0.472657,0.196611,0.276046,67.125208,16.903222,19.357132,14.449311,0.926577,0.681182,0.035858,0.004723,0.122095,0.195899,0.181392,0.299534,0.826601,0.454702,-0.023031,-0.023031,0.829397,38835700.000000,804242296.000000,0.082942
2018-03-09,21.427999,22.608000,21.393999,22.495001,66568000,0.000000,0.000000,19.134299,20.187989,19.103938,20.087086,17.185076,17.143623,17.433206,15.901302,18.117241,17.493886,0.623355,0.281960,0.341395,72.976348,17.185076,19.745209,14.624942,1.066769,0.717613,0.035725,0.057394,0.159294,0.313975,0.224108,0.344940,0.934394,0.451204,0.000000,0.000000,0.885473,39696900.000000,1497447226.568000,0.108349
2018-03-12,22.549999,23.000000,22.299999,22.865000,49288000,0.000000,0.000000,20.136196,20.538028,19.912957,20.417479,17.467239,17.221751,17.466518,15.935864,18.471124,17.710448,0.760675,0.377703,0.382972,74.459790,17.467239,20.149607,14.784870,1.049932,0.711002,0.034823,0.016448,0.153633,0.412974,0.211815,0.390485,0.916485,0.376803,0.000000,0.000000,0.889074,39192750.000000,1126970120.000000,0.097988
2018-03-13,23.004000,23.488001,22.243000,22.396999,49462000,0.000000,0.000000,20.541594,20.973787,19.862054,19.999569,17.696975,17.291217,17.493705,15.967885,18.706269,17.880013,0.826256,0.467414,0.358843,69.279346,17.696975,20.422310,14.971640,0.922442,0.739626,0.036982,-0.020468,0.077089,0.353680,0.204199,0.328287,0.849652,0.397546,-0.020468,-0.020468,0.850408,39590500.000000,1107800364.538000,0.106111
2018-03-14,22.299999,22.613001,22.106001,22.264000,32919000,0.000000,0.000000,19.912958,20.192455,19.739725,19.880812,17.922510,17.360927,17.514429,15.998774,18.886968,18.028220,0.858748,0.545681,0.313067,67.835036,17.922510,20.582858,15.262162,0.868054,0.719134,0.036172,-0.005938,0.051478,0.290556,0.202854,0.303786,0.839420,0.390216,-0.026285,-0.026285,0.812459,39815650.000000,732908616.000000,0.112422
2018-03-15,22.400000,22.700001,22.254999,22.308001,24462000,0.000000,0.000000,20.002251,20.270139,19.872771,19.920099,18.103470,17.422142,17.535110,16.029087,19.045911,18.168359,0.877552,0.612055,0.265497,68.072174,18.103470,20.791600,15.415340,0.837898,0.696150,0.034947,0.001976,0.048604,0.296029,0.231716,0.307504,0.816040,0.388471,-0.024361,-0.024361,0.814579,38120250.000000,545698320.462000,0.141452
2018-03-16,22.417999,22.500000,22.129000,22.191999,24958000,0.000000,0.000000,20.018325,20.091548,19.760261,19.816517,18.267227,17.475548,17.550882,16.059632,19.164466,18.290445,0.874021,0.664448,0.209573,66.676417,18.267227,20.953716,15.580737,0.788349,0.670089,0.033815,-0.005200,-0.013470,0.215670,0.227068,0.292717,0.780782,0.351427,-0.029434,-0.029434,0.805143,37278550.000000,553867911.042000,0.138905
2018-03-19,21.836000,21.903999,21.205000,21.757999,40981000,0.000000,0.000000,19.498630,19.559350,18.935173,19.428978,18.401808,17.519637,17.562291,16.087678,19.205160,18.374781,0.830379,0.697634,0.132745,61.588334,18.401808,21.034746,15.768870,0.695062,0.685178,0.035266,-0.019556,-0.048414,0.174568,0.197852,0.264432,0.738916,0.364894,-0.048414,-0.048414,0.769841,37159800.000000,891664557.019000,0.126721
2018-03-20,21.849001,22.118999,21.795000,21.913000,22238000,0.000000,0.000000,19.510242,19.751339,19.462021,19.567390,18.518682,17.561113,17.575128,16.115401,19.260888,18.463122,0.797766,0.717661,0.080105,62.683612,18.518682,21.140082,15.897282,0.700028,0.659263,0.033692,0.007124,-0.021609,0.169085,0.179062,0.242413,0.746059,0.364624,-0.041635,-0.041635,0.782450,36623450.000000,487301294.000000,0.117401
2018-03-21,22.187000,22.782000,22.101000,22.427999,35675000,0.000000,0.000000,19.812054,20.343363,19.735259,20.027256,18.677299,17.609151,17.595025,16.144537,19.378791,18.578984,0.799807,0.734090,0.065717,66.138326,18.677299,21.258415,16.096182,0.761506,0.667599,0.033335,0.023502,0.007366,0.162354,0.189220,0.272976,0.824340,0.360734,-0.019112,-0.019112,0.811223,36771550.000000,800118864.325000,0.139106
2018-03-22,22.049999,22.292999,21.465000,21.482000,32495000,0.000000,0.000000,19.689721,19.906710,19.167341,19.182522,18.797553,17.640846,17.603178,16.169131,19.348595,18.623691,0.724905,0.732253,-0.007348,55.900624,18.797553,21.225539,16.369567,0.579277,0.681336,0.035519,-0.042179,-0.037027,0.138096,0.157176,0.248176,0.731645,0.387493,-0.060485,-0.060485,0.734827,37519850.000000,698057590.000000,0.128049
2018-03-23,21.405001,21.547001,20.256001,20.263000,52235000,0.000000,0.000000,19.113758,19.240558,18.087749,18.094000,18.842272,17.661298,17.599363,16.187711,19.155581,18.584454,0.571127,0.700028,-0.128901,46.016001,18.842272,21.177513,16.507031,0.339787,0.715013,0.039517,-0.056746,-0.086923,0.078473,0.075789,0.182404,0.634033,0.444202,-0.113799,-0.113799,0.636383,39017950.000000,1058437805.000000,0.071233
2018-03-26,21.065001,21.502001,20.726999,21.496000,34588000,0.000000,0.000000,18.810158,19.200381,18.508337,19.195023,18.918304,17.708296,17.608157,16.210613,19.161649,18.629682,0.531967,0.666415,-0.134448,54.734717,18.918304,21.191639,16.644969,0.560862,0.742968,0.038706,0.060850,-0.012042,0.116014,0.160861,0.222770,0.704635,0.481301,-0.059873,-0.059873,0.735958,39565800.000000,743503648.000000,0.124226
2018-03-27,21.923000,21.945999,20.066000,20.261999,42923000,0.000000,0.000000,19.576313,19.596850,17.918090,18.093109,18.961331,17.734343,17.603826,16.231190,18.997258,18.589935,0.407323,0.614597,-0.207274,46.619644,18.961331,21.130517,16.792145,0.299874,0.809810,0.044758,-0.057406,-0.075344,0.023691,0.088066,0.197007,0.602629,0.520958,-0.113842,-0.113842,0.636303,40300800.000000,869705783.077000,0.081048
2018-03-28,19.962999,20.174999,19.426001,19.621000,35239000,0.000000,0.000000,17.826118,18.015425,17.346601,17.520727,18.982908,17.745592,17.598790,16.250354,18.770099,18.510735,0.259365,0.543550,-0.284186,43.049235,18.982908,21.081106,16.884710,0.151563,0.805288,0.045962,-0.031635,-0.125156,0.016721,0.067251,0.164133,0.552537,0.525719,-0.141876,-0.141876,0.584538,40258600.000000,691424419.000000,0.065379
2018-03-29,19.809999,20.750000,19.698000,20.316000,35782000,0.000000,0.000000,17.689495,18.528876,17.589485,18.141333,19.043488,17.743085,17.596496,16.272351,18.673366,18.483372,0.189994,0.472839,-0.282845,47.724062,19.043488,20.953623,17.133353,0.263850,0.819778,0.045188,0.035421,-0.054278,0.061568,0.098735,0.138512,0.605896,0.537329,-0.111480,-0.111480,0.640664,40545900.000000,726947112.000000,0.080850
2018-04-02,20.149000,20.289000,19.135000,19.386999,35505000,0.000000,0.000000,17.992202,18.117216,17.086743,17.311768,19.042727,17.723327,17.585685,16.291249,18.463890,18.396586,0.067303,0.391732,-0.324429,42.680736,19.042727,20.955752,17.129701,0.047586,0.836551,0.048323,-0.045728,-0.043232,0.022565,0.047532,0.071930,0.522697,0.562398,-0.152110,-0.152110,0.565640,40933250.000000,688335399.495000,0.059048
2018-04-03,19.792000,19.957001,19.393999,19.797001,26824000,0.000000,0.000000,17.673417,17.820756,17.318020,17.677883,19.041700,17.707187,17.578890,16.313870,18.342965,18.343349,-0.000384,0.313309,-0.313692,45.421989,19.041700,20.957784,17.125615,0.144114,0.813153,0.045998,0.021148,-0.079038,0.020251,0.078228,0.075551,0.559018,0.561323,-0.134179,-0.134179,0.598751,40628250.000000,531034754.824000,0.072740
2018-04-04,19.049999,20.266001,19.049999,20.167000,36997000,0.000000,0.000000,17.010844,18.096682,17.010844,18.008278,19.013705,17.694696,17.573160,16.338262,18.291475,18.318529,-0.027054,0.245236,-0.272290,47.846012,19.013705,20.974752,17.052658,0.243650,0.832631,0.046236,0.018690,-0.004689,0.017507,0.068146,0.090290,0.587414,0.560176,-0.117997,-0.117997,0.628631,38659950.000000,746118499.000000,0.063121
2018-04-05,20.268000,20.341000,19.221001,19.502001,35339000,0.000000,0.000000,18.098466,18.163652,17.163540,17.414461,18.939054,17.659855,17.559672,16.358449,18.156550,18.251561,-0.095011,0.177187,-0.272198,44.058512,18.939054,21.026709,16.851399,0.134855,0.844594,0.048500,-0.032975,-0.006065,-0.062133,0.015646,0.060499,0.529472,0.544025,-0.147081,-0.147081,0.574927,37614100.000000,689181213.339000,0.014087
2018-04-06,19.091000,19.627001,18.909000,19.065001,31239000,0.000000,0.000000,17.047457,17.526083,16.884939,17.024240,18.840426,17.626722,17.546678,16.377079,17.982348,18.160648,-0.178300,0.106090,-0.284389,41.721253,18.840426,21.096206,16.584647,0.097437,0.830062,0.048758,-0.022408,-0.061577,-0.099603,-0.011630,0.035894,0.508306,0.542712,-0.166193,-0.166193,0.539637,37285850.000000,595571566.239000,0.011371
2018-04-09,19.283001,19.972000,19.211000,19.312000,26567000,0.000000,0.000000,17.218905,17.834153,17.154612,17.244801,18.698312,17.616670,17.534912,16.396454,17.868879,18.092808,-0.223928,0.040086,-0.264014,43.544258,18.698312,20.981362,16.415262,0.181673,0.828622,0.048051,0.012956,-0.003868,-0.092225,-0.014220,0.061942,0.514923,0.545205,-0.155390,-0.155390,0.559584,35285800.000000,513061904.000000,0.011874
2018-04-10,19.891001,20.205999,19.613001,20.017000,27077000,0.000000,0.000000,17.761826,18.043106,17.513584,17.874338,18.571155,17.613294,17.527808,16.419366,17.869719,18.076625,-0.206906,-0.009312,-0.197593,48.496394,18.571155,20.731005,16.411305,0.338689,0.826457,0.046237,0.036506,0.011113,-0.110158,0.014125,0.088739,0.564883,0.519759,-0.124557,-0.124557,0.616518,34175250.000000,542000309.000000,0.022940
2018-04-11,19.825001,20.346001,19.771000,20.086000,24498000,0.000000,0.000000,17.702886,18.168117,17.654665,17.935947,18.467974,17.622908,17.521843,16.441815,17.879908,18.066204,-0.186296,-0.044709,-0.141587,48.968168,18.467974,20.535707,16.400241,0.371350,0.804099,0.044832,0.003447,-0.004017,-0.121540,0.019217,0.093498,0.576373,0.514918,-0.121540,-0.121540,0.622089,32927050.000000,492066828.000000,0.032415
2018-04-12,20.382000,20.694000,20.225000,20.601999,30843000,0.000000,0.000000,18.200267,18.478870,18.060073,18.396717,18.393769,17.650448,17.521179,16.467804,17.959417,18.090687,-0.131269,-0.062021,-0.069248,52.474454,18.393769,20.351618,16.435921,0.500753,0.785444,0.042695,0.025690,0.056405,-0.080144,0.077636,0.120134,0.636822,0.522943,-0.098972,-0.098972,0.663760,32823250.000000,635427455.157000,0.079498
2018-04-13,20.855000,20.858000,20.277000,20.374001,21614000,0.000000,0.000000,18.622631,18.625310,18.106502,18.193119,18.307420,17.673133,17.513719,16.494710,17.995371,18.098274,-0.102903,-0.070197,-0.032705,50.813123,18.307420,20.129450,16.485390,0.468634,0.766399,0.042126,-0.011067,0.068660,-0.084891,0.080023,0.100121,0.632436,0.523552,-0.108944,-0.108944,0.645347,32680850.000000,440363657.614000,0.094600
2018-04-16,20.525000,20.591000,20.160000,20.355000,19411000,0.000000,0.000000,18.327958,18.386893,18.002029,18.176155,18.225402,17.699771,17.508531,16.520110,18.023184,18.104043,-0.080859,-0.072330,-0.008529,50.669180,18.225402,19.903392,16.547412,0.485326,0.739146,0.040666,-0.000932,0.054008,-0.087547,0.082507,0.094334,0.643813,0.523252,-0.109775,-0.109775,0.615928,32403500.000000,395110905.000000,0.096938
2018-04-17,20.722000,21.285000,20.625999,21.233000,60845000,0.000000,0.000000,18.503873,19.006608,18.418149,18.960175,18.201962,17.759994,17.507071,16.551857,18.167337,18.167460,-0.000124,-0.057889,0.057765,56.765031,18.201962,19.821231,16.582694,0.734122,0.745668,0.039328,0.043135,0.060748,-0.043214,0.118050,0.124045,0.685630,0.547871,-0.071375,-0.071375,0.684307,33396700.000000,1291921885.000000,0.110103
2018-04-18,20.024000,20.455999,19.650000,20.377001,91149000,0.000000,0.000000,17.880590,18.266347,17.546623,18.195805,18.133383,17.820444,17.494583,16.580190,18.171716,18.169560,0.002156,-0.045880,0.048036,50.246058,18.133383,19.619900,16.646866,0.520996,0.793374,0.043602,-0.040315,0.014488,-0.063471,-0.003881,0.064935,0.616405,0.561037,-0.108812,-0.108812,0.512657,36842250.000000,1857343264.149000,-0.003464
2018-04-19,19.858000,20.114000,18.879000,19.039000,87734000,0.000000,0.000000,17.732355,17.960953,16.858149,17.001022,17.982071,17.842766,17.473469,16.603497,17.991610,18.083002,-0.091392,-0.054982,-0.036410,42.106238,17.982071,19.258069,16.706073,0.115576,0.832251,0.048953,-0.065663,-0.075867,-0.131155,-0.070965,-0.016192,0.413332,0.600539,-0.167330,-0.167330,0.380980,39445200.000000,1670367626.000000,-0.063017
2018-04-20,19.070999,19.506001,18.999001,19.191000,49807000,0.000000,0.000000,17.029597,17.418035,16.965306,17.136753,17.879783,17.879756,17.452238,16.626048,17.860093,18.012909,-0.152816,-0.074549,-0.078267,43.231350,17.879783,19.076096,16.683470,0.189450,0.805143,0.046983,0.007984,-0.058064,-0.144328,-0.072933,-0.037718,0.392006,0.593301,-0.160682,-0.160682,0.388757,40310800.000000,955846137.000000,-0.047001
2018-04-23,19.350000,19.639999,19.044001,19.186001,34889000,0.000000,0.000000,17.278733,17.537690,17.005488,17.132288,17.831697,17.933402,17.436203,16.647974,17.748123,17.947678,-0.199555,-0.099550,-0.100005,43.201607,17.831697,19.068386,16.595008,0.217225,0.785647,0.045858,-0.000261,-0.057431,-0.106880,-0.080530,-0.040315,0.385479,0.579344,-0.160901,-0.160901,0.388395,39443500.000000,669380388.889000,-0.042810
2018-04-24,19.386999,19.544001,18.261000,18.582001,50347000,0.000000,0.000000,17.311773,17.451969,16.306303,16.592943,17.701593,17.969776,17.412811,16.665324,17.570403,17.847327,-0.276924,-0.135025,-0.141899,39.652696,17.701593,18.880527,16.522659,0.029808,0.811362,0.048898,-0.031481,-0.124853,-0.082959,-0.133823,-0.090262,0.318040,0.556940,-0.187317,-0.187317,0.344687,40231450.000000,935548004.347000,-0.073109
2018-04-25,18.599001,18.958000,18.167000,18.667000,31248000,0.000000,0.000000,16.608120,16.928691,16.222362,16.668840,17.630380,17.995056,17.406612,16.681854,17.431701,17.760032,-0.328331,-0.173686,-0.154645,40.394728,17.630380,18.879702,16.381058,0.115175,0.803860,0.048225,0.004574,-0.083919,-0.131606,-0.107706,-0.088542,0.294546,0.506844,-0.183600,-0.183600,0.350838,39647700.000000,583306416.000000,-0.052235
2018-04-26,19.089001,19.299000,18.882000,19.040001,36113000,0.000000,0.000000,17.045675,17.233196,16.860832,17.001921,17.604439,18.027692,17.405794,16.698774,17.365581,17.703875,-0.338294,-0.206608,-0.131687,43.668339,17.604439,18.884514,16.324365,0.264655,0.786753,0.046274,0.019982,0.000053,-0.060310,-0.042005,-0.070104,0.322683,0.478443,-0.167286,-0.167286,0.377831,39691400.000000,687591556.113000,-0.002541
2018-04-27,19.228001,19.268999,18.559999,18.726000,30448000,0.000000,0.000000,17.169795,17.206404,16.573298,16.721529,17.533449,18.036105,17.406188,16.713911,17.266496,17.631109,-0.364613,-0.238209,-0.126404,41.597210,17.533449,18.845241,16.221657,0.190530,0.775778,0.046394,-0.016492,-0.024230,-0.045614,-0.073247,-0.072964,0.287684,0.469627,-0.181019,-0.181019,0.355108,39424700.000000,570169248.000000,-0.021824
2018-04-30,18.735001,18.889000,18.396000,18.506001,29902000,0.000000,0.000000,16.729559,16.867074,16.426846,16.525072,17.494114,18.035778,17.410897,16.727906,17.152431,17.549180,-0.396749,-0.269917,-0.126833,40.159999,17.494114,18.879035,16.109194,0.150145,0.751810,0.045495,-0.011749,-0.035443,-0.089093,-0.053290,-0.100292,0.291444,0.450562,-0.190641,-0.190641,0.339187,39144550.000000,553366441.902000,0.000315
2018-05-01,18.414000,19.058001,18.374001,19.039000,28337000,0.000000,0.000000,16.442924,17.017989,16.407206,17.001022,17.460271,18.041052,17.420107,16.743236,17.129137,17.508576,-0.379439,-0.291821,-0.087618,45.108149,17.460271,18.859293,16.061250,0.335868,0.741737,0.043629,0.028802,0.024594,-0.017950,-0.001098,-0.079809,0.289730,0.437466,-0.167330,-0.167330,0.377758,39220200.000000,539508143.000000,0.035617
2018-05-02,19.028999,19.195000,18.829000,18.952000,21948000,0.000000,0.000000,16.992090,17.140321,16.813499,16.923332,17.406024,18.034920,17.425245,16.758318,17.097475,17.465225,-0.367750,-0.307007,-0.060743,44.461859,17.406024,18.799703,16.012345,0.326828,0.712100,0.042078,-0.004570,0.015268,-0.042683,-0.007947,-0.076018,0.282976,0.430448,-0.171135,-0.171135,0.371462,38467750.000000,415958496.000000,0.033959
2018-05-03,18.775000,19.052999,18.561001,18.943001,21815000,0.000000,0.000000,16.765284,17.013526,16.574192,16.915302,17.381066,18.036128,17.425911,16.772311,17.069448,17.424490,-0.355041,-0.316614,-0.038428,44.391064,17.381066,18.791882,15.970250,0.334931,0.692617,0.040946,-0.000474,-0.005095,-0.060693,0.004219,-0.086950,0.275874,0.424070,-0.171528,-0.171528,0.370811,37791550.000000,413241566.815000,0.044527
2018-05-04,18.799999,19.688000,18.763000,19.547001,32827000,0.000000,0.000000,16.787606,17.580553,16.754568,17.454647,17.402586,18.049672,17.434376,16.786839,17.128710,17.426724,-0.298014,-0.312894,0.014880,50.134258,17.402586,18.803581,16.001592,0.518580,0.702143,0.040227,0.031885,0.043843,0.002308,0.094400,-0.031605,0.311922,0.425118,-0.145113,-0.145113,0.414519,37870950.000000,641669401.827000,0.098726
2018-05-07,19.611000,19.695000,19.271999,19.348000,33047000,0.000000,0.000000,17.511793,17.586802,17.209080,17.276945,17.404194,18.051219,17.441865,16.800226,17.151515,17.415629,-0.264114,-0.303138,0.039024,48.362014,17.404194,18.804499,16.003888,0.454564,0.678970,0.039299,-0.010181,0.045499,0.014844,0.138644,-0.059539,0.301157,0.418898,-0.153816,-0.153816,0.400118,38194950.000000,639393356.000000,0.095920
2018-05-08,19.260000,19.575001,19.205999,19.486000,21481000,0.000000,0.000000,17.198372,17.479655,17.150152,17.400181,17.380486,18.045735,17.454140,16.814792,17.189771,17.414485,-0.224713,-0.287453,0.062740,49.690238,17.380486,18.763222,15.997750,0.507122,0.654008,0.037586,0.007133,0.023479,0.009010,0.095389,-0.053974,0.320896,0.417293,-0.147780,-0.147780,0.410105,37915150.000000,418578766.000000,0.074166
2018-05-09,19.559999,20.002001,19.514999,19.972000,23909000,0.000000,0.000000,17.466255,17.860943,17.426072,17.834154,17.375396,18.057766,17.470987,16.831266,17.288907,17.445571,-0.156664,-0.261295,0.104631,54.161613,17.375396,18.750251,16.000542,0.666839,0.640205,0.035898,0.024941,0.053820,-0.002248,0.166602,-0.028503,0.341069,0.406596,-0.126525,-0.126525,0.445274,37885700.000000,477510548.000000,0.125772
2018-05-10,20.122999,20.438999,20.066999,20.400999,18903000,0.000000,0.000000,17.968988,18.251162,17.918982,18.217230,17.366422,18.080327,17.490961,16.849505,17.431726,17.502731,-0.071005,-0.223237,0.152232,57.732698,17.366422,18.715304,16.017540,0.815375,0.624262,0.034268,0.021480,0.076967,0.015683,0.260708,-0.019590,0.382642,0.413151,-0.107763,-0.107763,0.476319,37288700.000000,385640084.097000,0.168072
2018-05-11,20.242001,20.476000,20.089001,20.155001,19455000,0.000000,0.000000,18.075244,18.284195,17.938622,17.997557,17.356644,18.101684,17.504979,16.864927,17.518777,17.539385,-0.020608,-0.182711,0.162103,55.082601,17.356644,18.682939,16.030348,0.741618,0.604356,0.033580,-0.012059,0.031104,-0.021697,0.218173,-0.040812,0.358953,0.405427,-0.118522,-0.118522,0.458517,37180750.000000,392115544.455000,0.141311
2018-05-14,20.510000,20.992001,20.320000,20.403000,33437000,0.000000,0.000000,18.314560,18.744966,18.144898,18.219013,17.358787,18.119524,17.518763,16.883042,17.626506,17.589728,0.036778,-0.138813,0.175591,57.214806,17.358787,18.690784,16.026790,0.822909,0.614574,0.033733,0.012305,0.054527,0.001423,0.182681,-0.005710,0.378802,0.406002,-0.107676,-0.107676,0.476463,37882050.000000,682215111.000000,0.121185
2018-05-15,20.341000,20.430000,19.976999,20.219000,19214000,0.000000,0.000000,18.163657,18.243131,17.838620,18.054716,17.313514,18.126650,17.533540,16.901735,17.692384,17.624171,0.068213,-0.097408,0.165621,55.124148,17.313514,18.465757,16.161270,0.821635,0.599569,0.033208,-0.009018,0.037617,-0.006681,0.174664,-0.019903,0.351103,0.407296,-0.115723,-0.115723,0.463149,35800500.000000,388487866.000000,0.126455
2018-05-16,20.341000,20.819000,20.266001,20.691000,22545000,0.000000,0.000000,18.163659,18.590493,18.096688,18.476194,17.327533,18.124810,17.550109,16.923484,17.812970,17.687284,0.125686,-0.052789,0.178475,59.238958,17.327533,18.530675,16.124391,0.977359,0.595013,0.032204,0.023344,0.036001,-0.025526,0.133446,-0.005843,0.370953,0.386106,-0.095080,-0.095080,0.497305,32370300.000000,466478595.000000,0.097795
2018-05-17,20.566000,20.636999,20.173000,20.333000,26077000,0.000000,0.000000,18.364570,18.427970,18.013638,18.156511,17.385307,18.109791,17.566322,16.944520,17.865823,17.722042,0.143781,-0.013475,0.157256,55.111270,17.385307,18.632595,16.138020,0.809152,0.585552,0.032250,-0.017302,-0.003333,-0.002160,0.097641,-0.020282,0.395625,0.364145,-0.110737,-0.110737,0.471398,29287450.000000,530223641.000000,0.080272
2018-05-18,19.525000,19.788000,19.218000,19.549000,52501000,0.000000,0.000000,17.434999,17.669848,17.160862,17.456430,17.401291,18.078984,17.574600,16.964673,17.802839,17.702367,0.100473,0.009314,0.091158,47.333093,17.401291,18.643350,16.159233,0.522196,0.614844,0.035222,-0.038558,-0.030067,0.026787,0.042963,-0.054523,0.319063,0.310587,-0.145025,-0.145025,0.414664,29422150.000000,1026342049.000000,0.027095
2018-05-21,19.934000,20.094000,19.650000,19.987000,25346000,0.000000,0.000000,17.800219,17.943092,17.546619,17.847546,17.437054,18.034193,17.588908,16.987956,17.809717,17.713121,0.096596,0.026771,0.069826,51.455225,17.437054,18.687660,16.186449,0.664117,0.605688,0.033937,0.022405,-0.020389,0.041478,0.035847,-0.057640,0.325697,0.318335,-0.125869,-0.125869,0.446360,28945000.000000,506590502.000000,0.013767
2018-05-22,20.225000,20.532000,20.200001,20.298000,27788000,0.000000,0.000000,18.060068,18.334205,18.037744,18.125254,17.513670,17.988348,17.605050,17.012118,17.858261,17.743649,0.114612,0.044339,0.070273,54.196486,17.513670,18.733917,16.293423,0.750598,0.597186,0.032948,0.015560,0.003907,0.057959,0.075369,-0.030472,0.341834,0.321540,-0.112268,-0.112268,0.468865,27817050.000000,564040824.000000,0.053171
2018-05-23,19.997999,20.396999,19.980000,20.330999,19699000,0.000000,0.000000,17.857369,18.213659,17.841296,18.154724,17.587964,17.951452,17.621334,17.033863,17.903871,17.774099,0.129772,0.061426,0.068346,54.490176,17.587964,18.772032,16.403896,0.739327,0.581127,0.032010,0.001626,-0.017399,0.094123,0.082092,-0.049799,0.339461,0.296432,-0.110824,-0.110824,0.471253,27239600.000000,400500349.301000,0.052152
2018-05-24,20.355000,20.495001,20.079000,20.437000,21240000,0.000000,0.000000,18.176151,18.301166,17.929696,18.249374,17.650337,17.918823,17.639875,17.056121,17.957025,17.809305,0.147721,0.078685,0.069036,55.477579,17.650337,18.835845,16.464828,0.752650,0.566152,0.031023,0.005214,0.005115,0.094820,0.061033,-0.061469,0.351288,0.296443,-0.106189,-0.106189,0.478924,26495950.000000,434081880.000000,0.049171
2018-05-25,20.298000,20.389000,20.118000,20.202999,22637000,0.000000,0.000000,18.125258,18.206517,17.964526,18.040426,17.716282,17.881229,17.651686,17.077577,17.969856,17.826425,0.143431,0.091634,0.051797,52.756342,17.716282,18.828729,16.603834,0.645690,0.546059,0.030269,-0.011450,0.033454,0.061082,0.020711,-0.056088,0.326963,0.295740,-0.116422,-0.116422,0.461991,26105400.000000,457335288.363000,0.019041
2018-05-29,20.028000,20.291000,19.826000,20.028000,20495000,0.000000,0.000000,17.884159,18.119007,17.703782,17.884159,17.784236,17.842582,17.659065,17.100804,17.956672,17.830701,0.125971,0.098501,0.027469,50.751361,17.784236,18.746159,16.822313,0.551939,0.536714,0.030011,-0.008662,0.002051,0.069529,0.037811,-0.071428,0.305123,0.290437,-0.124076,-0.124076,0.449327,25635050.000000,410473860.000000,0.028775
2018-05-30,20.212999,20.474001,20.070000,20.183001,28121000,0.000000,0.000000,18.049357,18.282421,17.921665,18.022570,17.835313,17.814454,17.667045,17.122588,17.966810,17.844914,0.121896,0.103180,0.018716,52.474232,17.835313,18.728133,16.942493,0.604868,0.526824,0.029231,0.007739,-0.005665,0.090620,0.054619,-0.038067,0.300551,0.285462,-0.117297,-0.117297,0.460544,25624250.000000,567566171.121000,0.028572
2018-05-31,20.066000,20.209999,19.785000,19.818001,30783000,0.000000,0.000000,17.918095,18.046680,17.667173,17.696642,17.873979,17.777039,17.669076,17.140842,17.925246,17.833931,0.091315,0.100807,-0.009492,48.198343,17.873979,18.661243,17.086715,0.387371,0.516301,0.029175,-0.018084,-0.025232,0.040916,0.045299,-0.065257,0.291022,0.280910,-0.133260,-0.133260,0.434131,26066000.000000,610057524.783000,0.008873
2018-06-01,20.000000,20.378000,19.868999,20.268000,34371000,0.000000,0.000000,17.859156,18.196695,17.742178,18.098469,17.933137,17.738463,17.673807,17.160370,17.951896,17.853526,0.098369,0.100320,-0.001950,53.255569,17.933137,18.582885,17.283390,0.627228,0.515141,0.028463,0.022706,-0.008269,0.069439,0.044524,0.046830,0.309618,0.288585,-0.113580,-0.113580,0.466695,26693800.000000,696631428.000000,0.003678
2018-06-04,20.247000,20.594999,20.059000,20.459000,28059000,0.000000,0.000000,18.079715,18.390464,17.911839,18.269022,17.973856,17.720193,17.680519,17.179417,18.000684,17.884304,0.116381,0.103532,0.012849,55.252409,17.973856,18.598949,17.348763,0.736098,0.512533,0.028055,0.009424,0.012671,0.080029,0.032240,0.069386,0.302805,0.288964,-0.105226,-0.105226,0.480516,26455400.000000,574059081.000000,-0.005376
2018-06-05,20.466000,20.547001,20.143000,20.184000,25079000,0.110000,0.000000,18.374063,18.446784,18.084078,18.120888,18.016053,17.720731,17.691015,17.199832,18.019177,17.901828,0.117349,0.106295,0.011053,53.129510,18.016053,18.550418,17.481688,0.598093,0.501831,0.027693,-0.008108,0.013237,0.038170,-0.024088,0.086244,0.276118,0.272801,-0.112482,-0.112482,0.468511,26057000.000000,506194536.000000,-0.060150
2018-06-06,20.247999,20.252001,19.688000,19.961000,39254000,0.000000,0.000000,18.178344,18.181937,17.675585,17.920681,18.042078,17.695244,17.701770,17.218347,18.004024,17.903225,0.100799,0.105196,-0.004397,50.315725,18.042078,18.494579,17.589577,0.365860,0.502154,0.028021,-0.011048,-0.005653,0.037260,-0.052191,0.116264,0.256375,0.273302,-0.122287,-0.122287,0.452287,26945650.000000,783549094.000000,-0.091749
2018-06-07,19.226000,19.278000,18.481001,18.882999,127752000,0.000000,0.000000,17.260808,17.307493,16.591959,16.952868,17.998014,17.672439,17.703391,17.232948,17.842308,17.832828,0.009479,0.086053,-0.076573,39.441360,17.998014,18.659258,17.336770,-0.290287,0.561194,0.033103,-0.054005,-0.042029,-0.025707,-0.107593,0.054283,0.179078,0.333861,-0.169688,-0.169688,0.373855,32137800.000000,2412340888.248000,-0.135477
2018-06-08,18.613001,18.829000,18.540001,18.802999,52726000,0.000000,0.000000,16.710467,16.904388,16.644928,16.881044,17.931204,17.659646,17.702619,17.244794,17.694421,17.762326,-0.067905,0.055261,-0.123166,38.771664,17.931204,18.750344,17.112064,-0.141014,0.543105,0.032172,-0.004237,-0.067267,-0.053443,-0.159607,0.028732,0.155080,0.320291,-0.173206,-0.173206,0.368035,33828950.000000,991406925.274000,-0.170810
2018-06-11,18.764999,18.783001,18.319000,18.371000,54434000,0.000000,0.000000,16.846934,16.863096,16.446523,16.493208,17.855987,17.626683,17.684884,17.255635,17.509619,17.668317,-0.158698,0.012469,-0.171167,35.287419,17.855987,18.895975,16.815999,-0.155190,0.535349,0.032459,-0.022975,-0.097204,-0.094637,-0.192202,-0.021098,0.179970,0.315487,-0.192202,-0.192202,0.336605,35577900.000000,1000007014.000000,-0.201638
2018-06-12,18.490000,18.702000,18.334999,18.693001,36615000,0.000000,0.000000,16.600040,16.790370,16.460883,16.782291,17.784151,17.616094,17.669711,17.269198,17.397722,17.602685,-0.204963,-0.031017,-0.173946,39.641456,17.784151,18.913222,16.655080,0.056334,0.520644,0.031023,0.017527,-0.073870,-0.067524,-0.160867,0.010483,0.226062,0.323148,-0.178043,-0.178043,0.360032,35736800.000000,684444231.615000,-0.186534
2018-06-13,18.421000,18.850000,18.403000,18.459000,44895000,0.000000,0.000000,16.538100,16.923251,16.521940,16.572216,17.710026,17.593980,17.650583,17.282135,17.270721,17.526354,-0.255633,-0.075940,-0.179693,37.658544,17.710026,18.953197,16.466855,0.042376,0.512120,0.030902,-0.012518,-0.075246,-0.090389,-0.166422,0.002674,0.205954,0.319637,-0.188332,-0.188332,0.343007,37020850.000000,828716805.000000,-0.192952
2018-06-14,18.517000,18.655001,18.097000,18.117001,43866000,0.000000,0.000000,16.624275,16.748170,16.247205,16.265162,17.599474,17.559118,17.626907,17.292293,17.116020,17.432933,-0.316913,-0.124135,-0.192778,34.909847,17.599474,18.944812,16.254137,0.004098,0.511324,0.031437,-0.018528,-0.040566,-0.099118,-0.183480,0.005721,0.201974,0.323082,-0.203371,-0.203371,0.318124,38086900.000000,794720365.866000,-0.220811
2018-06-15,17.926001,18.090000,17.799999,17.841000,43553000,0.000000,0.000000,16.093687,16.240923,15.980565,16.017374,17.492517,17.531176,17.595516,17.300480,16.946997,17.328076,-0.381079,-0.175524,-0.205555,32.827508,17.492517,18.983624,16.001411,0.005353,0.495129,0.030912,-0.015234,-0.051162,-0.133080,-0.191716,-0.008180,0.217702,0.308092,-0.215507,-0.215507,0.298043,38960700.000000,777029073.000000,-0.227053
2018-06-18,17.663000,17.670000,17.400000,17.420000,45187000,0.000000,0.000000,15.857575,15.863859,15.621457,15.639413,17.401667,17.503480,17.565101,17.305596,16.745831,17.202990,-0.457160,-0.231851,-0.225309,29.897986,17.401667,19.107925,15.695408,-0.016409,0.488042,0.031206,-0.023597,-0.051766,-0.138633,-0.195047,-0.035785,0.191134,0.311600,-0.234018,-0.234018,0.267413,38595000.000000,787157540.000000,-0.249891
2018-06-19,17.090000,17.483000,17.051001,17.334999,37362000,0.000000,0.000000,15.343143,15.695972,15.308129,15.563099,17.287444,17.469846,17.543258,17.309891,16.563872,17.081517,-0.517645,-0.289010,-0.228635,29.328876,17.287444,19.165256,15.409632,0.040863,0.480885,0.030899,-0.004880,-0.072648,-0.108460,-0.204641,-0.062222,0.163421,0.289540,-0.237756,-0.237756,0.261229,39195800.000000,647670232.638000,-0.253701
2018-06-20,17.548000,17.629000,17.319000,17.454000,27759000,0.000000,0.000000,15.754326,15.827046,15.548733,15.669934,17.164678,17.425758,17.519526,17.314330,16.426343,16.976955,-0.550612,-0.341330,-0.209282,31.300402,17.164678,19.130830,15.198526,0.119881,0.466416,0.029765,0.006865,-0.054445,-0.122012,-0.217570,-0.069518,0.178353,0.275472,-0.232524,-0.232524,0.269887,39194350.000000,484505586.000000,-0.276957
2018-06-21,17.816999,17.924999,17.539000,17.605000,32827000,0.000000,0.000000,15.995831,16.092792,15.746247,15.805501,17.047217,17.383149,17.503028,17.320670,16.330829,16.890181,-0.559352,-0.384934,-0.174417,33.823250,17.047217,19.044771,15.049663,0.189191,0.463305,0.029313,0.008651,-0.028260,-0.127985,-0.176047,-0.046541,0.182168,0.269626,-0.225884,-0.225884,0.280873,39850750.000000,577919335.000000,-0.252270
2018-06-22,17.749001,17.760000,17.294001,17.469999,29503000,0.000000,0.000000,15.934783,15.944658,15.526291,15.684299,16.918963,17.328900,17.489674,17.326001,16.231363,16.800856,-0.569493,-0.421846,-0.147647,32.668195,16.918963,18.920907,14.917020,0.191634,0.460095,0.029335,-0.007668,-0.020795,-0.136076,-0.133177,-0.067482,0.179983,0.268075,-0.231820,-0.231820,0.271051,40263900.000000,515417380.497000,-0.233303
2018-06-25,17.221001,17.299999,16.761999,17.101000,36180000,0.000000,0.000000,15.460748,15.531672,15.048663,15.353013,16.784593,17.272098,17.472616,17.328089,16.096232,16.693609,-0.597377,-0.456952,-0.140424,29.684248,16.784593,18.829888,14.739298,0.150031,0.472633,0.030784,-0.021122,-0.018313,-0.158710,-0.200157,-0.071493,0.141818,0.268723,-0.248046,-0.248046,0.244204,40941050.000000,618714180.000000,-0.243293
2018-06-26,17.552000,17.575001,17.174000,17.393000,35058000,0.000000,0.000000,15.757918,15.778567,15.418555,15.615170,16.671143,17.220879,17.460325,17.332747,16.022222,16.613724,-0.591502,-0.483862,-0.107640,34.762415,16.671143,18.711341,14.630945,0.241208,0.469271,0.030052,0.017075,0.003346,-0.134435,-0.136955,-0.060950,0.183062,0.282024,-0.235206,-0.235206,0.265449,41669200.000000,609763794.000000,-0.215830
2018-06-27,17.500000,17.549000,16.979000,16.980000,26858000,0.000000,0.000000,15.711234,15.755225,15.243488,15.244386,16.532234,17.146563,17.453278,17.333685,15.902555,16.512292,-0.609736,-0.509037,-0.100699,31.317449,16.532234,18.563298,14.501170,0.182962,0.472304,0.030982,-0.023745,-0.027157,-0.147604,-0.129923,-0.071410,0.189870,0.288121,-0.253366,-0.253366,0.235400,41606050.000000,456048840.000000,-0.201276
2018-06-28,16.801001,17.114000,16.636999,17.087000,33546000,0.000000,0.000000,15.083687,15.364694,14.936449,15.340453,16.414425,17.089456,17.454950,17.334145,15.816078,16.425489,-0.609411,-0.529112,-0.080299,33.165498,16.414425,18.434415,14.394434,0.234164,0.469157,0.030583,0.006302,-0.029423,-0.148820,-0.154392,-0.070901,0.171368,0.287210,-0.248661,-0.248661,0.243186,41744200.000000,573200502.000000,-0.216717
2018-06-29,17.254999,17.483999,17.224001,17.285000,32016000,0.000000,0.000000,15.491277,15.696870,15.463447,15.518211,16.285412,17.059800,17.451283,17.335560,15.770252,16.358283,-0.588031,-0.540896,-0.047135,36.566639,16.285412,18.178114,14.392709,0.297327,0.461104,0.029714,0.011588,-0.010589,-0.123099,-0.103603,-0.060996,0.230558,0.291770,-0.239955,-0.239955,0.257591,41626450.000000,553396560.000000,-0.196787
2018-07-02,16.999001,17.327000,16.861000,17.305000,21153000,0.000000,0.000000,15.261443,15.555916,15.137549,15.536165,16.148769,17.027788,17.453772,17.336594,15.734239,16.297385,-0.563147,-0.545346,-0.017801,36.915828,16.148769,17.820154,14.477383,0.316738,0.458051,0.029483,0.001157,0.011929,-0.141576,-0.121152,-0.052402,0.239995,0.273996,-0.239075,-0.239075,0.259046,41281150.000000,366052665.000000,-0.211397
2018-07-03,17.319000,17.350000,16.688999,16.725000,20484000,0.000000,0.000000,15.548734,15.576565,14.983128,15.015450,15.993497,16.985451,17.459426,17.334842,15.623656,16.202427,-0.578771,-0.552031,-0.026740,31.499867,15.993497,17.457610,14.529384,0.165993,0.467722,0.031149,-0.033516,-0.038406,-0.178092,-0.166192,-0.109371,0.216848,0.281640,-0.264579,-0.264579,0.189186,41051400.000000,342594900.000000,-0.231593
2018-07-05,16.931000,17.230000,16.929001,17.181999,23862000,0.000000,0.000000,15.200393,15.468830,15.198598,15.425736,15.868750,16.962107,17.465941,17.333223,15.593207,16.144895,-0.551688,-0.551962,0.000274,39.083373,15.868750,17.036682,14.700818,0.310343,0.466697,0.030254,0.027324,0.011896,-0.148732,-0.114200,-0.100340,0.221680,0.308725,-0.244484,-0.244484,0.210133,40281800.000000,409996860.138000,-0.186252
2018-07-06,17.129999,17.409000,16.900000,17.386000,23543000,0.000000,0.000000,15.379053,15.629536,15.172563,15.608887,15.801551,16.940908,17.467982,17.332605,15.595619,16.105190,-0.509571,-0.543484,0.033913,42.161611,15.801551,16.855986,14.747115,0.408641,0.466003,0.029855,0.011873,0.017498,-0.129001,-0.083138,-0.093800,0.224501,0.315501,-0.235514,-0.235514,0.189451,35071350.000000,409318598.000000,-0.194962
2018-07-09,17.573000,17.712000,17.230000,17.702000,20559000,0.000000,0.000000,15.776773,15.901565,15.468832,15.892587,15.752128,16.918721,17.473207,17.335225,15.641306,16.089442,-0.448135,-0.524414,0.076279,46.658061,15.752128,16.678392,14.825863,0.575820,0.463626,0.029172,0.018176,0.024125,-0.062543,-0.078413,-0.091518,0.211070,0.274602,-0.221619,-0.221619,0.204808,33463000.000000,363935418.000000,-0.194358
2018-07-10,17.702000,17.792999,17.510000,17.639999,19771000,0.000000,0.000000,15.892590,15.974288,15.720216,15.836927,15.719314,16.901029,17.468567,17.337896,15.671402,16.070737,-0.399335,-0.499399,0.100063,45.904058,15.719314,16.579154,14.859473,0.568393,0.448658,0.028330,-0.003502,0.019359,-0.061851,-0.113985,-0.101470,0.185147,0.274569,-0.224345,-0.224345,0.200588,31729850.000000,348760420.229000,-0.207708
2018-07-11,17.450001,17.599001,16.882000,16.926001,34509000,0.000000,0.000000,15.666345,15.800115,15.156403,15.195906,15.639994,16.874446,17.455112,17.335386,15.598249,16.005935,-0.407686,-0.481056,0.073370,38.239715,15.639994,16.369810,14.910178,0.195753,0.465220,0.030615,-0.040476,0.012018,-0.078657,-0.152768,-0.136487,0.115871,0.296515,-0.255740,-0.255740,0.151993,31624550.000000,584099368.509000,-0.244376
2018-07-12,17.011000,17.341999,16.972000,17.132000,26871000,0.000000,0.000000,15.272219,15.569385,15.237205,15.380851,15.580426,16.842042,17.441547,17.336714,15.564803,15.959632,-0.394829,-0.463811,0.068981,41.285667,15.580426,16.171082,14.989771,0.331056,0.458667,0.029821,0.012171,-0.002910,-0.083507,-0.163935,-0.099026,0.123169,0.292226,-0.246682,-0.246682,0.166013,30723350.000000,460353972.000000,-0.259684
2018-07-13,17.226000,17.420000,17.127001,17.179001,21323000,0.000000,0.000000,15.465239,15.639410,15.376359,15.423044,15.538320,16.812037,17.423478,17.338577,15.542994,15.919885,-0.376891,-0.446427,0.069536,41.988593,15.538320,16.036231,15.040409,0.384240,0.444694,0.028833,0.002743,-0.011906,-0.069343,-0.152259,-0.084421,0.123633,0.291390,-0.244616,-0.244616,0.169212,29596200.000000,366307838.323000,-0.253479
2018-07-16,17.112000,17.290001,17.077000,17.179001,18735000,0.000000,0.000000,15.362891,15.522698,15.331469,15.423044,15.508604,16.782191,17.409160,17.336021,15.524540,15.883082,-0.358542,-0.428850,0.070308,41.988593,15.508604,15.954340,15.062868,0.404024,0.426590,0.027659,0.000000,-0.029545,-0.051774,-0.151468,-0.081458,0.106774,0.286175,-0.244616,-0.244616,0.169212,28355300.000000,321848583.735000,-0.242219
2018-07-17,17.052999,17.804001,17.052999,17.724001,24194000,0.000000,0.000000,15.309928,15.984166,15.309928,15.912343,15.522250,16.751345,17.400509,17.334832,15.584202,15.885249,-0.301047,-0.403289,0.102242,50.033925,15.522250,16.000383,15.044117,0.907933,0.444279,0.027920,0.031725,0.004762,-0.006557,-0.160749,-0.061675,0.144215,0.305185,-0.220651,-0.220651,0.206305,27305650.000000,428814480.194000,-0.239586
2018-07-18,18.304001,18.388000,17.905001,18.132000,32971000,0.000000,0.000000,16.433055,16.508468,16.074839,16.278635,15.558027,16.731379,17.391299,17.334045,15.691038,15.914389,-0.223351,-0.367302,0.143950,55.058673,15.558027,16.143959,14.972095,1.114925,0.455125,0.027958,0.023019,0.071251,0.040873,-0.105363,-0.108835,0.153144,0.302745,-0.202711,-0.202711,0.234074,27086100.000000,597830172.000000,-0.182016
2018-07-19,18.011000,18.146999,17.783001,17.823000,20152000,0.000000,0.000000,16.170006,16.292104,15.965312,16.001223,15.574592,16.703400,17.374567,17.331466,15.738759,15.920821,-0.182063,-0.330254,0.148191,50.885063,15.574592,16.191744,14.957440,0.845645,0.445958,0.027870,-0.017041,0.040334,0.028151,-0.058808,-0.125600,0.099812,0.309134,-0.216298,-0.216298,0.213043,26705750.000000,359169096.000000,-0.139940
2018-07-20,17.818001,17.844000,17.590000,17.781000,17208000,0.000000,0.000000,15.996732,16.020074,15.792036,15.963513,15.582492,16.665987,17.361877,17.329178,15.773336,15.923984,-0.150647,-0.294333,0.143685,50.326593,15.582492,16.215922,14.949063,0.800760,0.430393,0.026961,-0.002357,0.035043,0.018735,-0.068463,-0.136404,0.093425,0.308769,-0.218145,-0.218145,0.210184,25924800.000000,305975448.000000,-0.162790
2018-07-23,17.629999,17.650000,17.153000,17.483999,22954000,0.000000,0.000000,15.827950,15.845906,15.399707,15.696874,15.583121,16.615580,17.347954,17.325491,15.761573,15.907161,-0.145588,-0.264584,0.118996,46.445082,15.583121,16.217001,14.949241,0.589728,0.439922,0.028026,-0.016703,0.017755,-0.006873,-0.083784,-0.157567,0.083511,0.313378,-0.231204,-0.231204,0.189971,25597350.000000,401327713.046000,-0.183842
2018-07-24,17.618000,17.919001,17.299999,17.339001,23002000,0.000000,0.000000,15.817172,16.087406,15.531676,15.566690,15.593805,16.566963,17.334323,17.322130,15.731591,15.881941,-0.150350,-0.241737,0.091387,44.635003,15.593805,16.218491,14.969119,0.478297,0.448194,0.028792,-0.008294,-0.021722,-0.007499,-0.061849,-0.187395,0.070662,0.313575,-0.237580,-0.237580,0.180101,24938450.000000,398831701.002000,-0.180784
2018-07-25,17.349001,17.438000,17.044001,17.280001,22323000,0.000000,0.000000,15.575674,15.655575,15.301849,15.513726,15.588733,16.512857,17.316190,17.317611,15.698073,15.854665,-0.156592,-0.224708,0.068116,43.885647,15.588733,16.214335,14.963130,0.440053,0.441446,0.028455,-0.003402,-0.046989,0.010468,-0.069298,-0.169540,0.064814,0.304535,-0.240174,-0.240174,0.176086,24301700.000000,385741462.323000,-0.201870
2018-07-26,17.226000,17.764000,17.200001,17.726000,38416000,0.000000,0.000000,15.465243,15.948251,15.441901,15.914135,15.622220,16.470045,17.298348,17.315170,15.731313,15.859071,-0.127757,-0.205318,0.077561,50.633323,15.622220,16.241885,15.002555,0.735542,0.446082,0.028031,0.025810,-0.005443,0.019146,-0.063980,-0.103298,0.067121,0.311878,-0.220563,-0.220563,0.206441,24879600.000000,680962016.000000,-0.167019
2018-07-27,18.500000,19.344999,18.455999,19.002001,80737000,0.000000,0.000000,16.609021,17.367648,16.569518,17.059710,15.708183,16.441716,17.283263,17.318350,15.935682,15.948007,-0.012325,-0.166719,0.154394,63.978995,15.708183,16.586354,14.830012,1.269513,0.518042,0.030366,0.071985,0.068669,0.119081,0.020224,-0.054504,0.168793,0.383837,-0.164456,-0.164456,0.293286,27239150.000000,1534164554.737000,-0.066523
2018-07-30,18.948999,19.000000,18.587999,18.784000,34120000,0.000000,0.000000,17.012119,17.057906,16.688018,16.863985,15.775472,16.415865,17.262828,17.319983,16.078498,16.015857,0.062641,-0.120847,0.183488,60.947413,15.775472,16.788269,14.762674,1.037379,0.507588,0.030099,-0.011473,0.074353,0.099315,0.020509,-0.033874,0.177977,0.388367,-0.174042,-0.174042,0.278449,27344350.000000,640910080.000000,-0.059269
2018-07-31,19.007000,19.670000,18.974001,19.063999,34177000,0.000000,0.000000,17.064191,17.659422,17.034565,17.115364,15.854431,16.409044,17.244014,17.322514,16.238016,16.097302,0.140714,-0.068535,0.209249,63.349451,15.854431,17.022940,14.685923,1.039548,0.528149,0.030858,0.014906,0.099486,0.102921,0.006726,0.005621,0.211580,0.389267,-0.161730,-0.161730,0.297506,27995550.000000,651550293.823000,-0.069156
2018-08-01,18.987000,19.080000,18.584000,18.629000,25590000,0.000000,0.000000,17.046235,17.129730,16.684428,16.724829,15.939900,16.386589,17.210391,17.321799,16.312910,16.143786,0.169125,-0.021003,0.190128,57.438607,15.939900,17.100056,14.779745,0.838286,0.522231,0.031225,-0.022818,0.078067,0.076509,-0.011730,-0.019583,0.198973,0.400902,-0.180857,-0.180857,0.267899,28250850.000000,476716110.000000,-0.097126
2018-08-02,18.378000,18.808001,18.362000,18.709999,18192000,0.000000,0.000000,16.499487,16.885534,16.485122,16.797550,16.008491,16.360035,17.174192,17.320355,16.387470,16.192213,0.195258,0.022249,0.173009,58.220336,16.008491,17.202372,14.814611,0.830460,0.513530,0.030572,0.004348,0.055511,0.118684,-0.006961,-0.002771,0.251145,0.377233,-0.177296,-0.177296,0.273412,27967350.000000,340372301.808000,-0.107769
2018-08-03,18.680000,18.809000,18.583000,18.729000,15075000,0.000000,0.000000,16.770622,16.886436,16.683537,16.814613,16.068777,16.333233,17.142342,17.318024,16.453184,16.238316,0.214868,0.060773,0.154095,58.413343,16.068777,17.298914,14.838641,0.803151,0.491342,0.029221,0.001016,-0.014367,0.090036,-0.036668,0.054270,0.274706,0.369081,-0.176460,-0.176460,0.270100,27543950.000000,282339675.000000,-0.120222
2018-08-06,18.621000,18.858000,18.615999,18.830999,17930000,0.000000,0.000000,16.717651,16.930426,16.713161,16.906185,16.119457,16.306369,17.112596,17.313512,16.522877,16.287788,0.235089,0.095636,0.139453,59.494808,16.119457,17.401455,14.837459,0.806837,0.471765,0.027905,0.005446,0.002502,0.083113,-0.021460,0.114209,0.271825,0.368104,-0.171975,-0.171975,0.277017,27412500.000000,337639812.070000,-0.103284
2018-08-07,18.875000,18.898001,18.365000,18.591000,27277000,0.000000,0.000000,16.945681,16.966331,16.487811,16.690710,16.162146,16.279375,17.080302,17.307706,16.548697,16.317634,0.231063,0.122721,0.108342,55.816566,16.162146,17.461278,14.863015,0.703430,0.472248,0.028294,-0.012745,-0.024811,0.050220,-0.040774,0.050726,0.208965,0.368749,-0.182528,-0.182528,0.260741,27787800.000000,507106707.000000,-0.125646
2018-08-08,18.504999,19.049999,18.471001,19.002001,21288000,0.000000,0.000000,16.613509,17.102802,16.582986,17.059710,16.255337,16.262886,17.052734,17.301808,16.627315,16.372603,0.254712,0.149120,0.105592,60.338690,16.255337,17.529789,14.980885,0.815576,0.475645,0.027881,0.022108,0.020023,0.077211,-0.043425,0.115942,0.236407,0.374053,-0.164456,-0.164456,0.288613,27126750.000000,404514597.288000,-0.118142
2018-08-09,18.667999,18.764000,18.274000,18.448999,32915000,0.000000,0.000000,16.759843,16.846031,16.406117,16.563229,16.314456,16.233699,17.024077,17.293184,16.617455,16.386723,0.230732,0.165442,0.065290,52.546060,16.314456,17.526262,15.102649,0.602646,0.488356,0.029484,-0.029103,-0.013950,0.089980,-0.090793,0.146244,0.204678,0.358853,-0.188772,-0.188772,0.251111,27428950.000000,607248802.085000,-0.156534
2018-08-10,18.056999,18.143000,17.743999,17.809999,29623000,0.000000,0.000000,16.211307,16.288517,15.930301,15.989554,16.342781,16.199558,16.988298,17.281713,16.520855,16.357303,0.163552,0.165064,-0.001512,45.270716,16.342781,17.491708,15.193854,0.346280,0.498682,0.031188,-0.034635,-0.049068,0.039575,-0.111571,0.082260,0.207779,0.381890,-0.216869,-0.216869,0.170040,27843950.000000,527585600.377000,-0.170498
2018-08-13,17.886000,17.910000,17.605000,17.815001,21843000,0.000000,0.000000,16.057779,16.079326,15.805501,15.994037,16.371331,16.157469,16.947966,17.271495,16.439806,16.330395,0.109412,0.153934,-0.044522,45.334412,16.371331,17.450274,15.292388,0.325156,0.482621,0.030175,0.000280,-0.053954,0.037022,-0.122124,0.038247,0.170368,0.381935,-0.216650,-0.216650,0.143678,27999350.000000,389133066.843000,-0.177227
2018-08-14,17.858000,17.965000,17.642000,17.669001,19201000,0.000000,0.000000,16.032639,16.128703,15.838718,15.862959,16.368862,16.109348,16.914770,17.258974,16.351060,16.295770,0.055291,0.134205,-0.078914,43.731765,16.368862,17.452443,15.285280,0.266560,0.468861,0.029557,-0.008195,-0.049594,0.028523,-0.121395,0.032066,0.129369,0.383528,-0.223070,-0.223070,0.134305,27749700.000000,339262488.201000,-0.192027
2018-08-15,17.444000,17.482000,17.089001,17.283001,29154000,0.000000,0.000000,15.660959,15.695075,15.342246,15.516417,16.330751,16.057258,16.888995,17.244179,16.222654,16.238040,-0.015386,0.104287,-0.119673,39.732614,16.330751,17.479359,15.182142,0.145513,0.472565,0.030456,-0.021846,-0.090464,-0.024882,-0.160194,-0.048125,0.093250,0.375341,-0.240042,-0.240042,0.109525,27558850.000000,503868611.154000,-0.210992
2018-08-16,17.388000,17.670000,17.230000,17.429001,26004000,0.000000,0.000000,15.610682,15.863857,15.468831,15.647491,16.313064,16.011794,16.853519,17.230838,16.134167,16.194296,-0.060128,0.071404,-0.131532,41.896904,16.313064,17.493490,15.132638,0.218079,0.467027,0.029847,0.008447,-0.055287,-0.038771,-0.138188,-0.054040,0.082154,0.366922,-0.233623,-0.233623,0.118898,27851450.000000,453223742.004000,-0.195629
2018-08-17,17.086000,17.112000,16.632000,16.990999,42193000,0.000000,0.000000,15.339554,15.362895,14.931959,15.254263,16.277602,15.977822,16.825131,17.214478,15.998797,16.124664,-0.125866,0.031950,-0.157816,37.541241,16.277602,17.541880,15.013323,0.095288,0.484777,0.031780,-0.025130,-0.045986,-0.046681,-0.126152,-0.088609,0.086649,0.372234,-0.252882,-0.252882,0.090779,29100700.000000,716901220.807000,-0.188971
2018-08-20,16.957001,17.201000,16.697001,17.128000,25374000,0.000000,0.000000,15.223735,15.442794,14.990310,15.377255,16.261621,15.947747,16.803696,17.201243,15.903175,16.069300,-0.166124,-0.007665,-0.158459,39.654414,16.261621,17.564304,14.958937,0.160560,0.482470,0.031376,0.008063,-0.038563,-0.036725,-0.138411,-0.107526,0.081555,0.373861,-0.246858,-0.246858,0.099574,29221700.000000,434605872.000000,-0.196156
2018-08-21,17.226000,17.549999,17.158001,17.438999,27194000,0.000000,0.000000,15.465244,15.756125,15.404195,15.656471,16.266110,15.931012,16.778848,17.187672,15.865221,16.038720,-0.173499,-0.040832,-0.132667,44.264623,16.266110,17.559294,14.972925,0.264288,0.475070,0.030343,0.018158,-0.013017,-0.002574,-0.136207,-0.071104,0.115723,0.375523,-0.233183,-0.233183,0.119540,29431300.000000,474236138.806000,-0.201357
2018-08-22,17.343000,17.509001,17.270000,17.308001,17181000,0.000000,0.000000,15.570284,15.719316,15.504745,15.538861,16.267366,15.906143,16.761118,17.173402,15.815012,16.001693,-0.186682,-0.070002,-0.116680,42.782020,16.267366,17.557517,14.977215,0.217667,0.456463,0.029376,-0.007512,0.001446,-0.001788,-0.144087,-0.073824,0.070771,0.375312,-0.238943,-0.238943,0.111130,29174200.000000,297368765.181000,-0.206455
2018-08-23,17.259001,17.445000,17.230000,17.277000,22220000,0.000000,0.000000,15.494870,15.661857,15.468834,15.511030,16.247211,15.884919,16.739450,17.159170,15.768245,15.965348,-0.197103,-0.095422,-0.101681,42.419937,16.247211,17.572708,14.921714,0.222300,0.437646,0.028215,-0.001791,-0.008721,-0.000174,-0.150051,-0.098176,0.082800,0.375159,-0.240306,-0.240306,0.109140,28364400.000000,383894940.000000,-0.211205
2018-08-24,17.403999,17.415001,17.143999,17.246000,20123000,0.000000,0.000000,15.625046,15.634923,15.391622,15.483197,16.168385,15.869280,16.714199,17.143680,15.724392,15.929633,-0.205241,-0.117386,-0.087855,42.036767,16.168385,17.477846,14.858925,0.238370,0.423764,0.027369,-0.001794,0.015008,-0.027079,-0.141750,-0.123975,0.100457,0.363470,-0.241670,-0.241670,0.107150,25333700.000000,347041258.000000,-0.210642
2018-08-27,17.299999,17.808001,17.295000,17.621000,31687000,0.000000,0.000000,15.531671,15.987746,15.527183,15.819860,16.116179,15.865330,16.698253,17.128962,15.739079,15.921502,-0.182423,-0.130393,-0.052029,48.138920,16.116179,17.391687,14.840672,0.383843,0.429535,0.027152,0.021744,0.028783,-0.072677,-0.115426,-0.081979,0.131223,0.264422,-0.225181,-0.225181,0.111439,25212050.000000,558356627.000000,-0.199426
2018-08-28,17.323000,17.431999,17.080000,17.414000,35476000,0.000000,0.000000,15.552326,15.650183,15.334164,15.634024,16.042112,15.865222,16.684351,17.115514,15.722917,15.900207,-0.177290,-0.139773,-0.037518,45.303721,16.042112,17.243187,14.841038,0.330115,0.433546,0.027731,-0.011747,-0.001434,-0.072934,-0.132531,-0.085151,0.098383,0.264528,-0.234282,-0.234282,0.087218,25277000.000000,617779064.000000,-0.208590
2018-08-29,17.327999,17.493999,17.187000,17.261999,23196000,0.000000,0.000000,15.556816,15.705849,15.430230,15.497562,15.980749,15.863911,16.666879,17.100895,15.688247,15.870382,-0.182135,-0.148245,-0.033890,43.287597,15.980749,17.160167,14.801331,0.295159,0.422266,0.027247,-0.008729,-0.002658,-0.094523,-0.124265,-0.084595,0.077728,0.256390,-0.240966,-0.240966,0.072495,25157300.000000,400409328.804000,-0.213967
2018-08-30,17.250000,17.462000,17.215000,17.247000,21550000,0.000000,0.000000,15.486793,15.677123,15.455371,15.484099,15.915076,15.860195,16.642976,17.085392,15.656839,15.841768,-0.184929,-0.155582,-0.029347,43.083887,15.915076,17.048364,14.781789,0.309855,0.407943,0.026346,-0.000869,-0.001736,-0.074185,-0.144453,-0.106360,0.059366,0.247863,-0.241625,-0.241625,0.071564,25325200.000000,371672850.000000,-0.215144
2018-08-31,17.228001,17.466999,17.172001,17.309000,22122000,0.000000,0.000000,15.467041,15.681610,15.416765,15.539761,15.851334,15.854880,16.619014,17.070429,15.638827,15.819397,-0.180570,-0.160579,-0.019990,44.251988,15.851334,16.912718,14.789949,0.353223,0.397722,0.025594,0.003595,0.003653,-0.074879,-0.149393,-0.121969,0.056833,0.247574,-0.238899,-0.238899,0.075416,25677550.000000,382909698.000000,-0.215531
2018-09-04,17.174999,17.292000,16.834000,17.195999,26060000,0.000000,0.000000,15.419452,15.524494,15.113308,15.438306,15.777940,15.849960,16.589430,17.055305,15.607978,15.791168,-0.183190,-0.165102,-0.018089,42.538327,15.777940,16.729526,14.826354,0.321543,0.399774,0.025895,-0.006529,-0.024119,-0.081852,-0.148038,-0.168560,0.044396,0.247187,-0.243868,-0.243868,0.068395,26084050.000000,448127733.940000,-0.207399
2018-09-05,17.061001,17.232000,16.917000,17.204000,29233000,0.000000,0.000000,15.317108,15.470629,15.187826,15.445491,15.715679,15.851810,16.561954,17.037836,15.582980,15.765562,-0.182582,-0.168598,-0.013985,42.707538,15.715679,16.574202,14.857156,0.342644,0.391419,0.025342,0.000465,-0.012059,-0.086400,-0.138119,-0.183102,0.062456,0.245399,-0.243516,-0.243516,0.068892,26181850.000000,502924532.000000,-0.177906
2018-09-06,17.030001,17.084999,15.999000,16.004999,56661000,0.000000,0.000000,15.289277,15.338654,14.363660,14.369046,15.581146,15.826887,16.523883,17.016207,15.396221,15.662117,-0.265896,-0.188057,-0.077839,28.951995,15.581146,16.394981,14.767310,-0.244683,0.440734,0.030672,-0.069693,-0.072819,-0.139099,-0.152412,-0.243606,-0.017041,0.333812,-0.296238,-0.296238,0.000000,27950500.000000,906859248.339000,-0.190088
2018-09-07,15.860000,16.142000,15.852000,15.958000,31932000,0.000000,0.000000,14.238865,14.492040,14.231683,14.326848,15.469327,15.808536,16.477550,16.992310,15.231702,15.563208,-0.331506,-0.216747,-0.114759,28.563603,15.469327,16.328306,14.610348,-0.165021,0.427850,0.029864,-0.002937,-0.074738,-0.160194,-0.151306,-0.286763,-0.040739,0.317262,-0.298305,-0.298305,0.000000,27901350.000000,509570856.000000,-0.184924
2018-09-10,16.143000,16.145000,15.825000,15.946000,22927000,0.000000,0.000000,14.492940,14.494737,14.207445,14.316077,15.385653,15.788049,16.438752,16.966668,15.090837,15.470828,-0.379991,-0.249396,-0.130595,28.458659,15.385653,16.350736,14.420569,-0.054136,0.417810,0.029185,-0.000752,-0.078745,-0.135671,-0.132002,-0.298832,-0.025037,0.308681,-0.298832,-0.298832,0.000000,27566550.000000,365593942.000000,-0.166497
2018-09-11,15.500000,15.620000,15.319000,15.540000,35012000,0.110000,0.000000,14.012325,14.120807,13.848697,14.048486,15.288375,15.758654,16.409227,16.941348,14.930475,15.365469,-0.434994,-0.286516,-0.148479,25.911610,15.288375,16.379267,14.197484,-0.068292,0.421351,0.029993,-0.018692,-0.090024,-0.121396,-0.162898,-0.297561,-0.066959,0.295167,-0.311938,-0.311938,0.000000,28225000.000000,544086480.000000,-0.197775
2018-09-12,15.025000,15.180000,14.902000,15.037000,50018000,0.000000,0.000000,13.582916,13.723040,13.471722,13.593764,15.174915,15.719806,16.373797,16.913017,14.724827,15.234232,-0.509405,-0.331093,-0.178311,22.264890,15.174915,16.467551,13.882280,-0.111600,0.432452,0.031813,-0.032368,-0.119888,-0.150073,-0.179726,-0.316237,-0.108520,0.307845,-0.334209,-0.334209,0.000000,29765850.000000,752120666.000000,-0.213320
2018-09-13,15.200000,15.441000,15.102000,15.312000,31504000,0.000000,0.000000,13.741116,13.958986,13.652523,13.842367,15.091213,15.696345,16.340898,16.888550,14.589064,15.131131,-0.542067,-0.373288,-0.168779,28.213253,15.091213,16.502129,13.680297,0.057434,0.427650,0.030894,0.018288,-0.036654,-0.127378,-0.148956,-0.305106,-0.091422,0.320531,-0.322033,-0.322033,0.018288,29883350.000000,482389248.000000,-0.181512
2018-09-14,15.376000,15.574000,15.189000,15.346000,24852000,0.000000,0.000000,13.900226,14.079222,13.731174,13.873105,15.002494,15.665292,16.313699,16.863255,14.478916,15.037944,-0.559027,-0.410436,-0.148591,28.937315,15.002494,16.487341,13.517646,0.119695,0.421964,0.030416,0.002221,-0.031671,-0.105908,-0.133871,-0.299922,-0.094998,0.316612,-0.320528,-0.320528,0.020549,29825750.000000,381378792.000000,-0.167908
2018-09-17,15.284000,15.442000,15.182000,15.210000,19409000,0.000000,0.000000,13.817058,13.959893,13.724848,13.750160,14.927288,15.628117,16.284513,16.845562,14.366800,14.942552,-0.575752,-0.443499,-0.132253,27.732446,14.927288,16.507728,13.346849,0.127595,0.408613,0.029717,-0.008862,-0.039530,-0.121255,-0.120801,-0.292286,-0.105144,0.312921,-0.326550,-0.326550,0.011505,28686550.000000,295210890.000000,-0.140003
2018-09-18,15.236000,15.547000,15.236000,15.365000,15270000,0.000000,0.000000,13.773664,14.054815,13.773664,13.890283,14.852940,15.588071,16.253396,16.829595,14.293490,14.864606,-0.571117,-0.469023,-0.102094,31.246123,14.852940,16.483365,13.222515,0.204783,0.401187,0.028883,0.010191,-0.011261,-0.089416,-0.107486,-0.290131,-0.118049,0.309540,-0.319687,-0.319687,0.021813,28181350.000000,234623550.000000,-0.137325
2018-09-19,15.536000,15.536000,15.272000,15.319000,21014000,0.000000,0.000000,14.044870,14.044870,13.806209,13.848698,14.762551,15.548307,16.224668,16.815428,14.225060,14.789354,-0.564294,-0.488077,-0.076217,30.768011,14.762551,16.405802,13.119300,0.221937,0.389578,0.028131,-0.002994,0.018754,-0.099404,-0.116225,-0.308507,-0.119746,0.306345,-0.321723,-0.321723,0.018754,27872350.000000,321913466.000000,-0.137883
2018-09-20,15.486000,15.704000,15.433000,15.528000,24502000,0.000000,0.000000,13.999670,14.196747,13.951756,14.037639,14.687490,15.525141,16.199794,16.805345,14.196226,14.733671,-0.537445,-0.497950,-0.039495,35.590361,14.687490,16.318535,13.056446,0.300787,0.386612,0.027541,0.013643,0.014107,-0.103397,-0.111851,-0.268207,-0.086593,0.302458,-0.312470,-0.312470,0.032653,28238400.000000,380467056.000000,-0.152728
2018-09-21,15.351000,15.655000,15.351000,15.568000,41910000,0.000000,0.000000,13.877628,14.152450,13.877628,14.073800,14.615629,15.499000,16.170521,16.795314,14.177391,14.684792,-0.507401,-0.499840,-0.007560,36.501976,14.615629,16.220330,13.010927,0.331175,0.378627,0.026903,0.002576,0.014466,-0.094284,-0.102682,-0.222184,-0.080307,0.303422,-0.310698,-0.310698,0.035313,29222900.000000,652454880.000000,-0.140918
2018-09-24,15.496000,15.529000,15.251000,15.474000,19800000,0.000000,0.000000,14.008712,14.038544,13.787227,13.988823,14.540910,15.470316,16.141176,16.783211,14.148381,14.633239,-0.484858,-0.496844,0.011986,35.239745,14.540910,16.114382,12.967437,0.324564,0.372051,0.026596,-0.006038,0.017357,-0.098137,-0.088855,-0.271227,-0.108878,0.303297,-0.314860,-0.314860,0.029062,29206750.000000,306385200.000000,-0.150092
2018-09-25,15.501000,15.501000,15.051000,15.129000,34302000,0.000000,0.000000,14.013230,14.013230,13.606420,13.676933,14.433764,15.435394,16.108793,16.767352,14.075850,14.562401,-0.486551,-0.494785,0.008235,31.002327,14.433764,15.930515,12.937012,0.247176,0.374534,0.027384,-0.022296,-0.015360,-0.116660,-0.124125,-0.244081,-0.095159,0.309058,-0.330136,-0.330136,0.006118,29337500.000000,518954958.000000,-0.183086
2018-09-26,14.805000,15.176000,14.754000,14.881000,34514000,0.000000,0.000000,13.384033,13.719424,13.337927,13.452738,14.324699,15.386202,16.068774,16.751575,13.979987,14.480204,-0.500217,-0.495872,-0.004345,28.362240,14.324699,15.770211,12.879187,0.198390,0.375032,0.027878,-0.016392,-0.028592,-0.149630,-0.117528,-0.232182,-0.106157,0.294264,-0.341117,-0.341117,0.000000,29289400.000000,513602834.000000,-0.190770
2018-09-27,15.021000,15.174000,14.854000,15.057000,22384000,0.000000,0.000000,13.579298,13.717613,13.428327,13.611843,14.230413,15.332866,16.032123,16.736994,13.923349,14.415881,-0.492531,-0.495204,0.002672,32.739730,14.230413,15.597693,12.863134,0.273795,0.368907,0.027102,0.011827,-0.030332,-0.129345,-0.112683,-0.249678,-0.145750,0.301246,-0.333324,-0.333324,0.011827,29248800.000000,337035888.000000,-0.184420
2018-09-28,15.048000,15.330000,14.914000,15.170000,21552000,0.000000,0.000000,13.603706,13.858639,13.482566,13.713996,14.141908,15.287121,15.995261,16.724700,13.891141,14.363889,-0.472748,-0.490713,0.017964,35.466330,14.141908,15.391599,12.892218,0.328793,0.369419,0.026937,0.007505,-0.025566,-0.115087,-0.116264,-0.207822,-0.150841,0.304889,-0.328321,-0.328321,0.019420,29248900.000000,326943840.000000,-0.187640
2018-10-01,15.063000,15.186000,14.918000,15.024000,23595000,0.000000,0.000000,13.617270,13.728464,13.486187,13.582013,14.044021,15.239491,15.952739,16.711863,13.843583,14.305973,-0.462390,-0.485048,0.022658,33.572677,14.044021,15.128461,12.959580,0.286983,0.360337,0.026530,-0.009624,-0.029081,-0.122841,-0.125781,-0.231695,-0.173648,0.304677,-0.334785,-0.334785,0.009610,29322550.000000,354491280.000000,-0.187835
2018-10-02,14.950000,15.485000,14.928000,15.108000,28033000,0.000000,0.000000,13.515114,13.998765,13.495226,13.657949,13.955003,15.198713,15.907146,16.699054,13.815024,14.257971,-0.442947,-0.476628,0.033681,35.699887,13.955003,14.829506,13.080500,0.330158,0.370566,0.027132,0.005591,-0.001388,-0.121097,-0.090407,-0.241574,-0.173095,0.305550,-0.331066,-0.331066,0.015254,29421200.000000,423522564.000000,-0.156634
2018-10-03,15.184000,15.331000,15.022000,15.217000,16745000,0.000000,0.000000,13.726656,13.859547,13.580205,13.756489,13.870553,15.162509,15.864736,16.684857,13.806019,14.220824,-0.414806,-0.464263,0.049458,38.454189,13.870553,14.395270,13.345836,0.391309,0.364050,0.026464,0.007215,0.022579,-0.108938,-0.108212,-0.210054,-0.162263,0.308910,-0.326240,-0.326240,0.022579,28796800.000000,254808665.000000,-0.166033
2018-10-04,15.097000,15.100000,14.763000,14.901000,26982000,0.000000,0.000000,13.648008,13.650720,13.346064,13.470819,13.825641,15.121651,15.817254,16.668008,13.754449,14.165268,-0.410819,-0.453574,0.042756,33.918224,13.825641,14.323798,13.327485,0.143864,0.367362,0.027271,-0.020766,-0.010360,-0.127848,-0.136978,-0.208727,-0.180325,0.312657,-0.340231,-0.340231,0.001344,27312850.000000,402058782.000000,-0.161836
2018-10-05,14.877000,15.045000,14.680000,14.790000,23365000,0.000000,0.000000,13.449121,13.600996,13.271029,13.370471,13.777823,15.070777,15.770411,16.651975,13.695376,14.106394,-0.411019,-0.445063,0.034045,32.469357,13.777823,14.256636,13.299009,0.074624,0.364691,0.027276,-0.007449,-0.025049,-0.069495,-0.158698,-0.224667,-0.176641,0.211697,-0.345146,-0.345146,0.000000,26884500.000000,345568350.000000,-0.162856
2018-10-08,14.720000,14.911000,14.530000,14.608000,24404000,0.000000,0.000000,13.307193,13.479861,13.135428,13.205942,13.722316,14.993702,15.717709,16.633909,13.620078,14.039694,-0.419616,-0.439974,0.020358,30.192124,13.722316,14.195760,13.248872,-0.045338,0.363244,0.027506,-0.012305,-0.027689,-0.078238,-0.166130,-0.261179,-0.195616,0.213948,-0.353204,-0.353204,0.000000,26958350.000000,356493632.000000,-0.163133
2018-10-09,14.562000,14.600000,14.135000,14.447000,39021000,0.000000,0.000000,13.164355,13.198708,12.778338,13.060392,13.672911,14.917630,15.666748,16.616535,13.533973,13.967153,-0.433181,-0.438615,0.005435,28.301123,13.672911,14.205560,13.140262,-0.074974,0.367841,0.028165,-0.011022,-0.043752,-0.087712,-0.140532,-0.271831,-0.203749,0.215069,-0.360333,-0.360333,0.000000,27158800.000000,563736387.000000,-0.143307
2018-10-10,14.240000,14.367000,13.876000,13.978000,45539000,0.000000,0.000000,12.873258,12.988068,12.544195,12.636404,13.625043,14.828051,15.618547,16.596573,13.395885,13.868579,-0.472694,-0.445431,-0.027263,23.653600,13.625043,14.331391,12.918696,-0.199825,0.378438,0.029948,-0.032464,-0.081422,-0.100515,-0.178433,-0.313116,-0.230599,0.231375,-0.381099,-0.381099,0.000000,26934850.000000,636544142.000000,-0.127068
2018-10-11,14.078000,14.288000,13.599000,13.762000,39716000,0.000000,0.000000,12.726805,12.916649,12.293779,12.441134,13.554982,14.742377,15.564483,16.576696,13.249000,13.762843,-0.513842,-0.459113,-0.054729,21.872141,13.554982,14.428708,12.681255,-0.137412,0.395898,0.031822,-0.015453,-0.076438,-0.084791,-0.193341,-0.316163,-0.247696,0.212772,-0.390663,-0.390663,0.000000,27345450.000000,546571592.000000,-0.129845
2018-10-12,14.298000,14.664000,14.077000,14.361000,37654000,0.000000,0.000000,12.925692,13.256563,12.725903,12.982645,13.510459,14.666079,15.513057,16.559053,13.208023,13.705050,-0.497027,-0.466696,-0.030331,36.218177,13.510459,14.406398,12.614519,0.205441,0.425864,0.032803,0.043526,-0.029006,-0.062108,-0.158231,-0.285732,-0.218352,0.259170,-0.364141,-0.364141,0.043526,27985550.000000,540749094.000000,-0.118666
2018-10-15,14.200000,14.419000,14.036000,14.251000,26998000,0.000000,0.000000,12.837096,13.035076,12.688837,12.883202,13.467111,14.587451,15.460342,16.540838,13.158050,13.644172,-0.486122,-0.470581,-0.015541,34.949028,13.467111,14.397450,12.536771,0.186185,0.420177,0.032614,-0.007660,-0.024439,-0.071354,-0.190364,-0.320512,-0.236225,0.258960,-0.369011,-0.369011,0.035533,28365000.000000,384748498.000000,-0.136338
2018-10-16,14.422000,14.645000,14.327000,14.527000,45363000,0.000000,0.000000,13.037792,13.239389,12.951909,13.132714,13.429232,14.511981,15.409175,16.524525,13.154152,13.606287,-0.452134,-0.466892,0.014758,40.575705,13.429232,14.348652,12.509813,0.338747,0.415606,0.031647,0.019367,0.005538,-0.044905,-0.193255,-0.278256,-0.231390,0.269689,-0.356791,-0.356791,0.055588,29869650.000000,658988301.000000,-0.166652
2018-10-17,15.250000,15.396000,14.620000,14.718000,87861000,0.000000,0.000000,13.786322,13.918309,13.216788,13.305383,13.402066,14.444275,15.361825,16.506755,13.177419,13.583998,-0.406579,-0.454829,0.048250,44.174356,13.402066,14.301183,12.502949,0.446234,0.442034,0.033222,0.013148,0.052941,-0.042109,-0.168477,-0.217377,-0.230050,0.271568,-0.348334,-0.348334,0.069467,33212000.000000,1293138198.000000,-0.145143
2018-10-18,14.568000,14.654000,14.341000,14.509000,43263000,0.000000,0.000000,13.169776,13.247522,12.964563,13.116439,13.356006,14.365409,15.314148,16.486607,13.168037,13.549364,-0.381326,-0.440129,0.058802,41.231885,13.356006,14.211349,12.500664,0.359958,0.434804,0.033150,-0.014201,0.054280,-0.052876,-0.178349,-0.234602,-0.263471,0.274888,-0.357588,-0.357588,0.054280,34150050.000000,627702867.000000,-0.135503
2018-10-19,14.562000,14.855000,14.442000,14.520000,41175000,0.000000,0.000000,13.164355,13.429233,13.055873,13.126387,13.308636,14.296673,15.265186,16.466116,13.161629,13.518032,-0.356403,-0.423383,0.066981,41.453008,13.308636,14.099075,12.518197,0.384717,0.430415,0.032790,0.000758,0.011072,-0.064915,-0.163758,-0.233822,-0.264710,0.268947,-0.357101,-0.357101,0.055080,34113300.000000,597861000.000000,-0.113663
2018-10-22,14.673000,14.759000,14.364000,14.427000,27412000,0.000000,0.000000,13.264697,13.342443,12.985355,13.042308,13.261310,14.237728,15.218643,16.443859,13.143272,13.482793,-0.339521,-0.406611,0.067090,40.080356,13.261310,13.991307,12.531313,0.349998,0.425178,0.032600,-0.006405,0.012350,-0.073292,-0.162166,-0.213985,-0.284932,0.268377,-0.361218,-0.361218,0.048321,34493900.000000,395472924.000000,-0.114703
2018-10-23,13.960000,14.766000,13.958000,14.639000,38654000,0.000000,0.000000,12.620133,13.348774,12.618325,13.233963,13.239162,14.182526,15.169998,16.421902,13.157225,13.464361,-0.307137,-0.386716,0.079579,44.584888,13.239162,13.942454,12.535869,0.496304,0.446983,0.033775,0.014695,0.007710,-0.053962,-0.146951,-0.206066,-0.276362,0.275408,-0.351832,-0.351832,0.063726,34711500.000000,565855906.000000,-0.084586
2018-10-24,14.425000,14.523000,13.915000,13.931000,39102000,0.000000,0.000000,13.040504,13.129097,12.579453,12.593917,13.196221,14.117145,15.113246,16.396883,13.070562,13.399884,-0.329322,-0.375237,0.045915,35.096027,13.196221,13.947822,12.444619,0.099320,0.461806,0.036669,-0.048364,-0.053472,-0.079186,-0.208633,-0.259265,-0.311193,0.311466,-0.383180,-0.383180,0.012280,34940900.000000,544729962.000000,-0.113910
2018-10-25,14.100000,14.405000,13.939000,14.256000,31346000,0.000000,0.000000,12.746698,13.022424,12.601151,12.887725,13.160015,14.064571,15.060915,16.375965,13.042433,13.361946,-0.319513,-0.364092,0.044579,41.274617,13.160015,13.896936,12.423093,0.315252,0.459428,0.035648,0.023329,-0.017437,-0.042000,-0.244552,-0.229274,-0.285509,0.321367,-0.368790,-0.368790,0.035896,35389000.000000,446868576.000000,-0.190389
2018-10-26,13.846000,14.226000,13.656000,13.910000,37699000,0.000000,0.000000,12.517074,12.860602,12.345310,12.574931,13.103061,14.003120,15.007457,16.354614,12.970510,13.303649,-0.333139,-0.357902,0.024763,37.213057,13.103061,13.835765,12.370358,0.139602,0.465355,0.037007,-0.024271,-0.042011,-0.076177,-0.254332,-0.239039,-0.315358,0.326307,-0.384110,-0.384110,0.010754,36196350.000000,524393090.000000,-0.193678
2018-10-29,14.078000,14.252000,13.342000,13.578000,37667000,0.000000,0.000000,12.726806,12.884105,12.061447,12.274796,13.037700,13.943531,14.960677,16.332034,12.863477,13.227437,-0.363961,-0.359113,-0.004847,33.778339,13.037700,13.821919,12.253482,0.013590,0.490877,0.039991,-0.023868,-0.058848,-0.104944,-0.282820,-0.277997,-0.335619,0.330962,-0.398809,-0.398809,0.000000,36899950.000000,511442526.000000,-0.201809
2018-10-30,13.583000,14.108000,13.486000,13.927000,40181000,0.000000,0.000000,12.279317,12.753928,12.191627,12.590301,12.984318,13.887792,14.917769,16.310194,12.821450,13.180242,-0.358792,-0.359049,0.000257,40.043161,12.984318,13.735417,12.233219,0.237706,0.495979,0.039394,0.025703,-0.048637,-0.073017,-0.247209,-0.256039,-0.312593,0.347056,-0.383357,-0.383357,0.025703,37507350.000000,559600787.000000,-0.176414
2018-10-31,14.166000,14.307000,14.022000,14.173000,28055000,0.000000,0.000000,12.806363,12.933829,12.676184,12.812691,12.937128,13.830916,14.880964,16.282924,12.820102,13.153016,-0.332914,-0.353822,0.020908,44.060348,12.937128,13.597014,12.277243,0.405713,0.485089,0.037860,0.017664,0.017371,-0.061888,-0.237229,-0.242538,-0.308400,0.353447,-0.372465,-0.372465,0.043821,38072850.000000,397623515.000000,-0.173560
2018-11-01,14.264000,15.204000,14.250000,15.186000,57921000,0.000000,0.000000,12.894957,13.744737,12.882301,13.728464,12.950010,13.794708,14.850426,16.260068,12.959850,13.195642,-0.235792,-0.330216,0.094424,56.874157,12.950010,13.661783,12.238237,1.046841,0.517015,0.037660,0.071474,0.065236,-0.002037,-0.183540,-0.213478,-0.238336,0.436686,-0.327612,-0.327612,0.118427,39619800.000000,879588306.000000,-0.135159
2018-11-02,15.293000,15.410000,15.007000,15.151000,29116000,0.000000,0.000000,13.825194,13.930964,13.566644,13.696823,12.966328,13.758424,14.821672,16.236128,13.073231,13.232766,-0.159536,-0.296080,0.136544,56.393501,12.966328,13.731637,12.201019,0.977255,0.506108,0.036951,-0.002305,0.089217,0.016777,-0.189834,-0.207220,-0.254421,0.430120,-0.329162,-0.329162,0.115849,39907350.000000,441136516.000000,-0.125876
2018-11-05,15.132000,15.150000,14.547000,14.761000,22178000,0.000000,0.000000,13.679646,13.695918,13.150793,13.344254,12.973244,13.715645,14.792463,16.209685,13.114927,13.241025,-0.126098,-0.262084,0.135985,51.200999,12.973244,13.750082,12.196405,0.738795,0.508960,0.038141,-0.025741,0.087126,-0.001961,-0.200498,-0.233097,-0.274490,0.439291,-0.346430,-0.346430,0.087126,39796050.000000,327369458.000000,-0.130123
2018-11-06,14.678000,15.239000,14.650000,15.207000,32368000,0.000000,0.000000,13.269221,13.776377,13.243908,13.747448,13.007596,13.674197,14.769763,16.182640,13.212238,13.278538,-0.066300,-0.222927,0.156627,56.171075,13.007596,13.857948,12.157245,0.935027,0.510639,0.037144,0.030215,0.091908,0.041005,-0.194157,-0.229151,-0.251122,0.448554,-0.326682,-0.326682,0.119974,39463400.000000,492220176.000000,-0.129204
2018-11-07,15.399000,15.400000,15.117000,15.169000,25775000,0.000000,0.000000,13.921021,13.921924,13.666087,13.713096,13.061431,13.635778,14.750500,16.157801,13.289293,13.310727,-0.021434,-0.182628,0.161194,55.651022,13.061431,13.948377,12.174485,0.867364,0.492439,0.035910,-0.002499,0.070274,0.049976,-0.172076,-0.247246,-0.261992,0.446332,-0.328365,-0.328365,0.117175,38475200.000000,390980975.000000,-0.131397
2018-11-08,14.987000,15.331000,14.924000,15.168000,12459000,0.000000,0.000000,13.548565,13.859548,13.491611,13.712193,13.124984,13.600071,14.731991,16.137625,13.354354,13.340465,0.013889,-0.143325,0.157214,55.636440,13.124984,14.006925,12.243043,0.832907,0.483546,0.035264,-0.000066,-0.001185,0.085134,-0.142428,-0.238108,-0.269202,0.427904,-0.328409,-0.328409,0.117101,37112350.000000,188978112.000000,-0.103109
2018-11-09,14.957000,15.086000,14.689000,14.785000,18722000,0.000000,0.000000,13.521442,13.638061,13.279165,13.365951,13.144149,13.557708,14.708951,16.114239,13.356138,13.342353,0.013785,-0.111903,0.125688,50.204431,13.144149,14.029718,12.258581,0.625231,0.479937,0.035907,-0.025251,-0.024157,0.074335,-0.164317,-0.266373,-0.270562,0.434874,-0.345367,-0.345367,0.088894,36165750.000000,276804770.000000,-0.111526
2018-11-12,14.555000,14.601000,14.207000,14.291000,24391000,0.000000,0.000000,13.158025,13.199610,12.843426,12.919364,13.145957,13.505300,14.680090,16.091559,13.288942,13.311021,-0.022078,-0.093938,0.071860,44.208970,13.145957,14.029428,12.262487,0.371760,0.482979,0.037384,-0.033412,-0.031841,-0.004874,-0.185564,-0.284433,-0.298675,0.427875,-0.367240,-0.367240,0.052512,36035400.000000,348571781.000000,-0.100438
2018-11-13,14.507000,14.713000,14.311000,14.395000,28856000,0.000000,0.000000,13.114631,13.300859,12.937443,13.013381,13.139991,13.456802,14.653381,16.071528,13.246548,13.288973,-0.042425,-0.083635,0.041210,45.679683,13.139991,14.025448,12.254534,0.428506,0.475730,0.036557,0.007277,-0.053397,0.010105,-0.161315,-0.295668,-0.299783,0.427585,-0.362635,-0.362635,0.060171,35210050.000000,415382120.000000,-0.087577
2018-11-14,14.562000,14.766000,14.158000,14.274000,24399000,0.000000,0.000000,13.164355,13.348774,12.799130,12.903996,13.119921,13.405972,14.628891,16.050753,13.193848,13.260456,-0.066608,-0.080230,0.013622,44.219155,13.119921,14.007786,12.232057,0.378402,0.481010,0.037276,-0.008406,-0.059002,-0.017416,-0.175331,-0.289291,-0.303705,0.423209,-0.367993,-0.367993,0.051260,32036950.000000,348271326.000000,-0.089489
2018-11-15,14.217000,14.778000,14.160000,14.640000,32110000,0.000000,0.000000,12.852468,13.359623,12.800938,13.234869,13.125843,13.383288,14.605088,16.032706,13.200159,13.258561,-0.058402,-0.075864,0.017462,49.480910,13.125843,14.015188,12.236497,0.561296,0.486558,0.036763,0.025641,-0.034810,-0.005300,-0.132382,-0.241834,-0.283172,0.430436,-0.351787,-0.351787,0.078215,31479300.000000,470090400.000000,-0.061083
2018-11-16,14.252000,15.066000,14.162000,14.800000,37911000,0.000000,0.000000,12.884107,13.619980,12.802745,13.379511,13.138499,13.364342,14.586439,16.019859,13.227752,13.267520,-0.039769,-0.068645,0.028877,51.628980,13.138499,14.035052,12.241946,0.634410,0.510178,0.038131,0.010929,0.001015,0.020057,-0.129916,-0.250345,-0.293554,0.428721,-0.344703,-0.344703,0.089999,31316100.000000,561082800.000000,-0.056633
2018-11-19,14.689000,14.858000,14.355000,14.374000,25399000,0.000000,0.000000,13.279163,13.431943,12.977220,12.994396,13.136104,13.337908,14.562978,16.008964,13.191851,13.247289,-0.055438,-0.066004,0.010566,46.018429,13.136104,14.033994,12.238213,0.421089,0.506217,0.038957,-0.028784,0.005808,-0.010055,-0.170030,-0.283078,-0.304924,0.441215,-0.363565,-0.363565,0.058624,31215450.000000,365085226.000000,-0.064333
2018-11-20,14.024000,14.911000,13.987000,14.345000,52282000,0.000000,0.000000,12.677993,13.479859,12.644544,12.968184,13.122815,13.316302,14.537478,15.994380,13.157440,13.226614,-0.069174,-0.066638,-0.002536,45.654772,13.122815,14.022472,12.223157,0.414061,0.529724,0.040848,-0.002017,-0.003473,-0.005683,-0.165435,-0.285685,-0.321258,0.440688,-0.364849,-0.364849,0.056489,31896850.000000,749985290.000000,-0.041178
2018-11-21,14.592000,14.758000,14.434000,14.452000,22895000,0.000000,0.000000,13.191474,13.341542,13.048639,13.064911,13.146364,13.305725,14.512766,15.983269,13.143205,13.214636,-0.071431,-0.067597,-0.003835,47.309495,13.146364,14.011733,12.280995,0.452937,0.518555,0.039691,0.007459,0.012470,-0.012774,-0.157702,-0.284090,-0.328096,0.438374,-0.360111,-0.360111,0.064369,31086500.000000,330878540.000000,-0.042678
2018-11-23,14.289000,14.721000,14.289000,14.394000,8669000,0.000000,0.000000,12.917554,13.308091,12.917554,13.012477,13.152602,13.289127,14.492736,15.976081,13.123093,13.199662,-0.076569,-0.069391,-0.007178,46.483247,13.152602,14.011898,12.293305,0.418465,0.509411,0.039148,-0.004013,-0.016803,0.033235,-0.159574,-0.278705,-0.319161,0.402497,-0.362680,-0.362680,0.060097,29952650.000000,124781586.000000,-0.032844
2018-11-26,14.650000,14.696000,14.417000,14.680000,15651000,0.000000,0.000000,13.243908,13.285494,13.033271,13.271029,13.187407,13.277086,14.471189,15.968565,13.145852,13.204948,-0.059096,-0.067332,0.008236,51.025312,13.187407,14.003488,12.371325,0.551234,0.492525,0.037113,0.019870,-0.008108,0.029742,-0.161116,-0.257945,-0.310948,0.400344,-0.350016,-0.350016,0.081161,28850250.000000,229756680.000000,-0.044371
2018-11-27,14.541000,14.779000,14.489000,14.683000,20098000,0.000000,0.000000,13.145369,13.360525,13.098359,13.273739,13.237354,13.267557,14.447837,15.957910,13.165527,13.210044,-0.044516,-0.062769,0.018252,51.072185,13.237354,13.931411,12.543297,0.526212,0.476071,0.035866,0.000204,0.021497,0.055572,-0.150971,-0.263494,-0.291530,0.389164,-0.349884,-0.349884,0.081382,27971800.000000,295098934.000000,-0.032997
2018-11-28,14.759000,15.392000,14.501000,15.384000,31957000,0.000000,0.000000,13.342447,13.914693,13.109210,13.907460,13.303212,13.267901,14.427986,15.950596,13.279671,13.261704,0.017967,-0.046622,0.064588,60.574765,13.303212,13.988665,12.617759,0.940765,0.499601,0.035923,0.047742,0.072429,0.133009,-0.102603,-0.214119,-0.265403,0.405896,-0.318845,-0.318845,0.133009,27560600.000000,491626488.000000,-0.001724
2018-11-29,15.232000,15.492000,15.182000,15.275000,19321000,0.000000,0.000000,13.770050,14.005094,13.724848,13.808922,13.353023,13.267105,14.407706,15.938136,13.361094,13.302239,0.058855,-0.025526,0.084382,58.666809,13.353023,14.033159,12.672888,0.835153,0.483932,0.035045,-0.007085,0.056947,0.096790,-0.108187,-0.237012,-0.201281,0.401990,-0.323672,-0.323672,0.124982,27123900.000000,295128275.000000,-0.007390
2018-11-30,15.300000,15.718000,15.083000,15.696000,36878000,0.000000,0.000000,13.831522,14.209403,13.635349,14.189514,13.376076,13.270143,14.397642,15.926377,13.488543,13.367963,0.120580,0.003695,0.116885,63.454745,13.376076,14.136326,12.615825,1.034980,0.490370,0.034559,0.027561,0.090454,0.107458,-0.086890,-0.223302,-0.169410,0.407434,-0.305031,-0.305031,0.155988,26071750.000000,578837088.000000,0.009170
2018-12-03,16.100000,16.287001,15.825000,16.101999,36837000,0.000000,0.000000,14.554739,14.723791,14.306133,14.556546,13.419062,13.279798,14.389399,15.915473,13.652851,13.456006,0.196845,0.042325,0.154520,67.379149,13.419062,14.336620,12.501504,1.119843,0.493506,0.033903,0.025866,0.096866,0.060319,-0.057115,-0.196698,-0.127418,0.338780,-0.287055,-0.287055,0.185889,26457800.000000,593149337.163000,0.023187
2018-12-04,15.853000,15.900000,14.851000,14.969000,52282000,0.110000,0.000000,14.430020,14.472801,13.517961,13.625369,13.433118,13.272528,14.371422,15.897450,13.648623,13.468552,0.180072,0.069874,0.110197,52.094715,13.433118,14.354455,12.511780,0.604333,0.532440,0.039077,-0.063970,0.026491,-0.005217,-0.117842,-0.239685,-0.151288,0.410682,-0.332662,-0.332662,0.110028,27963000.000000,782609258.000000,-0.013186
2018-12-06,14.500000,14.741000,14.205000,14.573000,55664000,0.000000,0.000000,13.198469,13.417837,12.929948,13.264916,13.408991,13.264288,14.349841,15.879500,13.589591,13.453467,0.136124,0.083124,0.053000,47.594042,13.408991,14.320894,12.497088,0.421003,0.544082,0.041017,-0.026455,-0.046201,-0.005945,-0.076841,-0.217541,-0.175068,0.411254,-0.350316,-0.350316,0.080663,29127800.000000,811191472.000000,0.015863
2018-12-07,14.562000,14.569000,13.744000,13.803000,30846000,0.000000,0.000000,13.254903,13.261275,12.510327,12.564032,13.351538,13.246514,14.316358,15.858433,13.431813,13.387583,0.044230,0.075345,-0.031116,40.302804,13.351538,14.325451,12.377625,0.095700,0.559118,0.044501,-0.052837,-0.090151,-0.086083,-0.123043,-0.255731,-0.234347,0.434448,-0.384643,-0.384643,0.023563,29381350.000000,425767338.000000,-0.004943
2018-12-10,13.731000,13.922000,13.516000,13.782000,27340000,0.000000,0.000000,12.498494,12.672350,12.302793,12.544916,13.293174,13.225175,14.279021,15.835160,13.295367,13.325164,-0.029796,0.054317,-0.084113,40.122265,13.293174,14.314818,12.271530,0.133797,0.545578,0.043490,-0.001521,-0.115902,-0.085187,-0.123718,-0.239389,-0.255436,0.434502,-0.385580,-0.385580,0.022006,30125400.000000,376799880.000000,-0.009682
2018-12-11,14.041000,14.477000,13.739000,13.829000,22135000,0.000000,0.000000,12.780672,13.177537,12.505780,12.587702,13.254262,13.202650,14.244885,15.809726,13.186496,13.270537,-0.084041,0.026645,-0.110686,40.761890,13.254262,14.322458,12.186065,0.187998,0.554591,0.044058,0.003411,-0.135255,-0.082007,-0.103982,-0.249941,-0.242079,0.435052,-0.383484,-0.383484,0.025492,30296050.000000,306104915.000000,0.014004
2018-12-12,14.107000,14.176000,13.740000,13.845000,30169000,0.000000,0.000000,12.840745,12.903551,12.506687,12.602262,13.238407,13.183055,14.211273,15.786575,13.096614,13.221035,-0.124421,-0.003568,-0.120853,40.992888,13.238407,14.336527,12.140286,0.210348,0.543324,0.043113,0.001157,-0.075088,-0.057137,-0.072938,-0.239555,-0.237522,0.428135,-0.382771,-0.382771,0.026678,30584950.000000,417689805.000000,0.034668
2018-12-13,13.951000,14.056000,13.773000,13.876000,16696000,0.000000,0.000000,12.698749,12.794323,12.536726,12.630481,13.219262,13.162505,14.180609,15.764281,13.024901,13.177290,-0.152389,-0.033332,-0.119057,41.469270,13.219262,14.346856,12.091667,0.238922,0.522915,0.041401,0.002239,-0.047828,-0.022360,-0.087549,-0.223464,-0.219022,0.413198,-0.381389,-0.381389,0.028977,29976950.000000,231673696.000000,0.030172
2018-12-14,13.613000,13.747000,13.392000,13.537000,33849000,0.000000,0.000000,12.391090,12.513062,12.189928,12.321912,13.190157,13.133814,14.148161,15.741242,12.916749,13.113929,-0.197180,-0.066102,-0.131078,37.869032,13.190157,14.380326,11.999989,0.135243,0.517032,0.041960,-0.024431,-0.019271,-0.053135,-0.111813,-0.230716,-0.237009,0.419981,-0.396502,-0.396502,0.003838,30449450.000000,458213913.000000,0.025437
2018-12-17,13.503000,13.918000,13.394000,13.568000,24680000,0.000000,0.000000,12.290959,12.668708,12.191743,12.350124,13.145920,13.111400,14.116525,15.716358,12.829576,13.057351,-0.227775,-0.098436,-0.129339,38.395634,13.145920,14.393478,11.898362,0.181058,0.514170,0.041633,0.002290,-0.015528,-0.042923,-0.101820,-0.210320,-0.238579,0.419642,-0.395120,-0.395120,0.006137,30077950.000000,334858240.000000,0.042822
2018-12-18,13.703000,14.235000,13.628000,13.793000,25001000,0.000000,0.000000,12.473011,12.957258,12.404743,12.554933,13.104691,13.095089,14.082933,15.690640,12.787323,13.020135,-0.232812,-0.125311,-0.107500,42.224069,13.104691,14.374056,11.835327,0.283451,0.520811,0.041483,0.016584,-0.002603,-0.051375,-0.096136,-0.193288,-0.243484,0.413318,-0.385089,-0.385089,0.022822,29432450.000000,344838793.000000,0.051198
2018-12-19,13.559000,14.043000,12.993000,13.112000,36244000,0.000000,0.000000,12.341933,12.782489,11.826738,11.935057,13.051724,13.069671,14.031687,15.657475,12.656205,12.939758,-0.283553,-0.156960,-0.126594,35.111866,13.051724,14.424649,11.678800,0.093325,0.551878,0.046240,-0.049373,-0.052943,-0.107960,-0.138182,-0.238347,-0.291296,0.441074,-0.415449,-0.415449,0.000000,29974700.000000,475231328.000000,0.027001
2018-12-20,13.212000,13.295000,12.665000,12.831000,43698000,0.000000,0.000000,12.026080,12.101630,11.528179,11.679279,12.987279,13.042049,13.979840,15.621334,12.505909,12.846390,-0.340481,-0.193664,-0.146817,32.666784,12.987279,14.491445,11.483114,0.065207,0.553419,0.047385,-0.021431,-0.075310,-0.101206,-0.168003,-0.261062,-0.295454,0.436804,-0.427976,-0.427976,0.000000,29545500.000000,560689038.000000,0.018816
2018-12-21,12.911000,13.199000,12.674000,12.716000,39131000,0.000000,0.000000,11.752099,12.014248,11.536372,11.574602,12.912764,13.020813,13.924432,15.584223,12.362631,12.752183,-0.389552,-0.232842,-0.156711,31.694058,12.912764,14.543102,11.282425,0.089606,0.548023,0.047347,-0.008963,-0.060649,-0.107462,-0.177578,-0.262026,-0.311826,0.436928,-0.433103,-0.433103,0.000000,30357300.000000,497589796.000000,0.029506
2018-12-24,12.657000,12.742000,12.322000,12.328000,13052000,0.000000,0.000000,11.520899,11.598269,11.215969,11.221431,12.823211,12.996419,13.869398,15.539895,12.187062,12.638794,-0.451732,-0.276620,-0.175113,28.599744,12.823211,14.618866,11.027556,0.053984,0.536185,0.047782,-0.030513,-0.091391,-0.141102,-0.197829,-0.269106,-0.321359,0.443007,-0.450401,-0.450401,0.000000,30576450.000000,160905056.000000,0.027403
2018-12-26,12.497000,13.094000,12.264000,13.084000,32388000,0.000000,0.000000,11.375259,11.918672,11.163174,11.909570,12.755138,12.974957,13.820518,15.497355,12.144371,12.584777,-0.440407,-0.309377,-0.131030,40.739912,12.755138,14.582262,10.928015,0.268607,0.551851,0.046337,0.061324,-0.051403,-0.084758,-0.129222,-0.237308,-0.283793,0.502134,-0.416697,-0.416697,0.061324,31413300.000000,423764592.000000,0.052247
2018-12-27,12.791000,13.329000,12.751000,13.328000,18137000,0.000000,0.000000,11.642873,12.132582,11.606463,12.131671,12.698035,12.959927,13.773689,15.458016,12.142417,12.551214,-0.408797,-0.329261,-0.079536,44.046723,12.698035,14.528299,10.867771,0.345278,0.550013,0.045337,0.018649,0.016474,-0.085853,-0.098201,-0.204188,-0.261016,0.501428,-0.405819,-0.405819,0.081116,31315250.000000,241729936.000000,0.078372
2018-12-28,13.360000,13.804000,13.332000,13.542000,22876000,0.000000,0.000000,12.160796,12.564943,12.135310,12.326460,12.618985,12.943802,13.727892,15.420244,12.170731,12.534566,-0.363834,-0.336176,-0.027659,46.848058,12.618985,14.363887,10.874083,0.416177,0.541674,0.043944,0.016056,0.055413,-0.071365,-0.094431,-0.196474,-0.253444,0.506005,-0.396279,-0.396279,0.098475,30861200.000000,309786792.000000,0.086799
2018-12-31,13.678000,13.790000,13.431000,13.617000,15972000,0.000000,0.000000,12.450255,12.552201,12.225425,12.394730,12.548275,12.925589,13.684932,15.382617,12.205193,12.524207,-0.319015,-0.332744,0.013729,47.833834,12.548275,14.202398,10.894152,0.453587,0.526324,0.042464,0.005538,0.070856,-0.108771,-0.096199,-0.201278,-0.249997,0.472665,-0.392935,-0.392935,0.104559,30693750.000000,217490724.000000,0.079169
2019-01-02,13.346000,13.965000,13.340000,13.830000,17126000,0.000000,0.000000,12.148051,12.711489,12.142590,12.588607,12.468230,12.915032,13.640221,15.346477,12.264179,12.528978,-0.264798,-0.319155,0.054356,50.633906,12.468230,13.931924,11.004536,0.541121,0.529365,0.042051,0.015642,0.121836,-0.088371,-0.073141,-0.189722,-0.232182,0.477955,-0.383440,-0.383440,0.121836,29706150.000000,236852580.000000,0.097483
2019-01-03,13.520000,13.635000,13.135000,13.163000,21111000,0.000000,0.000000,12.306435,12.411113,11.955993,11.981480,12.339477,12.892134,13.594403,15.309240,12.220687,12.488422,-0.267735,-0.308871,0.041136,42.873157,12.339477,13.436911,11.242043,0.336894,0.536740,0.044797,-0.048228,0.006038,-0.155610,-0.122747,-0.202057,-0.289328,0.486997,-0.413175,-0.413175,0.067732,28919850.000000,277884093.000000,0.069270
2019-01-04,13.409000,13.824000,13.335000,13.806000,21270000,0.000000,0.000000,12.205399,12.583149,12.138041,12.566764,12.286546,12.882623,13.560175,15.274237,12.273930,12.494225,-0.220296,-0.291156,0.070860,50.715477,12.286546,13.211388,11.361705,0.651495,0.541378,0.043080,0.048849,0.035864,-0.136693,-0.086485,-0.185338,-0.267081,0.512708,-0.384510,-0.384510,0.119890,27369250.000000,293653620.000000,0.073791
2019-01-07,13.847000,14.107000,13.739000,13.929000,13940000,0.000000,0.000000,12.604085,12.840747,12.505779,12.678724,12.257237,12.871518,13.527022,15.237494,12.336206,12.507892,-0.171686,-0.267262,0.095576,52.070929,12.257237,13.083419,11.431055,0.755081,0.526634,0.041537,0.008909,0.028578,-0.069477,-0.058801,-0.187724,-0.263916,0.470122,-0.379026,-0.379026,0.129867,25283050.000000,194170260.000000,0.075223
2019-01-08,14.023000,14.047000,13.336000,13.693000,27463000,0.000000,0.000000,12.764286,12.786132,12.138952,12.463907,12.252231,12.868918,13.493032,15.203901,12.355852,12.504634,-0.148782,-0.243566,0.094784,49.270948,12.252231,13.071772,11.432689,0.629143,0.535245,0.042944,-0.016943,0.005581,-0.060386,-0.067803,-0.215741,-0.287515,0.465274,-0.389547,-0.389547,0.110723,25113900.000000,376050859.000000,0.046655
2019-01-09,13.871000,14.467000,13.828000,14.400000,33367000,0.000000,0.000000,12.625929,13.168431,12.586788,13.107445,12.280357,12.873312,13.468942,15.178968,12.471482,12.549287,-0.077805,-0.210414,0.132609,56.770425,12.280357,13.177162,11.383552,0.961130,0.547336,0.041758,0.051632,0.041215,0.043251,-0.007459,-0.172349,-0.256331,0.463749,-0.358028,-0.358028,0.168073,25415250.000000,480484800.000000,0.093223
2019-01-10,14.309000,14.557000,14.139000,14.457000,20094000,0.000000,0.000000,13.024614,13.250354,12.869873,13.159329,12.308938,12.885000,13.444060,15.148790,12.577304,12.594475,-0.017170,-0.171765,0.154595,57.318273,12.308938,13.280321,11.337556,0.937722,0.535418,0.040687,0.003958,0.098306,0.048977,0.007575,-0.134021,-0.252216,0.463550,-0.355487,-0.355487,0.172696,25313200.000000,290498958.000000,0.104751
2019-01-11,14.395000,14.707000,14.290000,14.411000,22813000,0.000000,0.000000,13.102896,13.386890,13.007320,13.117459,12.334698,12.901854,13.422692,15.123912,12.660405,12.633214,0.027191,-0.131974,0.159165,56.693863,12.334698,13.364406,11.304990,0.880089,0.524286,0.039969,-0.003182,0.043822,0.042085,0.038069,-0.147156,-0.231610,0.463982,-0.357538,-0.357538,0.168965,24945400.000000,328758143.000000,0.098776
2019-01-14,14.225000,14.232000,13.863000,14.043000,32391000,0.000000,0.000000,12.948154,12.954526,12.618647,12.782491,12.342299,12.905697,13.396745,15.100220,12.679188,12.644272,0.034916,-0.098596,0.133512,51.829373,12.342299,13.383381,11.301217,0.711411,0.522466,0.040874,-0.025536,0.008184,0.014301,0.027438,-0.171208,-0.241176,0.473968,-0.373944,-0.373944,0.139114,25730150.000000,454866813.000000,0.085172
2019-01-15,14.132000,14.236000,13.888000,14.000000,14539000,0.000000,0.000000,12.863503,12.958168,12.641404,12.743351,12.363371,12.904311,13.367613,15.073230,12.689059,12.651611,0.037448,-0.071387,0.108835,51.275749,12.363371,13.419664,11.307077,0.679865,0.507773,0.039846,-0.003062,0.022420,0.008936,-0.018432,-0.173746,-0.241051,0.474163,-0.375861,-0.375861,0.135626,24764650.000000,203546000.000000,0.044669
2019-01-16,14.014000,14.175000,13.864000,13.875000,19124000,0.000000,0.000000,12.756095,12.902644,12.619560,12.629572,12.377343,12.882333,13.338521,15.049820,12.679907,12.649979,0.029928,-0.051124,0.081053,49.616574,12.377343,13.440271,11.314415,0.618648,0.491724,0.038934,-0.008928,-0.036458,0.024969,-0.019687,-0.206303,-0.255255,0.466733,-0.381433,-0.381433,0.125487,24486850.000000,265345500.000000,0.033612
2019-01-17,13.797000,14.195000,13.665000,14.176000,18445000,0.000000,0.000000,12.558570,12.920845,12.438418,12.903550,12.394774,12.866467,13.312446,15.025948,12.714314,12.668762,0.045552,-0.031789,0.077341,53.517005,12.394774,13.481140,11.308408,0.734164,0.491060,0.038056,0.021693,-0.019437,0.044811,-0.017450,-0.207332,-0.293602,0.471914,-0.368015,-0.368015,0.149902,24159050.000000,261476320.000000,0.055931
2019-01-18,14.329000,14.988000,14.310000,14.755000,37802000,0.000000,0.000000,13.042820,13.642668,13.025526,13.430582,12.469550,12.868194,13.291920,15.003059,12.824509,12.725193,0.099316,-0.005568,0.104884,59.941328,12.469550,13.626282,11.312819,0.915408,0.508778,0.037882,0.040844,0.023871,0.069745,0.009410,-0.160653,-0.266074,0.488232,-0.342202,-0.342202,0.196869,24236950.000000,557768510.000000,0.072930
2019-01-22,14.635000,14.653000,13.843000,13.989000,37249000,0.000000,0.000000,13.321354,13.337738,12.600444,12.733339,12.522253,12.847912,13.261054,14.979654,12.810483,12.725796,0.084686,0.012483,0.072203,50.080112,12.522253,13.622027,11.422479,0.595968,0.531733,0.041759,-0.051915,-0.003845,0.066885,-0.029208,-0.202347,-0.311150,0.491777,-0.376351,-0.376351,0.134734,23914500.000000,521076261.000000,0.032886
2019-01-23,14.067000,14.227000,13.758000,13.933000,35068000,0.000000,0.000000,12.804336,12.949974,12.523072,12.682364,12.577641,12.827297,13.231538,14.957944,12.790772,12.722579,0.068193,0.023625,0.044568,49.439732,12.577641,13.584081,11.571202,0.552026,0.524245,0.041337,-0.004003,-0.004786,0.085886,-0.033827,-0.192045,-0.319352,0.484275,-0.378848,-0.378848,0.130191,23711350.000000,488602444.000000,0.022994
2019-01-24,15.025000,16.218000,15.002000,16.120001,134214000,0.000000,0.000000,13.676344,14.762261,13.655409,14.673058,12.750223,12.846514,13.223293,14.945086,13.080355,12.867059,0.213296,0.061559,0.151736,67.121260,12.750223,13.943815,11.556630,1.305482,0.635363,0.043301,0.156966,0.161802,0.267694,0.125035,-0.057407,-0.234044,0.713546,-0.281348,-0.281348,0.307592,29769450.000000,2163529814.214000,0.177946
2019-01-25,16.302999,16.681000,15.975000,16.549000,71585000,0.000000,0.000000,14.839629,15.183700,14.541071,15.063548,12.907922,12.880466,13.219087,14.931032,13.385461,13.029762,0.355699,0.120387,0.235312,69.383099,12.907922,14.423771,11.392072,1.211029,0.635882,0.042213,0.026613,0.167396,0.342391,0.138249,-0.029018,-0.193638,0.697649,-0.262223,-0.262223,0.342391,31729300.000000,1184660165.000000,0.174912
2019-01-28,16.000000,16.700001,15.900000,16.606001,45139000,0.000000,0.000000,14.563825,15.200993,14.472801,15.115431,13.057110,12.924388,13.214844,14.916929,13.651610,13.184256,0.467355,0.189781,0.277574,69.681537,13.057110,14.818684,11.295535,1.084228,0.642475,0.042505,0.003444,0.125449,0.269184,0.200217,-0.050188,-0.148302,0.677746,-0.259682,-0.259682,0.347015,33079400.000000,749578279.139000,0.203413
2019-01-29,16.934000,16.997000,16.391001,16.499001,34212000,0.000000,0.000000,15.413994,15.471339,14.919735,15.018041,13.191689,12.964481,13.210641,14.900036,13.861831,13.320092,0.541739,0.260172,0.281566,68.335027,13.191689,15.121462,11.261916,0.973204,0.635985,0.042348,-0.006443,0.179427,0.237920,0.165298,-0.119678,-0.167659,0.680325,-0.264452,-0.264452,0.338336,33646200.000000,564463822.212000,0.204931
2019-01-30,16.743000,17.253000,16.665001,17.093000,38807000,0.000000,0.000000,15.240134,15.704356,15.169136,15.558718,13.349888,13.017575,13.211774,14.886864,14.122890,13.485916,0.636974,0.335533,0.301442,71.614450,13.349888,15.509628,11.190148,1.011365,0.639580,0.041107,0.036002,0.226800,0.262221,0.237281,-0.077400,-0.108652,0.685664,-0.237971,-0.237971,0.386518,34787950.000000,663328051.000000,0.235066
2019-01-31,16.961000,17.290001,16.785999,16.958000,30481000,0.000000,0.000000,15.438566,15.738035,15.279273,15.435835,13.492249,13.061595,13.222441,14.873162,14.324882,13.630354,0.694527,0.407332,0.287196,69.843991,13.492249,15.810259,11.174240,0.919236,0.626664,0.040598,-0.007898,0.051985,0.245355,0.257523,-0.098130,-0.093061,0.688830,-0.243989,-0.243989,0.375567,35455700.000000,516896798.000000,0.224694
2019-02-01,17.020000,17.350000,16.943001,17.277000,28917000,0.000000,0.000000,15.492272,15.792651,15.422184,15.726204,13.679486,13.108528,13.236435,14.856992,14.540470,13.785603,0.754867,0.476839,0.278028,71.628855,13.679486,16.086910,11.272062,0.925085,0.608364,0.038685,0.018811,0.043991,0.249241,0.249073,-0.059709,-0.078123,0.689166,-0.229768,-0.229768,0.401444,35846000.000000,499599009.000000,0.234800
2019-02-04,17.245001,17.395000,17.087999,17.316000,17386000,0.000000,0.000000,15.697079,15.833615,15.554170,15.761705,13.839233,13.163875,13.250891,14.844822,14.728352,13.931980,0.796372,0.540745,0.255626,71.848243,13.839233,16.357237,11.321229,0.881745,0.584870,0.037107,0.002257,0.042756,0.315506,0.230164,-0.061666,-0.064267,0.655395,-0.228029,-0.228029,0.404607,35651800.000000,301055976.000000,0.224464
2019-02-05,17.257999,17.444000,17.170000,17.368999,24743000,0.000000,0.000000,15.708907,15.878212,15.628806,15.809943,13.995794,13.220710,13.268506,14.838866,14.894751,14.071089,0.823662,0.597329,0.226333,72.163226,13.995794,16.597952,11.393635,0.848586,0.560908,0.035478,0.003060,0.052730,0.258076,0.151618,-0.059750,-0.008723,0.643727,-0.225666,-0.225666,0.408906,36191950.000000,429761142.257000,0.155920
2019-02-06,17.433001,18.052999,17.400000,17.709999,33794000,0.000000,0.000000,15.868205,16.432553,15.838167,16.120340,14.178615,13.281818,13.293772,14.833784,15.083303,14.222885,0.860418,0.649946,0.210471,74.166234,14.178615,16.840703,11.516528,0.864700,0.565316,0.035068,0.019633,0.036097,0.271448,0.176940,-0.046483,0.062418,0.644207,-0.210464,-0.210464,0.436567,36508500.000000,598491706.206000,0.174454
2019-02-07,17.502001,17.670000,17.326000,17.572001,21664000,0.000000,0.000000,15.931015,16.083935,15.770813,15.994732,14.322980,13.341464,13.315295,14.828097,15.223523,14.354133,0.869390,0.693835,0.175555,71.911242,14.322980,17.052773,11.593186,0.806205,0.549902,0.034380,-0.007792,0.036208,0.283284,0.198623,-0.041699,0.006912,0.639748,-0.216616,-0.216616,0.425374,35923350.000000,380679829.664000,0.204149
2019-02-08,17.268000,17.563999,17.165001,17.530001,17042000,0.000000,0.000000,15.718014,15.987445,15.624261,15.956498,14.462838,13.395173,13.336129,14.824914,15.336288,14.472827,0.863461,0.727760,0.135701,71.201590,14.462838,17.227998,11.697678,0.770086,0.537086,0.033659,-0.002390,0.014644,0.217361,0.160688,-0.064668,0.043777,0.625510,-0.218488,-0.218488,0.421966,35770750.000000,298746277.042000,0.171230
2019-02-11,17.563000,17.700001,17.483999,17.591999,16828000,0.000000,0.000000,15.986534,16.111237,15.914624,16.012930,14.607612,13.449957,13.358757,14.821635,15.440387,14.586909,0.853478,0.752904,0.100574,71.646342,14.607612,17.379370,11.835853,0.753507,0.512766,0.032022,0.003537,0.015939,0.216850,0.167711,-0.033224,0.108161,0.625564,-0.215724,-0.215724,0.426995,35471500.000000,296038159.172000,0.202430
2019-02-12,17.799999,18.014000,17.730000,17.924999,19631000,0.000000,0.000000,16.202266,16.397058,16.138549,16.316046,14.784289,13.498128,13.383015,14.818205,15.575104,14.714993,0.860111,0.774345,0.085766,73.971571,14.784289,17.516397,12.052182,0.780325,0.503578,0.030864,0.018929,0.032012,0.243842,0.189893,0.020419,0.104359,0.624345,-0.200879,-0.200879,0.454008,34833500.000000,351885655.369000,0.205331
2019-02-13,18.007999,18.296000,17.927999,18.101000,20281000,0.000000,0.000000,16.391595,16.653744,16.318776,16.476248,14.970934,13.551475,13.409290,14.816979,15.713741,14.845456,0.868285,0.793133,0.075152,75.132314,14.970934,17.624889,12.316979,0.783598,0.491729,0.029845,0.009819,0.022078,0.288970,0.232703,0.030149,0.069550,0.610029,-0.193032,-0.193032,0.468284,35120600.000000,367106381.000000,0.230883
2019-02-14,18.006001,18.524000,18.006001,18.132999,20012000,0.000000,0.000000,16.389766,16.861270,16.389766,16.505365,15.164724,13.597792,13.433967,14.816880,15.835530,14.968412,0.867117,0.807930,0.059187,75.347499,15.164724,17.660106,12.669341,0.768624,0.490284,0.029705,0.001767,0.031925,0.295214,0.277568,0.040497,0.073861,0.608673,-0.191606,-0.191606,0.470879,35165000.000000,362877575.988000,0.246172
2019-02-15,18.202000,18.315001,17.934000,18.108999,23138000,0.000000,0.000000,16.568175,16.671033,16.324231,16.483522,15.343722,13.636331,13.458065,14.814293,15.935221,15.080643,0.854578,0.817260,0.037318,74.824416,15.343722,17.663588,13.023856,0.745661,0.480036,0.029122,-0.001323,0.033029,0.305153,0.266659,0.062328,0.011203,0.605776,-0.192676,-0.192676,0.468932,35399650.000000,419006018.862000,0.228950
2019-02-19,18.094000,18.299999,18.021999,18.031000,15516000,0.000000,0.000000,16.469874,16.657383,16.404336,16.412529,15.492820,13.692075,13.482302,14.811739,16.008653,15.179301,0.829352,0.819678,0.009674,73.049384,15.492820,17.674132,13.311507,0.710816,0.463822,0.028260,-0.004307,0.024955,0.271939,0.271895,0.048892,-0.007790,0.607988,-0.196153,-0.196153,0.462606,34285350.000000,279768996.000000,0.222797
2019-02-20,18.117001,18.320000,18.056000,18.221001,21972000,0.000000,0.000000,16.490809,16.675587,16.435284,16.585474,15.685427,13.758486,13.511387,14.810090,16.097394,15.283462,0.813933,0.818529,-0.004596,74.628404,15.685427,17.488249,13.882604,0.749622,0.449482,0.027101,0.010537,0.016513,0.234904,0.253165,0.087268,-0.009074,0.598977,-0.187683,-0.187683,0.478018,33521500.000000,400351833.972000,0.221475
2019-02-21,18.219000,18.284000,17.857000,17.882000,19141000,0.000000,0.000000,16.583650,16.642816,16.254144,16.276899,15.865153,13.832743,13.539629,14.804201,16.125011,15.357050,0.767961,0.808415,-0.040455,67.076963,15.865153,17.000585,14.729722,0.681317,0.445138,0.027348,-0.018605,-0.012099,0.278290,0.216554,0.058505,-0.055311,0.565248,-0.202796,-0.202796,0.450519,32725150.000000,342279362.000000,0.187326
2019-02-22,17.643999,17.990999,17.510000,17.922001,27103000,0.000000,0.000000,16.060262,16.376116,15.938291,16.313311,15.947166,13.908111,13.566643,14.799383,16.153980,15.427884,0.726096,0.791951,-0.065856,67.494933,15.947166,16.949159,14.945173,0.682708,0.444616,0.027255,0.002237,-0.011636,0.286299,0.255411,0.041953,-0.032134,0.563389,-0.201012,-0.201012,0.453764,27369600.000000,485739993.103000,0.184406
2019-02-25,18.230000,18.238001,17.941999,17.959999,18380000,0.000000,0.000000,16.593664,16.600947,16.331514,16.347898,16.011383,13.983315,13.592982,14.794121,16.183813,15.496033,0.687780,0.771117,-0.083337,67.911654,16.011383,16.936618,15.086149,0.681854,0.433403,0.026511,0.002120,-0.008228,0.114144,0.260616,0.052065,-0.025602,0.204572,-0.199318,-0.199318,0.456846,24709350.000000,330104781.620000,0.167164
2019-02-26,17.889000,18.032000,17.820000,17.856001,15063000,0.000000,0.000000,16.283270,16.413434,16.220463,16.253233,16.068274,14.056334,13.619694,14.786217,16.194493,15.552122,0.642371,0.745368,-0.102997,65.438840,16.068274,16.896374,15.240174,0.611677,0.416229,0.025609,-0.005791,-0.009706,0.078978,0.244037,0.047850,-0.055024,0.192343,-0.203955,-0.203955,0.448410,23205550.000000,268964943.063000,0.161273
2019-02-27,17.764000,17.820999,17.431999,17.719999,17586000,0.000000,0.000000,16.169488,16.221370,15.867288,16.129436,16.123843,14.126314,13.644409,14.775778,16.184485,15.594886,0.589598,0.714214,-0.124616,62.246792,16.123843,16.788168,15.459519,0.504209,0.414066,0.025671,-0.007617,-0.027496,0.067084,0.239536,0.041738,-0.087411,0.196301,-0.210018,-0.210018,0.437378,22374250.000000,311623902.414000,0.150830
2019-02-28,17.615999,17.704000,17.490000,17.608999,16597000,0.000000,0.000000,16.034774,16.114876,15.920084,16.028402,16.147327,14.200443,13.667128,14.765932,16.160472,15.626998,0.533473,0.678066,-0.144592,59.687841,16.147327,16.758627,15.536028,0.402727,0.399444,0.024921,-0.006264,-0.015267,0.067276,0.207774,0.013182,-0.069878,0.196192,-0.214967,-0.214967,0.428374,21263750.000000,292256556.403000,0.144135
2019-03-01,17.767000,17.906000,17.589001,17.674999,15136000,0.000000,0.000000,16.172221,16.298744,16.010199,16.088478,16.179960,14.275210,13.693305,14.755279,16.149396,15.661182,0.488214,0.640096,-0.151882,60.721826,16.179960,16.693146,15.666774,0.410869,0.391522,0.024336,0.003748,-0.013782,0.034049,0.212053,0.029068,-0.058558,0.155869,-0.212024,-0.212024,0.433728,20496500.000000,267528784.864000,0.139673
2019-03-04,17.735001,18.028999,17.656000,17.777000,22781000,0.000000,0.000000,16.143100,16.410709,16.071190,16.181330,16.202716,14.347738,13.721414,14.745913,16.154309,15.699712,0.454597,0.602996,-0.148399,62.330056,16.202716,16.669443,15.735989,0.477089,0.387808,0.023966,0.005771,-0.010189,0.048296,0.163500,0.044121,-0.044207,0.152484,-0.207477,-0.207477,0.442002,20189700.000000,404977837.000000,0.124279
2019-03-05,17.695999,17.726999,17.225000,17.354000,25756000,0.000000,0.000000,16.107588,16.135806,15.678867,15.796288,16.204445,14.424963,13.747317,14.732513,16.099229,15.706865,0.392363,0.560869,-0.168506,52.694745,16.204445,16.664501,15.744389,0.056405,0.395998,0.025069,-0.023795,-0.028114,0.004457,0.143919,0.020162,-0.088342,0.165225,-0.226335,-0.226335,0.407689,20608200.000000,446969624.000000,0.102220
2019-03-06,17.350000,17.393000,16.818001,16.919001,30124000,0.000000,0.000000,15.792652,15.831792,15.308405,15.400339,16.183965,14.499384,13.770717,14.718732,15.991707,15.684160,0.307548,0.510205,-0.202657,44.992396,16.183965,16.743647,15.624283,-0.200063,0.405097,0.026304,-0.025066,-0.045203,-0.022927,0.085332,-0.008972,-0.129847,0.186775,-0.245728,-0.245728,0.372404,20877250.000000,509667986.124000,0.061408
2019-03-07,16.851000,16.854000,16.489000,16.716000,24467000,0.000000,0.000000,15.338441,15.341172,15.008934,15.215558,16.138726,14.572203,13.796508,14.707528,15.872300,15.649448,0.222851,0.452734,-0.229883,41.913384,16.138726,16.846687,15.430765,-0.151991,0.404119,0.026560,-0.011999,-0.050713,-0.037596,0.045273,-0.014428,-0.180557,0.189871,-0.254778,-0.254778,0.355937,20410900.000000,408990372.000000,0.047967
2019-03-08,16.469999,16.941000,16.360001,16.882999,19439000,0.000000,0.000000,14.991639,15.420362,14.891514,15.367568,16.107368,14.655126,13.825772,14.695128,15.794649,15.628568,0.166080,0.395403,-0.229323,45.233742,16.107368,16.893434,15.321301,0.029429,0.413028,0.026877,0.009990,-0.044809,-0.046697,0.127864,-0.005045,-0.187223,0.178801,-0.247333,-0.247333,0.369484,20299650.000000,328188617.561000,0.092981
2019-03-11,16.962999,17.308001,16.952000,17.201000,20297000,0.000000,0.000000,15.440389,15.754423,15.430377,15.657027,16.092394,14.730075,13.852516,14.682787,15.773476,15.630676,0.142800,0.344883,-0.202083,50.979959,16.092394,16.901628,15.283160,0.231001,0.411159,0.026260,0.018836,-0.032402,-0.021114,0.180334,0.089636,-0.175806,0.191664,-0.233156,-0.233156,0.395279,20462400.000000,349128697.000000,0.128889
2019-03-12,17.285999,17.320999,17.090000,17.205999,16354000,0.000000,0.000000,15.734394,15.766253,15.555988,15.661575,16.074826,14.800673,13.880300,14.670321,15.756261,15.632965,0.123295,0.300565,-0.177270,51.066833,16.074826,16.906275,15.243378,0.251487,0.396809,0.025336,0.000290,-0.008528,-0.018483,0.246541,0.093163,-0.220316,0.191635,-0.232933,-0.232933,0.395684,20438700.000000,281386907.646000,0.157323
2019-03-13,17.311001,17.311001,17.000999,17.041000,21585000,0.000000,0.000000,15.757154,15.757154,15.474978,15.511389,16.034593,14.864372,13.904087,14.656631,15.718588,15.623960,0.094628,0.259378,-0.164749,48.039181,16.034593,16.894288,15.174899,0.195703,0.388621,0.025054,-0.009589,0.007211,-0.031321,0.236468,0.083494,-0.240289,0.193264,-0.240289,-0.225486,0.382300,20536400.000000,367829985.000000,0.147744
2019-03-14,17.100000,17.843000,17.100000,17.653000,36232000,0.000000,0.000000,15.565093,16.241401,15.565093,16.068455,16.014204,14.937846,13.931717,14.646771,15.772414,15.656885,0.115528,0.230608,-0.115079,57.988569,16.014204,16.848770,15.179638,0.532503,0.413006,0.025703,0.035913,0.056054,-0.015175,0.276520,0.143786,-0.196560,0.222557,-0.213005,-0.197671,0.431943,21333950.000000,639603496.000000,0.191325
2019-03-15,18.134001,18.796000,18.035000,18.239000,61230000,0.000000,0.000000,16.506282,17.108859,16.416167,16.601856,16.019028,15.018111,13.966572,14.640360,15.900020,15.726883,0.173137,0.219114,-0.045977,64.915856,16.019028,16.866565,15.171492,0.843836,0.457820,0.027576,0.033196,0.080318,0.007624,0.317371,0.221285,-0.164931,0.249494,-0.186880,-0.171037,0.479478,23394850.000000,1116773970.000000,0.234222
2019-03-18,18.181999,18.337000,17.851000,18.020000,20343000,0.000000,0.000000,16.549971,16.691059,16.248682,16.402514,16.014978,15.106532,13.999333,14.632259,15.977327,15.776930,0.200397,0.215370,-0.014973,60.875951,16.014978,16.853898,15.176058,0.730973,0.456717,0.027844,-0.012007,0.047614,-0.006231,0.298645,0.184950,-0.176585,0.253134,-0.196644,-0.180990,0.461713,23255100.000000,366580860.000000,0.207539
2019-03-19,18.028000,18.233000,17.899000,17.934999,20884000,0.110000,0.000000,16.510584,16.698329,16.392442,16.425411,16.015622,15.183705,14.033164,14.625903,16.046263,15.824965,0.221298,0.216556,0.004742,61.174832,16.015622,16.855846,15.175398,0.743857,0.445944,0.027150,0.001396,0.048771,-0.003525,0.333025,0.183975,-0.171125,0.253155,-0.195522,-0.179847,0.463754,23523500.000000,374554519.116000,0.215338
2019-03-20,17.917000,18.069000,17.459999,17.573999,20673000,0.000000,0.000000,16.408923,16.548130,15.990388,16.094793,15.991088,15.252026,14.061772,14.615885,16.053729,15.844953,0.208776,0.215000,-0.006224,54.679365,15.991088,16.788833,15.193343,0.564999,0.453929,0.028203,-0.020128,0.037611,-0.019359,0.303209,0.170517,-0.171609,0.262277,-0.211715,-0.196356,0.434291,23458550.000000,363307281.327000,0.158809
2019-03-21,17.579000,18.659000,17.579000,18.379999,31033000,0.000000,0.000000,16.099374,17.088470,16.099374,16.832952,16.018891,15.339407,14.104163,14.608705,16.173610,15.918138,0.255472,0.223094,0.032377,63.896484,16.018891,16.893620,15.144161,0.965322,0.492483,0.029257,0.045863,0.047578,0.014921,0.340744,0.211851,-0.139745,0.306362,-0.175562,-0.159498,0.500072,24053150.000000,570386508.967000,0.185222
2019-03-22,18.231001,18.444000,17.898001,17.945000,22045000,0.000000,0.000000,16.696499,16.891570,16.391527,16.434570,16.024954,15.405950,14.139631,14.600273,16.213757,15.956392,0.257365,0.229949,0.027417,57.142043,16.024954,16.909897,15.140010,0.731436,0.493023,0.029999,-0.023667,-0.010076,0.009687,0.377000,0.186723,-0.179390,0.310887,-0.195073,-0.143811,0.464570,23800250.000000,395597525.000000,0.225445
2019-03-25,17.903000,18.080000,17.693001,17.909000,12734000,0.000000,0.000000,16.396097,16.558199,16.203773,16.401592,16.027638,15.470795,14.177898,14.592678,16.242655,15.989370,0.253285,0.234616,0.018669,56.608580,16.027638,16.917022,15.138255,0.710232,0.483123,0.029456,-0.002007,-0.000056,0.005412,0.404333,0.168401,-0.144972,0.310960,-0.196689,-0.145529,0.461631,23517950.000000,228053206.000000,0.234440
2019-03-26,17.974001,18.270000,17.900000,18.004999,16499000,0.000000,0.000000,16.461128,16.732213,16.393355,16.489517,16.039453,15.538236,14.220045,14.590361,16.280634,16.026418,0.254216,0.238536,0.015680,57.741337,16.039453,16.947534,15.131371,0.747811,0.472818,0.028674,0.005361,0.003903,0.008663,0.424629,0.171646,-0.088675,0.311383,-0.192382,-0.140948,0.469467,23589750.000000,297064478.501000,0.210113
2019-03-27,18.017000,18.080000,17.709999,17.764000,13905000,0.000000,0.000000,16.500508,16.558205,16.219347,16.268803,16.046421,15.607962,14.256830,14.587300,16.278814,16.044372,0.234441,0.237717,-0.003276,53.935012,16.046421,16.959535,15.133307,0.621771,0.463250,0.028475,-0.013385,0.010812,0.000958,0.449798,0.162986,-0.152447,0.314441,-0.203192,-0.141949,0.449798,23405700.000000,247008420.000000,0.215585
2019-03-28,17.777000,17.899000,17.410999,17.568001,16656000,0.000000,0.000000,16.280704,16.392435,15.945510,16.089296,16.049466,15.674881,14.289596,14.585280,16.249657,16.047700,0.201957,0.230565,-0.028608,50.990941,16.049466,16.962733,15.136198,0.521807,0.462084,0.028720,-0.011034,-0.044179,-0.002489,0.350955,0.176382,-0.110750,0.315736,-0.211984,-0.151416,0.433801,23408650.000000,292612624.656000,0.180868
2019-03-29,17.777000,17.979000,17.708000,17.900999,15830000,0.000000,0.000000,16.280708,16.465706,16.217516,16.394270,16.064755,15.750175,14.316254,14.583340,16.271905,16.073372,0.198533,0.224159,-0.025625,55.441124,16.064755,16.990920,15.138590,0.677892,0.455964,0.027812,0.018955,-0.002452,0.022826,0.351361,0.218657,-0.064293,0.321399,-0.197047,-0.135331,0.460979,23443350.000000,283372814.170000,0.176602
2019-04-01,18.200001,18.500999,18.145000,18.469999,17987000,0.000000,0.000000,16.668104,16.943768,16.617733,16.915377,16.101457,15.830412,14.348440,14.585056,16.370901,16.135742,0.235158,0.226359,0.008800,61.820528,16.101457,17.102246,15.100669,0.906639,0.462645,0.027351,0.031786,0.031325,0.051397,0.372282,0.242696,-0.067578,0.338352,-0.171525,-0.107847,0.507417,23203650.000000,332219872.013000,0.183295
2019-04-02,18.507000,18.580999,18.302000,18.426001,13618000,0.000000,0.000000,16.949258,17.017029,16.761513,16.875076,16.155397,15.899302,14.383748,14.588105,16.448466,16.190508,0.257958,0.232679,0.025280,61.092070,16.155397,17.202162,15.108631,0.843763,0.447850,0.026539,-0.002383,0.023382,0.042873,0.361472,0.230500,-0.025225,0.338570,-0.173499,-0.109973,0.503826,22596750.000000,250925281.618000,0.178599
2019-04-03,18.763000,19.308001,18.622999,19.153999,32450000,0.000000,0.000000,17.183717,17.682844,17.055499,17.541805,16.262470,15.995471,14.421691,14.595727,16.616672,16.290604,0.326068,0.251357,0.074712,67.843023,16.262470,17.416628,15.108312,1.054229,0.473559,0.026996,0.039510,0.078248,0.110502,0.393467,0.291547,-0.007698,0.348174,-0.140844,-0.074808,0.563241,22713050.000000,621547267.550000,0.209005
2019-04-04,18.959000,19.382000,18.931000,19.103001,21427000,0.000000,0.000000,17.363221,17.750618,17.337578,17.495102,16.376447,16.091726,14.459511,14.605006,16.751815,16.379826,0.371989,0.275483,0.096506,66.966497,16.376447,17.545425,15.207469,0.978475,0.469236,0.026821,-0.002662,0.087375,0.136021,0.460179,0.280947,-0.028497,0.331879,-0.143131,-0.077271,0.559079,22561050.000000,409320002.427000,0.239202
2019-04-05,19.320999,19.579000,19.200001,19.514999,21467000,0.000000,0.000000,17.694744,17.931030,17.583930,17.872416,16.501690,16.155713,14.501114,14.616552,16.924215,16.490388,0.433827,0.307152,0.126675,70.304543,16.501690,17.749618,15.253762,1.049201,0.466857,0.026122,0.021567,0.090162,0.174615,0.422197,0.299199,0.026297,0.328920,-0.124651,-0.057371,0.592704,22662450.000000,418928483.533000,0.244151
2019-04-08,19.360001,19.462000,19.134001,19.358000,17132000,0.000000,0.000000,17.730468,17.823882,17.523491,17.728636,16.605270,16.209015,14.544740,14.626846,17.047972,16.582110,0.465862,0.338894,0.126968,67.505206,16.605270,17.900984,15.309556,0.933493,0.458433,0.025858,-0.008045,0.048078,0.153640,0.398298,0.316077,0.041376,0.333375,-0.131693,-0.064954,0.579891,22504200.000000,331641256.000000,0.232633
2019-04-09,19.181999,19.195000,18.917000,19.046000,17347000,0.000000,0.000000,17.567448,17.579355,17.324754,17.442896,16.694336,16.255564,14.589976,14.635033,17.108730,16.645872,0.462858,0.363687,0.099171,62.204308,16.694336,17.961497,15.427176,0.795369,0.454536,0.026059,-0.016117,0.033648,0.114062,0.399473,0.304584,0.011487,0.339716,-0.145688,-0.080025,0.554427,22553850.000000,330390962.000000,0.252702
2019-04-10,18.980000,19.160999,18.860001,19.084000,14505000,0.000000,0.000000,17.382447,17.548212,17.272549,17.477694,16.792652,16.304757,14.634619,14.644000,17.165494,16.707489,0.458005,0.382550,0.075455,62.589584,16.792652,17.975692,15.609611,0.789526,0.441760,0.025276,0.001995,-0.003655,0.115960,0.333417,0.323472,-0.022191,0.339446,-0.143984,-0.078189,0.557528,22199850.000000,276813420.000000,0.188650
2019-04-11,19.131001,19.347000,19.049999,19.131001,11942000,0.000000,0.000000,17.520744,17.718563,17.446561,17.520744,16.865266,16.343998,14.680786,14.654839,17.220147,16.767730,0.452418,0.396524,0.055894,63.090850,16.865266,18.039393,15.691139,0.779134,0.429634,0.024521,0.002463,0.001466,0.129541,0.331431,0.341517,-0.023149,0.335258,-0.141875,-0.075919,0.561364,20985350.000000,228462413.942000,0.193830
2019-04-12,19.410999,19.530001,19.247000,19.408001,11619000,0.000000,0.000000,17.777171,17.886157,17.626976,17.774426,16.923894,16.390769,14.726182,14.665635,17.305421,16.842300,0.463121,0.409843,0.053278,65.983318,16.923894,18.158199,15.689590,0.844539,0.425047,0.023913,0.014479,-0.005483,0.106169,0.355021,0.406605,-0.033826,0.319011,-0.129451,-0.062539,0.583971,18504800.000000,225501563.619000,0.209760
2019-04-15,19.337999,19.337999,18.995001,19.281000,14193000,0.000000,0.000000,17.710321,17.710321,17.396192,17.658119,16.986675,16.429408,14.768968,14.677704,17.359682,16.902731,0.456951,0.419265,0.037686,63.525316,16.986675,18.236945,15.736404,0.768520,0.421703,0.023882,-0.006544,-0.003978,0.063623,0.381430,0.419334,-0.029407,0.304120,-0.135147,-0.068673,0.573607,18197300.000000,273655233.000000,0.226478
2019-04-16,19.450001,19.688000,19.386999,19.462000,15514000,0.000000,0.000000,17.812884,18.030851,17.755186,17.823874,17.056598,16.470651,14.817263,14.690121,17.431096,16.970964,0.460133,0.427438,0.032694,65.497915,17.056598,18.330893,15.782302,0.801059,0.418205,0.023463,0.009387,0.021841,0.086655,0.398680,0.372900,-0.019381,0.299715,-0.127029,-0.059931,0.588378,17928800.000000,301933468.000000,0.259668
2019-04-17,19.733999,19.797001,19.429001,19.629000,16936000,0.000000,0.000000,18.072987,18.130686,17.793661,17.976826,17.150700,16.513989,14.867349,14.702414,17.515055,17.045472,0.469583,0.435867,0.033715,67.257586,17.150700,18.403724,15.897675,0.829653,0.412407,0.022941,0.008581,0.028558,0.094452,0.423392,0.395369,-0.051864,0.299922,-0.119537,-0.027028,0.602008,17741950.000000,332436744.000000,0.286727
2019-04-18,19.673000,19.728001,19.447001,19.476999,14098000,0.000000,0.000000,18.017114,18.067485,17.810136,17.837610,17.200932,16.548334,14.915076,14.713921,17.564679,17.104149,0.460530,0.440800,0.019730,64.055303,17.200932,18.480591,15.921274,0.748768,0.401331,0.022499,-0.007744,0.018085,0.108285,0.382380,0.358258,-0.019686,0.290026,-0.126356,-0.034563,0.589602,16895200.000000,274586731.902000,0.253422
2019-04-22,19.629000,19.674999,19.309000,19.521999,11771000,0.000000,0.000000,17.976820,18.018948,17.683755,17.878826,17.273145,16.586016,14.963740,14.728238,17.613009,17.161532,0.451477,0.442935,0.008541,64.592794,17.273145,18.533570,16.012720,0.740268,0.396607,0.022183,0.002311,0.005874,0.062133,0.331203,0.343729,0.051632,0.249198,-0.124337,-0.032332,0.593275,16381500.000000,229793450.229000,0.211318
2019-04-23,19.500000,19.624001,19.340000,19.478001,20486000,0.000000,0.000000,17.858681,17.972244,17.712148,17.838533,17.344992,16.623657,15.009415,14.740302,17.647705,17.211681,0.436024,0.441553,-0.005529,63.591676,17.344992,18.559207,16.130778,0.703235,0.386856,0.021687,-0.002254,0.010217,0.085427,0.400931,0.360013,0.040952,0.230689,-0.126311,-0.034513,0.589684,16769100.000000,399026328.486000,0.244179
2019-04-24,19.514999,19.997999,19.459000,19.544001,26018000,0.000000,0.000000,17.872421,18.314767,17.821135,17.898981,17.415465,16.661378,15.055667,14.751752,17.686363,17.262592,0.423771,0.437997,-0.014226,64.481078,17.415465,18.583346,16.247585,0.707006,0.394483,0.022039,0.003389,0.004214,0.091295,0.411328,0.363588,0.044751,0.229670,-0.123350,-0.031241,0.595071,17245050.000000,508495818.018000,0.258144
2019-04-25,20.299999,20.950001,20.250000,20.507999,47583000,0.000000,0.000000,18.591345,19.186635,18.545554,18.781837,17.541117,16.710694,15.104411,14.766198,17.854897,17.375128,0.479769,0.446351,0.033418,74.340282,17.541117,18.730111,16.352123,1.021752,0.458281,0.024400,0.049324,0.044780,0.139017,0.280022,0.440070,0.131917,0.277765,-0.080110,0.000000,0.673747,18928950.000000,975832116.417000,0.132256
2019-04-26,20.299999,20.719000,19.959999,20.639000,28652000,0.000000,0.000000,18.591343,18.975076,18.279961,18.901810,17.681743,16.759205,15.155340,14.781523,18.015961,17.488216,0.527745,0.462630,0.065115,75.341940,17.681743,18.811559,16.551927,1.039941,0.475198,0.025140,0.006388,0.059660,0.161844,0.254805,0.428280,0.133961,0.268339,-0.074234,0.000000,0.684438,19528750.000000,591348628.000000,0.117811
2019-04-29,20.673000,20.773001,20.438000,20.612000,16077000,0.000000,0.000000,18.932953,19.024536,18.717732,18.877087,17.805884,16.806639,15.202216,14.799929,18.148442,17.591095,0.557346,0.481573,0.075773,74.694856,17.805884,18.884512,16.727255,0.996558,0.463170,0.024536,-0.001308,0.055835,0.173270,0.248862,0.498905,0.110291,0.262006,-0.075445,-0.001308,0.682235,19541100.000000,331379124.000000,0.096982
2019-04-30,20.622999,20.881001,20.528999,20.743000,16043000,0.000000,0.000000,18.887159,19.123444,18.801071,18.997059,17.909968,16.856910,15.246621,14.818010,18.278998,17.695241,0.583758,0.502010,0.081747,75.781852,17.909968,19.027820,16.792116,0.986241,0.453113,0.023852,0.006355,0.064945,0.158762,0.264949,0.474043,0.136084,0.258842,-0.069569,0.000000,0.692927,19443900.000000,332779949.000000,0.113120
2019-05-01,20.804001,20.903999,20.389000,20.396000,11369000,0.000000,0.000000,19.052922,19.144503,18.672851,18.679262,18.000177,16.902245,15.297160,14.834291,18.340577,17.768131,0.572446,0.516097,0.056349,67.509336,18.000177,19.055851,16.944503,0.821636,0.454437,0.024328,-0.016729,0.043594,0.104277,0.200566,0.485437,0.130359,0.255232,-0.085134,-0.016729,0.664606,19331450.000000,231882124.000000,0.079927
2019-05-02,20.396000,20.738001,20.340000,20.684000,13401000,0.000000,0.000000,18.679270,18.992485,18.627984,18.943029,18.070238,16.949396,15.353941,14.851891,18.433262,17.855161,0.578101,0.528498,0.049603,70.397708,18.070238,19.182308,16.958169,0.892417,0.448013,0.023651,0.014121,0.008582,0.122545,0.227211,0.543246,0.114229,0.255737,-0.072215,-0.002844,0.688112,18379000.000000,277186284.000000,0.123523
2019-05-03,20.739000,20.881001,20.617001,20.778000,12578000,0.000000,0.000000,18.993393,19.123441,18.881662,19.029110,18.146939,17.004440,15.418592,14.867475,18.524931,17.942120,0.582811,0.539361,0.043450,71.294579,18.146939,19.302731,16.991147,0.881631,0.433282,0.022769,0.004544,0.006735,0.084786,0.210026,0.511410,0.124430,0.224121,-0.067999,0.000000,0.695783,17936550.000000,261345684.000000,0.086107
2019-05-06,20.033001,20.528000,19.875000,20.454000,12830000,0.000000,0.000000,18.346814,18.800149,18.202112,18.732378,18.189937,17.052821,15.480466,14.879743,18.556846,18.000658,0.556188,0.542726,0.013462,64.086598,18.189937,19.366525,17.013348,0.730514,0.461404,0.024631,-0.015594,-0.007666,0.070721,0.188474,0.462017,0.107422,0.233238,-0.082532,-0.015594,0.669339,17504700.000000,262424820.000000,0.082895
2019-05-07,20.089001,20.191000,19.485001,19.993999,29342000,0.000000,0.000000,18.398107,18.491521,17.844946,18.311102,18.219060,17.092085,15.537700,14.891293,18.519039,18.023653,0.495386,0.533258,-0.037872,55.506574,18.219060,19.376246,17.061874,0.539770,0.491835,0.026860,-0.022489,-0.036109,0.024545,0.158202,0.333806,0.049067,0.239746,-0.103165,-0.037732,0.631797,18115200.000000,586663918.658000,0.082320
2019-05-08,19.850000,20.170000,19.709000,19.971001,15551000,0.000000,0.000000,18.179218,18.472283,18.050085,18.290033,18.261417,17.132821,15.594578,14.902925,18.483808,18.043385,0.440422,0.514691,-0.074269,55.109193,18.261417,19.359487,17.163347,0.513030,0.486861,0.026619,-0.001151,-0.020837,0.031666,0.134594,0.335349,0.058638,0.237553,-0.104197,-0.038839,0.629920,18025400.000000,310569036.551000,0.057574
2019-05-09,19.600000,19.997000,19.302999,19.863001,19390000,0.000000,0.000000,17.950264,18.313848,17.678262,18.191128,18.297089,17.174055,15.650184,14.915397,18.438780,18.054329,0.384451,0.488643,-0.104192,53.184305,18.297089,19.332526,17.261651,0.448833,0.497484,0.027348,-0.005408,-0.039693,0.042896,0.137320,0.363218,0.045456,0.230280,-0.109041,-0.044037,0.621106,18269650.000000,385143589.390000,0.051945
2019-05-10,19.709000,19.950001,19.392000,19.790001,17561000,0.000000,0.000000,18.050092,18.270808,17.759774,18.124275,18.327265,17.215973,15.708208,14.928185,18.390395,18.059510,0.330884,0.457091,-0.126207,51.865599,18.327265,19.300763,17.353768,0.395742,0.498452,0.027502,-0.003675,-0.047550,0.036995,0.135855,0.318374,0.016268,0.231149,-0.112316,-0.047550,0.615148,18550600.000000,347532207.561000,0.051076
2019-05-13,19.129999,19.201000,18.694000,18.830000,28563000,0.000000,0.000000,17.519825,17.584850,17.120525,17.245077,18.300798,17.239105,15.757158,14.936841,18.214192,17.999182,0.215010,0.408675,-0.193665,38.385750,18.300798,19.362381,17.239215,0.002761,0.534545,0.030997,-0.048509,-0.079397,-0.015734,0.076947,0.257563,-0.053364,0.289475,-0.155377,-0.093753,0.536798,19397800.000000,537841290.000000,0.030542
2019-05-14,19.046000,19.406000,18.947001,19.243999,16563000,0.000000,0.000000,17.442895,17.772594,17.352229,17.624229,18.299103,17.267963,15.807850,14.945392,18.123428,17.971408,0.152021,0.357344,-0.205323,45.021771,18.299103,19.365105,17.233102,0.183455,0.534043,0.030302,0.021986,-0.037511,-0.008450,0.080178,0.285296,-0.020743,0.295507,-0.136807,-0.073828,0.570587,19516300.000000,318738355.437000,0.037037
2019-05-15,19.115999,19.790001,19.065001,19.548000,16087000,0.000000,0.000000,17.507002,18.124273,17.460296,17.902641,18.303042,17.310090,15.867526,14.949606,18.089461,17.966314,0.123147,0.310505,-0.187357,49.336751,18.303042,19.362211,17.243873,0.310984,0.543324,0.030349,0.015797,-0.021180,0.013848,0.086573,0.339421,-0.017365,0.299606,-0.123171,-0.059197,0.595397,19544950.000000,314468676.000000,0.032429
2019-05-16,19.204000,19.648001,19.066000,19.445999,17612000,0.000000,0.000000,17.587597,17.994226,17.461212,17.809227,18.294662,17.358267,15.928826,14.954333,18.046348,17.954678,0.091670,0.266738,-0.175067,47.976177,18.294662,19.367265,17.222059,0.273712,0.542587,0.030467,-0.005218,-0.020994,-0.000822,0.078996,0.378491,-0.013597,0.298618,-0.127746,-0.064106,0.587073,19578750.000000,342482934.388000,0.015565
2019-05-17,19.309000,20.000000,19.299999,19.416000,24442000,0.000000,0.000000,17.683754,18.316592,17.675511,17.781748,18.291869,17.409591,15.990897,14.957665,18.005640,17.941868,0.063772,0.226145,-0.162372,47.560674,18.291869,19.369761,17.213976,0.263371,0.549623,0.030909,-0.001543,-0.018899,-0.010852,0.078759,0.366420,-0.037586,0.297063,-0.129092,-0.065550,0.584624,20095950.000000,474565872.000000,0.032740
2019-05-20,18.864000,18.965000,18.274000,18.367001,32441000,0.000000,0.000000,17.276214,17.368713,16.735874,16.821047,18.238980,17.438661,16.046893,14.958146,17.823395,17.858844,-0.035449,0.173826,-0.209275,35.865701,18.238980,19.491813,16.986146,-0.065890,0.585069,0.034782,-0.054027,-0.024588,-0.056990,0.024891,0.303553,-0.073553,0.350104,-0.176145,-0.116036,0.499011,21129450.000000,595843879.441000,-0.003908
2019-05-21,18.660999,18.861000,18.549000,18.691000,20314000,0.000000,0.000000,17.090298,17.273464,16.987725,17.117773,18.202942,17.467876,16.098975,14.959747,17.714838,17.803950,-0.089112,0.121238,-0.210351,40.714681,18.202942,19.542724,16.863159,0.095021,0.575594,0.033626,0.017640,-0.028736,-0.042567,0.032094,0.293384,-0.019400,0.356753,-0.161612,-0.100443,0.525454,21120850.000000,379688974.000000,-0.007517
2019-05-22,18.538000,18.853001,18.514999,18.718000,11325000,0.000000,0.000000,16.977656,17.266143,16.956591,17.142506,18.165118,17.497494,16.149084,14.961386,17.626787,17.754954,-0.128167,0.071357,-0.199525,41.114327,18.165118,19.581552,16.748684,0.139019,0.556591,0.032468,0.001445,-0.042459,-0.039018,0.053180,0.281251,-0.039503,0.356928,-0.160400,-0.099143,0.527658,20386200.000000,211981350.000000,0.014153
2019-05-23,18.379999,18.587999,18.226999,18.545000,18492000,0.000000,0.000000,16.832946,17.023438,16.692824,16.984058,18.075229,17.526948,16.195660,14.961776,17.527906,17.697851,-0.169945,0.023097,-0.193042,39.287178,18.075229,19.553693,16.596765,0.130978,0.548955,0.032322,-0.009243,-0.046334,-0.051116,0.041117,0.307029,-0.062962,0.357362,-0.168161,-0.107470,0.513538,18931650.000000,342934140.000000,0.027734
2019-05-24,18.677999,18.798000,18.170000,18.190001,21382000,0.000000,0.000000,17.105867,17.215767,16.640626,16.658943,17.963086,17.538757,16.238302,14.961617,17.394219,17.620895,-0.226676,-0.026858,-0.199818,35.774126,17.963086,19.515938,16.410233,0.080082,0.550825,0.033065,-0.019142,-0.063144,-0.113029,0.019027,0.284601,-0.082391,0.308176,-0.184084,-0.124555,0.484565,18568150.000000,388938601.382000,0.008099
2019-05-28,18.354000,18.400000,17.865000,17.892000,25526000,0.000000,0.000000,16.809140,16.851267,16.361299,16.386026,17.838533,17.534441,16.276276,14.958248,17.239112,17.529423,-0.290311,-0.079548,-0.210762,33.098528,17.838533,19.479801,16.197264,0.057505,0.546478,0.033350,-0.016383,-0.025862,-0.133098,0.008170,0.254201,-0.102105,0.307190,-0.197451,-0.138897,0.460244,19040600.000000,456711192.000000,0.000481
2019-05-29,17.712999,17.840000,17.469999,17.760000,25662000,0.000000,0.000000,16.222096,16.338407,15.999549,16.265141,17.701937,17.531693,16.319113,14.956758,17.089271,17.435772,-0.346502,-0.132939,-0.213563,31.958375,17.701937,19.391258,16.012616,0.074742,0.535049,0.032895,-0.007377,-0.049810,-0.138366,0.008413,0.249965,-0.098406,0.306592,-0.203372,-0.145250,0.449471,19521550.000000,455757120.000000,0.009367
2019-05-30,17.795000,18.219999,17.752001,17.862000,12630000,0.000000,0.000000,16.297189,16.686416,16.257809,16.358549,17.585901,17.530356,16.357031,14.958603,16.976852,17.355978,-0.379126,-0.182176,-0.196950,33.854432,17.585901,19.310999,15.860803,0.144266,0.527446,0.032243,0.005743,-0.045732,-0.138890,0.020598,0.232651,-0.085305,0.306266,-0.198797,-0.140341,0.457795,19584600.000000,225597060.000000,0.015926
2019-05-31,17.631001,17.958000,17.452999,17.461000,15766000,0.000000,0.000000,16.146992,16.446468,15.983973,15.991301,17.438315,17.528286,16.390156,14.958589,16.825229,17.254891,-0.429662,-0.231674,-0.197989,30.281578,17.438315,19.179526,15.697103,0.084481,0.522807,0.032693,-0.022450,-0.058452,-0.143901,-0.006040,0.204732,-0.112707,0.309203,-0.216784,-0.159640,0.425068,19702850.000000,275290126.000000,0.012682
2019-06-03,17.548000,17.745001,17.104000,17.243000,24126000,0.000000,0.000000,16.070982,16.251401,15.664353,15.791654,17.276442,17.507460,16.423434,14.958233,16.666217,17.146503,-0.480286,-0.281396,-0.198890,28.519483,17.276442,18.996781,15.556103,0.068461,0.527396,0.033397,-0.012485,-0.052061,-0.166361,-0.024082,0.135481,-0.107647,0.299691,-0.226562,-0.170132,0.407276,20280250.000000,416004618.000000,0.008191
2019-06-04,17.454000,18.080000,17.275999,18.042000,23986000,0.000000,0.000000,15.984894,16.558203,15.821875,16.523401,17.165993,17.509237,16.457593,14.963268,16.644245,17.100347,-0.456102,-0.316337,-0.139765,41.870900,17.165993,18.772642,15.559343,0.300021,0.544478,0.032952,0.046338,0.008384,-0.131678,0.046031,0.196574,-0.087028,0.352796,-0.190723,-0.131678,0.472486,20838050.000000,432755412.000000,0.052530
2019-06-05,18.115999,18.316000,17.893000,18.232000,19468000,0.000000,0.000000,16.591175,16.774342,16.386945,16.697412,17.085308,17.515153,16.492974,14.968517,16.652425,17.070500,-0.418075,-0.336685,-0.081390,44.524534,17.085308,18.609802,15.560815,0.372779,0.533258,0.031937,0.010531,0.026577,-0.108634,0.084224,0.176743,-0.086026,0.355871,-0.182200,-0.122533,0.487993,20344350.000000,354940576.000000,0.074956
2019-06-06,18.235001,18.525000,18.165001,18.464001,15890000,0.000000,0.000000,16.700162,16.965752,16.636054,16.909887,17.016301,17.523561,16.530898,14.976795,16.692034,17.058603,-0.366568,-0.342662,-0.023907,47.666101,17.016301,18.432266,15.600336,0.462423,0.518718,0.030675,0.012725,0.033703,-0.076523,0.111355,0.161669,-0.066829,0.355247,-0.171794,-0.111367,0.506928,20361300.000000,293392975.890000,0.085203
2019-06-07,18.563000,18.926001,18.462999,18.667999,16194000,0.000000,0.000000,17.000541,17.332988,16.908958,17.096703,16.961580,17.540119,16.574041,14.985393,16.754291,17.061425,-0.307134,-0.335556,0.028422,50.329492,16.961580,18.266623,15.656537,0.551770,0.511955,0.029945,0.011048,0.069125,-0.065245,0.112518,0.254770,-0.045979,0.358778,-0.162644,-0.101550,0.523576,20201500.000000,302309575.806000,0.067438
2019-06-10,18.809000,19.377001,18.809000,19.117001,16890000,0.000000,0.000000,17.225845,17.746037,17.225845,17.507921,16.930762,17.568491,16.621686,14.994650,16.870234,17.094499,-0.224265,-0.313298,0.089033,55.676696,16.930762,18.146236,15.715288,0.737421,0.521767,0.029802,0.024052,0.108682,-0.037557,0.118215,0.319867,0.032741,0.370568,-0.142503,-0.079940,0.560222,20167950.000000,322886146.890000,0.083138
2019-06-11,19.490999,19.528999,18.937000,18.992001,14779000,0.110000,0.000000,17.953749,17.988752,17.443444,17.494106,16.943214,17.590488,16.670332,15.004426,16.966215,17.124099,-0.157885,-0.282215,0.124330,55.460684,16.943214,18.177206,15.709221,0.723215,0.523449,0.029921,-0.000789,0.058747,-0.034769,0.117008,0.392396,0.036317,0.370495,-0.143180,-0.080666,0.558991,19478750.000000,280682782.779000,0.086506
2019-06-12,18.337000,18.422001,17.882000,17.988001,26863000,0.000000,0.000000,16.890766,16.969063,16.471651,16.569292,16.890467,17.583566,16.706989,15.009717,16.905150,17.083003,-0.177853,-0.261343,0.083490,43.338838,16.890467,18.091641,15.689293,0.366308,0.559092,0.033743,-0.052864,-0.007673,-0.039187,0.068202,0.320797,0.004613,0.377706,-0.188475,-0.129266,0.476576,19993750.000000,483211670.863000,0.048667
2019-06-13,18.084000,18.221001,17.875000,18.018999,16484000,0.000000,0.000000,16.657719,16.783915,16.465203,16.597845,16.825227,17.578022,16.738662,15.015291,16.857872,17.047065,-0.189193,-0.246913,0.057720,43.747634,16.825227,17.933036,15.717418,0.397373,0.541922,0.032650,0.001723,-0.018453,-0.058237,0.032946,0.318576,-0.010991,0.368144,-0.187077,-0.127766,0.479120,20013600.000000,297025179.516000,0.005922
2019-06-14,17.632000,17.746000,17.350000,17.680000,21876000,0.000000,0.000000,16.241367,16.346376,15.981609,16.285582,16.749045,17.552897,16.774184,15.017619,16.769827,16.990659,-0.220832,-0.241697,0.020865,40.321451,16.749045,17.778739,15.719350,0.274951,0.547230,0.033602,-0.018813,-0.047443,-0.090325,-0.019051,0.292275,-0.017296,0.365875,-0.202371,-0.144175,0.451293,20226800.000000,386767680.000000,-0.033114
2019-06-17,17.679001,17.679001,17.238001,17.250999,19722000,0.000000,0.000000,16.284660,16.284660,15.878442,15.890415,16.654478,17.520803,16.806265,15.018901,16.634533,16.909159,-0.274626,-0.248283,-0.026344,36.432845,16.654478,17.630851,15.678105,0.108724,0.537224,0.033808,-0.024265,-0.092387,-0.107743,-0.031221,0.258101,-0.023040,0.372406,-0.221725,-0.164942,0.416077,19990800.000000,340224202.278000,-0.048142
2019-06-18,17.497999,18.405001,17.443001,18.044001,23698000,0.000000,0.000000,16.117936,16.953402,16.067275,16.620874,16.644469,17.495773,16.825743,15.024518,16.632432,16.887805,-0.255373,-0.249701,-0.005673,46.670987,16.644469,17.617752,15.671187,0.487878,0.574778,0.034582,0.045969,-0.049916,-0.065285,0.011900,0.348888,0.037678,0.412422,-0.185949,-0.126555,0.481172,19553650.000000,427606735.698000,-0.017868
2019-06-19,18.166000,18.337000,17.941999,18.142000,12339000,0.000000,0.000000,16.733253,16.890766,16.526919,16.711145,16.624138,17.475423,16.842219,15.030653,16.644541,16.874719,-0.230178,-0.245796,0.015619,47.790111,16.624138,17.572459,15.675817,0.545874,0.559712,0.033493,0.005431,0.008561,-0.006534,0.038295,0.353116,0.068528,0.368632,-0.181528,-0.121812,0.489217,19154900.000000,223854138.000000,0.004869
2019-06-20,18.507999,18.649000,18.236000,18.396000,11268000,0.000000,0.000000,17.048278,17.178158,16.797732,16.945112,16.614268,17.465467,16.860516,15.037680,16.690783,16.879933,-0.189150,-0.234467,0.045317,50.679042,16.614268,17.543797,15.684740,0.677963,0.553090,0.032640,0.014001,0.020922,-0.010087,0.006663,0.349678,0.088801,0.366640,-0.170068,-0.109516,0.510067,19152050.000000,207286128.000000,-0.020430
2019-06-21,18.268999,18.500000,18.243000,18.302999,19916000,0.000000,0.000000,16.828123,17.040905,16.804174,16.859442,16.608038,17.453102,16.878930,15.044785,16.716731,16.878415,-0.161685,-0.219910,0.058226,49.596867,16.608038,17.528758,15.687317,0.636526,0.530493,0.031466,-0.005056,0.035237,-0.016512,0.025852,0.412598,0.075910,0.366958,-0.174264,-0.114018,0.502432,19223250.000000,364522528.084000,-0.025051
2019-06-24,18.209000,18.297001,18.061001,18.127001,16784000,0.000000,0.000000,16.772856,16.853917,16.636530,16.697325,16.609957,17.436634,16.890316,15.051045,16.713745,16.865001,-0.151256,-0.206180,0.054923,47.528591,16.609957,17.531284,15.688630,0.547414,0.508523,0.030455,-0.009616,0.050780,-0.016882,0.018031,0.429654,0.056425,0.367072,-0.182204,-0.122538,0.487985,18993350.000000,304243584.784000,-0.030173
2019-06-25,18.122999,18.162001,17.558001,17.582001,20799000,0.000000,0.000000,16.693641,16.729566,16.173203,16.195311,16.600421,17.405051,16.897910,15.060176,16.633986,16.815395,-0.181409,-0.201225,0.019817,41.725870,16.600421,17.535354,15.665488,0.283348,0.511940,0.031610,-0.030066,-0.025604,-0.027831,-0.017842,0.399211,0.032581,0.375885,-0.206792,-0.148919,0.443248,18757000.000000,365688038.799000,-0.042961
2019-06-26,17.937000,18.254000,17.858999,18.128000,19941000,0.000000,0.000000,16.522308,16.814306,16.450459,16.698244,16.622076,17.385854,16.907631,15.072033,16.643872,16.806717,-0.162845,-0.193549,0.030704,48.508405,16.622076,17.544288,15.699865,0.541296,0.519587,0.031116,0.031054,-0.000772,0.019054,0.026397,0.488067,0.087620,0.387292,-0.182159,-0.122489,0.488067,18470950.000000,361490448.000000,-0.008482
2019-06-27,18.289000,18.679001,18.275000,18.613001,18912000,0.000000,0.000000,16.846549,17.205791,16.833653,17.144997,16.661398,17.372276,16.921464,15.086178,16.720968,16.831775,-0.110807,-0.177001,0.066194,53.667185,16.661398,17.603158,15.719639,0.756753,0.518727,0.030255,0.026754,0.011796,0.054095,0.065615,0.439598,0.097971,0.395743,-0.160278,-0.099012,0.527880,18785050.000000,352009074.912000,0.026681
2019-06-28,18.969000,18.974001,18.709000,18.784000,23367000,0.000000,0.000000,17.472916,17.477523,17.233422,17.302507,16.726959,17.358790,16.936389,15.102448,16.810436,16.866644,-0.056208,-0.152842,0.096634,55.365079,16.726959,17.654758,15.799160,0.810169,0.505427,0.029211,0.009187,0.026280,0.057704,0.055400,0.426226,0.135008,0.396244,-0.152564,-0.090735,0.541916,19165100.000000,438925728.000000,0.019572
2019-07-01,19.457001,19.795000,18.912001,19.134001,23652000,0.000000,0.000000,17.922428,18.233769,17.420412,17.624903,16.818621,17.354536,16.951435,15.122603,16.935738,16.922811,0.012927,-0.119688,0.132616,58.701086,16.818621,17.719185,15.918057,0.947654,0.535844,0.030403,0.018633,0.055552,0.102156,0.041946,0.429843,0.148917,0.388515,-0.136774,-0.073793,0.570647,19141400.000000,452557391.652000,0.008448
2019-07-02,19.097000,19.097000,18.552000,18.719000,15263000,0.000000,0.000000,17.590819,17.590819,17.088803,17.242632,16.854583,17.341812,16.963914,15.139605,16.982953,16.946501,0.036451,-0.088460,0.124912,53.586893,16.854583,17.762917,15.946249,0.713605,0.535862,0.031078,-0.021689,0.064668,0.091883,0.021781,0.391126,0.111122,0.394968,-0.155497,-0.093881,0.536580,18705250.000000,285708097.000000,-0.011397
2019-07-03,18.739000,18.789000,18.459000,18.486000,10480000,0.000000,0.000000,17.261054,17.307109,17.003137,17.028008,16.871113,17.325602,16.974629,15.155379,16.989884,16.952539,0.037345,-0.063299,0.100645,50.905343,16.871113,17.779436,15.962789,0.586365,0.519299,0.030497,-0.012447,0.019748,0.030539,-0.029290,0.352652,0.096024,0.368070,-0.166008,-0.105160,0.517454,18255850.000000,193733280.000000,-0.064079
2019-07-05,18.318001,18.417000,18.110001,18.364000,19537000,0.000000,0.000000,16.873259,16.964450,16.681664,16.915630,16.871400,17.305934,16.983656,15.171206,16.978461,16.949805,0.028656,-0.044908,0.073564,49.508352,16.871400,17.779779,15.963021,0.524346,0.506945,0.029969,-0.006600,-0.013378,0.013069,-0.033122,0.411815,0.126548,0.367669,-0.171512,-0.111066,0.507440,18438200.000000,358777468.000000,-0.067336
2019-07-08,17.920000,18.242001,17.892000,18.139999,14965000,0.000000,0.000000,16.506655,16.803259,16.480863,16.709303,16.852030,17.264484,16.987589,15.185302,16.937052,16.931990,0.005062,-0.034914,0.039976,46.960233,16.852030,17.756694,15.947365,0.421116,0.501789,0.030031,-0.012197,-0.034284,-0.011862,-0.065079,0.329642,0.083209,0.367684,-0.181618,-0.121908,0.489053,18376750.000000,271465085.035000,-0.085194
2019-07-09,18.009001,18.403999,17.990999,18.308001,17438000,0.000000,0.000000,16.588627,16.952472,16.572045,16.864044,16.819836,17.223728,16.991467,15.200378,16.925820,16.926957,-0.001137,-0.028159,0.027022,49.077076,16.819836,17.670434,15.969238,0.525987,0.493120,0.029241,0.009261,-0.043170,-0.013608,-0.048768,0.330106,0.080413,0.367040,-0.174039,-0.113777,0.502843,18404150.000000,319254921.438000,-0.072386
2019-07-10,18.535000,18.958000,18.372000,18.422001,17782000,0.000000,0.000000,17.073146,17.462784,16.923001,16.969059,16.793584,17.185568,16.996104,15.215035,16.932472,16.930076,0.002396,-0.022048,0.024444,50.520336,16.793584,17.587050,16.000117,0.610575,0.500665,0.029505,0.006227,-0.015866,-0.030778,-0.027165,0.361456,0.067734,0.357140,-0.168895,-0.108258,0.512201,18554300.000000,327580021.782000,-0.064242
2019-07-11,18.573999,18.573999,18.232000,18.489000,16132000,0.000000,0.000000,17.109065,17.109065,16.794039,17.030769,16.816657,17.146242,17.001576,15.229820,16.947595,16.937534,0.010060,-0.015626,0.025686,51.392155,16.816657,17.609500,16.023814,0.635028,0.487405,0.028619,0.003637,0.000162,-0.026485,-0.025571,0.299320,0.075383,0.357540,-0.165873,-0.105015,0.517700,18017750.000000,298264548.000000,-0.054676
2019-07-12,18.646999,19.281000,18.547001,19.124001,19750000,0.000000,0.000000,17.176310,17.760307,17.084199,17.615690,16.867550,17.124971,17.013608,15.247955,17.050378,16.987768,0.062610,0.000021,0.062589,58.801899,16.867550,17.728959,16.006140,0.934254,0.504700,0.028651,0.034345,0.041385,0.063153,0.005419,0.338647,0.159239,0.324340,-0.137225,-0.074277,0.569826,18181050.000000,377699019.750000,-0.031924
2019-07-15,19.236000,19.374001,19.108999,19.275000,10092000,0.000000,0.000000,17.718860,17.845976,17.601876,17.754784,16.941010,17.101206,17.025301,15.268344,17.158749,17.044584,0.114164,0.022850,0.091315,60.349782,16.941010,17.843077,16.038942,0.951061,0.486086,0.027378,0.007896,0.062569,0.069704,-0.001105,0.353523,0.154343,0.324711,-0.130413,-0.066967,0.582221,17591850.000000,194523300.000000,-0.035427
2019-07-16,19.107000,19.256001,18.940001,18.981001,11091000,0.000000,0.000000,17.600031,17.737279,17.446202,17.483969,17.020687,17.070303,17.037371,15.288500,17.208782,17.077131,0.131651,0.044610,0.087041,55.942678,17.020687,17.805984,16.235391,0.794972,0.473407,0.027077,-0.015253,0.036760,0.073586,-0.009862,0.367806,0.133626,0.321862,-0.143676,-0.081199,0.558087,17160300.000000,210518282.091000,-0.040804
2019-07-17,19.045000,19.250000,18.811001,19.172001,15796000,0.000000,0.000000,17.542924,17.731756,17.327380,17.659908,17.072639,17.048854,17.050837,15.308740,17.278186,17.120300,0.157887,0.067265,0.090621,58.084232,17.072639,17.883623,16.261655,0.862072,0.468476,0.026528,0.010063,0.040712,0.111356,-0.009199,0.385814,0.145034,0.306018,-0.135059,-0.071953,0.573766,16765200.000000,302840927.796000,-0.032321
2019-07-18,19.308001,20.010000,19.216000,19.823000,21088000,0.000000,0.000000,17.785182,18.431815,17.700437,18.259563,17.150060,17.047823,17.069954,15.331468,17.429167,17.204690,0.224478,0.098708,0.125770,64.430431,17.150060,18.099551,16.200569,1.084262,0.490150,0.026843,0.033956,0.072151,0.098592,0.015728,0.445778,0.147509,0.288170,-0.105690,-0.040441,0.627204,17202650.000000,418027424.000000,-0.010680
2019-07-19,20.028999,20.080000,19.693001,19.847000,15318000,0.000000,0.000000,18.449318,18.496297,18.139820,18.281673,17.216888,17.047656,17.090238,15.354966,17.560322,17.284466,0.275856,0.134137,0.141718,64.642992,17.216888,18.286222,16.147554,0.997873,0.480602,0.026289,0.001211,0.037806,0.093981,0.024895,0.416794,0.123047,0.288396,-0.104607,-0.039279,0.629175,17405150.000000,304016346.000000,0.006336
2019-07-22,20.288000,20.787001,20.287001,20.721001,23575000,0.000000,0.000000,18.687887,19.147531,18.686966,19.086737,17.328253,17.065568,17.119811,15.382110,17.795155,17.417968,0.377187,0.182747,0.194440,71.355348,17.328253,18.670053,15.986453,1.155270,0.508120,0.026622,0.044037,0.075019,0.126386,0.067561,0.421140,0.192830,0.318170,-0.065177,0.000000,0.700918,17588100.000000,488497598.575000,0.043997
2019-07-23,20.760000,21.000000,20.636000,20.976000,19498000,0.000000,0.000000,19.122663,19.343734,19.008442,19.321627,17.459468,17.089515,17.152744,15.409936,18.029997,17.558980,0.471017,0.240401,0.230616,72.967846,17.459468,19.034480,15.884455,1.091157,0.495775,0.025659,0.012306,0.105105,0.146042,0.083140,0.517405,0.210362,0.316335,-0.053672,0.000000,0.721851,17723800.000000,408990048.000000,0.067060
2019-07-24,21.000000,21.849001,20.900999,21.698000,31408000,0.000000,0.000000,19.343727,20.125767,19.252534,19.986675,17.649036,17.144347,17.191726,15.442515,18.331024,17.738809,0.592216,0.310764,0.281451,76.928013,17.649036,19.475918,15.822154,1.139789,0.522736,0.026154,0.034420,0.131754,0.196999,0.116638,0.575942,0.273290,0.324395,-0.021100,0.000000,0.781116,18254250.000000,681490784.000000,0.089547
2019-07-25,21.368000,21.427000,21.007000,21.075001,20844000,0.000000,0.000000,19.682707,19.737054,19.350179,19.412817,17.784765,17.180119,17.224041,15.472727,18.497454,17.862809,0.634645,0.375540,0.259104,67.710289,17.784765,19.714673,15.854857,0.921795,0.530862,0.027346,-0.028712,0.063159,0.198669,0.033595,0.323025,0.247074,0.322380,-0.049206,-0.028712,0.729977,18299400.000000,439287320.844000,0.018832
2019-07-26,21.145000,21.290001,20.955000,21.075001,11249000,0.000000,0.000000,19.477296,19.610860,19.302281,19.412817,17.898156,17.210322,17.260206,15.503761,18.638279,17.977625,0.660654,0.432563,0.228091,67.710289,17.898156,19.933408,15.862904,0.872107,0.514985,0.026528,0.000000,0.061873,0.162566,0.027035,0.288728,0.251332,0.313263,-0.049206,-0.028712,0.729977,17916250.000000,237072686.249000,0.004471
2019-07-29,21.031000,21.117001,20.785000,21.082001,10921000,0.000000,0.000000,19.372286,19.451503,19.145687,19.419264,18.003994,17.242523,17.300395,15.535556,18.758431,18.084413,0.674018,0.480854,0.193164,67.760622,18.003994,20.127081,15.880906,0.833305,0.500044,0.025750,0.000332,0.017422,0.132649,0.028721,0.284731,0.220253,0.305962,-0.048890,-0.028389,0.730551,17293950.000000,230236532.921000,0.012612
2019-07-30,20.863001,21.273001,20.756001,21.132000,9560000,0.000000,0.000000,19.217543,19.595206,19.118982,19.465326,18.096015,17.276194,17.342893,15.569700,18.867184,18.186703,0.680481,0.520779,0.159702,68.142709,18.096015,20.307614,15.884416,0.809575,0.498343,0.025602,0.002372,0.007437,0.125000,0.024649,0.296130,0.141012,0.306013,-0.046634,-0.026085,0.734656,16589350.000000,202021920.000000,0.002634
2019-07-31,21.070000,21.236000,20.615999,20.861000,26525000,0.000000,0.000000,19.408204,19.561112,18.990011,19.215689,18.194668,17.324087,17.381374,15.603573,18.920800,18.262924,0.657876,0.548199,0.109677,63.734125,18.194668,20.421954,15.967382,0.729208,0.503540,0.026205,-0.012825,-0.038575,0.090258,0.028718,0.235043,0.139451,0.308781,-0.058861,-0.038575,0.712410,17152450.000000,553338025.000000,0.013092
2019-08-01,20.789000,21.770000,20.405001,20.576000,29749000,0.000000,0.000000,19.149369,20.052998,18.795656,18.953169,18.290926,17.360795,17.414335,15.633426,18.925780,18.314053,0.611727,0.560904,0.050822,59.383201,18.290926,20.471835,16.110016,0.651827,0.557383,0.029408,-0.013662,-0.023678,0.099204,0.000535,0.227868,0.107378,0.301432,-0.071718,-0.051710,0.689015,18115900.000000,612115424.000000,-0.008716
2019-08-02,20.431999,20.591000,20.047001,20.409000,24246000,0.000000,0.000000,18.820526,18.966986,18.465893,18.799341,18.385111,17.393932,17.445713,15.663007,18.906328,18.350000,0.556327,0.559989,-0.003662,56.930676,18.385111,20.476817,16.293405,0.599017,0.553362,0.029435,-0.008116,-0.031602,0.104025,-0.012075,0.195415,0.124038,0.298691,-0.079253,-0.059406,0.675307,18351350.000000,494836614.000000,0.007515
2019-08-05,19.775999,19.875999,19.162001,19.353001,22825000,0.000000,0.000000,18.216266,18.308380,17.650694,17.826630,18.440978,17.410783,17.468865,15.686476,18.740220,18.311232,0.428988,0.533789,-0.104801,44.433913,18.440978,20.399683,16.482272,0.343175,0.595882,0.033427,-0.051742,-0.082013,0.053856,-0.048352,0.131009,0.061264,0.356007,-0.126894,-0.108074,0.588624,18744350.000000,441732247.825000,0.000551
2019-08-06,19.723000,19.966000,19.312000,19.452000,20037000,0.000000,0.000000,18.167450,18.391285,17.788866,17.917824,18.493667,17.435961,17.487359,15.709538,18.613698,18.282091,0.331607,0.493352,-0.161745,45.638694,18.493667,20.326407,16.660926,0.342901,0.596349,0.033282,0.005116,-0.079500,0.072326,-0.021478,0.133326,0.065610,0.351882,-0.122427,-0.103512,0.596750,18874300.000000,389759724.000000,-0.005092
2019-08-07,19.245001,19.735001,19.070999,19.643000,21443000,0.000000,0.000000,17.727151,18.178504,17.566873,18.093760,18.549902,17.470116,17.502278,15.734425,18.533707,18.268141,0.265567,0.447795,-0.182228,47.981980,18.549902,20.249883,16.849920,0.365839,0.597441,0.033019,0.009819,-0.058386,0.072919,-0.010731,0.122418,0.070245,0.352001,-0.113810,-0.094709,0.612429,19057350.000000,421204849.000000,-0.000598
2019-08-08,20.101000,20.239000,19.837000,20.148001,17327000,0.000000,0.000000,18.515632,18.642748,18.272453,18.558926,18.626309,17.515991,17.523842,15.761588,18.537587,18.289680,0.247907,0.407818,-0.159911,53.668537,18.626309,20.168882,17.083737,0.478159,0.593980,0.032005,0.025709,-0.020801,0.093692,0.020219,0.160315,0.111931,0.360212,-0.091028,-0.071435,0.653882,19117100.000000,349104413.327000,0.003966
2019-08-09,19.934000,20.028000,19.441999,19.532000,18801000,0.000000,0.000000,18.361803,18.448389,17.908607,17.991508,18.645100,17.548650,17.539503,15.786334,18.453575,18.267593,0.185982,0.363450,-0.177469,46.929181,18.645100,20.144386,17.145815,0.282032,0.598004,0.033238,-0.030574,-0.042971,0.056412,-0.007325,0.127535,0.054620,0.380208,-0.118818,-0.099825,0.603317,19069650.000000,367221132.000000,-0.012656
2019-08-12,19.438999,19.718000,19.379999,19.631001,13060000,0.000000,0.000000,17.905848,18.162845,17.851502,18.082706,18.661496,17.590479,17.559382,15.810577,18.396518,18.253898,0.142620,0.319284,-0.176664,48.058153,18.661496,20.126568,17.196425,0.302470,0.577528,0.031938,0.005069,0.014365,0.026511,0.048572,0.129257,0.091738,0.362818,-0.114352,-0.095262,0.611444,19218050.000000,256380873.060000,0.020275
2019-08-13,19.631001,20.655001,19.509001,20.569000,22814000,0.000000,0.000000,18.082706,19.025943,17.970328,18.946726,18.734634,17.653580,17.580520,15.842341,18.481166,18.305219,0.175947,0.290617,-0.114670,57.321351,18.734634,20.094462,17.374807,0.577985,0.611677,0.032284,0.047782,0.057423,0.067134,0.075039,0.161233,0.184944,0.396434,-0.072034,-0.052032,0.688441,19804200.000000,469261166.000000,0.038595
2019-08-14,19.934999,20.153999,19.726000,19.850000,19203000,0.000000,0.000000,18.362725,18.564452,18.170209,18.284430,18.765860,17.688801,17.599019,15.869325,18.450899,18.303679,0.147220,0.261938,-0.114718,49.965590,18.765860,20.048253,17.483468,0.312292,0.623452,0.034097,-0.034956,0.010538,0.045783,0.021326,0.109745,0.143203,0.413615,-0.104472,-0.085169,0.629421,19974550.000000,381179550.000000,0.027489
2019-08-15,19.973000,20.094000,19.645000,19.893000,10367000,0.000000,0.000000,18.397732,18.509189,18.095602,18.324041,18.769084,17.721333,17.618243,15.898070,18.431382,18.305187,0.126195,0.234789,-0.108594,50.375750,18.769084,20.046431,17.491737,0.325794,0.608461,0.033206,0.002166,-0.012656,0.037607,0.028907,0.110187,0.155146,0.412689,-0.102532,-0.083187,0.632950,19438500.000000,206230731.000000,0.045548
2019-08-16,19.893000,20.632999,19.837000,20.511000,19249000,0.000000,0.000000,18.324043,19.005679,18.272459,18.893301,18.799666,17.761001,17.642281,15.931163,18.502446,18.348751,0.153695,0.218570,-0.064875,55.962816,18.799666,20.057009,17.542323,0.537235,0.617373,0.032677,0.031066,0.050123,0.034707,0.062511,0.146193,0.217633,0.409990,-0.074651,-0.054705,0.683680,19635050.000000,394816239.000000,0.052313
2019-08-19,21.000000,21.122000,20.715000,20.805000,13950000,0.000000,0.000000,19.343730,19.456108,19.081208,19.164110,18.803534,17.802350,17.671234,15.964032,18.604241,18.409148,0.195093,0.213875,-0.018782,58.364369,18.803534,20.065066,17.542003,0.642912,0.613475,0.032012,0.014334,0.059803,0.048269,0.139294,0.167651,0.224740,0.412208,-0.061387,-0.041156,0.707813,19153800.000000,290229750.000000,0.100289
2019-08-20,20.820999,20.872999,20.533001,20.676001,8549000,0.000000,0.000000,19.178851,19.226749,18.913567,19.045288,18.789717,17.833097,17.700794,15.995195,18.672094,18.456269,0.215825,0.214265,0.001560,56.898182,18.789717,20.033282,17.546153,0.602757,0.592026,0.031085,-0.006200,0.005202,-0.002172,0.112603,0.148311,0.248522,0.384322,-0.067207,-0.047101,0.697225,18606350.000000,176759132.549000,0.091688
2019-08-21,20.910999,20.958000,20.691999,20.799000,9280000,0.000000,0.000000,19.261755,19.305048,19.060027,19.158588,18.748313,17.866387,17.728437,16.022346,18.746939,18.508293,0.238646,0.219141,0.019505,57.982093,18.748313,19.873594,17.623032,0.682299,0.568292,0.029663,0.005949,0.047809,-0.008438,0.117607,0.177042,0.245904,0.382420,-0.061658,-0.041432,0.707321,17499950.000000,193014720.000000,0.082854
2019-08-22,20.818001,21.152000,20.606001,21.046000,9905000,0.000000,0.000000,19.176082,19.483739,18.980803,19.386099,18.746977,17.922723,17.753144,16.050792,18.845272,18.573316,0.271956,0.229704,0.042252,60.149257,18.746977,19.868995,17.624959,0.784809,0.563624,0.029074,0.011875,0.057960,-0.030049,0.141429,0.188361,0.238216,0.364304,-0.050515,-0.030049,0.727596,16953000.000000,208460630.000000,0.093829
2019-08-23,20.764999,20.950001,19.975000,20.039000,20312000,0.000000,0.000000,19.127261,19.297671,18.399569,18.458521,18.699262,17.959936,17.768979,16.076363,18.785772,18.564812,0.220959,0.227955,-0.006996,49.043013,18.699262,19.782554,17.615971,0.388884,0.593832,0.032171,-0.047848,-0.023012,-0.049158,0.108025,0.129107,0.187894,0.387787,-0.095945,-0.076459,0.644935,17406150.000000,407032168.000000,0.092998
2019-08-26,20.431999,20.552999,20.004000,20.134001,12502000,0.000000,0.000000,18.820525,18.931982,18.426282,18.546030,18.655601,18.005145,17.779021,16.100356,18.748888,18.563421,0.185467,0.219458,-0.033990,49.981344,18.655601,19.685794,17.625407,0.446820,0.587536,0.031680,0.004741,-0.032252,-0.044650,0.131820,0.141067,0.195667,0.388459,-0.091659,-0.072080,0.652733,17485200.000000,251715280.502000,0.099431
2019-08-27,20.343000,20.343000,19.813999,19.976999,12917000,0.000000,0.000000,18.738548,18.738548,18.251269,18.401413,18.602405,18.055365,17.788084,16.123798,18.695431,18.551421,0.144010,0.204368,-0.060358,48.395330,18.602405,19.564150,17.640660,0.395507,0.580375,0.031540,-0.007798,-0.033808,-0.052414,0.131341,0.140859,0.188476,0.388895,-0.098742,-0.079316,0.639845,17653050.000000,258042896.083000,0.094289
2019-08-28,19.966000,20.381001,19.716000,20.327999,11954000,0.000000,0.000000,18.391285,18.773555,18.161002,18.724733,18.577857,18.097442,17.796607,16.148861,18.699939,18.564258,0.135680,0.190630,-0.054950,52.058120,18.577857,19.497849,17.657866,0.579825,0.582674,0.031118,0.017570,-0.022645,-0.038047,0.144645,0.168222,0.183622,0.394702,-0.082907,-0.063139,0.668658,16924500.000000,243000900.046000,0.106435
2019-08-29,20.700001,21.000000,20.628000,20.766001,18173000,0.000000,0.000000,19.067391,19.343729,19.001069,19.128185,18.586608,18.145783,17.810603,16.177672,18.765823,18.606031,0.159792,0.184463,-0.024671,56.232734,18.586608,19.524780,17.648436,0.788634,0.585268,0.030597,0.021546,-0.013304,-0.004554,0.196162,0.188937,0.223497,0.400250,-0.063147,-0.042953,0.704612,16345700.000000,377380536.173000,0.126361
2019-08-30,21.138000,21.305000,20.934000,21.051001,11943000,0.000000,0.000000,19.470847,19.624676,19.282936,19.390709,18.616176,18.194695,17.830081,16.210028,18.861959,18.664155,0.197804,0.187131,0.010673,58.749771,18.616176,19.617716,17.614637,0.886671,0.578927,0.029856,0.013724,0.050502,0.023085,0.227909,0.198338,0.251210,0.399638,-0.050289,-0.029818,0.728007,15730550.000000,251412104.943000,0.142015
2019-09-03,21.100000,21.400999,20.902000,21.294001,18529000,0.000000,0.000000,19.435848,19.713107,19.253464,19.614548,18.705572,18.249797,17.851450,16.243034,18.977742,18.734555,0.243187,0.198342,0.044845,60.818812,18.705572,19.729308,17.681837,0.943950,0.570407,0.029081,0.011544,0.057614,0.043364,0.187077,0.241719,0.266754,0.399547,-0.039326,-0.018619,0.747954,15515750.000000,394556544.529000,0.140972
2019-09-04,21.528000,22.222000,21.523001,22.160000,24032000,0.000000,0.000000,19.830089,20.469353,19.825484,20.412243,18.830293,18.324095,17.880365,16.280576,19.198434,18.858828,0.339607,0.226595,0.113011,67.143631,18.830293,20.040707,17.619879,1.153475,0.590721,0.028940,0.040669,0.109276,0.145042,0.222479,0.325441,0.313549,0.369052,-0.000256,0.000000,0.819041,15715500.000000,532549120.000000,0.169493
2019-09-05,22.716999,23.226000,22.554001,22.674000,28373000,0.000000,0.000000,20.925314,21.394170,20.775171,20.885706,18.969891,18.417903,17.911477,16.318830,19.458015,19.008967,0.449048,0.271086,0.177962,70.216732,18.969891,20.438992,17.500789,1.152037,0.618664,0.029621,0.023195,0.115407,0.165639,0.235118,0.372655,0.352850,0.373345,0.000000,0.000000,0.861234,16062000.000000,643329402.000000,0.169295
2019-09-06,22.711000,22.993999,22.510000,22.792000,16807000,0.000000,0.000000,20.919785,21.180464,20.734638,20.994396,19.091664,18.503826,17.944840,16.356904,19.694381,19.156036,0.538345,0.324538,0.213808,70.889848,19.091664,20.801381,17.381947,1.056446,0.606318,0.028880,0.005204,0.097563,0.160311,0.227979,0.366150,0.359257,0.373340,0.000000,0.000000,0.870920,16036000.000000,383065144.000000,0.181355
2019-09-09,22.972000,23.264000,22.816999,23.034000,21948000,0.000000,0.000000,21.160200,21.429169,21.017424,21.217310,19.252954,18.585273,17.978775,16.398019,19.928678,19.308723,0.619955,0.383621,0.236334,72.273858,19.252954,21.126460,17.379448,1.024246,0.594065,0.027999,0.010618,0.094200,0.143240,0.211869,0.355130,0.476598,0.367616,0.000000,0.000000,0.890785,16193350.000000,505550232.000000,0.178089
2019-09-10,22.965000,23.200001,22.649000,23.194000,17274000,0.000000,0.000000,21.153748,21.370214,20.862671,21.364687,19.417053,18.666516,18.012653,16.440001,20.149602,19.461016,0.688586,0.444614,0.243972,73.181686,19.417053,21.428807,17.405299,0.984064,0.587885,0.027517,0.006946,0.089227,0.187487,0.221251,0.364147,0.491234,0.341816,0.000000,0.000000,0.903918,16404050.000000,400653156.000000,0.187810
2019-09-11,23.218000,23.475000,23.056000,23.400999,18288000,0.000000,0.000000,21.386801,21.623531,21.237577,21.555367,19.547485,18.745126,18.049831,16.482453,20.365874,19.616153,0.749720,0.505635,0.244085,74.351807,19.547485,21.759172,17.335798,0.953925,0.573461,0.026604,0.008925,0.056002,0.192043,0.300923,0.389648,0.505676,0.341598,0.000000,0.000000,0.920911,16177750.000000,427957469.712000,0.252549
2019-09-12,23.500000,23.634001,23.169001,23.487000,12308000,0.000000,0.000000,21.646558,21.769990,21.341664,21.634583,19.714993,18.832965,18.087388,16.525564,20.561060,19.765667,0.795393,0.563587,0.231806,74.842888,19.714993,22.028996,17.400990,0.914777,0.563095,0.026028,0.003675,0.035856,0.141864,0.303457,0.346401,0.539994,0.310658,0.000000,0.000000,0.927970,15833000.000000,289077996.000000,0.257862
2019-09-13,23.663000,23.790001,23.393999,23.556000,15982000,0.000000,0.000000,21.796700,21.913685,21.548916,21.698139,19.883698,18.926367,18.125984,16.567700,20.735995,19.908813,0.827182,0.616306,0.210876,75.252298,19.883698,22.261813,17.505583,0.881487,0.548929,0.025298,0.002938,0.033521,0.186700,0.332353,0.306971,0.596183,0.272272,0.000000,0.000000,0.933634,16113750.000000,376471992.000000,0.283607
2019-09-16,23.278999,23.708000,23.062000,23.493999,11596000,0.000000,0.000000,21.442986,21.838152,21.243102,21.641029,20.021084,19.020875,18.163405,16.609536,20.875231,20.037125,0.838106,0.660666,0.177440,74.085563,20.021084,22.474573,17.567596,0.830131,0.552223,0.025517,-0.002632,0.019970,0.181018,0.361892,0.319373,0.563391,0.274141,-0.002632,-0.002632,0.928544,15731100.000000,272436412.404000,0.322565
2019-09-17,23.419001,23.680000,23.240000,23.677999,14291000,0.000000,0.000000,21.571943,21.812357,21.407060,21.810514,20.153404,19.122899,18.193692,16.649051,21.019121,20.168487,0.850633,0.698659,0.151974,75.309036,20.153404,22.696118,17.610691,0.825855,0.541728,0.024838,0.007832,0.020867,0.154405,0.312236,0.327852,0.572144,0.261118,0.000000,0.000000,0.943648,15748150.000000,338382283.709000,0.283051
2019-09-18,23.500999,23.868999,23.431999,23.764000,14916000,0.000000,0.000000,21.647477,21.986453,21.583918,21.889734,20.295627,19.223413,18.223571,16.689455,21.153061,20.295987,0.857074,0.730342,0.126732,75.882199,20.295627,22.894938,17.696316,0.806640,0.531786,0.024294,0.003632,0.015512,0.142225,0.309888,0.360051,0.591962,0.259955,0.000000,0.000000,0.950708,16066500.000000,354463824.000000,0.286092
2019-09-19,23.879999,23.889999,23.535999,23.686001,12526000,0.000000,0.000000,21.996586,22.005797,21.679717,21.817888,20.428592,19.320390,18.252979,16.727597,21.255342,20.408720,0.846622,0.753598,0.093024,74.199927,20.428592,23.054928,17.802255,0.764493,0.517093,0.023700,-0.003282,0.008473,0.145579,0.287562,0.296142,0.570730,0.258353,-0.003282,-0.003282,0.944305,16228800.000000,296690848.526000,0.271225
2019-09-20,23.721001,23.940001,23.330999,23.531000,33206000,0.000000,0.000000,21.850125,22.051852,21.490883,21.675110,20.543042,19.413277,18.279759,16.763190,21.319922,20.502527,0.817395,0.766358,0.051037,70.838903,20.543042,23.177584,17.908501,0.714851,0.520227,0.024001,-0.006544,-0.001061,0.131352,0.285636,0.318873,0.565137,0.262356,-0.009805,-0.009805,0.931582,17393850.000000,781370386.000000,0.274934
2019-09-23,23.500000,24.009001,23.438000,23.823999,12025000,0.000000,0.000000,21.646556,22.115412,21.589446,21.945002,20.717366,19.499863,18.312417,16.804788,21.416088,20.609377,0.806711,0.774428,0.032283,73.300851,20.717366,23.229708,18.205025,0.744321,0.520637,0.023725,0.012452,0.014046,0.131997,0.314282,0.337980,0.563297,0.262525,0.000000,0.000000,0.955633,16979500.000000,286483587.975000,0.300947
2019-09-24,23.920000,24.000000,23.431999,23.586000,18180000,0.000000,0.000000,22.033432,22.107122,21.583920,21.725775,20.876354,19.579283,18.340244,16.847093,21.463732,20.692073,0.771659,0.773874,-0.002215,68.259717,20.876354,23.205934,18.546773,0.682312,0.520820,0.023972,-0.009990,-0.003885,0.177005,0.341486,0.317551,0.543704,0.186270,-0.009990,-0.009990,0.936097,17263400.000000,428793480.000000,0.327673
2019-09-25,23.299000,24.195999,23.277000,24.160000,17063000,0.000000,0.000000,21.461410,22.287663,21.441146,22.254503,21.069008,19.674693,18.372498,16.895545,21.585389,20.807809,0.777581,0.774616,0.002965,73.070075,21.069008,23.162086,18.975930,0.783194,0.544084,0.024448,0.024336,0.016664,0.199960,0.332745,0.367925,0.590877,0.194335,0.000000,0.000000,0.983214,17470700.000000,412242080.000000,0.311581
2019-09-26,24.184999,24.497999,24.110001,24.283001,16684000,0.000000,0.000000,22.277526,22.565839,22.208442,22.367798,21.251161,19.768851,18.408852,16.944659,21.705760,20.923364,0.782396,0.776172,0.006225,73.980063,21.251161,23.105730,19.396593,0.801050,0.530749,0.023728,0.005091,0.025205,0.215548,0.304625,0.390229,0.635440,0.185398,0.000000,0.000000,0.993311,17707200.000000,405137588.684000,0.296731
2019-09-27,23.881001,23.881001,22.746000,23.007999,29409000,0.000000,0.000000,21.997503,21.997503,20.952020,21.193356,21.354420,19.827527,18.437675,16.987688,21.626928,20.943363,0.683566,0.757651,-0.074085,53.716562,21.354420,22.918512,19.790327,0.448512,0.593965,0.028026,-0.052506,-0.022226,0.131838,0.224872,0.292729,0.575393,0.280850,-0.052506,-0.052506,0.888650,18269000.000000,676642242.591000,0.233192
2019-09-30,22.973000,23.330999,22.729000,23.111000,15435000,0.115000,0.000000,21.267415,21.598836,21.041531,21.395170,21.454643,19.889797,18.468726,17.031652,21.591273,20.976830,0.614443,0.729009,-0.114566,55.949394,21.454643,22.716633,20.192653,0.476437,0.591347,0.027639,0.009523,-0.025055,0.118515,0.213917,0.264836,0.571806,0.275537,-0.043483,-0.043483,0.906635,18443600.000000,356718285.000000,0.225265
2019-10-01,23.299999,23.552999,22.820999,23.039000,14934000,0.000000,0.000000,21.570140,21.804357,21.126702,21.328518,21.540341,19.934633,18.500100,17.075142,21.550849,21.002881,0.547968,0.692801,-0.144833,55.005585,21.540341,22.463495,20.617188,0.385272,0.597512,0.028015,-0.003115,-0.018285,0.099935,0.236964,0.263906,0.555237,0.275373,-0.046463,-0.046463,0.900695,18263850.000000,344064426.000000,0.261678
2019-10-02,22.718000,22.958000,22.594999,22.799999,14757000,0.000000,0.000000,21.031351,21.253532,20.917482,21.107262,21.575092,19.970345,18.529930,17.119069,21.482605,21.010613,0.471992,0.648639,-0.176647,51.877123,21.575092,22.361665,20.788519,0.202615,0.584192,0.027677,-0.010374,-0.051551,0.076102,0.239561,0.203255,0.554060,0.278944,-0.056355,-0.056355,0.880978,17800100.000000,336459585.243000,0.286681
2019-10-03,22.931999,23.011999,22.517000,22.905001,13616000,0.000000,0.000000,21.229464,21.303524,20.845275,21.204470,21.591031,19.994701,18.569524,17.163341,21.439815,21.024973,0.414842,0.601880,-0.187037,53.138181,21.591031,22.330282,20.851779,0.238546,0.575196,0.027126,0.004605,-0.052009,0.038811,0.253543,0.212023,0.552537,0.244483,-0.052009,-0.052009,0.889640,17062250.000000,311874493.616000,0.289017
2019-10-04,23.017000,23.341000,22.943001,23.327000,10613000,0.000000,0.000000,21.308152,21.608097,21.239647,21.595137,21.621068,20.038348,18.609233,17.208542,21.463711,21.067207,0.396504,0.560805,-0.164301,57.911655,21.621068,22.304994,20.937141,0.481043,0.562941,0.026068,0.018424,0.018958,0.033967,0.292402,0.208294,0.569815,0.239767,-0.034543,-0.034543,0.924455,16752550.000000,247569451.000000,0.306715
2019-10-07,23.316999,23.450001,23.191999,23.214001,11285000,0.000000,0.000000,21.585880,21.709007,21.470160,21.490528,21.634729,20.079902,18.645112,17.256319,21.467837,21.098564,0.369272,0.522498,-0.153226,56.259102,21.634729,22.295211,20.974246,0.390837,0.539792,0.025118,-0.004844,0.004457,0.023632,0.274340,0.212193,0.595339,0.240444,-0.039220,-0.039220,0.915133,16219400.000000,261970001.285000,0.297117
2019-10-08,22.987000,23.125000,22.500000,22.770000,15028000,0.000000,0.000000,21.280385,21.408140,20.829541,21.079496,21.620469,20.113106,18.677815,17.303320,21.408092,21.097152,0.310940,0.480187,-0.169246,50.197810,21.620469,22.316838,20.924099,0.111576,0.548448,0.026018,-0.019126,-0.011676,-0.006495,0.242231,0.208486,0.576571,0.247768,-0.057596,-0.057596,0.878503,16107100.000000,342187560.000000,0.288406
2019-10-09,23.200001,23.474001,23.107000,23.313000,15739000,0.000000,0.000000,21.477569,21.731226,21.391473,21.582178,21.621810,20.155443,18.715819,17.353358,21.434874,21.133080,0.301795,0.444508,-0.142713,56.386463,21.621810,22.317754,20.925865,0.471527,0.555826,0.025754,0.023847,0.022500,0.010180,0.267246,0.234841,0.634278,0.260493,-0.035123,-0.035123,0.923300,15979650.000000,366923307.000000,0.302910
2019-10-10,23.259001,23.740999,23.216999,23.462000,12887000,0.000000,0.000000,21.532186,21.978399,21.493302,21.720114,21.626086,20.205532,18.764810,17.405851,21.478757,21.176564,0.302194,0.416045,-0.113852,57.931276,21.626086,22.323411,20.928761,0.567420,0.550774,0.025358,0.006391,0.024318,0.007643,0.232998,0.239680,0.663052,0.259621,-0.028956,-0.028956,0.935592,16008600.000000,302354794.000000,0.268582
2019-10-11,23.981001,24.028000,23.660999,23.709000,11995000,0.000000,0.000000,22.200585,22.244095,21.904341,21.948778,21.638618,20.265444,18.813120,17.456048,21.551068,21.233765,0.317303,0.396297,-0.078993,60.433289,21.638618,22.350257,20.926979,0.717919,0.548860,0.025006,0.010528,0.016376,0.014523,0.236218,0.234852,0.736948,0.261756,-0.018733,-0.018733,0.955970,15809250.000000,284389455.000000,0.260575
2019-10-14,23.642000,23.830000,23.563999,23.628000,7703000,0.000000,0.000000,21.886755,22.060797,21.814545,21.873795,21.650256,20.326933,18.860433,17.504758,21.600719,21.281174,0.319544,0.380946,-0.061402,59.190123,21.650256,22.369633,20.930880,0.655370,0.527245,0.024104,-0.003416,0.017834,0.008095,0.251077,0.238739,0.758183,0.262033,-0.022085,-0.022085,0.949287,15614600.000000,182006484.000000,0.272256
2019-10-15,23.775999,24.358000,23.680000,24.205000,17932000,0.000000,0.000000,22.010799,22.549590,21.921927,22.407949,21.680128,20.418560,18.914671,17.555166,21.724908,21.364639,0.360269,0.376811,-0.016542,64.752601,21.680128,22.473350,20.886906,0.958775,0.537856,0.024003,0.024420,0.063021,0.035438,0.268860,0.257187,0.725993,0.274403,0.000000,0.000000,0.996889,15796650.000000,434044060.000000,0.273319
2019-10-16,23.799999,23.989000,23.375999,23.476000,19413000,0.000000,0.000000,22.033023,22.207992,21.640502,21.733078,21.672295,20.494865,18.965413,17.601857,21.726165,21.391931,0.334234,0.368295,-0.034062,54.622504,21.672295,22.459876,20.884714,0.538588,0.554255,0.025503,-0.030117,0.006992,-0.003550,0.190230,0.208950,0.686931,0.294643,-0.030117,-0.030117,0.936747,16021500.000000,455739588.000000,0.200350
2019-10-17,23.889000,24.028999,23.528000,23.610001,12808000,0.000000,0.000000,22.115416,22.245021,21.781217,21.857130,21.674257,20.570132,19.020124,17.648200,21.746313,21.426390,0.319923,0.358621,-0.038698,55.985577,21.674257,22.463559,20.884955,0.615845,0.551233,0.025220,0.005708,0.006308,-0.001489,0.195576,0.225340,0.664327,0.295053,-0.024581,-0.024581,0.947802,16035600.000000,302396892.808000,0.194304
2019-10-18,23.570000,23.570000,23.023001,23.370001,15238000,0.000000,0.000000,21.820099,21.820099,21.313711,21.634949,21.672249,20.631653,19.073822,17.696467,21.729180,21.441839,0.287341,0.344365,-0.057024,52.919506,21.672249,22.461746,20.882752,0.476377,0.550675,0.025453,-0.010165,-0.014298,-0.008385,0.133507,0.210088,0.626030,0.297003,-0.034497,-0.034497,0.928003,15137200.000000,356112075.238000,0.147475
2019-10-21,23.698000,23.987000,23.525000,23.846001,12152000,0.000000,0.000000,21.938595,22.206138,21.778438,22.075607,21.678780,20.713335,19.130992,17.744012,21.782477,21.488785,0.293692,0.334230,-0.040538,57.849925,21.678780,22.479852,20.877708,0.747685,0.552140,0.025011,0.020368,0.009226,0.018477,0.142534,0.237524,0.683049,0.304337,-0.014831,-0.014831,0.967272,15143550.000000,289776604.152000,0.153248
2019-10-22,23.959000,24.004999,23.483999,23.490999,9901000,0.000000,0.000000,22.180212,22.222797,21.740478,21.746958,21.679839,20.786620,19.188549,17.789353,21.777012,21.507909,0.269104,0.321205,-0.052101,53.361574,21.679839,22.481228,20.878449,0.541877,0.547153,0.025160,-0.014887,-0.029498,-0.009025,0.088073,0.214983,0.656736,0.306161,-0.029498,-0.029498,0.937984,14729600.000000,232584381.099000,0.114174
2019-10-23,23.257000,23.548000,23.115000,23.318001,19786000,0.000000,0.000000,21.530341,21.799737,21.398883,21.586813,21.646454,20.839421,19.246501,17.834967,21.747751,21.513753,0.233997,0.303764,-0.069766,51.273977,21.646454,22.401325,20.891583,0.460496,0.536703,0.024863,-0.007364,-0.006730,-0.006396,0.111988,0.149345,0.655137,0.305242,-0.036645,-0.036645,0.923713,14865750.000000,461369967.786000,0.126402
2019-10-24,25.245001,26.584999,25.195000,26.559999,56831000,0.000000,0.000000,23.370748,24.611261,23.324459,24.588118,21.757470,20.965495,19.327148,17.892371,22.184730,21.741484,0.443246,0.331660,0.111586,72.772463,21.757470,23.250842,20.264099,1.447737,0.714399,0.029055,0.139034,0.124947,0.104860,0.266592,0.300834,0.857956,0.567230,0.000000,0.000000,1.191175,16873100.000000,1509431303.169000,0.283928
2019-10-25,26.500000,27.063000,26.301001,27.004999,25072000,0.000000,0.000000,24.532566,25.053767,24.348341,25.000072,21.947806,21.099016,19.410174,17.951574,22.617860,21.982861,0.634999,0.392328,0.242671,74.439480,21.947806,24.003091,19.892521,1.242541,0.713758,0.028550,0.016754,0.155541,0.117681,0.287385,0.324361,0.985091,0.568604,0.000000,0.000000,1.227886,16656250.000000,677069334.928000,0.293439
2019-10-28,27.254000,28.200001,27.209999,28.125000,25281000,0.000000,0.000000,25.230586,26.106353,25.189852,26.036921,22.179894,21.241888,19.501445,18.016172,23.143869,22.283162,0.860708,0.486004,0.374704,78.077557,22.179894,24.909964,19.449823,1.206397,0.741795,0.028490,0.041474,0.179443,0.228542,0.337605,0.370576,1.020288,0.539443,0.000000,0.000000,1.320285,17148550.000000,711028125.000000,0.331274
2019-10-29,28.047001,28.288000,27.556999,27.649000,20796000,0.000000,0.000000,25.964714,26.187821,25.511091,25.596262,22.393281,21.370531,19.586440,18.080240,23.521160,22.528577,0.992584,0.587320,0.405264,73.302352,22.393281,25.486198,19.300363,1.017793,0.737148,0.028799,-0.016924,0.177004,0.196357,0.332050,0.370304,1.035499,0.547680,-0.016924,-0.016924,1.281016,17441650.000000,574988604.000000,0.319644
2019-10-30,27.641001,27.836000,27.400000,27.756001,11725000,0.000000,0.000000,25.588856,25.769379,25.365748,25.695318,22.622684,21.503532,19.668314,18.145000,23.855646,22.763150,1.092496,0.688355,0.404141,73.691863,22.622684,25.983017,19.262350,0.957192,0.713325,0.027761,0.003870,0.190325,0.204740,0.355727,0.356452,1.093340,0.546249,-0.013120,-0.013120,1.289843,17290050.000000,325439111.725000,0.331949
2019-10-31,27.679001,27.754000,26.723000,27.104000,26993000,0.000000,0.000000,25.624032,25.693462,24.739007,25.091721,22.817046,21.622194,19.744290,18.207311,24.045812,22.935637,1.110175,0.772719,0.337456,67.253011,22.817046,26.280100,19.353992,0.828420,0.730681,0.029120,-0.023491,0.020482,0.188772,0.334713,0.318597,0.992941,0.554077,-0.036302,-0.036302,1.236054,17958900.000000,731618272.000000,0.298695
2019-11-01,27.382000,27.851000,27.230000,27.826000,15453000,0.000000,0.000000,25.349086,25.783266,25.208370,25.760122,23.025295,21.749675,19.836199,18.271594,24.309552,23.144858,1.164694,0.851114,0.313580,70.343218,23.025295,26.674861,19.375730,0.874678,0.727886,0.028256,0.026638,0.030402,0.214844,0.445036,0.375166,1.010516,0.557216,-0.010631,-0.010631,1.295618,18200900.000000,429995178.000000,0.359564
2019-11-04,28.000000,28.172001,27.441000,27.809999,12904000,0.000000,0.000000,25.921200,26.080431,25.403702,25.745306,23.238034,21.895411,19.927673,18.333168,24.530437,23.337484,1.192953,0.919482,0.273471,70.185115,23.238034,27.005054,19.471014,0.832792,0.724232,0.028131,-0.000575,-0.011200,0.192181,0.436854,0.405994,0.875323,0.557425,-0.011200,-0.011200,1.294298,18281850.000000,358860227.096000,0.360267
2019-11-05,27.955000,28.082001,27.438999,27.795000,14839000,0.000000,0.000000,25.879536,25.997108,25.401844,25.731415,23.470630,22.039118,20.022132,18.398158,24.715203,23.514812,1.200391,0.975664,0.224727,70.026200,23.470630,27.250918,19.690342,0.799023,0.715020,0.027788,-0.000540,0.005280,0.197337,0.422115,0.406854,0.878641,0.556280,-0.011734,-0.011734,1.293060,18272400.000000,412450005.000000,0.349387
2019-11-06,27.646000,27.672001,27.025000,27.551001,16907000,0.000000,0.000000,25.593481,25.617552,25.018586,25.505535,23.666798,22.181201,20.118283,18.462274,24.836792,23.662273,1.174519,1.015435,0.159085,67.355517,23.666798,27.441651,19.891945,0.743551,0.714863,0.028028,-0.008778,-0.007386,0.209969,0.374300,0.402087,0.911350,0.550778,-0.020409,-0.020409,1.272931,18330800.000000,465804773.907000,0.328093
2019-11-07,27.825001,27.830000,27.230000,27.410999,11067000,0.000000,0.000000,25.759192,25.763820,25.208365,25.375927,23.849589,22.314225,20.205833,18.515788,24.919736,23.789210,1.130526,1.038453,0.092073,65.804710,23.849589,27.581344,20.117834,0.704507,0.703477,0.027722,-0.005082,0.011327,0.175782,0.410439,0.400107,0.845865,0.550503,-0.025387,-0.025387,1.261381,18239800.000000,303357525.933000,0.350712
2019-11-08,27.129999,27.325001,26.910000,27.268000,13730000,0.000000,0.000000,25.115794,25.296319,24.912128,25.243549,24.014327,22.436532,20.291157,18.566688,24.969554,23.896939,1.072614,1.045285,0.027329,64.179354,24.014327,27.683136,20.345518,0.667523,0.686357,0.027189,-0.005217,-0.020053,0.162220,0.396005,0.463812,0.840835,0.552469,-0.030471,-0.030471,1.249584,18326550.000000,374389640.000000,0.318189
2019-11-11,26.966000,27.311001,26.863001,27.125999,11794000,0.000000,0.000000,24.963968,25.283356,24.868616,25.112089,24.176242,22.550959,20.372827,18.616671,24.991482,23.986950,1.004532,1.037135,-0.032603,62.527673,24.176242,27.731361,20.621123,0.631620,0.666956,0.026559,-0.005208,-0.024595,0.144122,0.325405,0.424862,0.831369,0.554150,-0.035520,-0.035520,1.237869,18531100.000000,319924032.206000,0.269529
2019-11-12,27.559999,27.657000,26.900000,27.000999,11061000,0.000000,0.000000,25.513871,25.603669,24.902871,24.996372,24.305663,22.658596,20.454197,18.666563,24.992234,24.061722,0.930512,1.015810,-0.085298,61.038574,24.305663,27.777213,20.834113,0.599481,0.669373,0.026779,-0.004608,-0.028566,0.142754,0.367085,0.396239,0.870153,0.554447,-0.039964,-0.039964,1.227557,18187550.000000,298658049.939000,0.275478
2019-11-13,26.886999,27.287001,26.767000,27.246000,8611000,0.000000,0.000000,24.890837,25.261141,24.779747,25.223185,24.480168,22.754815,20.539455,18.714885,25.027765,24.147756,0.880009,0.988650,-0.108641,62.903410,24.480168,27.752380,21.207957,0.613534,0.655946,0.026006,0.009074,-0.011070,0.125636,0.376508,0.416299,0.952355,0.550881,-0.031253,-0.031253,1.247769,17647450.000000,234615306.000000,0.284385
2019-11-14,27.180000,27.580999,27.080999,27.509001,12029000,0.000000,0.000000,25.162085,25.533313,25.070434,25.466660,24.660645,22.846434,20.632169,18.765040,25.095287,24.245453,0.849835,0.960887,-0.111052,64.848420,24.660645,27.714595,21.606695,0.631963,0.642156,0.025216,0.009653,0.003576,0.171793,0.347920,0.432180,0.956960,0.534849,-0.021902,-0.021902,1.269466,17608500.000000,330905773.029000,0.274081
2019-11-15,28.014000,28.587000,28.000000,28.368000,21264000,0.000000,0.000000,25.934161,26.464620,25.921200,26.261879,24.891991,22.951784,20.727805,18.817718,25.274763,24.394818,0.879945,0.944698,-0.064753,70.321660,24.891991,27.669347,22.114636,0.746617,0.667570,0.025420,0.031226,0.040340,0.201525,0.370368,0.561251,1.035174,0.540694,0.000000,0.000000,1.340332,17909800.000000,603217152.000000,0.303139
2019-11-18,28.275999,28.577000,28.080000,28.270000,13662000,0.000000,0.000000,26.176715,26.455368,25.995267,26.171162,25.096769,23.050861,20.818067,18.869765,25.412671,24.526399,0.886272,0.933013,-0.046741,69.001744,25.096769,27.589101,22.604437,0.715540,0.652751,0.024942,-0.003454,0.042174,0.209671,0.374154,0.528888,0.977440,0.538144,-0.003454,-0.003454,1.332248,17985300.000000,386224740.000000,0.298495
2019-11-19,28.457001,28.457001,27.658001,27.676001,13654000,0.000000,0.000000,26.344280,26.344280,25.604600,25.621264,25.290484,23.135992,20.901254,18.918822,25.444762,24.607500,0.837262,0.913863,-0.076601,61.469954,25.290484,27.226786,23.354183,0.585415,0.658960,0.025719,-0.021012,0.024999,0.160614,0.337325,0.494604,0.914963,0.546750,-0.024393,-0.024393,1.283244,18172950.000000,377888117.654000,0.268692
2019-11-20,27.598000,27.726000,27.040001,27.413000,12661000,0.000000,0.000000,25.549049,25.667547,25.032478,25.377785,25.480033,23.212440,20.978783,18.965109,25.434458,24.664558,0.769900,0.885070,-0.115171,58.428861,25.480033,26.323693,24.636373,0.439402,0.657254,0.025899,-0.009503,0.006129,0.166958,0.309071,0.494212,0.952979,0.544267,-0.033665,-0.033665,1.261546,17816700.000000,347075993.000000,0.242082
2019-11-21,26.572001,26.968000,26.290001,26.389999,24070000,0.000000,0.000000,24.599222,24.965821,24.338158,24.430733,25.472164,23.268363,21.050664,19.007289,25.280039,24.647238,0.632801,0.834616,-0.201816,48.398900,25.472164,26.352971,24.591357,-0.091180,0.684566,0.028021,-0.037318,-0.040678,0.131743,0.323548,0.466524,0.883898,0.564374,-0.069726,-0.069726,1.177150,16178650.000000,635207275.930000,0.226223
2019-11-22,26.548000,26.667000,26.011999,26.198000,12736000,0.000000,0.000000,24.577000,24.687165,24.080793,24.252985,25.434810,23.319460,21.122914,19.048771,25.122030,24.618034,0.503996,0.768492,-0.264496,46.775933,25.434810,26.452627,24.416992,-0.080568,0.678981,0.027996,-0.007276,-0.076495,-0.013630,0.307718,0.480102,0.856345,0.294375,-0.076495,-0.076495,1.161309,15561850.000000,333657728.000000,0.222900
2019-11-25,26.407000,27.006001,26.367001,26.900999,19885000,0.000000,0.000000,24.446472,25.001001,24.409442,24.903795,25.378153,23.384716,21.202795,19.093226,25.088456,24.639201,0.449254,0.704645,-0.255390,52.991553,25.378153,26.380887,24.375419,0.263468,0.683912,0.027462,0.026834,-0.048426,-0.003851,0.353363,0.531115,0.913840,0.303737,-0.051713,-0.051713,1.219307,15292050.000000,534926365.115000,0.250444
2019-11-26,27.000000,27.141001,26.722000,26.955999,17898000,0.000000,0.000000,24.995438,25.125971,24.738078,24.954704,25.346075,23.447599,21.285249,19.136419,25.067878,24.662572,0.405307,0.644777,-0.239471,53.449511,25.346075,26.360411,24.331739,0.307080,0.662768,0.026559,0.002044,-0.026016,-0.041565,0.332713,0.525484,0.880390,0.263994,-0.049775,-0.049775,1.223843,15147150.000000,482458470.102000,0.232031
2019-11-27,27.080000,27.205999,26.938000,27.094000,8744000,0.000000,0.000000,25.069511,25.186156,24.938054,25.082472,25.315433,23.511454,21.367434,19.179450,25.070124,24.693676,0.376448,0.591111,-0.214663,54.643771,25.315433,26.322346,24.308520,0.384319,0.633149,0.025243,0.005120,-0.011637,-0.020073,0.311283,0.568507,0.889631,0.259174,-0.044909,-0.044909,1.235229,14998100.000000,236909936.000000,0.219504
2019-11-29,27.080000,27.080000,26.579000,26.683001,7590000,0.000000,0.000000,25.069506,25.069506,24.605702,24.701981,25.295946,23.569136,21.444763,19.220433,25.013486,24.694291,0.319195,0.536728,-0.217533,50.489607,25.295946,26.335641,24.256251,0.214356,0.621979,0.025179,-0.015170,0.011103,-0.038658,0.273908,0.564243,0.776168,0.263177,-0.059398,-0.059398,1.201322,14027950.000000,202523977.590000,0.185675
2019-12-02,26.648001,26.648001,26.132999,26.294001,13166000,0.000000,0.000000,24.669580,24.669580,24.192814,24.341862,25.225033,23.622471,21.517874,19.259725,24.910159,24.668185,0.241974,0.477777,-0.235803,46.858666,25.225033,26.323245,24.126821,0.097905,0.613921,0.025221,-0.014579,0.003665,-0.029885,0.241011,0.473175,0.762763,0.255601,-0.073110,-0.073110,1.169230,13913600.000000,346186817.166000,0.152896
2019-12-03,25.679001,26.160000,25.549999,25.784000,15947000,0.000000,0.000000,23.772520,24.217808,23.653096,23.869724,25.131254,23.660966,21.580414,19.297011,24.750092,24.609040,0.141053,0.410432,-0.269380,42.539343,25.131254,26.355493,23.907015,-0.015230,0.619267,0.025944,-0.019396,-0.041523,-0.073385,0.169383,0.429546,0.682209,0.241511,-0.091088,-0.091088,1.127155,14065750.000000,411177448.000000,0.101216
2019-12-04,26.275000,26.444000,26.136999,26.287001,12073000,0.000000,0.000000,24.324271,24.480724,24.196516,24.335381,25.061452,23.713158,21.646220,19.335760,24.686291,24.588769,0.097522,0.347850,-0.250328,47.663391,25.061452,26.300713,23.822192,0.207055,0.618676,0.025423,0.019508,-0.024818,-0.054764,0.165169,0.439121,0.671783,0.254272,-0.073357,-0.073357,1.168652,13927450.000000,317362963.073000,0.109749
2019-12-05,26.465000,26.525000,26.243000,26.482000,11038000,0.000000,0.000000,24.500165,24.555710,24.294647,24.515903,25.011971,23.758386,21.716540,19.376955,24.660077,24.583371,0.076706,0.293621,-0.216916,49.541937,25.011971,26.255593,23.768348,0.300555,0.593133,0.024194,0.007418,-0.022588,-0.047238,0.167736,0.433955,0.799284,0.256552,-0.066483,-0.066483,1.184739,13634000.000000,292308316.000000,0.110025
2019-12-06,26.799999,27.257999,26.684999,26.986000,13589000,0.000000,0.000000,24.810295,25.234292,24.703833,24.982487,24.992299,23.810679,21.789765,19.420301,24.709679,24.612935,0.096743,0.254246,-0.157503,54.125200,24.992299,26.224071,23.760526,0.496017,0.602079,0.024100,0.019032,0.011356,-0.020507,0.177458,0.426925,0.883351,0.265468,-0.048717,-0.048717,1.226319,13760100.000000,366712754.000000,0.107091
2019-12-09,27.131001,27.221001,26.705999,26.802000,10272000,0.000000,0.000000,25.116720,25.200038,24.723272,24.812145,24.970728,23.883055,21.855291,19.462623,24.725443,24.627692,0.097751,0.222947,-0.125196,52.258902,24.970728,26.199080,23.742377,0.435449,0.593129,0.023905,-0.006818,0.019320,-0.022217,0.161362,0.418315,0.974855,0.265885,-0.055203,-0.055203,1.211139,13587200.000000,275310144.000000,0.094853
2019-12-10,26.850000,27.163000,26.718000,26.899000,11830000,0.115000,0.000000,24.963697,25.254708,24.840971,25.009254,24.965587,23.955337,21.922567,19.506403,24.769106,24.655956,0.113150,0.200988,-0.087837,54.225756,24.965587,26.192307,23.738867,0.517798,0.582374,0.023286,0.007944,0.047740,-0.009281,0.160233,0.509374,0.993577,0.267120,-0.047697,-0.047697,1.228705,13589000.000000,318215170.000000,0.105580
2019-12-11,26.875000,27.605000,26.851999,27.540001,15579000,0.000000,0.000000,24.986938,25.665653,24.965554,25.605221,24.996029,24.040871,21.987752,19.553782,24.897739,24.726272,0.171468,0.195084,-0.023616,59.639929,24.996029,26.255741,23.736317,0.741798,0.590783,0.023073,0.023830,0.052181,0.019637,0.183532,0.542683,1.034146,0.279082,-0.025004,-0.025004,1.281814,13814900.000000,429045675.579000,0.127448
2019-12-12,27.445000,28.552999,27.409000,28.469999,18276000,0.000000,0.000000,25.516891,26.547050,25.483421,26.469881,25.058364,24.148123,22.059234,19.605989,25.139607,24.855428,0.284179,0.212903,0.071277,65.935324,25.058364,26.478562,23.638165,0.996944,0.624557,0.023595,0.033769,0.079702,0.058949,0.219915,0.625357,1.100407,0.300109,0.000000,0.000000,1.358869,14298150.000000,520317701.724000,0.153799
2019-12-13,28.389000,28.886999,28.051001,28.195000,22786000,0.000000,0.000000,26.394574,26.857587,26.080320,26.214203,25.095741,24.248318,22.121510,19.656618,25.304930,24.956078,0.348852,0.240093,0.108759,62.815223,25.095741,26.598153,23.593329,0.872222,0.635465,0.024241,-0.009659,0.049303,0.039290,0.211320,0.649686,1.075471,0.302263,-0.009659,-0.009659,1.336084,14836000.000000,642451270.000000,0.140021
2019-12-16,28.615000,28.844000,28.424999,28.424999,15263000,0.000000,0.000000,26.604694,26.817606,26.428041,26.428041,25.104049,24.344976,22.191662,19.707851,25.477716,25.065112,0.412604,0.274595,0.138009,64.335299,25.104049,26.635176,23.572922,0.932359,0.633175,0.023958,0.008157,0.065125,0.037751,0.211711,0.590051,1.144800,0.301830,-0.001581,-0.001581,1.355140,14535950.000000,433850759.737000,0.134969
2019-12-17,28.650000,29.125000,28.533001,29.056999,21018000,0.000000,0.000000,26.637234,27.078864,26.528455,27.015640,25.146273,24.455478,22.267690,19.763948,25.714320,25.209596,0.504724,0.320621,0.184103,68.184098,25.146273,26.839321,23.453225,1.052072,0.634436,0.023484,0.022234,0.080226,0.028702,0.234169,0.616624,1.187479,0.292293,0.000000,0.000000,1.407504,14903750.000000,610720004.982000,0.155175
2019-12-18,29.041000,29.225000,28.688999,28.802000,14116000,0.000000,0.000000,27.000770,27.171844,26.673498,26.778561,25.204138,24.569460,22.341283,19.820839,25.878049,25.325815,0.552234,0.366943,0.185290,65.130125,25.204138,27.038731,23.369544,0.929093,0.624715,0.023329,-0.008776,0.045824,0.023209,0.227367,0.580312,1.132912,0.294008,-0.008776,-0.008776,1.386377,14926850.000000,406569032.000000,0.148561
2019-12-19,29.061001,29.341000,28.827999,29.329000,13324000,0.000000,0.000000,27.019366,27.279694,26.802733,27.268538,25.298676,24.683187,22.419315,19.881104,26.091970,25.469721,0.622250,0.418005,0.204245,68.291163,25.298676,27.352687,23.244664,0.979516,0.615888,0.022586,0.018297,0.030172,0.064293,0.258058,0.617405,1.284743,0.287966,0.000000,0.000000,1.430041,14960000.000000,390779596.000000,0.163258
2019-12-20,29.778999,29.938999,29.372000,29.740999,33509000,0.000000,0.000000,27.686923,27.835682,27.308516,27.651592,25.459719,24.801816,22.503674,19.942524,26.331912,25.631341,0.700571,0.474518,0.226053,70.539630,25.459719,27.721729,23.197708,0.984497,0.612406,0.022147,0.014047,0.054832,0.089598,0.260041,0.656049,1.367577,0.286503,0.000000,0.000000,1.464177,15431950.000000,996591135.491000,0.159886
2019-12-23,29.837999,29.900000,29.427000,29.445000,11609000,0.000000,0.000000,27.741777,27.799421,27.359652,27.376387,25.615889,24.910369,22.587906,20.001121,26.492601,25.760603,0.731997,0.526014,0.205983,66.870831,25.615889,27.957004,23.274773,0.875996,0.600075,0.021919,-0.009953,0.035884,0.120572,0.260088,0.690390,1.365212,0.249809,-0.009953,-0.009953,1.439652,15375600.000000,341827005.000000,0.140991
2019-12-24,29.569000,29.608000,29.212000,29.448000,3866000,0.000000,0.000000,27.491677,27.527936,27.159757,27.379177,25.739658,25.020476,22.673705,20.059709,26.628997,25.880498,0.748499,0.570511,0.177988,66.889632,25.739658,28.181815,23.297500,0.835670,0.583511,0.021312,0.000102,0.013457,0.128899,0.230276,0.639644,1.439901,0.246318,-0.009852,-0.009852,1.298922,14574650.000000,113845968.000000,0.121887
2019-12-26,29.497000,29.532000,29.313999,29.492001,6220000,0.000000,0.000000,27.424736,27.457277,27.254592,27.420088,25.862927,25.120719,22.769639,20.119252,26.750703,25.994542,0.756162,0.607641,0.148521,67.183726,25.862927,28.385809,23.340045,0.808608,0.556309,0.020288,0.001494,0.023957,0.101041,0.225873,0.599306,1.302358,0.234548,-0.008372,-0.008372,1.288539,13990750.000000,183440246.220000,0.102380
2019-12-27,29.591999,29.636999,29.277000,29.370001,6082000,0.000000,0.000000,27.513058,27.554897,27.220189,27.306656,25.974136,25.232191,22.863528,20.175443,26.836234,26.091735,0.744499,0.635013,0.109487,65.447930,25.974136,28.547740,23.400532,0.758882,0.540480,0.019793,-0.004137,0.001398,0.094249,0.288454,0.578191,1.250857,0.236399,-0.012474,-0.012474,1.279072,13857650.000000,178628346.082000,0.154066
2019-12-30,29.250999,29.320999,28.764000,29.254000,8506000,0.000000,0.000000,27.196010,27.261092,26.743224,27.198799,26.098977,25.339024,22.954578,20.228428,26.892014,26.173740,0.718274,0.651665,0.066609,63.761037,26.098977,28.654921,23.543033,0.715150,0.542120,0.019932,-0.003950,-0.016375,0.084375,0.271259,0.543203,1.206538,0.238134,-0.016375,-0.016375,1.270070,13903450.000000,248834524.000000,0.152918
2019-12-31,29.150000,29.259001,28.851999,29.240000,9154000,0.000000,0.000000,27.102108,27.203451,26.825043,27.185785,26.241173,25.450041,23.040847,20.282344,26.937209,26.248706,0.688503,0.659033,0.029470,63.548203,26.241173,28.700113,23.782233,0.692077,0.530426,0.019511,-0.000478,-0.006962,0.100551,0.274621,0.576661,1.193334,0.228498,-0.016846,-0.016846,1.268984,13702850.000000,267662960.000000,0.140096
2020-01-02,29.577999,29.980000,29.448999,29.789000,15064000,0.000000,0.000000,27.500042,27.873800,27.380105,27.696218,26.432498,25.562453,23.137894,20.338699,27.053980,26.355929,0.698051,0.666836,0.031214,68.052583,26.432498,28.702746,24.162250,0.778322,0.541682,0.019558,0.018776,0.011580,0.137802,0.312165,0.626510,1.200102,0.222221,0.000000,0.000000,1.311586,13658700.000000,448741496.000000,0.144291
2020-01-03,29.205000,29.681000,29.172001,29.469000,9622000,0.000000,0.000000,27.153250,27.595809,27.122569,27.398703,26.585664,25.675488,23.231054,20.395218,27.107014,26.433172,0.673842,0.668237,0.005605,63.153987,26.585664,28.665546,24.505782,0.695453,0.543966,0.019854,-0.010742,-0.000780,0.147843,0.292119,0.619727,1.286754,0.211390,-0.010742,-0.010742,1.198244,13536150.000000,283550718.000000,0.146226
2020-01-06,28.979000,29.202999,28.754000,28.919001,13405000,0.000000,0.000000,26.943123,27.151385,26.733930,26.887339,26.704236,25.781498,23.310460,20.445490,27.073218,26.466814,0.606404,0.655871,-0.049467,55.728720,26.704236,28.543800,24.864671,0.549768,0.552595,0.020552,-0.018664,-0.015356,0.104866,0.245065,0.609124,1.139559,0.223210,-0.029205,-0.029205,1.157216,13654500.000000,387659208.405000,0.108641
2020-01-07,29.174000,29.854000,29.138000,29.624001,15595000,0.000000,0.000000,27.124424,27.756652,27.090954,27.542810,26.832252,25.840592,23.403044,20.501031,27.145463,26.546517,0.598946,0.644486,-0.045540,61.910635,26.832252,28.517170,25.147333,0.710858,0.575218,0.020884,0.024378,0.012648,0.123467,0.281626,0.633227,1.172365,0.233175,-0.005539,-0.005539,1.209805,13754800.000000,461986295.595000,0.141825
2020-01-08,29.747999,30.167000,29.520000,29.997000,15537000,0.000000,0.000000,27.658099,28.047663,27.446118,27.889606,26.986125,25.898383,23.498699,20.558471,27.259946,26.646005,0.613941,0.638377,-0.024436,64.717764,26.986125,28.440602,25.531648,0.810586,0.577098,0.020692,0.012591,0.025889,0.116366,0.323068,0.643556,1.237630,0.229561,0.000000,0.000000,1.208278,14018050.000000,466063389.000000,0.156210
2020-01-09,30.212000,30.388000,29.350000,29.792999,13748000,0.000000,0.000000,28.089504,28.253140,27.288063,27.699940,27.120659,25.931643,23.586766,20.614523,27.327638,26.724075,0.603563,0.631414,-0.027851,62.025433,27.120659,28.271235,25.970084,0.751735,0.604811,0.021834,-0.006801,0.000134,0.116386,0.283464,0.626464,1.113298,0.229549,-0.006801,-0.006801,1.193260,14113950.000000,409594150.252000,0.119024
2020-01-10,29.910999,30.128000,29.295000,29.434000,14052000,0.000000,0.000000,27.809650,28.011406,27.236927,27.366161,27.208706,25.967041,23.668786,20.670010,27.333564,26.771636,0.561928,0.617517,-0.055589,57.492586,27.208706,28.114458,26.302954,0.586919,0.616930,0.022544,-0.012050,-0.001188,0.094241,0.259946,0.553511,1.079602,0.237035,-0.018768,-0.018768,1.166832,14037600.000000,413606568.000000,0.105485
2020-01-13,29.438000,29.733000,29.250999,29.729000,13994000,0.000000,0.000000,27.369874,27.644149,27.196011,27.640430,27.267234,26.005943,23.754738,20.727766,27.380775,26.835992,0.544783,0.602970,-0.058187,60.074568,27.267234,28.121801,26.412667,0.718354,0.604873,0.021884,0.010022,0.028009,0.079484,0.259315,0.556788,1.107148,0.227406,-0.008934,-0.008934,1.188548,13823500.000000,416027626.000000,0.108281
2020-01-14,30.014000,30.437000,29.674000,30.076000,17319000,0.000000,0.000000,27.905410,28.298693,27.589296,27.963055,27.354676,26.063370,23.842782,20.785610,27.470356,26.919478,0.550878,0.592552,-0.041673,62.927226,27.354676,28.107387,26.601966,0.904125,0.612339,0.021898,0.011672,0.015258,0.056410,0.278382,0.599354,1.187606,0.202126,0.000000,0.000000,1.214094,13550150.000000,520886244.000000,0.128955
2020-01-15,29.927999,30.055000,29.672001,29.834000,10829000,0.000000,0.000000,27.825454,27.943533,27.587440,27.738058,27.420177,26.102929,23.926302,20.839723,27.511541,26.980113,0.531428,0.580327,-0.048899,59.722426,27.420177,28.051590,26.788764,0.751722,0.595431,0.021466,-0.008046,-0.005434,0.058131,0.237867,0.570680,1.176669,0.200958,-0.008046,-0.008046,1.196279,13328450.000000,323072386.000000,0.101650
2020-01-16,30.181999,30.726000,30.094999,30.594999,16068000,0.000000,0.000000,28.061606,28.567388,27.980718,28.445591,27.491675,26.156935,24.026173,20.897576,27.655241,27.088667,0.566574,0.577576,-0.011003,65.647285,27.491675,28.242720,26.740630,1.135059,0.612138,0.021520,0.025508,0.026919,0.076341,0.308862,0.557846,1.252300,0.215295,0.000000,0.000000,1.242925,13080950.000000,491600443.932000,0.157099
2020-01-17,30.705000,30.849001,30.216000,30.799999,19299000,0.000000,0.000000,28.547861,28.681746,28.093215,28.636187,27.584556,26.215030,24.127074,20.953048,27.806156,27.203298,0.602857,0.582633,0.020225,67.053264,27.584556,28.419095,26.750017,1.130067,0.610451,0.021317,0.006700,0.046409,0.059986,0.310153,0.566388,1.219249,0.204821,0.000000,0.000000,1.257953,13340100.000000,594409180.701000,0.159103
2020-01-21,30.819000,31.191000,30.731001,30.868000,15000000,0.000000,0.000000,28.653860,28.999725,28.572043,28.699417,27.656100,26.278908,24.230054,21.009069,27.943581,27.314122,0.629459,0.591998,0.037461,67.528074,27.656100,28.612942,26.699258,1.045188,0.597396,0.020816,0.002208,0.038313,0.071731,0.326530,0.503631,1.136871,0.200449,0.000000,0.000000,1.262939,13423900.000000,463020000.000000,0.168144
2020-01-22,31.100000,31.535999,31.075001,31.134001,15040000,0.000000,0.000000,28.915118,29.320486,28.891875,28.946730,27.720857,26.350324,24.332274,21.064441,28.097911,27.435056,0.662855,0.606169,0.056686,69.386434,27.720857,28.838248,26.603465,1.048542,0.599087,0.020696,0.008617,0.035178,0.061543,0.311254,0.498152,1.273302,0.194075,0.000000,0.000000,1.282440,12500450.000000,468255375.040000,0.161704
2020-01-23,31.200001,31.268000,30.754999,31.242001,15566000,0.000000,0.000000,29.008085,29.071307,28.594347,29.047134,27.804394,26.426395,24.431464,21.121033,28.243946,27.554469,0.689476,0.622831,0.066646,70.133728,27.804394,29.055201,26.553587,0.996775,0.590364,0.020324,0.003469,0.047194,0.050469,0.335687,0.453325,1.290356,0.189846,0.000000,0.000000,0.979624,12698300.000000,486312987.566000,0.175503
2020-01-24,31.589001,31.673000,30.371000,30.653999,16322000,0.000000,0.000000,29.369764,29.447863,28.237333,28.500450,27.860458,26.494163,24.522561,21.176321,28.283408,27.624542,0.658866,0.630038,0.028828,61.352063,27.860458,29.131370,26.589546,0.751785,0.634662,0.022268,-0.018821,0.001929,0.041060,0.320271,0.468125,0.942366,0.199371,-0.018821,-0.018821,0.897748,13321100.000000,500334571.678000,0.173085
2020-01-27,29.702999,29.868000,29.268999,29.379000,19109000,0.000000,0.000000,27.616261,27.769670,27.212751,27.315023,27.855205,26.540536,24.599566,21.225508,28.134425,27.601614,0.532811,0.610592,-0.077781,47.471526,27.855205,29.134621,26.575788,0.288895,0.681307,0.024943,-0.041593,-0.046136,-0.002343,0.110903,0.407061,0.813319,0.250195,-0.059631,-0.059631,0.818814,13965550.000000,561403311.000000,-0.005580
2020-01-28,29.878000,30.325001,29.336000,30.169001,18150000,0.000000,0.000000,27.778966,28.194563,27.275043,28.049522,27.892348,26.597062,24.675939,21.278152,28.121363,27.634793,0.486571,0.585788,-0.099217,54.361389,27.892348,29.147616,26.637080,0.562606,0.698322,0.024896,0.026890,-0.022645,0.022955,0.121978,0.444417,0.855688,0.266999,-0.034345,-0.034345,0.867722,14568950.000000,547567368.150000,-0.002558
2020-01-29,30.223000,30.399000,29.591000,29.822001,18080000,0.000000,0.000000,28.099730,28.263365,27.512130,27.726902,27.918753,26.642267,24.744351,21.327914,28.060677,27.641616,0.419061,0.552443,-0.133381,51.185622,27.918753,29.134179,26.703327,0.421077,0.702102,0.025322,-0.011502,-0.042140,0.015390,0.064907,0.424425,0.846240,0.270061,-0.045451,-0.045451,0.822273,15047650.000000,539181778.080000,-0.049094
2020-01-30,31.840000,31.900000,30.576000,31.094999,39431000,0.000000,0.000000,29.603125,29.658909,28.427926,28.910463,28.004987,26.695239,24.823511,21.384176,28.191413,27.735604,0.455809,0.533116,-0.077307,60.339417,28.004987,29.245912,26.764062,0.864839,0.789952,0.027324,0.042686,-0.004705,0.062932,0.129480,0.504524,0.858152,0.305569,-0.004705,-0.004705,0.900059,16561500.000000,1226106905.569000,0.005993
2020-01-31,30.799999,30.896999,29.726999,29.820999,24365000,0.000000,0.000000,28.636187,28.726373,27.638569,27.725965,28.006474,26.726335,24.888598,21.433686,28.119806,27.734890,0.384916,0.503476,-0.118560,50.194706,28.006474,29.245912,26.767037,0.386840,0.824377,0.029733,-0.040971,-0.027174,0.019870,0.079028,0.462867,0.796208,0.341594,-0.045484,-0.045484,0.822212,17026550.000000,726588640.635000,-0.022967
2020-02-03,30.000000,30.958000,30.000000,30.844000,19454000,0.000000,0.000000,27.892393,28.783091,27.892393,28.677099,28.070394,26.787452,24.961722,21.487188,28.205543,27.804684,0.400860,0.482953,-0.082093,56.516688,28.070394,29.309716,26.831072,0.744773,0.841002,0.029327,0.034305,0.049865,0.035416,0.142891,0.525431,0.823523,0.355633,-0.012739,-0.012739,0.884722,17518150.000000,600039176.000000,0.024584
2020-02-04,31.656000,32.681999,31.612000,32.540001,25310000,0.000000,0.000000,29.432052,30.385971,29.391142,30.253948,28.238725,26.884975,25.048708,21.549269,28.520682,27.986111,0.534572,0.493277,0.041295,64.550489,28.238725,29.696711,26.780738,1.191098,0.902992,0.029847,0.054986,0.078591,0.104211,0.174449,0.697121,0.919459,0.396713,0.000000,0.000000,0.988356,18113400.000000,823587425.310000,0.045482
2020-02-05,33.123001,33.252998,32.369999,32.562000,21572000,0.000000,0.000000,30.795991,30.916856,30.095890,30.274403,28.375304,27.001848,25.135106,21.611247,28.790486,28.155614,0.634872,0.521596,0.113276,64.641749,28.375304,30.053888,26.696720,1.065685,0.897133,0.029633,0.000676,0.091878,0.125972,0.175919,0.689625,0.914896,0.387715,0.000000,0.000000,0.989700,18412250.000000,702427464.000000,0.048390
2020-02-06,32.599998,32.685001,32.299999,32.352001,12625000,0.000000,0.000000,30.309735,30.388766,30.030812,30.079161,28.484782,27.118372,25.218916,21.672450,28.988743,28.298099,0.690645,0.555405,0.135239,62.975264,28.484782,30.309254,26.660309,0.936942,0.858620,0.028545,-0.006449,0.040425,0.092088,0.168966,0.662405,0.865914,0.383940,-0.006449,-0.006449,0.976869,18266650.000000,408444012.625000,0.034110
2020-02-07,32.063000,32.127998,31.472000,31.540001,16026000,0.000000,0.000000,29.810462,29.870894,29.260982,29.324205,28.565995,27.206780,25.295748,21.729576,29.040353,28.374107,0.666246,0.577574,0.088673,56.869997,28.565995,30.387970,26.744020,0.708074,0.855732,0.029182,-0.025099,0.057644,0.051438,0.149719,0.580059,0.833366,0.395921,-0.031386,-0.031386,0.927251,18380550.000000,505460056.026000,0.017758
2020-02-10,31.398001,31.989000,31.299999,31.983000,10884000,0.000000,0.000000,29.192179,29.741659,29.101063,29.736080,28.684491,27.302408,25.375004,21.784348,29.147388,28.474993,0.672394,0.596538,0.075857,59.194256,28.684491,30.486054,26.882928,0.791855,0.840365,0.028261,0.014046,0.036928,0.073507,0.171822,0.652784,0.863572,0.396212,-0.017781,-0.017781,0.954321,18222150.000000,348102972.000000,0.030277
2020-02-11,32.286999,32.682999,32.286999,32.567001,15207000,0.000000,0.000000,30.018723,30.386903,30.018723,30.279055,28.816422,27.406339,25.458897,21.841234,29.321490,28.608628,0.712863,0.619803,0.093060,62.094324,28.816422,30.681401,26.951444,0.892131,0.826826,0.027307,0.018260,0.000830,0.106441,0.199477,0.674476,0.890913,0.394962,0.000000,0.000000,0.990006,18282800.000000,495246384.207000,0.062180
2020-02-12,32.799999,33.518002,32.799999,33.462002,16872000,0.000000,0.000000,30.495683,31.163243,30.495683,31.111177,28.973828,27.534523,25.551830,21.902404,29.596827,28.794002,0.802825,0.656407,0.146418,66.073703,28.973828,31.054482,26.893175,1.013624,0.830923,0.026708,0.027482,0.027640,0.125568,0.238892,0.642034,0.906784,0.402255,0.000000,0.000000,1.044695,18260450.000000,564570897.744000,0.089833
2020-02-13,33.505001,34.431999,33.362000,34.158001,21102000,0.000000,0.000000,31.151155,32.013029,31.018200,31.758280,29.174840,27.682852,25.652661,21.966210,29.929358,29.013578,0.915780,0.708282,0.207498,68.815417,29.174840,31.513586,26.836093,1.052313,0.842631,0.026533,0.020800,0.055823,0.135723,0.270516,0.736903,0.927519,0.405122,0.000000,0.000000,1.087224,18774100.000000,720802137.102000,0.126058
2020-02-14,34.148998,34.421001,33.675999,33.930000,11099000,0.000000,0.000000,31.749910,32.002804,31.310140,31.546297,29.329875,27.836383,25.748674,22.030546,30.178118,29.201187,0.976931,0.762012,0.214920,66.907870,29.329875,31.867696,26.792054,0.936678,0.831919,0.026371,-0.006675,0.075777,0.137293,0.250687,0.721580,0.911275,0.404534,-0.006675,-0.006675,1.073292,18525650.000000,376589070.000000,0.103426
2020-02-18,32.324001,33.200001,32.299999,32.534000,27494000,0.000000,0.000000,30.053125,30.867583,30.030809,30.248371,29.410484,27.954643,25.833900,22.087072,30.188926,29.278756,0.910170,0.791643,0.118527,56.568429,29.410484,31.957929,26.863039,0.664456,0.880745,0.029117,-0.041144,0.017228,0.063376,0.187764,0.601010,0.835067,0.430061,-0.047544,-0.047544,0.987990,18935400.000000,894489796.000000,0.039902
2020-02-19,33.118000,33.541000,33.029999,33.384998,15396000,0.000000,0.000000,30.791356,31.184639,30.709537,31.039597,29.527493,28.085117,25.921751,22.147125,30.319799,29.409189,0.910610,0.815437,0.095173,60.568757,29.527493,32.151254,26.903732,0.788156,0.884711,0.028503,0.026158,0.025118,0.083929,0.181926,0.619673,0.891214,0.437233,-0.022630,-0.022630,1.039991,18955200.000000,513995429.208000,0.032485
2020-02-20,33.195000,33.403999,32.402000,32.848999,18878000,0.000000,0.000000,30.862932,31.057248,30.125643,30.541239,29.607219,28.196292,26.003486,22.206169,30.353866,29.493044,0.860822,0.824514,0.036308,57.007158,29.607219,32.253481,26.960956,0.676479,0.888061,0.029077,-0.016056,-0.018319,0.064176,0.166981,0.603611,0.841445,0.442826,-0.038322,-0.038322,1.007238,19147100.000000,620123403.122000,0.026508
2020-02-21,32.622002,32.703999,31.524000,31.680000,21606000,0.000000,0.000000,30.330185,30.406421,29.309322,29.454363,29.627580,28.289136,26.086096,22.261885,30.215481,29.490179,0.725302,0.804672,-0.079369,50.089398,29.627580,32.261937,26.993223,0.467123,0.912622,0.030984,-0.035587,-0.072545,0.017537,0.149606,0.537397,0.809581,0.462235,-0.072545,-0.072545,0.935806,19449100.000000,684478080.000000,0.032237
2020-02-24,29.920000,30.531000,29.511999,30.046000,31022000,0.000000,0.000000,27.818018,28.386093,27.438680,27.935165,29.599316,28.347654,26.151496,22.310111,29.864663,29.374993,0.489671,0.741671,-0.252001,42.352992,29.599316,32.295984,26.902647,0.191443,0.991412,0.035490,-0.051578,-0.114471,-0.038282,0.100772,0.440989,0.712415,0.496910,-0.120382,-0.120382,0.835961,20184100.000000,932087012.000000,0.019317
2020-02-25,30.582001,30.690001,28.938999,29.222000,25498000,0.000000,0.000000,28.433508,28.533920,26.905933,27.169052,29.592017,28.378931,26.209901,22.355001,29.449954,29.211590,0.238364,0.641010,-0.402646,39.075365,29.592017,32.315375,26.868659,0.055151,1.036882,0.038164,-0.027425,-0.101801,-0.046715,0.112085,0.471898,0.661929,0.501585,-0.144505,-0.144505,0.785610,20503550.000000,745102556.000000,0.058077
2020-02-26,29.624001,30.462999,29.462000,29.660000,23796000,0.000000,0.000000,27.542810,28.322867,27.392191,27.576281,29.568355,28.401059,26.274591,22.402261,29.161697,29.090456,0.071241,0.527056,-0.455815,41.659847,29.568355,32.355617,26.781094,0.142647,1.045234,0.037903,0.014989,-0.111577,0.009565,0.137026,0.486910,0.696664,0.482975,-0.131682,-0.131682,0.812374,20785850.000000,705789360.000000,0.082929
2020-02-27,28.563999,29.375999,28.201000,28.570000,28722000,0.000000,0.000000,26.557280,27.312234,26.219783,26.562859,29.510153,28.408032,26.328175,22.448850,28.761875,28.903226,-0.141351,0.393375,-0.534726,37.407087,29.510153,32.500532,26.519774,0.007204,1.067467,0.040186,-0.036750,-0.130263,-0.053001,0.066619,0.443523,0.646856,0.490078,-0.163593,-0.163593,0.745770,21317950.000000,820587540.000000,0.074266
2020-02-28,27.582001,29.445000,27.365999,29.343000,31956000,0.000000,0.000000,25.644270,27.376387,25.443443,27.281553,29.428708,28.425102,26.385039,22.497136,28.534133,28.783102,-0.248969,0.264906,-0.513875,41.934110,29.428708,32.572644,26.284771,0.158525,1.129287,0.041394,0.027056,-0.073769,-0.016062,0.093243,0.456980,0.702076,0.498915,-0.140963,-0.140963,0.793004,20944200.000000,937684908.000000,0.102558
2020-03-02,29.664000,30.055000,28.402000,30.033001,23473000,0.000000,0.000000,27.580005,27.943536,26.406665,27.923082,29.438563,28.443251,26.449365,22.547238,28.440126,28.719397,-0.279272,0.156070,-0.435342,45.708740,29.438563,32.561188,26.315938,0.257339,1.158400,0.041485,0.023515,-0.000433,-0.034153,0.113251,0.459787,0.735595,0.482244,-0.120762,-0.120762,0.835166,20899600.000000,704964632.473000,0.084878
2020-03-03,30.030001,30.830000,28.858999,29.146000,25103000,0.000000,0.000000,27.920287,28.664084,26.831553,27.098391,29.359628,28.449648,26.509554,22.593684,28.233705,28.599323,-0.365618,0.051733,-0.417351,41.934860,29.359628,32.639172,26.080084,0.155251,1.206552,0.044525,-0.029534,-0.002601,-0.022635,0.097013,0.397494,0.674670,0.471879,-0.146730,-0.146730,0.780966,21182050.000000,731652038.000000,0.094864
2020-03-04,29.886999,30.629999,29.379999,30.624001,19170000,0.000000,0.000000,27.787334,28.478136,27.315953,28.472559,29.270558,28.473728,26.578457,22.647138,28.270452,28.589933,-0.319481,-0.022510,-0.296971,49.427525,29.270558,32.544591,25.996526,0.378132,1.218923,0.042810,0.050710,0.032502,-0.007133,0.169695,0.451604,0.802484,0.490263,-0.103460,-0.103460,0.871279,20875050.000000,587062099.170000,0.117163
2020-03-05,29.785000,30.965000,29.600000,29.913000,20370000,0.000000,0.000000,27.692504,28.789606,27.520502,27.811512,29.147414,28.476927,26.639371,22.702091,28.199846,28.532272,-0.332426,-0.084493,-0.247933,46.330364,29.147414,32.447635,25.847193,0.297604,1.222508,0.043957,-0.023217,0.047007,-0.080731,0.165138,0.362492,0.805903,0.453440,-0.124275,-0.124275,0.827834,20814950.000000,609327810.000000,0.139558
2020-03-06,29.077000,29.867001,28.525000,29.441000,20486000,0.000000,0.000000,27.034236,27.768736,26.521015,27.372663,29.012089,28.476852,26.693610,22.753365,28.072587,28.446375,-0.373788,-0.142352,-0.231436,44.343832,29.012089,32.372846,25.651332,0.256093,1.227364,0.044839,-0.015779,0.003340,-0.095848,0.124809,0.310593,0.798992,0.455060,-0.138094,-0.138094,0.781197,21208000.000000,603128326.000000,0.123765
2020-03-09,27.299999,28.326000,26.723000,26.760000,26495000,0.000000,0.000000,25.382077,26.335997,24.845613,24.880014,28.789880,28.426869,26.723673,22.792053,27.581422,28.182200,-0.600778,-0.234037,-0.366741,35.130026,28.789880,32.618823,24.960936,-0.010567,1.320199,0.053063,-0.091063,-0.108980,-0.172849,0.014852,0.185079,0.618995,0.545322,-0.216582,-0.216582,0.603984,21731450.000000,709006200.000000,0.087194
2020-03-10,27.568001,28.785999,26.743999,28.757000,23725000,0.000000,0.000000,25.631251,26.763681,24.865139,26.736719,28.639911,28.413201,26.766960,22.840816,27.451467,28.075127,-0.623660,-0.311962,-0.311698,44.397596,28.639911,32.546969,24.732854,0.256442,1.361509,0.050923,0.074626,-0.013347,-0.088237,0.070218,0.260137,0.707650,0.612218,-0.158118,-0.158118,0.723683,22373500.000000,682259825.000000,0.106293
2020-03-11,27.854000,28.448999,27.257999,27.663000,31441000,0.000000,0.000000,25.897165,26.450364,25.343035,25.719584,28.411938,28.381460,26.806825,22.886119,27.185024,27.900643,-0.715619,-0.392693,-0.322926,40.946484,28.411938,32.446298,24.377578,0.166322,1.363807,0.053026,-0.038043,-0.096689,-0.135071,0.036572,0.203836,0.642209,0.619766,-0.190146,-0.190146,0.658110,23185200.000000,869752383.000000,0.114257
2020-03-12,25.707001,26.559000,23.745001,23.785000,36844000,0.000000,0.000000,23.900987,24.693130,22.076825,22.114014,27.962080,28.279764,26.809394,22.914759,26.404868,27.472004,-1.067135,-0.527582,-0.539553,31.576419,27.962080,32.678050,23.246109,-0.120028,1.526589,0.069033,-0.140188,-0.204861,-0.269660,-0.115767,0.025917,0.425663,0.766741,-0.303677,-0.303677,0.400361,24183800.000000,876334540.000000,0.048387
2020-03-13,25.400000,26.294001,24.263000,26.177999,26920000,0.000000,0.000000,23.615563,24.446757,22.558442,24.338905,27.591111,28.222827,26.836434,22.955128,26.087028,27.239922,-1.152894,-0.652644,-0.500250,40.608174,27.591111,32.216116,22.966106,0.148411,1.584172,0.065088,0.100610,-0.110832,-0.217680,-0.049455,0.125000,0.514701,0.853203,-0.233620,-0.233620,0.541251,24474700.000000,704711733.080000,0.040580
2020-03-16,22.382000,24.577000,21.308001,21.354000,30960000,0.000000,0.000000,20.809587,22.850380,19.811040,19.853807,27.006487,28.065978,26.814216,22.972604,25.128071,26.692803,-1.564732,-0.835062,-0.729670,31.563396,27.006487,32.415881,21.597092,-0.161135,1.794436,0.090382,-0.184277,-0.202018,-0.374846,-0.249947,-0.085000,0.195879,1.035537,-0.374846,-0.374846,0.257234,25467750.000000,661119840.000000,-0.042001
2020-03-17,21.707001,23.783001,20.372999,22.930000,36694000,0.000000,0.000000,20.182005,22.112158,18.941722,21.319084,26.560022,27.944386,26.809937,22.999243,24.542073,26.294749,-1.752676,-1.018585,-0.734092,36.536642,26.560022,32.306279,20.813765,0.043969,1.892721,0.088781,0.073803,-0.202629,-0.324197,-0.186735,-0.014877,0.299745,1.084918,-0.328708,-0.328708,0.350022,25927750.000000,841393420.000000,-0.026447
2020-03-18,20.344000,21.534000,18.138000,19.414000,36072000,0.000000,0.000000,18.914765,20.021164,16.863745,18.050100,25.910547,27.767641,26.774570,23.010535,23.543308,25.684035,-2.140727,-1.243013,-0.897714,31.105763,25.910547,32.411694,19.409400,-0.104543,2.075765,0.115000,-0.153336,-0.298196,-0.403270,-0.317010,-0.172413,0.098913,1.182689,-0.431641,-0.431641,0.143015,26961550.000000,700301808.000000,-0.110027
2020-03-19,19.052000,20.139999,18.702000,19.500999,33439000,0.000000,0.000000,17.713532,18.725095,17.388120,18.130987,25.290035,27.579405,26.709998,23.018573,22.710643,25.124550,-2.413906,-1.477192,-0.936715,31.377568,25.290035,32.280793,18.299276,-0.012037,2.022995,0.111577,0.004481,-0.180113,-0.415876,-0.328871,-0.171713,0.126513,1.174037,-0.429094,-0.429094,0.148137,27689600.000000,652093905.561000,-0.139285
2020-03-20,20.000999,22.414000,18.711000,18.789000,39045000,0.000000,0.000000,18.595856,20.839334,17.396484,17.469004,24.690767,27.370993,26.634688,23.022431,21.904237,24.557472,-2.653235,-1.712400,-0.940835,30.323175,24.690767,32.213089,17.168445,0.019978,2.124413,0.121610,-0.036511,-0.282260,-0.428019,-0.347650,-0.199327,0.037786,1.174755,-0.449939,-0.449939,0.106217,28561550.000000,733616505.000000,-0.126957
2020-03-23,19.068001,19.995001,18.584000,19.285000,30272000,0.000000,0.000000,17.728410,18.590285,17.278412,17.930164,24.190517,27.175597,26.553620,23.027532,21.292841,24.066560,-2.773719,-1.924664,-0.849055,32.036534,24.190517,32.123857,16.257177,0.105440,2.066374,0.115246,0.026399,-0.096890,-0.391256,-0.342460,-0.172776,0.091003,1.186286,-0.435418,-0.435418,0.135420,28524050.000000,583795520.000000,-0.114430
2020-03-24,20.948999,23.263000,20.737000,23.063999,29212000,0.115000,0.000000,19.594100,21.758440,19.395811,21.572309,23.910680,27.059720,26.513381,23.049911,21.335836,23.881801,-2.545965,-2.048924,-0.497040,43.792195,23.910680,31.796337,16.025022,0.351733,2.192225,0.101622,0.203129,0.011878,-0.227772,-0.219853,-0.016983,0.315257,1.409474,-0.320734,-0.320734,0.366058,28709750.000000,673745538.788000,-0.050989
2020-03-25,23.181999,25.011000,22.830999,23.355000,28374000,0.000000,0.000000,21.682681,23.393389,21.354382,21.844492,23.624090,26.943801,26.474872,23.071593,21.414091,23.730889,-2.316798,-2.102499,-0.214299,44.563903,23.624090,31.364101,15.884079,0.385039,2.181280,0.099855,0.012617,0.210214,-0.195979,-0.202068,0.005464,0.324750,1.409496,-0.312164,-0.312164,0.383293,28938650.000000,662674770.000000,-0.027531
2020-03-26,24.018000,26.098000,23.500000,26.034000,31663000,0.000000,0.000000,22.464617,24.410091,21.980119,24.350231,23.513459,26.871545,26.467458,23.105874,21.865805,23.776766,-1.910962,-2.064192,0.153230,51.205687,23.513459,31.139012,15.887905,0.554866,2.208732,0.090707,0.114708,0.343017,-0.116986,-0.110630,0.094171,0.496744,1.469706,-0.233264,-0.233264,0.541968,29085700.000000,824314542.000000,0.018417
2020-03-27,25.334999,26.288000,24.040001,24.122000,32033000,0.000000,0.000000,23.696431,24.587796,22.485188,22.561884,23.277475,26.768021,26.435475,23.135837,21.972894,23.686775,-1.713881,-1.994129,0.280248,46.887970,23.277475,30.701494,15.853457,0.451806,2.201151,0.097561,-0.073443,0.291538,-0.150623,-0.177177,0.008677,0.402292,1.486117,-0.289575,-0.289575,0.428722,29089550.000000,772700026.000000,-0.008706
2020-03-30,24.646000,25.792999,24.124001,25.530001,21298000,0.000000,0.000000,23.051997,24.124813,22.563758,23.878824,23.075262,26.676686,26.416810,23.172242,22.266114,23.701001,-1.434887,-1.882281,0.447394,50.216987,23.075262,30.179944,15.970580,0.556552,2.155564,0.090271,0.058370,0.331768,-0.124726,-0.125531,0.126713,0.456535,1.498143,-0.248107,-0.248107,0.512117,28980800.000000,543737961.298000,0.011309
2020-03-31,25.225000,25.499001,23.809000,24.000000,27836000,0.000000,0.000000,23.593543,23.849822,22.269124,22.447771,22.842731,26.552918,26.383974,23.203053,22.294061,23.608169,-1.314108,-1.768646,0.454538,46.785305,22.842731,29.692859,15.992604,0.471171,2.116574,0.094289,-0.059930,0.040583,-0.196085,-0.174678,0.049198,0.327063,1.508076,-0.293168,-0.293168,0.421496,29117450.000000,668064000.000000,-0.035410
2020-04-01,22.895000,23.719999,22.021000,22.333000,24655000,0.000000,0.000000,21.414248,22.185889,20.596774,20.888596,22.463533,26.396701,26.337805,23.228044,22.077836,23.406719,-1.328883,-1.680694,0.351810,43.312404,22.463533,28.823574,16.103493,0.376185,2.097604,0.100419,-0.069458,-0.043759,-0.229157,-0.231635,-0.020626,0.237837,1.522203,-0.342263,-0.342263,0.322762,29391700.000000,550620115.000000,-0.051975
2020-04-02,21.958000,22.636000,21.591999,22.056999,18914000,0.000000,0.000000,20.537849,21.171999,20.195520,20.630445,22.104480,26.230376,26.290350,23.248092,21.855160,23.201069,-1.345909,-1.613737,0.267828,42.746622,22.104480,27.986101,16.222858,0.374691,2.017524,0.097794,-0.012358,-0.152762,-0.275427,-0.255117,-0.022590,0.176073,1.507213,-0.350392,-0.350392,0.306414,29318900.000000,417186079.086000,-0.078605
2020-04-03,22.306000,22.444000,21.329000,21.815001,14906000,0.000000,0.000000,20.863344,20.992419,19.949533,20.404100,21.756052,26.057515,26.241955,23.266556,21.631920,22.993886,-1.361966,-1.563383,0.201417,42.225793,21.756052,27.127095,16.385009,0.374144,1.947907,0.095466,-0.010971,-0.095638,-0.266343,-0.255290,-0.037745,0.166275,1.506549,-0.357519,-0.357519,0.292081,29039900.000000,325174404.906000,-0.072634
2020-04-06,23.162001,25.240000,22.908001,25.075001,33272000,0.000000,0.000000,21.663976,23.607578,21.426404,23.453251,21.684714,25.956571,26.225367,23.299097,21.912125,23.027913,-1.115788,-1.473864,0.358075,50.904047,21.684714,26.917164,16.452263,0.668997,2.037590,0.086879,0.149438,-0.017822,-0.143187,-0.127721,0.086043,0.312260,1.604525,-0.261508,-0.261508,0.485167,29378750.000000,834295433.272000,-0.000043
2020-04-07,26.417999,26.500000,25.143999,25.622000,25778000,0.000000,0.000000,24.709390,24.786087,23.517787,23.964872,21.546121,25.889568,26.215052,23.334624,22.227932,23.097318,-0.869386,-1.352968,0.483583,52.201427,21.546121,26.343933,16.748309,0.752068,1.987251,0.082923,0.021815,0.067584,-0.036782,-0.129905,0.115136,0.351761,1.573317,-0.245398,-0.245398,0.517566,29481400.000000,660483916.000000,0.000361
2020-04-08,25.989000,27.226999,25.733000,26.674999,18923000,0.000000,0.000000,24.308141,25.466071,24.068697,24.949772,21.507631,25.827573,26.212318,23.375886,22.646677,23.234537,-0.587860,-1.199947,0.612087,54.683999,21.507631,26.175047,16.840215,0.868742,1.952533,0.078259,0.041098,0.194421,-0.066835,-0.105410,0.183604,0.430369,1.558280,-0.214385,-0.214385,0.579934,28855500.000000,504771006.077000,0.008328
2020-04-09,27.170000,27.742001,25.576000,25.827999,26173000,0.000000,0.000000,25.412755,25.947761,23.921848,24.157549,21.609807,25.756186,26.199227,23.415698,22.879119,23.302908,-0.423789,-1.044715,0.620926,52.329630,21.609807,26.420393,16.799222,0.764806,1.957774,0.081042,-0.031753,0.170966,-0.060733,-0.127884,0.119329,0.382193,1.556429,-0.239331,-0.239331,0.529767,28321950.000000,675996217.827000,-0.013813
2020-04-13,25.621000,25.930000,25.024000,25.878000,14107000,0.000000,0.000000,23.963937,24.252952,23.405548,24.204315,21.603078,25.662063,26.178651,23.453228,23.082995,23.369679,-0.286684,-0.893109,0.606425,52.459750,21.603078,26.397940,16.808216,0.771253,1.878462,0.077609,0.001936,0.186248,0.094524,-0.115539,0.114373,0.381466,1.468651,-0.237858,-0.237858,0.532728,27681300.000000,365060946.000000,-0.008070
2020-04-14,26.620001,27.448999,26.358999,27.250999,16268000,0.000000,0.000000,24.898326,25.673708,24.654205,25.488514,21.884813,25.617314,26.171824,23.494946,23.453075,23.526630,-0.073555,-0.729198,0.655643,56.010578,21.884813,26.903830,16.865797,0.859005,1.849243,0.072552,0.053057,0.086780,0.047233,-0.077854,0.161273,0.433999,1.439990,-0.197421,-0.197421,0.614050,26946700.000000,443319251.732000,0.003901
2020-04-15,26.600000,26.639999,25.855000,26.281000,15428000,0.000000,0.000000,24.879622,24.917034,24.182804,24.581253,22.047922,25.535397,26.161424,23.531339,23.626641,23.604750,0.021891,-0.578980,0.600871,52.998827,22.047922,27.199797,16.896046,0.745865,1.810419,0.073650,-0.035595,0.025720,0.238113,-0.120938,0.123776,0.392065,1.274919,-0.225989,-0.225989,0.556598,25883400.000000,405463268.000000,-0.028179
2020-04-16,27.000999,27.493999,26.329000,27.070999,20778000,0.000000,0.000000,25.254684,25.715798,24.626147,25.320156,22.411424,25.436721,26.160848,23.569816,23.887182,23.731817,0.155365,-0.432111,0.587476,55.115646,22.411424,27.398901,17.423948,0.791604,1.762142,0.069594,0.030060,0.014845,0.187676,-0.087169,0.129963,0.420575,1.257613,-0.202723,-0.202723,0.603388,25118700.000000,562481217.222000,-0.008720
2020-04-17,27.816000,28.021999,27.146999,27.902000,18316000,0.000000,0.000000,26.016972,26.209648,25.391240,26.097410,22.809746,25.353181,26.177515,23.614089,24.227217,23.907046,0.320171,-0.281655,0.601826,57.294458,22.809746,27.627411,17.992080,0.841209,1.699810,0.065133,0.030697,0.080300,0.445832,-0.082550,0.200815,0.451725,1.106919,-0.178249,-0.178249,0.652608,24362550.000000,511053032.000000,-0.006994
2020-04-20,27.302999,27.492001,26.634001,26.673000,17823000,0.000000,0.000000,25.537150,25.713928,24.911420,24.947897,23.183690,25.250556,26.184464,23.653689,24.338091,23.984146,0.353944,-0.154535,0.508479,53.182673,23.183690,27.376379,18.991002,0.710391,1.663109,0.066663,-0.044047,0.030721,0.375981,-0.128798,0.141408,0.398612,1.127998,-0.214444,-0.214444,0.579815,23301450.000000,475392879.000000,-0.040587
2020-04-21,26.242001,26.341000,24.257000,24.363001,29990000,0.000000,0.000000,24.544778,24.637374,22.688159,22.787304,23.426547,25.119818,26.163299,23.683047,24.099508,23.895491,0.204017,-0.082825,0.286842,46.436994,23.426547,26.825511,20.027584,0.405965,1.705725,0.074854,-0.086604,-0.105978,0.304442,-0.206001,0.053264,0.274541,1.170802,-0.282477,-0.282477,0.442997,23287350.000000,730646399.990000,-0.087807
2020-04-22,25.546000,27.337000,25.546000,27.177999,35658000,0.000000,0.000000,23.893791,25.568957,23.893791,25.420240,23.618944,25.033501,26.167954,23.726602,24.302698,24.008435,0.294262,-0.007407,0.301669,54.080682,23.618944,27.011592,20.226295,0.765471,1.782577,0.070124,0.115544,0.034131,0.417736,-0.121827,0.151508,0.425019,1.221188,-0.199571,-0.199571,0.609726,23609650.000000,969113088.342000,-0.027154
2020-04-23,26.885000,27.646999,26.278999,26.396000,26249000,0.000000,0.000000,25.146186,25.858902,24.579379,24.688812,23.761160,24.921696,26.164018,23.765726,24.362100,24.058834,0.303266,0.054727,0.248539,51.866365,23.761160,27.078236,20.444083,0.639830,1.746645,0.070746,-0.028773,-0.024934,0.144468,-0.150043,0.135277,0.379342,1.031113,-0.222602,-0.222602,0.563409,23503400.000000,692868604.000000,-0.053502
2020-04-24,26.853001,26.868000,25.811001,26.667000,15289000,0.000000,0.000000,25.116255,25.130284,24.141647,24.942284,23.790762,24.798319,26.166421,23.805592,24.451359,24.124275,0.327084,0.109199,0.217886,52.590806,23.790762,27.140382,20.441143,0.671888,1.692501,0.067857,0.010267,-0.044262,0.141811,-0.124846,0.155441,0.328000,1.031024,-0.214621,-0.214621,0.579460,22684700.000000,407711763.000000,-0.051803
2020-04-27,27.020000,27.443001,26.288000,26.441000,21361000,0.000000,0.000000,25.272457,25.668099,24.587799,24.730904,23.899213,24.657771,26.170311,23.844093,24.494366,24.169210,0.325156,0.152390,0.172766,51.889429,23.899213,27.221649,20.576778,0.625163,1.648773,0.066669,-0.008475,-0.008698,0.015633,-0.094604,0.005807,0.308388,0.956426,-0.221277,-0.221277,0.566074,22151100.000000,564806201.000000,-0.049836
2020-04-28,27.023001,27.149000,25.947001,26.184999,17316000,0.000000,0.000000,25.275262,25.393112,24.268853,24.491459,23.929845,24.516674,26.176529,23.878471,24.493919,24.193080,0.300838,0.182080,0.118758,51.058739,23.929845,27.262769,20.596921,0.584252,1.611307,0.065791,-0.009682,0.074785,0.085524,-0.126849,-0.020344,0.297417,0.917408,-0.228817,-0.228817,0.550912,21952000.000000,453419442.684000,-0.055439
2020-04-29,26.799999,28.195000,26.517000,27.999001,21558000,0.000000,0.000000,25.066681,26.371458,24.801985,26.188135,24.116863,24.435470,26.195056,23.920638,24.754567,24.340862,0.413705,0.228405,0.185300,56.386653,24.116863,27.518678,20.715049,0.804436,1.630500,0.062261,0.069276,0.030208,0.096710,-0.055497,0.005808,0.378536,0.926071,-0.175392,-0.175392,0.658353,21638100.000000,603602463.558000,-0.016635
2020-04-30,27.500000,27.569000,25.471001,25.528000,38871000,0.000000,0.000000,25.721414,25.785952,23.823642,23.876955,24.266281,24.292217,26.188667,23.952603,24.619550,24.306499,0.313051,0.245334,0.067717,48.621809,24.266281,27.315283,21.217279,0.436155,1.682928,0.070483,-0.088253,-0.032884,0.063667,-0.174107,-0.067170,0.278260,0.956177,-0.248166,-0.248166,0.511998,22348900.000000,992298888.000000,-0.130082
2020-05-01,24.673000,24.700001,22.969000,23.502001,57151000,0.000000,0.000000,23.077249,23.102503,21.483457,21.981985,24.333858,24.121032,26.158662,23.974213,24.213771,24.134312,0.079458,0.212159,-0.132701,43.350659,24.333858,27.089344,21.578373,0.073238,1.733683,0.078868,-0.079364,-0.118686,0.052344,-0.207170,-0.144514,0.160426,0.966409,-0.307835,-0.307835,0.392000,24260750.000000,1343162859.151000,-0.147505
2020-05-04,23.398001,23.497999,23.138000,23.452000,26313000,0.000000,0.000000,21.884708,21.978239,21.641524,21.935215,24.410414,23.970649,26.129892,23.992592,23.863224,23.971416,-0.108193,0.148089,-0.256281,43.226102,24.410414,26.761611,22.059217,-0.026370,1.634167,0.074500,-0.002128,-0.113044,0.063245,-0.235096,-0.125799,0.152719,0.964855,-0.309307,-0.309307,0.389038,24831100.000000,617092476.000000,-0.174419
2020-05-05,24.061001,25.204000,23.990000,24.281000,22686000,0.000000,0.000000,22.504833,23.573908,22.438424,22.710604,24.373282,23.866157,26.106906,24.014736,23.685898,23.878023,-0.192125,0.080046,-0.272171,45.996445,24.373282,26.810028,21.936536,0.158832,1.634490,0.071970,0.035349,-0.072713,0.113041,-0.249334,-0.118381,0.212372,0.968743,-0.284892,-0.284892,0.438140,24301800.000000,550838766.000000,-0.179747
2020-05-06,24.934999,25.448999,24.400999,24.455999,23508000,0.000000,0.000000,23.322307,23.803064,22.822844,22.874287,24.318753,23.780262,26.079597,24.033674,23.561034,23.803672,-0.242638,0.015509,-0.258147,46.588940,24.318753,26.841280,21.796225,0.213687,1.595774,0.069763,0.007207,-0.126540,-0.024686,-0.244435,-0.111516,0.249203,0.818629,-0.279738,-0.279738,0.448505,24188300.000000,574911624.492000,-0.175625
2020-05-07,25.000000,25.375999,24.709999,24.763000,15417000,0.000000,0.000000,23.383104,23.734785,23.111859,23.161432,24.229335,23.691965,26.046512,24.052873,23.499557,23.756099,-0.256542,-0.038901,-0.217641,47.673532,24.229335,26.784258,21.674413,0.291011,1.543254,0.066630,0.012553,-0.029967,-0.033526,-0.229984,-0.099877,0.266342,0.816156,-0.270696,-0.270696,0.466688,24013000.000000,381771171.000000,-0.168087
2020-05-08,25.290001,26.636999,25.205999,26.540001,28381000,0.000000,0.000000,23.654345,24.914224,23.575776,24.823500,24.262633,23.657178,26.032605,24.077057,23.703241,23.835165,-0.131925,-0.057506,-0.074419,53.552842,24.262633,26.830940,21.694326,0.609190,1.558221,0.062772,0.071760,0.129266,-0.005061,-0.153481,-0.026741,0.364594,0.842276,-0.218361,-0.218361,0.571938,24123400.000000,753231768.381000,-0.111551
2020-05-11,26.247000,26.518999,25.910000,26.223000,17626000,0.000000,0.000000,24.549446,24.803854,24.234242,24.526999,24.278767,23.602087,26.013595,24.102628,23.829973,23.886412,-0.056440,-0.057293,0.000853,52.421289,24.278767,26.849584,21.707950,0.548279,1.489009,0.060709,-0.011944,0.118156,0.015293,-0.175177,-0.033454,0.353268,0.835308,-0.227698,-0.227698,0.553162,24299350.000000,462206598.000000,-0.129889
2020-05-12,26.527000,26.691000,25.570999,25.598000,17645000,0.000000,0.000000,24.811342,24.964734,23.917171,23.942425,24.201463,23.522474,25.982862,24.125276,23.847273,23.890561,-0.043288,-0.054492,0.011203,50.170481,24.201463,26.711374,21.691552,0.448397,1.457478,0.060874,-0.023834,0.054240,-0.010820,-0.209274,-0.051543,0.388363,0.840105,-0.246104,-0.246104,0.516144,24368200.000000,451676710.000000,-0.143251
2020-05-13,25.596001,25.724001,24.177999,24.819000,25459000,0.000000,0.000000,23.940551,24.060273,22.614261,23.213804,24.133090,23.444782,25.947215,24.144249,23.749816,23.840431,-0.090615,-0.061716,-0.028899,47.436531,24.133090,26.673752,21.592428,0.319085,1.456659,0.062750,-0.030432,0.014843,-0.089245,-0.253844,-0.075592,0.317153,0.824321,-0.269047,-0.269047,0.470005,24869750.000000,631866921.000000,-0.165134
2020-05-14,24.356001,26.999001,24.034000,26.900000,35760000,0.000000,0.000000,22.780756,25.252817,22.479581,25.160219,24.125093,23.378535,25.926132,24.172723,23.966801,23.938193,0.028608,-0.043651,0.072259,54.560107,24.125093,26.650988,21.599199,0.704903,1.550700,0.061633,0.083847,0.086298,0.023553,-0.207759,0.006555,0.405391,0.867804,-0.207759,-0.207759,0.593261,25618850.000000,961944000.000000,-0.128655
2020-05-15,25.275000,25.809000,24.881001,25.184000,36819000,0.000000,0.000000,23.640315,24.139778,23.271798,23.555201,23.997983,23.293409,25.885168,24.194421,23.903478,23.909824,-0.006345,-0.036190,0.029845,48.699198,23.997983,26.356273,21.639693,0.406122,1.574823,0.066857,-0.063792,-0.051093,-0.069706,-0.253313,-0.066129,0.322640,0.890876,-0.258297,-0.258297,0.491623,26544000.000000,927249696.000000,-0.179672
2020-05-18,25.948999,26.299000,25.346001,25.747000,26604000,0.000000,0.000000,24.270726,24.598090,23.706727,24.081791,23.954678,23.227592,25.852222,24.220064,23.930911,23.922562,0.008349,-0.027282,0.035631,50.575111,23.954678,26.270957,21.638399,0.527439,1.536827,0.063817,0.022356,-0.018152,-0.077234,-0.203865,-0.054380,0.354298,0.887487,-0.241716,-0.241716,0.524970,26983050.000000,684973188.000000,-0.152707
2020-05-19,25.785000,26.820000,25.641001,26.166000,19015000,0.000000,0.000000,24.117327,25.085387,23.982642,24.473686,24.038997,23.219465,25.823167,24.248436,24.014415,23.963386,0.051029,-0.011620,0.062649,51.982362,24.038997,26.298427,21.779567,0.596194,1.505822,0.061528,0.016273,0.022189,-0.019008,-0.211533,-0.068091,0.454944,0.876299,-0.229376,-0.229376,0.549786,26434300.000000,497546490.000000,-0.147148
2020-05-20,26.799999,27.341999,26.712000,27.117001,20597000,0.000000,0.000000,25.066679,25.573625,24.984371,25.363178,24.036144,23.191994,25.802598,24.286119,24.221917,24.067074,0.154843,0.021672,0.133170,55.106741,24.036144,26.288363,21.783925,0.794606,1.476830,0.058227,0.036345,0.092590,0.113040,-0.169543,-0.030873,0.481687,0.824212,-0.201368,-0.201368,0.606113,25681250.000000,558528869.597000,-0.131066
2020-05-21,27.025000,27.129000,26.000000,26.070000,17727000,0.000000,0.000000,25.277134,25.374408,24.318427,24.383900,24.020898,23.165281,25.773370,24.318449,24.246837,24.090543,0.156295,0.048597,0.107698,51.159970,24.020898,26.258596,21.783200,0.581111,1.446769,0.059333,-0.038610,-0.030855,-0.040768,-0.172146,-0.048294,0.422423,0.735147,-0.232203,-0.232203,0.544100,25255150.000000,462142890.000000,-0.141686
2020-05-22,26.236000,26.382999,25.763000,26.114000,17559000,0.000000,0.000000,24.539162,24.676654,24.096754,24.425053,23.995037,23.211501,25.745633,24.350105,24.274255,24.115321,0.158934,0.070664,0.088270,51.317763,23.995037,26.199608,21.790465,0.597528,1.384850,0.056698,0.001688,0.036928,-0.010683,-0.125652,-0.037542,0.438116,0.728164,-0.230908,-0.230908,0.546706,25368650.000000,458535726.000000,-0.136855
2020-05-26,26.950001,27.205000,26.584000,26.636000,19099000,0.000000,0.000000,25.206987,25.445494,24.864657,24.913294,24.004156,23.222989,25.722908,24.381877,24.372569,24.174430,0.198138,0.096159,0.101979,53.247654,24.004156,26.223007,21.785305,0.704867,1.358821,0.054542,0.019989,0.034528,-0.001162,-0.083027,0.019752,0.495491,0.730582,-0.215534,-0.215534,0.577624,25255550.000000,508720964.000000,-0.124810
2020-05-27,26.832001,27.646000,25.820999,27.611000,24587000,0.000000,0.000000,25.096613,25.857966,24.150999,25.825230,24.070845,23.342418,25.704198,24.421046,24.596055,24.296712,0.299343,0.136796,0.162547,56.700373,24.070845,26.427273,21.714416,0.872255,1.383688,0.053579,0.036604,0.055224,0.044249,-0.063498,0.064827,0.576052,0.739878,-0.186819,-0.186819,0.635372,25619100.000000,678871657.000000,-0.111554
2020-05-28,27.299999,27.981001,26.537001,26.681999,22868000,0.000000,0.000000,25.534346,26.171304,24.820695,24.956316,24.009254,23.415162,25.679774,24.455414,24.651480,24.345571,0.305908,0.170618,0.135290,52.706288,24.009254,26.190555,21.827953,0.717087,1.381326,0.055350,-0.033646,-0.016041,0.018980,-0.060481,0.002109,0.534344,0.749689,-0.214179,-0.214179,0.580348,25684600.000000,610163953.132000,-0.154161
2020-05-29,27.051001,27.580000,26.608999,27.367001,27947000,0.000000,0.000000,25.301451,25.796237,24.888037,25.597013,24.095257,23.566100,25.666871,24.488665,24.796947,24.438271,0.358676,0.208230,0.150446,55.211576,24.095257,26.387413,21.803101,0.827586,1.347531,0.052644,0.025673,0.049751,-0.022572,-0.061746,0.025739,0.564748,0.714762,-0.194005,-0.194005,0.620920,25138400.000000,764825576.947000,-0.169422
2020-06-01,27.059999,27.627001,26.986000,27.097000,13785000,0.000000,0.000000,25.309871,25.840201,25.240658,25.344479,24.263381,23.710370,25.644888,24.523966,24.881182,24.505397,0.375785,0.241741,0.134044,53.997407,24.263381,26.390189,22.136574,0.754160,1.294103,0.051061,-0.009866,0.037643,0.061462,-0.092347,0.010446,0.584892,0.640711,-0.201957,-0.201957,0.604929,22970100.000000,373532145.000000,-0.159356
2020-06-02,27.240999,27.349001,26.709999,27.146000,16974000,0.000000,0.000000,25.479164,25.580180,24.982506,25.390308,24.436136,23.868796,25.619895,24.559297,24.959509,24.570946,0.388563,0.271105,0.117458,54.194275,24.436136,26.313337,22.558935,0.754148,1.244358,0.049009,0.001808,0.019147,0.155051,-0.063033,0.027865,0.607831,0.565535,-0.200514,-0.200514,0.597838,22503150.000000,460776204.000000,-0.169468
2020-06-03,27.851000,29.000000,27.555000,28.688999,24278000,0.000000,0.000000,26.049709,27.124396,25.772853,26.833509,24.642281,24.046863,25.611230,24.598998,25.247817,24.738544,0.509273,0.318739,0.190535,59.999606,24.642281,26.624224,22.660338,1.052798,1.279339,0.047677,0.056841,0.039042,0.223307,-0.057566,0.102361,0.623970,0.589297,-0.155070,-0.155070,0.688660,22582750.000000,696511517.722000,-0.131287
2020-06-04,28.552999,29.360001,28.316000,29.184000,20592000,0.000000,0.000000,26.706306,27.461113,26.484634,27.296495,24.863392,24.161347,25.610534,24.639660,25.562998,24.928021,0.634977,0.381987,0.252990,61.677583,24.863392,26.995833,22.730950,1.070497,1.257706,0.046076,0.017254,0.093771,0.201927,-0.018518,0.143561,0.634774,0.582903,-0.140492,-0.140492,0.717796,22436950.000000,600956928.000000,-0.118903
2020-06-05,29.989000,31.000000,29.938000,30.492001,24996000,0.000000,0.000000,28.049435,28.995047,28.001733,28.519903,25.131315,24.294855,25.619328,24.687033,26.017907,25.194087,0.823820,0.470353,0.353467,65.764421,25.131315,27.670999,22.591632,1.167128,1.289195,0.045203,0.044819,0.114189,0.246811,0.041912,0.171952,0.686582,0.595519,-0.101970,-0.101970,0.794787,22915900.000000,762178056.996000,-0.102504
2020-06-08,30.684999,30.802999,29.621000,29.759001,16894000,0.000000,0.000000,28.700421,28.810790,27.705237,27.834312,25.281856,24.364537,25.618041,24.730412,26.297354,25.389659,0.907695,0.557821,0.349873,61.787787,25.281856,28.087701,22.476010,0.954846,1.276078,0.045845,-0.024039,0.098240,0.201753,0.118742,0.135357,0.628051,0.607852,-0.123557,-0.123557,0.751642,22341550.000000,502748562.894000,-0.129548
2020-06-09,29.565001,30.577000,29.311001,30.233000,16321000,0.000000,0.000000,27.652857,28.599404,27.415285,28.277653,25.469388,24.478852,25.623437,24.774869,26.602015,25.603584,0.998431,0.645943,0.352487,63.331870,25.469388,28.550649,22.388128,0.955701,1.269509,0.044894,0.015928,0.113718,0.139149,0.057634,0.131899,0.615135,0.565036,-0.109597,-0.109597,0.779542,22276300.000000,493432793.000000,-0.135254
2020-06-10,30.141001,30.466999,29.945000,30.129999,16073000,0.000000,0.000000,28.191599,28.496513,28.008274,28.181309,25.681333,24.564902,25.620794,24.823483,26.844983,25.794527,1.050456,0.726846,0.323610,62.738570,25.681333,28.900413,22.462252,0.888306,1.213704,0.043068,-0.003407,0.050228,0.148991,0.095714,0.135787,0.610903,0.562230,-0.112631,-0.112631,0.773478,22197700.000000,484279473.927000,-0.164382
2020-06-11,29.229000,29.863001,28.188000,28.243000,20625000,0.000000,0.000000,27.338593,27.931589,26.364920,26.416363,25.841461,24.644274,25.598596,24.862835,26.779042,25.840589,0.938453,0.769167,0.169286,52.952081,25.841461,28.855830,22.827091,0.595360,1.256753,0.047575,-0.062628,-0.032243,0.103329,0.194553,0.056264,0.594296,0.603763,-0.168205,-0.168205,0.662409,21956000.000000,582511875.000000,-0.123552
2020-06-12,29.280001,29.440001,27.666000,28.452000,21638000,0.000000,0.000000,27.386287,27.535938,25.876673,26.611837,25.914042,24.758739,25.577720,24.903887,26.753318,25.897718,0.855600,0.786454,0.069146,53.811429,25.914042,28.929250,22.898833,0.615713,1.285504,0.048306,0.007400,-0.066903,0.146380,0.093387,0.039313,0.603331,0.589544,-0.162050,-0.162050,0.674710,21249900.000000,615644376.000000,-0.124258
2020-06-15,27.584999,29.174000,27.451000,29.114000,21095000,0.000000,0.000000,25.800916,27.287147,25.675583,27.231028,26.097833,24.890750,25.560563,24.946419,26.826812,25.996482,0.830330,0.795229,0.035101,56.520577,26.097833,28.951429,23.244237,0.698556,1.308794,0.048063,0.023268,-0.021674,0.082305,0.371577,0.028755,0.672094,0.523988,-0.142553,-0.142553,0.713676,20463700.000000,614159830.000000,-0.037054
2020-06-16,30.348000,30.875000,29.966999,30.548000,25483000,0.115000,0.000000,28.497780,28.992650,28.140007,28.685587,26.328023,25.056380,25.556947,24.994206,27.112777,26.195675,0.917102,0.819604,0.097499,62.138631,26.328023,29.239039,23.417006,0.904938,1.341139,0.046753,0.053416,0.014426,0.217803,0.345536,0.094277,0.805213,0.488162,-0.096753,-0.096753,0.771228,20407650.000000,778454684.000000,-0.003635
2020-06-17,31.059000,31.444000,30.761999,31.378000,18442000,0.000000,0.000000,29.165431,29.526959,28.886537,29.464983,26.577587,25.176615,25.566593,25.044577,27.474655,26.437846,1.036809,0.863045,0.173764,64.765744,26.577587,29.669441,23.485734,0.966936,1.305441,0.044305,0.027170,0.045551,0.223538,0.632400,0.114914,0.772770,0.489994,-0.072211,-0.072211,0.819353,20379000.000000,578673076.000000,0.214552
2020-06-18,31.400999,31.773001,31.253000,31.480000,12740000,0.000000,0.000000,29.486584,29.835906,29.347608,29.560768,26.787467,25.288532,25.589050,25.094308,27.795595,26.669174,1.126422,0.915720,0.210702,65.086372,26.787467,30.094604,23.480330,0.919290,1.247074,0.042187,0.003251,0.119032,0.207859,0.630400,0.094209,0.768925,0.490006,-0.069195,-0.069195,0.825267,19986150.000000,401055200.000000,0.239877
2020-06-19,32.029999,32.512001,31.354000,31.525000,26102000,0.000000,0.000000,30.077235,30.529851,29.442449,29.603024,27.048423,25.381598,25.604585,25.140262,28.073661,26.886496,1.187166,0.970009,0.217156,65.236663,27.048423,30.380555,23.716291,0.883328,1.235669,0.041741,0.001429,0.112401,0.167165,0.694603,0.105475,0.746995,0.480734,-0.067864,-0.067864,0.827876,20404900.000000,822865550.000000,0.248845
2020-06-22,31.200001,31.483999,30.705999,31.230000,15410000,0.000000,0.000000,29.297840,29.564524,28.833956,29.326010,27.293471,25.484967,25.620576,25.182463,28.266330,27.067201,1.199130,1.015833,0.183297,63.312569,27.293471,30.532838,24.054104,0.813725,1.202340,0.040999,-0.009358,0.076934,0.202679,0.635568,0.075452,0.739441,0.455129,-0.076587,-0.076587,0.810772,20297450.000000,481254300.000000,0.169752
2020-06-23,31.502001,31.906000,31.250000,31.598000,17647000,0.000000,0.000000,29.581424,29.960793,29.344787,29.671570,27.531385,25.594312,25.628187,25.225849,28.482521,27.260117,1.222404,1.057148,0.165257,64.710812,27.531385,30.733429,24.329341,0.834190,1.161800,0.039155,0.011783,0.034372,0.214801,0.375447,0.073051,0.777025,0.454368,-0.065706,-0.065706,0.832109,20224850.000000,557609906.000000,0.009639
2020-06-24,31.104000,31.663000,30.396999,30.577999,17909000,0.000000,0.000000,29.207691,29.732610,28.543794,28.713758,27.675811,25.658817,25.638065,25.263332,28.518096,27.367794,1.150302,1.075778,0.074524,58.100981,27.675811,30.813763,24.537860,0.665386,1.163730,0.040529,-0.032280,-0.025496,0.152548,0.314462,0.048851,0.772967,0.475060,-0.095865,-0.095865,0.719568,19890950.000000,547621384.091000,-0.027462
2020-06-25,30.816999,31.337999,30.061001,31.260000,15935000,0.000000,0.000000,28.938189,29.427425,28.228281,29.354181,27.895705,25.754275,25.644836,25.303279,28.646724,27.514934,1.131791,1.086981,0.044810,60.971539,27.895705,30.841754,24.949655,0.747531,1.166260,0.039731,0.022304,-0.006989,0.136647,0.205499,0.072135,0.757920,0.466415,-0.075700,-0.075700,0.756757,19544300.000000,498128100.000000,-0.079137
2020-06-26,31.240000,31.268999,30.035999,30.252001,42337000,0.000000,0.000000,29.335393,29.362624,28.204796,28.407629,28.036235,25.816025,25.626373,25.337540,28.609941,27.581059,1.028881,1.075361,-0.046480,54.976379,28.036235,30.781924,25.290546,0.567632,1.165657,0.041033,-0.032246,-0.040381,0.138294,0.259098,0.036015,0.656905,0.464918,-0.105505,-0.105505,0.700109,20263800.000000,1280778966.337000,-0.041452
2020-06-29,30.375000,30.900000,30.061001,30.846001,14762000,0.000000,0.000000,28.523133,29.016125,28.228277,28.965418,28.217282,25.873385,25.613283,25.374195,28.664629,27.683604,0.981025,1.056494,-0.075469,57.620834,28.217282,30.678416,25.756148,0.651990,1.138671,0.039311,0.019635,-0.012296,0.131594,0.213017,0.060746,0.674059,0.462260,-0.087941,-0.087941,0.733490,20312650.000000,455348666.762000,-0.057109
2020-06-30,31.118999,32.580002,30.893000,32.346001,27896000,0.000000,0.000000,29.221775,30.593705,29.009554,30.373970,28.466465,25.981906,25.616231,25.417574,28.927605,27.882891,1.044714,1.054138,-0.009424,63.457695,28.466465,30.723118,26.209813,0.922640,1.173644,0.038640,0.048629,0.023672,0.198445,0.353095,0.116739,0.723355,0.480522,-0.043589,-0.043589,0.817788,20858750.000000,902324043.896000,0.046778
2020-07-01,32.215000,32.277000,31.612000,31.747999,15271000,0.000000,0.000000,30.250957,30.309177,29.684719,29.812428,28.615411,26.122409,25.621113,25.458431,29.063732,28.025819,1.037912,1.050893,-0.012981,59.914824,28.615411,30.810653,26.420170,0.772639,1.139044,0.038207,-0.018488,0.038263,0.174166,0.427211,0.096618,0.728995,0.489460,-0.061271,-0.061271,0.784181,20408400.000000,484823692.729000,0.047614
2020-07-02,32.285999,32.744999,31.864000,32.369999,17112000,0.000000,0.000000,30.317621,30.748637,29.921350,30.396500,28.770412,26.221934,25.627718,25.501361,29.268773,28.201425,1.067347,1.054184,0.013164,62.274104,28.770412,31.010848,26.529975,0.862895,1.124556,0.036996,0.019592,0.035508,0.132781,0.473381,0.097496,0.785088,0.458797,-0.042880,-0.042880,0.819136,20234400.000000,553915422.888000,0.110057
2020-07-06,33.000999,33.699001,32.897999,33.495998,14148000,0.000000,0.000000,30.989041,31.644488,30.892320,31.453861,28.917109,26.357235,25.639466,25.549181,29.604940,28.442347,1.162594,1.075866,0.086728,66.157403,28.917109,31.453191,26.381028,1.000132,1.133372,0.036033,0.034786,0.107233,0.152304,0.541546,0.148005,0.859455,0.467973,-0.009586,-0.009586,0.882416,19692000.000000,473901379.704000,0.126445
2020-07-07,33.213001,33.727001,32.750000,32.789001,12765000,0.000000,0.000000,31.188115,31.670778,30.753341,30.789965,29.064892,26.474189,25.636254,25.594042,29.787252,28.616244,1.171008,1.094894,0.076113,61.852346,29.064892,31.678580,26.451205,0.830008,1.117948,0.036309,-0.021107,0.062991,0.079596,0.312823,0.145147,0.842684,0.456768,-0.030490,-0.030490,0.825776,19485550.000000,418551597.765000,0.005661
2020-07-08,33.278999,33.540001,32.938999,33.380001,9896000,0.000000,0.000000,31.250083,31.495172,30.930811,31.344927,29.218256,26.606469,25.632120,25.642391,30.026894,28.818369,1.208525,1.117620,0.090905,63.963367,29.218256,31.992474,26.444037,0.883292,1.088467,0.034725,0.018024,0.031967,0.126125,0.307953,0.138044,0.858684,0.447320,-0.013016,-0.013016,0.847181,19164300.000000,330328489.896000,-0.022357
2020-07-09,33.736000,33.893002,33.105000,33.576000,16599000,0.000000,0.000000,31.679222,31.826651,31.086691,31.528976,29.385639,26.747219,25.631947,25.690311,30.257984,29.019155,1.238829,1.141862,0.096967,64.661799,29.385639,32.297003,26.474275,0.868098,1.063574,0.033733,0.005872,0.057578,0.114979,0.263698,0.130492,0.858027,0.445877,-0.007220,-0.007220,0.851295,19190600.000000,557328024.000000,-0.039958
2020-07-10,33.508999,34.028999,33.064999,33.998001,14324000,0.000000,0.000000,31.466065,31.954363,31.049134,31.925255,29.661084,26.861962,25.648716,25.741308,30.514487,29.234421,1.280066,1.169503,0.110563,66.181594,29.661084,32.428444,26.893723,0.909085,1.052263,0.032960,0.012569,0.050294,0.132852,0.321544,0.152539,0.874563,0.445256,0.000000,0.000000,0.827537,18875550.000000,486987366.324000,0.019362
2020-07-13,34.299999,35.023998,33.685001,33.714001,21604000,0.000000,0.000000,32.208840,32.888699,31.631336,31.658567,29.913420,27.017594,25.654905,25.788328,30.690499,29.413988,1.276512,1.190905,0.085607,64.181110,29.913420,32.417960,27.408881,0.848397,1.066913,0.033701,-0.008354,0.006508,0.198445,0.307972,0.156851,0.797180,0.373203,-0.008354,-0.008354,0.812271,18873850.000000,728357277.604000,0.039624
2020-07-14,33.606998,34.750999,33.139999,34.605999,20188000,0.000000,0.000000,31.558083,32.632338,31.119556,32.496178,30.176678,27.227878,25.674455,25.838970,30.968296,29.642298,1.325998,1.217923,0.108075,67.503552,30.176678,32.599583,27.753773,0.978661,1.098761,0.033812,0.026458,0.055415,0.221117,0.274934,0.175676,0.830277,0.378034,0.000000,0.000000,0.860219,18828500.000000,698625907.812000,0.043264
2020-07-15,34.707001,34.880001,33.561001,34.321999,16370000,0.000000,0.000000,32.591034,32.753487,31.514901,32.229504,30.353874,27.433764,25.702206,25.894151,31.162328,29.833943,1.328385,1.240016,0.088369,65.422906,30.353874,32.835278,27.872469,0.877937,1.108749,0.034402,-0.008206,0.028221,0.183558,0.311142,0.152574,0.843375,0.379652,-0.008206,-0.008206,0.844954,18372850.000000,561851123.630000,0.054110
2020-07-16,34.027000,34.671001,33.889000,34.487999,11828000,0.000000,0.000000,31.952487,32.557225,31.822900,32.385380,30.499893,27.627259,25.746708,25.949102,31.350490,30.022938,1.327552,1.257523,0.070029,66.081015,30.499893,33.101835,27.897952,0.862323,1.082004,0.033410,0.004836,0.027162,0.128977,0.279036,0.167543,0.833836,0.342430,-0.003410,-0.003410,0.853877,18042150.000000,407924052.172000,0.051494
2020-07-17,34.785999,34.833000,34.115002,34.626999,11290000,0.000000,0.000000,32.665202,32.709338,32.035114,32.515896,30.647650,27.820091,25.800177,26.005039,31.529783,30.207602,1.322181,1.270454,0.051727,66.653324,30.647650,33.358394,27.936906,0.844600,1.052877,0.032380,0.004030,0.018501,0.103544,0.245943,0.143091,0.780760,0.333688,0.000000,0.000000,0.861348,17969650.000000,390938818.710000,0.031721
2020-07-20,34.626999,35.594002,34.201000,35.375000,12483000,0.000000,0.000000,32.515906,33.423954,32.115879,33.218304,30.828414,28.021229,25.856597,26.065594,31.789556,30.430617,1.358939,1.288151,0.070787,69.623836,30.828414,33.721860,27.934968,0.912983,1.071105,0.032244,0.021602,0.049267,0.123729,0.331507,0.160011,0.817028,0.338556,0.000000,0.000000,0.901557,17288700.000000,441586125.000000,0.073777
2020-07-21,35.737000,36.220001,35.234001,35.702000,17436000,0.000000,0.000000,33.558222,34.011777,33.085890,33.525356,31.038381,28.195266,25.926222,26.127199,32.056602,30.659857,1.396745,1.309870,0.086875,70.846417,31.038381,34.078523,27.998239,0.909023,1.060733,0.031640,0.009243,0.031671,0.132498,0.471230,0.168155,0.756474,0.338371,0.000000,0.000000,0.919134,17390000.000000,622500072.000000,0.178713
2020-07-22,35.997002,36.299999,35.650002,36.195999,10365000,0.000000,0.000000,33.802389,34.086914,33.476544,33.989254,31.254265,28.384511,25.993299,26.189169,32.353933,30.906479,1.447454,1.337387,0.110067,72.638198,31.254265,34.492493,28.016038,0.922297,1.028564,0.030261,0.013837,0.054601,0.159014,0.337094,0.174200,0.759130,0.334488,0.000000,0.000000,0.945689,17025900.000000,375171529.635000,0.076864
2020-07-23,35.884998,36.756001,35.091000,35.481998,17249000,0.000000,0.000000,33.697205,34.515105,32.951614,33.318775,31.484516,28.572038,26.047256,26.248310,32.502370,31.085167,1.417203,1.353350,0.063853,66.296163,31.484516,34.615239,28.353793,0.792945,1.066773,0.032017,-0.019726,0.028821,0.122919,0.349550,0.147059,0.667049,0.346708,-0.019726,-0.019726,0.907308,16992900.000000,612028983.502000,0.118034
2020-07-24,34.421001,34.799999,33.627998,34.571999,20028000,0.000000,0.000000,32.322457,32.678349,31.577801,32.464249,31.640020,28.757047,26.100915,26.305234,32.496505,31.187322,1.309184,1.344517,-0.035333,59.201656,31.640020,34.631048,28.648991,0.637784,1.114930,0.034343,-0.025647,-0.001588,0.130617,0.301575,0.139078,0.672310,0.338194,-0.044867,-0.044867,0.858392,17197550.000000,692407995.972000,0.101371
2020-07-27,34.743999,36.007999,34.667999,35.807999,17521000,0.000000,0.000000,32.625767,33.812704,32.554400,33.624897,31.900883,28.926341,26.152438,26.365448,32.670104,31.367883,1.302221,1.336058,-0.033836,64.723446,31.900883,34.600789,29.200977,0.819273,1.131610,0.033654,0.035752,0.012240,0.145489,0.359631,0.231004,0.732098,0.349348,-0.010720,-0.010720,0.924832,15956750.000000,627391950.479000,0.152749
2020-07-28,35.460999,35.893002,34.860001,34.893002,13324000,0.000000,0.000000,33.299054,33.704719,32.734697,32.765686,32.090896,29.110550,26.201980,26.420676,32.684809,31.471424,1.213385,1.311523,-0.098138,58.419936,32.090896,34.432012,29.749781,0.644117,1.120068,0.034184,-0.025553,-0.022660,0.153412,0.337841,0.168137,0.687277,0.340602,-0.035999,-0.035999,0.875647,15884850.000000,464914358.648000,0.129382
2020-07-29,35.209999,36.183998,34.900002,36.083000,21673000,0.000000,0.000000,33.063352,33.977970,32.772254,33.883129,32.266354,29.306577,26.267084,26.480347,32.869166,31.650069,1.219097,1.293038,-0.073941,63.410883,32.266354,34.591614,29.941094,0.847655,1.126655,0.033251,0.034104,-0.003122,0.169779,0.293835,0.222031,0.740692,0.350878,-0.003122,-0.003122,0.939614,15573700.000000,782026859.000000,0.111190
2020-07-30,36.778000,38.147999,36.708000,37.854000,25678000,0.000000,0.000000,34.535765,35.822240,34.470033,35.546165,32.553041,29.528027,26.373746,26.548709,33.281012,31.938668,1.342344,1.302899,0.039444,69.314202,32.553041,35.014281,30.091801,1.108052,1.184688,0.033328,0.049082,0.066851,0.170284,0.488723,0.229526,0.849851,0.351546,0.000000,0.000000,1.034813,16094050.000000,972015012.000000,0.297683
2020-07-31,37.956001,38.015999,36.929001,37.716000,20391000,0.000000,0.000000,35.641946,35.698286,34.677558,35.416576,32.804045,29.729095,26.460544,26.613752,33.609560,32.196291,1.413269,1.324973,0.088296,68.388274,32.804045,35.361313,30.246777,1.010805,1.172976,0.033119,-0.003646,0.090941,0.187980,0.611164,0.277379,0.868636,0.341197,-0.003646,-0.003646,1.027395,16258000.000000,769066956.000000,0.362433
2020-08-03,38.080002,38.770000,37.917999,38.140999,15178000,0.000000,0.000000,35.758388,36.406320,35.606262,35.815666,33.022135,29.957730,26.561505,26.684165,33.948961,32.464393,1.484568,1.356892,0.127676,69.729381,33.022135,35.826597,30.217673,0.998051,1.159888,0.032385,0.011268,0.065153,0.178283,0.632793,0.248929,0.905155,0.338985,0.000000,0.000000,1.050241,16309500.000000,578904082.822000,0.381138
2020-08-04,38.217999,38.575001,38.021999,38.495998,11482000,0.000000,0.000000,35.887966,36.223203,35.703917,36.149017,33.290088,30.192209,26.701855,26.755625,34.287431,32.737328,1.550103,1.395534,0.154569,70.842104,33.290088,36.217908,30.362268,0.988235,1.114131,0.030821,0.009307,0.103258,0.149271,0.591724,0.194853,1.027810,0.324869,0.000000,0.000000,1.069323,16245350.000000,442011049.036000,0.349697
2020-08-05,38.458000,38.709000,38.228001,38.347000,8460000,0.000000,0.000000,36.113342,36.349039,35.897365,36.009109,33.523297,30.414125,26.818557,26.827495,34.552305,32.979682,1.572623,1.430952,0.141671,69.684323,33.523297,36.540417,30.506177,0.911951,1.066813,0.029626,-0.003870,0.062745,0.169508,0.574218,0.189424,1.009681,0.311390,-0.003870,-0.003870,1.061314,16173550.000000,324415620.000000,0.332077
2020-08-06,37.700001,37.959999,37.078999,37.780998,16996000,0.000000,0.000000,35.401548,35.645695,34.818407,35.477608,33.720729,30.607173,26.974795,26.894505,34.694659,33.164714,1.529945,1.450751,0.079195,65.317075,33.720729,36.704959,30.736498,0.794361,1.075662,0.030319,-0.014760,-0.001929,0.131845,0.531754,0.179475,0.960765,0.318283,-0.018573,-0.018573,1.030889,16193400.000000,642125842.008000,0.294728
2020-08-07,37.838001,38.168999,36.645000,37.243999,13854000,0.000000,0.000000,35.531142,35.841959,34.410874,34.973354,33.873134,30.807514,27.111338,26.960637,34.737535,33.298687,1.438848,1.448370,-0.009522,61.386334,33.873134,36.781652,30.964615,0.689138,1.101049,0.031483,-0.014213,-0.012515,0.109245,0.408881,0.192645,0.884449,0.325980,-0.032523,-0.032523,1.002023,16169900.000000,515978362.146000,0.201711
2020-08-10,37.243999,37.681999,36.915001,37.576000,9292000,0.000000,0.000000,34.973351,35.384647,34.664410,35.285110,34.054461,31.001276,27.283688,27.029129,34.821778,33.445829,1.375948,1.433886,-0.057938,62.873903,34.054461,36.830839,31.278082,0.721629,1.073848,0.030433,0.008914,-0.014814,0.105241,0.438623,0.186609,0.961209,0.325176,-0.023898,-0.023898,1.019870,15554300.000000,349156192.000000,0.245417
2020-08-11,37.886002,38.087002,36.738998,36.901001,11101000,0.000000,0.000000,35.576216,35.764962,34.499142,34.651268,34.162215,31.187411,27.448891,27.079445,34.795545,33.535121,1.260424,1.399193,-0.138769,57.983015,34.162215,36.849810,31.474620,0.590983,1.087561,0.031386,-0.017963,-0.041433,0.094531,0.447275,0.144397,0.916266,0.331776,-0.041433,-0.041433,0.983586,15099950.000000,409638012.101000,0.249523
2020-08-12,37.217999,38.327999,36.993000,38.152000,12230000,0.000000,0.000000,34.948941,35.991269,34.737660,35.826000,34.342040,31.396125,27.632461,27.133574,34.954077,33.704816,1.249261,1.369207,-0.119946,63.629848,34.342040,36.965662,31.718418,0.782808,1.105592,0.030860,0.033902,-0.005085,0.102468,0.543306,0.151548,0.890881,0.338904,-0.008936,-0.008936,1.050832,14892950.000000,466598960.000000,0.300834
2020-08-13,38.000999,38.244999,37.438000,37.702000,10764000,0.000000,0.000000,35.684206,35.913329,35.155530,35.403435,34.492943,31.567524,27.807194,27.180407,35.023209,33.830640,1.192569,1.333879,-0.141310,60.481091,34.492943,36.986670,31.999215,0.682556,1.080750,0.030527,-0.011795,-0.002091,0.098479,0.407120,0.114778,0.936261,0.340872,-0.020625,-0.020625,1.026643,14839750.000000,405824328.000000,0.172454
2020-08-14,37.900002,38.499001,37.299999,37.363998,13446000,0.000000,0.000000,35.589350,36.151830,35.025928,35.086025,34.621449,31.723314,27.942331,27.227856,35.032873,33.923631,1.109242,1.288952,-0.179710,58.153195,34.621449,36.945306,32.297593,0.599958,1.083975,0.030895,-0.008966,0.003222,0.083391,0.489523,0.112207,0.914754,0.344139,-0.029406,-0.029406,1.008473,14947550.000000,502396317.108000,0.267134
2020-08-17,37.654999,38.417000,37.280998,37.908001,14184000,0.000000,0.000000,35.359293,36.074837,35.008094,35.596870,34.740377,31.864854,28.079854,27.277363,35.119642,34.047575,1.072067,1.245575,-0.173508,60.770249,34.740377,37.004571,32.476184,0.689139,1.082744,0.030417,0.014560,0.008835,0.094753,0.478165,0.176819,0.884100,0.346062,-0.015274,-0.015274,1.037716,15032600.000000,537687086.184000,0.272975
2020-08-18,38.195000,38.270000,37.292999,37.457001,10473000,0.000000,0.000000,35.866380,35.936808,35.019371,35.173374,34.822778,32.011635,28.188086,27.327772,35.127908,34.130967,0.996941,1.195848,-0.198907,57.556657,34.822778,37.019744,32.625813,0.579791,1.070936,0.030447,-0.011897,0.015067,0.058855,0.437192,0.133178,0.835377,0.344711,-0.026989,-0.026989,1.013473,14684450.000000,392287171.473000,0.216645
2020-08-19,37.403000,37.618999,36.826000,37.219002,10746000,0.000000,0.000000,35.122648,35.325478,34.580826,34.949867,34.870809,32.145079,28.311966,27.373720,35.100517,34.191627,0.908891,1.138457,-0.229566,55.877230,34.870809,37.032771,32.708847,0.518284,1.047630,0.029975,-0.006354,-0.024455,0.042491,0.377977,0.144350,0.835093,0.345356,-0.033172,-0.033172,1.000679,14703500.000000,399955395.492000,0.189120
2020-08-20,36.009998,36.340000,35.527000,35.849998,22140000,0.000000,0.000000,33.814586,34.124469,33.361035,33.664341,34.888087,32.254740,28.409821,27.413316,34.879567,34.152568,0.726999,1.056165,-0.329166,47.324145,34.888087,37.002831,32.773344,0.210663,1.086288,0.032268,-0.036782,-0.049122,-0.009559,0.380597,0.142932,0.757141,0.367672,-0.068734,-0.068734,0.927090,14948050.000000,793718955.720000,0.167340
2020-08-21,35.591999,35.671001,35.033001,35.344002,25555000,0.000000,0.000000,33.422068,33.496253,32.897150,33.189190,34.924334,32.390197,28.517235,27.450605,34.619509,34.081207,0.538302,0.952592,-0.414290,44.606330,34.924334,36.883262,32.965406,0.057119,1.063495,0.032043,-0.014114,-0.054062,-0.003889,0.358818,0.188079,0.712010,0.364417,-0.081878,-0.081878,0.899890,15224400.000000,903215971.110000,0.145703
2020-08-24,35.939999,36.067001,34.731998,35.102001,16823000,0.000000,0.000000,33.748856,33.868116,32.614503,32.961948,34.891187,32.517199,28.637969,27.487887,34.364500,33.998299,0.366201,0.835314,-0.469113,43.324838,34.891187,36.961940,32.820433,0.034170,1.077075,0.032676,-0.006847,-0.074021,0.015331,0.323067,0.213217,0.785731,0.353356,-0.088165,-0.088165,0.886882,15189500.000000,590520962.823000,0.104710
2020-08-25,35.305000,35.630001,35.049999,35.250000,13102000,0.000000,0.000000,33.152565,33.457751,32.913110,33.100918,34.907948,32.634597,28.762673,27.526512,34.170102,33.931826,0.238276,0.715907,-0.477630,44.377258,34.907948,36.910567,32.905330,0.048833,1.039044,0.031390,0.004216,-0.058921,-0.015583,0.281728,0.200340,0.784798,0.330370,-0.084320,-0.084320,0.894837,15178400.000000,461845500.000000,0.063493
2020-08-26,35.255001,35.400002,34.806999,35.180000,11947000,0.000000,0.000000,33.105619,33.241779,32.684930,33.035191,34.865552,32.721589,28.888984,27.565470,33.995501,33.865409,0.130092,0.598744,-0.468652,43.961466,34.865552,36.991620,32.739483,0.069543,1.004601,0.030410,-0.001986,-0.054783,0.008225,0.323721,0.243661,0.795253,0.317736,-0.086139,-0.086139,0.891075,14692100.000000,420295460.000000,0.078649
2020-08-27,35.486000,35.486000,33.859001,34.145000,19022000,0.000000,0.000000,33.322529,33.322529,31.794723,32.063286,34.691408,32.773555,28.975085,27.600226,33.698237,33.731918,-0.033681,0.472259,-0.505940,38.253848,34.691408,37.130292,32.252524,-0.038796,1.041973,0.032497,-0.029420,-0.047559,-0.053709,0.252618,0.175273,0.712349,0.309375,-0.113025,-0.113025,0.835439,14359300.000000,649506190.000000,0.027592
2020-08-28,34.265999,35.199001,34.145000,35.077999,15962000,0.000000,0.000000,32.176912,33.053032,32.063291,32.939407,34.567549,32.841127,29.064830,27.639941,33.581494,33.673214,-0.091720,0.359463,-0.451183,45.165213,34.567549,37.101136,32.033962,0.178688,1.038243,0.031520,0.027325,-0.007526,-0.073334,0.299668,0.179648,0.722035,0.270448,-0.088788,-0.088788,0.885592,14137850.000000,559915020.038000,0.075257
2020-08-31,34.855000,34.915001,33.624001,33.633999,25334000,0.000000,0.000000,32.729999,32.786342,31.574050,31.583439,34.355938,32.880736,29.131167,27.671742,33.274101,33.518416,-0.244315,0.238707,-0.483022,38.063919,34.355938,37.144716,31.567160,0.002919,1.061608,0.033613,-0.041166,-0.041821,-0.108230,0.243917,0.165510,0.628792,0.300316,-0.126299,-0.126299,0.807970,14645650.000000,852083730.666000,0.018376
2020-09-01,33.955002,34.650002,33.757000,34.056000,20873000,0.000000,0.000000,31.884877,32.537505,31.698947,31.979717,34.147473,32.933810,29.209388,27.704307,33.074965,33.404438,-0.329473,0.125071,-0.454544,40.984279,34.147473,36.994603,31.300342,0.119309,1.053926,0.032956,0.012547,-0.033872,-0.107103,0.191783,0.123177,0.630408,0.301235,-0.115336,-0.115336,0.830655,15115200.000000,710850888.000000,-0.041283
2020-09-02,34.598000,36.514000,34.424999,36.270000,27631000,0.000000,0.000000,32.488667,34.287855,32.326214,34.058731,34.049954,33.021553,29.307932,27.743292,33.226313,33.452904,-0.226591,0.054739,-0.281329,53.398843,34.049954,36.758856,31.341052,0.501620,1.143513,0.033575,0.065010,0.030983,-0.057824,0.247733,0.224627,0.668544,0.385164,-0.057824,-0.057824,0.949666,16073750.000000,1002176370.000000,-0.006082
2020-09-03,35.730000,35.730000,33.939999,34.153000,25566000,0.000000,0.000000,33.551652,33.551652,31.870782,32.070797,33.879613,33.088694,29.373755,27.772790,33.048542,33.350526,-0.301984,-0.016606,-0.285378,43.891244,33.879613,36.638513,31.120714,0.172185,1.218116,0.037982,-0.058368,0.000234,-0.109370,0.124506,0.171636,0.535538,0.431042,-0.112817,-0.112817,0.835869,16502250.000000,873155598.000000,-0.043011
2020-09-04,33.900002,33.990002,31.969000,33.312000,24709000,0.000000,0.000000,31.833231,31.917744,30.019956,31.281078,33.695000,33.127232,29.440754,27.801089,32.776624,33.197233,-0.420609,-0.097406,-0.323203,40.784606,33.695000,36.634002,30.755998,0.089330,1.277596,0.040842,-0.024624,-0.050345,-0.118287,0.123832,0.257277,0.489973,0.435148,-0.134663,-0.134663,0.790662,17045000.000000,823106208.000000,-0.016059
2020-09-08,31.096001,31.646000,30.219000,30.271999,31138000,0.000000,0.000000,29.200175,29.716643,28.376642,28.426411,33.352065,33.127607,29.471816,27.816332,32.107361,32.843839,-0.736478,-0.225221,-0.511258,31.974454,33.352065,37.020040,29.684089,-0.171440,1.393799,0.049032,-0.091259,-0.099958,-0.187198,0.005261,0.063197,0.339775,0.526564,-0.213633,-0.213633,0.627249,18137300.000000,942609504.862000,-0.084549
2020-09-09,31.096001,31.181000,30.033001,30.091000,30867000,0.000000,0.000000,29.200176,29.279993,28.201984,28.256447,33.032324,33.113428,29.493406,27.835461,31.514912,32.504032,-0.989120,-0.378001,-0.611119,31.537634,33.032324,37.290799,28.773848,-0.060750,1.371242,0.048528,-0.005979,-0.116426,-0.199196,0.002666,0.098635,0.322577,0.522589,-0.218334,-0.218334,0.617519,19125600.000000,928818897.000000,-0.109227
2020-09-10,30.375999,30.570999,29.577999,29.750999,20852000,0.000000,0.000000,28.524073,28.707185,27.774725,27.937178,32.637883,33.064692,29.523299,27.853882,30.964492,32.165747,-1.201255,-0.542651,-0.658604,30.689483,32.637883,37.253272,28.022493,-0.009242,1.339901,0.047961,-0.011299,-0.179735,-0.193762,0.057571,0.263325,0.296066,0.521818,-0.227166,-0.227166,0.599243,19556700.000000,620367831.148000,-0.092740
2020-09-11,30.054001,30.334000,29.228001,29.399000,17272000,0.000000,0.000000,28.221705,28.484634,27.446064,27.606638,32.248043,33.020576,29.571493,27.867396,30.447899,31.828035,-1.380136,-0.710148,-0.669988,29.796064,32.248043,37.185744,27.310341,0.030004,1.318377,0.047756,-0.011832,-0.139197,-0.229424,0.037382,0.134260,0.276042,0.497157,-0.236310,-0.236310,0.580321,19882100.000000,507779528.000000,-0.094516
2020-09-14,30.177000,30.862000,29.962999,30.542000,19547000,0.000000,0.000000,28.337208,28.980445,28.136254,28.679955,31.927739,32.986246,29.604090,27.886022,30.175907,31.594844,-1.418936,-0.851906,-0.567030,36.282592,31.927739,36.921092,26.934386,0.174789,1.322336,0.046107,0.038879,-0.083153,-0.189910,0.053209,0.444557,0.321770,0.527314,-0.206619,-0.206619,0.641762,20187150.000000,597004474.000000,-0.083603
2020-09-15,31.061001,31.282000,30.299999,30.893000,17141000,0.000000,0.000000,29.167307,29.374832,28.452701,29.009548,31.598373,32.937359,29.647297,27.905657,29.996468,31.403340,-1.406873,-0.962899,-0.443974,38.171767,31.598373,36.439386,26.757360,0.232615,1.293750,0.044597,0.011492,0.020514,-0.173188,0.011294,0.360731,0.340488,0.532288,-0.197501,-0.197501,0.660630,20335000.000000,529536913.000000,-0.119514
2020-09-16,31.167000,31.438000,30.586000,30.660000,14157000,0.000000,0.000000,29.266846,29.521324,28.721268,28.790756,31.279242,32.897375,29.685782,27.926101,29.810973,31.209816,-1.398842,-1.050088,-0.348754,37.379475,31.279242,35.967039,26.591445,0.234578,1.258486,0.043711,-0.007542,0.018909,-0.191200,-0.022882,0.595047,0.320040,0.525704,-0.203554,-0.203554,0.648105,20519200.000000,434053620.000000,-0.137905
2020-09-17,29.617001,30.858999,29.617001,30.589001,19136000,0.000000,0.000000,27.811346,28.977624,27.811346,28.724087,30.967953,32.844958,29.725714,27.948012,29.643760,31.025688,-1.381927,-1.116456,-0.265472,37.126600,30.967953,35.451858,26.484048,0.249787,1.251900,0.043584,-0.002316,0.028167,-0.183357,-0.028304,0.584254,0.312217,0.526206,-0.205398,-0.205398,0.644289,20938700.000000,585351123.136000,-0.125581
2020-09-18,30.826000,31.083000,30.188999,30.721001,26603000,0.000000,0.000000,28.946638,29.187969,28.348473,28.848040,30.727138,32.791340,29.769279,27.972904,29.521342,30.864380,-1.343039,-1.161772,-0.181266,37.966860,30.727138,35.117663,26.336613,0.286005,1.222443,0.042375,0.004315,0.044968,-0.174588,-0.025504,0.651384,0.322220,0.528194,-0.201969,-0.201969,0.651384,21161850.000000,817270789.603000,-0.110679
2020-09-21,30.507999,31.782000,30.070000,31.496000,18802000,0.000000,0.000000,28.648028,29.844357,28.236732,29.575794,30.546468,32.744350,29.803156,27.999106,29.529719,30.768930,-1.239211,-1.177260,-0.061951,42.800267,30.546468,34.805834,26.287103,0.386054,1.249956,0.042263,0.025227,0.031236,-0.121450,0.008517,0.649499,0.364505,0.530122,-0.181837,-0.181837,0.693044,20824200.000000,592187792.000000,-0.063309
2020-09-22,31.833000,31.973000,31.018999,31.868999,15072000,0.000000,0.000000,29.892244,30.023708,29.127870,29.926048,30.394673,32.709700,29.863647,28.026157,29.590693,30.706494,-1.115801,-1.164968,0.049167,45.020573,30.394673,34.505377,26.283969,0.442999,1.224662,0.040923,0.011843,0.031593,-0.098319,0.008576,0.387244,0.363684,0.532493,-0.172148,-0.172148,0.713094,20736650.000000,480329552.928000,-0.073571
2020-09-23,32.237999,32.758999,31.586000,31.702000,22289000,0.000000,0.000000,30.272549,30.761785,29.660301,29.769228,30.228089,32.655161,29.941519,28.050091,29.618160,30.637067,-1.018907,-1.135756,0.116849,44.193432,30.228089,34.142364,26.313813,0.441386,1.215863,0.040843,-0.005240,0.033986,-0.096861,0.036758,0.362780,0.370226,0.532428,-0.176486,-0.176486,0.704117,21196000.000000,706605878.000000,-0.036287
2020-09-24,31.402000,33.417999,31.402000,32.716999,22068000,0.000000,0.000000,29.487522,31.380612,29.487522,30.722349,30.112447,32.625018,30.029391,28.079642,29.788035,30.643384,-0.855349,-1.079675,0.224326,50.184010,30.112447,33.808088,26.416805,0.582516,1.264237,0.041150,0.032017,0.069567,-0.071858,0.046609,0.261686,0.380500,0.546550,-0.150119,-0.150119,0.758678,21702050.000000,721998733.932000,-0.018807
2020-09-25,32.472000,33.188999,32.200001,33.027000,15512000,0.000000,0.000000,30.492294,31.165580,30.236878,31.013458,30.059955,32.597579,30.112419,28.109663,29.976562,30.670797,-0.694235,-1.002587,0.308351,51.882937,30.059955,33.667705,26.452206,0.632146,1.240270,0.039991,0.009475,0.075063,-0.061199,0.091730,0.374595,0.386523,0.548249,-0.142066,-0.142066,0.775342,21526550.000000,512314824.000000,-0.026781
2020-09-28,33.141998,33.785000,32.869999,33.660999,17928000,0.000000,0.000000,31.121442,31.725242,30.866025,31.608801,29.993425,32.579437,30.199764,28.139680,30.227675,30.740279,-0.512603,-0.904590,0.391987,55.244554,29.993425,33.422234,26.564616,0.735559,1.213052,0.038377,0.019196,0.068739,-0.014175,0.091260,0.323717,0.491449,0.543936,-0.125597,-0.125597,0.809422,21624850.000000,603474390.072000,-0.034663
2020-09-29,33.393002,34.256001,33.379002,33.771000,17997000,0.130000,0.000000,31.478710,32.292237,31.465513,31.835039,30.006005,32.551772,30.286501,28.166506,30.474962,30.821372,-0.346410,-0.792954,0.446544,56.488596,30.006005,33.461122,26.550888,0.764685,1.185457,0.037237,0.007157,0.063790,-0.033527,0.048103,0.418183,0.487954,0.535541,-0.119339,-0.119339,0.822373,21258000.000000,607776687.000000,-0.053946
2020-09-30,33.523998,33.823002,33.020000,33.174999,19892000,0.000000,0.000000,31.602203,31.884066,31.127097,31.273211,29.970680,32.506729,30.350998,28.191801,30.597770,30.854842,-0.257072,-0.685778,0.428706,52.579903,29.970680,33.354543,26.586816,0.692462,1.154851,0.036928,-0.017648,0.050521,-0.009822,0.048999,0.497143,0.466263,0.519306,-0.134881,-0.134881,0.790211,21208950.000000,659917080.108000,-0.050746
2020-10-01,33.914001,33.924999,33.313999,33.912998,16935000,0.000000,0.000000,31.969845,31.980212,31.404238,31.968899,29.866188,32.466322,30.425417,28.219506,30.808713,30.937364,-0.128652,-0.574353,0.445701,56.585788,29.866188,32.820307,26.912070,0.855895,1.122861,0.035124,0.022245,0.040575,-0.000338,0.051730,0.549598,0.514592,0.523318,-0.115636,-0.115636,0.830036,20674150.000000,574316621.130000,-0.057883
2020-10-02,32.936001,33.585999,32.855999,32.870998,11960000,0.000000,0.000000,31.047913,31.660649,30.972498,30.986637,29.811980,32.419679,30.495859,28.239361,30.836086,30.941014,-0.104929,-0.480468,0.375539,50.144708,29.811980,32.632533,26.991427,0.708232,1.113828,0.035945,-0.030726,-0.000865,-0.090200,-0.014854,0.518648,0.461326,0.477746,-0.142808,-0.142808,0.773807,19993850.000000,393137136.080000,-0.076325
2020-10-05,33.299999,34.305000,33.261002,34.223000,15403000,0.000000,0.000000,31.391047,32.338435,31.354285,32.261135,29.860983,32.415617,30.586332,28.266773,31.055324,31.038801,0.016523,-0.381070,0.397593,56.986266,29.860983,32.819674,26.902292,0.905610,1.130826,0.035052,0.041131,0.020638,0.005935,0.047781,0.375551,0.493907,0.459171,-0.107552,-0.107552,0.846764,19528550.000000,527136869.000000,-0.047793
2020-10-06,34.096001,35.108002,33.941002,34.098000,14251000,0.000000,0.000000,32.141403,33.095390,31.995290,32.143288,30.046827,32.385985,30.656163,28.291147,31.222703,31.120615,0.102088,-0.284438,0.386526,56.218049,30.046827,33.091787,27.001867,0.844251,1.128632,0.035113,-0.003653,0.009683,0.027563,0.025470,0.341267,0.495696,0.450263,-0.110812,-0.110812,0.840018,18684200.000000,485930598.000000,-0.037632
2020-10-07,34.740002,35.150002,34.351002,34.577000,11084000,0.000000,0.000000,32.748491,33.134987,32.381791,32.594833,30.263746,32.382568,30.746559,28.315863,31.433800,31.229816,0.203984,-0.186754,0.390737,58.525144,30.263746,33.388747,27.138745,0.872974,1.118851,0.034326,0.014048,0.042261,0.146639,0.033806,0.306418,0.546281,0.298582,-0.098320,-0.098320,0.865867,17695050.000000,383251468.000000,-0.043637
2020-10-08,34.837002,35.567001,34.700001,35.542999,11930000,0.000000,0.000000,32.839930,33.528081,32.710782,33.505455,30.542160,32.375014,30.840796,28.346509,31.752516,31.398382,0.354134,-0.078576,0.432710,62.784254,30.542160,33.784389,27.299931,0.956984,1.105593,0.032997,0.027938,0.048064,0.185763,0.049497,0.386956,0.552459,0.303504,-0.073130,-0.073130,0.917995,17248950.000000,424027978.070000,-0.026184
2020-10-09,36.090000,36.466000,35.917000,36.271000,11957000,0.000000,0.000000,34.021099,34.375544,33.858016,34.191723,30.871414,32.347926,30.937976,28.380571,32.127779,31.605296,0.522483,0.041636,0.480847,65.647341,30.871414,34.194890,27.547939,0.999524,1.088772,0.031843,0.020482,0.103434,0.223879,0.080015,0.412629,0.574196,0.297528,-0.054145,-0.054145,0.957279,16983200.000000,433692347.000000,-0.034423
2020-10-12,36.943001,37.339001,36.713001,37.011002,14547000,0.000000,0.000000,34.825199,35.198497,34.608384,34.889301,31.181882,32.337380,31.033237,28.417918,32.552628,31.848556,0.704073,0.174123,0.529950,68.315652,31.181882,34.791203,27.572560,1.013590,1.082915,0.031039,0.020402,0.081465,0.263801,0.073643,0.368824,0.589578,0.288779,-0.034848,-0.034848,0.997212,16733200.000000,538399046.094000,-0.058661
2020-10-13,37.200001,37.849998,36.740002,37.418999,12292000,0.000000,0.000000,35.067463,35.680199,34.633834,35.273907,31.495099,32.326545,31.142137,28.457754,32.971287,32.102285,0.869001,0.313099,0.555902,69.712494,31.495099,35.386865,27.603334,0.985488,1.080304,0.030626,0.011024,0.097396,0.229915,0.094460,0.434992,0.612610,0.270911,-0.024208,-0.024208,1.019228,16490750.000000,459954335.708000,-0.030028
2020-10-14,37.532001,38.195999,37.021000,37.424000,14145000,0.000000,0.000000,35.380436,36.006369,34.898728,35.278625,31.819493,32.309137,31.250673,28.498153,33.326262,32.337570,0.988692,0.448217,0.540475,69.730124,31.819493,35.841530,27.797456,0.930022,1.082257,0.030677,0.000134,0.082338,0.216104,0.089338,0.393302,0.574380,0.272994,-0.024078,-0.024078,1.019498,16490150.000000,529362480.000000,-0.034294
2020-10-15,36.277000,37.630001,35.891998,37.549000,16829000,0.000000,0.000000,34.197377,35.472815,33.834446,35.396458,32.153111,32.296884,31.355505,28.539206,33.644753,32.564154,1.080599,0.574694,0.505906,70.196712,32.153111,36.200900,28.105323,0.900632,1.121979,0.031697,0.003340,0.056439,0.229438,0.088589,0.356321,0.628691,0.266970,-0.020818,-0.020818,1.026244,16374800.000000,631912121.000000,-0.026678
2020-10-16,37.650002,37.650002,36.465000,36.495998,15911000,0.000000,0.000000,35.491672,35.491672,34.374603,34.403824,32.430901,32.275408,31.441291,28.572744,33.761534,32.700426,1.061108,0.671976,0.389131,61.584723,32.430901,36.281415,28.580386,0.756190,1.121628,0.032602,-0.028043,0.006203,0.197734,0.035689,0.379027,0.574032,0.295318,-0.048278,-0.048278,0.969421,15840200.000000,580687824.178000,-0.048314
2020-10-19,36.750000,36.966000,36.201000,36.356998,13590000,0.000000,0.000000,34.643265,34.846882,34.125737,34.272793,32.665751,32.261397,31.534455,28.607115,33.840189,32.816898,1.023291,0.742239,0.281052,60.529072,32.665751,36.352527,28.978974,0.717947,1.093022,0.031892,-0.003809,-0.017670,0.188046,0.022295,0.504030,0.584140,0.298198,-0.051902,-0.051902,0.961920,15579600.000000,494091602.820000,-0.052471
2020-10-20,36.599998,36.851002,36.250000,36.356998,9326000,0.000000,0.000000,34.501863,34.738477,34.171928,34.272793,32.883088,32.241151,31.621213,28.644042,33.906743,32.924742,0.982002,0.790192,0.191810,60.529072,32.883088,36.398331,29.367845,0.697668,1.055417,0.030795,0.000000,-0.028381,0.158812,0.008342,0.348248,0.552519,0.293028,-0.051902,-0.051902,0.961920,15292300.000000,339065363.348000,-0.067349
2020-10-21,36.307999,37.099998,36.202000,36.661999,16811000,0.000000,0.000000,34.226607,34.973205,34.126685,34.560314,33.122642,32.239332,31.713372,28.679130,34.007293,33.045895,0.961397,0.824433,0.136964,62.178928,33.122642,36.388564,29.856720,0.720102,1.040496,0.030107,0.008389,-0.020361,0.154857,0.037262,0.399837,0.589202,0.292583,-0.043949,-0.043949,0.978379,15018400.000000,616324865.189000,-0.060551
2020-10-22,36.035999,36.333000,35.307999,35.800999,22331000,0.000000,0.000000,33.970194,34.250169,33.283927,33.748665,33.273958,32.197785,31.796955,28.708425,33.967504,33.097952,0.869552,0.833457,0.036095,55.168518,33.273958,36.346322,30.201594,0.577254,1.057345,0.031330,-0.023485,-0.046552,0.133676,0.039564,0.353070,0.563393,0.308620,-0.066402,-0.066402,0.931917,15031550.000000,799472108.669000,-0.070714
2020-10-23,36.000000,36.250000,35.032001,35.391998,12317000,0.000000,0.000000,33.936269,34.171937,33.023761,33.363121,33.391441,32.156979,31.862251,28.736741,33.874522,33.117594,0.756927,0.818151,-0.061223,52.160161,33.391441,36.273666,30.509217,0.495087,1.063833,0.031886,-0.011424,-0.030250,0.085956,-0.007785,0.349046,0.356880,0.299330,-0.077067,-0.077067,0.909847,14871800.000000,435923239.366000,-0.103835
2020-10-26,35.035999,35.347000,34.330002,34.763000,12365000,0.000000,0.000000,33.027521,33.320693,32.361996,32.770172,33.449510,32.110662,31.916988,28.763761,33.704622,33.091859,0.612762,0.777073,-0.164311,47.839475,33.449510,36.225346,30.673673,0.377634,1.059354,0.032327,-0.017773,-0.043843,0.056644,0.000137,0.338024,0.310803,0.307928,-0.093470,-0.093470,0.875904,14593650.000000,429844495.000000,-0.091849
2020-10-27,34.853001,34.966999,34.254002,34.382999,10757000,0.000000,0.000000,32.855019,32.962482,32.290358,32.411961,33.478356,32.046964,31.955909,28.787618,33.505751,33.041497,0.464254,0.714509,-0.250255,45.393171,33.478356,36.194908,30.761803,0.303723,1.031695,0.031831,-0.010931,-0.054295,0.025409,-0.043419,0.237658,0.244846,0.305398,-0.103379,-0.103379,0.855398,14231650.000000,369857920.243000,-0.127685
2020-10-28,33.693001,34.453999,33.331001,33.889999,16392000,0.000000,0.000000,31.761514,32.478887,31.420267,31.947220,33.512056,31.982440,31.997038,28.807539,33.265977,32.960439,0.305538,0.632715,-0.327177,42.366251,33.512056,36.128296,30.895817,0.200938,1.033618,0.032354,-0.014339,-0.075610,0.003524,-0.101247,0.337994,0.248121,0.309319,-0.116235,-0.116235,0.828795,14056650.000000,555524863.608000,-0.140638
2020-10-29,33.902000,35.819000,33.880001,35.326000,16077000,0.000000,0.000000,31.958532,33.765638,31.937794,33.300900,33.578656,31.949461,32.047270,28.835354,33.271350,32.985658,0.285691,0.563310,-0.277619,52.336120,33.578656,36.095417,31.061895,0.444819,1.090348,0.032742,0.042372,-0.013268,0.064838,-0.059737,0.514918,0.295991,0.334199,-0.078788,-0.078788,0.906285,14013750.000000,567936102.000000,-0.100715
2020-10-30,34.805000,35.271999,33.827000,34.208000,17499000,0.000000,0.000000,32.809767,33.249994,31.887831,32.246990,33.641674,31.921114,32.087927,28.854361,33.113756,32.930942,0.182814,0.487211,-0.304397,45.706846,33.641674,35.938686,31.344662,0.196413,1.113400,0.034527,-0.031648,-0.033454,0.008699,-0.099640,0.470101,0.285165,0.347398,-0.107943,-0.107943,0.845955,14290700.000000,598605792.000000,-0.100446
2020-11-02,34.812000,35.446999,34.518002,35.095001,13428000,0.000000,0.000000,32.816364,33.414960,32.539219,33.083141,33.682774,31.918993,32.154595,28.876595,33.109046,32.942216,0.166830,0.423135,-0.256305,51.008937,33.682774,35.903942,31.461606,0.365019,1.117298,0.033772,0.025930,0.009550,0.067658,-0.084812,0.456727,0.284277,0.338264,-0.084812,-0.084812,0.893820,14191950.000000,471255673.428000,-0.086315
2020-11-03,35.668999,37.317001,35.512001,37.053001,17162000,0.000000,0.000000,33.624227,35.177756,33.476230,34.928890,33.822054,31.958332,32.237765,28.907743,33.389022,33.089377,0.299645,0.398437,-0.098792,60.239473,33.822054,35.985353,31.658755,0.755821,1.187106,0.033986,0.055791,0.077654,0.082693,-0.029998,0.526994,0.356709,0.361890,-0.033753,-0.033753,0.999478,14337500.000000,635903603.162000,-0.044743
2020-11-04,37.389000,38.320000,36.728001,38.034000,15280000,0.000000,0.000000,35.245632,36.123261,34.622525,35.853657,33.984996,32.013387,32.323992,28.942277,33.768197,33.294139,0.474058,0.413561,0.060497,63.908565,33.984996,36.247723,31.722268,0.912922,1.209508,0.033735,0.026476,0.122278,0.115432,0.010600,0.547990,0.393381,0.368809,-0.008171,-0.008171,1.052416,14547300.000000,581159520.000000,-0.032856
2020-11-05,39.000000,40.034000,38.845001,39.971001,18129000,0.000000,0.000000,36.764278,37.739003,36.618165,37.679615,34.193703,32.106275,32.413932,28.985440,34.369953,33.618989,0.750964,0.481042,0.269923,69.828836,34.193703,36.979712,31.407695,1.125610,1.257782,0.033381,0.050928,0.131489,0.156000,0.077381,0.517901,0.477311,0.400392,0.000000,0.000000,1.156941,14857250.000000,724634277.129000,-0.002535
2020-11-06,39.987999,41.201000,39.584999,40.942001,14738000,0.000000,0.000000,37.695642,38.839107,37.315745,38.594955,34.413865,32.236909,32.505232,29.035912,35.019954,33.987579,1.032375,0.591308,0.441066,72.283293,34.413865,37.825003,31.002727,1.112858,1.276752,0.033081,0.024293,0.196854,0.151901,0.093803,0.573570,0.520928,0.398209,0.000000,0.000000,1.209339,14996300.000000,603403210.738000,0.009299
2020-11-09,42.500000,43.599998,41.581001,41.627998,19352000,0.000000,0.000000,40.063632,41.100572,39.197316,39.241619,34.631481,32.362953,32.602040,29.095545,35.669441,34.376767,1.292674,0.731581,0.561092,73.898786,34.631481,38.668269,30.594693,1.071016,1.364528,0.034772,0.016755,0.186152,0.147694,0.132473,0.638999,0.554521,0.396832,0.000000,0.000000,1.246357,15236550.000000,805585017.296000,0.046135
2020-11-10,40.909000,41.574001,40.445999,40.786999,14856000,0.000000,0.000000,38.563841,39.190720,38.127382,38.448833,34.790227,32.500261,32.690498,29.147542,36.097039,34.678402,1.418638,0.868993,0.549645,68.618397,34.790227,39.168640,30.411815,0.917801,1.346650,0.035024,-0.020203,0.100775,0.102024,0.073210,0.656292,0.531089,0.404252,-0.020203,-0.020203,1.200975,15364750.000000,605931657.144000,0.024027
2020-11-11,41.198002,42.861000,41.000000,42.400002,14416000,0.000000,0.000000,38.836278,40.403943,38.649627,39.969372,35.024765,32.660054,32.796932,29.208754,36.692783,35.070325,1.622458,1.019686,0.602772,72.654326,35.024765,39.978120,30.071410,0.999117,1.390112,0.034779,0.039547,0.114792,0.133114,0.128969,0.588594,0.599007,0.421372,0.000000,0.000000,1.288017,15378300.000000,611238428.832000,0.061599
2020-11-12,42.485001,42.599998,41.634998,41.846001,9502000,0.000000,0.000000,40.049497,40.157902,39.248222,39.447128,35.227298,32.767822,32.894687,29.261437,37.116528,35.394533,1.721995,1.160148,0.561848,69.355134,35.227298,40.561270,29.893327,0.895562,1.355795,0.034370,-0.013066,0.046909,0.118159,0.124297,0.674667,0.563923,0.426259,-0.013066,-0.013066,1.258121,15011950.000000,397620701.502000,0.061654
2020-11-13,42.522999,42.974998,42.409000,42.631001,11360000,0.000000,0.000000,40.085316,40.511404,39.977852,40.187126,35.516463,32.930148,33.009421,29.323743,37.588928,35.749540,1.839388,1.295996,0.543392,71.340996,35.516463,41.272794,29.760132,0.905698,1.334972,0.033219,0.018759,0.041253,0.135343,0.128951,0.668776,0.578029,0.428537,0.000000,0.000000,1.300482,14784400.000000,484288171.360000,0.066096
2020-11-16,43.080002,43.965000,42.707001,43.929001,13465000,0.000000,0.000000,40.610388,41.444653,40.258770,41.410717,35.873359,33.132741,33.129986,29.387411,38.176895,36.168886,2.008009,1.438398,0.569611,74.305927,35.873359,42.165224,29.581495,0.940041,1.329441,0.032104,0.030447,0.055275,0.203666,0.177331,0.692051,0.576838,0.417038,0.000000,0.000000,1.370525,14778150.000000,591503998.465000,0.113706
2020-11-17,43.549999,43.782001,42.895000,43.193001,9919000,0.000000,0.000000,41.053441,41.272143,40.435990,40.716908,36.195565,33.378551,33.253079,29.439726,38.567667,36.505777,2.061890,1.563097,0.498793,69.890621,36.195565,42.794811,29.596319,0.842565,1.304104,0.032029,-0.016754,0.058989,0.188024,0.165009,0.605355,0.555793,0.424468,-0.016754,-0.016754,1.330809,14807800.000000,428431376.919000,0.097465
2020-11-18,43.611000,43.883999,43.000000,43.033001,13047000,0.000000,0.000000,41.110939,41.368288,40.534965,40.566074,36.495853,33.624744,33.369086,29.491184,38.875114,36.806539,2.068574,1.664192,0.404382,68.931662,36.495853,43.324378,29.667328,0.798031,1.270477,0.031319,-0.003704,0.014929,0.183623,0.205016,0.663642,0.583297,0.425603,-0.020397,-0.020397,1.322174,14619600.000000,561451564.047000,0.157377
2020-11-19,42.896000,43.887001,42.500000,43.768002,11248000,0.000000,0.000000,40.436940,41.371131,40.063641,41.258953,36.871368,33.891179,33.477936,29.547083,39.241858,37.136348,2.105510,1.752456,0.353055,70.906451,36.871368,43.887236,29.855499,0.812690,1.273121,0.030857,0.017080,0.045930,0.193825,0.243144,0.689206,0.625790,0.426664,-0.003665,-0.003665,1.361838,14065450.000000,492302486.496000,0.190729
2020-11-20,43.849998,44.495998,43.338001,43.363998,14456000,0.000000,0.000000,41.336245,41.945212,40.853598,40.878105,37.247117,34.156608,33.588592,29.604853,39.493589,37.413515,2.080074,1.817979,0.262094,68.335305,37.247117,44.276811,30.217423,0.758261,1.260156,0.030827,-0.009231,0.017194,0.211251,0.240160,0.640815,0.673225,0.415787,-0.012862,-0.012862,1.340036,14172400.000000,626869955.088000,0.198398
2020-11-23,43.658001,44.987000,43.505001,44.874001,10885000,0.000000,0.000000,41.155261,42.408073,41.011032,42.301552,37.723686,34.429040,33.707643,29.667680,39.925583,37.775592,2.149991,1.884382,0.265609,72.368262,37.723686,44.767769,30.679603,0.824944,1.279428,0.030245,0.034822,0.021512,0.267914,0.277957,0.637993,0.744179,0.417336,0.000000,0.000000,1.421521,14098400.000000,488453500.885000,0.241838
2020-11-24,45.000000,45.112000,44.075001,44.644001,12009000,0.000000,0.000000,42.420323,42.525902,41.548350,42.084732,38.207324,34.690544,33.813952,29.726709,40.257760,38.094787,2.162972,1.940100,0.222872,70.887248,38.207324,45.040940,31.373709,0.783701,1.257866,0.029889,-0.005126,0.033594,0.284239,0.273936,0.686336,0.689892,0.408287,-0.005126,-0.005126,1.409109,14161000.000000,536129808.009000,0.242069
2020-11-25,44.845001,44.952999,44.049999,44.678001,8489000,0.000000,0.000000,42.274210,42.376016,41.524782,42.116783,38.715803,34.957065,33.927220,29.781737,40.543763,38.392713,2.151050,1.982290,0.168760,70.981786,38.715803,45.085813,32.345792,0.766953,1.228820,0.029177,0.000762,0.038227,0.299421,0.313552,0.645379,0.687729,0.401864,-0.004368,-0.004368,1.410944,13765850.000000,379271550.489000,0.273204
2020-11-27,45.019001,46.062000,44.981998,45.653999,7279000,0.000000,0.000000,42.438238,43.421447,42.403357,43.036835,39.202599,35.243320,34.044139,29.838129,40.927313,38.736722,2.190591,2.023950,0.166641,73.629102,39.202599,45.313015,33.092183,0.813746,1.234238,0.028679,0.021845,0.043091,0.347123,0.306546,0.698075,0.715813,0.390401,0.000000,0.000000,1.463611,13325950.000000,332315458.721000,0.262921
2020-11-30,45.520000,45.688999,44.560001,45.265999,14341000,0.000000,0.000000,42.910507,43.069818,42.005541,42.671066,39.723803,35.519780,34.155560,29.893753,41.195583,39.028155,2.167428,2.052646,0.114782,70.861371,39.723803,45.066152,34.381454,0.775840,1.222098,0.028640,-0.008499,0.043861,0.281379,0.351058,0.680605,0.727435,0.384490,-0.008499,-0.008499,1.442673,13168050.000000,649159691.659000,0.315112
2020-12-01,46.006001,46.949001,45.758999,46.764999,14019000,0.000000,0.000000,43.368652,44.257595,43.135810,44.084141,40.273853,35.809947,34.277149,29.962932,41.639976,39.402672,2.237304,2.089577,0.147726,74.802140,40.273853,44.962728,35.584978,0.906312,1.248129,0.028312,0.033116,0.042140,0.367078,0.378503,0.642876,0.811042,0.355921,0.000000,0.000000,1.523564,13197600.000000,655598520.981000,0.343708
2020-12-02,46.625999,48.098000,46.555000,47.922001,18113000,0.000000,0.000000,43.953109,45.340725,43.886180,45.174816,40.786149,36.114922,34.412311,30.033608,42.183798,39.830239,2.353559,2.142374,0.211185,77.348520,40.786149,45.249644,36.322655,0.991618,1.262873,0.027955,0.024741,0.073425,0.365494,0.326380,0.654968,0.892557,0.355495,0.000000,0.000000,1.585998,13245150.000000,868011204.113000,0.302083
2020-12-03,48.014000,49.174999,47.922001,48.407001,15955000,0.000000,0.000000,45.261547,46.355991,45.174822,45.632019,41.275067,36.432178,34.543670,30.109062,42.714293,40.260000,2.454293,2.204757,0.249536,78.336801,41.275067,45.603806,36.946329,1.003259,1.257037,0.027547,0.010121,0.083464,0.306426,0.422853,0.600006,0.875131,0.323522,0.000000,0.000000,1.612171,13278900.000000,772333700.955000,0.342640
2020-12-04,48.694000,50.160000,48.616001,49.998001,17551000,0.000000,0.000000,45.902569,47.284529,45.829041,47.131817,41.747678,36.760368,34.692693,30.197449,43.393912,40.769024,2.624889,2.288784,0.336105,81.229875,41.747678,46.469684,37.025671,1.070111,1.285285,0.027270,0.032867,0.095151,0.314561,0.506720,0.693299,0.922500,0.327607,0.000000,0.000000,1.698025,13250000.000000,877514915.551000,0.404971
2020-12-07,49.943001,50.945000,49.535000,50.868000,15650000,0.000000,0.000000,47.079958,48.024517,46.695347,47.951931,42.215526,37.099137,34.848358,30.297533,44.095146,41.301091,2.794055,2.389838,0.404217,82.598399,42.215526,47.448778,36.982275,1.048073,1.288420,0.026869,0.017400,0.123758,0.272623,0.686880,0.695754,0.919422,0.298382,0.000000,0.000000,1.744972,13295600.000000,796084200.000000,0.532721
2020-12-08,50.562000,51.665001,50.535000,51.166000,13287000,0.130000,0.000000,47.785611,48.828045,47.760093,48.356445,42.671268,37.434090,35.006764,30.403470,44.750730,41.823710,2.927021,2.497275,0.429746,83.247207,42.671268,48.379998,36.962537,0.997937,1.272672,0.026319,0.008436,0.096912,0.252921,0.711342,0.715905,0.948902,0.294996,0.000000,0.000000,1.768128,12992350.000000,679842642.000000,0.581988
2020-12-09,50.903999,51.467999,48.972000,49.382999,19997000,0.000000,0.000000,48.108806,48.641835,46.282895,46.671326,43.082392,37.730816,35.141294,30.498945,45.046207,42.182792,2.863414,2.570502,0.292912,71.318084,43.082392,48.694253,37.470532,0.819763,1.350263,0.028931,-0.034848,0.033127,0.189332,0.670581,0.766758,0.866162,0.333824,-0.034848,-0.034848,1.671665,13249400.000000,987511831.003000,0.540598
2020-12-10,48.994999,49.619999,48.480000,49.014999,13031000,0.000000,0.000000,46.304645,46.895326,45.817925,46.323547,43.400101,38.031822,35.269276,30.597749,45.242721,42.489515,2.753206,2.607043,0.146163,69.116781,43.400101,48.989321,37.810881,0.761525,1.330772,0.028728,-0.007452,0.015154,0.204810,0.677986,0.740712,0.809145,0.322748,-0.042040,-0.042040,1.651757,13180150.000000,638714451.969000,0.534967
2020-12-11,48.847000,49.428001,48.373001,49.169998,14950000,0.000000,0.000000,46.164774,46.713872,45.716802,46.470036,43.751246,38.321845,35.394084,30.693691,45.431538,42.784368,2.647170,2.615068,0.032101,69.543214,43.751246,49.174772,38.327720,0.750648,1.306937,0.028124,0.003162,-0.014041,0.162641,0.620297,0.706511,0.755582,0.303550,-0.039010,-0.039010,1.660142,13452550.000000,735091470.100000,0.500801
2020-12-14,49.569000,50.098000,49.018002,49.187000,10545000,0.000000,0.000000,46.847116,47.347067,46.326373,46.486092,44.066195,38.631834,35.525757,30.786506,45.593777,43.058570,2.535207,2.599096,-0.063889,69.592773,44.066195,49.347982,38.784407,0.729079,1.286491,0.027675,0.000346,-0.030569,0.178440,0.602441,0.620538,0.773317,0.295622,-0.038678,-0.038678,1.661061,13411800.000000,518676915.000000,0.490762
2020-12-15,50.000000,50.325001,49.266998,49.533001,11857000,0.000000,0.000000,47.254458,47.561613,46.561706,46.813103,44.336314,38.922874,35.669245,30.885080,45.781366,43.336684,2.444682,2.568213,-0.123531,70.640612,44.336314,49.598828,39.073800,0.735324,1.271421,0.027160,0.007035,-0.031916,0.164878,0.625977,0.588771,0.771342,0.293031,-0.031916,-0.031916,1.679781,13331400.000000,587312792.857000,0.486201
2020-12-16,49.601002,49.647999,48.928001,49.331001,15148000,0.000000,0.000000,46.877371,46.921787,46.241325,46.622196,44.631578,39.212452,35.799218,30.975828,45.910724,43.580055,2.330669,2.520705,-0.190035,69.142626,44.631578,49.698048,39.565109,0.696450,1.229210,0.026365,-0.004078,-0.001053,0.125849,0.623105,0.577165,0.725748,0.283139,-0.035864,-0.035864,1.668853,13592850.000000,747266003.148000,0.462897
2020-12-17,48.964001,49.188000,48.285999,48.624001,14335000,0.000000,0.000000,46.275340,46.487039,45.634569,45.954010,44.900975,39.479635,35.931102,31.066541,45.917384,43.755903,2.161480,2.448860,-0.287380,64.025060,44.900975,49.618184,40.183766,0.611616,1.211954,0.026373,-0.014332,-0.007977,0.128622,0.592968,0.552342,0.716075,0.280821,-0.049682,-0.049682,1.630603,13657250.000000,697025054.335000,0.410311
2020-12-18,48.424000,48.570999,47.770000,48.097000,25877000,0.000000,0.000000,45.764999,45.903927,45.146912,45.455956,45.110825,39.718645,36.046830,31.156957,45.846395,43.881833,1.964562,2.352000,-0.387439,60.434468,45.110825,49.508438,40.713213,0.539241,1.183036,0.026026,-0.010838,-0.021822,0.120541,0.536931,0.550022,0.666974,0.284960,-0.059981,-0.059981,1.602092,14388700.000000,1244606069.000000,0.353530
2020-12-21,46.911999,48.471001,46.874001,48.323002,17031000,0.000000,0.000000,44.336009,45.809405,44.300098,45.669533,45.350397,39.948201,36.148064,31.260905,45.819185,44.014255,1.804930,2.242586,-0.437656,61.433298,45.350397,49.273568,41.427225,0.540673,1.206341,0.026415,0.004699,-0.017566,0.106900,0.526080,0.539168,0.651606,0.281879,-0.055565,-0.055565,1.614318,14517450.000000,822989047.062000,0.363827
2020-12-22,47.943001,48.174000,47.340000,47.695000,9663000,0.000000,0.000000,45.310406,45.528721,44.740517,45.076023,45.489120,40.151936,36.244658,31.352601,45.704853,44.092905,1.611948,2.116458,-0.504511,57.118049,45.489120,49.145506,41.832734,0.443510,1.186532,0.026323,-0.012996,-0.037107,0.102694,0.514182,0.569841,0.646529,0.284563,-0.067838,-0.067838,1.580343,14456350.000000,460876785.000000,0.309636
2020-12-23,47.962002,48.078999,47.091000,47.112999,7206000,0.000000,0.000000,45.328365,45.438938,44.505191,44.525982,45.611183,40.336977,36.331761,31.446633,45.523488,44.124985,1.398503,1.972867,-0.574364,53.376078,45.611183,48.937103,42.285263,0.336857,1.168476,0.026243,-0.012203,-0.044962,0.052585,0.449303,0.516853,0.626272,0.268248,-0.079213,-0.079213,1.548856,14216200.000000,339496270.794000,0.252640
2020-12-24,47.368000,48.034000,47.290001,48.034000,3330000,0.000000,0.000000,44.766986,45.396416,44.693270,45.396416,45.775165,40.539333,36.424235,31.563045,45.503938,44.219165,1.284774,1.835249,-0.550475,58.058751,45.775165,48.671289,42.879040,0.434611,1.147187,0.025270,0.019549,-0.012134,0.078691,0.463765,0.598036,0.655590,0.272896,-0.061213,-0.061213,1.598684,13958250.000000,159953220.000000,0.290479
2020-12-28,48.557999,48.743000,47.535999,47.610001,6928000,0.000000,0.000000,45.891628,46.066471,44.925748,44.995686,45.873107,40.731318,36.514101,31.666329,45.425746,44.276685,1.149061,1.698011,-0.548950,55.304846,45.873107,48.499214,43.247000,0.332943,1.146725,0.025485,-0.008827,-0.010126,0.068355,0.423518,0.553428,0.647792,0.276222,-0.069500,-0.069500,1.575744,13940700.000000,329842086.928000,0.263240
2020-12-29,47.566002,47.702000,46.900002,47.321999,9017000,0.000000,0.000000,44.954112,45.082642,44.324682,44.723507,45.975729,40.937711,36.606560,31.790678,45.317709,44.309783,1.007926,1.559994,-0.552068,53.450378,45.975729,48.205478,43.745980,0.219201,1.118957,0.025019,-0.006049,-0.020715,0.039191,0.404852,0.472429,0.644319,0.269440,-0.075128,-0.075128,1.560164,13674500.000000,426702464.983000,0.245634
2020-12-30,47.837002,48.834000,47.612000,48.445000,8819000,0.000000,0.000000,45.210235,46.152487,44.997588,45.784847,46.060764,41.167953,36.714675,31.913006,45.389576,44.419047,0.970530,1.442101,-0.471572,59.196076,46.060764,48.109110,44.012419,0.432649,1.141101,0.024923,0.023731,0.015725,0.072972,0.464028,0.535764,0.684147,0.276697,-0.053180,-0.053180,1.620919,13414500.000000,427236455.000000,0.311577
2020-12-31,48.230000,48.397999,46.549999,47.227001,16630000,0.000000,0.000000,45.581639,45.740413,43.993890,44.633717,46.033709,41.375171,36.808161,32.045924,45.273290,44.434948,0.838342,1.321349,-0.483007,51.737039,46.033709,48.144663,43.922756,0.168398,1.187519,0.026606,-0.025142,0.002420,0.012467,0.396161,0.468383,0.611546,0.271690,-0.076985,-0.076985,1.555024,13340350.000000,785385026.630000,0.258274
2021-01-04,47.814999,49.195999,47.332001,47.801998,17686000,0.000000,0.000000,45.189430,46.494598,44.732954,45.177143,46.010966,41.587508,36.913420,32.181155,45.258498,44.489926,0.768573,1.210794,-0.442221,54.642655,46.010966,48.149760,43.872171,0.305072,1.235617,0.027350,0.012175,-0.004830,0.000052,0.457956,0.436299,0.648879,0.260974,-0.065747,-0.065747,1.586132,13426900.000000,845426136.628000,0.311371
2021-01-05,47.945000,49.882999,47.945000,49.455002,16099000,0.000000,0.000000,45.312305,47.143887,45.312305,46.739391,45.991344,41.847322,37.022554,32.327507,45.486328,44.656553,0.829775,1.134590,-0.304815,61.768547,45.991344,48.093734,43.888955,0.677904,1.287840,0.027554,0.034580,0.038753,0.024267,0.448783,0.518007,0.738342,0.285384,-0.033440,-0.033440,1.675561,13354300.000000,796176077.198000,0.317614
2021-01-06,49.053001,50.570999,48.900002,49.648998,13342000,0.000000,0.000000,46.359463,47.794106,46.214865,46.922733,45.939884,42.118514,37.137747,32.472470,45.707313,44.824418,0.882895,1.084251,-0.201356,62.512886,45.939884,47.884692,43.995077,0.752685,1.308654,0.027890,0.003923,0.049174,-0.004436,0.459799,0.496980,0.703629,0.261666,-0.029649,-0.029649,1.686057,13238900.000000,662416931.316000,0.317598
2021-01-07,50.733002,51.771999,50.665001,51.445999,12981000,0.000000,0.000000,47.947206,48.929151,47.882939,48.621052,45.953115,42.435532,37.273097,32.607714,46.155581,45.105650,1.049931,1.077387,-0.027456,68.609512,45.953115,47.969428,43.936802,1.161588,1.358495,0.027940,0.036194,0.061946,0.013954,0.491680,0.542107,0.743340,0.284583,0.000000,0.000000,1.783276,13223600.000000,667820513.019000,0.341839
2021-01-08,51.400002,52.224998,49.806999,50.162998,14419000,0.000000,0.000000,48.577591,49.357286,47.072061,47.408512,45.989974,42.735463,37.391213,32.735534,46.348340,45.276232,1.072107,1.076331,-0.004224,60.983751,45.989974,48.086909,43.893040,0.838241,1.424690,0.030051,-0.024939,0.062168,-0.019603,0.414949,0.484985,0.711502,0.296551,-0.024939,-0.024939,1.713865,12944700.000000,723300268.162000,0.259008
2021-01-11,49.551998,51.991001,49.355000,51.647999,11892000,0.000000,0.000000,46.831058,49.136134,46.644877,48.811966,46.114395,43.072758,37.527599,32.857843,46.727359,45.538139,1.189220,1.098909,0.090311,65.731433,46.114395,48.560838,43.667952,1.051325,1.500873,0.030748,0.029603,0.080457,0.045866,0.427596,0.541825,0.783661,0.287145,0.000000,0.000000,1.794204,12887750.000000,614198004.108000,0.301819
2021-01-12,52.022999,53.785999,51.893002,53.644001,18790000,0.000000,0.000000,49.166373,50.832565,49.043514,50.698364,46.325811,43.420707,37.685084,32.998525,47.338283,45.920378,1.417905,1.162708,0.255197,70.863509,46.325811,49.518616,43.133007,1.184751,1.537996,0.030336,0.038646,0.084703,0.094440,0.453121,0.560133,0.834210,0.310859,0.000000,0.000000,1.902190,13079750.000000,1007970778.790000,0.352401
2021-01-13,53.424000,53.424000,52.319000,52.650002,13613000,0.000000,0.000000,50.490443,50.490443,49.446120,49.758945,46.489454,43.770946,37.846030,33.127926,47.710692,46.204716,1.505976,1.231362,0.274615,65.595103,46.489454,50.033066,42.945842,0.961322,1.517585,0.030499,-0.018530,0.060444,0.070775,0.410645,0.543894,0.779453,0.320942,-0.018530,-0.018530,1.848413,13233150.000000,716724477.226000,0.304014
2021-01-14,54.240002,57.051998,54.234001,55.778999,20034000,0.000000,0.000000,51.261632,53.919219,51.255961,52.716122,46.784605,44.163606,38.041299,33.279267,48.480758,46.687042,1.793716,1.343833,0.449883,72.520799,46.784605,51.293567,42.275643,1.157748,1.706349,0.032369,0.059430,0.084224,0.134019,0.494279,0.627775,0.900498,0.374522,0.000000,0.000000,2.017695,13642000.000000,1117476465.966000,0.380086
2021-01-15,55.298000,55.469002,53.728001,54.752998,15264000,0.000000,0.000000,52.261539,52.423151,50.777750,51.746464,47.040818,44.499957,38.229145,33.433557,48.983175,47.061814,1.921360,1.459338,0.462022,67.707882,47.040818,52.063960,42.017677,0.968397,1.722922,0.033295,-0.018394,0.091502,0.105384,0.461911,0.591421,0.819138,0.384102,-0.018394,-0.018394,1.962187,13647800.000000,835749761.472000,0.352243
2021-01-19,55.983002,58.248001,55.868999,58.001999,20351000,0.000000,0.000000,52.908919,55.049545,52.801177,54.817051,47.483971,44.879225,38.446306,33.604490,49.880694,47.636276,2.244418,1.616354,0.628064,73.667578,47.483971,53.557428,41.410513,1.103699,1.835790,0.033489,0.059339,0.123025,0.175772,0.593342,0.650206,0.914258,0.425671,0.000000,0.000000,2.137961,13948600.000000,1180398681.649000,0.462629
2021-01-20,58.363998,58.542000,55.957001,56.299999,18510000,0.000000,0.000000,55.159174,55.327401,52.884347,53.208511,47.871598,45.189803,38.648039,33.768512,50.392666,48.049034,2.343632,1.761810,0.581822,66.720792,47.871598,54.374474,41.368722,0.910350,1.879166,0.035317,-0.029344,0.049511,0.157864,0.552500,0.587112,0.853993,0.438609,-0.029344,-0.029344,2.045881,13580250.000000,1042112981.490000,0.380151
2021-01-21,56.939999,57.029999,55.169998,56.418999,12402000,0.000000,0.000000,53.813379,53.898437,52.140571,53.320988,48.254171,45.484324,38.860616,33.917850,50.843177,48.439549,2.403628,1.890173,0.513454,66.955444,48.254171,55.102677,41.405665,0.869921,1.870502,0.035080,0.002114,0.071586,0.173025,0.555782,0.568760,0.842038,0.434109,-0.027292,-0.027292,2.052320,13348800.000000,699708425.598000,0.380866
2021-01-22,56.277000,57.557999,55.712002,56.384998,11998000,0.000000,0.000000,53.186781,54.397439,52.652807,53.288849,48.664812,45.765268,39.064111,34.064470,51.219434,48.798757,2.420677,1.996274,0.424403,66.810484,48.664812,55.693468,41.636157,0.828942,1.861511,0.034932,-0.000603,0.010864,0.166836,0.541909,0.599364,0.834565,0.435001,-0.027878,-0.027878,2.050480,13465550.000000,676507206.004000,0.362681
2021-01-25,57.134998,57.561001,55.265999,56.776001,16753000,0.000000,0.000000,53.997663,54.400273,52.231292,53.658379,49.121432,46.069459,39.284860,34.208013,51.594657,49.158729,2.435928,2.084205,0.351723,67.677000,49.121432,56.204329,42.038536,0.820275,1.883474,0.035101,0.006934,0.036948,0.190397,0.589941,0.652845,0.882720,0.428468,-0.021137,-0.021137,2.071634,13942900.000000,951168344.753000,0.404822
2021-01-26,57.027000,57.129002,55.040001,55.265999,14310000,0.000000,0.000000,53.895600,53.992000,52.017708,52.231297,49.463176,46.314698,39.487376,34.348382,51.692601,49.386326,2.306275,2.128619,0.177656,61.048233,49.463176,56.448198,42.478155,0.698147,1.889961,0.036184,-0.026596,-0.047171,0.173052,0.565540,0.553352,0.912182,0.440049,-0.047171,-0.047171,1.989941,14491900.000000,790856445.690000,0.385619
2021-01-27,53.860001,54.497002,51.201000,51.504002,22525000,0.000000,0.000000,50.902506,51.504529,48.389513,48.675877,49.647186,46.499273,39.633547,34.470740,51.228490,49.333701,1.894789,2.081853,-0.187064,48.343710,49.647186,56.323762,42.970610,0.427260,2.029377,0.041692,-0.068071,-0.085186,0.072241,0.485371,0.485575,0.735355,0.510145,-0.112030,-0.112030,1.786414,15271750.000000,1160127645.050000,0.317076
2021-01-28,52.637001,52.799999,50.400002,50.735001,24901000,0.000000,0.000000,49.746661,49.900708,47.632496,47.949100,49.808465,46.654512,39.792330,34.583043,50.723968,49.231138,1.492831,1.964048,-0.471218,46.226000,49.808465,56.130687,43.486244,0.352950,2.046436,0.042679,-0.014931,-0.100746,0.065638,0.479364,0.415132,0.729335,0.512484,-0.125289,-0.125289,1.744810,16065950.000000,1263352259.901000,0.312646
2021-01-29,50.500999,50.591000,48.105000,48.395000,28250000,0.000000,0.000000,47.727944,47.813002,45.463510,45.737587,49.806102,46.741050,39.936895,34.688824,49.956833,48.972356,0.984477,1.768134,-0.783657,40.423287,49.806102,56.134689,43.477516,0.178560,2.077804,0.045429,-0.046122,-0.141704,0.022674,0.431661,0.286709,0.582043,0.539982,-0.165632,-0.165632,1.618214,17037500.000000,1367158750.000000,0.243942
2021-02-01,49.105000,50.500000,48.692001,50.145000,16938000,0.000000,0.000000,46.408594,47.726993,46.018274,47.391487,49.943991,46.874541,40.126546,34.799181,49.562164,48.855255,0.706909,1.555889,-0.848980,45.893436,49.943991,55.907720,43.980262,0.285998,2.071490,0.043710,0.036161,-0.116792,0.035091,0.423129,0.338116,0.709282,0.548052,-0.135461,-0.135461,1.712890,17052900.000000,849356010.000000,0.224856
2021-02-02,51.250000,51.744999,50.500000,51.606998,14587000,0.000000,0.000000,48.435825,48.903643,47.727008,48.773220,50.123795,47.038684,40.331714,34.912560,49.440788,48.849178,0.591610,1.363033,-0.771423,50.022019,50.123795,55.685697,44.561893,0.378587,2.031538,0.041653,0.029156,-0.066207,0.092744,0.512489,0.361785,0.700772,0.546180,-0.110255,-0.110255,1.791986,16897950.000000,752791279.826000,0.264937
2021-02-03,52.009998,52.148998,50.147999,50.432999,16049000,0.000000,0.000000,49.154082,49.285450,47.394327,47.663677,50.170009,47.166779,40.528979,35.026139,49.167386,48.761363,0.406023,1.171631,-0.765608,46.925561,50.170009,55.627893,44.712125,0.270393,2.021508,0.042412,-0.022749,-0.020795,0.055040,0.440724,0.318533,0.575453,0.553584,-0.130495,-0.130495,1.728471,16895450.000000,809399200.951000,0.198616
2021-02-04,50.450001,52.049999,50.014000,51.952999,14012000,0.000000,0.000000,47.679741,49.191882,47.267681,49.100208,50.278883,47.331221,40.743915,35.157704,49.157051,48.786463,0.370589,1.011423,-0.640834,51.142441,50.278883,55.547618,45.010148,0.388144,2.014558,0.041030,0.030139,0.024007,0.050510,0.405719,0.363550,0.621839,0.550611,-0.104290,-0.104290,1.810704,16928950.000000,727965421.988000,0.171218
2021-02-05,52.452000,52.500000,50.917999,50.976002,12367000,0.000000,0.000000,49.571814,49.617179,48.122047,48.176865,50.256673,47.448727,40.938884,35.271487,49.006253,48.741307,0.264946,0.862127,-0.597181,48.476388,50.256673,55.558474,44.954873,0.303858,1.977456,0.041046,-0.018805,0.053332,0.026728,0.343709,0.357951,0.601669,0.555696,-0.121134,-0.121134,1.757848,16898250.000000,630420216.734000,0.148250
2021-02-08,51.500000,53.334999,51.416000,53.278000,14658000,0.000000,0.000000,48.672087,50.406324,48.592700,50.352455,50.403871,47.614081,41.152313,35.399805,49.213361,48.860652,0.352710,0.760244,-0.407534,54.495598,50.403871,55.533392,45.274349,0.494988,1.995456,0.039630,0.045158,0.062479,0.035610,0.336331,0.439738,0.717095,0.563492,-0.081445,-0.081445,1.882388,16910200.000000,780948924.000000,0.160003
2021-02-09,53.562000,54.099998,52.688999,52.807999,9441000,0.000000,0.000000,50.620855,51.129311,49.795791,49.908257,50.458685,47.769911,41.363488,35.524635,49.320268,48.938252,0.382016,0.684598,-0.302582,53.130814,50.458685,55.539782,45.377588,0.445836,1.948175,0.039035,-0.008822,0.023272,0.052728,0.293129,0.414428,0.678374,0.556409,-0.089549,-0.089549,1.856961,16787650.000000,498560318.559000,0.115539
2021-02-10,53.299999,53.667000,52.127998,53.250000,8682000,0.000000,0.000000,50.373258,50.720106,49.265612,50.326004,50.440067,47.915694,41.579507,35.652610,49.474997,49.041048,0.433948,0.634468,-0.200520,54.290213,50.440067,55.520195,45.359939,0.488774,1.912912,0.038010,0.008370,0.055857,0.031018,0.282465,0.452357,0.662073,0.548438,-0.081928,-0.081928,1.880874,16282250.000000,462316500.000000,0.089637
2021-02-11,54.000000,57.657001,53.917999,57.221001,29727000,0.000000,0.000000,51.034820,54.491012,50.957322,54.078953,50.656068,48.143852,41.831816,35.800548,50.183298,49.414227,0.769071,0.661389,0.107682,63.117217,50.656068,55.975961,45.336174,0.821706,2.073776,0.038347,0.074573,0.101400,0.066680,0.406517,0.509489,0.738248,0.591126,-0.013465,-0.013465,2.095709,17087950.000000,1701008696.727000,0.192571
2021-02-12,57.018002,59.773998,56.500000,58.616001,20121000,0.000000,0.000000,53.887091,56.491753,53.397533,55.397343,50.790129,48.370116,42.090032,35.946594,50.985459,49.857420,1.128038,0.754719,0.373319,65.628301,50.790129,56.452701,45.127556,0.906813,2.146665,0.038750,0.024379,0.149874,0.113314,0.385995,0.564745,0.744343,0.589449,0.000000,0.000000,2.171179,17092300.000000,1179412556.121000,0.190088
2021-02-16,59.000000,60.360001,58.700001,59.179001,14520000,0.000000,0.000000,55.760249,57.045570,55.476723,55.929420,50.999276,48.585208,42.350065,36.106856,51.746068,50.307198,1.438870,0.891549,0.547321,66.616146,50.999276,57.102430,44.896122,0.903901,2.111062,0.037745,0.009605,0.110759,0.060955,0.417832,0.594065,0.772931,0.556663,0.000000,0.000000,2.201638,17055100.000000,859279094.520000,0.218175
2021-02-17,58.368999,58.943001,57.099998,58.591000,14530000,0.000000,0.000000,55.163908,55.706391,53.964589,55.373718,51.027110,48.780042,42.606110,36.273815,52.304168,50.682496,1.621672,1.037574,0.584098,64.530199,51.027110,57.208153,44.846066,0.851608,2.100617,0.037935,-0.009936,0.109510,0.070097,0.377897,0.555578,0.830635,0.553251,-0.009936,-0.009936,2.169827,16764050.000000,851327230.000000,0.197311
2021-02-18,57.863998,58.234001,56.709000,57.777000,11371000,0.000000,0.000000,54.686637,55.036322,53.595060,54.604416,51.096905,48.929494,42.844931,36.437161,52.658052,50.973009,1.685044,1.167068,0.517976,61.652065,51.096905,57.411739,44.782071,0.777720,2.077620,0.038049,-0.013893,0.085014,-0.003879,0.318606,0.552436,0.759186,0.517649,-0.023691,-0.023691,2.125789,16407100.000000,656982267.000000,0.155807
2021-02-19,59.438000,60.200001,58.868999,59.841000,16986000,0.000000,0.000000,56.174202,56.894361,55.636446,56.555073,51.258609,49.101557,43.100347,36.606383,53.257594,51.386495,1.871099,1.307874,0.563225,65.815450,51.258609,57.966632,44.550587,0.894786,2.092786,0.037004,0.035723,0.045787,0.062895,0.388983,0.618177,0.851761,0.519736,0.000000,0.000000,2.237453,16636300.000000,1016459226.000000,0.222997
2021-02-22,58.938999,59.263000,56.570000,56.779999,16155000,0.000000,0.000000,55.702615,56.008825,53.463699,53.662167,51.277275,49.207671,43.320881,36.760323,53.319836,51.555063,1.764773,1.399254,0.365519,56.089648,51.277275,58.011112,44.543438,0.677083,2.164114,0.040328,-0.051152,-0.031322,0.006399,0.322834,0.594036,0.821875,0.553104,-0.051152,-0.051152,2.071850,16844150.000000,917280883.845000,0.176120
2021-02-23,55.654999,56.881001,53.640999,56.264999,17167000,0.000000,0.000000,52.598933,53.757614,50.695524,53.175438,51.253128,49.337754,43.534285,36.910393,53.297621,51.675091,1.622530,1.443909,0.178621,54.626992,51.253128,57.954399,44.551857,0.643429,2.228255,0.041904,-0.009070,-0.049240,-0.002128,0.288822,0.602191,0.903530,0.554167,-0.059758,-0.059758,2.043988,16864850.000000,965901237.833000,0.157740
2021-02-24,55.616001,59.786999,55.400002,59.689999,15170000,0.000000,0.000000,52.562074,56.504039,52.357936,56.412365,51.462181,49.539530,43.785676,37.068337,53.776812,52.026000,1.750812,1.505290,0.245523,61.767412,51.462181,58.542105,44.382258,0.849593,2.365244,0.041928,0.060873,0.018757,0.051324,0.380014,0.711439,1.076346,0.592274,-0.002523,-0.002523,2.229283,16907850.000000,905497284.830000,0.232987
2021-02-25,59.000000,59.245998,54.463001,54.764999,26750000,0.000000,0.000000,55.760258,55.992748,51.472390,51.757805,51.616278,49.645285,43.983565,37.204491,53.466196,52.006134,1.460062,1.496244,-0.036182,49.664213,51.616278,58.573958,44.658598,0.510171,2.549153,0.049252,-0.082510,-0.052132,-0.009065,0.223544,0.563637,0.876896,0.655799,-0.084825,-0.084825,1.962837,17119100.000000,1464963723.250000,0.119273
2021-02-26,55.693001,57.466000,54.516998,56.719002,17836000,0.000000,0.000000,52.634856,54.310499,51.523429,53.604519,51.899049,49.787654,44.209744,37.352801,53.487476,52.124533,1.362944,1.469584,-0.106640,53.552917,51.899049,58.686808,45.111290,0.625628,2.566147,0.047872,0.035680,-0.052171,0.101254,0.273728,0.622649,1.018025,0.616656,-0.052171,-0.052171,2.068550,16765850.000000,1011640119.672000,0.177726
2021-03-01,57.655998,60.049999,57.560001,59.881001,17656000,0.000000,0.000000,54.490062,56.752607,54.399337,56.592888,52.441814,49.983250,44.453062,37.519697,53.965232,52.455522,1.509710,1.477609,0.032101,59.064176,52.441814,58.882255,46.001373,0.822266,2.607715,0.046078,0.055748,0.054614,0.180270,0.343713,0.765037,1.074401,0.635715,0.000000,0.000000,2.239617,16236150.000000,1057258953.656000,0.220150
2021-03-02,59.401001,59.875999,57.240002,57.335999,14636000,0.000000,0.000000,56.139237,56.588153,54.096900,54.187626,52.781621,50.134558,44.673505,37.664834,53.999446,52.583826,1.415620,1.465211,-0.049591,53.555936,52.781621,58.803672,46.759569,0.616738,2.599734,0.047977,-0.042501,0.019035,0.184750,0.259099,0.645070,0.940603,0.631893,-0.042501,-0.042501,2.101930,16121050.000000,839169681.364000,0.164641
2021-03-03,57.075001,58.158001,55.000999,55.123001,16318000,0.000000,0.000000,53.940963,54.964495,51.980847,52.096149,52.947767,50.257401,44.868518,37.807539,53.706631,52.547702,1.158930,1.403955,-0.245025,49.254532,52.947767,58.680586,47.214949,0.425724,2.627157,0.050429,-0.038597,-0.076512,0.099272,0.220878,0.649477,0.922481,0.644149,-0.079458,-0.079458,1.982205,16207600.000000,899497130.318000,0.155378
2021-03-04,54.855999,55.998001,51.143002,52.881001,25420000,0.000000,0.000000,51.843806,52.923100,48.334693,49.977257,53.063446,50.347827,45.033236,37.937016,53.132882,52.357298,0.775583,1.278281,-0.502698,45.286192,53.063446,58.428920,47.697973,0.212403,2.767246,0.055370,-0.040673,-0.034402,0.024686,0.133679,0.562780,0.755278,0.656862,-0.116899,-0.116899,1.860911,16676150.000000,1344235045.420000,0.103864
2021-03-05,54.266998,55.012001,51.626999,54.770000,22160000,0.000000,0.000000,51.287157,51.991251,48.792122,51.762539,53.196563,50.469687,45.208944,38.073460,52.922060,52.313242,0.608817,1.144388,-0.535571,49.013542,53.196563,58.272308,48.120818,0.358738,2.798095,0.054056,0.035722,-0.034362,0.085996,0.145827,0.519802,0.861191,0.660348,-0.085353,-0.085353,1.963108,17083550.000000,1213703200.000000,0.099608
2021-03-08,54.280998,55.452000,50.167000,50.261002,19138000,0.000000,0.000000,51.300389,52.407090,47.412293,47.501133,53.162776,50.518189,45.335063,38.184150,52.088071,51.956790,0.131281,0.941767,-0.810485,41.709417,53.162776,58.386062,47.939491,-0.041962,2.955002,0.062209,-0.082326,-0.160652,-0.032568,0.040961,0.481134,0.735349,0.718276,-0.160652,-0.160652,1.719167,17422100.000000,961895056.276000,0.022218
2021-03-09,52.590000,54.680000,52.354000,54.351002,17266000,0.000000,0.000000,49.702232,51.677468,49.479191,51.366535,53.213480,50.655000,45.495989,38.319063,51.977065,51.913067,0.063998,0.766213,-0.702215,49.116624,53.213480,58.340704,48.086256,0.319888,3.042240,0.059226,0.081375,-0.052062,0.066208,0.089848,0.642096,1.064570,0.768359,-0.092350,-0.092350,1.940439,17552500.000000,938424400.532000,0.040941
2021-03-10,54.866001,55.199001,51.574001,51.869999,19725000,0.000000,0.000000,51.853264,52.167978,48.742030,49.021774,53.169156,50.727508,45.633420,38.442047,51.522405,51.698897,-0.176492,0.577672,-0.754164,45.351844,53.169156,58.430267,47.908045,0.105845,3.069648,0.062618,-0.045648,-0.059013,-0.026427,0.022311,0.724515,0.833500,0.771717,-0.133782,-0.133782,1.806215,18066700.000000,1023135730.275000,-0.021530
2021-03-11,53.387001,54.242001,52.904999,53.539001,16127000,0.000000,0.000000,50.455479,51.263529,49.999943,50.599133,53.182813,50.839577,45.785447,38.570476,51.380363,51.617433,-0.237070,0.414724,-0.651794,48.226810,53.182813,58.414184,47.951441,0.253059,3.010513,0.059497,0.032177,0.012443,0.013843,0.046378,0.790711,0.967339,0.778944,-0.105910,-0.105910,1.896509,18438950.000000,863423469.127000,-0.018464
2021-03-12,52.500000,52.775002,51.680000,52.481998,14337000,0.000000,0.000000,49.617183,49.877084,48.842210,49.600170,52.958873,50.937110,45.937411,38.689351,51.106487,51.468006,-0.361519,0.259475,-0.620994,46.556336,52.958873,58.407653,47.510094,0.191793,2.920970,0.058890,-0.019743,-0.041775,-0.014423,0.062755,0.775418,1.242929,0.782041,-0.123562,-0.123562,1.839324,17669450.000000,752434405.326000,-0.016742
2021-03-15,52.160000,53.731998,52.025002,53.674999,10670000,0.000000,0.000000,49.295840,50.781519,49.168255,50.727650,52.725389,51.035966,46.101959,38.818207,51.048205,51.413165,-0.364960,0.134588,-0.499548,48.715479,52.725389,58.134263,47.316515,0.315328,2.827563,0.055740,0.022731,0.067925,-0.061971,0.095073,0.837516,1.084221,0.739612,-0.103639,-0.103639,1.903866,17196900.000000,572712239.330000,0.010120
2021-03-16,54.250999,56.016998,53.935001,54.717999,15265000,0.130000,0.000000,51.396512,53.069591,51.097141,51.838940,52.520865,51.180070,46.277621,38.949417,51.169856,51.444704,-0.274848,0.052701,-0.327549,50.824297,52.520865,57.725094,47.316636,0.434484,2.792876,0.053876,0.021907,0.009197,-0.064234,0.115535,0.807497,1.611033,0.738550,-0.084003,-0.084003,1.967481,17234150.000000,835270254.735000,0.027175
2021-03-17,53.888000,55.818001,53.000000,55.300999,13585000,0.000000,0.000000,51.052611,52.881061,50.211334,52.391262,52.371742,51.324353,46.455930,39.084651,51.357765,51.514819,-0.157055,0.010750,-0.167804,51.883302,52.371742,57.399711,47.343773,0.501941,2.784079,0.053140,0.010655,0.068735,-0.063261,0.127031,0.806001,1.457482,0.738769,-0.074243,-0.074243,1.999098,17186900.000000,751264071.415000,0.039800
2021-03-18,54.213001,55.582001,53.333000,53.917000,25177000,0.000000,0.000000,51.360505,52.657473,50.526806,51.080078,52.195525,51.411166,46.629244,39.213100,51.315044,51.482616,-0.167572,-0.024915,-0.142658,49.175882,52.195525,57.140374,47.250676,0.387211,2.737407,0.053591,-0.025027,0.009505,-0.077539,0.091149,0.774183,1.829906,0.742633,-0.097412,-0.097412,1.924041,17877200.000000,1357468309.000000,0.049775
2021-03-19,54.194000,55.098999,53.259998,54.230999,23792000,0.000000,0.000000,51.342519,52.199900,50.457661,51.377571,51.936650,51.500263,46.809389,39.335820,51.324663,51.474835,-0.150172,-0.049966,-0.100206,49.815754,51.936650,56.443203,47.430097,0.437970,2.666324,0.051897,0.005824,0.035835,-0.059095,0.101998,0.788658,1.833689,0.742059,-0.092155,-0.092155,1.941070,18217500.000000,1290263928.208000,0.057991
2021-03-22,55.400002,56.758999,55.004002,56.002998,14442000,0.000000,0.000000,52.485055,53.772547,52.109891,53.056324,51.906358,51.588969,47.012250,39.464619,51.591073,51.591982,-0.000910,-0.040155,0.039245,53.382461,51.906358,56.372034,47.440682,0.628756,2.646942,0.049889,0.032675,0.045905,-0.061864,0.154553,0.839166,2.037169,0.740187,-0.062491,-0.062491,1.959054,18131850.000000,808795297.116000,0.106546
2021-03-23,56.431999,56.459000,54.354000,54.441002,14295000,0.000000,0.000000,53.462757,53.488337,51.494095,51.576519,51.826412,51.672329,47.203896,39.579902,51.588834,51.590837,-0.002003,-0.032525,0.030521,50.008455,51.826412,56.253509,47.399315,0.471777,2.600320,0.050417,-0.027891,-0.005062,-0.038866,0.134648,0.743876,1.876522,0.724951,-0.088640,-0.088640,1.527753,17988250.000000,778234123.590000,0.097640
2021-03-24,57.067001,57.575001,55.162998,55.244999,19697000,0.000000,0.000000,54.064350,54.545621,52.260529,52.338215,51.622704,51.742854,47.407806,39.702422,51.704123,51.646198,0.057925,-0.014435,0.072359,51.700650,51.622704,55.502400,47.743008,0.592212,2.626662,0.050186,0.014768,-0.001013,-0.015745,0.146020,0.748918,1.426176,0.726263,-0.075180,-0.075180,1.565083,18214600.000000,1088160745.303000,0.128805
2021-03-25,54.487000,55.160999,52.501999,54.803001,14463000,0.000000,0.000000,51.620089,52.258625,49.739532,51.919464,51.630787,51.767276,47.593991,39.820631,51.737252,51.666440,0.070812,0.002615,0.068198,50.684890,51.630787,55.512342,47.749233,0.537186,2.624663,0.050553,-0.008001,0.016433,-0.079644,0.151820,0.744065,1.376776,0.692214,-0.082580,-0.082580,1.544560,17600250.000000,792615803.463000,0.138566
2021-03-26,54.972000,58.477001,54.904999,58.423000,18716000,0.000000,0.000000,52.079578,55.400159,52.016102,55.348999,51.718011,51.879077,47.825012,39.956469,52.292906,51.939222,0.353683,0.072828,0.280855,57.968322,51.718011,55.856229,47.579793,0.938714,2.685808,0.048525,0.066055,0.077299,0.069385,0.243072,0.801587,1.273038,0.668179,-0.021980,-0.021980,1.712641,17644250.000000,1093444868.000000,0.214287
2021-03-29,58.234001,58.251999,55.974998,57.028999,17598000,0.000000,0.000000,55.169942,55.186993,53.029800,54.028343,51.589784,51.905321,48.034464,40.094529,52.559896,52.093972,0.465924,0.151448,0.314476,54.622761,51.589784,55.219700,47.959868,0.835897,2.659622,0.049226,-0.023861,0.018321,0.007906,0.190146,0.742093,1.394673,0.664482,-0.045316,-0.045316,1.647916,17641350.000000,1003596324.402000,0.170237
2021-03-30,56.500000,57.685001,56.212002,57.256001,9049000,0.000000,0.000000,53.527178,54.649829,53.254333,54.243401,51.592573,51.955260,48.227609,40.232687,52.818897,52.253189,0.565708,0.234300,0.331408,55.077428,51.592573,55.230968,47.954177,0.864285,2.569327,0.047367,0.003980,0.051707,-0.041516,0.205524,0.716085,1.271611,0.634464,-0.041516,-0.041516,1.658456,17362000.000000,518109553.049000,0.194208
2021-03-31,58.400002,60.348999,58.349998,59.523998,23698000,0.000000,0.000000,55.327214,57.173663,55.279842,56.392071,51.807369,51.986760,48.432993,40.378492,53.368616,52.559773,0.808843,0.349208,0.459635,59.449164,51.807369,56.031086,47.583652,1.042733,2.595108,0.046019,0.039612,0.077455,0.040682,0.260904,0.771384,1.512146,0.630960,-0.003548,-0.003548,1.763762,17731000.000000,1410599704.604000,0.230037
2021-04-01,61.123001,64.000000,61.012001,63.930000,24634000,0.000000,0.000000,57.906937,60.632559,57.801777,60.566242,52.336818,52.133915,48.661859,40.537895,54.475943,53.152845,1.323098,0.543986,0.779112,66.308667,52.336818,58.002991,46.670645,1.226189,2.712635,0.044788,0.074021,0.166542,0.162586,0.322845,0.936681,1.899488,0.658208,0.000000,0.000000,1.968337,17691700.000000,1574851620.000000,0.275439
2021-04-05,64.970001,66.599998,63.956001,66.080002,23454000,0.000000,0.000000,61.551511,63.095744,60.590864,62.603107,52.878847,52.319557,48.901941,40.703586,55.726276,53.852864,1.873412,0.809871,1.063540,69.059108,52.878847,60.158121,45.599573,1.167942,2.699554,0.043122,0.033630,0.131061,0.252632,0.402597,0.958250,2.034501,0.639001,0.000000,0.000000,2.068163,17756400.000000,1549840366.908000,0.339182
2021-04-06,66.000000,66.664001,64.400002,65.248001,23236000,0.000000,0.000000,62.527327,63.156391,61.011515,61.814896,53.594535,52.490078,49.127673,40.864857,56.662987,54.442644,2.220342,1.091966,1.128377,66.786939,53.594535,61.440166,45.748903,1.023881,2.659935,0.043031,-0.012591,0.144120,0.194201,0.368278,0.994889,2.029533,0.637893,-0.012591,-0.012591,1.818067,17961300.000000,1516102551.236000,0.289534
2021-04-07,65.248001,66.741997,65.047997,65.877998,14689000,0.000000,0.000000,61.814890,63.230277,61.625409,62.411739,54.146795,52.665146,49.367302,41.028900,57.547410,55.032948,2.514463,1.376465,1.137998,67.654764,54.146795,62.841142,45.452448,0.975306,2.584573,0.041412,0.009655,0.150587,0.313900,0.335313,0.934580,1.661112,0.544205,-0.003057,-0.003057,1.845276,17832450.000000,967681912.622000,0.267455
2021-04-08,66.702003,66.900002,65.401001,66.800003,12045000,0.000000,0.000000,63.192393,63.379973,61.959845,63.285236,54.859968,52.886224,49.600461,41.198696,58.430153,55.644228,2.785924,1.658357,1.127568,68.934125,54.859968,64.106685,45.613251,0.955582,2.501398,0.039526,0.013996,0.122236,0.232032,0.348712,0.968848,1.640750,0.485404,0.000000,0.000000,1.885098,17448450.000000,804606036.135000,0.263276
2021-04-09,66.515999,66.889999,65.671997,66.199997,12734000,0.000000,0.000000,63.016183,63.370505,62.216590,62.716808,55.465852,53.167043,49.833158,41.363923,59.089638,56.168123,2.921515,1.910989,1.010527,67.074860,55.465852,65.116232,45.815472,0.875682,2.405149,0.038349,-0.008982,0.035508,0.279366,0.289911,0.924133,1.513723,0.447146,-0.008982,-0.008982,1.859184,17278800.000000,842990761.798000,0.226187
2021-04-12,65.865997,65.959999,64.500000,65.027000,15811000,0.000000,0.000000,62.400370,62.489426,61.106247,61.605518,56.066119,53.440171,50.047342,41.528381,59.476697,56.570893,2.905804,2.109952,0.795852,63.470600,56.066119,65.673677,46.458561,0.788283,2.348393,0.038120,-0.017719,-0.015935,0.217521,0.299461,0.838671,1.550156,0.452394,-0.026542,-0.026542,1.808521,17352500.000000,1028141897.000000,0.250376
2021-04-13,65.556000,65.723000,63.779999,64.499001,13501000,0.000000,0.000000,62.106677,62.264890,60.424123,61.105293,56.585001,53.747525,50.244288,41.687137,59.727250,56.906774,2.820475,2.252056,0.568419,61.859273,56.585001,66.099078,47.070925,0.737558,2.312134,0.037839,-0.008120,-0.011479,0.231957,0.251851,0.787137,1.524562,0.444556,-0.034446,-0.034446,1.785717,17494050.000000,870801012.501000,0.178236
2021-04-14,64.093002,65.190002,63.400002,64.042999,8945000,0.000000,0.000000,60.720670,61.759950,60.064132,60.673298,57.026719,54.013162,50.443851,41.848465,59.872796,57.185776,2.687019,2.339049,0.347971,60.432420,57.026719,66.432715,47.620723,0.693843,2.268111,0.037382,-0.007070,-0.027854,0.196060,0.196751,0.739023,1.380417,0.446081,-0.041272,-0.041272,1.766022,17178050.000000,572864626.055000,0.136669
2021-04-15,64.802002,65.178001,63.784000,64.949997,10900000,0.000000,0.000000,61.392362,61.748578,60.427924,61.532570,57.483785,54.268349,50.653516,42.011301,60.128146,57.507761,2.620385,2.395316,0.225069,62.295388,57.483785,66.829571,48.137998,0.716610,2.200436,0.035761,0.014162,-0.027695,0.186995,0.236613,0.744422,1.503232,0.444044,-0.027695,-0.027695,1.805196,17043800.000000,707954967.300000,0.167315
2021-04-16,65.082001,65.230003,64.083000,64.371002,11136000,0.000000,0.000000,61.657635,61.797851,60.711198,60.984047,57.978983,54.534756,50.850767,42.164351,60.259823,57.765264,2.494559,2.415165,0.079394,60.342235,57.978983,66.937632,49.020334,0.667719,2.120880,0.034778,-0.008914,-0.027628,0.164012,0.156839,0.728640,1.408518,0.448037,-0.036362,-0.036362,1.780189,16341750.000000,716835478.272000,0.085175
2021-04-19,64.372002,64.834000,60.930000,62.173000,24219000,0.000000,0.000000,60.984982,61.422671,57.724086,58.901684,58.355189,54.730786,51.031003,42.309798,60.050878,57.849443,2.201435,2.372419,-0.170983,53.486265,58.355189,66.761511,49.948866,0.532505,2.233573,0.037920,-0.034146,-0.043889,0.153124,0.138275,0.664056,1.256993,0.457427,-0.069267,-0.069267,1.685257,16363100.000000,1505767887.000000,0.067784
2021-04-20,61.674000,62.508999,60.820000,61.303001,13724000,0.000000,0.000000,58.428943,59.220007,57.619877,58.077465,58.606246,54.928798,51.188762,42.448203,59.747276,57.866333,1.880943,2.274124,-0.393181,51.015559,58.606246,66.637806,50.574686,0.467081,2.188327,0.037679,-0.013993,-0.049551,0.130405,0.059478,0.688111,1.327950,0.463289,-0.082290,-0.082290,1.647682,16327200.000000,841322385.724000,0.014841
2021-04-21,61.958000,64.125000,61.743999,64.125000,20740000,0.000000,0.000000,58.698004,60.750984,58.495263,60.750984,59.064969,55.136768,51.375425,42.594688,59.901693,58.080011,1.821682,2.183635,-0.361954,57.821595,59.064969,66.425999,51.703939,0.614523,2.222984,0.036592,0.046034,0.001280,0.145028,0.141753,0.772572,1.666001,0.475051,-0.040045,-0.040045,1.769564,16649450.000000,1329952500.000000,0.105121
2021-04-22,64.389999,64.994003,61.099998,61.453999,24367000,0.000000,0.000000,61.002036,61.574259,57.885142,58.220516,59.359084,55.303013,51.536462,42.731841,59.643050,58.090419,1.552631,2.057434,-0.504803,50.648524,59.359084,66.025756,52.692413,0.414607,2.327708,0.039981,-0.041653,-0.053826,0.128818,0.091887,0.698739,1.290321,0.489906,-0.080030,-0.080030,1.654203,16882950.000000,1497449593.633000,0.070640
2021-04-23,62.077000,63.000000,61.356998,62.749001,14888000,0.000000,0.000000,58.810730,59.685165,58.128613,59.447372,59.735479,55.485441,51.700567,42.872353,59.612946,58.190934,1.422012,1.930350,-0.508338,53.650697,59.735479,65.409757,54.061201,0.474613,2.272625,0.038229,0.021073,-0.025198,0.135831,0.115569,0.720105,1.407867,0.491773,-0.060644,-0.060644,1.710134,16904200.000000,934207126.888000,0.080588
2021-04-26,62.693001,64.334999,62.373001,64.317001,12987000,0.000000,0.000000,59.394318,60.949920,59.091155,60.932869,60.014673,55.622519,51.883186,43.019373,59.816011,58.394040,1.421971,1.828674,-0.406703,57.057055,60.014673,65.317529,54.711817,0.586576,2.243064,0.036812,0.024988,0.034484,0.173604,0.135570,0.805490,1.442955,0.492767,-0.037171,-0.037171,1.777856,16617750.000000,835284891.987000,0.098698
2021-04-27,64.736000,64.900002,63.980000,64.487999,9919000,0.000000,0.000000,61.329831,61.485204,60.613609,61.094879,60.368000,55.736470,52.053293,43.165221,60.012760,58.594102,1.418657,1.746671,-0.328013,57.424558,60.368000,64.873090,55.862909,0.580673,2.145102,0.035111,0.002659,0.051955,0.103812,0.169699,0.831210,1.470386,0.445493,-0.034611,-0.034611,1.785242,16233800.000000,639656462.081000,0.135635
2021-04-28,64.400002,64.400002,63.353001,63.805000,7380000,0.000000,0.000000,61.011506,61.011506,60.019594,60.447811,60.678220,55.826838,52.206023,43.309167,60.079691,58.731414,1.348277,1.666992,-0.318715,55.385824,60.678220,64.141598,57.214843,0.466736,2.068686,0.034223,-0.010591,-0.004990,0.118817,0.241843,0.844599,1.468118,0.436919,-0.044835,-0.044835,1.755743,16150350.000000,470880900.000000,0.183034
2021-04-29,64.196999,64.300003,62.952000,64.097000,8938000,0.000000,0.000000,60.819194,60.916778,59.639702,60.724457,60.894840,55.933852,52.356947,43.450308,60.178886,58.879047,1.299839,1.593561,-0.293723,56.103376,60.894840,63.710912,58.078767,0.469748,2.012143,0.033136,0.004577,0.043008,0.119481,0.266436,0.873520,1.318777,0.436894,-0.040464,-0.040464,1.768355,15412350.000000,572898986.000000,0.210548
2021-04-30,63.042000,63.749001,61.981998,62.044998,13667000,0.000000,0.000000,59.724965,60.394766,58.720737,58.780422,60.805549,56.017372,52.473433,43.583063,59.963737,58.871741,1.091996,1.493248,-0.401252,50.015706,60.805549,63.774585,57.836512,0.158959,2.011541,0.034221,-0.032014,-0.011219,0.042353,0.285167,0.839923,1.461806,0.437390,-0.071183,-0.071183,1.679729,14864000.000000,847968987.666000,0.216923
2021-05-03,62.926998,63.000000,61.377998,61.723999,11582000,0.000000,0.000000,59.616009,59.685169,58.148512,58.476307,60.599209,56.055797,52.578677,43.713518,59.734902,58.842450,0.892452,1.373089,-0.480637,49.117824,60.599209,63.615470,57.582947,0.148091,1.977621,0.033819,-0.005174,-0.040316,-0.034507,0.233899,0.755998,1.660192,0.351433,-0.075988,-0.075988,1.665864,14270400.000000,714887356.418000,0.197212
2021-05-04,60.838001,60.955002,59.020000,60.629002,15878000,0.000000,0.000000,57.636922,57.747766,55.914578,57.438919,60.380410,56.131332,52.669502,43.838133,59.381674,58.738485,0.643189,1.227109,-0.583920,46.079008,60.380410,63.649621,57.111198,0.050122,2.019343,0.035156,-0.017740,-0.059841,-0.082491,0.177673,0.781218,1.618571,0.331323,-0.092380,-0.092380,1.529167,13902500.000000,962667293.756000,0.176151
2021-05-05,61.730999,62.098999,60.335999,61.099998,9835000,0.000000,0.000000,58.482939,58.831576,57.161338,57.885139,60.154080,56.225526,52.781640,43.961467,59.151438,58.675274,0.476164,1.076920,-0.600756,47.581265,60.154080,63.457741,56.850418,0.156602,1.994407,0.034455,0.007769,-0.042395,-0.063573,0.214450,0.749687,1.548815,0.332088,-0.085329,-0.085329,1.530577,13659800.000000,600918480.330000,0.216516
2021-05-06,60.916000,61.915001,60.140999,61.743999,11911000,0.000000,0.000000,57.710829,58.657266,56.976605,58.495262,59.914581,56.267184,52.903357,44.086316,59.050488,58.661940,0.388548,0.939246,-0.550698,49.646955,59.914581,62.945742,56.883420,0.265879,1.971996,0.033712,0.010540,-0.036710,-0.062752,0.191344,0.674696,1.557250,0.332524,-0.075689,-0.075689,1.525546,13653100.000000,735432772.089000,0.201861
2021-05-07,62.598999,63.480000,61.820000,63.054001,10335000,0.000000,0.000000,59.305267,60.139912,58.567256,59.736328,59.765557,56.426755,53.036020,44.215052,59.156001,58.741524,0.414477,0.834292,-0.419814,53.648305,59.765557,62.494653,57.036461,0.494645,1.948614,0.032620,0.021217,0.016262,-0.056078,0.239938,0.666115,1.579129,0.338034,-0.056078,-0.056078,1.573311,13533150.000000,651663100.335000,0.247448
2021-05-10,62.140999,62.407001,58.616001,58.645000,17659000,0.000000,0.000000,58.871366,59.123373,55.531841,55.559315,59.463247,56.465850,53.126752,44.326255,58.602665,58.505805,0.096860,0.686806,-0.589945,41.651469,59.463247,62.637387,56.289107,-0.114959,2.109748,0.037973,-0.069924,-0.049883,-0.114124,0.103408,0.474519,1.238174,0.410786,-0.122081,-0.122081,1.393374,13625550.000000,1035612055.000000,0.145287
2021-05-11,56.855999,59.514999,56.292999,59.243000,19469000,0.000000,0.000000,53.864445,56.383538,53.331068,56.125851,59.214275,56.456510,53.219880,44.444563,58.221617,58.329512,-0.107895,0.527865,-0.635761,43.497030,59.214275,62.618890,55.809659,0.046436,2.177085,0.038789,0.010197,-0.022860,-0.088948,0.124580,0.454228,1.288329,0.411646,-0.113129,-0.113129,1.417779,13923950.000000,1153401967.000000,0.168718
2021-05-12,57.500000,57.771999,55.580002,55.766998,24293000,0.000000,0.000000,54.474566,54.732254,52.655591,52.832748,58.822247,56.429412,53.281985,44.540602,57.392560,57.922344,-0.529784,0.316335,-0.846120,36.308098,58.822247,63.189123,54.455372,-0.185788,2.269455,0.042955,-0.058674,-0.087283,-0.135382,0.049810,0.346345,1.206658,0.453034,-0.165165,-0.165165,1.275919,14691350.000000,1354747682.414000,0.117146
2021-05-13,57.296001,59.438999,57.018002,58.473000,29402000,0.000000,0.000000,54.281297,56.311538,54.017925,55.396366,58.515437,56.495417,53.376409,44.653755,57.085453,57.735235,-0.649782,0.123112,-0.772894,44.059242,58.515437,62.942359,54.088515,0.147716,2.355836,0.042527,0.048523,-0.052977,-0.086973,0.024361,0.440781,1.386355,0.491468,-0.124656,-0.124656,1.351768,15616450.000000,1719223146.000000,0.088584
2021-05-14,59.599998,60.943001,57.799999,60.299000,15485000,0.000000,0.000000,56.464067,57.736405,54.758777,57.126289,58.322549,56.638397,53.493112,44.769971,57.091736,57.690128,-0.598392,-0.021189,-0.577203,48.604561,58.322549,62.631178,54.013920,0.361179,2.400250,0.042017,0.031228,-0.043693,-0.071609,0.031210,0.429252,1.270500,0.502779,-0.097320,-0.097320,1.425209,15833900.000000,933730015.000000,0.078423
2021-05-17,59.039001,59.271999,57.599998,59.207001,16791000,0.000000,0.000000,55.932584,56.153322,54.569296,56.091743,58.182052,56.724981,53.597334,44.872699,56.937891,57.571729,-0.633838,-0.143719,-0.490120,46.187603,58.182052,62.593202,53.770902,0.263065,2.411446,0.042991,-0.018110,0.009583,-0.080223,0.002902,0.421947,1.381289,0.505134,-0.113668,-0.113668,1.329218,15462500.000000,994144753.791000,0.050487
2021-05-18,59.792000,60.132999,58.473999,58.483002,11679000,0.000000,0.000000,56.645961,56.969019,55.397309,55.405838,58.048471,56.883075,53.700632,44.972645,56.702190,57.411292,-0.709102,-0.256795,-0.452307,44.603935,58.048471,62.631419,53.465523,0.211689,2.351465,0.042441,-0.012228,-0.012829,-0.059351,0.000580,0.378696,1.300736,0.493955,-0.124506,-0.124506,1.272230,15360250.000000,683022980.358000,0.047972
2021-05-19,56.910000,60.308998,56.603001,60.220001,15769000,0.000000,0.000000,53.915600,57.135755,53.624754,57.051441,57.863494,56.996773,53.825887,45.078824,56.755921,57.384637,-0.628716,-0.331179,-0.297536,49.112092,57.863494,62.282885,53.444102,0.408126,2.434289,0.042668,0.029701,0.079850,-0.017666,0.044814,0.377697,1.331134,0.504166,-0.098503,-0.098503,1.339718,15111700.000000,949609195.769000,0.085607
2021-05-20,60.759998,63.400002,60.439999,62.672001,19741000,0.000000,0.000000,57.563039,60.064135,57.259876,59.374439,57.921190,57.203827,53.965667,45.194951,57.158770,57.532030,-0.373260,-0.339595,-0.033664,54.714650,57.921190,62.390059,53.452320,0.662597,2.475603,0.041695,0.040718,0.071811,-0.022659,0.049852,0.458226,1.340970,0.498304,-0.061796,-0.061796,1.434985,14880400.000000,1237207971.741000,0.074265
2021-05-21,62.345001,62.548000,61.020000,61.410000,14747000,0.000000,0.000000,59.064638,59.256956,57.809354,58.178833,57.857763,57.355421,54.097499,45.305800,57.315703,57.579941,-0.264238,-0.324524,0.060286,51.567812,57.857763,62.271091,53.444435,0.536375,2.410566,0.041434,-0.020137,0.018425,-0.000716,0.084169,0.434175,1.385953,0.481260,-0.080689,-0.080689,1.381933,14873350.000000,905613270.000000,0.088754
2021-05-24,62.535000,64.153000,62.202000,63.464001,14088000,0.000000,0.000000,59.244632,60.777499,58.929153,60.124752,57.817357,57.565912,54.251511,45.429035,57.747864,57.768445,-0.020581,-0.263735,0.243154,56.003029,57.817357,62.125691,53.509023,0.767783,2.424002,0.040316,0.033447,0.071900,0.011395,0.130687,0.457253,1.461602,0.489788,-0.049940,-0.049940,1.413360,14928400.000000,894080846.088000,0.116133
2021-05-25,64.099998,65.207001,63.824001,64.037003,15017000,0.000000,0.000000,60.727291,61.776047,60.465816,60.667610,57.795993,57.764712,54.400339,45.557507,58.197056,57.983198,0.213858,-0.168217,0.382074,57.181076,57.795993,62.039650,53.552337,0.838342,2.368809,0.039046,0.009029,0.094968,-0.004353,0.075431,0.484110,1.435150,0.483012,-0.041362,-0.041362,1.430952,15183300.000000,961643674.051000,0.071077
2021-05-26,64.177002,64.657997,63.236000,63.804001,12621000,0.000000,0.000000,60.800236,61.255923,59.908747,60.446861,57.795946,57.936870,54.558470,45.683316,58.543180,58.165692,0.377488,-0.059076,0.436564,56.518361,57.795946,62.039477,53.552415,0.812348,2.295835,0.037981,-0.003639,0.059515,-0.010607,0.167879,0.428951,1.340613,0.483107,-0.044851,-0.044851,1.422107,15445350.000000,805270296.621000,0.120730
2021-05-27,63.487000,65.123001,63.487000,64.570000,22452000,0.000000,0.000000,60.146545,61.696466,60.146545,61.172562,57.818351,58.112496,54.718424,45.815922,58.947700,58.388423,0.559277,0.064595,0.494682,58.232161,57.818351,62.131153,53.505550,0.888867,2.242555,0.036659,0.012006,0.030284,0.011990,0.141183,0.453557,1.451186,0.483243,-0.033383,-0.033383,1.413644,16121050.000000,1449725640.000000,0.099952
2021-05-28,65.300003,65.531998,64.799004,64.985001,8414000,0.000000,0.000000,61.864148,62.083936,61.389509,61.565720,57.957616,58.322209,54.866688,45.944621,59.350472,58.623778,0.726694,0.197015,0.529679,59.171054,57.957616,62.570653,53.344579,0.891077,2.147471,0.034881,0.006427,0.058215,0.013854,0.087870,0.461786,1.405192,0.483457,-0.027171,-0.027171,1.429157,15858400.000000,546783798.414000,0.076102
2021-06-01,65.599998,67.379997,64.750000,64.903999,12760000,0.000000,0.000000,62.148377,63.834719,61.343102,61.488998,58.108251,58.524437,55.012350,46.075048,59.679476,58.836017,0.843459,0.326304,0.517156,58.892843,58.108251,62.981990,53.234512,0.846833,2.172053,0.035324,-0.001246,0.022690,0.046080,0.134742,0.428753,1.426130,0.468416,-0.028383,-0.028383,1.421751,15917300.000000,828175027.240000,0.106470
2021-06-02,64.767998,65.586998,64.250000,64.899002,9195000,0.000000,0.000000,61.360153,62.136061,60.869410,61.484264,58.310518,58.692996,55.140982,46.207040,59.957136,59.032183,0.924953,0.446033,0.478919,58.874449,58.310518,63.398368,53.222668,0.811895,2.107381,0.034275,-0.000077,0.013461,0.051439,0.180207,0.440889,1.421564,0.467687,-0.028458,-0.028458,1.327507,15583150.000000,596746323.390000,0.121845
2021-06-03,63.855000,64.260002,63.119999,63.577999,11786000,0.000000,0.000000,60.495183,60.878876,59.798856,60.232758,58.427899,58.866121,55.269225,46.330219,59.999539,59.121115,0.878425,0.532512,0.345913,54.066702,58.427899,63.582315,53.273483,0.675079,2.077240,0.034487,-0.020355,-0.003542,0.048640,0.205203,0.366314,1.244684,0.469219,-0.048234,-0.048234,1.280131,15680700.000000,749330296.214000,0.135172
2021-06-04,64.401001,65.623001,64.180000,65.530998,10443000,0.000000,0.000000,61.012452,62.170155,60.803079,62.082993,58.607285,59.061017,55.401935,46.464767,60.320071,59.340513,0.979558,0.621921,0.357637,59.351603,58.607285,64.015070,53.199501,0.821362,2.067251,0.033298,0.030718,0.014883,0.072520,0.199381,0.374283,1.274394,0.478985,-0.018997,-0.018997,1.350172,15607300.000000,684340212.114000,0.130160
2021-06-07,65.162003,65.250000,64.300003,64.958000,8127000,0.000000,0.000000,61.733414,61.816782,60.916770,61.540146,58.697476,59.253430,55.510353,46.597719,60.507775,59.503449,1.004326,0.698402,0.305924,57.269659,58.697476,64.242960,53.151992,0.756305,2.002892,0.032546,-0.008744,-0.000415,0.052054,0.295551,0.348618,1.157796,0.480211,-0.027575,-0.027575,1.329622,15496900.000000,527913666.000000,0.194628
2021-06-08,65.800003,65.829002,63.433998,63.755001,8856000,0.000000,0.000000,62.337849,62.365323,60.096335,60.400448,58.939533,59.354459,55.616768,46.731399,60.491263,59.569893,0.921370,0.742995,0.178374,53.061311,58.939533,64.328686,53.550380,0.635542,2.021899,0.033475,-0.018520,-0.017703,0.011118,0.175872,0.281522,1.170000,0.480801,-0.045584,-0.045584,1.286479,15056750.000000,564614288.856000,0.110773
2021-06-09,64.112999,64.342003,63.311001,63.409000,6594000,0.000000,0.000000,60.739608,60.956562,59.979808,60.072651,59.136873,59.475345,55.690333,46.865816,60.426861,59.607135,0.819726,0.758342,0.061385,51.880472,59.136873,64.379259,53.894487,0.589251,1.947246,0.032415,-0.005427,-0.022959,0.081235,0.225428,0.252768,1.124386,0.407265,-0.050764,-0.050764,1.274070,14413000.000000,418118946.000000,0.160929
2021-06-10,63.180000,64.699997,63.180000,64.077003,8440000,0.000000,0.000000,59.855699,61.295719,59.855699,60.705505,59.530511,59.604587,55.779924,47.004534,60.469729,59.688495,0.781234,0.762920,0.018314,54.008482,59.530511,63.887284,55.173738,0.634847,1.911015,0.031480,0.010535,0.007849,0.081596,0.199734,0.255376,1.154105,0.407331,-0.040764,-0.040764,1.298027,13620350.000000,540809905.320000,0.153337
2021-06-11,64.163002,64.294998,63.483002,64.210999,10244000,0.000000,0.000000,60.786972,60.912023,60.142751,60.832443,59.802315,59.693395,55.840078,47.143192,60.525531,59.773232,0.752299,0.760796,-0.008497,54.443667,59.802315,63.730306,55.874323,0.631127,1.829462,0.030074,0.002091,-0.020143,0.151415,0.226456,0.303422,1.302832,0.337892,-0.038758,-0.038758,1.285917,12662450.000000,657777473.756000,0.170183
2021-06-14,64.171997,65.113998,63.819000,65.024002,10188000,0.000000,0.000000,60.795497,61.687934,60.461074,61.602673,60.026134,59.714123,55.924019,47.286029,60.691245,59.908746,0.782499,0.765136,0.017363,57.096457,60.026134,63.819940,56.232328,0.707778,1.786419,0.028999,0.012662,0.001016,0.112035,0.214381,0.329835,1.314860,0.303369,-0.026587,-0.026587,1.262224,12397600.000000,662464532.376000,0.161301
2021-06-15,64.692001,65.400002,64.181000,64.348000,6380000,0.130000,0.000000,61.410932,62.083023,60.925847,61.084377,60.275766,59.683749,56.001653,47.431135,60.751727,59.995830,0.755897,0.763289,-0.007391,54.784632,60.275766,63.608560,56.942971,0.621311,1.741473,0.028509,-0.008414,0.011323,0.069287,0.178349,0.314490,1.243190,0.291429,-0.034777,-0.034777,1.212670,11877050.000000,410540240.000000,0.133715
2021-06-16,64.568001,65.088997,63.255001,63.874001,10738000,0.000000,0.000000,61.293212,61.787784,60.046806,60.634411,60.537194,59.660139,56.075109,47.569610,60.733679,60.043132,0.690546,0.748740,-0.058194,52.786363,60.537194,62.956687,58.117701,0.520090,1.741438,0.028720,-0.007366,0.009351,0.080986,0.157338,0.304356,1.113759,0.283733,-0.041887,-0.041887,1.196371,11830000.000000,685879022.738000,0.119300
2021-06-17,63.645000,64.699997,62.869999,63.978001,8548000,0.000000,0.000000,60.417017,61.418505,59.681322,60.733128,60.721279,59.626567,56.145856,47.715358,60.733594,60.094243,0.639351,0.726862,-0.087512,53.189760,60.721279,62.499297,58.943260,0.503332,1.741134,0.028669,0.001628,0.000455,0.096150,0.188979,0.297353,1.061197,0.277829,-0.040327,-0.040327,1.199947,11468950.000000,546883952.548000,0.109292
2021-06-18,63.009998,63.158001,60.889000,61.265999,21139000,0.000000,0.000000,59.814219,59.954715,57.800794,58.158672,60.660490,59.524036,56.205130,47.846253,60.337452,59.950868,0.386585,0.658807,-0.272222,42.896256,60.660490,62.696766,58.624215,-0.114312,1.826220,0.031401,-0.042390,-0.043953,0.019408,0.131986,0.247446,0.967428,0.306297,-0.081007,-0.081007,1.106692,11538850.000000,1295101952.861000,0.070304
2021-06-21,61.445000,62.396999,60.858002,61.862000,9930000,0.000000,0.000000,58.328599,59.232315,57.771373,58.724449,60.687771,59.444188,56.305616,47.969581,60.089298,59.860022,0.229276,0.572901,-0.343625,45.397148,60.687771,62.594559,58.780983,-0.014825,1.800129,0.030654,0.009728,-0.046722,-0.010947,0.106832,0.277896,0.983731,0.272759,-0.072067,-0.072067,1.127186,11298000.000000,614289660.000000,0.049726
2021-06-22,61.751999,62.615002,60.924999,62.179001,7199000,0.000000,0.000000,58.620030,59.439263,57.834975,59.025375,60.632802,59.392586,56.416378,48.104354,59.925617,59.798196,0.127421,0.483805,-0.356383,46.733389,60.632802,62.667055,58.598550,0.104910,1.786140,0.030261,0.005124,-0.033708,0.014551,0.144423,0.298518,1.012731,0.263591,-0.067312,-0.067312,1.138086,10953550.000000,447626628.199000,0.066891
2021-06-23,62.500000,63.320000,62.334000,62.422001,6796000,0.000000,0.000000,59.330093,60.108504,59.172512,59.256050,60.562224,59.355601,56.551563,48.244229,59.822607,59.758037,0.064570,0.399958,-0.335388,47.788173,60.562224,62.687312,58.437137,0.192678,1.735925,0.029295,0.003908,-0.022732,-0.014448,0.132176,0.297496,0.997065,0.235932,-0.063667,-0.063667,1.146442,10542500.000000,424219918.796000,0.031122
2021-06-24,63.381001,63.761002,63.180000,63.501999,7681000,0.000000,0.000000,60.166411,60.527139,59.975606,60.281273,60.553945,59.347760,56.680461,48.403504,59.893171,59.796795,0.096376,0.339241,-0.242866,52.308332,60.553945,62.682213,58.425677,0.435940,1.702722,0.028246,0.017302,-0.007440,-0.006368,0.161053,0.337325,1.099386,0.241846,-0.047467,-0.047467,1.183579,10295500.000000,487758854.319000,0.053790
2021-06-25,63.500000,63.632999,62.571999,63.043999,12496000,0.000000,0.000000,60.279382,60.405636,59.398447,59.846508,60.487642,59.314039,56.791194,48.561454,59.885992,59.800478,0.085514,0.288496,-0.202982,50.318866,60.487642,62.617386,58.357898,0.349481,1.653041,0.027621,-0.007212,0.029021,-0.009932,0.081257,0.344081,1.038773,0.242803,-0.054337,-0.054337,1.167830,9797700.000000,787797811.504000,-0.011724
2021-06-28,63.676998,64.953003,63.668999,64.695999,9633000,0.000000,0.000000,60.447396,61.658684,60.439802,61.414715,60.480092,59.322652,56.928704,48.728842,60.121180,59.920051,0.201129,0.271023,-0.069893,56.713961,60.480092,62.594761,58.365423,0.720986,1.664408,0.027101,0.026204,0.045812,0.003959,0.136713,0.352854,1.161909,0.256511,-0.029557,-0.029557,1.224636,9858650.000000,623216558.367000,0.026384
2021-06-29,64.690002,65.464996,64.401001,65.179001,7976000,0.000000,0.000000,61.409029,62.144716,61.134685,61.873226,60.499303,59.382083,57.056434,48.900174,60.390726,60.064730,0.325995,0.282017,0.043978,58.400045,60.499303,62.659065,58.339541,0.818073,1.617667,0.026145,0.007466,0.048248,0.004995,0.140659,0.375092,1.136107,0.256847,-0.022312,-0.022312,1.241245,9619450.000000,519867711.976000,0.026984
2021-06-30,65.125999,65.182999,64.341003,65.070000,8033000,0.000000,0.000000,61.822904,61.877013,61.077722,61.769745,60.513577,59.455929,57.192363,49.065623,60.602883,60.191028,0.411855,0.307985,0.103870,57.852339,60.513577,62.704300,58.322854,0.786702,1.559211,0.025242,-0.001672,0.042421,0.004566,0.095362,0.381147,1.033641,0.256885,-0.023947,-0.023947,1.237496,9561350.000000,522707310.000000,0.000466
2021-07-01,64.766998,64.938004,63.122002,63.306999,11343000,0.000000,0.000000,61.482119,61.644451,59.920554,60.096169,60.506748,59.442833,57.289800,49.221057,60.524927,60.184001,0.340925,0.314573,0.026353,49.729329,60.506748,62.702004,58.311492,0.406485,1.579924,0.026290,-0.027094,-0.003071,-0.022576,-0.007761,0.312578,1.015809,0.273924,-0.050392,-0.050392,1.176874,9539200.000000,718091289.657000,-0.085080
2021-07-02,64.023003,64.125000,62.700001,63.144001,7426000,0.000000,0.000000,60.775845,60.872669,59.519944,59.941425,60.399669,59.477251,57.390132,49.376810,60.435157,60.166033,0.269124,0.305483,-0.036359,49.043633,60.399669,62.476949,58.322390,0.389701,1.563696,0.026087,-0.002575,0.001586,-0.004837,-0.042517,0.342963,0.971984,0.264822,-0.052837,-0.052837,1.171269,9388350.000000,468907351.426000,-0.110645
2021-07-06,63.144001,63.771000,61.445000,62.189999,10240000,0.000000,0.000000,59.941441,60.536639,58.328610,59.035824,60.274453,59.469020,57.477230,49.528369,60.219875,60.082314,0.137562,0.271899,-0.134337,45.122430,60.274453,62.364152,58.184755,0.203634,1.609720,0.027267,-0.015108,-0.038735,-0.049082,-0.044958,0.306763,0.876902,0.244428,-0.067147,-0.067147,1.138465,9494000.000000,636825589.760000,-0.115423
2021-07-07,62.909000,62.942001,60.977001,61.359001,8622000,0.000000,0.000000,59.718357,59.749684,57.884346,58.246971,60.166780,59.415302,57.518910,49.675363,59.916351,59.946362,-0.030011,0.211517,-0.241528,41.974223,60.166780,62.442760,57.890799,0.078246,1.627978,0.027950,-0.013362,-0.058608,-0.053513,-0.066731,0.246207,0.891752,0.246482,-0.079612,-0.079612,1.109890,9482300.000000,529037306.622000,-0.138046
2021-07-08,60.063999,61.349998,59.421001,60.603001,10218000,0.000000,0.000000,57.017637,58.238412,56.407251,57.529301,60.039612,59.343990,57.540230,49.815131,59.549113,59.767321,-0.218208,0.125572,-0.343780,39.288567,60.039612,62.603713,57.475511,0.010489,1.643102,0.028561,-0.012321,-0.068649,-0.047535,-0.090952,0.226043,0.835362,0.242305,-0.090952,-0.090952,1.083894,9663500.000000,619241464.218000,-0.143773
2021-07-09,60.780998,61.432999,60.287998,61.285000,8372000,0.000000,0.000000,57.698280,58.317212,57.230284,58.176720,59.913173,59.298568,57.562703,49.956384,59.337976,59.649498,-0.311523,0.038153,-0.349676,42.841553,59.913173,62.586103,57.240243,0.175178,1.603376,0.027560,0.011254,-0.031940,-0.031561,-0.072390,0.196534,0.845183,0.246366,-0.080722,-0.080722,1.107345,9660100.000000,513078020.000000,-0.130068
2021-07-12,61.750999,62.926998,61.695999,62.542000,17315000,0.000000,0.000000,58.619083,59.735436,58.566872,59.369965,59.840049,59.271479,57.602665,50.104388,59.342897,59.628792,-0.285895,-0.026657,-0.259239,48.790037,59.840049,62.486982,57.193116,0.411202,1.600186,0.026953,0.020511,-0.009534,-0.022000,-0.036288,0.252306,0.859655,0.254742,-0.061867,-0.061867,1.150568,10013650.000000,1082914730.000000,-0.100060
2021-07-13,62.273998,62.599998,61.555000,62.466999,10834000,0.000000,0.000000,59.115563,59.425029,58.433031,59.298775,59.724854,59.281846,57.649609,50.247270,59.336109,59.604346,-0.268238,-0.074973,-0.193265,48.465968,59.724854,62.246359,57.203349,0.415511,1.556744,0.026253,-0.001199,0.004454,-0.025211,-0.029564,0.214841,0.873072,0.254504,-0.062992,-0.062992,1.147990,10045950.000000,676767467.166000,-0.078260
2021-07-14,63.209999,64.050003,61.634998,61.787998,11507000,0.000000,0.000000,60.004081,60.801481,58.508962,58.654202,59.603345,59.285404,57.670600,50.385474,59.231200,59.533965,-0.302765,-0.120531,-0.182234,45.517976,59.603345,62.082868,57.123823,0.308604,1.609299,0.027437,-0.010870,0.006991,-0.047863,-0.033278,0.156925,0.804957,0.251518,-0.073177,-0.073177,1.124641,10302300.000000,710994492.986000,-0.090077
2021-07-15,61.478001,62.099998,60.358002,61.074001,12497000,0.000000,0.000000,58.359930,58.950382,57.296736,57.976421,59.470446,59.296154,57.713743,50.517312,59.038157,59.418592,-0.380434,-0.172512,-0.207923,42.584749,59.470446,62.001669,56.939222,0.204881,1.612467,0.027812,-0.011556,0.007772,-0.050880,-0.057793,0.165146,0.798862,0.252727,-0.083887,-0.083887,1.100090,10390250.000000,763241790.497000,-0.093720
2021-07-16,61.279999,61.599998,58.599998,58.848000,13538000,0.000000,0.000000,58.171983,58.475753,55.627908,55.863331,59.226956,59.255717,57.740622,50.637453,58.549722,59.155239,-0.605517,-0.259113,-0.346404,35.010003,59.226956,62.152878,56.301033,-0.074797,1.700708,0.030444,-0.036447,-0.039765,-0.078686,-0.083968,0.059701,0.724955,0.278724,-0.117277,-0.117277,1.023547,10639750.000000,796684224.000000,-0.110647
2021-07-19,57.799000,59.189999,57.533001,59.152000,14567000,0.000000,0.000000,54.867530,56.187980,54.615022,56.151909,59.126618,59.208850,57.738017,50.761847,58.180828,58.932770,-0.751942,-0.357679,-0.394263,36.666823,59.126618,62.331160,55.922075,0.035861,1.691583,0.030125,0.005166,-0.054203,-0.075432,-0.046684,0.085135,0.726906,0.279850,-0.112717,-0.112717,1.034000,10311150.000000,861667184.000000,-0.072571
2021-07-20,59.594002,61.178001,58.819000,60.709000,15558000,0.000000,0.000000,56.571493,58.075155,55.835798,57.629940,59.071892,59.166723,57.796739,50.890152,58.096076,58.836264,-0.740188,-0.434181,-0.306008,44.474567,59.071892,62.342063,55.801721,0.279530,1.730710,0.030031,0.026322,-0.028143,-0.009091,-0.007706,0.051314,0.734885,0.260324,-0.089362,-0.089362,1.087539,10592550.000000,944510622.000000,-0.059396
2021-07-21,60.820999,63.877998,60.820999,63.724998,16374000,0.000000,0.000000,57.736256,60.638209,57.736256,60.492970,59.145272,59.265396,57.865623,51.037684,58.464829,58.958983,-0.494154,-0.446175,-0.047979,55.833018,59.145272,62.476344,55.814200,0.702292,1.821964,0.030119,0.049680,0.031349,0.030116,-0.004247,0.136904,0.804395,0.311487,-0.044122,-0.044122,1.191247,11051300.000000,1043433117.252000,-0.053116
2021-07-22,63.207001,63.819000,63.054001,63.592999,12520000,0.000000,0.000000,60.001236,60.582196,59.855996,60.367657,59.200852,59.350232,57.903371,51.178216,58.757572,59.063329,-0.305758,-0.418092,0.112334,55.299799,59.200852,62.576504,55.825201,0.672827,1.743695,0.028885,-0.002072,0.041245,0.022741,0.036879,0.132156,0.776081,0.311458,-0.046102,-0.046102,1.186708,11337500.000000,796184347.480000,-0.025804
2021-07-23,64.171997,64.464996,63.351002,64.027000,10317000,0.000000,0.000000,60.917294,61.195433,60.137939,60.779652,59.225771,59.509170,57.969291,51.321398,59.068661,59.190464,-0.121803,-0.358834,0.237031,56.761849,59.225771,62.642117,55.809425,0.727419,1.694681,0.027882,0.006825,0.088006,0.025712,0.022411,0.140570,0.824186,0.311935,-0.039592,-0.039592,1.201632,11469300.000000,660566559.000000,-0.036103
2021-07-26,64.123001,64.795998,63.525002,64.039001,8782000,0.000000,0.000000,60.870785,61.509649,60.303115,60.791046,59.272998,59.617063,58.056240,51.462379,59.333643,59.309026,0.024617,-0.282144,0.306761,56.803928,59.272998,62.751032,55.794964,0.718234,1.659813,0.027304,0.000187,0.082618,0.008457,-0.002328,0.132927,0.872554,0.306524,-0.039412,-0.039412,1.202045,11283600.000000,562390506.782000,-0.051973
2021-07-27,63.500999,63.726002,60.759998,62.258999,14912000,0.000000,0.000000,60.280323,60.493913,57.678341,59.101315,59.157328,59.656564,58.147481,51.590358,59.297901,59.293640,0.004260,-0.224863,0.229123,49.162740,59.157328,62.486129,55.828527,0.491587,1.763591,0.029840,-0.027796,0.025531,-0.012452,-0.032631,0.131531,0.757665,0.321063,-0.066112,-0.066112,1.140837,11547550.000000,928406193.088000,-0.073110
2021-07-28,62.512001,63.799999,62.342999,63.500000,12160000,0.000000,0.000000,59.341484,60.564157,59.181053,60.279373,59.077636,59.740317,58.232649,51.720797,59.448896,59.366657,0.082239,-0.163443,0.245682,53.826236,59.077636,62.202753,55.952518,0.692271,1.742109,0.028901,0.019933,-0.003531,-0.018486,-0.002787,0.238383,0.839710,0.315196,-0.047497,-0.047497,1.183510,11756750.000000,772160000.000000,-0.053427
2021-07-29,61.056999,62.247002,59.706001,61.963001,29139000,0.000000,0.000000,57.960277,59.089924,56.677800,58.820328,58.930165,59.808606,58.345841,51.840452,59.352193,59.326188,0.026005,-0.125553,0.151558,47.958365,58.930165,61.787252,56.073077,0.480778,1.874928,0.031876,-0.024205,-0.025632,-0.049341,-0.031357,0.226724,0.735977,0.323831,-0.070552,-0.070552,1.130659,12812050.000000,1805539886.139000,-0.080759
2021-07-30,61.099998,63.750000,61.067001,63.741001,16511000,0.000000,0.000000,58.001101,60.516698,57.969777,60.508156,58.950764,59.877741,58.437257,51.966623,59.530034,59.413742,0.116292,-0.077184,0.193476,54.181025,58.950764,61.848895,56.052633,0.768689,1.922927,0.031780,0.028695,-0.004467,-0.020424,0.029393,0.322942,0.702241,0.341092,-0.043882,-0.043882,1.191797,13070450.000000,1052427667.511000,-0.021457
2021-08-02,64.620003,65.948997,64.099998,64.180000,13923000,0.000000,0.000000,61.342575,62.604165,60.848944,60.924889,58.999937,59.908750,58.556288,52.094854,59.744627,59.525678,0.218949,-0.017957,0.236906,55.592886,58.999937,62.000408,55.999466,0.820775,1.935290,0.031765,0.006887,0.002202,0.013790,0.041873,0.285566,0.720237,0.328105,-0.037297,-0.037297,1.206893,13395300.000000,893578140.000000,-0.014690
2021-08-03,64.547997,64.933998,63.646999,64.552002,6844000,0.000000,0.000000,61.274224,61.640648,60.418924,61.278027,59.112047,59.970734,58.663077,52.224262,59.980535,59.655482,0.325053,0.050645,0.274408,56.807468,59.112047,62.280990,55.943104,0.841751,1.884321,0.030750,0.005796,0.036830,0.022298,0.066838,0.256387,0.710928,0.328284,-0.031717,-0.031717,1.219685,13225500.000000,441793901.688000,-0.015884
2021-08-04,64.882004,65.464996,64.150002,64.977997,11120000,0.000000,0.000000,61.591294,62.144719,60.896418,61.682419,59.283820,60.001887,58.783900,52.360655,60.242363,59.805626,0.436738,0.127863,0.308874,58.216816,59.283820,62.623180,55.944460,0.859141,1.838891,0.029812,0.006599,0.023276,0.044830,0.065600,0.294118,0.706337,0.323225,-0.025327,-0.025327,1.234333,13350400.000000,722555326.640000,-0.022610
2021-08-05,65.179001,65.361000,64.271004,64.566002,5961000,0.000000,0.000000,61.873214,62.045983,61.011269,61.291306,59.471920,60.014361,58.889536,52.495748,60.403739,59.915676,0.488063,0.199903,0.288160,56.303318,59.471920,62.818963,56.124877,0.771790,1.781450,0.029065,-0.006341,0.042009,0.052266,0.047799,0.248290,0.702106,0.319840,-0.031507,-0.031507,1.220166,13137550.000000,384877937.922000,-0.044792
2021-08-06,64.260002,64.834999,64.199997,64.795998,6065000,0.000000,0.000000,61.000837,61.546671,60.943875,61.509647,59.638566,60.035617,58.986243,52.631932,60.573879,60.033748,0.540131,0.267949,0.272182,57.150053,59.638566,63.045438,56.231695,0.774604,1.697261,0.027593,0.003562,0.016551,0.069188,0.029686,0.276747,0.733760,0.315189,-0.028057,-0.028057,1.228075,13022200.000000,392987727.870000,-0.049103
2021-08-09,65.000000,65.032997,63.900002,64.050003,7831000,0.000000,0.000000,61.703302,61.734625,60.659093,60.801487,59.710142,60.028195,59.070346,52.763138,60.608895,60.090617,0.518278,0.318014,0.200263,53.527171,59.710142,63.153212,56.267073,0.658484,1.652851,0.027184,-0.011513,-0.002025,0.045117,0.094353,0.207518,0.738509,0.317876,-0.039247,-0.039247,1.202423,12548000.000000,501575573.493000,-0.014462
2021-08-10,64.080002,64.122002,61.511002,61.716999,16249000,0.000000,0.000000,60.829962,60.869832,58.391258,58.586807,59.674544,59.968617,59.145413,52.887329,60.297805,59.979224,0.318581,0.318128,0.000453,44.109670,59.674544,63.150091,56.198997,0.343516,1.711832,0.029219,-0.036425,-0.043918,-0.013191,0.043847,0.173890,0.660383,0.337353,-0.074242,-0.074242,1.122200,12818750.000000,1002839516.751000,-0.060613
2021-08-11,61.999001,62.191002,59.616001,60.852001,17557000,0.000000,0.000000,58.854504,59.036767,56.592366,57.765678,59.630118,59.894150,59.209294,53.009341,59.908247,59.815258,0.092989,0.273100,-0.180111,41.214360,59.630118,63.182448,56.077788,0.237575,1.764158,0.030540,-0.014016,-0.063498,-0.025854,0.093369,0.147830,0.667058,0.340633,-0.087217,-0.087217,1.092456,13121250.000000,1068378581.557000,-0.039650
2021-08-12,59.834999,59.845001,57.814999,58.351002,25136000,0.000000,0.000000,56.800260,56.809755,54.882711,55.391529,59.500873,59.772296,59.232646,53.122448,59.213367,59.487574,-0.274207,0.163639,-0.437846,34.220341,59.500873,63.470158,55.531588,-0.017643,1.844073,0.033292,-0.041100,-0.096258,-0.055626,-0.000087,0.024271,0.546127,0.366735,-0.124732,-0.124732,1.006457,13753200.000000,1466710786.272000,-0.128946
2021-08-13,58.325001,58.834000,57.716999,58.041000,17663000,0.000000,0.000000,55.366841,55.850024,54.789676,55.097244,59.462569,59.669585,59.267853,53.235875,58.580117,59.162364,-0.582247,0.014461,-0.596708,33.462323,59.462569,63.591242,55.333896,-0.028660,1.788093,0.032453,-0.005313,-0.104250,-0.049661,-0.035519,-0.005417,0.556268,0.365421,-0.129382,-0.129382,0.995797,13959450.000000,1025178183.000000,-0.139236
2021-08-16,57.987000,59.051998,57.749001,58.887001,12692000,0.000000,0.000000,55.045994,56.056977,54.820066,55.900349,59.449991,59.545933,59.303475,53.355640,58.167845,58.920734,-0.752888,-0.139008,-0.613880,37.529198,59.449991,63.622431,55.277550,0.074632,1.748722,0.031283,0.014576,-0.080609,0.000663,-0.003412,-0.000520,0.593237,0.347419,-0.116692,-0.116692,1.024888,13865700.000000,747393816.692000,-0.109153
2021-08-17,58.193001,58.747002,57.091000,57.898998,12701000,0.000000,0.000000,55.241535,55.767438,54.195426,54.962444,59.316616,59.414379,59.333904,53.463948,57.674707,58.627527,-0.952820,-0.301771,-0.651049,34.850216,59.316616,63.885704,54.747528,0.023518,1.745594,0.031760,-0.016778,-0.061863,-0.021183,-0.008003,-0.007427,0.544025,0.351803,-0.131512,-0.131512,0.990914,13722850.000000,735375173.598000,-0.109670
2021-08-18,57.799999,58.556999,56.914001,56.951000,8827000,0.000000,0.000000,54.868470,55.587076,54.027408,54.062531,58.995094,59.287620,59.321040,53.573026,57.118987,58.289379,-1.170392,-0.475495,-0.694897,32.456212,58.995094,64.090350,53.899838,0.015965,1.732313,0.032043,-0.016373,-0.064106,-0.061902,-0.052390,-0.009924,0.537030,0.341283,-0.145732,-0.145732,0.958316,13345500.000000,502706477.000000,-0.144585
2021-08-19,56.535999,57.924000,56.167999,57.714001,11057000,0.000000,0.000000,53.668583,54.986187,53.319248,54.786839,58.716053,59.181904,59.328625,53.681544,56.760195,58.029932,-1.269736,-0.634343,-0.635393,36.251929,58.716053,64.098011,53.334096,0.134964,1.727644,0.031534,0.013398,-0.010917,-0.094327,-0.077266,-0.031266,0.567584,0.290296,-0.134287,-0.134287,0.984553,13272350.000000,638143709.057000,-0.151591
2021-08-20,58.348000,58.549999,55.983002,56.597000,16962000,0.000000,0.000000,55.388674,55.580428,53.143625,53.726482,58.363395,59.042323,59.323455,53.775532,56.293470,57.711158,-1.417688,-0.791012,-0.626675,33.301497,58.363395,64.089347,52.637443,0.095097,1.778298,0.033099,-0.019354,-0.024879,-0.110012,-0.076529,0.001199,0.595946,0.294581,-0.151042,-0.151042,0.946144,13604600.000000,959998314.000000,-0.168851
2021-08-23,57.264000,58.639999,57.240002,58.430000,13697000,0.000000,0.000000,54.359663,55.665874,54.336882,55.466526,58.097169,58.935005,59.314200,53.873596,56.166248,57.544889,-1.378641,-0.908538,-0.470103,41.688411,58.097169,63.842956,52.351382,0.271081,1.789805,0.032268,0.032387,-0.007761,-0.087416,-0.077476,0.043085,0.671223,0.320116,-0.123547,-0.123547,1.009174,13850350.000000,800315710.000000,-0.171281
2021-08-24,58.692001,59.400002,58.173000,58.557999,9510000,0.000000,0.000000,55.715242,56.387333,55.222564,55.588036,57.921505,58.814712,59.264418,53.963138,56.077292,57.399937,-1.322644,-0.991359,-0.331285,42.234659,57.921505,63.752224,52.090786,0.299899,1.745159,0.031395,0.002191,0.011382,-0.085588,-0.083728,-0.014613,0.686431,0.320533,-0.121627,-0.121627,1.013575,13580250.000000,556886570.490000,-0.183502
2021-08-25,58.719002,59.480000,58.646999,58.876999,9010000,0.000000,0.000000,55.740862,56.463264,55.672512,55.890846,57.702078,58.710842,59.197295,54.049618,56.048608,57.288152,-1.239544,-1.040996,-0.198548,43.651307,57.702078,63.489327,51.914830,0.343515,1.683021,0.030113,0.005447,0.033819,-0.054321,-0.075372,0.079853,0.688498,0.310026,-0.116842,-0.116842,1.024544,13422750.000000,530481760.990000,-0.170281
2021-08-26,58.799999,59.429001,58.337002,58.535000,8624000,0.000000,0.000000,55.817748,56.414847,55.378233,55.566189,57.539372,58.609477,59.134808,54.131241,55.974390,57.160599,-1.186209,-1.070039,-0.116171,42.449307,57.539372,63.377004,51.701739,0.330995,1.636849,0.029458,-0.005809,0.014225,-0.078189,-0.091648,0.036595,0.682030,0.299220,-0.121972,-0.121972,1.012784,12397000.000000,504805840.000000,-0.179702
2021-08-27,58.924999,61.319000,58.916000,60.959000,14981000,0.000000,0.000000,55.936413,58.208994,55.927871,57.867252,57.407326,58.552160,59.089363,54.228333,56.265599,57.212944,-0.947344,-1.045500,0.098155,52.444596,57.407326,63.079333,51.735320,0.540543,1.708703,0.029528,0.041411,0.077071,-0.016203,-0.060073,0.022518,0.804782,0.327555,-0.085612,-0.085612,1.096135,12320500.000000,913226779.000000,-0.160502
2021-08-30,61.479000,61.779999,60.244999,60.799000,9763000,0.000000,0.000000,58.360878,58.646611,57.189464,57.715366,57.246850,58.543294,59.033665,54.317063,56.488640,57.250160,-0.761520,-0.988704,0.227184,51.805022,57.246850,62.676243,51.817457,0.543146,1.690735,0.029294,-0.002625,0.040544,-0.046156,-0.061371,0.065102,0.752168,0.309777,-0.088012,-0.088012,1.090634,12112500.000000,593580637.000000,-0.172710
2021-08-31,60.887001,60.887001,59.700001,60.481998,10715000,0.000000,0.000000,57.798909,57.798909,56.672112,57.414448,57.053671,58.517094,58.980641,54.406899,56.631072,57.262330,-0.631257,-0.917215,0.285957,50.491247,57.053671,62.143461,51.963882,0.535441,1.650454,0.028746,-0.005214,0.032856,-0.057619,-0.066193,0.102086,0.817866,0.308203,-0.092767,-0.092767,1.079733,12306050.000000,648064608.570000,-0.175445
2021-09-01,60.793999,60.898998,59.914001,59.978001,7046000,0.000000,0.000000,57.710624,57.810298,56.875259,56.936012,56.816351,58.475306,58.933946,54.490644,56.677986,57.238158,-0.560172,-0.845806,0.285634,48.390055,56.816351,61.416475,52.216227,0.513006,1.599353,0.028090,-0.008333,0.018700,-0.070858,-0.054733,0.139238,0.780379,0.307213,-0.100327,-0.100327,1.062403,12102350.000000,422604995.046000,-0.179223
2021-09-02,60.271999,60.785000,59.915001,60.209999,8571000,0.000000,0.000000,57.215094,57.702076,56.876202,57.156239,56.609598,58.433310,58.894455,54.569372,56.751564,57.232090,-0.480527,-0.772750,0.292224,49.433205,56.609598,60.707114,52.512082,0.566704,1.544104,0.027015,0.003868,0.028615,-0.073379,-0.079358,0.104201,0.678167,0.306247,-0.096847,-0.096847,1.070380,12232850.000000,516059901.429000,-0.189147
2021-09-03,60.202000,61.334000,59.599998,61.070999,10294000,0.000000,0.000000,57.148647,58.223233,56.577178,57.973572,56.432794,58.387156,58.867458,54.655655,56.939565,57.287015,-0.347450,-0.687690,0.340240,53.212863,56.432794,59.896152,52.969436,0.722440,1.551386,0.026760,0.014300,0.001837,-0.054131,-0.057955,0.220467,0.807675,0.312079,-0.083932,-0.083932,1.099987,12444300.000000,628664863.706000,-0.164700
2021-09-07,59.915001,60.563999,58.799999,59.319000,23316000,0.000000,0.000000,56.876197,57.492279,55.817747,56.310425,56.208241,58.316435,58.815237,54.734377,56.842774,57.214675,-0.371901,-0.624532,0.252632,45.723529,56.208241,58.995299,53.421183,0.518332,1.594561,0.028317,-0.028688,-0.024343,-0.084527,-0.067715,0.096247,0.800143,0.324003,-0.110212,-0.110212,1.039742,13218550.000000,1383081804.000000,-0.171803
2021-09-08,59.144001,59.159000,57.638000,58.354000,17215000,0.000000,0.000000,56.144308,56.158547,54.714690,55.394375,56.048619,58.196028,58.759340,54.805054,56.619943,57.079838,-0.459894,-0.591605,0.131710,42.200491,56.048619,58.619376,53.477862,0.372753,1.594645,0.028787,-0.016268,-0.035184,-0.088931,-0.077877,0.129995,0.948694,0.325806,-0.124687,-0.124687,1.006560,13266850.000000,1004564110.000000,-0.176706
2021-09-09,58.099998,59.692001,57.900002,59.361000,15391000,0.000000,0.000000,55.153254,56.664513,54.963401,56.350300,55.977850,58.085569,58.733826,54.882415,56.578460,57.025798,-0.447338,-0.562751,0.115413,46.806507,55.977850,58.424516,53.531185,0.576114,1.602249,0.028434,0.017257,-0.010287,-0.038174,-0.071743,0.113661,0.994246,0.311722,-0.109582,-0.109582,1.041187,13158550.000000,913625151.000000,-0.159325
2021-09-10,60.213001,61.212002,59.651001,59.811001,15575000,0.000000,0.000000,57.159081,58.107414,56.625585,56.777470,56.047147,57.985724,58.720826,54.954794,56.609077,57.007403,-0.398326,-0.529866,0.131540,48.771123,56.047147,58.502384,53.591910,0.648728,1.613311,0.028415,0.007581,-0.006627,-0.017107,-0.066658,0.144703,1.032327,0.309916,-0.102832,-0.102832,1.056660,12680500.000000,931556340.575000,-0.141009
2021-09-13,60.291000,61.493999,59.956001,60.876999,13132000,0.000000,0.000000,57.233136,58.375121,56.915127,57.789413,56.181756,57.939589,58.691211,55.033318,56.790667,57.065330,-0.274663,-0.478826,0.204163,53.182437,56.181756,58.711772,53.651739,0.817717,1.612193,0.027898,0.017823,-0.003177,0.043290,-0.061901,0.139209,1.093316,0.278628,-0.086842,-0.086842,1.014976,12453950.000000,799436750.868000,-0.127615
2021-09-14,60.061001,61.139999,59.862999,60.349998,11812000,0.000000,0.000000,57.014810,58.039084,56.826851,57.289150,56.251196,57.886543,58.681897,55.109180,56.867357,57.081909,-0.214552,-0.425971,0.211419,50.851226,56.251196,58.824556,53.677835,0.701673,1.583624,0.027643,-0.008657,0.017381,0.039782,-0.062131,0.105137,0.997533,0.279996,-0.094747,-0.094747,0.994464,12409950.000000,712854176.376000,-0.130695
2021-09-15,60.091999,61.187000,59.709000,61.150002,11420000,0.000000,0.000000,57.044223,58.083687,56.680648,58.048565,56.405502,57.866798,58.667909,55.184238,57.049081,57.153513,-0.104432,-0.361663,0.257231,54.137732,56.405502,59.023207,53.787796,0.813837,1.570725,0.027059,0.013256,0.047914,0.038429,-0.042647,0.107982,1.001016,0.279286,-0.082747,-0.082747,1.020902,12345900.000000,698333022.840000,-0.122552
2021-09-16,60.386002,61.716000,59.980000,61.584999,13524000,0.000000,0.000000,57.323308,58.585851,56.937898,58.461494,56.625450,57.871088,58.643195,55.263190,57.266375,57.250401,0.015975,-0.286136,0.302110,55.865865,56.625450,59.151894,54.099006,0.863365,1.576241,0.026962,0.007114,0.037466,0.063663,-0.037404,0.144507,1.030565,0.271254,-0.076222,-0.076222,1.035278,12580750.000000,832875526.476000,-0.109471
2021-09-17,61.494999,61.623001,60.363998,60.897999,20142000,0.000000,0.000000,58.376070,58.497580,57.302432,57.809349,56.776575,57.876689,58.610340,55.331816,57.349910,57.291804,0.058105,-0.217287,0.275393,52.501181,56.776575,59.199415,54.353736,0.713133,1.549020,0.026795,-0.011155,0.018174,0.069305,-0.006006,0.125186,1.012574,0.267109,-0.086527,-0.086527,1.003926,13035000.000000,1226607495.858000,-0.078249
2021-09-20,59.490002,59.505001,58.108002,58.991001,13241000,0.000000,0.000000,56.472769,56.487008,55.160862,55.999077,56.890205,57.833136,58.565852,55.385938,57.142089,57.196047,-0.053957,-0.184621,0.130664,44.490815,56.890205,58.886329,54.894082,0.276785,1.627554,0.029064,-0.031315,-0.030980,0.022126,-0.046409,0.055465,0.941174,0.289816,-0.115132,-0.115132,0.893409,12848950.000000,781099844.241000,-0.086888
2021-09-21,59.237000,59.428001,57.830002,58.622002,16045000,0.000000,0.000000,56.232595,56.413909,54.896958,55.648788,56.899318,57.758713,58.515096,55.436021,56.912351,57.081435,-0.169084,-0.181514,0.012430,43.119845,56.899318,58.869571,54.929065,0.182647,1.619654,0.029105,-0.006255,-0.028633,0.035779,-0.057206,0.078956,0.881565,0.281545,-0.120667,-0.120667,0.869339,12966350.000000,940590022.090000,-0.091803
2021-09-22,59.400002,60.373001,58.889000,60.110001,10350000,0.000000,0.000000,56.387321,57.310971,55.902237,57.061310,56.972982,57.713964,58.497905,55.485669,56.935267,57.079944,-0.144677,-0.174147,0.029470,49.833032,56.972982,58.844500,55.101464,0.523598,1.622691,0.028438,0.025383,-0.017007,0.028752,-0.037038,0.090242,0.906744,0.272877,-0.098347,-0.098347,0.916788,13008350.000000,622138510.350000,-0.080839
2021-09-23,60.058998,61.793999,59.673000,61.256001,11004000,0.000000,0.000000,57.012893,58.659897,56.646472,58.149185,57.085899,57.703863,58.494633,55.536655,57.122024,57.159147,-0.037123,-0.146742,0.109619,54.305999,57.085899,58.955022,55.216776,0.784435,1.650601,0.028386,0.019065,-0.005342,0.046074,-0.035369,0.119988,0.953332,0.279600,-0.081157,-0.081157,0.892732,13108050.000000,674061035.004000,-0.082867
2021-09-24,60.464001,61.380001,60.131001,61.248001,7273000,0.000000,0.000000,57.397368,58.266911,57.081257,58.141605,57.214670,57.707167,58.501660,55.585581,57.278883,57.231922,0.046961,-0.108001,0.154962,54.269690,57.214670,58.995743,55.433597,0.760218,1.617390,0.027818,-0.000130,0.005747,0.040271,-0.028488,0.050454,0.892486,0.279475,-0.081277,-0.081277,0.876344,13040500.000000,445456711.273000,-0.076349
2021-09-27,60.298000,62.199001,60.228001,61.667000,10892000,0.150000,0.000000,57.380300,59.189315,57.313687,58.683056,57.255460,57.763561,58.509639,55.645640,57.494909,57.339413,0.155496,-0.055302,0.210798,56.506657,57.255460,59.134153,55.376767,0.879944,1.635836,0.027876,0.009313,0.047929,0.056093,-0.044479,0.086153,0.892180,0.279040,-0.072721,-0.072721,0.893818,12836050.000000,671676964.000000,-0.076854
2021-09-28,59.605999,60.636002,58.498001,58.597000,20885000,0.000000,0.000000,56.721791,57.701954,55.667407,55.761616,57.157772,57.755756,58.482303,55.692830,57.228249,57.222539,0.005709,-0.043100,0.048809,44.000237,57.157772,59.136303,55.179242,0.147173,1.734394,0.031104,-0.049783,0.002028,-0.036387,-0.098776,0.027989,0.764117,0.298012,-0.118884,-0.118884,0.799538,13392150.000000,1223798345.000000,-0.100039
2021-09-29,58.611000,58.900002,56.685001,56.750999,16577000,0.000000,0.000000,55.774927,56.049945,53.942124,54.004929,56.987296,57.683255,58.424989,55.730504,56.732353,56.984198,-0.251844,-0.084849,-0.166996,38.484525,56.987296,59.410325,54.564268,-0.115422,1.761067,0.032609,-0.031504,-0.053563,-0.064289,-0.125706,-0.042331,0.696399,0.315546,-0.146643,-0.146643,0.742846,13685250.000000,940761310.423000,-0.126291
2021-09-30,57.328999,57.752998,56.792999,56.915001,10938000,0.000000,0.000000,54.554964,54.958448,54.044901,54.160999,56.848546,57.556616,58.411006,55.768879,56.336760,56.775072,-0.438312,-0.155541,-0.282770,39.213584,56.848546,59.581882,54.115209,0.008376,1.703385,0.031450,0.002890,-0.068585,-0.056666,-0.098761,-0.105756,0.731866,0.316068,-0.144176,-0.144176,0.747882,13879850.000000,622536280.938000,-0.093679
2021-10-01,57.112000,57.365002,56.060001,56.973000,11157000,0.000000,0.000000,54.348472,54.589232,53.347378,54.216198,56.701544,57.433587,58.391909,55.805894,56.010520,56.585526,-0.575006,-0.239434,-0.335572,39.486750,56.701544,59.671224,53.731864,0.081547,1.670419,0.030810,0.001019,-0.067515,-0.047770,-0.095514,-0.133970,0.695904,0.315584,-0.143304,-0.143304,0.749664,14009150.000000,635647761.000000,-0.090552
2021-10-04,56.597000,56.650002,54.833000,55.014000,16407000,0.000000,0.000000,53.858388,53.908825,52.179744,52.351986,56.420464,57.265033,58.387102,55.834543,55.447669,56.271930,-0.824262,-0.356400,-0.467862,33.939551,56.420464,59.903075,52.937854,-0.084113,1.696564,0.032407,-0.034385,-0.107886,-0.084055,-0.113217,-0.153085,0.689502,0.333712,-0.172761,-0.172761,0.638702,14314800.000000,902614698.000000,-0.085382
2021-10-05,55.667999,56.327999,55.062000,55.590000,12056000,0.000000,0.000000,52.974337,53.602401,52.397661,52.900112,56.249949,57.107215,58.362139,55.869274,55.055737,56.022166,-0.966429,-0.478406,-0.488024,36.752956,56.249949,60.072596,52.427302,0.061843,1.664696,0.031469,0.010470,-0.051317,-0.087513,-0.091796,-0.152401,0.639747,0.331327,-0.164100,-0.164100,0.655860,13751800.000000,670193040.000000,-0.076029
2021-10-06,55.000000,55.790001,54.483002,55.173000,15908000,0.000000,0.000000,52.338667,53.090441,51.846685,52.503296,56.105395,56.975254,58.315909,55.904511,54.663054,55.761509,-1.098455,-0.602415,-0.496040,35.571845,56.105395,60.267820,51.942970,0.067308,1.634629,0.031134,-0.007501,-0.027805,-0.067610,-0.087364,-0.170371,0.633414,0.319466,-0.170371,-0.170371,0.643439,13686450.000000,877692084.000000,-0.083390
2021-10-07,56.403000,56.414001,55.425999,55.582001,10535000,0.000000,0.000000,53.673771,53.684240,52.744045,52.892498,55.932505,56.827517,58.283917,55.940625,54.390660,55.548990,-1.158329,-0.713598,-0.444731,37.687026,55.932505,60.332562,51.532448,0.154549,1.602223,0.030292,0.007413,-0.023421,-0.045165,-0.090831,-0.156646,0.622726,0.317725,-0.164221,-0.164221,0.655621,13443650.000000,585556380.535000,-0.087572
2021-10-08,55.862000,55.994999,54.908001,55.015999,8671000,0.000000,0.000000,53.158958,53.285522,52.251121,52.353893,55.711326,56.698188,58.253397,55.977015,54.077312,55.312316,-1.235004,-0.817879,-0.417125,35.929110,55.711326,60.369685,51.052967,0.139634,1.561664,0.029829,-0.010183,-0.034350,-0.070921,-0.118175,-0.150175,0.562548,0.310910,-0.172731,-0.172731,0.638762,13098450.000000,477043727.329000,-0.107743
2021-10-11,54.813000,56.146999,54.800999,55.243999,8923000,0.000000,0.000000,52.160710,53.430160,52.149289,52.570854,55.450398,56.539442,58.208591,56.017239,53.845549,55.109245,-1.263696,-0.907043,-0.356653,37.199868,55.450398,60.202327,50.698469,0.197013,1.541608,0.029324,0.004144,0.004181,-0.074090,-0.113458,-0.139668,0.537532,0.309619,-0.169303,-0.169303,0.645553,12888000.000000,492942203.077000,-0.100414
2021-10-12,55.785000,55.818001,54.228001,54.678001,12766000,0.000000,0.000000,53.085671,53.117075,51.604012,52.032238,55.187552,56.361589,58.135169,56.050418,53.566578,54.881318,-1.314740,-0.988582,-0.326158,35.326656,55.187552,60.090398,50.284707,0.178216,1.539569,0.029589,-0.010246,-0.016406,-0.099623,-0.112898,-0.142419,0.491352,0.300422,-0.177814,-0.177814,0.628694,12935700.000000,698019360.766000,-0.100674
2021-10-13,55.296001,55.817001,54.307999,54.441002,12538000,0.000000,0.000000,52.620345,53.116135,51.680149,51.806717,54.875460,56.172163,58.071448,56.084473,53.295830,54.653570,-1.357740,-1.062414,-0.295326,34.542342,54.875460,59.806065,49.944855,0.188807,1.532170,0.029575,-0.004334,-0.013267,-0.095698,-0.106417,-0.158060,0.468698,0.300097,-0.181378,-0.181378,0.621635,12991600.000000,682581283.076000,-0.108378
2021-10-14,55.860001,56.807999,55.426998,56.792999,15499000,0.000000,0.000000,53.157054,54.059180,52.745003,54.044907,54.654631,56.019413,58.010650,56.131080,53.411073,54.608484,-1.197411,-1.089413,-0.107998,47.096002,54.654631,59.296125,50.013137,0.434318,1.583620,0.029302,0.043203,0.021788,-0.068971,-0.032551,-0.113786,0.531945,0.338083,-0.146011,-0.146011,0.691694,13090350.000000,880234691.501000,-0.060013
2021-10-15,56.650002,56.851002,56.139000,56.446999,13248000,0.000000,0.000000,53.908833,54.100107,53.422557,53.715652,54.449946,55.867900,57.941130,56.170734,53.457931,54.542348,-1.084417,-1.088414,0.003997,45.707280,54.449946,58.861008,50.038883,0.416767,1.518900,0.028277,-0.006092,0.026011,-0.081179,-0.043387,-0.088046,0.517543,0.336106,-0.151214,-0.151214,0.681387,12745650.000000,747809842.752000,-0.086985
2021-10-18,56.000000,56.944000,55.873001,56.869999,12474000,0.000000,0.000000,53.290267,54.188588,53.169413,54.118168,54.355900,55.720070,57.877843,56.218157,53.559506,54.510927,-0.951421,-1.061015,0.109594,47.736213,54.355900,58.707702,50.004098,0.472686,1.483206,0.027407,0.007493,0.029433,-0.063851,-0.060937,-0.068173,0.573028,0.337176,-0.144853,-0.144853,0.693987,12707300.000000,709396367.526000,-0.097003
2021-10-19,56.914001,57.799999,56.583000,57.083000,14995000,0.000000,0.000000,54.160044,55.003171,53.845060,54.320866,54.289504,55.590458,57.809326,56.263875,53.676638,54.496849,-0.820210,-1.012854,0.192644,48.774373,54.289504,58.598561,49.980447,0.503639,1.459985,0.026877,0.003745,0.043985,-0.029969,-0.102030,-0.105844,0.584956,0.321484,-0.141650,-0.141650,0.700332,12654800.000000,855959585.000000,-0.136006
2021-10-20,57.060001,57.277000,56.405998,56.549999,16933000,0.000000,0.000000,54.298984,54.505483,53.676627,53.813660,54.127122,55.494995,57.731806,56.299247,53.697719,54.446242,-0.748524,-0.959988,0.211465,46.296217,54.127122,58.236521,50.017722,0.461860,1.414904,0.026293,-0.009337,0.038739,-0.032977,-0.108568,-0.075692,0.570157,0.322265,-0.149665,-0.149665,0.684455,12983950.000000,957561133.067000,-0.138333
2021-10-21,54.488998,55.587002,53.500999,55.542000,30650000,0.000000,0.000000,51.852390,52.897263,50.912198,52.854439,53.862384,55.396770,57.645460,56.328905,53.567983,54.328331,-0.760348,-0.920060,0.159713,41.954746,53.862384,57.540343,50.184426,0.362975,1.521087,0.028779,-0.017825,-0.022027,-0.073725,-0.130393,-0.110904,0.529339,0.311605,-0.164822,-0.164822,0.654430,13966250.000000,1702362300.000000,-0.155917
2021-10-22,56.000000,57.581001,55.430000,55.674000,18770000,0.000000,0.000000,53.290279,54.794779,52.747860,52.980053,53.604307,55.348540,57.560418,56.350700,53.477532,54.228458,-0.750926,-0.886233,0.135307,42.712374,53.604307,56.695542,50.513072,0.399028,1.558646,0.029419,0.002377,-0.013694,-0.088894,-0.128489,-0.130518,0.569841,0.301610,-0.162837,-0.162837,0.658362,14541100.000000,1045000980.000000,-0.145300
2021-10-25,55.805000,56.201000,54.939999,55.196999,12826000,0.000000,0.000000,53.104712,53.481551,52.281566,52.526131,53.296461,55.297118,57.483352,56.376288,53.331163,54.102360,-0.771197,-0.863226,0.092029,40.647691,53.296461,55.289243,51.303678,0.306720,1.533027,0.029186,-0.008568,-0.029418,-0.096583,-0.111253,-0.140253,0.574377,0.301574,-0.170010,-0.170010,0.644153,14637800.000000,707956709.174000,-0.149869
2021-10-26,55.688000,55.924000,54.629002,54.894001,11734000,0.000000,0.000000,52.993376,53.217956,51.985620,52.237797,53.120270,55.223867,57.384900,56.393417,53.162953,53.964244,-0.801291,-0.850839,0.049548,39.346605,53.120270,54.792711,51.447829,0.236172,1.511550,0.028936,-0.005489,-0.038347,-0.109832,-0.133405,-0.135820,0.594065,0.297267,-0.174566,-0.174566,0.635128,14180250.000000,644126207.734000,-0.165454
2021-10-27,54.801998,56.054001,54.618999,55.362000,11838000,0.000000,0.000000,52.150240,53.341660,51.976096,52.683144,53.054180,55.178281,57.296330,56.403341,53.089136,53.869348,-0.780212,-0.836714,0.056502,42.412692,53.054180,54.683331,51.425029,0.386126,1.501122,0.028493,0.008525,-0.021008,-0.055208,-0.104338,-0.132423,0.625423,0.252758,-0.167529,-0.167529,0.649068,13943300.000000,655375356.000000,-0.135301
2021-10-28,56.374001,57.993999,56.341000,56.595001,22325000,0.000000,0.000000,53.646188,55.187799,53.614784,53.856495,53.038955,55.174160,57.230890,56.423829,53.207191,53.868396,-0.661205,-0.801612,0.140407,49.636400,53.038955,54.629795,51.448116,0.756952,1.572803,0.029204,0.022272,0.018959,-0.002749,-0.109930,-0.083768,0.685796,0.243707,-0.148988,-0.148988,0.670125,14512650.000000,1263483397.325000,-0.162779
2021-10-29,55.834000,56.716000,55.619999,56.356998,13381000,0.000000,0.000000,53.132309,53.971631,52.928663,53.630001,53.009645,55.151024,57.166464,56.428399,53.272239,53.850737,-0.578498,-0.756989,0.178491,48.374958,53.009645,54.529161,51.490129,0.704129,1.534958,0.028621,-0.004206,0.012268,-0.009804,-0.119736,-0.082876,0.610467,0.243879,-0.152567,-0.152567,0.663101,14623850.000000,754112990.238000,-0.175407
2021-11-01,56.500000,57.292000,56.136002,57.276001,10724000,0.000000,0.000000,53.766084,54.519760,53.419698,54.504536,53.117273,55.166585,57.104454,56.442189,53.461823,53.899167,-0.437343,-0.693060,0.255717,53.309027,53.117273,54.741946,51.492600,0.926936,1.503894,0.027592,0.016307,0.037665,0.005318,-0.110537,-0.051087,0.690221,0.250623,-0.138748,-0.138748,0.647502,14339700.000000,614227834.724000,-0.167079
2021-11-02,57.473999,57.799999,57.200001,57.424000,8970000,0.000000,0.000000,54.692954,55.003180,54.432214,54.645374,53.204536,55.150162,57.042583,56.441330,53.643908,53.954441,-0.310533,-0.616555,0.306021,54.070344,53.204536,54.962139,51.446933,0.909887,1.437256,0.026302,0.002584,0.046089,0.043807,-0.114085,-0.055969,0.651759,0.216411,-0.136523,-0.136523,0.564475,14185400.000000,515093280.000000,-0.172883
2021-11-03,57.506001,58.348999,56.939999,58.139999,7908000,0.000000,0.000000,54.723404,55.525612,54.184790,55.326725,53.345707,55.144935,56.979824,56.451922,53.902803,54.056092,-0.153289,-0.523901,0.370612,57.666606,53.345707,55.307818,51.383597,1.004818,1.430368,0.025853,0.012469,0.050179,0.045872,-0.097315,-0.054167,0.583982,0.217489,-0.125756,-0.125756,0.543126,13785400.000000,459771112.092000,-0.158843
2021-11-04,58.299999,59.910000,57.972000,59.873001,17965000,0.000000,0.000000,55.478984,57.011080,55.166857,56.975872,53.549876,55.166636,56.938739,56.470196,54.375583,54.272372,0.103211,-0.398479,0.501690,64.842133,53.549876,56.080776,51.018976,1.176833,1.459929,0.025624,0.029807,0.057920,0.085187,-0.073708,-0.046211,0.589123,0.234220,-0.099697,-0.099697,0.512114,14156900.000000,1075618462.965000,-0.148160
2021-11-05,60.091000,61.299999,59.728001,61.077000,21028000,0.000000,0.000000,57.183315,58.333814,56.837881,58.121605,53.838262,55.217744,56.913611,56.494360,54.951894,54.557500,0.394394,-0.239905,0.634298,68.798971,53.838262,57.024843,50.651681,1.172091,1.462501,0.025163,0.020109,0.083752,0.098863,-0.044076,0.046118,0.542521,0.240592,-0.081593,-0.081593,0.511661,14774750.000000,1284327156.000000,-0.118867
2021-11-08,61.500000,62.000999,60.387001,60.907001,12598000,0.000000,0.000000,58.524136,59.000893,57.464993,57.959831,54.107711,55.219596,56.885878,56.515867,55.414653,54.809525,0.605129,-0.070898,0.676027,67.641398,54.107711,57.725267,50.490155,1.032420,1.467743,0.025323,-0.002783,0.063395,0.107078,-0.010702,0.032676,0.501746,0.236186,-0.084149,-0.084149,0.507454,14958500.000000,767306398.598000,-0.091461
2021-11-09,61.000000,62.306000,60.903000,62.191002,12041000,0.000000,0.000000,58.048334,59.291139,57.956027,59.181705,54.465184,55.248923,56.896108,56.550619,55.994200,55.133390,0.860810,0.115444,0.745366,71.536802,54.465184,58.595788,50.334580,1.070924,1.458270,0.024641,0.021081,0.083014,0.125751,0.024513,0.120171,0.508136,0.242648,-0.064842,-0.064842,0.539233,14922250.000000,748841855.082000,-0.051436
2021-11-10,61.453999,62.228001,60.389999,60.577999,10898000,0.000000,0.000000,58.480367,59.216917,57.467852,57.646755,54.757186,55.253569,56.885331,56.595473,56.248439,55.319565,0.928874,0.278130,0.650744,61.517967,54.757186,58.922042,50.592330,0.846899,1.479041,0.025657,-0.025936,0.041933,0.107905,0.040714,0.040623,0.499311,0.261081,-0.089096,-0.089096,0.461368,14840250.000000,660179033.102000,-0.013716
2021-11-11,61.359001,61.930000,60.974998,61.369999,8198000,0.000000,0.000000,58.389963,58.933333,58.024542,58.400429,54.974962,55.282857,56.879082,56.647730,56.579514,55.547777,1.031737,0.428851,0.602886,64.171306,54.974962,59.428487,50.521437,0.884579,1.465293,0.025090,0.013074,0.025003,0.127275,0.059952,0.022304,0.461130,0.260186,-0.077187,-0.077187,0.480474,14475200.000000,503111251.802000,0.000491
2021-11-12,61.740002,62.790001,61.349998,62.442001,10591000,0.000000,0.000000,58.752528,59.751720,58.381396,59.420559,55.260207,55.328143,56.880727,56.716145,57.016598,55.834650,1.181948,0.579471,0.602478,67.443431,55.260207,60.089093,50.431322,0.930778,1.458510,0.024546,0.017468,0.022349,0.099466,0.062973,0.059346,0.506334,0.226758,-0.061068,-0.061068,0.478597,14342350.000000,661323232.591000,-0.009166
2021-11-15,63.200001,64.439003,62.507999,63.026001,13534000,0.000000,0.000000,60.141880,61.320929,59.483363,59.976299,55.553114,55.368198,56.877677,56.779069,57.471937,56.141439,1.330498,0.729676,0.600822,69.099091,55.553114,60.784246,50.321982,0.922775,1.490071,0.024844,0.009353,0.034791,0.116552,0.091223,0.082491,0.492426,0.223856,-0.052286,-0.052286,0.478484,14395350.000000,852993897.534000,0.009506
2021-11-16,62.917000,63.799999,62.443001,63.425999,8523000,0.000000,0.000000,59.872572,60.712845,59.421509,60.356941,55.854918,55.449128,56.882781,56.836988,57.915784,56.453698,1.462085,0.876158,0.585927,70.216316,55.854918,61.469169,50.240666,0.900946,1.475876,0.024452,0.006347,0.019858,0.115281,0.116428,0.057939,0.457520,0.223753,-0.046271,-0.046271,0.487867,14071750.000000,540579789.477000,0.016748
2021-11-17,63.425999,63.880001,62.627998,63.063000,9066000,0.000000,0.000000,60.356943,60.788977,59.597556,60.011509,56.164810,55.541471,56.868749,56.898727,58.238203,56.717240,1.520963,1.005119,0.515844,67.819928,56.164810,61.985083,50.344537,0.830457,1.455558,0.024255,-0.005723,0.041021,0.104760,0.095364,0.010730,0.473872,0.226965,-0.051730,-0.051730,0.479352,13678400.000000,571729158.000000,0.000480
2021-11-18,63.699001,63.727001,62.479000,63.580002,10002000,0.000000,0.000000,60.616736,60.643381,59.455768,60.503494,56.547263,55.624535,56.855052,56.955743,58.586709,56.997703,1.589006,1.121896,0.467110,69.420669,56.547263,62.456207,50.638318,0.834766,1.436419,0.023741,0.008198,0.036011,0.124315,0.126139,0.039957,0.491480,0.221207,-0.043956,-0.043956,0.480095,12646000.000000,635927180.004000,0.039216
2021-11-19,63.639999,65.699997,63.313000,64.449997,18332000,0.000000,0.000000,60.560587,62.520905,60.249410,61.331390,56.964830,55.715613,56.850668,57.021516,59.008968,57.318717,1.690251,1.235567,0.454684,71.949305,56.964830,62.991522,50.938137,0.862268,1.496067,0.024393,0.013683,0.032158,0.160383,0.105737,0.020069,0.486499,0.205370,-0.030874,-0.030874,0.500348,12624100.000000,1181497345.004000,0.031132
2021-11-22,65.092003,66.106003,64.211998,64.669998,18759000,0.000000,0.000000,61.942326,62.907260,61.104903,61.540741,57.415560,55.790640,56.865114,57.077457,59.398471,57.631459,1.767012,1.341856,0.425156,72.567058,57.415560,63.392685,51.438435,0.845081,1.517945,0.024666,0.003413,0.026084,0.161583,0.107086,0.014392,0.505470,0.205095,-0.027566,-0.027566,0.462306,12920750.000000,1213144492.482000,0.051495
2021-11-23,64.800003,66.231003,64.125999,66.132004,17531000,0.000000,0.000000,61.664455,63.026212,61.023065,62.932003,57.950270,55.903497,56.895020,57.142576,59.942092,58.024092,1.917999,1.457085,0.460914,76.302129,57.950270,63.890361,52.010180,0.919331,1.552602,0.024671,0.022607,0.042664,0.198108,0.125981,0.041113,0.487700,0.203248,-0.005582,-0.005582,0.495364,13210600.000000,1159360162.124000,0.077231
2021-11-24,65.400002,66.153999,64.528000,66.079002,12152000,0.000000,0.000000,62.235446,62.952960,61.405639,62.881592,58.460193,56.000157,56.933478,57.205354,60.394322,58.383907,2.010415,1.567751,0.442664,75.898890,58.460193,64.245421,52.674964,0.882128,1.552225,0.024685,-0.000801,0.047826,0.203757,0.131652,0.027938,0.494166,0.199736,-0.006378,-0.006378,0.493029,13226300.000000,802992032.304000,0.071473
2021-11-26,65.146004,65.408997,63.841000,64.197998,8377000,0.000000,0.000000,61.993721,62.243988,60.751863,61.091587,58.821947,56.052759,56.961924,57.240417,60.501594,58.584476,1.917118,1.637624,0.279494,63.139225,58.821947,64.291288,53.352607,0.707488,1.593475,0.026083,-0.028466,0.009720,0.159604,0.055720,-0.007701,0.450528,0.238131,-0.034663,-0.034663,0.431686,12528900.000000,537786629.246000,0.031782
2021-11-29,65.150002,68.228996,64.902000,68.054001,19639000,0.000000,0.000000,61.997536,64.927545,61.761535,64.761017,59.378498,56.191793,57.034241,57.287235,61.156890,59.041998,2.114892,1.733078,0.381814,73.116613,59.378498,64.888513,53.868483,0.988431,1.753653,0.027079,0.060064,0.055920,0.202474,0.122076,0.053213,0.504781,0.297011,0.000000,0.000000,0.517680,12841800.000000,1336512525.639000,0.088213
2021-11-30,67.532997,69.300003,66.814003,67.985001,27254000,0.000000,0.000000,64.265226,65.946731,63.581023,64.695358,59.888039,56.365718,57.099427,57.331065,61.701270,59.460765,2.240505,1.834563,0.405941,72.737220,59.888039,65.385064,54.391014,0.937265,1.797371,0.027782,-0.001014,0.051261,0.206328,0.126813,0.052226,0.516141,0.295426,-0.001014,-0.001014,0.467543,13668300.000000,1852863217.254000,0.108565
2021-12-01,69.269997,71.182999,68.436996,69.352997,25249000,0.000000,0.000000,65.918170,67.738606,65.125477,65.997154,60.455628,56.572686,57.165699,57.384182,62.362175,59.944942,2.417233,1.951097,0.466136,75.456440,60.455628,66.017239,54.894017,0.998194,1.886362,0.028582,0.020122,0.048706,0.210856,0.159146,0.095702,0.497072,0.296885,0.000000,0.000000,0.482217,14482250.000000,1751093821.253000,0.162760
2021-12-02,68.286003,68.495003,65.588997,66.152000,23006000,0.000000,0.000000,64.981793,65.180679,62.415289,62.951050,60.836845,56.690480,57.202222,57.425916,62.452771,60.167617,2.285154,2.017909,0.267246,60.300537,60.836845,65.944932,55.728757,0.706947,2.007469,0.031889,-0.046155,0.001105,0.151992,0.101385,0.013982,0.393499,0.353435,-0.046155,-0.046155,0.413805,15237150.000000,1521892912.000000,0.098115
2021-12-03,66.879997,67.098999,65.184998,66.147003,13856000,0.000000,0.000000,63.643819,63.852224,62.030837,62.946293,61.135366,56.786423,57.245143,57.457872,62.528697,60.373444,2.155253,2.045378,0.109875,60.280175,61.135366,65.984674,56.286057,0.686720,1.994178,0.031681,-0.000076,0.030359,0.137719,0.085776,0.022849,0.379433,0.353659,-0.046227,-0.046227,0.413698,15031700.000000,916532873.568000,0.103874
2021-12-06,66.492996,67.077003,64.242996,66.755997,12665000,0.000000,0.000000,63.275536,63.831284,61.134409,63.525810,61.405576,56.894107,57.300637,57.507190,62.682099,60.606953,2.075146,2.051331,0.023815,61.965216,61.405576,66.148909,56.662243,0.723496,2.044371,0.032182,0.009207,-0.019073,0.114960,0.128136,0.051744,0.347833,0.343533,-0.037446,-0.037446,0.426713,14613550.000000,845464702.005000,0.137839
2021-12-07,67.850998,70.956001,67.699997,70.614998,16016000,0.000000,0.000000,64.567819,67.522577,64.424125,67.198074,61.867488,57.064407,57.413984,57.577303,63.376865,61.095184,2.281680,2.097401,0.184279,70.504347,61.867488,66.982664,56.752312,1.021056,2.183827,0.032498,0.057807,0.038685,0.156163,0.213085,0.118613,0.401363,0.386039,0.000000,0.000000,0.509188,14784450.000000,1130969807.968000,0.186900
2021-12-08,70.500000,71.831001,70.500000,71.403000,11634000,0.000000,0.000000,67.088669,68.355267,67.088669,67.947975,62.305801,57.308134,57.531945,57.634981,64.080112,61.602798,2.477314,2.173384,0.303930,71.892111,62.305801,67.929068,56.682535,1.001681,2.118311,0.031175,0.011160,0.029559,0.172329,0.205814,0.119305,0.405148,0.384508,0.000000,0.000000,0.526030,14764100.000000,830702502.000000,0.170483
2021-12-09,70.875000,71.990997,69.726997,69.939003,10828000,0.000000,0.000000,67.445493,68.507489,66.353040,66.554787,62.751203,57.559131,57.621193,57.708966,64.460832,61.969612,2.491219,2.236951,0.254268,65.706840,62.751203,68.229964,57.272443,0.847121,2.120892,0.031867,-0.020504,0.057247,0.124584,0.172204,0.094067,0.426032,0.393396,-0.020504,-0.020504,0.494740,14760600.000000,757299524.484000,0.145617
2021-12-10,71.167000,71.410004,69.455002,70.596001,8793000,0.000000,0.000000,67.723370,67.954615,66.094212,67.180000,63.190182,57.819511,57.688064,57.776843,64.879165,62.355567,2.523598,2.294280,0.229318,67.075815,63.190182,68.607714,57.772650,0.868232,2.102286,0.031293,0.009394,0.067259,0.165373,0.162497,0.090537,0.450234,0.376029,-0.011302,-0.011302,0.508782,14790350.000000,620750636.793000,0.127740
2021-12-13,70.754997,70.805000,68.400002,68.497002,12440000,0.000000,0.000000,67.331299,67.378883,65.090257,65.182564,63.478282,58.038839,57.736213,57.819792,64.925842,62.564974,2.360868,2.307598,0.053270,58.975709,63.478282,68.659429,58.297135,0.664470,2.115596,0.032456,-0.029733,0.026080,0.116132,0.137782,0.067091,0.402679,0.396811,-0.040699,-0.040699,0.463922,14882800.000000,852102704.880000,0.112810
2021-12-14,67.461998,68.338997,66.814003,67.920998,13892000,0.150000,0.000000,64.338550,65.174945,63.720557,64.776299,63.718282,58.287325,57.776179,57.872735,64.902835,62.728776,2.174059,2.280890,-0.106831,57.455929,63.718282,68.655345,58.781219,0.607150,2.068911,0.031939,-0.006233,-0.036039,0.090133,0.115898,0.068309,0.393455,0.396328,-0.046678,-0.046678,0.454798,14900700.000000,943558504.216000,0.110878
2021-12-15,68.000000,69.879997,66.538002,69.731003,13627000,0.000000,0.000000,64.851637,66.644591,63.457328,66.502495,64.025560,58.559373,57.833294,57.944767,65.148937,63.008311,2.140626,2.252837,-0.112211,61.943413,64.025560,68.845347,59.205773,0.756955,2.148793,0.032311,0.026649,-0.021273,0.108813,0.137544,0.094995,0.420596,0.403509,-0.021273,-0.021273,0.493566,15155900.000000,950224377.881000,0.112273
2021-12-16,70.177002,70.735001,66.664001,67.127998,13775000,0.000000,0.000000,66.927856,67.460020,63.577505,64.020020,64.225985,58.789707,57.882481,58.014981,64.975257,63.083252,1.892005,2.180671,-0.288666,53.245308,64.225985,68.660970,59.791001,0.476779,2.272631,0.035499,-0.037329,-0.038085,0.060690,0.107434,0.100782,0.373166,0.429520,-0.057808,-0.057808,0.437813,15391350.000000,924688172.450000,0.098363
2021-12-17,66.500000,67.789001,66.064003,66.917000,15633000,0.000000,0.000000,63.421078,64.650400,63.005268,63.818771,64.391749,59.008233,57.917875,58.075262,64.797336,63.137735,1.659601,2.076457,-0.416856,52.600467,64.391749,68.474769,60.308729,0.429834,2.227809,0.034908,-0.003144,-0.050033,0.063442,0.139640,0.086750,0.388753,0.428940,-0.060770,-0.060770,0.433293,15672900.000000,1046113461.000000,0.108664
2021-12-20,65.885002,67.301003,65.389999,66.108002,9110000,0.000000,0.000000,62.834551,64.184991,62.362467,63.047226,64.477541,59.222099,57.960144,58.152992,64.528089,63.131031,1.397058,1.940577,-0.543519,50.095609,64.477541,68.356831,60.598251,0.315647,2.198860,0.034876,-0.012090,-0.032759,0.042043,0.132949,0.068138,0.386996,0.431757,-0.072125,-0.072125,0.415965,15211800.000000,602243898.220000,0.117044
2021-12-21,67.955002,68.706001,66.514000,68.306999,13405000,0.000000,0.000000,64.808724,65.524953,63.434440,65.144424,64.657725,59.473571,58.006506,58.221882,64.622909,63.280171,1.342739,1.821009,-0.478271,56.201088,64.657725,68.289539,61.025911,0.567005,2.218779,0.034059,0.033264,0.005683,0.062171,0.141657,0.099372,0.426431,0.443425,-0.041260,-0.041260,0.463065,14944100.000000,915655321.595000,0.111836
2021-12-22,67.848000,69.203003,67.292000,69.122002,10424000,0.000000,0.000000,64.706675,65.998943,64.176418,65.921692,64.807209,59.751360,58.056474,58.306381,64.822722,63.475839,1.346883,1.726184,-0.379301,58.240264,64.807209,68.385666,61.228752,0.655721,2.190475,0.033228,0.011931,-0.008734,0.071188,0.133665,0.093568,0.462456,0.444446,-0.029821,-0.029821,0.480522,14588750.000000,720527748.848000,0.102464
2021-12-23,69.447998,70.694000,69.337997,69.872002,8674000,0.000000,0.000000,66.232606,67.420919,66.127698,66.636978,64.994979,60.047965,58.110064,58.386571,65.101838,63.709998,1.391841,1.659315,-0.267475,60.082107,64.994979,68.541967,61.447991,0.731464,2.141101,0.032131,0.010851,0.040877,0.058873,0.146115,0.113465,0.496586,0.439971,-0.019294,-0.019294,0.492974,14414850.000000,606069745.348000,0.105865
2021-12-27,70.278999,72.400002,70.278999,72.339996,10143000,0.000000,0.000000,67.025133,69.047934,67.025133,68.990707,65.389935,60.346881,58.183147,58.483523,65.700126,64.101161,1.598965,1.647245,-0.048281,65.477881,65.389935,68.865259,61.914611,1.018048,2.160376,0.031314,0.035322,0.081041,0.097153,0.175650,0.123358,0.519739,0.453531,0.000000,0.000000,0.545708,14503150.000000,733744579.428000,0.115443
2021-12-28,72.500000,72.837997,71.463997,71.610001,7816000,0.000000,0.000000,69.143280,69.465628,68.155243,68.294487,65.566608,60.638458,58.253179,58.571357,66.099258,64.411778,1.687480,1.655292,0.032188,62.774877,65.566608,69.259746,61.873470,0.869317,2.099662,0.030744,-0.010092,0.083227,0.117903,0.224758,0.103781,0.517801,0.440832,-0.010092,-0.010092,0.530110,13912000.000000,559703767.816000,0.139856
2021-12-29,71.869003,72.817001,71.610001,72.675003,6902000,0.000000,0.000000,68.541513,69.445620,68.294502,69.310196,65.797350,60.942298,58.331184,58.658714,66.593249,64.774624,1.818625,1.687959,0.130666,65.042153,65.797350,69.822980,61.771720,0.936310,2.031910,0.029316,0.014872,0.063947,0.070246,0.283405,0.122074,0.549749,0.396122,0.000000,0.000000,0.552866,12894400.000000,501602870.706000,0.197012
2021-12-30,72.800003,72.800003,71.718002,71.833000,5216000,0.000000,0.000000,69.429411,69.429411,68.397506,68.507179,65.922851,61.226024,58.408241,58.739293,66.887700,65.051109,1.836590,1.717685,0.118905,61.835540,65.922851,70.127243,61.718460,0.807337,1.960481,0.028617,-0.011586,0.039221,0.058920,0.264880,0.139959,0.496285,0.399331,-0.011586,-0.011586,0.534875,11892750.000000,374680928.000000,0.175392
2021-12-31,71.831001,72.586998,71.723000,71.915001,7138000,0.000000,0.000000,68.505262,69.226257,68.402261,68.585373,66.204568,61.521459,58.508227,58.826820,67.148880,65.312907,1.835973,1.741343,0.094631,62.031833,66.204568,70.324747,62.084388,0.788920,1.879304,0.027401,0.001141,0.029239,0.039217,0.265035,0.144207,0.536627,0.394478,-0.010458,-0.010458,0.518143,11099350.000000,513329277.138000,0.191012
2022-01-03,72.112999,73.106003,71.182999,72.545998,10602000,0.000000,0.000000,68.774190,69.721219,67.887249,69.187141,66.516610,61.848113,58.622441,58.915868,67.462459,65.599887,1.862572,1.765589,0.096983,63.584136,66.516610,70.541988,62.491232,0.831712,1.876066,0.027116,0.008774,0.002847,0.099063,0.321576,0.171952,0.531463,0.353536,-0.001775,-0.001775,0.512698,10936650.000000,769132670.796000,0.210930
2022-01-04,72.672997,73.184998,70.245003,71.199997,14566000,0.000000,0.000000,69.308281,69.796577,66.992702,67.903481,66.735493,62.146581,58.747561,58.990103,67.530308,65.770524,1.759785,1.764428,-0.004643,58.124984,66.735493,70.546496,62.924491,0.653239,1.942338,0.028604,-0.018553,-0.005725,0.078753,0.283617,0.165786,0.452811,0.362392,-0.020296,-0.020296,0.484632,11031700.000000,1037099156.302000,0.201249
2022-01-05,71.278999,71.489998,69.060997,69.181000,13994000,0.000000,0.000000,67.978830,68.180059,65.863520,65.977966,66.674488,62.415618,58.856368,59.062111,67.291486,65.785890,1.505597,1.712662,-0.207065,51.045301,66.674488,70.493366,62.855610,0.408805,1.969066,0.029844,-0.028357,-0.048077,0.038601,0.256644,0.146858,0.406098,0.378420,-0.048077,-0.048077,0.442533,10930600.000000,968118914.000000,0.215390
2022-01-06,69.349998,70.569000,68.695999,70.191002,11896000,0.000000,0.000000,66.139120,67.301682,65.515400,66.941185,66.624149,62.709686,58.966776,59.135125,67.237594,65.871467,1.366127,1.643355,-0.277228,54.059745,66.624149,70.398630,62.849667,0.541997,1.956010,0.029220,0.014599,-0.022859,-0.003823,0.265608,0.150652,0.376794,0.323912,-0.034180,-0.034180,0.463592,10943700.000000,834992159.792000,0.236480
2022-01-07,69.788002,70.321999,66.838997,66.929001,15698000,0.000000,0.000000,66.556866,67.066139,63.744398,63.830235,66.487921,62.932628,59.055454,59.194679,66.713385,65.720265,0.993120,1.513308,-0.520188,44.523909,66.487921,70.464215,62.511627,0.165809,2.053563,0.032172,-0.046473,-0.069332,-0.060601,0.219207,0.075127,0.346388,0.358599,-0.079064,-0.079064,0.395575,11187200.000000,1050651457.698000,0.194765
2022-01-10,65.862000,66.781998,64.320999,66.429001,16246000,0.000000,0.000000,62.812614,63.690016,61.342961,63.353363,66.296589,63.122565,59.148363,59.234701,66.196458,65.544939,0.651520,1.340950,-0.689430,43.264097,66.296589,70.494738,62.098440,0.149461,2.084542,0.032903,-0.007471,-0.084319,-0.048102,0.205104,0.068376,0.297906,0.353261,-0.085945,-0.085945,0.385149,11559850.000000,1079205550.246000,0.173583
2022-01-11,65.281998,67.355003,65.200996,67.320999,9189000,0.000000,0.000000,62.259460,64.236486,62.182209,64.204056,66.247664,63.334046,59.242535,59.285580,65.889935,65.445614,0.444321,1.161624,-0.717303,46.189178,66.247664,70.522583,61.972744,0.260977,2.082380,0.032434,0.013428,-0.054481,-0.044298,0.233928,0.094620,0.266393,0.355187,-0.073671,-0.073671,0.403748,11397300.000000,618612659.811000,0.186401
2022-01-12,67.907997,68.902000,67.431999,68.632004,9286000,0.000000,0.000000,64.763883,65.711864,64.309924,65.454369,66.281567,63.553043,59.359814,59.341635,65.822925,65.446263,0.376662,1.004632,-0.627970,50.249046,66.281567,70.517935,62.045200,0.402369,2.041339,0.031187,0.019474,-0.007936,0.004170,0.263434,0.128983,0.315429,0.347448,-0.055631,-0.055631,0.431085,11167000.000000,637316789.144000,0.221109
2022-01-13,70.500000,73.066002,68.333000,68.677002,29135000,0.000000,0.000000,67.235886,69.683083,65.169217,65.497292,66.231307,63.770081,59.460121,59.387161,65.772827,65.450042,0.322785,0.868263,-0.545478,50.387432,66.231307,70.480471,61.982143,0.413628,2.217948,0.033863,0.000656,-0.021570,0.011131,0.211905,0.172456,0.242453,0.346602,-0.055012,-0.055012,0.432023,11942400.000000,2000904453.270000,0.213026
2022-01-14,68.357002,73.074997,68.180000,72.982002,19416000,0.000000,0.000000,65.192102,69.691655,65.023295,69.602966,66.510454,64.055606,59.600271,59.432344,66.362080,65.757666,0.604413,0.815493,-0.211080,61.436865,66.510454,70.879796,62.141113,0.853888,2.392978,0.034380,0.062685,0.090439,0.046622,0.295767,0.239548,0.345077,0.399036,0.000000,0.000000,0.521789,12224450.000000,1417018550.832000,0.296008
2022-01-18,71.666000,71.739998,67.642998,67.901001,20069000,0.000000,0.000000,68.347907,68.418479,64.511167,64.757225,66.557377,64.211233,59.688934,59.443115,66.115179,65.683560,0.431619,0.738718,-0.307099,47.882345,66.557377,70.823956,62.290798,0.289040,2.585751,0.039930,-0.069620,0.022159,0.011515,0.196589,0.123673,0.181334,0.451807,-0.069620,-0.069620,0.415843,12446250.000000,1362705189.069000,0.230867
2022-01-19,69.084999,69.867996,64.205002,64.273003,18340000,0.000000,0.000000,65.886403,66.633148,61.232347,61.297199,66.469876,64.274745,59.746245,59.440526,65.373951,65.358644,0.015307,0.594036,-0.578729,40.937258,66.469876,71.096179,61.843572,-0.059051,2.786826,0.045464,-0.053431,-0.045275,-0.039511,0.128428,0.013295,0.152019,0.489532,-0.119331,-0.119331,0.340193,12907750.000000,1178766875.020000,0.180568
2022-01-20,65.469002,65.799004,61.751999,61.966999,19444000,0.000000,0.000000,62.437815,62.752538,58.892908,59.097954,66.167552,64.297507,59.758552,59.423957,64.408413,64.894889,-0.486476,0.377933,-0.864409,37.239914,66.167552,71.832275,60.502829,-0.124002,2.863455,0.048453,-0.035878,-0.097112,-0.062640,0.098196,-0.021033,0.108343,0.502797,-0.150928,-0.150928,0.292109,13209700.000000,1204886328.556000,0.162188
2022-01-21,61.619999,63.673000,60.445000,60.578999,22222000,0.000000,0.000000,58.767030,60.724978,57.646432,57.774227,65.760179,64.269358,59.759140,59.396402,63.387769,64.367433,-0.979664,0.106414,-1.086078,35.180325,65.760179,72.557881,58.962477,-0.087401,2.878818,0.049829,-0.022399,-0.117914,-0.113136,0.093082,-0.049448,0.084171,0.489579,-0.169946,-0.169946,0.263167,13799600.000000,1346186515.778000,0.188167
2022-01-24,58.500000,62.324001,57.550999,62.181999,24890000,0.000000,0.000000,55.791470,59.438421,54.886407,59.302994,65.393480,64.302483,59.778026,59.379333,62.759342,63.992289,-1.232947,-0.161458,-1.071489,39.352049,65.393480,72.759528,58.027432,0.086584,2.998332,0.050560,0.026461,-0.147982,-0.100402,0.119346,-0.024478,0.105195,0.498507,-0.147982,-0.147982,0.296592,14610400.000000,1547709955.110000,0.201192
2022-01-25,60.014000,60.444000,58.099998,58.823002,18846000,0.000000,0.000000,57.235381,57.645472,55.409997,56.099525,64.748921,64.256464,59.769661,59.351803,61.734755,63.407640,-1.672885,-0.463744,-1.209141,34.361536,64.748921,72.993307,56.504534,-0.024563,3.062237,0.054586,-0.054019,-0.133695,-0.158132,0.068031,-0.050791,0.074060,0.523285,-0.194007,-0.194007,0.226552,15045550.000000,1108578295.692000,0.178851
2022-01-26,60.352001,61.422001,58.037998,59.667000,23637000,0.000000,0.000000,57.557736,58.578195,55.350870,56.904449,64.179419,64.206142,59.767143,59.330799,60.991631,62.925922,-1.934291,-0.757853,-1.176438,36.539256,64.179419,72.949405,55.409433,0.085235,3.074029,0.054021,0.014348,-0.071663,-0.175187,0.089335,-0.055988,0.169048,0.506358,-0.182442,-0.182442,0.244151,15836600.000000,1410348879.000000,0.200494
2022-01-27,59.490002,60.049999,55.073002,55.529999,30943000,0.000000,0.000000,56.735645,57.269715,52.523150,52.958988,63.361858,64.065796,59.716997,59.292228,59.755840,62.187631,-2.431791,-1.092641,-1.339150,31.093686,63.361858,73.111786,53.611930,-0.033484,3.193496,0.060301,-0.069335,-0.103878,-0.224550,0.005236,-0.099648,0.104483,0.548345,-0.239127,-0.239127,0.157888,17038650.000000,1718264759.057000,0.128830
2022-01-28,55.362000,56.116001,53.000000,56.113998,20024000,0.000000,0.000000,52.798771,53.517863,50.546131,53.515953,62.612297,63.928976,59.689052,59.252145,58.795857,61.545284,-2.749427,-1.423998,-1.325429,32.620294,62.612297,72.981999,52.242595,0.061398,3.177655,0.059378,0.010517,-0.073705,-0.227878,-0.006323,-0.115558,0.170065,0.545912,-0.231125,-0.231125,0.129231,17779050.000000,1123626695.952000,0.102269
2022-01-31,56.355999,58.997002,55.682999,58.992001,19000000,0.000000,0.000000,53.746751,56.265477,53.104911,56.260708,61.996064,63.853960,59.697716,59.228528,58.405834,61.153834,-2.748000,-1.688798,-1.059202,39.709211,61.996064,72.335982,51.656145,0.222660,3.176435,0.056459,0.051289,-0.051301,-0.178762,0.049053,-0.076556,0.187148,0.587868,-0.191691,-0.191691,0.184408,18372150.000000,1120848019.000000,0.130256
2022-02-01,59.000000,59.384998,57.200001,58.946999,11355000,0.000000,0.000000,56.268325,56.635498,54.551665,56.217777,61.347596,63.768246,59.696390,59.215108,58.069210,60.788200,-2.718990,-1.894837,-0.824154,39.638965,61.347596,71.411684,51.283508,0.245142,3.098392,0.055114,-0.000763,0.002108,-0.180324,0.031433,-0.082579,0.152636,0.587504,-0.192308,-0.192308,0.183504,18409800.000000,669343173.645000,0.111577
2022-02-02,59.797001,61.330002,59.007000,61.176998,16622000,0.000000,0.000000,57.028432,58.490456,56.275007,58.344536,60.869648,63.708509,59.712061,59.216444,58.111568,60.607188,-2.495620,-2.014993,-0.480627,44.844383,60.869648,70.522332,51.216965,0.369202,3.039412,0.052094,0.037831,0.025307,-0.156714,0.067694,-0.054114,0.224088,0.606742,-0.161752,-0.161752,0.228277,18512600.000000,1016884060.756000,0.146421
2022-02-03,59.698002,60.556000,58.577000,58.875999,20076000,0.000000,0.000000,56.934010,57.752283,55.864910,56.150066,60.378253,63.600695,59.695668,59.193439,57.809798,60.277031,-2.467233,-2.105441,-0.361791,40.922809,60.378253,69.936144,50.820362,0.278812,2.999428,0.053418,-0.037612,0.060256,-0.173090,0.014881,-0.083882,0.143581,0.614703,-0.193281,-0.193281,0.182078,18816700.000000,1181994555.924000,0.137118
2022-02-04,58.650002,58.955002,57.363998,57.907001,14462000,0.000000,0.000000,55.934540,56.225419,54.708078,55.225941,59.792491,63.446574,59.675035,59.178466,57.412282,59.902876,-2.490594,-2.182472,-0.308122,39.361773,59.792491,69.089236,50.495746,0.254401,2.893564,0.052395,-0.016458,0.031953,-0.162964,-0.030714,-0.102158,0.146317,0.611181,-0.206558,-0.206558,0.162624,18945000.000000,837451048.462000,0.084861
2022-02-07,58.106998,58.960999,56.897999,57.137001,10859000,0.000000,0.000000,55.416687,56.231148,54.263663,54.491600,59.325559,63.278774,59.639466,59.153687,56.962946,59.502041,-2.539095,-2.253796,-0.285298,38.117479,59.325559,68.706117,49.945002,0.242342,2.827416,0.051887,-0.013297,-0.031445,-0.185978,-0.062455,-0.103778,0.082203,0.605961,-0.217108,-0.217108,0.147164,18703050.000000,620450693.859000,0.060007
2022-02-08,56.653000,57.757000,56.060001,57.629002,12958000,0.000000,0.000000,54.029994,55.082880,53.464451,54.960808,58.905932,63.156159,59.604459,59.123827,56.654925,59.165653,-2.510728,-2.305183,-0.205546,39.434896,58.905932,68.278699,49.533164,0.289543,2.741060,0.049873,0.008611,-0.022359,-0.138953,-0.051743,-0.061891,0.101237,0.593004,-0.210367,-0.210367,0.157042,18538650.000000,746756607.916000,0.060125
2022-02-09,58.907001,61.049999,58.303001,60.743999,12072000,0.000000,0.000000,56.179634,58.223412,55.603599,57.931580,58.592308,63.019570,59.605681,59.108011,56.851333,59.074240,-2.222907,-2.288728,0.065821,47.112057,58.592308,67.632495,49.552120,0.463456,2.778313,0.047959,0.054053,-0.007078,-0.085580,-0.021124,0.002872,0.151126,0.628854,-0.167685,-0.167685,0.219583,18682800.000000,733301555.928000,0.066760
2022-02-10,58.874001,61.598999,58.799000,59.487000,15148000,0.000000,0.000000,56.148171,58.747003,56.076642,56.732788,58.156229,62.860319,59.613018,59.089435,56.833096,58.900799,-2.067704,-2.244523,0.176819,44.652359,58.156229,66.626118,49.686340,0.415971,2.770602,0.048836,-0.020693,0.010378,-0.116368,-0.015855,0.024214,0.049073,0.628391,-0.184908,-0.184908,0.194346,18975900.000000,901109076.000000,0.076131
2022-02-11,59.500999,59.993999,55.537998,55.999001,15785000,0.000000,0.000000,56.746135,57.216309,52.966619,53.406277,57.551678,62.608501,59.590593,59.052845,56.305893,58.493798,-2.187905,-2.233199,0.045294,38.625949,57.551678,65.526923,49.576433,0.240108,2.876251,0.053856,-0.058635,-0.032949,-0.184069,-0.085516,-0.030691,-0.035942,0.647820,-0.232701,-0.232701,0.124316,18308400.000000,883944230.785000,0.036307
2022-02-14,56.067001,56.903999,54.765999,55.825001,13459000,0.000000,0.000000,53.471133,54.269379,52.230367,53.240337,56.733547,62.414287,59.552384,59.025144,55.834269,58.104653,-2.270384,-2.240636,-0.029748,38.347912,56.733547,62.575120,50.891974,0.201004,2.816448,0.052901,-0.003107,-0.022962,-0.187137,-0.104008,-0.047585,-0.048080,0.647256,-0.235085,-0.235085,0.120822,18010550.000000,751348688.459000,0.026504
2022-02-15,56.941002,59.676998,56.941002,59.382000,14344000,0.000000,0.000000,54.304660,56.913981,54.304660,56.632641,56.327317,62.288014,59.537218,59.015926,55.957095,57.995615,-2.038519,-2.200213,0.161693,46.781538,56.327317,60.785762,51.868873,0.534241,2.877677,0.050813,0.063717,0.030419,-0.186347,-0.055750,0.030388,0.022735,0.648705,-0.186347,-0.186347,0.192238,17724300.000000,851775408.000000,0.052369
2022-02-16,58.448002,59.540001,57.727001,59.146999,8048000,0.000000,0.000000,55.741889,56.783329,55.054271,56.408524,56.082884,62.145668,59.519887,59.010774,56.026546,57.878052,-1.851507,-2.130472,0.278965,46.330618,56.082884,59.881252,52.284515,0.542866,2.795632,0.049560,-0.003957,-0.026291,-0.128923,-0.065418,0.043394,0.033040,0.610086,-0.189567,-0.189567,0.187520,17209700.000000,476015047.952000,0.050382
2022-02-17,58.717999,59.521999,57.922001,58.061001,12909000,0.000000,0.000000,55.999393,56.766169,55.240250,55.372814,55.896627,61.909163,59.486785,58.998212,55.925972,57.692479,-1.766507,-2.057679,0.291171,44.209855,55.896627,59.428462,52.364791,0.425844,2.704939,0.048850,-0.018361,-0.023972,-0.096650,-0.077297,0.010696,-0.020905,0.587290,-0.204447,-0.204447,0.165716,16882950.000000,749509461.909000,0.061185
2022-02-18,58.081001,58.223999,56.328999,56.999001,12481000,0.000000,0.000000,55.391886,55.528263,53.721000,54.359982,55.725914,61.637403,59.472769,58.977536,55.685050,57.445628,-1.760577,-1.998258,0.237681,42.176656,55.725914,59.205294,52.246535,0.303710,2.640819,0.048580,-0.018291,0.017858,-0.080172,-0.101540,0.011791,0.013004,0.578421,-0.218999,-0.218999,0.144393,16395900.000000,711404531.481000,0.051373
2022-02-22,56.099998,57.735001,55.091999,55.972000,12194000,0.000000,0.000000,53.502607,55.061910,52.541278,53.380535,55.429791,61.373918,59.466525,58.945757,55.330509,57.144510,-1.814000,-1.961407,0.147407,40.248938,55.429791,58.623714,52.235869,0.179194,2.632234,0.049311,-0.018018,0.002633,-0.076049,-0.129638,-0.037608,0.003857,0.576798,-0.233071,-0.233071,0.123774,15761100.000000,682522568.000000,0.037009
2022-02-23,56.673000,57.105000,54.124001,54.238998,12435000,0.000000,0.000000,54.049069,54.461067,51.618087,51.727760,55.211203,61.064873,59.442192,58.926599,54.776240,56.743269,-1.967029,-1.962531,-0.004497,37.162262,55.211203,58.787626,51.634781,0.012999,2.647287,0.051177,-0.030962,-0.086609,-0.127738,-0.159455,-0.069444,-0.083042,0.573974,-0.256817,-0.256817,0.088979,15440550.000000,674461940.130000,0.018237
2022-02-24,52.509998,56.409000,51.955002,56.287998,15628000,0.000000,0.000000,50.078816,53.797296,49.549515,53.681896,55.050076,60.834860,59.436849,58.914379,54.607880,56.516501,-1.908621,-1.951749,0.043128,42.752366,55.050076,58.595532,51.504619,0.307052,2.761608,0.051444,0.037777,-0.048337,-0.043095,-0.146986,-0.039523,0.037175,0.564951,-0.228741,-0.228741,0.130118,15040100.000000,879668832.744000,-0.001088
2022-02-25,56.421001,57.388000,55.611000,57.320000,10847000,0.000000,0.000000,53.808732,54.730960,53.036234,54.666107,55.135432,60.632656,59.459990,58.923546,54.616838,56.379434,-1.762597,-1.913919,0.151322,45.387539,55.135432,58.548651,51.722212,0.431249,2.685402,0.049124,0.018334,-0.012763,-0.039335,-0.130650,-0.016198,0.019804,0.566526,-0.214601,-0.214601,0.150838,14035300.000000,621750040.000000,0.005076
2022-02-28,56.640999,57.113998,55.021000,56.134998,14065000,0.000000,0.000000,54.018553,54.469653,52.473559,53.535980,55.136433,60.373326,59.466349,58.914244,54.450552,56.168808,-1.718256,-1.874786,0.156530,42.943156,55.136433,58.547663,51.725203,0.265414,2.650199,0.049503,-0.020673,-0.015158,0.010895,-0.123677,-0.074848,-0.054016,0.515695,-0.230838,-0.230838,0.127046,13737350.000000,789538746.870000,-0.011341
2022-03-01,55.806000,56.240002,53.515999,54.056999,16089000,0.000000,0.000000,53.222210,53.636118,51.038235,51.554188,54.901107,60.124009,59.456858,58.886384,54.004957,55.826984,-1.822027,-1.864234,0.042207,38.978767,54.901107,58.621159,51.181055,0.050152,2.646462,0.051334,-0.037018,-0.034214,-0.036658,-0.203932,-0.106751,-0.048599,0.530729,-0.259310,-0.259310,0.085325,13591800.000000,869723056.911000,-0.061348
2022-03-02,54.727001,55.823002,54.091000,55.402000,12451000,0.000000,0.000000,52.193171,53.238427,51.586616,52.836918,54.732064,59.904372,59.456302,58.870109,53.825259,55.605498,-1.780239,-1.847435,0.067196,42.668041,54.732064,58.507051,50.957077,0.248986,2.577732,0.048787,0.024881,0.021442,-0.060856,-0.183297,-0.079728,0.014219,0.505054,-0.240881,-0.240881,0.112330,13646600.000000,689810302.000000,-0.068371
2022-03-03,56.049999,56.049999,53.869999,54.351002,10339000,0.000000,0.000000,53.454914,53.454914,51.375847,51.834579,54.406566,59.680119,59.451109,58.852253,53.519001,55.326171,-1.807170,-1.839382,0.032212,40.602305,54.406566,57.987700,50.825432,0.140898,2.542113,0.049043,-0.018970,-0.034412,-0.077968,-0.214594,-0.089599,0.037163,0.508190,-0.255282,-0.255282,0.091228,13332450.000000,561935009.678000,-0.102092
2022-03-04,53.874001,54.202000,51.960999,52.577999,14386000,0.000000,0.000000,51.379663,51.692475,49.555232,50.143665,54.106246,59.380104,59.426837,58.817714,52.999718,54.942281,-1.942563,-1.860018,-0.082545,37.319818,54.106246,58.059796,50.152696,-0.001142,2.523344,0.050322,-0.032621,-0.082728,-0.140559,-0.203450,-0.122691,-0.031275,0.494636,-0.279576,-0.279576,0.055631,13047950.000000,756387093.614000,-0.069009
2022-03-07,52.759998,53.353001,48.870998,48.915001,21396000,0.000000,0.000000,50.317233,50.882779,46.608292,46.650257,53.677462,58.994675,59.373017,58.754093,52.022878,54.328057,-2.305179,-1.949051,-0.356129,31.630380,53.677462,58.805426,48.549497,-0.185185,2.648425,0.056772,-0.069668,-0.128619,-0.169186,-0.258888,-0.195319,-0.017913,0.530984,-0.329766,-0.329766,0.000000,13394650.000000,1046585361.396000,-0.109439
2022-03-08,48.956001,51.112000,47.904999,49.036999,21558000,0.000000,0.000000,46.689369,48.745546,45.687028,46.766617,53.291213,58.597268,59.322616,58.697032,51.214222,53.767951,-2.553728,-2.069986,-0.483742,32.002227,53.291213,59.256362,47.326063,-0.046893,2.677718,0.057257,0.002494,-0.092865,-0.153177,-0.263817,-0.169486,-0.089551,0.531353,-0.328094,-0.328094,0.002494,13929600.000000,1057139624.442000,-0.104239
2022-03-09,50.939999,52.221001,50.387001,51.730999,14437000,0.000000,0.000000,48.581503,49.803195,48.054109,49.335880,53.009966,58.204171,59.275526,58.643088,50.925247,53.439649,-2.514402,-2.158869,-0.355533,39.789131,53.009966,59.170869,46.849064,0.201822,2.703351,0.054795,0.054938,-0.066261,-0.094615,-0.265814,-0.109370,0.006407,0.572701,-0.291181,-0.291181,0.057569,14003550.000000,746840432.563000,-0.110821
2022-03-10,50.478001,50.701000,48.826000,49.707001,11106000,0.000000,0.000000,48.140897,48.353572,46.565383,47.405594,52.483667,57.786393,59.212426,58.576778,50.383762,52.992682,-2.608920,-2.248880,-0.360041,36.415097,52.483667,58.672643,46.294690,0.089749,2.708147,0.057127,-0.039125,-0.085445,-0.137465,-0.302325,-0.158734,-0.063115,0.583127,-0.318914,-0.318914,0.016191,13955250.000000,552045953.106000,-0.134020
2022-03-11,51.154999,51.216999,48.257999,48.339001,10389000,0.000000,0.000000,48.786560,48.845690,46.023690,46.100941,51.952075,57.322208,59.132253,58.505048,49.724866,52.482183,-2.757317,-2.350567,-0.406750,34.298133,51.952075,58.424260,45.479889,0.047979,2.716279,0.058920,-0.027521,-0.080623,-0.204217,-0.307323,-0.188042,-0.070549,0.543753,-0.337658,-0.337658,0.000000,13717300.000000,502193881.389000,-0.135029
2022-03-14,48.828999,49.057999,46.605999,46.900002,15870000,0.000000,0.000000,46.568239,46.786637,44.448163,44.728554,51.518188,56.846636,59.036330,58.422828,48.956203,51.907840,-2.951637,-2.470781,-0.480856,32.178943,51.518188,58.704038,44.332339,0.027569,2.689293,0.060125,-0.029769,-0.041194,-0.211593,-0.334198,-0.226008,-0.118261,0.546847,-0.357376,-0.357376,0.000000,13721550.000000,744303031.740000,-0.139108
2022-03-15,47.516998,48.695000,47.155998,48.472000,12455000,0.150000,0.000000,45.462387,46.589452,45.116996,46.376095,51.174976,56.402450,58.961954,58.346880,48.559263,51.498081,-2.938818,-2.564388,-0.374430,37.195809,51.174976,58.663810,43.686143,0.179598,2.630122,0.056713,0.036834,-0.008350,-0.131636,-0.288520,-0.190491,-0.105381,0.541364,-0.333705,-0.333705,0.036834,13671350.000000,603718760.000000,-0.128615
2022-03-16,49.630001,51.463001,49.000000,51.449001,16659000,0.000000,0.000000,47.484033,49.237775,46.881272,49.224380,50.804563,56.003195,58.925654,58.285557,48.661589,51.329659,-2.668070,-2.585125,-0.082945,44.798244,50.804563,57.878118,43.731008,0.388303,2.646662,0.053767,0.061417,-0.002260,-0.075431,-0.240087,-0.152014,-0.060447,0.589897,-0.292783,-0.292783,0.100514,13787100.000000,857088907.659000,-0.121887
2022-03-17,51.016998,52.659000,50.755001,52.632000,13627000,0.000000,0.000000,48.811047,50.382049,48.560378,50.356216,50.501948,55.652250,58.899416,58.229917,48.922301,51.257552,-2.335251,-2.535150,0.199899,47.516984,50.501948,57.065519,43.938377,0.488898,2.587734,0.051389,0.022993,0.062242,-0.110827,-0.242792,-0.138643,-0.014171,0.547116,-0.276522,-0.276522,0.125818,14066050.000000,717216264.000000,-0.117464
2022-03-18,52.516998,54.748001,52.299999,54.464001,22237000,0.000000,0.000000,50.246190,52.380725,50.038574,52.109005,50.338757,55.374871,58.895244,58.189298,49.412563,51.320622,-1.908060,-2.409732,0.501672,51.500637,50.338757,56.544983,44.132532,0.642619,2.570192,0.049323,0.034808,0.130324,-0.076221,-0.186051,-0.098606,0.014236,0.564270,-0.251339,-0.251339,0.165005,14532450.000000,1211115990.237000,-0.101298
2022-03-21,53.799999,54.428001,52.587002,53.686001,10517000,0.000000,0.000000,51.473716,52.074564,50.313168,51.364647,50.188991,55.063340,58.886513,58.135706,49.712884,51.323883,-1.611000,-2.249985,0.638986,49.772843,50.188991,56.125328,44.252653,0.599022,2.514881,0.048961,-0.014285,0.148364,-0.072385,-0.195148,-0.082759,-0.031885,0.563062,-0.262034,-0.262034,0.148364,14434250.000000,564615672.517000,-0.107393
2022-03-22,53.799999,55.285000,53.799999,54.675999,10664000,0.000000,0.000000,51.473715,52.894505,51.473715,52.311836,50.135556,54.832972,58.882800,58.089565,50.112722,51.397065,-1.284343,-2.056857,0.772514,51.980524,50.135556,55.969285,44.301826,0.686526,2.444522,0.046730,0.018440,0.127991,-0.037677,-0.170275,-0.059965,0.014257,0.564846,-0.248425,-0.248425,0.169540,14357750.000000,583064853.336000,-0.112060
2022-03-23,54.036999,54.799999,53.058998,53.098999,9835000,0.000000,0.000000,51.700465,52.430474,50.764753,50.803024,50.089319,54.581965,58.852265,58.041578,50.218923,51.353062,-1.134140,-1.872313,0.738174,48.335915,50.089319,55.884445,44.294193,0.561578,2.388894,0.047023,-0.028843,0.032070,-0.048286,-0.220148,-0.109677,-0.029332,0.570121,-0.270103,-0.270103,0.135807,14227750.000000,522228655.165000,-0.127684
2022-03-24,53.730000,55.669998,53.179001,55.622002,12124000,0.000000,0.000000,51.406741,53.262855,50.879568,53.216934,50.066071,54.362223,58.848134,58.007299,50.680155,51.491127,-0.810972,-1.660045,0.849074,53.904438,50.066071,55.803961,44.328180,0.774566,2.393961,0.044985,0.047515,0.056810,0.028789,-0.192725,-0.084821,0.024990,0.584082,-0.235421,-0.235421,0.189775,14052550.000000,674361152.248000,-0.107036
2022-03-25,55.515999,55.693001,54.516998,55.481998,7531000,0.000000,0.000000,53.115508,53.284856,52.159703,53.082977,49.986914,54.114795,58.833919,57.969186,51.049820,51.609042,-0.559222,-1.439880,0.880659,53.559441,49.986914,55.496756,44.477073,0.780958,2.303332,0.043391,-0.002517,0.018691,-0.011157,-0.203401,-0.087005,-0.040941,0.569477,-0.237346,-0.237346,0.186781,13886750.000000,417834926.938000,-0.108592
2022-03-28,54.957001,55.785999,54.092999,55.730999,7338000,0.000000,0.000000,52.580686,53.373839,51.754042,53.321217,49.976176,53.871273,58.820677,57.931630,51.399266,51.735869,-0.336604,-1.219225,0.882621,54.121823,49.976176,55.457658,44.494694,0.805122,2.254508,0.042282,0.004488,0.038092,-0.024602,-0.227125,-0.091369,-0.013088,0.565893,-0.233923,-0.233923,0.192107,13550400.000000,408954070.662000,-0.131583
2022-03-29,56.840000,57.479000,55.816002,56.893002,11139000,0.000000,0.000000,54.382270,54.993640,53.402549,54.432980,50.120116,53.567873,58.811740,57.895782,51.865991,51.935655,-0.069664,-0.989313,0.919649,56.753701,50.120116,55.918122,44.322109,0.871926,2.212930,0.040654,0.020850,0.040548,0.016755,-0.202967,-0.023827,0.003495,0.565597,-0.217950,-0.217950,0.216963,13302900.000000,633731149.278000,-0.129332
2022-03-30,56.222000,57.098999,54.533001,54.855999,12981000,0.000000,0.000000,53.790991,54.630068,52.175023,52.484055,50.102473,53.322410,58.766822,57.852780,51.961078,51.976278,-0.015200,-0.794490,0.779291,51.207902,50.102473,55.867725,44.337220,0.706546,2.230224,0.042493,-0.035804,0.033089,0.018037,-0.242766,-0.028162,-0.069301,0.564573,-0.245951,-0.245951,0.173390,13329400.000000,712085723.019000,-0.158792
2022-03-31,54.999001,55.750999,53.714001,53.761002,14703000,0.000000,0.000000,52.620870,53.340353,51.391433,51.436401,50.082564,53.125194,58.699969,57.806790,51.880358,51.936287,-0.055928,-0.646778,0.590849,48.466224,50.082564,55.825338,44.339790,0.617873,2.210131,0.042968,-0.019961,-0.033458,-0.026506,-0.249182,-0.050306,-0.150741,0.562494,-0.261003,-0.261003,0.149968,13547600.000000,790448012.406000,-0.152557
2022-04-01,54.122002,54.577000,51.707001,52.544998,12084000,0.000000,0.000000,51.781798,52.217123,49.471221,50.272984,50.089030,52.948695,58.623101,57.754489,51.633070,51.813079,-0.180009,-0.553424,0.373415,45.549689,50.089030,55.832384,44.345675,0.516015,2.248400,0.044724,-0.022619,-0.052936,-0.030127,-0.267001,-0.072731,-0.196957,0.564129,-0.277718,-0.277718,0.123957,13432500.000000,634953755.832000,-0.178572
2022-04-04,52.632999,53.675999,52.435001,53.555000,8777000,0.000000,0.000000,50.357177,51.355078,50.167740,51.239311,50.318482,52.817996,58.543677,57.719893,51.572492,51.770578,-0.198086,-0.482357,0.284270,48.330890,50.318482,55.846004,44.790961,0.583295,2.172610,0.042401,0.019222,-0.039045,0.021850,-0.259410,-0.021254,-0.171085,0.555871,-0.263834,-0.263834,0.145562,12801550.000000,470052235.000000,-0.177286
2022-04-05,52.861000,53.000000,50.005001,50.363998,19670000,0.000000,0.000000,50.575316,50.708305,47.842809,48.186283,50.389466,52.595662,58.449072,57.667202,51.051536,51.505074,-0.453538,-0.476593,0.023055,41.175094,50.389466,55.759144,45.019788,0.294850,2.260031,0.046902,-0.059584,-0.114759,0.032926,-0.290371,-0.089108,-0.227929,0.540461,-0.307698,-0.307698,0.077305,12707150.000000,990659840.660000,-0.199571
2022-04-06,49.390999,50.570000,48.806999,49.817001,15845000,0.000000,0.000000,47.255355,48.383376,46.696607,47.662937,50.305819,52.426930,58.341697,57.610390,50.530213,51.220472,-0.690258,-0.519326,-0.170932,40.079626,50.305819,55.795384,44.816253,0.259281,2.219084,0.046558,-0.010861,-0.091859,0.019166,-0.277593,-0.092192,-0.246855,0.542314,-0.315217,-0.315217,0.065604,12777550.000000,789350380.845000,-0.197372
2022-04-07,49.734001,50.876999,49.271999,50.334000,10095000,0.000000,0.000000,47.583527,48.677102,47.141501,48.157581,50.343418,52.251993,58.229068,57.554897,50.165193,50.993591,-0.828398,-0.581140,-0.247258,41.659505,50.343418,55.759149,44.927687,0.298196,2.170264,0.045066,0.010378,-0.063745,-0.023883,-0.280599,-0.089520,-0.232142,0.507817,-0.308110,-0.308110,0.076663,12727000.000000,508121730.000000,-0.202118
2022-04-08,49.800999,50.088001,49.083000,49.164001,10449000,0.000000,0.000000,47.647631,47.922224,46.960679,47.038177,50.390280,52.133577,58.099686,57.488682,49.684114,50.700597,-1.016484,-0.668209,-0.348275,39.144174,50.390280,55.665849,45.114710,0.182299,2.100738,0.044660,-0.023245,-0.064345,-0.007750,-0.263074,-0.101534,-0.236462,0.495492,-0.324193,-0.324193,0.051636,12730000.000000,513714646.449000,-0.181063
2022-04-11,48.714001,48.803001,47.521000,47.576000,16953000,0.000000,0.000000,46.607627,46.692779,45.466211,45.518833,50.429794,51.973634,57.951305,57.417043,49.043301,50.316763,-1.273462,-0.789259,-0.484202,35.969701,50.429794,55.535928,45.323659,0.019112,2.062968,0.045321,-0.032300,-0.111642,-0.012627,-0.281509,-0.134143,-0.255075,0.499111,-0.346022,-0.346022,0.017668,12784150.000000,806555928.000000,-0.179060
2022-04-12,48.102001,48.794998,46.477001,46.700001,16778000,0.000000,0.000000,46.022092,46.685124,44.467356,44.680714,50.345025,51.742035,57.797997,57.333373,48.372134,49.899278,-1.527144,-0.936836,-0.590307,34.316441,50.345025,55.780205,44.909844,-0.021078,2.074025,0.046419,-0.018413,-0.072750,-0.001070,-0.304083,-0.141288,-0.263585,0.492116,-0.358063,-0.358063,0.000000,13000300.000000,783532616.778000,-0.186494
2022-04-13,46.966000,47.730999,46.787998,47.261002,11396000,0.000000,0.000000,44.935207,45.667128,44.764902,45.217453,50.144678,51.522028,57.645137,57.250095,47.886798,49.552476,-1.665677,-1.082605,-0.583073,36.334575,50.144678,56.030504,44.258852,0.081433,1.996339,0.044150,0.012013,-0.051308,-0.024984,-0.309176,-0.127189,-0.265146,0.476220,-0.350352,-0.350352,0.012013,12737150.000000,538586378.792000,-0.207467
2022-04-14,47.341999,47.400002,45.584000,45.616001,13648000,0.000000,0.000000,45.294968,45.350462,43.612983,43.643600,49.809047,51.228009,57.468259,57.159464,47.233999,49.114781,-1.880783,-1.242240,-0.638543,33.121040,49.809047,56.370824,43.247271,0.030200,1.977849,0.045318,-0.034806,-0.093734,-0.113374,-0.333658,-0.192457,-0.284344,0.432532,-0.372964,-0.372964,0.000000,12738200.000000,622567181.648000,-0.235343
2022-04-18,45.127998,47.299999,45.099998,47.055000,16631000,0.000000,0.000000,43.176684,45.254768,43.149894,45.020363,49.454615,51.005415,57.303055,57.084085,46.893439,48.811491,-1.918052,-1.377402,-0.540649,38.264743,49.454615,56.254763,42.654467,0.173959,1.986922,0.044134,0.031546,-0.042897,-0.105962,-0.353183,-0.161876,-0.235669,0.440536,-0.353183,-0.353183,0.031546,12457900.000000,782571705.000000,-0.248348
2022-04-19,46.928001,48.278000,46.603001,47.918999,12144000,0.000000,0.000000,44.898853,46.190478,44.587905,45.847000,49.178733,50.817837,57.132205,57.013613,46.732449,48.591899,-1.859451,-1.473812,-0.385638,41.189448,49.178733,56.099244,42.258222,0.259286,1.959469,0.042739,0.018361,0.007209,-0.120171,-0.292017,-0.152835,-0.210589,0.425253,-0.341307,-0.341307,0.050486,12539250.000000,581928323.856000,-0.230857
2022-04-20,49.265999,50.480999,47.967999,48.145000,20233000,0.000000,0.000000,47.135759,48.298223,45.893884,46.063232,48.866303,50.649269,56.964022,56.948750,46.629492,48.404591,-1.775098,-1.534069,-0.241029,41.963974,48.866303,55.755375,41.977230,0.296557,1.994594,0.043301,0.004716,0.030942,-0.103211,-0.248526,-0.152016,-0.241770,0.425533,-0.338200,-0.338200,0.055441,13017700.000000,974117785.000000,-0.186659
2022-04-21,48.867001,49.759998,46.849998,46.951000,22794000,0.000000,0.000000,46.754018,47.608403,44.824230,44.920864,48.572195,50.448470,56.802314,56.882119,46.366626,48.146537,-1.779910,-1.583238,-0.196673,39.038822,48.572195,55.613686,41.530703,0.240727,2.050992,0.045658,-0.024800,-0.006559,-0.141287,-0.239891,-0.165252,-0.228436,0.422088,-0.354613,-0.354613,0.029266,13665650.000000,1070201094.000000,-0.170698
2022-04-22,46.700001,47.230999,46.036999,46.313000,20282000,0.000000,0.000000,44.680719,45.188757,44.046385,44.310452,48.126871,50.176048,56.597809,56.816025,46.050292,47.862382,-1.812090,-1.629008,-0.183082,37.533290,48.126871,55.057200,41.196541,0.224658,1.986091,0.044822,-0.013589,0.015279,-0.127799,-0.233041,-0.161651,-0.254627,0.415345,-0.363383,-0.363383,0.015279,14073550.000000,939320266.000000,-0.165525
2022-04-25,46.048000,48.035999,45.911999,47.641998,14124000,0.000000,0.000000,44.056904,45.958942,43.926783,45.581978,47.751821,49.953032,56.406675,56.753051,45.978244,47.693463,-1.715220,-1.646250,-0.068969,42.507156,47.751821,54.357085,41.146557,0.335749,1.989382,0.043644,0.028696,0.012475,-0.143469,-0.231371,-0.139639,-0.251931,0.388980,-0.345114,-0.345114,0.044414,14403200.000000,672895579.752000,-0.170002
2022-04-26,46.664001,47.030998,45.671001,45.722000,14974000,0.000000,0.000000,44.646276,44.997404,43.696213,43.745007,47.273010,49.759806,56.184154,56.674926,45.634669,47.400985,-1.766316,-1.670264,-0.096053,37.821735,47.273010,53.559025,40.986996,0.219377,1.981980,0.045308,-0.040300,-0.045848,-0.175913,-0.220225,-0.167176,-0.283982,0.405108,-0.371507,-0.371507,0.002324,14785000.000000,684641228.000000,-0.142780
2022-04-27,45.441002,46.858002,44.950001,45.678001,12413000,0.000000,0.000000,43.476152,44.831881,43.006382,43.702904,46.736506,49.569057,55.991672,56.596947,45.337474,47.127053,-1.789579,-1.694127,-0.095452,37.719112,46.736506,52.231292,41.241721,0.223956,1.970803,0.045095,-0.000962,-0.051241,-0.180384,-0.231995,-0.163385,-0.277014,0.403281,-0.372111,-0.372111,0.001359,14848700.000000,567001026.413000,-0.154223
2022-04-28,46.826000,48.960999,46.261002,48.449001,16784000,0.000000,0.000000,44.801272,46.843954,44.260704,46.354095,46.430008,49.363487,55.825750,56.535447,45.493877,47.069797,-1.575920,-1.670485,0.094566,47.397840,46.430008,51.212614,41.647403,0.492064,2.054392,0.044320,0.060664,0.031906,-0.148419,-0.124717,-0.120134,-0.236649,0.460135,-0.334021,-0.334021,0.062105,15038850.000000,813168032.784000,-0.088676
2022-04-29,47.500000,49.144001,46.486000,46.576000,14050000,0.000000,0.000000,45.446123,47.019038,44.475968,44.562077,46.086292,49.126558,55.636113,56.468375,45.350523,46.884040,-1.533517,-1.643092,0.109575,42.580969,46.086292,50.309303,41.863282,0.319535,2.089298,0.046885,-0.038659,0.005679,-0.150941,-0.167312,-0.172577,-0.241889,0.462470,-0.359768,-0.359768,0.021045,15006200.000000,654392800.000000,-0.063037
2022-05-02,46.728001,47.976002,45.917999,47.931999,12866000,0.000000,0.000000,44.707509,45.901547,43.932532,45.859447,45.865615,48.936290,55.422726,56.418355,45.428819,46.808144,-1.379325,-1.590338,0.211013,46.796505,45.865615,49.600508,42.130723,0.499174,2.080706,0.045371,0.029114,0.006087,-0.108424,-0.184876,-0.144892,-0.215760,0.476646,-0.341128,-0.341128,0.050771,15045300.000000,616693099.134000,-0.065222
2022-05-03,47.660000,48.863998,47.320000,48.539001,9578000,0.000000,0.000000,45.599207,46.751145,45.273908,46.440201,45.625660,48.777895,55.207649,56.369797,45.584417,46.780889,-1.196473,-1.511565,0.315092,48.615138,45.625660,48.400043,42.851277,0.646797,2.037601,0.043876,0.012664,0.061611,-0.076239,-0.173923,-0.147957,-0.191485,0.475902,-0.332784,-0.332784,0.064078,15085350.000000,464906551.578000,-0.049691
2022-05-04,48.716999,50.763000,47.741001,50.591999,11962000,0.000000,0.000000,46.610501,48.568034,45.676704,48.404427,45.636567,48.678372,55.026145,56.323669,46.018264,46.901151,-0.882887,-1.385829,0.502943,54.304487,45.636567,48.454707,42.818427,0.991079,2.098582,0.043355,0.042296,0.107579,-0.055326,-0.170369,-0.114208,-0.163785,0.495974,-0.304564,-0.304564,0.109084,14699950.000000,605181492.038000,-0.069611
2022-05-05,49.439999,49.799000,47.307999,48.132000,14578000,0.000000,0.000000,47.302246,47.645724,45.262432,46.050804,45.555960,48.564833,54.814853,56.251458,46.023270,46.838163,-0.814892,-1.271642,0.456750,47.515667,45.555960,48.217957,42.893964,0.592946,2.173111,0.047189,-0.048624,-0.006543,-0.044317,-0.179862,-0.167657,-0.212743,0.481243,-0.338379,-0.338379,0.055156,14636600.000000,701668296.000000,-0.067379
2022-05-06,47.672001,48.951000,46.493999,47.823002,10680000,0.000000,0.000000,45.610693,46.834390,44.483628,45.755165,45.435840,48.406299,54.620579,56.178396,45.982023,46.757941,-0.775917,-1.172497,0.396580,46.725494,45.435840,47.804149,43.067530,0.567416,2.185801,0.047772,-0.006420,0.026774,-0.040026,-0.171491,-0.196938,-0.234048,0.480426,-0.342626,-0.342626,0.048382,14665850.000000,510749661.360000,-0.032936
2022-05-09,45.995998,46.238998,44.252998,44.715000,18487000,0.000000,0.000000,44.007160,44.239653,42.339526,42.781551,45.223008,48.168608,54.400632,56.088405,45.489643,46.463393,-0.973750,-1.132748,0.158998,39.593422,45.223008,47.745082,42.700935,0.015982,2.273646,0.053145,-0.064990,-0.067116,-0.111634,-0.214896,-0.263930,-0.229984,0.525735,-0.385349,-0.385349,0.000000,15067750.000000,826646205.000000,-0.044200
2022-05-10,46.097000,46.910000,44.652000,45.911999,14134000,0.000000,0.000000,44.103790,44.881636,42.721272,43.926788,45.143406,47.976424,54.174875,56.004084,45.249204,46.275496,-1.026293,-1.111457,0.085164,43.189942,45.143406,47.725938,42.560874,0.264452,2.265555,0.051576,0.026769,-0.054121,-0.066146,-0.200762,-0.242117,-0.217352,0.532486,-0.368895,-0.368895,0.026769,14926800.000000,648920193.866000,-0.027681
2022-05-11,45.490002,46.900002,44.608002,44.720001,11793000,0.000000,0.000000,43.523041,44.872073,42.679178,42.786335,45.048687,47.801067,53.962538,55.922509,44.870301,46.017040,-1.146739,-1.118513,-0.028226,40.597751,45.048687,47.833695,42.263680,0.093834,2.260365,0.052829,-0.025963,-0.116066,-0.060030,-0.261433,-0.277034,-0.190155,0.528487,-0.385280,-0.385280,0.000112,14677550.000000,527382971.793000,-0.045695
2022-05-12,44.678001,46.207001,44.500000,46.042999,15558000,0.000000,0.000000,42.746144,44.209030,42.575840,44.052120,44.990420,47.625371,53.764871,55.841373,44.744427,45.871490,-1.127064,-1.120223,-0.006840,44.573928,44.990420,47.809119,42.171722,0.333558,2.215566,0.050294,0.029584,-0.043402,-0.014069,-0.223516,-0.235827,-0.204783,0.536276,-0.367094,-0.367094,0.029699,14885650.000000,716336978.442000,-0.025098
2022-05-13,46.560001,49.529999,46.500000,49.192001,19093000,0.000000,0.000000,44.546771,47.388347,44.489364,47.064964,45.161489,47.529978,53.605049,55.782596,45.101433,45.959896,-0.858463,-1.067871,0.209408,52.691137,45.161489,48.050435,42.272543,0.829441,2.295614,0.048775,0.068393,0.028626,0.040858,-0.118737,-0.194099,-0.176124,0.585650,-0.323808,-0.323808,0.100123,15157900.000000,939222875.093000,0.025279
2022-05-16,48.641998,49.305000,47.900002,48.247002,9689000,0.000000,0.000000,46.538745,47.173079,45.828832,46.160828,45.218512,47.450322,53.415213,55.710860,45.264417,45.974780,-0.710363,-0.996370,0.286006,50.309977,45.218512,48.140562,42.296462,0.661242,2.227659,0.048259,-0.019210,0.078989,0.057677,-0.132973,-0.223151,-0.177048,0.575517,-0.336798,-0.336798,0.078989,14810800.000000,467465202.378000,0.021341
2022-05-17,49.501999,51.637001,49.005001,51.227001,16356000,0.000000,0.000000,47.361560,49.404246,46.886052,49.011974,45.376761,47.497556,53.246116,55.651295,45.840964,46.199757,-0.358793,-0.868854,0.510061,56.921241,45.376761,48.750086,42.003436,1.038818,2.300213,0.046932,0.061765,0.115765,0.088662,-0.134563,-0.182811,-0.115401,0.603067,-0.295835,-0.295835,0.145633,15021400.000000,837868828.356000,0.017861
2022-05-18,50.051998,50.849998,47.462002,47.748001,17105000,0.000000,0.000000,47.887776,48.651272,45.409770,45.683403,45.357769,47.475892,53.036580,55.573322,45.816724,46.161509,-0.344785,-0.764040,0.419256,48.764090,45.357769,48.719077,41.996461,0.548439,2.393212,0.052387,-0.067913,0.067710,-0.003568,-0.190133,-0.243113,-0.199259,0.650686,-0.343657,-0.343657,0.067830,14865000.000000,816729557.105000,0.001450
2022-05-19,47.950001,48.598000,47.110001,47.213001,11193000,0.000000,0.000000,45.876664,46.496643,45.072985,45.171532,45.370303,47.392605,52.798388,55.490767,45.717463,46.088177,-0.370714,-0.685375,0.314661,47.633605,45.370303,48.726617,42.013989,0.470389,2.323959,0.051447,-0.011205,0.025411,-0.019358,-0.184229,-0.247286,-0.239209,0.651762,-0.351011,-0.351011,0.055865,14284950.000000,528455120.193000,-0.014493
2022-05-20,48.042000,48.415001,45.046001,47.411999,17158000,0.000000,0.000000,45.964695,46.321568,43.098242,45.361935,45.422877,47.351732,52.569063,55.411121,45.662767,46.034381,-0.371615,-0.622623,0.251008,48.115443,45.422877,48.742024,42.103729,0.490820,2.388199,0.052648,0.004215,-0.036185,0.009819,-0.165527,-0.250259,-0.220302,0.645645,-0.348276,-0.348276,0.060315,14128750.000000,813495078.842000,-0.003626
2022-05-23,47.629002,48.594002,47.205002,48.330002,10578000,0.000000,0.000000,45.569545,46.492819,45.163879,46.240234,45.455790,47.354517,52.338363,55.334774,45.751608,46.049630,-0.298022,-0.557703,0.259681,50.383368,45.455790,48.794576,42.117003,0.617474,2.312538,0.050011,0.019362,0.001720,0.043551,-0.133762,-0.246059,-0.230928,0.646190,-0.335657,-0.335657,0.080845,13951450.000000,511234761.156000,0.004208
2022-05-24,47.749001,48.050999,46.573002,47.097000,9431000,0.000000,0.000000,45.684359,45.973299,44.559210,45.060551,45.521567,47.361157,52.103897,55.256069,45.645291,45.976365,-0.331073,-0.512377,0.181304,47.387245,45.521567,48.769028,42.274106,0.429019,2.267430,0.050320,-0.025512,-0.080622,-0.011439,-0.128890,-0.267793,-0.257255,0.646127,-0.352606,-0.352606,0.053271,13674300.000000,444171807.000000,0.007105
2022-05-25,46.561001,49.162998,46.536999,48.757999,12887000,0.000000,0.000000,44.547733,47.037221,44.524768,46.649734,45.668908,47.366630,51.884540,55.196383,45.799821,46.026244,-0.226423,-0.455186,0.228763,51.565727,45.668908,48.835329,42.502487,0.654879,2.284931,0.048981,0.035268,0.021153,0.066401,-0.130997,-0.258728,-0.228252,0.639376,-0.329774,-0.329774,0.090417,13698000.000000,628344333.113000,0.020325
2022-05-26,48.188999,51.344002,48.094002,50.921001,12922000,0.000000,0.000000,46.105336,49.123918,46.014446,48.719208,45.787164,47.356527,51.679861,55.151151,46.248958,46.225723,0.023235,-0.359502,0.382737,56.419611,45.787164,49.226249,42.348079,0.926283,2.343827,0.048109,0.044362,0.078538,0.114782,-0.108786,-0.225223,-0.203577,0.654193,-0.300041,-0.300041,0.138790,13504900.000000,658001174.922000,0.033896
2022-05-27,51.722000,53.737000,51.525002,53.102001,16526000,0.000000,0.000000,49.485563,51.413434,49.297082,50.805893,46.099355,47.365520,51.508885,55.128223,46.950025,46.564995,0.385030,-0.210595,0.595625,60.696691,46.099355,50.149494,42.049215,1.081034,2.368856,0.046626,0.042831,0.120012,0.096039,-0.050995,-0.168365,-0.174770,0.638137,-0.270061,-0.270061,0.187565,13628700.000000,877563668.526000,0.066830
2022-05-31,52.469002,52.599998,51.042999,52.002998,15011000,0.000000,0.000000,50.200267,50.325600,48.835924,49.754414,46.294103,47.318428,51.346650,55.101509,47.381469,46.801248,0.580221,-0.052432,0.632653,57.627564,46.294103,50.658085,41.930121,0.896463,2.340364,0.047038,-0.020696,0.075998,0.116519,-0.034910,-0.231723,-0.190840,0.625508,-0.285168,-0.285168,0.162988,13735950.000000,780617002.978000,0.072319
2022-06-01,52.321999,52.500000,49.956001,50.578999,10261000,0.000000,0.000000,50.059624,50.229929,47.795931,48.391991,46.391693,47.258975,51.161158,55.063967,47.536934,46.919081,0.617853,0.081625,0.536228,53.829467,46.391693,50.855581,41.927804,0.724053,2.347052,0.048501,-0.027383,0.073933,0.055224,-0.084125,-0.252002,-0.212937,0.629810,-0.304742,-0.304742,0.131142,13770100.000000,518991108.739000,0.043678
2022-06-02,50.306000,52.379002,50.205002,52.330002,11600000,0.000000,0.000000,48.130787,50.114153,48.034156,50.067272,46.474835,47.214084,51.023528,55.039491,47.926217,47.152280,0.773937,0.220087,0.553849,57.535601,46.474835,51.153352,41.796318,0.883929,2.327976,0.046497,0.034619,0.073260,0.078102,-0.034095,-0.241372,-0.168770,0.638450,-0.280673,-0.280673,0.170301,13752000.000000,607028023.200000,0.056099
2022-06-03,51.269001,52.126999,50.921001,51.397999,13304000,0.000000,0.000000,49.052151,49.873050,48.719199,49.175571,46.631073,47.181535,50.881750,55.015056,48.118425,47.302153,0.816272,0.339324,0.476947,55.004716,46.631073,51.456367,41.805780,0.763662,2.257983,0.045917,-0.017810,0.009367,0.015931,-0.019306,-0.218828,-0.207906,0.627304,-0.293485,-0.293485,0.149457,13688300.000000,683798978.696000,0.078393
2022-06-06,52.667000,53.289001,51.369999,51.625999,7852000,0.000000,0.000000,50.389715,50.984821,49.148795,49.393726,46.813001,47.105071,50.733647,54.988091,48.314625,47.457085,0.857541,0.442967,0.414573,55.520216,46.813001,51.771768,41.854234,0.760218,2.227844,0.045104,0.004436,-0.027795,0.072592,0.058809,-0.215304,-0.197374,0.600230,-0.290350,-0.290350,0.154557,13546900.000000,405367344.148000,0.118788
2022-06-07,50.942001,52.497002,50.834999,52.344002,11502000,0.000000,0.000000,48.739298,50.227061,48.636923,50.080677,47.177958,47.045025,50.579910,54.969862,48.586325,47.651425,0.934901,0.541354,0.393547,57.183692,47.177958,51.958637,42.397278,0.803589,2.182293,0.043576,0.013908,0.006557,0.094536,0.070864,-0.211648,-0.170856,0.599904,-0.280481,-0.280481,0.170614,13197650.000000,602060711.004000,0.119343
2022-06-08,52.187000,52.407001,50.794998,51.213001,9009000,0.000000,0.000000,49.930465,50.140953,48.598652,48.998581,47.431547,46.958572,50.414923,54.937522,48.649749,47.751214,0.898535,0.612790,0.285745,53.772259,47.431547,52.020302,42.842793,0.670747,2.136579,0.043605,-0.021607,0.012535,0.145320,-0.006837,-0.270834,-0.184345,0.553139,-0.296027,-0.296027,0.145320,12941400.000000,461377926.009000,0.081374
2022-06-09,50.307999,51.340000,49.316002,49.345001,8652000,0.000000,0.000000,48.132715,49.120094,47.183612,47.211357,47.652798,46.814140,50.191007,54.895639,48.428458,47.711225,0.717233,0.633679,0.083555,48.613777,47.652798,51.692356,43.613241,0.445360,2.122287,0.044953,-0.036475,-0.057042,0.074774,-0.004097,-0.305184,-0.222289,0.567931,-0.321705,-0.321705,0.103545,12784350.000000,426932948.652000,0.100681
2022-06-10,48.520000,48.835999,47.381001,47.441002,10987000,0.000000,0.000000,46.422026,46.724361,45.332276,45.389683,47.719676,46.672252,49.997331,54.843133,47.960954,47.539259,0.421696,0.591282,-0.169587,43.982316,47.719676,51.546946,43.892407,0.195606,2.104915,0.046374,-0.038586,-0.076987,0.060845,-0.015428,-0.318010,-0.253857,0.577930,-0.347877,-0.347877,0.060964,12555800.000000,521234288.974000,0.101655
2022-06-13,45.500999,46.230000,44.519001,44.708000,14833000,0.000000,0.000000,43.533567,44.231046,42.594030,42.774857,47.505171,46.499021,49.812108,54.779176,47.163093,47.186340,-0.023247,0.468376,-0.491623,38.336486,47.505171,51.922370,43.087972,-0.035443,2.154253,0.050363,-0.057608,-0.134002,-0.028994,-0.043679,-0.363280,-0.305633,0.606465,-0.385445,-0.385445,0.000000,12342800.000000,663153764.000000,0.097165
2022-06-14,45.330002,45.541000,44.509998,44.977001,11689000,0.150000,0.000000,43.515960,43.718515,42.728772,43.177086,47.355984,46.357103,49.652899,54.705725,46.549861,46.889358,-0.339497,0.306802,-0.646299,39.620455,47.355984,52.149845,42.562123,0.064141,2.071074,0.047967,0.009403,-0.137849,-0.082607,-0.068980,-0.337598,-0.293157,0.553929,-0.379666,-0.379666,0.009403,12442800.000000,525736164.689000,0.094765
2022-06-15,44.977001,46.278000,44.445999,45.363998,15659000,0.000000,0.000000,43.177074,44.426008,42.667322,43.548584,47.082814,46.203289,49.510643,54.634891,46.088126,46.641894,-0.553767,0.134688,-0.688455,40.845584,47.082814,52.096938,42.068691,0.147572,2.048761,0.047045,0.008604,-0.111228,-0.056590,-0.115305,-0.327708,-0.281784,0.552377,-0.374329,-0.374329,0.018088,12407950.000000,710354844.682000,0.058654
2022-06-16,44.155998,44.303001,41.269001,41.830002,19042000,0.000000,0.000000,42.388934,42.530055,39.617471,40.156021,46.806445,46.042684,49.319173,54.548599,45.175495,46.161459,-0.985964,-0.089442,-0.896521,34.050807,46.806445,52.680856,40.932035,-0.066050,2.183214,0.054368,-0.077903,-0.149441,-0.180690,-0.202561,-0.396173,-0.338812,0.560448,-0.423070,-0.423070,0.000000,12504800.000000,796526898.084000,0.015488
2022-06-17,41.712002,42.422001,41.139000,41.945999,17917000,0.000000,0.000000,40.042743,40.724329,39.492672,40.267376,46.561238,45.894772,49.160851,54.465256,44.420400,45.724860,-1.304460,-0.332446,-0.972014,34.436338,46.561238,53.095363,40.027112,0.018385,2.115246,0.052530,0.002773,-0.112852,-0.118556,-0.227247,-0.371019,-0.307629,0.518496,-0.421470,-0.421470,0.002773,12841000.000000,751546464.083000,-0.004451
2022-06-21,42.724998,44.231998,42.699001,43.304001,12126000,0.000000,0.000000,41.015213,42.461906,40.990256,41.571045,46.371693,45.763042,49.007517,54.387330,43.982037,45.417170,-1.435133,-0.552983,-0.882149,38.936945,46.371693,53.262502,39.480884,0.151663,2.120909,0.051019,0.032375,-0.028143,-0.079707,-0.190668,-0.348608,-0.292100,0.534170,-0.402740,-0.402740,0.035238,12589400.000000,525104316.126000,0.009438
2022-06-22,42.327000,43.467999,42.051998,42.563000,11078000,0.000000,0.000000,40.633128,41.728466,40.369132,40.859684,46.102666,45.639472,48.886524,54.301761,43.501675,45.079578,-1.577903,-0.757967,-0.819936,37.427203,46.102666,53.421896,38.783435,0.141835,2.066511,0.050576,-0.017112,-0.053672,-0.099252,-0.218921,-0.351919,-0.307761,0.535446,-0.412961,-0.412961,0.017523,12614400.000000,471512914.000000,-0.002337
2022-06-23,43.134998,43.134998,41.542999,42.408001,9030000,0.000000,0.000000,41.408800,41.408800,39.880510,40.710896,45.885183,45.543313,48.758474,54.223763,43.072325,44.755972,-1.683648,-0.943103,-0.740544,37.103152,45.885183,53.583468,38.186898,0.163933,2.028067,0.049816,-0.003641,-0.065161,-0.119579,-0.198652,-0.375067,-0.312966,0.528458,-0.415098,-0.415098,0.013818,12594350.000000,382944249.030000,-0.005412
2022-06-24,43.234001,45.041000,43.119999,45.019001,14217000,0.000000,0.000000,41.503837,43.238522,41.394397,43.217403,45.713566,45.514047,48.628041,54.162878,43.094644,44.642004,-1.547360,-1.063955,-0.483405,45.641603,45.713566,53.492695,37.934437,0.339560,2.063749,0.047753,0.061568,0.076237,-0.040904,-0.187901,-0.344413,-0.283071,0.571293,-0.379087,-0.379087,0.076237,12660850.000000,640035137.217000,-0.005809
2022-06-27,45.612000,45.723000,44.625000,44.979000,7695000,0.000000,0.000000,43.786665,43.893223,42.839164,43.178997,45.436556,45.473278,48.497653,54.097022,43.107622,44.533633,-1.426012,-1.136366,-0.289646,45.539591,45.436556,53.159399,37.713712,0.353839,1.991629,0.046125,-0.000889,0.072307,-0.074400,-0.186575,-0.352026,-0.278504,0.555594,-0.379639,-0.379639,0.075281,12399500.000000,346113405.000000,0.000078
2022-06-28,45.138000,45.926998,43.676998,43.826000,9379000,0.000000,0.000000,43.331635,44.089058,41.929101,42.072140,44.999868,45.441849,48.334929,54.023495,42.948317,44.351300,-1.402984,-1.189689,-0.213294,42.585447,44.999868,52.426372,37.573364,0.302887,2.003652,0.047624,-0.025634,0.012054,-0.136436,-0.210968,-0.390177,-0.314950,0.532713,-0.395541,-0.395541,0.047717,12042150.000000,411044054.000000,0.010096
2022-06-29,43.244999,43.400002,42.500000,42.705002,11751000,0.000000,0.000000,41.514393,41.663193,40.799208,40.996006,44.561948,45.361361,48.183388,53.939528,42.647961,44.102760,-1.454799,-1.242711,-0.212087,39.876976,44.561948,51.839401,37.284494,0.255001,1.951458,0.047601,-0.025578,0.003336,-0.193086,-0.246854,-0.399717,-0.337419,0.505011,-0.411002,-0.411002,0.020918,11879150.000000,501826478.502000,-0.011434
2022-06-30,41.902000,43.674000,41.500000,42.615002,10663000,0.000000,0.000000,40.225135,41.926221,39.839222,40.909603,44.187828,45.262613,48.040225,53.857630,42.380522,43.866230,-1.485708,-1.291311,-0.194398,39.658878,44.187828,51.405313,36.970344,0.272897,1.961139,0.047938,-0.002108,0.004881,-0.177769,-0.220533,-0.409761,-0.337708,0.504005,-0.412243,-0.412243,0.018766,11899250.000000,454403766.326000,0.015824
2022-07-01,40.910000,41.470001,38.651001,39.483002,29500000,0.000000,0.000000,39.272838,39.810429,37.104241,37.902946,43.579612,45.099408,47.874338,53.756902,41.691664,43.424505,-1.732841,-1.379617,-0.353225,32.913037,43.579612,50.761031,36.398193,0.104767,2.092869,0.055217,-0.073495,-0.122970,-0.216752,-0.263110,-0.446730,-0.369295,0.548762,-0.455441,-0.455441,0.000000,12794250.000000,1164748559.000000,-0.045631
2022-07-05,37.966999,39.099998,37.587002,38.876999,26882000,0.000000,0.000000,36.447611,37.535269,36.082821,37.321194,42.986893,44.947414,47.697942,53.651201,41.019284,42.972408,-1.953124,-1.494318,-0.458806,31.786421,42.986893,50.180420,35.793366,0.106195,2.073388,0.055555,-0.015348,-0.135663,-0.254579,-0.257629,-0.455843,-0.377372,0.523137,-0.463799,-0.463799,0.000000,13473150.000000,1045091487.118000,-0.051532
2022-07-06,39.103001,39.680000,38.366001,39.168999,12516000,0.000000,0.000000,37.538148,38.092057,36.830643,37.601505,42.397282,44.813235,47.494642,53.550161,40.493472,42.574563,-2.081092,-1.611673,-0.469419,32.976894,42.397282,49.307222,35.487342,0.152980,2.015390,0.053599,0.007511,-0.106261,-0.235362,-0.266159,-0.456525,-0.363073,0.527761,-0.459772,-0.459772,0.007511,13706350.000000,490239191.484000,-0.047980
2022-07-07,40.321999,41.742001,40.202000,41.487999,13753000,0.000000,0.000000,38.708370,40.071546,38.593174,39.827709,41.884634,44.698150,47.325591,53.469305,40.391047,42.371093,-1.980046,-1.685348,-0.294698,41.681769,41.884634,47.851410,35.917857,0.327635,2.047865,0.051418,0.059205,-0.028498,-0.193669,-0.173464,-0.413466,-0.316227,0.580893,-0.427787,-0.427787,0.067161,13818900.000000,570584450.247000,0.008372
2022-07-08,40.917999,41.717999,40.535999,41.512001,9213000,0.000000,0.000000,39.280531,40.048515,38.913818,39.850761,41.427243,44.620265,47.190036,53.390314,40.307926,42.184401,-1.876476,-1.723573,-0.152902,41.766110,41.427243,46.421044,36.433441,0.342156,1.982638,0.049752,0.000579,-0.025882,-0.204269,-0.163905,-0.395999,-0.307296,0.575923,-0.427456,-0.427456,0.067778,13829100.000000,382450065.213000,-0.001651
2022-07-11,40.905998,41.002998,39.845001,40.241001,11137000,0.000000,0.000000,39.269004,39.362122,38.250466,38.630619,40.998206,44.518819,47.043938,53.298161,40.049879,41.921158,-1.871280,-1.753115,-0.118165,38.585244,40.998206,45.330203,36.666209,0.226733,1.955328,0.050616,-0.030618,0.019198,-0.211597,-0.197829,-0.422917,-0.335978,0.579012,-0.444986,-0.444986,0.035085,13953350.000000,448164028.137000,-0.016161
2022-07-12,40.490002,41.092999,40.178001,40.587002,9538000,0.000000,0.000000,38.869654,39.448520,38.570140,38.962772,40.676860,44.370993,46.867240,53.202229,39.882631,41.702019,-1.819387,-1.766369,-0.053018,39.926515,40.676860,44.568338,36.785382,0.279764,1.878403,0.048210,0.008598,0.043985,-0.174716,-0.171678,-0.389588,-0.343729,0.574686,-0.440214,-0.440214,0.043985,13880900.000000,387118825.076000,0.006739
2022-07-13,39.612999,41.435001,39.599998,41.201000,9220000,0.000000,0.000000,38.027741,39.776829,38.015261,39.552193,40.515727,44.270795,46.698676,53.109282,39.831795,41.542772,-1.710977,-1.755291,0.044313,42.333321,40.515727,44.307022,36.724432,0.372928,1.870058,0.047281,0.015128,0.051878,-0.128608,-0.131081,-0.375689,-0.333002,0.569319,-0.431746,-0.431746,0.059778,13600250.000000,379873220.000000,0.030296
2022-07-14,40.826000,42.308998,40.118999,41.931999,11114000,0.000000,0.000000,39.192198,40.615849,38.513491,40.253937,40.369570,44.158685,46.547488,53.017136,39.896740,41.447303,-1.550563,-1.714345,0.163782,45.150835,40.369570,43.948295,36.790844,0.483844,1.886651,0.046869,0.017742,0.010702,-0.058935,-0.099076,-0.373031,-0.313708,0.542307,-0.421663,-0.421663,0.078581,13571500.000000,466032236.886000,0.059498
2022-07-15,42.416000,42.738998,41.201000,42.713001,13375000,0.000000,0.000000,40.718566,41.028638,39.552189,41.003681,40.242324,44.049955,46.413925,52.943347,40.067038,41.414442,-1.347404,-1.640957,0.293553,48.070126,40.242324,43.512821,36.971828,0.616398,1.857351,0.045297,0.018625,0.028931,-0.050337,-0.093189,-0.373553,-0.292752,0.545751,-0.410892,-0.410892,0.098670,13457300.000000,571286388.375000,0.067412
2022-07-18,43.785000,43.785999,41.969002,42.316002,9080000,0.000000,0.000000,42.032781,42.033740,40.289456,40.622570,40.265652,43.894318,46.286345,52.876435,40.152505,41.355785,-1.203280,-1.553422,0.350141,46.709205,40.265652,43.540210,36.991094,0.554499,1.849274,0.045523,-0.009295,0.051564,-0.067190,-0.069220,-0.379782,-0.272822,0.544937,-0.416367,-0.416367,0.088458,12959200.000000,384229298.160000,0.079908
2022-07-19,43.098999,44.769001,42.993999,44.694000,14888000,0.000000,0.000000,41.374239,42.977410,41.273442,42.905411,40.397554,43.831410,46.198122,52.820157,40.576029,41.470572,-0.894543,-1.421646,0.527103,54.938653,40.397554,43.878428,36.916679,0.860234,1.885386,0.043943,0.056196,0.101190,0.068468,-0.046978,-0.383569,-0.235905,0.508670,-0.383569,-0.383569,0.149626,12807750.000000,665404272.000000,0.074472
2022-07-20,44.597000,46.838001,44.439999,46.509998,18505000,0.000000,0.000000,42.812281,44.963600,42.661563,44.648724,40.551438,43.809281,46.107790,52.772319,41.202597,41.705991,-0.503393,-1.237995,0.734602,60.016543,40.551438,44.492452,36.610423,1.019826,1.915147,0.042894,0.040632,0.128856,0.108806,-0.026136,-0.310521,-0.225251,0.524510,-0.358523,-0.358523,0.196337,13126700.000000,860667512.990000,0.100299
2022-07-21,46.876999,47.716999,46.160000,47.612999,13812000,0.000000,0.000000,45.001046,45.807430,44.312740,45.707592,40.793833,43.867802,46.018205,52.739098,41.895673,42.002406,-0.106732,-1.011743,0.905011,62.761423,40.793833,45.361244,36.226422,1.037915,1.885114,0.041243,0.023716,0.135481,0.099505,-0.007721,-0.254328,-0.244415,0.519745,-0.343310,-0.343310,0.224709,13263400.000000,657630742.188000,0.095859
2022-07-22,47.504002,47.773998,46.099998,46.398998,13265000,0.000000,0.000000,45.602958,45.862150,44.255141,44.542175,40.985397,43.880109,45.928267,52.697308,42.302827,42.190537,0.112291,-0.786936,0.899227,58.038776,40.985397,45.849879,36.120915,0.865586,1.865250,0.041876,-0.025497,0.086297,0.090125,-0.008430,-0.246299,-0.262152,0.525033,-0.360053,-0.360053,0.193482,13475150.000000,615482708.470000,0.093321
2022-07-25,45.026001,45.831001,44.737999,45.744999,11483000,0.000000,0.000000,43.224116,43.996902,42.947640,43.914341,41.020244,43.902670,45.851868,52.654363,42.550753,42.318226,0.232527,-0.583043,0.815570,55.611038,41.020244,45.961429,36.079059,0.792855,1.845913,0.042034,-0.014095,0.081033,0.078688,-0.008939,-0.239897,-0.277483,0.528348,-0.369074,-0.369074,0.176660,13338450.000000,525289823.517000,0.073356
2022-07-26,45.278000,45.694000,44.536999,44.723000,11291000,0.000000,0.000000,43.466040,43.865393,42.754693,42.933250,41.007956,43.880292,45.752831,52.604567,42.609598,42.363783,0.245815,-0.417272,0.663087,51.953825,41.007956,45.927714,36.088199,0.695670,1.796894,0.041853,-0.022341,0.000649,-0.006575,-0.058109,-0.276036,-0.293757,0.492146,-0.383169,-0.383169,0.150372,13518250.000000,504967393.000000,0.052794
2022-07-27,45.423000,47.133999,45.398998,46.765999,16886000,0.000000,0.000000,43.605236,45.247762,43.582194,44.894489,41.149074,43.836883,45.683431,52.567270,42.961120,42.551243,0.409877,-0.251842,0.661719,57.912483,41.149074,46.351167,35.946980,0.859991,1.833867,0.040848,0.045681,0.005504,0.039730,0.026277,-0.199735,-0.240381,0.516740,-0.354992,-0.354992,0.202922,13893600.000000,789690659.114000,0.062970
2022-07-28,46.441002,48.712002,45.334999,48.493999,23813000,0.000000,0.000000,44.582494,46.762611,43.520752,46.553333,41.426940,43.844733,45.647527,52.537182,43.513768,42.847694,0.666074,-0.068259,0.734333,62.184379,41.426940,47.161082,35.692798,0.947006,1.934438,0.041553,0.036950,0.018503,0.106512,0.065223,-0.181903,-0.227707,0.519488,-0.331159,-0.331159,0.247370,14496700.000000,1154787598.187000,0.091353
2022-07-29,47.791000,50.599998,47.651001,50.050999,24772000,0.000000,0.000000,45.878467,48.575053,45.744070,48.048023,41.783861,43.825454,45.661505,52.517261,44.211346,43.232904,0.978442,0.141081,0.837361,65.574945,41.783861,48.227219,35.340503,0.986095,1.998477,0.041593,0.032107,0.078709,0.172017,0.036543,-0.092731,-0.183139,0.514637,-0.309684,-0.309684,0.287419,15202150.000000,1239863347.228000,0.073900
2022-08-01,48.893002,50.599998,48.681000,50.279999,20002000,0.000000,0.000000,46.936376,48.575062,46.732859,48.267868,42.302107,43.877143,45.676517,52.499567,44.835426,43.605864,1.229562,0.358778,0.870785,66.057005,42.302107,49.089314,35.514900,0.939486,1.987314,0.041173,0.004576,0.099137,0.179866,0.083160,-0.098066,-0.202292,0.513488,-0.306526,-0.306526,0.293310,14727250.000000,1005700539.998000,0.080376
2022-08-02,49.641998,50.923000,48.957001,50.264999,14588000,0.000000,0.000000,47.655383,48.885121,46.997798,48.253452,42.848720,43.938781,45.665693,52.470610,45.361276,43.950130,1.411147,0.569251,0.841895,65.991748,42.848720,49.707409,35.990032,0.894006,1.980172,0.041037,-0.000299,0.123918,0.273079,0.052203,-0.142324,-0.207985,0.420582,-0.306733,-0.306733,0.292924,14112550.000000,733265805.412000,0.067141
2022-08-03,50.633999,52.882000,50.480000,52.469002,22118000,0.000000,0.000000,48.607698,50.765737,48.459861,50.369267,43.487108,44.038928,45.695330,52.453878,46.131736,44.425621,1.706115,0.796624,0.909491,70.584784,43.487108,50.659016,36.315201,0.979800,2.018180,0.040068,0.043848,0.121948,0.349616,0.084605,-0.104033,-0.178021,0.422259,-0.276334,-0.276334,0.349616,14592650.000000,1160509386.236000,0.076295
2022-08-04,52.286999,53.235001,52.181000,53.185001,16144000,0.000000,0.000000,50.194541,51.104605,50.092784,51.056606,44.048553,44.135255,45.744886,52.438570,46.889409,44.916805,1.972603,1.031820,0.940783,71.911920,44.048553,51.752604,36.344502,0.954829,1.946297,0.038120,0.013646,0.096734,0.357834,0.054792,-0.124912,-0.172266,0.421474,-0.266459,-0.266459,0.368032,14712200.000000,858618656.144000,0.073634
2022-08-05,52.106998,52.814999,50.886002,51.997002,10452000,0.000000,0.000000,50.021748,50.701415,48.849614,49.916153,44.551823,44.232368,45.796762,52.416546,47.355062,45.287127,2.067934,1.239043,0.828891,66.547002,44.551823,52.414667,36.688978,0.841119,1.964918,0.039364,-0.022337,0.038880,0.253302,0.083937,-0.111022,-0.185592,0.408170,-0.282844,-0.282844,0.337475,14774150.000000,543472664.904000,0.056345
2022-08-08,51.380001,52.255001,49.861000,50.953999,10173000,0.000000,0.000000,49.323837,50.163821,47.865625,48.914883,45.066036,44.277671,45.822150,52.392052,47.595034,45.555850,2.039184,1.399071,0.640113,62.162227,45.066036,52.638186,37.493886,0.754145,1.988724,0.040657,-0.020059,0.013405,0.227452,0.069057,-0.114277,-0.204761,0.420947,-0.297230,-0.297230,0.310646,14725950.000000,518355031.827000,0.027903
2022-08-09,48.805000,48.862999,45.703999,46.939999,28792000,0.000000,0.000000,46.851894,46.907572,43.874990,45.061527,45.370974,44.204517,45.780522,52.353088,47.205264,45.519234,1.686030,1.456463,0.229567,48.828180,45.370974,52.378388,38.363559,0.477920,2.206665,0.048970,-0.078777,-0.066149,0.166472,0.053293,-0.173056,-0.258875,0.504470,-0.352592,-0.352592,0.207398,15688650.000000,1351496451.208000,-0.021615
2022-08-10,48.126999,49.563000,47.051998,49.494999,19799000,0.000000,0.000000,46.201020,47.579554,45.169039,47.514275,45.769078,44.138685,45.752102,52.325759,47.252804,45.667014,1.585790,1.482328,0.103461,55.387917,45.769078,52.271047,39.267108,0.634205,2.228905,0.046910,0.054431,-0.056681,0.219479,0.081670,-0.135488,-0.188994,0.529686,-0.317353,-0.317353,0.273118,16217600.000000,979951485.201000,-0.013505
2022-08-11,49.604000,51.773998,49.200001,49.745998,18041000,0.000000,0.000000,47.618918,49.702076,47.231086,47.755234,46.144143,44.098701,45.708565,52.301904,47.330101,45.821697,1.508404,1.487543,0.020860,55.984859,46.144143,52.153323,40.134962,0.634052,2.246196,0.047036,0.005071,-0.064661,0.207398,0.116133,-0.175661,-0.173294,0.529612,-0.313891,-0.313891,0.279574,16563950.000000,897467549.918000,-0.008439
2022-08-12,50.196999,51.952000,49.946999,51.859001,12588000,0.000000,0.000000,48.188177,49.872945,47.948182,49.783669,46.583142,44.126534,45.692755,52.289634,47.707573,46.115177,1.592396,1.508514,0.083882,60.746543,46.583142,52.286162,40.880122,0.780599,2.237019,0.044935,0.042476,-0.002654,0.236740,0.130108,-0.122489,-0.101240,0.541236,-0.284748,-0.284748,0.333925,16524600.000000,652801104.588000,-0.017305
2022-08-15,51.627998,52.259998,50.917999,51.729000,9659000,0.000000,0.000000,49.561915,50.168623,48.880329,49.658875,47.034957,44.118367,45.666225,52.274513,48.007773,46.377673,1.630100,1.532831,0.097269,60.314233,47.034957,52.151290,41.918625,0.756426,2.169253,0.043683,-0.002507,0.015210,0.211083,0.055113,-0.070168,-0.098705,0.542300,-0.286541,-0.286541,0.330581,16553550.000000,499650411.000000,-0.056962
2022-08-16,51.630001,51.987000,50.740002,51.035999,12301000,0.000000,0.000000,49.563837,49.906549,48.709454,48.993607,47.339367,44.114727,45.648131,52.250198,48.159440,46.571446,1.587994,1.543864,0.044130,57.946730,47.339367,52.135636,42.543099,0.672451,2.099813,0.042859,-0.013397,0.087260,0.206069,0.061368,-0.079765,-0.123555,0.544294,-0.296099,-0.296099,0.312756,16424200.000000,627793823.699000,-0.062081
2022-08-17,50.223000,50.417000,48.583000,49.756001,14021000,0.000000,0.000000,48.213146,48.399382,46.638777,47.764835,47.495173,44.082149,45.593610,52.220872,48.098732,46.659845,1.438887,1.522868,-0.083982,53.750022,47.495173,52.122912,42.867433,0.529135,2.118029,0.044343,-0.025080,0.005273,0.113259,-0.025446,-0.156585,-0.130955,0.529090,-0.313753,-0.313753,0.279831,16200000.000000,697628890.021000,-0.105015
2022-08-18,49.776001,50.900002,49.215000,50.314999,12763000,0.000000,0.000000,47.784025,48.863044,47.245475,48.301453,47.624866,44.046565,45.545795,52.189857,48.129919,46.781446,1.348474,1.487989,-0.139516,55.273456,47.624866,52.186585,43.063146,0.574159,2.082281,0.043110,0.011235,0.011438,0.081810,0.057309,-0.143721,-0.106563,0.514193,-0.306043,-0.306043,0.294210,16147550.000000,642170332.237000,-0.078194
2022-08-19,49.266998,49.400002,47.616001,47.679001,20104000,0.000000,0.000000,47.295390,47.423071,45.710464,45.770943,47.686304,43.982012,45.470292,52.145485,47.767000,46.706594,1.060406,1.402473,-0.342066,47.352422,47.686304,52.104035,43.268573,0.283219,2.118618,0.046287,-0.052390,-0.080603,0.001386,0.013270,-0.173404,-0.164563,0.544588,-0.342400,-0.342400,0.226406,16489500.000000,958538636.104000,-0.102349
2022-08-22,46.550999,46.876999,45.582001,45.757000,14652000,0.000000,0.000000,44.688093,45.001047,43.757873,43.925869,47.686881,43.916302,45.365221,52.088480,47.176057,46.500614,0.675443,1.257067,-0.581624,42.562952,47.686881,52.102542,43.271219,0.074128,2.111079,0.048060,-0.040311,-0.115448,-0.013836,-0.031658,-0.191945,-0.182417,0.555845,-0.368908,-0.368908,0.176968,16647950.000000,670431564.000000,-0.122101
2022-08-23,45.846001,46.959000,45.826000,46.396999,8103000,0.000000,0.000000,44.011304,45.079762,43.992104,44.540253,47.767231,43.899314,45.285783,52.026302,46.770548,46.355402,0.415146,1.088683,-0.673536,44.573317,47.767231,51.865779,43.668683,0.106327,2.042708,0.045862,0.013987,-0.090897,0.014253,-0.036764,-0.165609,-0.196989,0.555432,-0.360081,-0.360081,0.193431,16488550.000000,375954882.897000,-0.110107
2022-08-24,46.391998,46.512001,45.703999,46.300999,6849000,0.000000,0.000000,44.535451,44.650652,43.874984,44.448093,47.744911,43.932779,45.215900,51.957935,46.413248,46.214120,0.199128,0.910772,-0.711644,44.322708,47.744911,51.913592,43.576230,0.104573,1.952205,0.043921,-0.002069,-0.069439,0.035284,-0.013592,-0.140730,-0.200402,0.548979,-0.361405,-0.361405,0.190961,15986700.000000,317115542.151000,-0.117199
2022-08-25,46.362999,47.846001,46.362999,47.819000,9490000,0.000000,0.000000,44.507608,45.931262,44.507608,45.905342,47.712511,43.987344,45.172224,51.897662,46.335108,46.191247,0.143861,0.757390,-0.613529,49.187538,47.712511,51.929973,43.495049,0.285752,1.918703,0.041797,0.032785,-0.049607,0.022516,-0.015957,-0.144864,-0.178661,0.537822,-0.340469,-0.340469,0.230007,15270550.000000,453802310.000000,-0.121297
2022-08-26,47.819000,47.851002,45.169998,45.331001,15863000,0.000000,0.000000,45.905339,45.936060,43.362347,43.516907,47.485956,43.986710,45.094999,51.819338,45.901539,45.993148,-0.091609,0.587590,-0.679199,42.615219,47.485956,52.096062,42.875849,0.069527,1.965489,0.045166,-0.052030,-0.049246,-0.065225,-0.106781,-0.203951,-0.216846,0.552292,-0.374784,-0.374784,0.166011,14825100.000000,719085668.863000,-0.140941
2022-08-29,44.826000,45.537998,44.374001,44.453999,10082000,0.000000,0.000000,43.032125,43.715630,42.598214,42.675011,47.206313,44.037090,45.039887,51.744480,45.405150,45.747360,-0.342210,0.401630,-0.743840,40.558049,47.206313,52.272651,42.139975,0.052803,1.904913,0.044638,-0.019346,-0.028477,-0.111826,-0.160038,-0.202872,-0.262536,0.540152,-0.386879,-0.386879,0.143452,14329100.000000,448185217.918000,-0.150685
2022-08-30,44.901001,45.120998,43.483002,44.268002,14187000,0.000000,0.000000,43.104120,43.315313,41.742867,42.496452,46.918463,44.081671,44.988222,51.664960,44.957658,45.506552,-0.548894,0.211525,-0.760419,40.115737,46.918463,52.373563,41.463362,0.094690,1.881165,0.044266,-0.004184,-0.045887,-0.119571,-0.145876,-0.175694,-0.263689,0.539031,-0.389445,-0.389445,0.138668,14309050.000000,628030144.374000,-0.129466
2022-08-31,44.234001,44.323002,43.279999,43.791000,12324000,0.000000,0.000000,42.463816,42.549255,41.547992,42.038544,46.501927,44.091021,44.927032,51.578050,44.508564,45.249663,-0.741099,0.021000,-0.762099,38.942840,46.501927,52.117443,40.886410,0.102585,1.818315,0.043254,-0.010775,-0.054210,-0.128797,-0.131291,-0.204372,-0.267805,0.538981,-0.396024,-0.396024,0.126399,13819350.000000,539680284.000000,-0.116429
2022-09-01,42.449001,43.308998,41.838001,43.203999,18830000,0.000000,0.000000,40.750253,41.575834,40.163705,41.475037,46.022848,44.103328,44.871400,51.485543,44.041867,44.970061,-0.928194,-0.168839,-0.759355,37.490165,46.022848,51.637130,40.408566,0.094978,1.822352,0.043939,-0.013405,-0.096510,-0.176580,-0.171614,-0.199858,-0.271550,0.507869,-0.404120,-0.404120,0.111300,13953650.000000,813531301.170000,-0.128440
2022-09-02,43.643002,44.341999,42.744999,43.021000,13680000,0.000000,0.000000,41.896468,42.567493,41.034403,41.299358,45.592008,44.115098,44.829205,51.390255,43.619943,44.698157,-1.078214,-0.350714,-0.727501,37.026443,45.592008,51.270442,39.913575,0.122022,1.801691,0.043625,-0.004236,-0.050958,-0.191106,-0.160165,-0.176379,-0.277430,0.501689,-0.406644,-0.406644,0.106593,14115050.000000,588527280.000000,-0.128376
2022-09-06,42.938000,43.375000,42.187000,42.675999,11633000,0.000000,0.000000,41.219679,41.639191,40.498733,40.968163,45.194672,44.070113,44.792080,51.295039,43.211977,44.421861,-1.209884,-0.522548,-0.687337,36.119396,45.194672,51.004696,39.384648,0.136274,1.754460,0.042825,-0.008019,-0.039996,-0.179260,-0.170580,-0.121802,-0.293330,0.499544,-0.411402,-0.411402,0.097718,14188050.000000,496449896.367000,-0.127760
2022-09-07,42.900002,43.693001,42.203999,43.200001,12013000,0.000000,0.000000,41.183202,41.944466,40.515052,41.471195,45.015156,44.035957,44.754617,51.199877,42.944164,44.203293,-1.259129,-0.669864,-0.589265,38.580448,45.015156,51.059637,38.970674,0.206843,1.731242,0.041746,0.012279,-0.024126,-0.152176,-0.171912,-0.113231,-0.263525,0.502979,-0.404175,-0.404175,0.111197,13349100.000000,518961612.013000,-0.140428
2022-09-08,42.534000,44.467999,42.401001,43.916000,14205000,0.000000,0.000000,40.831845,42.688447,40.704168,42.158539,44.747369,44.037685,44.739767,51.104013,42.823299,44.051830,-1.228531,-0.781598,-0.446934,41.875587,44.747369,50.800212,38.694526,0.286148,1.749316,0.041494,0.016574,0.002854,-0.064423,-0.139597,-0.145479,-0.238938,0.436408,-0.394300,-0.394300,0.129614,13069400.000000,623826780.000000,-0.121052
2022-09-09,44.740002,45.285999,44.541000,45.077999,12933000,0.000000,0.000000,42.949577,43.473724,42.758539,43.274048,44.523310,44.083246,44.722304,51.012679,42.892645,43.994216,-1.101572,-0.845592,-0.255979,46.858512,44.523310,50.437515,38.609104,0.394385,1.718307,0.039708,0.026460,0.043376,-0.089241,-0.083397,-0.087153,-0.232053,0.399369,-0.378273,-0.378273,0.159503,12814000.000000,582993761.067000,-0.113861
2022-09-12,44.729000,45.348000,44.209999,44.730000,9988000,0.000000,0.000000,42.939005,43.533233,42.440774,42.939964,44.181124,44.123853,44.693233,50.912719,42.899925,43.916124,-1.016199,-0.879714,-0.136485,45.597740,44.181124,49.583628,38.778621,0.385131,1.673603,0.038975,-0.007720,0.039725,-0.100832,-0.053971,-0.068566,-0.243715,0.398109,-0.383073,-0.383073,0.150552,12684000.000000,446763240.000000,-0.135663
2022-09-13,42.900002,43.216000,41.820000,42.048000,18942000,0.172500,0.000000,41.342636,41.647163,40.301841,40.521564,43.724259,44.176225,44.637817,50.800919,42.534023,43.664675,-1.130652,-0.929901,-0.200750,37.691825,43.724259,48.705287,38.743230,0.178511,1.742498,0.043002,-0.056320,-0.010901,-0.186047,-0.052678,-0.094056,-0.298806,0.397558,-0.417818,-0.417818,0.085752,13148150.000000,796473216.000000,-0.128941
2022-09-14,42.401001,42.666000,41.462002,42.175999,10615000,0.000000,0.000000,40.861755,41.117134,39.956843,40.644920,43.306824,44.242700,44.595057,50.698686,42.243392,43.440989,-1.197598,-0.983441,-0.214157,38.279658,43.306824,47.804352,38.809297,0.204070,1.700911,0.041848,0.003044,-0.019924,-0.181518,-0.058646,-0.123580,-0.290530,0.399241,-0.416046,-0.416046,0.089057,13063850.000000,447698229.385000,-0.140961
2022-09-15,41.866001,42.234001,40.771000,41.344002,11987000,0.000000,0.000000,40.346170,40.700811,39.290920,39.843121,42.910739,44.287532,44.550384,50.574096,41.874119,43.174480,-1.300361,-1.046825,-0.253536,35.908317,42.910739,47.142636,38.678841,0.137560,1.680124,0.042168,-0.019727,-0.054922,-0.186769,-0.085088,-0.190582,-0.313624,0.400682,-0.427566,-0.427566,0.067574,12962150.000000,495590551.974000,-0.125921
2022-09-16,40.826000,41.387001,40.320000,40.922001,18613000,0.000000,0.000000,39.343928,39.884563,38.856296,39.436443,42.467488,44.279707,44.488928,50.447802,41.499092,42.897589,-1.398497,-1.117159,-0.281338,34.733044,42.467488,46.142412,38.792565,0.087604,1.633563,0.041423,-0.010207,-0.088681,-0.174362,-0.017920,-0.216851,-0.325429,0.396682,-0.433409,-0.433409,0.056677,13254650.000000,761681204.613000,-0.093281
2022-09-19,40.321999,41.387001,40.321999,40.922001,9364000,0.000000,0.000000,38.858222,39.884563,38.858222,39.436443,42.150763,44.271420,44.445843,50.314998,41.181762,42.641208,-1.459446,-1.185617,-0.273830,34.733044,42.150763,45.717191,38.584336,0.119462,1.590190,0.040323,0.000000,-0.081591,-0.183535,-0.020635,-0.243193,-0.317819,0.391414,-0.433409,-0.433409,0.056677,12717650.000000,383193617.364000,-0.088856
2022-09-20,40.345001,40.529999,39.944000,40.340000,8927000,0.000000,0.000000,38.880388,39.058670,38.493944,38.875568,41.898248,44.276319,44.397569,50.194621,40.826963,42.362271,-1.535309,-1.255555,-0.279754,33.005177,41.898248,45.646028,38.150468,0.096737,1.543926,0.039715,-0.014222,-0.040620,-0.150650,-0.064840,-0.243145,-0.305782,0.359521,-0.441467,-0.441467,0.041649,12431400.000000,360115180.000000,-0.096979
2022-09-21,40.490002,41.838001,39.844002,39.865002,10621000,0.000000,0.000000,39.020131,40.319196,38.397582,38.417820,41.592127,44.265420,44.318207,50.071978,40.456325,42.070090,-1.613765,-1.327197,-0.286568,31.622536,41.592127,45.430350,37.753904,0.086487,1.570904,0.040890,-0.011775,-0.054794,-0.125394,-0.059762,-0.265600,-0.309638,0.339750,-0.448043,-0.448043,0.029383,12557300.000000,423406186.242000,-0.074881
2022-09-22,39.445000,39.667999,38.582001,38.682999,15202000,0.000000,0.000000,38.013060,38.227964,37.181389,37.278721,41.233658,44.219951,44.245373,49.940743,39.967463,41.715174,-1.747711,-1.411300,-0.336411,28.430741,41.233658,45.282198,37.185118,0.011560,1.547013,0.041499,-0.029650,-0.064362,-0.163033,-0.084306,-0.266211,-0.346690,0.340807,-0.464409,-0.464409,0.000000,12974950.000000,588058950.798000,-0.069582
2022-09-23,38.243000,38.389000,37.358002,38.056000,14622000,0.000000,0.000000,36.854692,36.995392,36.001821,36.674480,40.772115,44.148362,44.153523,49.788125,39.460850,41.341789,-1.880939,-1.505227,-0.375711,26.880804,40.772115,44.680453,36.863777,-0.024217,1.527719,0.041656,-0.016209,-0.070036,-0.174892,-0.151396,-0.310849,-0.369304,0.341113,-0.473090,-0.473090,0.000000,13231550.000000,556454832.000000,-0.087671
2022-09-26,38.068001,38.528999,37.112000,37.144001,11251000,0.000000,0.000000,36.686050,37.130313,35.764753,35.795593,40.386049,44.044200,44.047077,49.627363,38.896965,40.930960,-2.033995,-1.610981,-0.423014,24.765914,40.386049,44.661012,36.111087,-0.036900,1.516137,0.042355,-0.023965,-0.092322,-0.220230,-0.170995,-0.325667,-0.384338,0.308878,-0.485717,-0.485717,0.000000,13000950.000000,417907155.251000,-0.108379
2022-09-27,37.986000,38.165001,36.933998,37.669998,11831000,0.000000,0.000000,36.607024,36.779527,35.593212,36.302494,40.067423,43.957799,43.926058,49.476102,38.497815,40.588110,-2.090295,-1.706844,-0.383451,28.271126,40.067423,44.568028,35.566819,0.081731,1.492578,0.041115,0.014161,-0.066187,-0.165784,-0.137137,-0.319174,-0.381380,0.283778,-0.478435,-0.478435,0.014161,13088400.000000,445673746.338000,-0.105653
2022-09-28,37.341999,38.361000,37.226002,38.165001,10841000,0.000000,0.000000,35.986401,36.968410,35.874614,36.779526,39.781577,43.835281,43.833345,49.324099,38.233463,40.305993,-2.072530,-1.779981,-0.292549,31.505316,39.781577,44.358160,35.204995,0.172020,1.464093,0.039807,0.013140,-0.042644,-0.138148,-0.102851,-0.324315,-0.340415,0.290286,-0.471581,-0.471581,0.027488,12921100.000000,413746775.841000,-0.091556
2022-09-29,37.515999,37.542999,36.423000,37.055000,15439000,0.000000,0.000000,36.154091,36.180111,35.100770,35.709827,39.465141,43.656503,43.732892,49.176736,37.845211,39.965536,-2.120325,-1.848050,-0.272275,28.411693,39.465141,44.254864,34.675418,0.107982,1.479426,0.041429,-0.029084,-0.042086,-0.159699,-0.127104,-0.319606,-0.338767,0.300011,-0.486950,-0.486950,0.000000,13076850.000000,572092145.000000,-0.100698
2022-09-30,35.825001,37.352001,35.799999,36.599998,19091000,0.000000,0.000000,34.524472,35.996039,34.500378,35.271336,39.154956,43.447778,43.657790,49.029211,37.449231,39.617818,-2.168587,-1.912157,-0.256430,27.231276,39.154956,44.193667,34.116245,0.114622,1.480586,0.041977,-0.012279,-0.038259,-0.160976,-0.069430,-0.314273,-0.348769,0.300226,-0.493250,-0.493250,0.000000,13089900.000000,698730561.818000,-0.019804
2022-10-03,37.230000,39.675999,37.071999,38.967999,25300000,0.000000,0.000000,35.878473,38.235677,35.726208,37.553379,38.967657,43.308002,43.594056,48.884465,37.465253,39.464896,-1.999643,-1.929654,-0.069989,40.975453,38.967657,43.948904,33.986411,0.358040,1.586569,0.042248,0.064700,0.049106,-0.094555,0.006221,-0.253011,-0.307340,0.391149,-0.460463,-0.460463,0.064700,13670900.000000,985890374.700000,0.050984
2022-10-04,40.278000,40.849998,39.750999,40.063000,20566000,0.000000,0.000000,38.815819,39.367052,38.307950,38.608624,38.849680,43.201888,43.552279,48.757408,37.641157,39.401469,-1.760312,-1.895786,0.135474,46.049811,38.849680,43.742411,33.956949,0.475366,1.602790,0.041514,0.028100,0.063525,-0.065152,0.026784,-0.246504,-0.262518,0.407068,-0.445302,-0.445302,0.094618,14117550.000000,823935658.000000,0.043105
2022-10-05,39.194000,40.471001,38.500999,39.991001,14070000,0.000000,0.000000,37.771163,39.001805,37.103319,38.539230,38.703082,43.114007,43.497150,48.631010,37.779322,39.337599,-1.558277,-1.828284,0.270007,45.771139,38.703082,43.438249,33.967915,0.482698,1.623911,0.042137,-0.001797,0.047845,-0.059288,-0.032351,-0.200203,-0.271472,0.406651,-0.446299,-0.446299,0.092650,14220400.000000,562673384.070000,0.008325
2022-10-06,39.861000,40.743999,39.521000,39.759998,13586000,0.000000,0.000000,38.413955,39.264900,38.086298,38.316620,38.510986,42.982450,43.409666,48.507357,37.861983,39.261971,-1.399988,-1.742625,0.342637,44.833839,38.510986,42.958925,34.063047,0.478151,1.592104,0.041551,-0.005776,0.072999,-0.076067,-0.038497,-0.196092,-0.270205,0.403124,-0.449497,-0.449497,0.086339,14189450.000000,540179332.828000,0.009804
2022-10-07,38.667000,38.866001,37.178001,37.484001,20796000,0.000000,0.000000,37.263302,37.455079,35.828358,36.123249,38.153446,42.773848,43.309290,48.362252,37.594485,39.029473,-1.434988,-1.681098,0.246110,36.830866,38.153446,42.111983,34.194909,0.243567,1.656115,0.045846,-0.057243,0.024153,-0.143157,-0.064906,-0.249895,-0.317044,0.436623,-0.481010,-0.481010,0.024153,14582600.000000,779517284.796000,-0.001579
2022-10-10,36.998001,37.030998,34.042000,35.071999,39506000,0.000000,0.000000,35.654898,35.686697,32.806205,33.798813,37.696389,42.488864,43.157159,48.201637,37.010536,38.642017,-1.631481,-1.671174,0.039693,30.597514,37.696389,41.432602,33.960175,-0.021594,1.774753,0.052509,-0.064347,-0.099979,-0.218959,-0.132536,-0.281460,-0.354416,0.461619,-0.514406,-0.514406,0.000000,16058500.000000,1385554392.494000,-0.068386
2022-10-11,34.529999,35.023998,32.230999,32.705002,53132000,0.000000,0.000000,33.276486,33.752552,31.060945,31.517740,37.246197,42.153861,43.015502,48.026041,36.165490,38.114293,-1.948802,-1.726700,-0.222102,25.955146,37.246197,41.657839,32.834556,-0.149243,1.843547,0.058492,-0.067490,-0.183661,-0.266005,-0.203135,-0.307589,-0.400471,0.500577,-0.547178,-0.547178,0.000000,17768000.000000,1737682166.264000,-0.130107
2022-10-12,32.875999,33.091999,32.316002,32.397999,36663000,0.000000,0.000000,31.682528,31.890686,31.142860,31.221880,36.775045,41.813230,42.876006,47.837197,35.404935,37.603744,-2.198809,-1.821122,-0.377687,25.416503,36.775045,41.647064,31.903027,-0.069904,1.765281,0.056540,-0.009387,-0.189868,-0.229500,-0.224377,-0.301222,-0.399951,0.476574,-0.551429,-0.551429,0.000000,19070400.000000,1187807837.337000,-0.150243
2022-10-13,30.247000,34.472000,29.959000,34.061001,45293000,0.000000,0.000000,29.148968,33.220592,28.871423,32.824512,36.424115,41.462335,42.750631,47.659847,35.007947,37.249726,-2.241780,-1.905253,-0.336526,33.470707,36.424115,41.376079,31.472151,0.136548,1.949844,0.059402,0.051330,-0.143335,-0.192408,-0.199474,-0.274074,-0.366404,0.522774,-0.528404,-0.528404,0.051330,20735700.000000,1542724918.293000,-0.129334
2022-10-14,34.061001,34.098999,31.430000,31.495001,30398000,0.000000,0.000000,32.824512,32.861131,30.289023,30.351664,35.969876,41.048236,42.591746,47.465054,34.291596,36.738759,-2.447163,-2.013635,-0.433528,28.378385,35.969876,41.401811,30.537941,-0.017146,1.994292,0.065706,-0.075335,-0.159775,-0.238221,-0.252837,-0.304556,-0.438399,0.569722,-0.563931,-0.563931,0.000000,21324950.000000,957385040.398000,-0.161406
2022-10-17,32.701000,32.918999,31.271000,31.542000,51439000,0.000000,0.000000,31.513880,31.723964,30.135792,30.396954,35.517902,40.657852,42.445110,47.274503,33.692420,36.268995,-2.576576,-2.126223,-0.450352,28.592666,35.517902,41.232295,29.803508,0.051926,1.965283,0.064654,0.001492,-0.100650,-0.229217,-0.291536,-0.324818,-0.434114,0.571690,-0.563281,-0.563281,0.001492,23428700.000000,1622488938.000000,-0.202973
2022-10-18,32.706001,33.183998,31.570000,32.206001,25077000,0.000000,0.000000,31.518701,31.979345,30.423939,31.036852,35.125966,40.300291,42.288981,47.086761,33.283871,35.881429,-2.597558,-2.220490,-0.377068,31.701815,35.125966,40.945018,29.306914,0.148644,1.937934,0.062440,0.021051,-0.015258,-0.212991,-0.304866,-0.323034,-0.426498,0.581680,-0.554087,-0.554087,0.022575,24236200.000000,807629887.077000,-0.210288
2022-10-19,32.241001,33.219002,31.867001,33.007999,26915000,0.000000,0.000000,31.070589,32.013086,30.710166,31.809744,34.795562,40.035256,42.119886,46.899874,33.057082,35.579823,-2.522741,-2.280940,-0.241800,35.362609,34.795562,40.577916,29.013208,0.241816,1.892576,0.059497,0.024902,0.018829,-0.181755,-0.304060,-0.309433,-0.414410,0.594342,-0.542983,-0.542983,0.048040,25050900.000000,888410293.085000,-0.189703
2022-10-20,34.062000,36.692001,33.403999,35.587002,58751000,0.000000,0.000000,32.825479,35.360006,32.191365,34.295120,34.646382,39.770873,41.954779,46.731832,33.247550,35.484660,-2.237110,-2.272174,0.035064,45.482189,34.646382,40.311761,28.981003,0.468999,2.010982,0.058638,0.078133,0.044802,-0.107312,-0.230053,-0.236544,-0.362706,0.666014,-0.507275,-0.507275,0.129926,27228350.000000,2090771954.502000,-0.127023
2022-10-21,35.497002,37.285999,35.497002,36.929001,27665000,0.000000,0.000000,34.208387,35.932440,34.208387,35.588402,34.592078,39.527536,41.813118,46.579884,33.607681,35.492344,-1.884664,-2.194672,0.310009,49.879432,34.592078,40.196093,28.988063,0.588894,1.990487,0.055931,0.037710,0.172535,-0.045343,-0.189595,-0.196840,-0.326671,0.674846,-0.488694,-0.488694,0.172535,27880500.000000,1021640812.665000,-0.111264
2022-10-24,37.042999,37.716999,36.452999,37.396000,20117000,0.000000,0.000000,35.698259,36.347791,35.129677,36.038445,34.604221,39.252631,41.689583,46.425370,33.981644,35.532796,-1.551152,-2.065968,0.514816,51.349951,34.604221,40.220255,28.988186,0.627690,1.935317,0.053701,0.012646,0.185594,-0.017343,-0.160594,-0.209371,-0.319773,0.674239,-0.482228,-0.482228,0.187363,28323800.000000,752295332.000000,-0.107841
2022-10-25,37.501999,38.651001,37.501999,37.986000,17499000,0.000000,0.000000,36.140594,37.247885,36.140594,36.607025,34.619447,38.991594,41.554980,46.289254,34.385549,35.612369,-1.226820,-1.898138,0.671319,53.217453,34.619447,40.256481,28.982413,0.676296,1.883469,0.051451,0.015777,0.179470,0.022668,-0.184599,-0.163172,-0.303070,0.670462,-0.474059,-0.474059,0.206096,28607200.000000,664717014.000000,-0.115344
2022-10-26,37.424999,39.384998,37.377998,38.560001,24178000,0.000000,0.000000,36.066388,37.955234,36.021093,37.160187,34.638480,38.754926,41.434827,46.158288,34.812417,35.727022,-0.914605,-1.701432,0.786826,55.026219,34.638480,40.308696,28.968264,0.722364,1.887088,0.050783,0.015111,0.168201,0.023626,-0.201772,-0.149709,-0.288634,0.670688,-0.466112,-0.466112,0.224321,29274050.000000,932303704.178000,-0.103799
2022-10-27,38.896000,39.796001,38.148998,38.910999,22885000,0.000000,0.000000,37.483993,38.351322,36.764109,37.498447,34.727911,38.549598,41.315874,46.024760,35.225652,35.858239,-0.632587,-1.487663,0.855076,56.142881,34.727911,40.524291,28.931532,0.738988,1.865669,0.049753,0.009103,0.093405,0.019547,-0.219563,-0.191043,-0.288227,0.669986,-0.461252,-0.461252,0.235466,29646350.000000,890478212.115000,-0.090594
2022-10-28,39.050999,40.695000,38.952000,40.558998,18155000,0.000000,0.000000,37.633357,39.217677,37.537952,39.086613,34.918675,38.365301,41.205933,45.892922,35.819646,36.097378,-0.277732,-1.245677,0.967945,61.034699,34.918675,41.032778,28.804572,0.840846,1.855209,0.047464,0.042353,0.098296,0.094562,-0.190215,-0.122873,-0.274245,0.674214,-0.438435,-0.438435,0.287791,29599550.000000,736348608.690000,-0.087819
2022-10-31,40.487000,41.049999,39.918999,40.478001,18772000,0.000000,0.000000,39.017232,39.559794,38.469851,39.008560,34.991434,38.230054,41.106033,45.760478,36.310248,36.313021,-0.002773,-0.997096,0.994323,60.676496,34.991434,41.269975,28.712894,0.819909,1.800547,0.046158,-0.001997,0.082415,0.105956,-0.191590,-0.149389,-0.272635,0.671795,-0.439556,-0.439556,0.285220,29273150.000000,759853034.772000,-0.081408
2022-11-01,41.299999,41.696999,40.646999,41.271000,15682000,0.000000,0.000000,39.800720,40.183308,39.171426,39.772774,35.049642,38.146992,41.031647,45.611327,36.842944,36.569299,0.273646,-0.742947,1.016593,62.968094,35.049642,41.488908,28.610375,0.866745,1.755847,0.044147,0.019591,0.086479,0.059100,-0.210376,-0.143570,-0.270285,0.639237,-0.428576,-0.428576,0.310398,29028950.000000,647211822.000000,-0.070079
2022-11-02,41.155998,42.105000,39.477001,39.551998,21731000,0.000000,0.000000,39.661952,40.576503,38.043906,38.116180,35.028489,38.018510,40.958912,45.478122,37.038827,36.683882,0.354944,-0.523369,0.878313,55.427627,35.028489,41.422108,28.634870,0.741467,1.811329,0.047521,-0.041651,0.025726,-0.012755,-0.253453,-0.212548,-0.302481,0.651001,-0.452377,-0.452377,0.255818,29412000.000000,859504468.538000,-0.080836
2022-11-03,38.869999,39.946999,38.472000,39.341999,16563000,0.000000,0.000000,37.458934,38.496836,37.075383,37.913799,35.008348,37.887825,40.910302,45.361205,37.173438,36.774987,0.398451,-0.339005,0.737456,54.567914,35.008348,41.360758,28.655938,0.728689,1.783481,0.047040,-0.005310,0.011077,-0.016228,-0.240450,-0.176696,-0.314729,0.651250,-0.455285,-0.455285,0.249151,29560850.000000,651621529.437000,-0.057586
2022-11-04,40.985001,42.009998,40.424999,41.953999,24227000,0.000000,0.000000,39.497152,40.484940,38.957480,40.430973,35.223734,37.778337,40.882840,45.267870,37.674597,37.045801,0.628796,-0.145445,0.774241,62.383085,35.223734,42.012445,28.435023,0.883522,1.839742,0.045503,0.066392,0.034394,0.055181,-0.173442,-0.116363,-0.290384,0.689974,-0.419120,-0.419120,0.332084,29732400.000000,1016419533.773000,-0.001888
2022-11-07,42.349998,43.561001,41.924000,43.497002,18842000,0.000000,0.000000,40.812600,41.979641,40.402066,41.917965,35.629692,37.746358,40.866534,45.188588,38.327423,37.406702,0.920721,0.067788,0.852933,66.093626,35.629692,43.005294,28.254090,0.926289,1.821016,0.043442,0.036779,0.074584,0.160415,-0.069762,-0.020186,-0.278789,0.662041,-0.397756,-0.397756,0.381076,28699200.000000,819570511.684000,0.084666
2022-11-08,44.299999,44.895000,43.078999,44.486000,22260000,0.000000,0.000000,42.691807,43.265208,41.515132,42.871056,36.197358,37.750279,40.893685,45.106429,39.026443,37.811469,1.214974,0.297225,0.917749,68.255046,36.197358,43.976979,28.417736,0.928922,1.815949,0.042358,0.022737,0.077900,0.268419,-0.097723,-0.024034,-0.260332,0.608814,-0.384063,-0.384063,0.412478,27155600.000000,990258360.000000,0.076422
2022-11-09,43.587002,44.320000,43.013000,43.273998,17040000,0.000000,0.000000,42.004701,42.711090,41.451537,41.703060,36.721417,37.734411,40.908041,45.034446,39.438231,38.099735,1.338495,0.505479,0.833016,62.958375,36.721417,44.501913,28.940920,0.820137,1.787633,0.042866,-0.027244,0.094104,0.323161,-0.126733,-0.025318,-0.295339,0.556219,-0.400844,-0.400844,0.373996,26174450.000000,737388925.920000,0.063154
2022-11-10,45.963001,48.577999,45.504002,48.541000,37191000,0.000000,0.000000,44.294442,46.814510,43.852105,46.778854,37.419134,37.829218,40.960120,44.983818,40.567557,38.742633,1.824924,0.769368,1.055556,72.826941,37.419134,46.170393,28.667874,1.034764,2.025048,0.043290,0.121713,0.233821,0.498272,-0.060357,0.061898,-0.188526,0.662067,-0.327919,-0.327919,0.541229,25769350.000000,1805288331.000000,0.087800
2022-11-11,48.196999,50.455002,48.015999,50.082001,26080000,0.000000,0.000000,46.447344,48.623376,46.272914,48.263916,38.314746,37.964995,41.034162,44.960343,41.751612,39.447913,2.303699,1.076235,1.227465,74.931306,38.314746,47.666293,28.963199,1.031953,2.048292,0.042439,0.031746,0.193736,0.470362,-0.028091,0.025474,-0.173569,0.653909,-0.306582,-0.306582,0.590157,25553450.000000,1306138586.080000,0.109380
2022-11-14,49.564999,50.036999,47.987000,48.070000,23472000,0.000000,0.000000,47.765682,48.220548,46.244968,46.324955,39.111146,38.065507,41.090302,44.924388,42.455204,39.957324,2.497880,1.360564,1.137316,67.573198,39.111146,48.335613,29.886679,0.891015,2.046196,0.044170,-0.040174,0.105134,0.526274,-0.054469,0.003556,-0.220388,0.598801,-0.334440,-0.334440,0.526274,24155100.000000,1128299040.000000,0.091024
2022-11-15,50.108002,50.270000,48.215000,49.074001,22206000,0.000000,0.000000,48.288967,48.445085,46.464686,47.292503,39.923929,38.191994,41.131053,44.879547,43.199404,40.500670,2.698733,1.628198,1.070536,69.198603,39.923929,49.016544,30.831314,0.905196,2.051477,0.043378,0.020886,0.103134,0.555830,-0.009889,-0.035083,-0.211480,0.594597,-0.320539,-0.320539,0.558152,24011550.000000,1089737266.206000,0.112209
2022-11-16,45.896999,46.464001,45.212002,45.537998,30079000,0.000000,0.000000,44.230841,44.777259,43.570710,43.884872,40.527685,38.240267,41.138112,44.817883,43.304860,40.751352,2.553508,1.813260,0.740249,58.144347,40.527685,48.929038,32.126333,0.699800,2.170785,0.049465,-0.072054,0.052318,0.413960,-0.091438,-0.039369,-0.272911,0.677938,-0.369497,-0.369497,0.445880,24169750.000000,1369737441.842000,0.045981
2022-11-17,44.632000,46.465000,44.500000,46.116001,15369000,0.000000,0.000000,43.011762,44.778220,42.884554,44.441891,41.035024,38.285935,41.161810,44.748369,43.479788,41.024725,2.455063,1.941620,0.513443,59.289185,41.035024,49.069112,33.000935,0.712026,2.150991,0.048400,0.012693,-0.049958,0.397116,-0.029037,-0.016153,-0.259444,0.677574,-0.361494,-0.361494,0.464232,22000650.000000,708756819.369000,0.093768
2022-11-18,47.070999,47.125999,44.863998,45.669998,17363000,0.000000,0.000000,45.362215,45.415219,43.235333,44.012074,41.456207,38.300695,41.191970,44.687679,43.561678,41.246010,2.315668,2.016430,0.299238,57.971526,41.456207,49.164651,33.747764,0.665784,2.153055,0.048920,-0.009671,-0.088096,0.283333,0.001963,-0.029758,-0.272570,0.645088,-0.367670,-0.367670,0.450071,21485550.000000,792968175.274000,0.101749
2022-11-21,45.105999,45.349998,44.441002,45.014999,9349000,0.000000,0.000000,43.468552,43.703693,42.827695,43.380856,41.823328,38.309513,41.216683,44.628454,43.533859,41.404147,2.129712,2.039086,0.090626,56.003096,41.823328,49.134488,34.512168,0.606517,2.083864,0.048036,-0.014342,-0.063553,0.218960,-0.026030,-0.061837,-0.292681,0.644882,-0.376738,-0.376738,0.429274,20947150.000000,420845225.651000,0.083553
2022-11-22,45.241001,45.639000,44.417999,45.562000,14115000,0.000000,0.000000,43.598659,43.982209,42.805533,43.908005,42.188377,38.377242,41.276733,44.575536,43.591420,41.589618,2.001802,2.031630,-0.029827,57.306869,42.188377,49.122243,35.254511,0.624002,2.019065,0.045984,0.012152,-0.071565,0.218366,-0.012151,-0.025578,-0.286521,0.644861,-0.369165,-0.369165,0.446642,20777950.000000,643107630.000000,0.088973
2022-11-23,45.709000,46.874001,45.601002,46.139999,8235000,0.000000,0.000000,44.049662,45.172371,43.945585,44.465015,42.553618,38.453644,41.348172,44.523057,43.725819,41.802610,1.923209,2.009946,-0.086736,58.699542,42.553618,49.132776,35.974461,0.645262,1.965158,0.044196,0.012686,0.013220,0.214658,-0.031376,-0.046832,-0.293444,0.644614,-0.361162,-0.361162,0.464994,19980800.000000,379962891.765000,0.075746
2022-11-25,45.633999,45.894001,45.325001,45.325001,3789000,0.000000,0.000000,43.977381,44.227944,43.679600,43.679600,42.862676,38.530373,41.408953,44.451797,43.718709,41.941647,1.777062,1.963369,-0.186307,55.929096,42.862676,49.008415,36.716937,0.566463,1.880890,0.043061,-0.017664,-0.017153,0.175441,0.003739,-0.103442,-0.305367,0.651348,-0.372446,-0.372446,0.439117,19026000.000000,171736428.789000,0.079127
2022-11-28,44.619999,45.133999,44.146999,44.323002,11824000,0.000000,0.000000,43.000193,43.495534,42.544365,42.713978,43.044044,38.595924,41.437815,44.381703,43.564135,41.998856,1.565279,1.883751,-0.318472,52.639665,43.044044,48.929147,37.158942,0.471957,1.827629,0.042788,-0.022107,-0.029494,0.139087,0.000913,-0.159271,-0.300821,0.659907,-0.386320,-0.386320,0.407303,18709450.000000,524075175.648000,0.081475
2022-11-29,44.703999,45.029999,44.007999,44.205002,9030000,0.000000,0.000000,43.081155,43.395321,42.410422,42.600273,43.223630,38.659200,41.465310,44.327673,43.415848,42.043406,1.372443,1.781489,-0.409046,52.249969,43.223630,48.801412,37.645848,0.444121,1.767434,0.041489,-0.002662,-0.017994,0.089894,0.002443,-0.143789,-0.342193,0.647856,-0.387953,-0.387953,0.403556,18222350.000000,399171168.060000,0.078127
2022-11-30,44.787998,47.238998,44.127998,47.237999,22328000,0.000000,0.000000,43.162099,45.524122,42.526058,45.523159,43.511149,38.792152,41.534236,44.289087,43.740050,42.301165,1.438885,1.712968,-0.274083,60.371495,43.511149,48.930538,38.091761,0.685631,1.855336,0.040756,0.068612,0.036785,0.167004,0.082891,-0.059283,-0.296346,0.683599,-0.345959,-0.345959,0.499857,18554650.000000,1054730041.672000,0.112359
2022-12-01,47.931999,47.931999,45.674000,46.313999,13779000,0.000000,0.000000,46.191969,46.191969,44.015940,44.632706,43.836976,38.916450,41.590935,44.229087,43.877382,42.473872,1.403510,1.651077,-0.247567,57.180711,43.836976,48.639066,39.034885,0.582853,1.878243,0.042082,-0.019560,0.003771,0.122192,0.076134,-0.108545,-0.323718,0.688843,-0.358753,-0.358753,0.470519,18157050.000000,638160592.221000,0.101817
2022-12-02,45.074001,46.022999,45.040001,45.766998,11022000,0.000000,0.000000,43.437717,44.352264,43.404951,44.105556,44.146563,39.052987,41.636469,44.167573,43.912485,42.594737,1.317748,1.584411,-0.266663,55.316779,44.146563,48.056243,40.236884,0.494756,1.831780,0.041532,-0.011811,0.009752,0.157135,0.067948,-0.103100,-0.299367,0.670129,-0.366326,-0.366326,0.453151,17880000.000000,504443851.956000,0.082509
2022-12-05,45.574001,46.269001,44.862999,45.259998,10886000,0.000000,0.000000,43.919566,44.589336,43.234375,43.616962,44.305863,39.191836,41.670099,44.108793,43.867020,42.670458,1.196563,1.506841,-0.310279,53.573646,44.305863,47.817465,40.794260,0.401911,1.797721,0.041216,-0.011078,0.021140,0.150424,0.064655,-0.116953,-0.307077,0.671846,-0.373346,-0.373346,0.437053,17212950.000000,492700338.228000,0.091071
2022-12-06,45.286999,45.410000,43.897999,44.308998,9253000,0.000000,0.000000,43.642982,43.761518,42.304406,42.700485,44.344989,39.329934,41.687067,44.050496,43.687553,42.672682,1.014871,1.408447,-0.393576,50.367509,44.344989,47.760695,40.929282,0.259273,1.773392,0.041531,-0.021012,0.002352,0.056133,0.029642,-0.147366,-0.327825,0.642956,-0.386513,-0.386513,0.406858,16733500.000000,409991158.494000,0.095536
2022-12-07,44.118999,45.279999,43.962002,44.428001,11129000,0.000000,0.000000,42.517390,43.636242,42.366091,42.815174,44.342195,39.460188,41.708993,43.997669,43.553341,42.683237,0.870104,1.300779,-0.430674,50.764602,44.342195,47.763065,40.921324,0.276808,1.737446,0.040580,0.002686,-0.059486,0.021404,0.015575,-0.126196,-0.362851,0.631373,-0.384866,-0.384866,0.410637,16176950.000000,494439223.129000,0.091749
2022-12-08,44.786999,45.751999,44.405998,45.500000,12370000,0.000000,0.000000,43.161130,44.091098,42.793960,43.848248,44.449454,39.601562,41.718422,43.958272,43.598711,42.769534,0.829177,1.206458,-0.377281,54.310589,44.449454,47.649291,41.249617,0.406057,1.705995,0.038907,0.024129,-0.017576,0.022794,0.013269,-0.071235,-0.354679,0.631974,-0.370023,-0.370023,0.444674,15943450.000000,562835000.000000,0.098332
2022-12-09,44.949001,45.764000,44.442001,45.020000,9542000,0.000000,0.000000,43.317256,44.102668,42.828661,43.385677,44.279795,39.755079,41.705791,43.906790,43.565937,42.815174,0.750763,1.115319,-0.364557,52.487746,44.279795,47.315196,41.244394,0.352718,1.675139,0.038610,-0.010549,-0.016322,0.040348,0.010380,-0.044151,-0.348121,0.624911,-0.376669,-0.376669,0.429433,14561000.000000,429580840.000000,0.113245
2022-12-12,46.002998,46.444000,44.895000,46.430000,12138000,0.000000,0.000000,44.332991,44.757983,43.265216,44.744492,44.103824,39.944542,41.696160,43.857182,43.747253,42.958087,0.789166,1.050089,-0.260922,57.048244,44.103824,46.509444,41.698204,0.633161,1.662113,0.037147,0.031319,0.025851,-0.043489,0.104214,0.046047,-0.333961,0.466089,-0.357147,-0.357147,0.474202,13863900.000000,563567340.000000,0.146319
2022-12-13,48.554001,49.064999,47.004002,47.594002,15369000,0.172500,0.000000,46.965872,47.460156,45.466571,46.037273,44.089440,40.114220,41.711111,43.819689,44.099564,43.186175,0.913389,1.022749,-0.109360,60.894142,44.089440,46.441995,41.736885,0.913982,1.737366,0.037738,0.028893,0.078144,-0.046135,0.132670,0.066243,-0.293718,0.463606,-0.338573,-0.338573,0.516796,13458750.000000,731472216.738000,0.172165
2022-12-14,47.485001,48.188000,46.423000,46.824001,12108000,0.000000,0.000000,45.931848,46.611853,44.904584,45.292469,43.989438,40.247897,41.724892,43.788380,44.283088,43.342196,0.940891,1.006377,-0.065486,57.689250,43.989438,45.896578,42.082299,0.841619,1.735216,0.038311,-0.016178,0.057860,-0.022288,0.136770,0.040045,-0.300786,0.445712,-0.349274,-0.349274,0.492257,12953850.000000,566945004.108000,0.169791
2022-12-15,45.602001,45.973000,44.403000,44.605999,15531000,0.000000,0.000000,44.110435,44.469299,42.950651,43.147011,43.952545,40.340053,41.727030,43.739931,44.108307,43.327738,0.780568,0.961216,-0.180647,49.592405,43.952545,45.896396,42.008694,0.292799,1.778545,0.041221,-0.047369,-0.015992,-0.087656,0.094090,0.074484,-0.351197,0.466306,-0.380098,-0.380098,0.421570,12226450.000000,692775770.469000,0.149807
2022-12-16,44.289001,44.799000,43.813000,44.391998,17715000,0.000000,0.000000,42.840378,43.333695,42.379946,42.940006,43.877451,40.432520,41.707485,43.695458,43.928568,43.299017,0.629551,0.894883,-0.265332,48.879562,43.877451,45.857410,41.897492,0.263267,1.719631,0.040047,-0.004798,-0.010272,-0.021531,0.088841,0.066372,-0.329272,0.395335,-0.383072,-0.383072,0.414750,12343750.000000,786404244.570000,0.160762
2022-12-19,44.233002,44.285000,43.209999,43.868999,10645000,0.000000,0.000000,42.786209,42.836506,41.796667,42.434113,43.798553,40.558738,41.666293,43.656910,43.698652,43.234950,0.463702,0.808646,-0.344945,47.097832,43.798553,45.879127,41.717979,0.172100,1.678467,0.039555,-0.011781,-0.051635,-0.045178,0.091537,0.020761,-0.335084,0.393942,-0.390340,-0.390340,0.398082,12007850.000000,466985494.355000,0.168475
2022-12-20,43.340000,44.109001,43.264999,43.736000,9097000,0.000000,0.000000,41.922426,42.666274,41.849878,42.305473,43.744784,40.728871,41.608867,43.635186,43.484317,43.166100,0.318217,0.710560,-0.392344,46.632349,43.744784,45.924051,41.565516,0.169772,1.616891,0.038219,-0.003032,-0.081060,-0.038776,0.101194,0.035384,-0.328988,0.392964,-0.392189,-0.392189,0.393844,11995250.000000,397866392.000000,0.161182
2022-12-21,44.132000,45.081001,44.007999,44.786999,9464000,0.000000,0.000000,42.688515,43.606476,42.568571,43.322090,43.715488,40.964958,41.559410,43.617964,43.459359,43.177655,0.281704,0.624789,-0.343085,50.773034,43.715488,45.901260,41.529716,0.410009,1.594327,0.036802,0.024030,-0.043503,-0.001355,0.162113,0.064140,-0.334984,0.399703,-0.377583,-0.377583,0.427338,11762700.000000,423864158.536000,0.194411
2022-12-22,43.189999,43.320999,39.706001,40.910999,31757000,0.000000,0.000000,41.777325,41.904041,38.407284,39.572868,43.470881,41.131978,41.472604,43.569148,42.861437,42.910634,-0.049197,0.489992,-0.539189,38.812845,43.470881,46.302895,40.638866,-0.188205,1.831504,0.046282,-0.086543,-0.082836,-0.098732,0.079030,-0.084330,-0.399699,0.497000,-0.431449,-0.431449,0.303812,12938800.000000,1299210595.243000,0.115082
2022-12-23,40.562000,41.247002,40.055000,41.212002,10546000,0.000000,0.000000,39.235288,39.897884,38.744871,39.864029,43.280102,41.272768,41.367551,43.531441,42.400297,42.684959,-0.284662,0.335061,-0.619723,39.994985,43.280102,46.535360,40.024844,-0.024701,1.783041,0.044728,0.007358,-0.071634,-0.103474,0.113657,-0.076773,-0.401773,0.495022,-0.427265,-0.427265,0.313405,13276650.000000,434621773.092000,0.141896
2022-12-27,40.799999,41.160999,40.476002,40.546001,11120000,0.000000,0.000000,39.465493,39.814685,39.152093,39.219803,43.105393,41.450131,41.249183,43.497035,41.910991,42.428281,-0.517290,0.164591,-0.681881,38.234804,43.105393,46.829833,39.380953,-0.021634,1.706533,0.043512,-0.016161,-0.075748,-0.102103,0.080361,-0.067796,-0.431520,0.494554,-0.436521,-0.436521,0.292180,13241450.000000,450871531.120000,0.124340
2022-12-28,40.342999,40.775002,39.929001,40.279999,8731000,0.000000,0.000000,39.023441,39.441313,38.622984,38.962502,42.923505,41.621442,41.139647,43.468205,41.457377,42.171557,-0.714180,-0.011163,-0.703016,37.524483,42.923505,47.081848,38.765162,0.023728,1.643090,0.042171,-0.006560,-0.079020,-0.087828,0.059353,-0.049602,-0.429493,0.490555,-0.440218,-0.440218,0.283702,13226500.000000,351684671.269000,0.135211
2022-12-29,40.971001,42.257000,40.810001,42.061001,12309000,0.000000,0.000000,39.630901,40.874838,39.475168,40.685249,42.681609,41.814410,41.057351,43.439750,41.338588,42.061460,-0.722872,-0.153505,-0.569367,44.904788,42.681609,46.765402,38.597817,0.255575,1.662322,0.040858,0.044216,-0.060866,-0.044953,0.139329,-0.005484,-0.412998,0.518156,-0.415467,-0.415467,0.340462,12725550.000000,517728861.309000,0.163489
2022-12-30,41.257999,42.058998,41.084000,42.029999,7321000,0.000000,0.000000,39.908517,40.683317,39.740209,40.655266,42.482737,41.991320,41.013288,43.396905,41.233462,41.957297,-0.723836,-0.267571,-0.456265,44.805583,42.482737,46.553836,38.411639,0.275555,1.611088,0.039628,-0.000737,0.027352,-0.106932,0.152643,0.072615,-0.406555,0.450958,-0.415898,-0.415898,0.339474,12402650.000000,307701622.679000,0.162963
