Date,Open,High,Low,Close,Volume,Dividends,Splits,AdjOpen,AdjHigh,AdjLow,AdjClose,sma20,sma50,sma100,sma200,ema12,ema26,macd,macd_signal,macd_hist,rsi14,bb_mid,bb_up,bb_low,bb_pctb,atr14,atr_pct,ret_1d,ret_1w,ret_1m,ret_3m,ret_6m,ret_12m,vol_21,drawdown,dist_52w_high,dist_52w_low,vol_sma20,turnover_sar,rs_bench_3m
2018-05-25,15.210000,15.725000,14.700000,15.000000,169700,0.000000,0.000000,15.210000,15.725000,14.700000,15.000000,,,,,,,,,,50.000000,,,,,,,,,,,,,,0.000000,,,,2545500.000000,
2018-05-29,14.940000,16.730000,14.780000,16.120001,141200,0.000000,0.000000,14.940000,16.730000,14.780000,16.120001,,,,,,,,,,50.000000,,,,,,,0.074667,,,,,,,0.000000,,,,2276144.141200,
2018-05-30,16.000000,16.570000,15.815000,16.500000,186500,0.000000,0.000000,16.000000,16.570000,15.815000,16.500000,,,,,,,,,,50.000000,,,,,,,0.023573,,,,,,,0.000000,,,,3077250.000000,
2018-05-31,16.610001,17.799999,16.549999,17.490000,75600,0.000000,0.000000,16.610001,17.799999,16.549999,17.490000,,,,,,,,,,50.000000,,,,,,,0.060000,,,,,,,0.000000,,,,1322244.000000,
2018-06-01,17.629999,19.950001,17.284000,19.650000,123900,0.000000,0.000000,17.629999,19.950001,17.284000,19.650000,,,,,,,,,,50.000000,,,,,,,0.123499,,,,,,,0.000000,,,,2434635.000000,
2018-06-04,19.940001,19.940001,16.799999,17.500000,58100,0.000000,0.000000,19.940001,19.940001,16.799999,17.500000,,,,,,,,,,50.000000,,,,,,,-0.109415,0.166667,,,,,,-0.109415,,,,1016750.000000,
2018-06-05,17.250000,17.997999,17.000000,17.250000,19400,0.000000,0.000000,17.250000,17.997999,17.000000,17.250000,,,,,,,,,,50.000000,,,,,,,-0.014286,0.070099,,,,,,-0.122137,,,,334650.000000,
2018-06-06,17.450001,17.959999,16.840000,17.440001,20400,0.000000,0.000000,17.450001,17.959999,16.840000,17.440001,,,,,,,,,,50.000000,,,,,,,0.011015,0.056970,,,,,,-0.112468,,,,355776.020400,
2018-06-07,16.530001,19.299999,16.510000,19.299999,24700,0.000000,0.000000,16.530001,19.299999,16.510000,19.299999,,,,,,,,,,50.000000,,,,,,,0.106651,0.103488,,,,,,-0.017812,,,,476709.975300,
2018-06-08,19.000000,19.170000,18.049999,18.760000,37900,0.000000,0.000000,19.000000,19.170000,18.049999,18.760000,,,,,,,,,,50.000000,,,,,,,-0.027979,-0.045293,,,,,,-0.045293,,,,711004.000000,
2018-06-11,18.740000,19.870001,17.040001,17.309999,38900,0.000000,0.000000,18.740000,19.870001,17.040001,17.309999,,,,,,,,,,50.000000,,,,,,,-0.077292,-0.010857,,,,,,-0.119084,,,,673358.961100,
2018-06-12,17.520000,18.736000,17.400000,17.610001,20700,0.000000,0.000000,17.520000,18.736000,17.400000,17.610001,,,,,17.782294,,,,,50.000000,,,,,,,0.017331,0.020870,,,,,,-0.103817,,,,364527.020700,
2018-06-13,17.980000,19.205000,17.400000,18.920000,84100,0.000000,0.000000,17.980000,19.205000,17.400000,18.920000,,,,,17.979843,,,,,50.000000,,,,,,,0.074389,0.084862,,,,,,-0.037150,,,,1591172.000000,
2018-06-14,17.820000,19.700001,17.820000,18.700001,69900,0.000000,0.000000,17.820000,19.700001,17.820000,18.700001,,,,,18.102463,,,,,50.000000,,,,,1.821946,0.097430,-0.011628,-0.031088,,,,,,-0.048346,,,,1307130.069900,
2018-06-15,18.700001,19.000000,18.046000,18.799999,44300,0.000000,0.000000,18.700001,19.000000,18.046000,18.799999,,,,,18.219312,,,,,62.491803,,,,,1.729549,0.091997,0.005347,0.002132,,,,,,-0.043257,,,,832839.955700,
2018-06-18,18.129999,22.389999,18.059999,21.430000,77200,0.000000,0.000000,18.129999,22.389999,18.059999,21.430000,,,,,18.749904,,,,,72.556276,,,,,1.997011,0.093188,0.139894,0.238013,,,,,,0.000000,,,,1654396.000000,
2018-06-19,21.350000,27.020000,21.350000,25.600000,183700,0.000000,0.000000,21.350000,27.020000,21.350000,25.600000,,,,,19.869163,,,,,81.179380,,,,,2.363278,0.092316,0.194587,0.453719,,,,,,0.000000,,,,4702720.000000,
2018-06-20,25.350000,26.480000,21.400000,22.549999,110000,0.000000,0.000000,25.350000,26.480000,21.400000,22.549999,,,,,20.303051,,,,,65.073830,,,,,2.626733,0.116485,-0.119141,0.191860,,,,,,-0.119141,,,,2480499.890000,
2018-06-21,22.290001,25.010000,21.500000,23.170000,161100,0.000000,0.000000,22.290001,25.010000,21.500000,23.170000,,,,,20.763378,,,,,66.527594,,,,,2.710254,0.116973,0.027495,0.239037,,,,,,-0.094922,,,,3732687.000000,
2018-06-22,23.879999,24.570000,21.500000,21.620001,53800,0.000000,0.000000,23.879999,24.570000,21.500000,21.620001,19.036000,,,,20.900003,,,,,59.823523,19.036000,24.314757,13.757243,0.744755,2.743503,0.126897,-0.066897,0.150000,,,,,,-0.155469,,,85055.000000,1163156.053800,
2018-06-25,21.490000,21.719999,18.500000,19.750000,96600,0.000000,0.000000,21.490000,21.719999,18.500000,19.750000,19.273500,,,,20.717616,,,,,52.897739,19.273500,24.203589,14.343411,0.548326,2.786636,0.141095,-0.086494,-0.078395,,,,,,-0.228516,,,81400.000000,1907850.000000,
2018-06-26,19.889999,22.530001,18.610001,21.760000,44700,0.000000,0.000000,19.889999,22.530001,18.610001,21.760000,19.555500,,,,20.882153,,,,,58.463966,19.555500,24.369954,14.741046,0.728946,2.887308,0.132689,0.101772,-0.150000,0.450667,,,,1.359054,-0.150000,,,76575.000000,972672.000000,
2018-06-27,21.639999,21.826000,18.000000,18.480000,51100,0.000000,0.000000,21.639999,21.826000,18.000000,18.480000,19.654500,,,,20.504492,,,,,48.410397,19.654500,24.282213,15.026787,0.373101,2.969262,0.160674,-0.150735,-0.180488,0.146402,,,,1.467485,-0.278125,,,69805.000000,944328.000000,
2018-06-28,18.340000,19.294001,15.620000,15.800000,89200,0.000000,0.000000,18.340000,19.294001,15.620000,15.800000,19.570000,,,,19.767348,,,,,42.047972,19.570000,24.420480,14.719520,0.111379,3.029829,0.191761,-0.145022,-0.318084,-0.042424,,,,1.561826,-0.382812,,,70485.000000,1409360.000000,
2018-06-29,15.920000,17.840000,15.600000,15.600000,95500,0.000000,0.000000,15.920000,17.840000,15.600000,15.600000,19.367500,,,,19.116220,,,,,41.608485,19.367500,24.531920,14.203080,0.135245,2.962920,0.189931,-0.012658,-0.278446,-0.108062,,,,1.548361,-0.390625,,,69065.000000,1489800.000000,
2018-07-02,15.690000,17.650000,14.130000,14.830000,124900,0.000000,0.000000,15.690000,17.650000,14.130000,14.830000,19.234000,,,,18.448121,18.874463,-0.426342,,,39.880245,19.234000,24.729132,13.738868,0.099282,3.009493,0.202933,-0.049359,-0.249114,-0.245293,,,,1.487937,-0.420703,,,72405.000000,1852267.000000,
2018-07-03,14.860000,15.630000,14.797000,15.000000,18600,0.000000,0.000000,14.860000,15.630000,14.797000,15.000000,19.121500,,,,17.911744,18.546396,-0.634652,,,40.468160,19.121500,24.873765,13.369235,0.141750,2.829722,0.188648,0.011463,-0.310662,-0.142857,,,,1.443577,-0.414062,,,72365.000000,279000.000000,
2018-07-05,15.100000,15.900000,14.790000,15.010000,64800,0.000000,0.000000,15.100000,15.900000,14.790000,15.010000,19.000000,,,,17.461130,18.250096,-0.788965,,,40.505016,19.000000,24.999165,13.000835,0.167454,2.689248,0.179164,0.000667,-0.187771,-0.129855,,,,1.443087,-0.413672,,,74585.000000,972648.000000,
2018-07-06,15.460000,15.980000,15.000000,15.110000,59300,0.000000,0.000000,15.460000,15.980000,15.000000,15.110000,18.790500,,,,17.096548,17.989530,-0.892982,,,40.899058,18.790500,25.033251,12.547749,0.205218,2.551047,0.168832,0.006662,-0.043671,-0.133601,,,,1.442645,-0.409766,,,76315.000000,896023.000000,
2018-07-09,15.225000,15.792000,14.556000,14.805000,77600,0.000000,0.000000,15.225000,15.792000,14.556000,14.805000,18.592750,,,,16.741639,17.727610,-0.985971,,,40.028267,18.592750,25.085140,12.100360,0.208293,2.445711,0.165195,-0.020185,-0.050962,-0.232902,,,,1.387123,-0.421680,,,78300.000000,1148868.000000,
2018-07-10,14.880000,16.590000,14.810000,15.390000,98300,0.000000,0.000000,14.880000,16.590000,14.810000,15.390000,18.496750,,,,16.532516,17.536906,-1.004390,,,42.554634,18.496750,25.124375,11.869125,0.265621,2.393243,0.155506,0.039514,0.037761,-0.179638,,,,1.395132,-0.398828,,,81270.000000,1512837.000000,
2018-07-11,15.250000,16.180000,15.035000,15.660000,12300,0.000000,0.000000,15.250000,16.180000,15.035000,15.660000,18.399250,,,,16.397639,17.384927,-0.987288,,,43.732776,18.399250,25.138240,11.660260,0.296761,2.294904,0.146546,0.017544,0.044000,-0.095321,,,,1.372331,-0.388281,,,80850.000000,192618.000000,
2018-07-12,15.660000,16.780001,15.255000,15.950000,41700,0.000000,0.000000,15.660000,16.780001,15.255000,15.950000,18.250750,,,,16.328493,17.269533,-0.941040,,,45.036648,18.250750,25.071817,11.429683,0.331350,2.234691,0.140106,0.018519,0.062625,-0.094265,,,,1.372539,-0.376953,,,78730.000000,665115.000000,
2018-07-13,15.940000,17.700001,15.475000,15.780000,59100,0.000000,0.000000,15.940000,17.700001,15.475000,15.780000,18.104750,,,,16.243820,17.150503,-0.906683,-0.904047,-0.002635,44.387306,18.104750,25.009812,11.199687,0.331663,2.233939,0.141568,-0.010658,0.044341,-0.165962,,,,1.344899,-0.383594,,,78190.000000,932598.000000,
2018-07-16,15.790000,16.945999,15.210000,15.300000,82000,0.000000,0.000000,15.790000,16.945999,15.210000,15.300000,17.929750,,,,16.098196,17.003485,-0.905289,-0.904325,-0.000963,42.523035,17.929750,24.937268,10.922232,0.312362,2.195499,0.143497,-0.030418,0.033435,-0.181818,,,,1.347602,-0.402344,,,80075.000000,1254600.000000,
2018-07-17,15.460000,15.800000,15.050000,15.200000,16700,0.000000,0.000000,15.460000,15.800000,15.050000,15.200000,17.618250,,,,15.959674,16.860969,-0.901295,-0.903662,0.002368,42.126077,17.618250,24.523768,10.712732,0.324905,2.084549,0.137141,-0.006536,-0.012346,-0.191489,,,,1.346959,-0.406250,,,77050.000000,253840.000000,
2018-07-18,15.230000,15.590000,15.050000,15.250000,20300,0.000000,0.000000,15.230000,15.590000,15.050000,15.250000,17.100750,,,,15.850267,16.734292,-0.884025,-0.899445,0.015420,42.415531,17.100750,22.959680,11.241820,0.342057,1.966625,0.128959,0.003289,-0.026181,-0.288381,,,,1.238428,-0.404297,,,68880.000000,309575.000000,
2018-07-19,15.200000,15.940000,15.050000,15.400000,13400,0.000000,0.000000,15.200000,15.940000,15.050000,15.400000,16.743250,,,,15.780874,16.629848,-0.848974,-0.888764,0.039789,43.331219,16.743250,22.048573,11.437928,0.373405,1.884828,0.122391,0.009836,-0.034483,-0.398438,,,,0.987945,-0.398438,,,64050.000000,206360.000000,
2018-07-20,15.320000,15.750000,15.235000,15.410000,40200,0.000000,0.000000,15.320000,15.750000,15.235000,15.410000,16.355250,,,,15.723732,16.534762,-0.811030,-0.872502,0.061472,43.395842,16.355250,20.736050,11.974450,0.392114,1.781227,0.115589,0.000649,-0.023447,-0.316630,,,,0.924607,-0.398047,,,58005.000000,619482.000000,
2018-07-23,15.430000,15.730000,15.000000,15.000000,60900,0.000000,0.000000,15.430000,15.730000,15.000000,15.000000,16.024250,,,,15.612249,16.415590,-0.803342,-0.858165,0.054824,41.315560,16.024250,19.668627,12.379873,0.359475,1.702054,0.113470,-0.026606,-0.019608,-0.352611,,,,0.911242,-0.414062,,,58360.000000,913500.000000,
2018-07-24,15.090000,15.500000,15.050000,15.130000,21100,0.000000,0.000000,15.090000,15.500000,15.050000,15.130000,15.793250,,,,15.537978,16.316122,-0.778144,-0.841698,0.063553,42.260686,15.793250,19.003048,12.583452,0.396684,1.611873,0.106535,0.008667,-0.004605,-0.300185,,,,0.898539,-0.408984,,,54585.000000,319243.000000,
2018-07-25,15.150000,15.619000,15.150000,15.400000,5000,0.000000,0.000000,15.150000,15.619000,15.150000,15.400000,15.475250,,,,15.516731,16.245473,-0.728742,-0.818586,0.089844,44.268273,15.475250,17.029082,13.921418,0.475786,1.527933,0.099216,0.017845,0.009836,-0.220253,,,,0.866410,-0.398438,,,52600.000000,77000.000000,
2018-07-26,15.860000,15.900000,15.250000,15.540000,25800,0.000000,0.000000,15.860000,15.900000,15.250000,15.540000,15.328250,,,,15.520314,16.191234,-0.670920,-0.788511,0.117591,45.329732,15.328250,15.979057,14.677443,0.662683,1.462522,0.094113,0.009091,0.009091,-0.285846,,,,0.769450,-0.392969,,,51335.000000,400932.000000,
2018-07-27,16.000000,16.000000,15.600000,15.600000,12200,0.000000,0.000000,16.000000,16.000000,15.600000,15.600000,15.318250,,,,15.532581,16.145905,-0.613324,-0.752961,0.139637,45.806117,15.318250,15.944208,14.692292,0.725055,1.388056,0.088978,0.003861,0.012330,-0.155844,,,,0.590621,-0.390625,,,47485.000000,190320.000000,
2018-07-30,15.650000,15.849000,15.440000,15.700000,4400,0.000000,0.000000,15.650000,15.849000,15.440000,15.700000,15.323250,,,,15.558352,16.111807,-0.553455,-0.712595,0.159140,46.640665,15.323250,15.960186,14.686314,0.795752,1.315541,0.083792,0.006410,0.046667,-0.006329,,,,0.313932,-0.386719,,,42930.000000,69080.000000,
2018-07-31,15.920000,17.110001,15.700000,16.240000,11800,0.000000,0.000000,15.920000,17.110001,15.700000,16.240000,15.393750,,,,15.663269,16.121586,-0.458317,-0.661266,0.202949,51.026392,15.393750,16.108223,14.679277,1.092219,1.322519,0.081436,0.034395,0.073364,0.041026,,,,0.332035,-0.365625,,,37275.000000,191632.000000,
2018-08-01,16.500000,16.780001,16.090000,16.639999,42200,0.000000,0.000000,16.500000,16.780001,16.090000,16.639999,15.475750,,,,15.813594,16.161047,-0.347453,-0.598037,0.250583,54.039832,15.475750,16.356941,14.594559,1.160611,1.275907,0.076677,0.024630,0.080519,0.122050,,,,0.282745,-0.350000,,,38455.000000,702207.957800,
2018-08-02,16.500000,16.500000,14.030000,15.650000,54300,0.000000,0.000000,16.500000,16.500000,14.030000,15.650000,15.507750,,,,15.788417,16.122226,-0.333809,-0.544877,0.211068,46.425714,15.507750,16.363851,14.651648,0.583080,1.373997,0.087795,-0.059495,0.007079,0.043333,,,,0.360514,-0.388672,,,37930.000000,849795.000000,
2018-08-03,15.705000,15.705000,15.100000,15.300000,9500,0.000000,0.000000,15.705000,15.705000,15.100000,15.300000,15.517250,,,,15.713255,16.059885,-0.346630,-0.505040,0.158410,44.062037,15.517250,16.358861,14.675639,0.370932,1.317575,0.086116,-0.022364,-0.019231,0.019320,,,,0.370494,-0.402344,,,35440.000000,145350.000000,
2018-08-06,15.140000,15.700000,15.000000,15.150000,26600,0.000000,0.000000,15.140000,15.700000,15.000000,15.150000,15.534500,17.151100,,,15.626580,15.991018,-0.364438,-0.476813,0.112375,43.050423,15.534500,16.327375,14.741625,0.257528,1.272350,0.083983,-0.009804,-0.035032,0.002647,,,,0.371809,-0.408203,,,32890.000000,402990.000000,
2018-08-07,15.250000,16.150000,14.900000,15.200000,10200,0.000000,0.000000,15.250000,16.150000,14.900000,15.200000,15.525000,17.155100,,,15.560939,15.931244,-0.370305,-0.455446,0.085142,43.515944,15.525000,16.329631,14.720369,0.298044,1.270716,0.083600,0.003300,-0.064039,0.026680,,,,0.364258,-0.406250,,,28485.000000,155040.000000,
2018-08-08,15.190000,15.990000,14.310000,15.480000,55500,0.000000,0.000000,15.190000,15.990000,14.310000,15.480000,15.516000,17.142300,,,15.548485,15.897196,-0.348711,-0.434048,0.085337,46.169628,15.516000,16.318296,14.713704,0.477564,1.300584,0.084017,0.018421,-0.069711,0.005848,,,,0.343251,-0.395313,,,30645.000000,859140.000000,
2018-08-09,14.900000,14.900000,13.550000,14.180000,63700,0.000000,0.000000,14.900000,14.900000,13.550000,14.180000,15.427500,17.095900,,,15.337919,15.767806,-0.429888,-0.433214,0.003326,37.387173,15.427500,16.400544,14.454456,-0.141029,1.346445,0.094954,-0.083979,-0.093930,-0.094508,,,,0.444870,-0.446094,,,31745.000000,903266.000000,
2018-08-10,13.860000,15.080000,13.583000,14.380000,36900,0.000000,0.000000,13.860000,15.080000,13.583000,14.380000,15.357500,17.033700,,,15.190529,15.663369,-0.472840,-0.441152,-0.031689,39.300187,15.357500,16.420997,14.294003,0.040431,1.357399,0.094395,0.014104,-0.060131,-0.098433,,,,0.442269,-0.438281,,,30635.000000,530622.000000,
2018-08-13,14.350000,14.390000,13.090000,13.390000,38400,0.000000,0.000000,14.350000,14.390000,13.090000,13.390000,15.262000,16.908500,,,14.913496,15.492492,-0.578996,-0.468755,-0.110241,33.795816,15.262000,16.642901,13.881099,-0.177818,1.353229,0.101063,-0.068846,-0.116172,-0.151458,,,,0.495178,-0.476953,,,28455.000000,514176.000000,
2018-08-14,13.370000,14.260000,13.370000,13.900000,29200,0.000000,0.000000,13.370000,14.260000,13.370000,13.900000,15.197000,16.836500,,,14.757560,15.372923,-0.615363,-0.498105,-0.117258,38.569124,15.197000,16.706578,13.687422,0.070410,1.319611,0.094936,0.038088,-0.085526,-0.091503,,,,0.511496,-0.457031,,,29080.000000,405880.000000,
2018-08-15,13.820000,14.650000,13.230000,14.020000,44800,0.000000,0.000000,13.820000,14.650000,13.230000,14.020000,15.135500,16.771900,,,14.644081,15.271444,-0.627363,-0.523977,-0.103386,39.671307,15.135500,16.733610,13.537390,0.150994,1.326888,0.094643,0.008633,-0.094315,-0.077632,,,,0.513263,-0.452344,,,30305.000000,628096.000000,
2018-08-16,14.000000,15.110000,13.840000,14.850000,16100,0.000000,0.000000,14.000000,15.110000,13.840000,14.850000,15.108000,16.720100,,,14.675763,15.239862,-0.564099,-0.532007,-0.032092,46.783375,15.108000,16.705875,13.510125,0.419268,1.322769,0.089075,0.059201,0.047250,-0.026230,,,,0.557024,-0.419922,,,30440.000000,239085.000000,
2018-08-17,14.850000,15.400000,14.275000,15.030000,31100,0.000000,0.000000,14.850000,15.400000,14.275000,15.030000,15.089000,16.634700,,,14.730264,15.224149,-0.493885,-0.524379,0.030493,48.209320,15.089000,16.680780,13.497220,0.481467,1.308462,0.087057,0.012121,0.045202,-0.024026,,,,0.557622,-0.412891,,,29985.000000,467433.000000,
2018-08-20,15.000000,16.190001,14.165000,16.150000,25000,0.000000,0.000000,15.000000,16.190001,14.165000,16.150000,15.146500,16.582500,,,14.948694,15.293415,-0.344720,-0.488432,0.143712,56.092851,15.146500,16.806370,13.486630,0.802283,1.360250,0.084226,0.074518,0.206124,0.048021,,,,0.615357,-0.369141,-0.369141,0.206124,28190.000000,403750.000000,
2018-08-21,16.219999,17.879999,15.650000,17.879999,39900,0.000000,0.000000,16.219999,17.879999,15.650000,17.879999,15.284000,16.593900,,,15.399681,15.486782,-0.087101,-0.408140,0.321039,64.964266,15.284000,17.345204,13.222796,1.129729,1.423059,0.079589,0.107121,0.286331,0.192000,,,,0.702580,-0.301563,-0.301563,0.335325,29130.000000,713411.960100,
2018-08-22,17.889999,19.969999,17.889999,19.850000,85400,0.000000,0.000000,17.889999,19.969999,17.889999,19.850000,15.506500,16.638700,,,16.084367,15.812743,0.271624,-0.272152,0.543776,71.921503,15.506500,18.409328,12.603672,1.248150,1.471184,0.074115,0.110179,0.415835,0.311963,,,,0.784589,-0.224609,-0.224609,0.482450,33150.000000,1695190.000000,
2018-08-23,19.459999,21.274000,19.240000,19.870001,34400,0.000000,0.000000,19.459999,21.274000,19.240000,19.870001,15.723000,16.657700,,,16.666788,16.115655,0.551133,-0.107461,0.658593,71.982334,15.723000,19.221181,12.224819,1.092737,1.511766,0.076083,0.001008,0.338047,0.290260,,,,0.785761,-0.223828,-0.223828,0.483943,33580.000000,683528.034400,
2018-08-24,19.900000,20.931999,19.260000,19.690001,8700,0.000000,0.000000,19.900000,20.931999,19.260000,19.690001,15.927500,16.677500,,,17.131908,16.382358,0.749551,0.063970,0.685581,70.501998,15.927500,19.848096,12.006904,0.979838,1.523311,0.077365,-0.009059,0.310047,0.267053,0.312667,,,0.789510,-0.230859,-0.230859,0.470500,33405.000000,171303.008700,0.243775
2018-08-27,20.219999,20.219999,18.420000,18.799999,8700,0.000000,0.000000,20.219999,20.219999,18.420000,18.799999,16.082500,16.677500,,,17.388543,16.562654,0.825889,0.216374,0.609515,63.543595,16.082500,20.205135,11.959865,0.829583,1.543236,0.082087,-0.045201,0.164087,0.205128,0.166253,,,0.814180,-0.265625,-0.265625,0.404033,33620.000000,163559.991300,0.082253
2018-08-28,18.730000,20.049999,18.730000,19.920000,22200,0.000000,0.000000,18.730000,20.049999,18.730000,19.920000,16.266500,16.647300,,,17.778004,16.812904,0.965100,0.366135,0.598965,67.844637,16.266500,20.732890,11.800109,0.908999,1.527170,0.076665,0.059575,0.114094,0.268790,0.207273,,,0.831733,-0.221875,-0.221875,0.487677,34140.000000,442224.000000,0.131213
2018-08-29,20.000000,20.250000,18.830000,18.840000,34400,0.000000,0.000000,20.000000,20.250000,18.830000,18.840000,16.376500,16.512100,,,17.941390,16.963929,0.977461,0.488411,0.489050,60.439840,16.376500,20.987641,11.765359,0.767125,1.519461,0.080651,-0.054217,-0.050882,0.160099,0.077187,,,0.858804,-0.264063,-0.264063,0.407020,33750.000000,648096.000000,-0.012515
2018-08-30,18.559999,18.660000,16.200001,17.150000,93300,0.000000,0.000000,18.559999,18.660000,16.200001,17.150000,16.451500,16.404100,,,17.819636,16.977786,0.841850,0.559103,0.282747,51.050314,16.451500,21.061682,11.841318,0.575756,1.600021,0.093296,-0.089703,-0.136890,0.030649,-0.127226,,,0.920791,-0.330078,-0.330078,0.280807,35700.000000,1600095.000000,-0.197918
2018-08-31,17.190001,17.680000,15.550000,17.010000,64600,0.000000,0.000000,17.190001,17.680000,15.550000,17.010000,16.537000,16.280900,,,17.695076,16.980184,0.714891,0.590263,0.124629,50.352456,16.537000,21.120614,11.953386,0.551597,1.638106,0.096303,-0.008163,-0.136110,0.086901,-0.028000,,,0.893643,-0.335547,-0.335547,0.270351,38455.000000,1098846.000000,-0.094139
2018-09-04,17.120001,20.510000,17.024000,20.000000,91700,0.000000,0.000000,17.120001,20.510000,17.024000,20.000000,16.779500,16.248500,,,18.049682,17.204902,0.844780,0.641168,0.203612,62.228269,16.779500,21.562974,11.996026,0.836628,1.771845,0.088592,0.175779,0.063830,0.307190,0.159420,,,1.063357,-0.218750,-0.218750,0.493652,41710.000000,1834000.000000,0.100059
2018-09-05,20.000000,20.520000,18.211000,19.910000,48600,0.000000,0.000000,20.000000,20.520000,18.211000,19.910000,17.015000,16.251700,,,18.335887,17.406132,0.929755,0.698888,0.230867,61.749468,17.015000,21.932931,12.097069,0.794331,1.810414,0.090930,-0.004500,-0.000502,0.314191,0.141628,,,1.061962,-0.222266,-0.222266,0.486931,43630.000000,967626.000000,0.101842
2018-09-06,19.959999,20.500000,18.799999,20.160000,79200,0.000000,0.000000,19.959999,20.500000,18.799999,20.160000,17.249000,16.219700,,,18.616522,17.610926,1.005596,0.760231,0.245365,62.610073,17.249000,22.302886,12.195114,0.787996,1.802489,0.089409,0.012557,0.070064,0.326316,0.044560,,,1.061143,-0.212500,-0.212500,0.505601,44815.000000,1596672.000000,0.006883
2018-09-07,20.049999,23.000000,20.049999,22.950001,44500,0.000000,0.000000,20.049999,23.000000,20.049999,22.950001,17.687500,16.309100,,,19.283214,18.007854,1.275360,0.863259,0.412101,70.568509,17.687500,23.127322,12.247678,0.983702,1.884822,0.082127,0.138393,0.338192,0.482558,0.223348,,,1.143358,-0.103516,-0.103516,0.713966,43855.000000,1021275.044500,0.189729
2018-09-10,23.010000,26.440001,23.010000,25.389999,114600,0.000000,0.000000,23.010000,26.440001,23.010000,25.389999,18.238000,16.500900,,,20.222724,18.556524,1.666199,1.023850,0.642349,75.483298,18.238000,24.443063,12.032937,1.076304,1.999956,0.078769,0.106318,0.492651,0.790550,0.466782,,,1.112154,-0.008203,-0.008203,0.896191,47740.000000,2909693.885400,0.432287
2018-09-11,24.680000,26.540001,22.197001,25.440001,94100,0.000000,0.000000,24.680000,26.540001,22.197001,25.440001,18.840500,16.697700,,,21.025384,19.068004,1.957380,1.210559,0.746822,75.573319,18.840500,25.393826,12.287174,1.003523,2.167964,0.085219,0.001969,0.272000,0.769124,0.444634,,,1.115182,-0.006250,-0.006250,0.899925,50525.000000,2393904.094100,0.409757
2018-09-12,25.340000,26.990000,22.188999,25.629999,85100,0.000000,0.000000,25.340000,26.990000,22.188999,25.629999,19.427000,16.913700,,,21.733789,19.555483,2.178306,1.404110,0.774196,75.934905,19.427000,26.214031,12.639969,0.956974,2.356714,0.091951,0.007468,0.287293,0.914115,0.354651,,,1.060100,0.000000,0.000000,0.914115,53320.000000,2181112.914900,0.321057
2018-09-13,26.250000,26.299999,24.965000,26.250000,58100,0.000000,0.000000,26.250000,26.299999,24.965000,26.250000,20.038500,17.138700,,,22.428592,20.052700,2.375892,1.598469,0.777424,77.124881,20.038500,26.976451,13.100549,0.947647,2.283491,0.086990,0.024190,0.302083,0.888489,0.403743,,,1.060424,0.000000,0.000000,0.960418,53985.000000,1525125.000000,0.371187
2018-09-14,26.510000,26.520000,24.802999,24.940001,80400,0.000000,0.000000,26.510000,26.520000,24.802999,24.940001,20.543000,17.337300,,,22.814964,20.415619,2.399344,1.758645,0.640699,69.324740,20.543000,27.358707,13.727293,0.822564,2.242902,0.089932,-0.049905,0.086710,0.778887,0.326596,,,1.096005,-0.049905,-0.049905,0.862584,57200.000000,2005176.080400,0.292559
2018-09-17,24.760000,25.950001,23.304001,25.280001,109700,0.000000,0.000000,24.760000,25.950001,23.304001,25.280001,21.055500,17.540700,,,23.194201,20.776770,2.417431,1.890403,0.527028,70.168041,21.055500,27.664086,14.446914,0.819622,2.271778,0.089865,0.013633,-0.004332,0.702357,0.179655,,,1.092059,-0.036952,-0.036952,0.887976,61130.000000,2773216.109700,0.160453
2018-09-18,25.500000,26.260000,24.825001,25.610001,116700,0.000000,0.000000,25.500000,26.260000,24.825001,25.610001,21.528500,17.756800,,,23.565863,21.135548,2.430315,1.998386,0.431930,71.001323,21.528500,28.011736,15.045264,0.814773,2.211848,0.086367,0.013054,0.006682,0.703926,0.000391,,,1.091895,-0.024381,-0.024381,0.912621,65715.000000,2988687.116700,-0.029448
2018-09-19,25.700001,26.500000,24.900000,25.280001,172300,0.000000,0.000000,25.700001,26.500000,24.900000,25.280001,21.898500,17.954600,,,23.829577,21.443148,2.386429,2.075995,0.310434,68.927890,21.898500,28.349577,15.447423,0.762088,2.168036,0.085761,-0.012886,-0.013656,0.565325,0.121064,,,1.086801,-0.036952,-0.036952,0.887976,72335.000000,4355744.172300,0.099407
2018-09-20,25.440001,26.250000,23.730000,24.290001,117200,0.000000,0.000000,25.440001,26.250000,23.730000,24.290001,22.120500,18.127200,,,23.900412,21.654410,2.246002,2.109996,0.136006,62.985390,22.120500,28.580338,15.660663,0.667922,2.193234,0.090294,-0.039161,-0.074667,0.358501,0.048338,,,1.063196,-0.074667,-0.074667,0.814040,73925.000000,2846788.117200,0.007462
2018-09-21,24.330000,25.129999,23.030001,24.190001,796200,0.000000,0.000000,24.330000,25.129999,23.030001,24.190001,22.336500,18.292000,,,23.944964,21.842548,2.102416,2.108480,-0.006064,62.400183,22.336500,28.768330,15.904670,0.644088,2.186560,0.090391,-0.004117,-0.030072,0.218640,0.118871,,,1.008956,-0.078476,-0.078476,0.806572,112015.000000,19260078.796200,0.080636
2018-09-24,24.340000,24.500000,22.600000,24.139999,65100,0.000000,0.000000,24.340000,24.500000,22.600000,24.139999,22.559000,18.459200,,,23.974969,22.012995,1.961975,2.079179,-0.117204,62.089541,22.559000,28.912758,16.205243,0.624414,2.166051,0.089729,-0.002067,-0.045095,0.214897,0.222278,,,1.009407,-0.080381,-0.080381,0.802838,114835.000000,1571513.934900,0.161041
2018-09-25,24.209999,26.209999,24.209999,24.600000,84700,0.000000,0.000000,24.209999,26.209999,24.209999,24.600000,22.849000,18.645200,,,24.071128,22.204901,1.866226,2.036589,-0.170362,63.871432,22.849000,29.006789,16.691212,0.642178,2.159178,0.087771,0.019056,-0.039438,0.249365,0.130515,,,1.007013,-0.062857,-0.062857,0.837192,118635.000000,2083620.000000,0.071554
2018-09-26,24.709999,25.299999,23.850000,24.219999,129300,0.000000,0.000000,24.709999,25.299999,23.850000,24.219999,23.064000,18.825600,,,24.094031,22.354367,1.739664,1.977203,-0.237540,61.307841,23.064000,29.090054,17.037946,0.595917,2.108436,0.087053,-0.015447,-0.041930,0.288298,0.310606,,,0.990682,-0.077333,-0.077333,0.808812,123990.000000,3131645.870700,0.237364
2018-09-27,24.190001,24.400000,22.430000,22.980000,54800,0.000000,0.000000,24.190001,24.400000,22.430000,22.980000,23.271000,18.980200,,,23.922642,22.400768,1.521874,1.886137,-0.364264,53.729467,23.271000,28.961180,17.580820,0.474430,2.098532,0.091320,-0.051197,-0.053932,0.153614,0.454430,,,1.000594,-0.124571,-0.124571,0.716206,125010.000000,1259304.000000,0.382694
2018-09-28,23.010000,25.930000,22.615000,25.750000,53700,0.000000,0.000000,23.010000,25.930000,22.615000,25.750000,23.701000,19.187200,,,24.203774,22.649144,1.554630,1.819836,-0.265206,64.335242,23.701000,28.701568,18.700432,0.704877,2.185550,0.084876,0.120540,0.064489,0.366773,0.650641,,,1.044478,-0.019048,-0.019048,0.923077,123030.000000,1382775.000000,0.579266
2018-10-01,25.980000,25.980000,23.740000,24.639999,30700,0.000000,0.000000,25.980000,25.980000,23.740000,24.639999,24.082500,19.371800,,,24.270885,22.796771,1.474115,1.750692,-0.276577,58.544281,24.082500,27.975230,20.189771,0.571608,2.189445,0.088857,-0.043107,0.020713,0.436735,0.661497,,,0.995872,-0.061333,-0.061333,0.840179,121335.000000,756447.969300,0.599442
2018-10-02,24.660000,25.500000,23.340000,24.570000,78400,0.000000,0.000000,24.660000,25.500000,23.340000,24.570000,24.311000,19.563200,,,24.316903,22.928250,1.388653,1.678284,-0.289631,58.188573,24.311000,27.698438,20.923563,0.538229,2.187339,0.089025,-0.002841,-0.001220,0.444444,0.638000,,,0.994202,-0.064000,-0.064000,0.834951,120670.000000,1926288.000000,0.571773
2018-10-03,24.530001,25.290001,23.809999,24.320000,51300,0.000000,0.000000,24.530001,25.290001,23.809999,24.320000,24.531500,19.747000,,,24.317380,23.031437,1.285943,1.599816,-0.313873,56.859814,24.531500,27.213363,21.849637,0.460568,2.136755,0.087860,-0.010175,0.004129,0.216000,0.620253,,,0.818937,-0.073524,-0.073524,0.816281,120805.000000,1247616.000000,0.562432
2018-10-04,24.430000,24.799999,22.924999,24.020000,89400,0.000000,0.000000,24.430000,24.799999,22.924999,24.020000,24.724500,19.919400,,,24.271629,23.104725,1.166904,1.513233,-0.346330,55.229958,24.724500,26.475920,22.973080,0.298877,2.118038,0.088178,-0.012336,0.045257,0.206429,0.589676,,,0.821200,-0.084952,-0.084952,0.793876,121315.000000,2147388.000000,0.564817
2018-10-05,24.000000,24.000000,22.540001,23.030001,33200,0.000000,0.000000,24.000000,24.000000,22.540001,23.030001,24.728500,20.069200,,,24.080609,23.099186,0.981423,1.406871,-0.425448,50.123887,24.728500,26.463141,22.993859,0.010418,2.072417,0.089988,-0.041216,-0.105631,0.142361,0.555556,,,0.840153,-0.122667,-0.122667,0.719940,120750.000000,764596.033200,0.551398
2018-10-08,22.969999,23.230000,21.400000,21.980000,194500,0.000000,0.000000,22.969999,23.230000,21.400000,21.980000,24.558000,20.196800,,,23.757438,23.016223,0.741215,1.273740,-0.532525,45.336488,24.558000,26.651998,22.464003,-0.115569,2.055086,0.093498,-0.045593,-0.107955,-0.042266,0.428200,,,0.711180,-0.162667,-0.162667,0.641524,124745.000000,4275110.000000,0.431197
2018-10-09,21.940001,21.940001,19.600000,19.799999,24000,0.000000,0.000000,21.940001,21.940001,19.600000,19.799999,24.276000,20.278800,,,23.148602,22.777825,0.370776,1.093147,-0.722371,37.358461,24.276000,27.217467,21.334533,-0.260845,2.078314,0.104965,-0.099181,-0.194139,-0.220165,0.264368,,,0.675341,-0.245714,-0.245714,0.478715,121240.000000,475199.976000,0.261593
2018-10-10,19.709999,19.709999,18.200001,18.500000,24800,0.000000,0.000000,19.709999,19.709999,18.200001,18.500000,23.919500,20.324000,,,22.433432,22.460753,-0.027321,0.869054,-0.896375,33.565238,23.919500,27.760693,20.078308,-0.205445,2.044121,0.110493,-0.065657,-0.239309,-0.272799,0.159875,,,0.699285,-0.295238,-0.295238,0.381628,118225.000000,458800.000000,0.211239
2018-10-11,18.340000,18.600000,17.273001,17.860001,23400,0.000000,0.000000,18.340000,18.600000,17.273001,17.860001,23.500000,20.348400,,,21.729827,22.119761,-0.389934,0.617256,-1.007190,31.850654,23.500000,28.038764,18.961236,-0.121314,1.992859,0.111582,-0.034595,-0.256453,-0.303160,0.131812,,,0.698087,-0.319619,-0.319619,0.333831,116490.000000,417924.023400,0.195309
2018-10-12,18.170000,18.940001,17.900000,18.360001,25900,0.000000,0.000000,18.170000,18.940001,17.900000,18.360001,23.171000,20.402600,,,21.211392,21.841113,-0.629721,0.367861,-0.997581,34.658873,23.171000,28.197938,18.144063,0.021478,1.927609,0.104990,0.027996,-0.202779,-0.300571,0.200000,,,0.700976,-0.300571,-0.300571,0.371173,113765.000000,475524.025900,0.239565
2018-10-15,18.450001,18.634001,16.430000,18.059999,24000,0.000000,0.000000,18.450001,18.634001,16.430000,18.059999,22.810000,20.457800,,,20.726563,21.560893,-0.834330,0.127422,-0.961753,33.759976,22.810000,28.221508,17.398492,0.061120,1.947364,0.107827,-0.016340,-0.178344,-0.275862,0.188158,,,0.690056,-0.312000,-0.312000,0.348768,109480.000000,433439.976000,0.242184
2018-10-16,18.200001,18.730000,17.260000,18.299999,103100,0.000000,0.000000,18.200001,18.730000,17.260000,18.299999,22.444500,20.520800,18.835950,,20.353245,21.319235,-0.965990,-0.091260,-0.874730,35.207717,22.444500,28.043923,16.845077,0.129917,1.913246,0.104549,0.013289,-0.075758,-0.276108,0.200000,,,0.689881,-0.302857,-0.302857,0.366691,108800.000000,1886729.896900,0.226603
2018-10-17,18.330000,19.299999,17.440001,19.150000,89100,0.000000,0.000000,18.330000,19.299999,17.440001,19.150000,22.138000,20.599800,18.877450,,20.168130,21.158483,-0.990353,-0.271079,-0.719274,40.193270,22.138000,27.754969,16.521031,0.234020,1.909441,0.099710,0.046448,0.035135,-0.252245,0.243506,,,0.715824,-0.270476,-0.270476,0.430172,104640.000000,1706265.000000,0.266841
2018-10-18,19.010000,19.839001,18.530001,19.309999,20600,0.000000,0.000000,19.010000,19.839001,18.530001,19.309999,21.889000,20.676400,18.909350,,20.036110,21.021505,-0.985395,-0.413942,-0.571453,41.111815,21.889000,27.545679,16.232321,0.272039,1.866530,0.096661,0.008355,0.081187,-0.236155,0.253082,,,0.719560,-0.264381,-0.264381,0.442121,99810.000000,397785.979400,0.295928
2018-10-19,19.330000,21.760000,19.330000,20.860001,67800,0.000000,0.000000,19.330000,21.760000,19.330000,20.860001,21.722500,20.810000,18.952950,,20.162863,21.009538,-0.846675,-0.500489,-0.346186,49.244492,21.722500,27.289326,16.155674,0.422532,1.908226,0.091478,0.080269,0.136166,-0.141210,0.390667,,,0.778793,-0.205333,-0.205333,0.557879,63390.000000,1414308.067800,0.440762
2018-10-22,20.920000,24.100000,20.610001,22.830000,50500,0.000000,0.000000,20.920000,24.100000,20.610001,22.830000,21.657000,20.979000,19.006350,,20.573191,21.144432,-0.571240,-0.514639,-0.056601,57.313409,21.657000,27.134164,16.179835,0.607081,2.021261,0.088535,0.094439,0.264120,-0.056222,0.508923,,,0.853218,-0.130286,-0.130286,0.705004,62660.000000,1152915.000000,0.556385
2018-10-23,22.600000,23.730000,20.570000,22.559999,67200,0.000000,0.000000,22.600000,23.730000,20.570000,22.559999,21.555000,21.162400,19.035450,,20.878854,21.249321,-0.370467,-0.485805,0.115338,55.999397,21.555000,26.875128,16.234871,0.594453,2.102633,0.093202,-0.011827,0.232787,-0.065452,0.464935,,,0.853984,-0.140571,-0.140571,0.684839,61785.000000,1516031.932800,0.527301
2018-10-24,22.559999,23.900000,20.500000,21.100000,52300,0.000000,0.000000,22.559999,23.900000,20.500000,21.100000,21.399000,21.306400,19.071450,,20.912877,21.238257,-0.325381,-0.453720,0.128339,49.403514,21.399000,26.571009,16.226991,0.471094,2.195338,0.104044,-0.064716,0.101828,-0.142276,0.357786,,,0.877121,-0.196190,-0.196190,0.575803,57935.000000,1103530.000000,0.452509
2018-10-25,21.090000,24.014999,21.090000,23.860001,47900,0.000000,0.000000,21.090000,24.014999,21.090000,23.860001,21.443000,21.503200,19.137550,,21.366280,21.432512,-0.066232,-0.376222,0.309991,59.189469,21.443000,26.686125,16.199875,0.730492,2.247476,0.094194,0.130806,0.235629,-0.014864,0.529487,,,0.995317,-0.091048,-0.091048,0.781927,57590.000000,1142894.047900,0.583650
2018-10-26,23.740000,24.504999,21.400000,23.830000,33400,0.000000,0.000000,23.740000,24.504999,21.400000,23.830000,21.347000,21.682800,19.201450,,21.745314,21.610147,0.135167,-0.273944,0.409111,59.055761,21.347000,26.321512,16.372488,0.749572,2.308748,0.096884,-0.001257,0.142378,0.036989,0.517834,,,0.977115,-0.092190,-0.092190,0.779686,56575.000000,795922.000000,0.578488
2018-10-29,24.080000,25.740000,22.844999,24.219999,156100,0.000000,0.000000,24.080000,25.740000,22.844999,24.219999,21.326000,21.866600,19.250650,,22.126035,21.803514,0.322521,-0.154651,0.477173,60.310910,21.326000,26.245219,16.406781,0.794152,2.350636,0.097054,0.016366,0.060885,-0.059418,0.491379,,,0.881876,-0.077333,-0.077333,0.808812,62845.000000,3780741.843900,0.572390
2018-10-30,24.090000,24.500000,21.660000,22.110001,78500,0.000000,0.000000,24.090000,24.500000,21.660000,22.110001,21.203000,21.985800,19.284150,,22.123568,21.826221,0.297347,-0.064252,0.361599,51.171217,21.203000,25.898629,16.507371,0.596579,2.385601,0.107897,-0.087118,-0.019947,-0.102678,0.328726,,,0.920395,-0.157714,-0.157714,0.651232,62850.000000,1735635.078500,0.399521
2018-10-31,22.690001,23.900000,22.690001,23.490000,88600,0.000000,0.000000,22.690001,23.900000,22.690001,23.490000,21.161500,22.098000,19.345950,,22.333788,21.949488,0.384300,0.025459,0.358842,55.880431,21.161500,25.754691,16.568309,0.753473,2.343046,0.099747,0.062415,0.113270,-0.043956,0.500958,,,0.948377,-0.105143,-0.105143,0.754294,64715.000000,2081214.000000,0.564628
2018-11-01,23.629999,24.570000,23.250000,23.430000,52000,0.000000,0.000000,23.629999,24.570000,23.250000,23.430000,21.132000,22.169600,19.404150,,22.502436,22.059175,0.443261,0.109019,0.334242,55.629224,21.132000,25.654932,16.609068,0.754039,2.269954,0.096882,-0.002554,-0.018022,-0.036595,0.531373,,,0.947761,-0.107429,-0.107429,0.749813,62845.000000,1218360.000000,0.579753
2018-11-02,23.280001,24.129999,23.280001,23.860001,24100,0.000000,0.000000,23.280001,24.129999,23.280001,23.860001,21.173500,22.249400,19.453550,,22.711292,22.192592,0.518700,0.190955,0.327745,57.117077,21.173500,25.784139,16.562861,0.791337,2.168505,0.090885,0.018353,0.001259,-0.006661,0.574918,,,0.948728,-0.091048,-0.091048,0.781927,62390.000000,575026.024100,0.638876
2018-11-05,23.850000,24.754999,22.870001,23.590000,30300,0.000000,0.000000,23.850000,24.754999,22.870001,23.590000,21.254000,22.327400,19.502450,,22.846478,22.296120,0.550358,0.262836,0.287522,55.850673,21.254000,25.978736,16.529264,0.747210,2.148250,0.091066,-0.011316,-0.026012,0.024316,0.551974,,,0.937406,-0.101333,-0.101333,0.761763,54180.000000,714777.000000,0.622348
2018-11-06,23.790001,24.084999,23.030001,23.559999,15500,0.000000,0.000000,23.790001,24.084999,23.030001,23.559999,21.442000,22.422600,19.550050,,22.956251,22.389754,0.566497,0.323568,0.242928,55.702886,21.442000,26.222036,16.661964,0.721546,2.070145,0.087867,-0.001272,0.065581,0.071883,0.521964,,,0.921013,-0.102476,-0.102476,0.759522,53755.000000,365179.984500,0.586917
2018-11-07,24.129999,24.915001,24.070000,24.490000,247200,0.000000,0.000000,24.129999,24.915001,24.070000,24.490000,21.741500,22.514000,19.580650,,23.192212,22.545348,0.646864,0.388227,0.258636,59.298349,21.741500,26.495943,16.987057,0.789045,2.019054,0.082444,0.039474,0.042571,0.236869,0.727080,,,0.845751,-0.067048,-0.067048,0.828977,64875.000000,6053928.000000,0.767759
2018-11-08,24.670000,25.254999,24.415001,24.520000,19100,0.000000,0.000000,24.670000,25.254999,24.415001,24.520000,22.074500,22.627600,19.569850,,23.396487,22.691637,0.704850,0.451552,0.253298,59.412793,22.074500,26.612264,17.536735,0.769461,1.934821,0.078908,0.001225,0.046522,0.325405,0.705146,,,0.799330,-0.065905,-0.065905,0.831217,64660.000000,468332.000000,0.744466
2018-11-09,25.379999,25.990000,24.049999,24.990000,32600,0.000000,0.000000,25.379999,25.990000,24.049999,24.990000,22.406000,22.784400,19.594250,,23.641643,22.861905,0.779738,0.517189,0.262549,61.251026,22.406000,26.766432,18.045568,0.796301,1.935191,0.077439,0.019168,0.047360,0.399216,0.866318,,,0.779002,-0.048000,-0.048000,0.866318,64995.000000,814674.000000,0.919109
2018-11-12,24.990000,25.000000,22.900000,23.170000,45200,0.000000,0.000000,24.990000,25.000000,22.900000,23.170000,22.661500,22.907600,19.594250,,23.569083,22.884730,0.684353,0.550622,0.133731,51.520247,22.661500,26.519611,18.803388,0.565900,1.946965,0.084030,-0.072829,-0.017804,0.261983,0.666906,,,0.837570,-0.117333,-0.117333,0.730396,66055.000000,1047284.000000,0.752033
2018-11-13,22.860001,23.080000,21.299999,22.040001,60300,0.000000,0.000000,22.860001,23.080000,21.299999,22.040001,22.848500,22.948400,19.598450,,23.333839,22.822151,0.511688,0.542835,-0.031147,46.573039,22.848500,26.137015,19.559986,0.377072,1.941467,0.088088,-0.048770,-0.064516,0.220377,0.572040,,,0.858877,-0.160381,-0.160381,0.646005,63915.000000,1329012.060300,0.645778
2018-11-14,22.620001,22.620001,20.200001,22.110001,32300,0.000000,0.000000,22.620001,22.620001,20.200001,22.110001,22.996500,22.992400,19.622050,,23.145556,22.769394,0.376162,0.509500,-0.133338,46.913113,22.996500,25.817342,20.175658,0.342866,1.975652,0.089356,0.003176,-0.097182,0.208197,0.488889,,,0.859237,-0.157714,-0.157714,0.651232,61075.000000,714153.032300,0.574731
2018-11-15,22.350000,22.370001,20.010000,20.780001,27400,0.000000,0.000000,22.350000,22.370001,20.010000,20.780001,23.070000,23.004800,19.612250,,22.781625,22.622020,0.159605,0.439521,-0.279916,41.507130,23.070000,25.541351,20.598649,0.036691,2.003109,0.096396,-0.060154,-0.152529,0.085118,0.382568,,,0.881971,-0.208381,-0.208381,0.551904,61415.000000,569372.027400,0.453868
2018-11-16,20.530001,24.639999,19.604000,20.059999,51300,0.000000,0.000000,20.530001,24.639999,19.604000,20.059999,23.030000,22.947000,19.628050,,22.362913,22.432226,-0.069312,0.337755,-0.407067,38.894176,23.030000,25.671969,20.388031,-0.062081,2.219768,0.110656,-0.034649,-0.197279,0.038840,0.242105,,,0.892638,-0.235810,-0.235810,0.498133,60590.000000,1029077.948700,0.315387
2018-11-19,19.860001,20.799999,18.049999,20.520000,48500,0.000000,0.000000,19.860001,20.799999,18.049999,20.520000,22.914500,22.849600,19.675250,,22.079388,22.290569,-0.211181,0.227968,-0.439149,41.430980,22.914500,25.785344,20.043656,0.082962,2.257645,0.110022,0.022931,-0.114372,-0.016299,0.147651,,,0.851490,-0.218286,-0.218286,0.532487,60490.000000,995220.000000,0.253348
2018-11-20,20.150000,22.299999,18.622000,22.090000,62100,0.000000,0.000000,20.150000,22.299999,18.622000,22.090000,22.891000,22.782600,19.740150,,22.081021,22.275711,-0.194690,0.143436,-0.338126,49.184918,22.891000,25.781689,20.000312,0.361452,2.359109,0.106795,0.076511,0.002269,-0.032413,0.112846,,,0.828541,-0.158476,-0.158476,0.649739,60235.000000,1371789.000000,0.237104
2018-11-21,22.120001,23.280001,20.629999,21.670000,38300,0.000000,0.000000,22.120001,23.280001,20.629999,21.670000,22.919500,22.703400,19.808550,,22.017787,22.230841,-0.213054,0.072138,-0.285192,47.377892,22.919500,25.746375,20.092626,0.278996,2.379889,0.109824,-0.019013,-0.019901,-0.039450,0.090589,,,0.830175,-0.174476,-0.174476,0.618372,59535.000000,829961.000000,0.205613
2018-11-23,21.120001,22.500000,21.120001,22.260000,11600,0.000000,0.000000,21.120001,22.500000,21.120001,22.260000,22.839500,22.623600,19.881150,,22.055050,22.233001,-0.177951,0.022120,-0.200071,50.148639,22.839500,25.644784,20.034216,0.396713,2.308462,0.103704,0.027227,0.071222,0.054976,0.130523,0.484000,,0.801340,-0.152000,-0.152000,0.662435,57720.000000,258216.000000,0.257254
2018-11-26,22.280001,23.920000,22.260000,23.290001,67300,0.000000,0.000000,22.280001,23.920000,22.260000,23.290001,22.812500,22.590600,19.963950,,22.245043,22.311301,-0.066259,0.004444,-0.070703,54.639003,22.812500,25.587880,20.037121,0.586024,2.262140,0.097129,0.046271,0.161017,-0.023889,0.238830,0.444789,,0.676190,-0.112762,-0.112762,0.739358,59415.000000,1567417.067300,0.355575
2018-11-27,23.150000,23.610001,22.469999,22.760000,14100,0.000000,0.000000,23.150000,23.610001,22.469999,22.760000,22.739500,22.540200,20.040450,,22.324267,22.344540,-0.020273,-0.000499,-0.019774,52.041375,22.739500,25.434646,20.044355,0.503803,2.181982,0.095869,-0.022757,0.109162,-0.044901,0.142570,0.379394,,0.680670,-0.132952,-0.132952,0.699776,52315.000000,320916.000000,0.260545
2018-11-28,22.910000,25.000000,22.129999,24.000000,78300,0.000000,0.000000,22.910000,25.000000,22.129999,24.000000,22.834000,22.508000,20.132400,,22.582072,22.467172,0.114900,0.022581,0.092319,57.171593,22.834000,25.568462,20.099539,0.713205,2.231129,0.092964,0.054482,0.086464,-0.009083,0.273885,0.372213,,0.705488,-0.085714,-0.085714,0.792382,52305.000000,1879200.000000,0.374765
2018-11-29,23.580000,25.670000,23.120001,24.639999,41100,0.000000,0.000000,23.580000,25.670000,23.120001,24.639999,22.891500,22.495200,20.224900,,22.898676,22.628129,0.270547,0.072174,0.198373,59.575179,22.891500,25.730412,20.052588,0.807952,2.253907,0.091473,0.026667,0.137056,0.114428,0.436735,0.253944,,0.633879,-0.061333,-0.061333,0.840179,49930.000000,1012703.958900,0.537531
2018-11-30,25.059999,25.621000,22.559999,24.360001,78100,0.000000,0.000000,25.059999,25.621000,22.559999,24.360001,22.938000,22.496600,20.311900,,23.123495,22.756421,0.367075,0.131154,0.235920,58.040494,22.938000,25.843730,20.032270,0.744689,2.311560,0.094892,-0.011364,0.094340,0.037037,0.432099,0.392000,,0.601755,-0.072000,-0.072000,0.819268,51235.000000,1902516.078100,0.528159
2018-12-03,24.709999,25.540001,23.660000,24.809999,49500,0.000000,0.000000,24.709999,25.540001,23.660000,24.809999,22.985500,22.509000,20.400500,,23.382957,22.908543,0.474414,0.199806,0.274608,59.831432,22.985500,25.984261,19.986739,0.804209,2.280732,0.091928,0.018473,0.065264,0.058899,0.240500,0.438261,,0.603969,-0.054857,-0.054857,0.852875,52505.000000,1228094.950500,0.320802
2018-12-04,24.700001,25.490000,24.049999,24.580000,38600,0.000000,0.000000,24.700001,25.490000,24.049999,24.580000,23.035000,22.517800,20.488500,,23.567118,23.032359,0.534759,0.266797,0.267962,58.458040,23.035000,26.107551,19.962449,0.751420,2.220677,0.090345,-0.009270,0.079965,0.030176,0.234555,0.409404,,0.602944,-0.063619,-0.063619,0.835698,52920.000000,948788.000000,0.339211
2018-12-06,24.049999,24.885000,22.502001,24.170000,30000,0.000000,0.000000,24.049999,24.885000,22.502001,24.170000,23.065500,22.509200,20.577200,,23.659869,23.116631,0.543238,0.322085,0.221153,55.990731,23.065500,26.171918,19.959083,0.677777,2.232272,0.092357,-0.016680,0.007083,0.024587,0.198909,0.252332,,0.604732,-0.079238,-0.079238,0.805078,53645.000000,725100.000000,0.291613
2018-12-07,24.270000,24.681000,22.730000,24.090000,56000,0.000000,0.000000,24.270000,24.681000,22.730000,24.090000,23.045500,22.506600,20.666100,,23.726043,23.188735,0.537308,0.365130,0.172179,55.498519,23.045500,26.118270,19.972730,0.669961,2.212180,0.091830,-0.003310,-0.022321,0.022496,0.049673,0.284115,,0.604906,-0.082286,-0.082286,0.799104,44085.000000,1349040.000000,0.167773
2018-12-10,24.350000,26.500000,22.666000,25.650000,204100,0.000000,0.000000,24.350000,26.500000,22.666000,25.650000,23.102000,22.560000,20.770100,,24.022036,23.371055,0.650981,0.422300,0.228681,62.433638,23.102000,26.326724,19.877276,0.895073,2.328029,0.090761,0.064757,0.052956,0.047366,0.010240,0.481803,,0.630567,-0.022857,-0.022857,0.915609,53335.000000,5235165.000000,0.124276
2018-12-11,26.240000,28.660000,25.540001,26.860001,114500,0.000000,0.000000,26.240000,28.660000,25.540001,26.860001,23.195500,22.582200,20.884700,,24.458646,23.629502,0.829144,0.503669,0.325475,66.760559,23.195500,26.743003,19.647997,1.016490,2.384601,0.088779,0.047174,0.082628,0.095432,0.055818,0.525270,,0.648803,0.000000,0.000000,1.005975,57430.000000,3075470.114500,0.173804
2018-12-12,27.770000,30.000000,27.670000,28.770000,95000,0.000000,0.000000,27.770000,30.000000,27.670000,28.770000,23.475500,22.664800,21.018300,,25.121931,24.010288,1.111643,0.625264,0.486380,72.203169,23.475500,27.811011,19.139990,1.110597,2.438559,0.084760,0.071109,0.170464,0.151261,0.122513,0.520613,,0.686786,0.000000,0.000000,1.148618,59920.000000,2733150.000000,0.230118
2018-12-13,29.270000,29.850000,26.899000,26.990000,82400,0.000000,0.000000,29.270000,29.850000,26.899000,26.990000,23.723000,22.713200,21.138200,,25.409327,24.231012,1.178314,0.735874,0.442441,62.012468,23.723000,28.273304,19.172696,0.858987,2.475163,0.091707,-0.061870,0.116674,0.164868,0.028190,0.443315,,0.671491,-0.061870,-0.061870,1.015683,61025.000000,2223976.000000,0.145911
2018-12-14,26.330000,29.990000,25.900000,26.250000,75400,0.000000,0.000000,26.330000,29.990000,25.900000,26.250000,23.930000,22.751800,21.249400,,25.538661,24.380570,1.158091,0.820317,0.337774,58.326831,23.930000,28.547518,19.312482,0.751217,2.590512,0.098686,-0.027418,0.089664,0.191016,0.052526,0.396277,,0.652494,-0.087591,-0.087591,0.960418,63180.000000,1979250.000000,0.189776
2018-12-17,25.670000,26.950001,23.490000,23.840000,67100,0.000000,0.000000,25.670000,26.950001,23.490000,23.840000,24.083000,22.748200,21.333800,,25.277329,24.340527,0.936802,0.843614,0.093187,48.265788,24.083000,28.457434,19.708566,0.472225,2.652620,0.111268,-0.091810,-0.070565,0.078245,-0.056962,0.112459,,0.740494,-0.171359,-0.171359,0.780433,65165.000000,1599664.000000,0.087680
2018-12-18,24.309999,26.327999,22.430000,22.500000,63100,0.000000,0.000000,24.309999,26.327999,22.430000,22.500000,24.205000,22.737600,21.403400,,24.850047,24.204189,0.645858,0.804063,-0.158205,43.747252,24.205000,28.229088,20.180912,0.288151,2.741578,0.121848,-0.056208,-0.162323,0.082772,-0.121437,-0.121094,,0.736258,-0.217935,-0.217935,0.680358,65755.000000,1419750.000000,0.025896
2018-12-19,23.000000,25.261999,20.190001,20.209999,235800,0.000000,0.000000,23.000000,25.261999,20.190001,20.209999,24.189500,22.702200,21.449500,,24.136194,23.908319,0.227875,0.688825,-0.460950,37.317597,24.189500,28.275267,20.103733,0.013004,2.908041,0.143891,-0.101778,-0.297532,0.007478,-0.200554,-0.103769,,0.814200,-0.297532,-0.297532,0.509335,75120.000000,4765517.764200,-0.035371
2018-12-20,21.719999,23.000000,18.330000,19.639999,202000,0.000000,0.000000,21.719999,23.000000,18.330000,19.639999,24.067000,22.699000,21.488900,,23.444471,23.592143,-0.147671,0.521526,-0.669197,35.903129,24.067000,28.545816,19.588183,0.005785,3.033897,0.154475,-0.028204,-0.272323,-0.042885,-0.191437,-0.152352,,0.816605,-0.317344,-0.317344,0.466766,82115.000000,3967279.798000,-0.004619
2018-12-21,19.680000,20.480000,17.160000,19.200001,245300,0.000000,0.000000,19.680000,20.480000,17.160000,19.200001,23.943500,22.713000,21.518500,,22.791476,23.266794,-0.475318,0.322157,-0.797476,34.806401,23.943500,28.819242,19.067758,0.013561,3.054334,0.159080,-0.022403,-0.268571,-0.130828,-0.206284,-0.111933,,0.769103,-0.332638,-0.332638,0.433906,92465.000000,4709760.245300,0.000800
2018-12-24,19.100000,19.900000,18.200001,18.910000,10800,0.000000,0.000000,19.100000,19.900000,18.200001,18.910000,23.776000,22.734000,21.541200,,22.194326,22.944065,-0.749739,0.107778,-0.857517,34.067743,23.776000,29.104412,18.447588,0.043391,2.957594,0.156404,-0.015104,-0.206795,-0.127365,-0.216653,-0.042532,,0.768358,-0.342718,-0.342718,0.412248,92425.000000,204228.000000,0.008578
2018-12-26,18.809999,21.549999,18.760000,21.260000,33500,0.000000,0.000000,18.809999,21.549999,18.760000,21.260000,23.674500,22.792000,21.597300,,22.050583,22.819318,-0.768735,-0.067525,-0.701210,44.370283,23.674500,29.117988,18.231012,0.278221,2.945623,0.138552,0.124273,-0.055111,-0.044924,-0.135772,-0.022978,,0.884884,-0.261036,-0.261036,0.587752,90735.000000,712210.000000,0.045697
2018-12-27,20.730000,24.320000,18.674999,23.730000,93100,0.000000,0.000000,20.730000,24.320000,18.674999,23.730000,23.723000,22.905400,21.681600,,22.308955,22.886777,-0.577821,-0.169584,-0.408237,52.730887,23.723000,29.149439,18.296561,0.500645,3.138438,0.132256,0.116181,0.174171,0.018892,-0.020231,0.284091,,0.961478,-0.175182,-0.175182,0.772218,94685.000000,2209263.000000,0.156341
2018-12-28,23.940001,24.209999,20.514999,21.340000,174000,0.000000,0.000000,23.940001,24.209999,20.514999,21.340000,23.590000,22.966200,21.743500,,22.159885,22.772199,-0.612314,-0.258130,-0.354184,45.590940,23.590000,29.117307,18.062693,0.296465,3.178193,0.148931,-0.100716,0.086558,-0.062390,-0.071366,0.350633,,1.023337,-0.258255,-0.258255,0.593727,99470.000000,3713160.000000,0.109864
2018-12-31,21.379999,22.990000,21.379999,22.969999,53600,0.000000,0.000000,21.379999,22.990000,21.379999,22.969999,23.506500,23.042600,21.821200,,22.284518,22.786851,-0.502333,-0.306971,-0.195363,50.512467,23.506500,29.017451,17.995549,0.451324,3.069035,0.133611,0.076382,0.196354,-0.042917,-0.107961,0.472436,,1.040984,-0.201599,-0.201599,0.715459,100095.000000,1231191.946400,0.067407
2019-01-02,22.330000,22.555000,20.815001,21.600000,68900,0.000000,0.000000,22.330000,22.555000,20.815001,21.600000,23.368500,23.088400,21.882400,,22.179208,22.698936,-0.519728,-0.349522,-0.170206,46.689786,23.368500,28.927479,17.809521,0.340933,3.003746,0.139062,-0.059643,0.142253,-0.123377,-0.123377,0.456507,,1.055900,-0.249218,-0.249218,0.613144,99635.000000,1488240.000000,0.047248
2019-01-03,21.490000,22.110001,20.570000,20.990000,23600,0.000000,0.000000,21.490000,22.110001,20.570000,20.990000,23.177500,23.091000,21.950500,,21.996253,22.572347,-0.576094,-0.394837,-0.181258,45.054833,23.177500,28.790181,17.564819,0.305129,2.899192,0.138123,-0.028241,-0.012700,-0.138342,-0.145706,0.399333,,1.058964,-0.270421,-0.270421,0.567588,98340.000000,495364.000000,0.046311
2019-01-04,21.280001,22.100000,20.235001,21.450001,37900,0.000000,0.000000,21.280001,22.100000,20.235001,21.450001,23.021000,23.063400,22.021200,,21.912214,22.489210,-0.576996,-0.431268,-0.145727,46.574150,23.021000,28.643563,17.398437,0.360295,2.825320,0.131717,0.021915,-0.096081,-0.135429,-0.118010,0.429047,,1.059991,-0.254432,-0.254432,0.601942,98305.000000,812955.037900,0.042266
2019-01-07,21.559999,23.129999,21.084999,22.280001,32400,0.000000,0.000000,21.559999,23.129999,21.084999,22.280001,22.926500,23.057800,22.110100,,21.968796,22.473713,-0.504916,-0.445998,-0.058918,49.298385,22.926500,28.531255,17.321745,0.442326,2.769582,0.124308,0.038695,0.044049,-0.093572,-0.072440,0.474520,,1.070415,-0.225582,-0.225582,0.663928,98425.000000,721872.032400,0.061584
2019-01-08,22.490000,22.930000,20.299999,20.680000,43400,0.000000,0.000000,22.490000,22.930000,20.299999,20.680000,22.756000,23.049400,22.177900,,21.770520,22.340844,-0.570324,-0.470863,-0.099461,44.579345,22.756000,28.418893,17.093107,0.316701,2.759612,0.133444,-0.071813,-0.099695,-0.144394,-0.102041,0.396825,,1.096330,-0.281196,-0.281196,0.544436,97795.000000,897512.000000,0.012417
2019-01-09,20.750000,21.170000,18.700001,20.190001,45800,0.000000,0.000000,20.750000,21.170000,18.700001,20.190001,22.483000,22.976000,22.239600,,21.527363,22.181522,-0.654158,-0.507522,-0.146636,43.215027,22.483000,28.084564,16.881436,0.295325,2.738925,0.135658,-0.023694,-0.065278,-0.161893,-0.081438,0.311891,,1.098173,-0.298227,-0.298227,0.507842,89880.000000,924702.045800,0.019244
2019-01-10,20.000000,20.190001,17.715000,19.230000,55900,0.000000,0.000000,20.000000,20.190001,17.715000,19.230000,22.101500,22.884000,22.283400,,21.173923,21.962889,-0.788966,-0.563811,-0.225155,40.593812,22.101500,27.482876,16.720124,0.233200,2.720073,0.141449,-0.047548,-0.083849,-0.250292,-0.028788,0.227969,,1.075527,-0.331595,-0.331595,0.436146,86950.000000,1074957.000000,0.068388
2019-01-11,18.889999,19.620001,18.330000,18.520000,24900,0.000000,0.000000,18.889999,19.620001,18.330000,18.520000,21.589000,22.770000,22.318300,,20.765627,21.707859,-0.942232,-0.639495,-0.302737,38.723089,21.589000,26.192463,16.985537,0.166664,2.617924,0.141357,-0.036921,-0.136597,-0.310499,0.001081,0.161129,,1.057052,-0.356274,-0.356274,0.383122,83445.000000,461148.000000,0.061788
2019-01-14,18.290001,18.350000,16.420000,16.540001,237300,0.000000,0.000000,18.290001,18.350000,16.420000,16.540001,21.066500,22.658600,22.322200,,20.115531,21.325053,-1.209522,-0.753501,-0.456022,34.015319,21.066500,25.456029,16.676971,-0.015602,2.580930,0.156042,-0.106911,-0.257630,-0.425096,-0.073908,0.048162,,1.053215,-0.425096,-0.425096,0.235250,91190.000000,3924942.237300,-0.016174
2019-01-15,16.570000,17.959000,16.250000,16.370001,36400,0.000000,0.000000,16.570000,17.959000,16.250000,16.370001,20.572500,22.516200,22.307100,,19.539295,20.958011,-1.418715,-0.886544,-0.532172,33.637195,20.572500,24.723101,16.421899,-0.006252,2.518648,0.153858,-0.010278,-0.208414,-0.393479,-0.108388,0.069935,,1.044938,-0.431004,-0.431004,0.222554,89240.000000,595868.036400,-0.045287
2019-01-16,16.370001,17.532000,15.620000,15.930000,44400,0.000000,0.000000,16.370001,17.532000,15.620000,15.930000,20.177000,22.366200,22.267900,,18.984019,20.585564,-1.601545,-1.029544,-0.572001,32.626277,20.177000,24.519650,15.834350,0.011013,2.475316,0.155387,-0.026878,-0.210996,-0.393143,-0.117940,0.048026,,1.044901,-0.446298,-0.446298,0.189694,88105.000000,707292.000000,-0.064641
2019-01-17,15.910000,16.930000,15.750000,15.860000,49200,0.000000,0.000000,15.910000,16.930000,15.750000,15.860000,19.845000,22.206200,22.227800,,18.503401,20.235521,-1.732120,-1.170059,-0.562061,32.459143,19.845000,24.447381,15.242619,0.067072,2.382793,0.150239,-0.004394,-0.175247,-0.334732,-0.133333,0.040000,,1.014175,-0.448731,-0.448731,0.184466,87410.000000,780312.000000,-0.059953
2019-01-18,15.970000,16.719999,15.520000,15.750000,33200,0.000000,0.000000,15.970000,16.719999,15.520000,15.750000,19.622000,22.049400,22.188400,,18.079801,19.903259,-1.823458,-1.300739,-0.522719,32.180170,19.622000,24.569202,14.674799,0.108668,2.298307,0.145924,-0.006936,-0.149568,-0.300000,-0.177546,0.022727,,1.004675,-0.452555,-0.452555,0.176251,77280.000000,522900.000000,-0.114025
2019-01-22,15.090000,15.550000,14.440000,14.710000,62900,0.000000,0.000000,15.090000,15.550000,14.440000,14.710000,19.375500,21.872400,22.147500,,17.561370,19.518572,-1.957202,-1.432032,-0.525171,29.590726,19.375500,24.788302,13.962699,0.069031,2.227714,0.151442,-0.066032,-0.110641,-0.272142,-0.238219,-0.045425,,0.972879,-0.488704,-0.488704,0.098581,70325.000000,925259.000000,-0.176125
2019-01-23,14.760000,16.190001,14.400000,15.760000,36500,0.000000,0.000000,14.760000,16.190001,14.400000,15.760000,19.203500,21.697800,22.105900,,17.284236,19.240159,-1.955923,-1.536810,-0.419113,35.255250,19.203500,24.853220,13.553780,0.195250,2.196448,0.139369,0.071380,-0.037263,-0.197556,-0.244487,0.050667,,1.013890,-0.452207,-0.452207,0.176998,59885.000000,575240.000000,-0.187666
2019-01-24,15.710000,16.016001,14.000000,14.240000,42600,0.000000,0.000000,15.710000,16.016001,14.000000,14.240000,18.970000,21.492200,22.059900,,16.815892,18.869775,-2.053883,-1.640225,-0.413659,31.326259,18.970000,25.041098,12.898902,0.110449,2.183559,0.153340,-0.096447,-0.106089,-0.258333,-0.376259,-0.058824,,1.058153,-0.505040,-0.505040,0.063480,61475.000000,606624.000000,-0.323349
2019-01-25,14.500000,16.610001,14.500000,16.590000,154200,0.000000,0.000000,14.500000,16.610001,14.500000,16.590000,18.736500,21.324200,22.054300,,16.781139,18.700903,-1.919763,-1.696132,-0.223631,42.074470,18.736500,24.795968,12.677033,0.322880,2.196876,0.132422,0.165028,0.046028,-0.122686,-0.264628,0.077273,,1.222754,-0.423358,-0.423358,0.238984,67510.000000,2558178.000000,-0.227965
2019-01-28,16.540001,16.540001,15.610000,15.980000,104600,0.000000,0.000000,16.540001,16.540001,15.610000,15.980000,18.349000,21.180400,22.044000,,16.657887,18.499354,-1.841467,-1.725199,-0.116268,40.310815,18.349000,24.044180,12.653821,0.292017,2.109956,0.132037,-0.036769,0.014603,-0.248354,-0.242654,0.028314,,1.134892,-0.444560,-0.444560,0.193428,68085.000000,1671508.000000,-0.239458
2019-01-29,15.770000,15.860000,14.030000,15.320000,98100,0.000000,0.000000,15.770000,15.860000,14.030000,15.320000,18.048000,21.046000,21.997200,,16.452058,18.263846,-1.811787,-1.742517,-0.069271,38.433637,18.048000,23.713841,12.382159,0.259259,2.098531,0.136980,-0.041302,0.041468,-0.354404,-0.357921,-0.017949,,1.039406,-0.467501,-0.467501,0.144137,64290.000000,1502892.000000,-0.318288
2019-01-30,15.440000,15.620000,14.740000,15.500000,39900,0.000000,0.000000,15.440000,15.620000,14.740000,15.500000,17.674500,20.913800,21.953100,,16.305588,18.059116,-1.753528,-1.744719,-0.008809,39.264331,17.674500,22.945264,12.403737,0.293721,2.011493,0.129774,0.011749,-0.016497,-0.273664,-0.349559,-0.012739,,0.999745,-0.461244,-0.461244,0.157580,63605.000000,618450.000000,-0.351774
2019-01-31,15.540000,15.970000,15.100000,15.110000,37400,0.000000,0.000000,15.540000,15.970000,15.100000,15.110000,17.350000,20.800400,21.902600,,16.121651,17.840663,-1.719011,-1.739578,0.020566,38.065907,17.350000,22.397576,12.302424,0.278111,1.929957,0.127727,-0.025161,0.061096,-0.342185,-0.376135,-0.069581,,0.945417,-0.474800,-0.474800,0.128454,62030.000000,565114.000000,-0.408964
2019-02-01,15.150000,16.719999,14.990000,16.650000,68400,0.000000,0.000000,15.150000,16.719999,14.990000,16.650000,17.133000,20.732200,21.839600,,16.202936,17.752465,-1.549530,-1.701568,0.152038,45.181050,17.133000,21.886265,12.379736,0.449193,1.915675,0.115056,0.101919,0.003617,-0.229167,-0.246947,0.000601,,1.018785,-0.421272,-0.421272,0.243465,64270.000000,1138860.000000,-0.261220
2019-02-04,16.889999,18.290001,16.889999,17.180000,62600,0.000000,0.000000,16.889999,18.290001,16.889999,17.180000,16.919500,20.665400,21.757500,,16.353253,17.710060,-1.356807,-1.632616,0.275809,47.419851,16.919500,21.218173,12.620827,0.530300,1.895983,0.110360,0.031832,0.075094,-0.181515,-0.268625,0.097764,,1.026761,-0.402850,-0.402850,0.283047,65505.000000,1075468.000000,-0.274324
2019-02-05,17.180000,18.500000,17.180000,17.559999,159300,0.000000,0.000000,17.180000,18.500000,17.180000,17.559999,16.683500,20.574800,21.678700,,16.538906,17.698945,-1.160038,-1.538100,0.378062,49.027216,16.683500,20.187923,13.179077,0.625056,1.854842,0.105629,0.022119,0.146214,-0.181352,-0.250534,0.147712,,1.026835,-0.389642,-0.389642,0.311426,71850.000000,2797307.840700,-0.246232
2019-02-06,17.459999,17.790001,16.219999,16.760000,37700,0.000000,0.000000,17.459999,17.790001,16.219999,16.760000,16.487500,20.476600,21.590000,,16.572921,17.629393,-1.056472,-1.441775,0.385302,45.849474,16.487500,19.446881,13.528120,0.546040,1.834496,0.109457,-0.045558,0.081290,-0.247756,-0.297569,0.106271,,1.020493,-0.417449,-0.417449,0.251680,71565.000000,631852.000000,-0.300055
2019-02-07,16.690001,17.895000,15.550000,16.020000,30200,0.000000,0.000000,16.690001,17.895000,15.550000,16.020000,16.279000,20.351800,21.487700,,16.487856,17.510179,-1.022323,-1.357884,0.335562,43.068673,16.279000,18.673765,13.884235,0.445924,1.870961,0.116789,-0.044153,0.060225,-0.225338,-0.320899,0.053947,,1.004282,-0.443170,-0.443170,0.196415,70785.000000,483804.000000,-0.315373
2019-02-08,16.010000,16.913000,16.010000,16.510000,93700,0.000000,0.000000,16.010000,16.913000,16.010000,16.510000,16.143000,20.216200,21.403400,,16.491263,17.436091,-0.944828,-1.275273,0.330445,45.428866,16.143000,18.101292,14.184708,0.593704,1.801820,0.109135,0.030587,-0.008408,-0.182268,-0.299236,0.066537,,1.012685,-0.426138,-0.426138,0.233010,72675.000000,1546987.000000,-0.288694
2019-02-11,16.600000,17.110001,15.795000,16.180000,20400,0.000000,0.000000,16.600000,17.110001,15.795000,16.180000,16.026000,20.084600,21.312400,,16.443376,17.343047,-0.899671,-1.200153,0.300482,44.102801,16.026000,17.634744,14.417256,0.547863,1.767048,0.109212,-0.019988,-0.058207,-0.158606,-0.339322,0.141044,,1.003462,-0.437609,-0.437609,0.208364,72450.000000,330072.000000,-0.304603
2019-02-12,16.290001,16.900000,15.556000,16.040001,38300,0.000000,0.000000,16.290001,16.900000,15.556000,16.040001,16.001000,19.925400,21.216700,,16.381319,17.246525,-0.865207,-1.133164,0.267957,43.522382,16.001000,17.591550,14.410450,0.512260,1.736830,0.108281,-0.008653,-0.086560,-0.133909,-0.345840,0.115438,,0.997366,-0.442475,-0.442475,0.197909,62500.000000,614332.038300,-0.330402
2019-02-13,16.080000,17.150000,15.610000,16.379999,58500,0.000000,0.000000,16.080000,17.150000,15.610000,16.379999,16.001500,19.760200,21.127700,,16.381116,17.182338,-0.801223,-1.066775,0.265553,45.401659,16.001500,17.592544,14.410456,0.618947,1.722771,0.105175,0.021197,-0.022673,-0.009674,-0.344538,0.223301,,0.928791,-0.430657,-0.430657,0.223301,63605.000000,958229.941500,-0.346358
2019-02-14,16.400000,17.000000,15.690000,16.490000,30100,0.000000,0.000000,16.400000,17.000000,15.690000,16.490000,16.029500,19.602800,21.049700,,16.397867,17.131054,-0.733187,-1.000058,0.266871,46.027397,16.029500,17.634892,14.424108,0.643423,1.693287,0.102686,0.006716,0.029338,0.007330,-0.288304,0.186331,,0.928031,-0.426834,-0.426834,0.231516,62890.000000,496349.000000,-0.319700
2019-02-15,16.580000,18.350000,14.650000,18.320000,29700,0.000000,0.000000,16.580000,18.350000,14.650000,18.320000,16.152500,19.473000,20.991000,,16.693580,17.219124,-0.525544,-0.905155,0.379611,55.221721,16.152500,18.053036,14.251964,1.070234,1.836624,0.100252,0.110976,0.109631,0.150031,-0.168784,0.306705,,0.994613,-0.363226,-0.363226,0.368185,61915.000000,544104.000000,-0.206493
2019-02-19,18.389999,19.750000,17.200001,17.400000,38200,0.000000,0.000000,18.389999,19.750000,17.200001,17.400000,16.235000,19.329400,20.923600,,16.802260,17.232522,-0.430262,-0.810176,0.379914,50.558736,16.235000,18.203986,14.266014,0.795838,1.887579,0.108482,-0.050218,0.075402,0.097100,-0.213026,0.171717,,1.014555,-0.395203,-0.395203,0.299477,62165.000000,664680.000000,-0.262123
2019-02-20,17.500000,18.259001,17.219999,18.010000,85800,0.000000,0.000000,17.500000,18.259001,17.219999,18.010000,16.400000,19.206200,20.857700,,16.988066,17.290113,-0.302047,-0.708551,0.406503,53.370272,16.400000,18.383925,14.416075,0.905761,1.826966,0.101442,0.035057,0.122818,0.143492,-0.133301,0.198270,,1.018076,-0.374001,-0.374001,0.345034,63310.000000,1545258.000000,-0.164991
2019-02-21,17.450001,17.981001,16.330000,16.959999,32300,0.000000,0.000000,17.450001,17.981001,16.330000,16.959999,16.460000,19.063600,20.785100,,16.983748,17.265660,-0.281912,-0.623223,0.341311,48.280796,16.460000,18.434991,14.485009,0.626583,1.816469,0.107103,-0.058301,0.035409,0.152957,-0.154536,0.050155,,1.011293,-0.410497,-0.410497,0.266617,63100.000000,547807.967700,-0.183764
2019-02-22,17.190001,19.110001,16.120001,18.570000,120100,0.000000,0.000000,17.190001,19.110001,16.120001,18.570000,16.676500,18.922000,20.741000,,17.227787,17.362278,-0.134491,-0.525477,0.390985,55.316981,16.676500,18.574646,14.778354,0.998776,1.900293,0.102331,0.094929,0.126137,0.178299,-0.095029,0.038591,,1.032756,-0.354536,-0.354536,0.386856,66975.000000,2230257.000000,-0.166035
2019-02-25,18.549999,19.723000,18.200001,18.510000,121200,0.000000,0.000000,18.549999,19.723000,18.200001,18.510000,16.772500,18.755000,20.668600,,17.425050,17.447295,-0.022244,-0.424830,0.402586,55.016589,16.772500,18.838973,14.706027,0.920402,1.873343,0.101207,-0.003231,0.010371,0.299860,-0.162064,-0.067506,,0.959846,-0.356621,-0.356621,0.382375,65325.000000,2243412.000000,-0.255516
2019-02-26,18.520000,19.690001,17.799999,18.299999,57100,0.000000,0.000000,18.520000,19.690001,17.799999,18.299999,16.888500,18.545600,20.605200,,17.559658,17.510458,0.049200,-0.330024,0.379224,53.913071,16.888500,19.026874,14.750126,0.830040,1.874533,0.102433,-0.011345,0.051724,0.103074,-0.155515,-0.079014,,0.790156,-0.363921,-0.363921,0.366691,62950.000000,1044929.942900,-0.238278
2019-02-27,18.280001,18.930000,17.850000,18.000000,88400,0.000000,0.000000,18.280001,18.930000,17.850000,18.000000,17.022500,18.365800,20.539500,,17.627403,17.546720,0.080682,-0.247883,0.328565,52.299218,17.022500,19.081430,14.963570,0.737381,1.817781,0.100988,-0.016393,-0.000555,0.126408,-0.191375,-0.085830,,0.779394,-0.374348,-0.374348,0.344287,62465.000000,1591200.000000,-0.280081
2019-02-28,18.200001,19.350000,17.889999,18.620001,98700,0.000000,0.000000,18.200001,19.350000,17.889999,18.620001,17.178500,18.213200,20.482500,,17.780110,17.626223,0.153888,-0.167529,0.321416,55.278705,17.178500,19.224469,15.132531,0.852278,1.792225,0.096253,0.034444,0.097877,0.215405,-0.200515,-0.009574,,0.764520,-0.352798,-0.352798,0.390590,65405.000000,1837794.098700,-0.264154
2019-03-01,18.830000,19.000000,17.540001,17.760000,99600,0.000000,0.000000,18.830000,19.000000,17.540001,17.760000,17.311000,18.091600,20.419900,,17.777016,17.636132,0.140884,-0.105846,0.246730,50.561078,17.311000,19.122761,15.499238,0.623913,1.768494,0.099577,-0.046187,-0.043619,0.145806,-0.219684,-0.108434,,0.789182,-0.382690,-0.382690,0.326363,68515.000000,1768896.000000,-0.292064
2019-03-04,17.950001,18.830000,17.379999,18.129999,99200,0.000000,0.000000,17.950001,18.830000,17.379999,18.129999,17.385000,18.004200,20.370900,,17.831321,17.672715,0.158607,-0.052956,0.211562,52.441604,17.385000,19.203970,15.566030,0.704786,1.745745,0.096290,0.020833,-0.020529,0.199868,-0.244583,-0.037686,,0.781132,-0.369830,-0.369830,0.353995,70055.000000,1798495.900800,-0.283804
2019-03-05,18.129999,18.129999,17.480000,17.860001,56500,0.000000,0.000000,18.129999,18.129999,17.480000,17.860001,17.419000,17.957200,20.329700,,17.835734,17.686588,0.149146,-0.012535,0.161681,50.919518,17.419000,19.247233,15.590766,0.620609,1.667477,0.093364,-0.014892,-0.024044,0.072673,-0.275162,0.041399,,0.709119,-0.379214,-0.379214,0.333831,69750.000000,1009090.056500,-0.316861
2019-03-06,18.049999,18.510000,16.049999,16.490000,109500,0.000000,0.000000,18.049999,18.510000,16.049999,16.490000,17.365500,17.894200,20.296600,,17.628698,17.597952,0.030746,-0.003879,0.034625,43.949108,17.365500,19.238437,15.492563,0.266276,1.724086,0.104553,-0.076708,-0.083889,-0.040163,-0.323071,-0.030570,,0.754219,-0.426834,-0.426834,0.231516,67260.000000,1805655.000000,-0.346995
2019-03-07,16.480000,16.790001,15.860000,15.890000,121600,0.000000,0.000000,16.480000,16.790001,15.860000,15.890000,17.322000,17.828000,20.270500,,17.361206,17.471437,-0.110231,-0.025149,-0.085082,41.283677,17.322000,19.292045,15.351955,0.136557,1.667366,0.104932,-0.036386,-0.146617,-0.095102,-0.359532,-0.205500,,0.758941,-0.447689,-0.447689,0.186706,71455.000000,1932224.000000,-0.356838
2019-03-08,15.880000,16.450001,15.000000,15.700000,101100,0.000000,0.000000,15.880000,16.450001,15.000000,15.700000,17.306000,17.763800,20.248900,,17.105636,17.340219,-0.234584,-0.067036,-0.167547,40.447126,17.306000,19.325155,15.286845,0.102309,1.651840,0.105213,-0.011957,-0.115991,-0.063246,-0.361269,-0.211452,,0.744365,-0.454293,-0.454293,0.172517,75000.000000,1587270.000000,-0.396153
2019-03-11,16.090000,16.290001,15.160000,15.910000,104600,0.000000,0.000000,16.090000,16.290001,15.160000,15.910000,17.276000,17.656800,20.224400,,16.921692,17.234277,-0.312585,-0.116146,-0.196439,41.849670,17.276000,19.361684,15.190315,0.172530,1.614565,0.101481,0.013376,-0.122449,-0.006866,-0.341746,-0.210813,,0.729931,-0.446993,-0.446993,0.188200,75545.000000,1664186.000000,-0.393191
2019-03-12,15.980000,16.809999,15.890000,16.129999,56200,0.000000,0.000000,15.980000,16.809999,15.890000,16.129999,17.273500,17.504800,20.205100,,16.799893,17.152479,-0.352586,-0.163434,-0.189152,43.354762,17.273500,19.364828,15.182172,0.226609,1.564954,0.097021,0.013828,-0.096865,-0.023016,-0.330428,-0.297168,,0.723554,-0.439347,-0.439347,0.204630,77335.000000,906505.943800,-0.419645
2019-03-13,16.500000,17.809999,16.490000,17.490000,183500,0.000000,0.000000,16.500000,17.809999,16.490000,17.490000,17.346000,17.427800,20.197000,19.516475,16.906063,17.177480,-0.271417,-0.185031,-0.086386,51.680725,17.346000,19.356241,15.335758,0.535817,1.573171,0.089947,0.084315,0.060643,0.080964,-0.318129,-0.311146,,0.775826,-0.392075,-0.392075,0.306199,84595.000000,3209415.000000,-0.406853
2019-03-14,17.500000,18.160000,17.250000,17.570000,82700,0.000000,0.000000,17.500000,18.160000,17.250000,17.570000,17.405500,17.319800,20.181200,19.529325,17.008207,17.206556,-0.198348,-0.187694,-0.010654,52.126486,17.405500,19.365161,15.445838,0.541972,1.525802,0.086841,0.004574,0.105727,0.095386,-0.345867,-0.309355,,0.774282,-0.389294,-0.389294,0.312173,85805.000000,1453039.000000,-0.431063
2019-03-15,17.580000,18.450001,16.871000,18.090000,1106500,0.000000,0.000000,17.580000,18.450001,16.871000,18.090000,17.485500,17.249600,20.169000,19.539175,17.174637,17.271996,-0.097359,-0.169627,0.072268,55.030493,17.485500,19.418248,15.552752,0.656384,1.529602,0.084555,0.029596,0.152229,0.104396,-0.371220,-0.294186,,0.776975,-0.371220,-0.371220,0.351008,139625.000000,20016585.000000,-0.454369
2019-03-18,18.250000,19.580000,18.250000,19.065001,134600,0.000000,0.000000,18.250000,19.580000,18.250000,19.065001,17.522750,17.211100,20.151050,19.552000,17.465462,17.404811,0.060651,-0.123572,0.184222,59.937601,17.522750,19.549642,15.495858,0.880447,1.526773,0.080083,0.053897,0.198303,0.156155,-0.293627,-0.273714,,0.794621,-0.337331,-0.337331,0.423824,144870.000000,2566149.134600,-0.384733
2019-03-19,19.270000,22.040001,18.045000,19.870001,235700,0.000000,0.000000,19.270000,22.040001,18.045000,19.870001,17.646250,17.179500,20.121450,19.563900,17.835391,17.587418,0.247973,-0.049263,0.297236,63.480865,17.646250,19.926779,15.365721,0.987552,1.703075,0.085711,0.042224,0.231866,0.084607,-0.243048,-0.203288,,0.714083,-0.309350,-0.309350,0.483943,154745.000000,4683359.235700,-0.360734
2019-03-20,19.860001,20.785000,18.879999,19.000000,405800,0.000000,0.000000,19.860001,20.785000,18.879999,19.000000,17.695750,17.113900,20.085850,19.560650,18.014562,17.692054,0.322508,0.025092,0.297417,57.556158,17.695750,20.051267,15.340233,0.776850,1.717498,0.090395,-0.043785,0.086335,0.091954,-0.203020,-0.248418,,0.708157,-0.339590,-0.339590,0.418969,170745.000000,7710200.000000,-0.347420
2019-03-21,19.000000,19.490000,18.455000,19.280001,105100,0.000000,0.000000,19.000000,19.490000,18.455000,19.280001,17.811750,17.085900,20.067650,19.569550,18.209245,17.809679,0.399565,0.099986,0.299579,58.886113,17.811750,20.242023,15.381477,0.802075,1.668748,0.086553,0.014737,0.097325,0.070516,-0.143111,-0.247169,,0.700800,-0.329857,-0.329857,0.439881,174385.000000,2026328.105100,-0.298633
2019-03-22,19.000000,19.195000,18.309999,18.510000,127700,0.000000,0.000000,19.000000,19.195000,18.309999,18.510000,17.808750,17.052300,20.014150,19.575850,18.255515,17.861555,0.393960,0.158781,0.235179,53.885632,17.808750,20.235227,15.382273,0.644500,1.618838,0.087457,-0.039938,0.023217,0.091392,-0.084117,-0.267801,,0.682831,-0.356621,-0.356621,0.382375,174765.000000,2363727.000000,-0.235671
2019-03-25,18.770000,18.980000,18.205000,18.700001,143700,0.000000,0.000000,18.770000,18.980000,18.205000,18.700001,17.818250,17.041700,19.962850,19.582150,18.323897,17.923662,0.400235,0.207072,0.193163,54.903270,17.818250,20.257740,15.378760,0.680724,1.558564,0.083346,0.010265,-0.019145,0.007001,-0.047861,-0.230136,,0.600418,-0.350017,-0.350017,0.396565,175890.000000,2687190.143700,-0.217754
2019-03-26,18.709999,19.340000,18.629000,19.129999,102500,0.000000,0.000000,18.709999,19.340000,18.629000,19.129999,17.859750,17.053900,19.911950,19.581300,18.447913,18.013020,0.434893,0.252636,0.182257,57.204954,17.859750,20.361200,15.358301,0.753903,1.498024,0.078308,0.022995,-0.037242,0.033495,-0.003646,-0.209177,,0.604938,-0.335071,-0.335071,0.428678,178160.000000,1960824.897500,-0.218162
2019-03-27,19.120001,19.125000,18.500000,18.900000,179100,0.000000,0.000000,19.120001,19.125000,18.500000,18.900000,17.904750,17.101100,19.879850,19.582000,18.517465,18.078723,0.438742,0.289857,0.148885,55.571171,17.904750,20.448841,15.360660,0.695600,1.436022,0.075980,-0.012023,-0.005263,0.032787,-0.000529,-0.217067,,0.605135,-0.343066,-0.343066,0.411501,182695.000000,3384990.000000,-0.234741
2019-03-28,18.910000,19.090000,18.757999,18.820000,79900,0.000000,0.000000,18.910000,19.090000,18.757999,18.820000,17.914750,17.150100,19.833150,19.589550,18.564009,18.133632,0.430377,0.317961,0.112416,54.982954,17.914750,20.472215,15.357285,0.676982,1.357163,0.072113,-0.004233,-0.023859,0.045556,-0.114770,-0.234959,,0.601877,-0.345846,-0.345846,0.405527,181755.000000,1503718.000000,-0.284856
2019-03-29,18.840000,19.003000,18.660000,18.790001,100200,0.000000,0.000000,18.840000,19.003000,18.660000,18.790001,17.966250,17.207300,19.786750,19.595450,18.598777,18.182252,0.416525,0.337674,0.078851,54.748927,17.966250,20.551921,15.380579,0.659291,1.284723,0.068373,-0.001594,0.015127,0.009130,-0.208175,-0.224195,,0.590855,-0.346889,-0.346889,0.403286,181785.000000,1882758.100200,-0.382935
2019-04-01,18.830000,19.224001,17.860001,18.280001,54800,0.000000,0.000000,18.830000,19.224001,17.860001,18.280001,17.973750,17.255700,19.730950,19.592250,18.549734,18.189493,0.360242,0.342187,0.018054,50.790966,17.973750,20.562290,15.385210,0.559155,1.290386,0.070590,-0.027142,-0.022460,0.029279,-0.143393,-0.204526,,0.575128,-0.364616,-0.364616,0.365198,179565.000000,1001744.054800,-0.332380
2019-04-02,18.340000,18.620001,17.850000,18.000000,146700,0.000000,0.000000,18.340000,18.620001,17.850000,18.000000,17.980750,17.300700,19.675050,19.588750,18.465160,18.175456,0.289704,0.331691,-0.041987,48.708974,17.980750,20.568752,15.392748,0.503719,1.253215,0.069623,-0.015317,-0.059069,-0.007170,-0.216369,-0.300971,,0.573843,-0.374348,-0.374348,0.344287,184075.000000,2640600.000000,-0.399242
2019-04-03,18.180000,19.230000,17.850000,19.070000,125900,0.000000,0.000000,18.180000,19.230000,17.850000,19.070000,18.109750,17.387900,19.630150,19.590100,18.558212,18.241719,0.316493,0.328651,-0.012158,56.112553,18.109750,20.641470,15.578030,0.689644,1.262271,0.066191,0.059444,0.008995,0.067749,-0.117130,-0.226055,,0.605962,-0.337157,-0.337157,0.424197,184895.000000,2400913.000000,-0.301591
2019-04-04,19.080000,19.209999,18.290001,18.730000,69600,0.000000,0.000000,19.080000,19.209999,18.290001,18.730000,18.251750,17.447300,19.572550,19.576600,18.584641,18.277888,0.306753,0.324272,-0.017518,53.471353,18.251750,20.568725,15.934775,0.603206,1.237823,0.066088,-0.017829,-0.004782,0.135840,-0.107670,-0.237688,,0.537877,-0.348975,-0.348975,0.398805,182295.000000,1303608.000000,-0.328647
2019-04-05,18.830000,18.850000,18.559999,18.690001,65900,0.000000,0.000000,18.830000,18.850000,18.559999,18.690001,18.401250,17.536300,19.514250,19.542050,18.600850,18.308415,0.292436,0.317904,-0.025469,53.154371,18.401250,20.387169,16.415331,0.572700,1.170122,0.062607,-0.002136,-0.005322,0.176212,-0.128671,-0.231497,,0.516013,-0.350365,-0.350365,0.395818,180535.000000,1231671.065900,-0.306718
2019-04-08,18.680000,18.700001,17.360001,17.770000,65200,0.000000,0.000000,18.680000,18.700001,17.360001,17.770000,18.494250,17.559900,19.442050,19.518150,18.473027,18.268532,0.204495,0.295223,-0.090727,46.348638,18.494250,20.132772,16.855729,0.278993,1.182256,0.066531,-0.049224,-0.027899,0.131847,-0.202424,-0.260200,,0.549467,-0.382343,-0.382343,0.327110,178565.000000,1158604.000000,-0.368089
2019-04-09,17.760000,18.100000,16.639999,16.950001,36300,0.000000,0.000000,17.760000,18.100000,16.639999,16.950001,18.535250,17.579300,19.379850,19.487050,18.238715,18.170863,0.067852,0.249749,-0.181896,41.275903,18.535250,19.950504,17.119997,-0.060058,1.202095,0.070920,-0.046145,-0.058333,0.065368,-0.180367,-0.264003,,0.577997,-0.410845,-0.410845,0.265870,177570.000000,615285.036300,-0.327138
2019-04-10,16.959999,17.170000,16.530001,16.740000,86400,0.000000,0.000000,16.959999,17.170000,16.530001,16.740000,18.497750,17.607700,19.326850,19.462650,18.008144,18.064873,-0.056729,0.188453,-0.245182,40.066478,18.497750,20.061567,16.933934,-0.062007,1.161945,0.069411,-0.012389,-0.122181,0.037818,-0.170877,-0.238399,,0.579310,-0.418144,-0.418144,0.250187,172715.000000,1446336.000000,-0.315644
2019-04-11,16.799999,17.450001,16.250000,16.719999,65200,0.000000,0.000000,16.799999,17.450001,16.250000,16.719999,18.455250,17.632100,19.272950,19.447500,17.809968,17.965253,-0.155285,0.119705,-0.274991,39.946424,18.455250,20.164653,16.745847,-0.007561,1.164663,0.069657,-0.001195,-0.107315,-0.044025,-0.130525,-0.155556,,0.496807,-0.418839,-0.418839,0.248693,171840.000000,1090143.934800,-0.268126
2019-04-12,16.670000,16.865000,15.630000,16.160000,80500,0.000000,0.000000,16.670000,16.865000,15.630000,16.160000,18.358750,17.653100,19.226750,19.419500,17.556127,17.831530,-0.275404,0.040683,-0.316087,36.636427,18.358750,20.349693,16.367808,-0.052188,1.169687,0.072382,-0.033493,-0.135367,-0.080250,-0.127430,-0.126486,,0.508144,-0.438304,-0.438304,0.206871,120540.000000,1300880.000000,-0.272690
2019-04-15,16.290001,16.980000,15.340000,15.800000,54600,0.000000,0.000000,16.290001,16.980000,15.340000,15.800000,18.195500,17.636100,19.184150,19.406100,17.285953,17.681047,-0.395093,-0.046472,-0.348622,34.648787,18.195500,20.459344,15.931656,-0.029078,1.203281,0.076157,-0.022277,-0.110861,-0.126589,-0.044740,-0.115342,,0.497243,-0.450817,-0.450817,0.179985,116540.000000,862680.000000,-0.199693
2019-04-16,15.890000,16.490000,15.625000,15.800000,82200,0.000000,0.000000,15.890000,16.490000,15.625000,15.800000,17.992000,17.608500,19.136950,19.406100,17.057345,17.541710,-0.484365,-0.134050,-0.350314,34.648787,17.992000,20.351747,15.632253,0.035543,1.179118,0.074628,0.000000,-0.067847,-0.171256,-0.034820,-0.139434,,0.448119,-0.450817,-0.450817,0.179985,108865.000000,1298760.000000,-0.173832
2019-04-17,15.920000,16.905001,15.480000,16.750000,265600,0.000000,0.000000,15.920000,16.905001,15.480000,16.750000,17.879500,17.592300,19.083550,19.411850,17.010061,17.483065,-0.473004,-0.201841,-0.271162,43.954613,17.879500,20.251410,15.507590,0.261901,1.196681,0.071444,0.060127,0.000597,-0.157021,0.051475,-0.072536,,0.477024,-0.417796,-0.417796,0.250934,101855.000000,4448800.000000,-0.085189
2019-04-18,16.760000,17.969999,16.760000,17.430000,105200,0.000000,0.000000,16.760000,17.969999,16.760000,17.430000,17.787000,17.605700,19.041150,19.424850,17.074667,17.479134,-0.404467,-0.242366,-0.162101,49.498053,17.787000,20.071632,15.502368,0.421869,1.198347,0.068752,0.040597,0.042464,-0.082632,0.098991,-0.047541,,0.486013,-0.394161,-0.394161,0.301718,101860.000000,1833636.000000,-0.029967
2019-04-22,17.290001,17.590000,16.930000,17.100000,77400,0.000000,0.000000,17.290001,17.590000,16.930000,17.100000,17.716500,17.627300,18.989550,19.435350,17.078565,17.451050,-0.372485,-0.268390,-0.104095,47.065130,17.716500,19.994203,15.438798,0.364666,1.159893,0.067830,-0.018933,0.058168,-0.113071,0.085714,-0.107050,,0.483950,-0.405631,-0.405631,0.277072,99345.000000,1323540.000000,-0.034170
2019-04-23,17.094999,17.830000,16.700001,17.590000,28100,0.000000,0.000000,17.094999,17.830000,16.700001,17.590000,17.661000,17.648900,18.932550,19.448250,17.157247,17.461343,-0.304096,-0.275531,-0.028564,50.922486,17.661000,19.891402,15.430599,0.484084,1.157758,0.065819,0.028655,0.113291,-0.049703,0.195785,-0.089073,,0.480337,-0.388599,-0.388599,0.313667,93565.000000,494279.000000,0.039033
2019-04-24,17.790001,18.334000,17.010000,18.010000,101400,0.000000,0.000000,17.790001,18.334000,17.010000,18.010000,17.605000,17.685500,18.885050,19.462750,17.288440,17.501984,-0.213544,-0.263134,0.049590,54.015602,17.605000,19.734043,15.475958,0.595113,1.169633,0.064944,0.023877,0.139873,-0.036898,0.142766,-0.136625,,0.486982,-0.374001,-0.374001,0.345034,93510.000000,1826214.000000,-0.010418
2019-04-25,17.920000,18.900000,17.915001,18.459999,105900,0.000000,0.000000,17.920000,18.900000,17.915001,18.459999,17.583000,17.733900,18.829650,19.481025,17.468680,17.572948,-0.104268,-0.231361,0.127092,57.132943,17.583000,19.664256,15.501744,0.710690,1.156444,0.062646,0.024986,0.102089,-0.035024,0.296348,-0.191415,,0.488283,-0.358359,-0.358359,0.378641,89850.000000,1954913.894100,0.148582
2019-04-26,18.510000,20.459999,18.305000,20.129999,169600,0.000000,0.000000,18.510000,20.459999,18.305000,20.129999,17.648500,17.808900,18.784550,19.504725,17.878113,17.762359,0.115754,-0.161938,0.277692,66.271216,17.648500,19.963051,15.333949,1.036065,1.227770,0.060992,0.090466,0.154905,0.065079,0.213381,-0.107713,,0.580210,-0.300313,-0.300313,0.503361,94335.000000,3414047.830400,0.076388
2019-04-29,20.120001,22.770000,20.120001,22.000000,137800,0.000000,0.000000,20.120001,22.770000,20.120001,22.000000,17.809000,17.919100,18.760950,19.536425,18.512250,18.076258,0.435991,-0.042352,0.478343,73.168719,17.809000,20.802459,14.815541,1.200026,1.329358,0.060425,0.092896,0.286550,0.168969,0.376721,0.042654,,0.656205,-0.235315,-0.235315,0.643017,96215.000000,3031600.000000,0.224841
2019-04-30,22.000000,22.059999,20.440001,21.280001,88200,0.000000,0.000000,22.000000,22.059999,20.440001,21.280001,17.959000,17.978300,18.725650,19.563075,18.938058,18.313573,0.624485,0.091015,0.533469,67.449403,17.959000,21.328828,14.589172,0.992755,1.350118,0.063445,-0.032727,0.209778,0.132517,0.389034,-0.108131,,0.670794,-0.260341,-0.260341,0.589246,97885.000000,1876896.088200,0.237205
2019-05-01,21.250000,21.809999,19.969999,20.990000,62400,0.000000,0.000000,21.250000,21.809999,19.969999,20.990000,18.108500,18.050100,18.689750,19.589125,19.253741,18.511827,0.741914,0.221195,0.520719,65.237490,18.108500,21.741045,14.475955,0.896623,1.385109,0.065989,-0.013628,0.165464,0.148249,0.354194,-0.119178,,0.663782,-0.270421,-0.270421,0.567588,93670.000000,1309776.000000,0.233554
2019-05-02,20.990000,21.660000,20.445000,20.969999,12900,0.000000,0.000000,20.990000,21.660000,20.445000,20.969999,18.203500,18.109300,18.657750,19.617475,19.517781,18.693913,0.823867,0.341730,0.482138,65.078976,18.203500,22.035807,14.371193,0.860944,1.372959,0.065473,-0.000953,0.135970,0.165000,0.387823,-0.134187,,0.659434,-0.271116,-0.271116,0.566094,88020.000000,270512.987100,0.284134
2019-05-03,21.436001,22.090000,21.139999,22.059999,39000,0.000000,0.000000,21.436001,22.090000,21.139999,22.059999,18.370000,18.211300,18.637450,19.651775,19.908891,18.943253,0.965638,0.466511,0.499127,69.437318,18.370000,22.570305,14.169694,0.939254,1.354890,0.061418,0.051979,0.095877,0.156791,0.324925,-0.002262,,0.652581,-0.233229,-0.233229,0.647498,86490.000000,860339.961000,0.201006
2019-05-06,21.750000,23.350000,21.750000,22.450001,33600,0.000000,0.000000,21.750000,23.350000,21.750000,22.450001,18.558000,18.288900,18.605450,19.687775,20.299831,19.203012,1.096819,0.592573,0.504246,70.839654,18.558000,23.138033,13.977967,0.924888,1.372398,0.061131,0.017679,0.020455,0.198612,0.306752,-0.044274,,0.646613,-0.219673,-0.219673,0.676624,84875.000000,754320.033600,0.201173
2019-05-07,22.129999,22.790001,21.180000,21.889999,24400,0.000000,0.000000,22.129999,22.790001,21.180000,21.889999,18.764000,18.356500,18.555750,19.720225,20.544472,19.402048,1.142424,0.702543,0.439881,66.146398,18.764000,23.560311,13.967688,0.825875,1.389370,0.063471,-0.024944,0.028665,0.171214,0.246583,-0.065728,,0.656508,-0.239138,-0.239138,0.634802,82835.000000,534115.975600,0.170702
2019-05-08,21.850000,22.000000,21.549999,21.730000,31500,0.000000,0.000000,21.850000,22.000000,21.549999,21.730000,19.003000,18.425100,18.485350,19.751825,20.726861,19.574489,1.152372,0.792509,0.359863,64.824943,19.003000,23.894152,14.111847,0.778769,1.322272,0.060850,-0.007309,0.035255,0.222847,0.296539,-0.089271,,0.625517,-0.244699,-0.244699,0.622853,82595.000000,684495.000000,0.219520
2019-05-09,21.459999,21.770000,20.990000,21.170000,50700,0.000000,0.000000,21.459999,21.770000,20.990000,21.170000,19.224500,18.488500,18.427150,19.782675,20.795036,19.692675,1.102361,0.854479,0.247882,60.285385,19.224500,24.085288,14.363712,0.700122,1.283538,0.060630,-0.025771,0.009537,0.248967,0.321473,-0.102586,,0.606010,-0.264164,-0.264164,0.581031,80810.000000,1073319.000000,0.236099
2019-05-10,21.000000,21.660000,20.200001,21.070000,77100,0.000000,0.000000,21.000000,21.660000,20.200001,21.070000,19.442000,18.537500,18.375350,19.812375,20.837339,19.794699,1.042639,0.892111,0.150528,59.484315,19.442000,24.219507,14.664493,0.670382,1.296143,0.061516,-0.004724,-0.044878,0.258662,0.276196,-0.105688,,0.602805,-0.267640,-0.267640,0.573562,81405.000000,1624497.000000,0.191416
2019-05-13,20.129999,21.299999,18.950001,19.709999,121400,0.000000,0.000000,20.129999,21.299999,18.950001,19.709999,19.619500,18.576500,18.334050,19.833925,20.663902,19.788425,0.875477,0.888784,-0.013308,49.793597,19.619500,24.140489,15.098510,0.510009,1.371418,0.069580,-0.064547,-0.122049,0.178828,0.218171,-0.195182,,0.657337,-0.314911,-0.314911,0.471994,83450.000000,2392793.878600,0.171766
2019-05-14,19.719999,20.250000,19.408001,19.600000,58700,0.000000,0.000000,19.719999,20.250000,19.408001,19.600000,19.809500,18.605900,18.305050,19.854225,20.500225,19.774468,0.725757,0.856179,-0.130422,49.096904,19.809500,23.958734,15.660265,0.474754,1.333602,0.068041,-0.005581,-0.104614,0.212871,0.221945,-0.200653,,0.641707,-0.318735,-0.318735,0.463779,83655.000000,1150520.000000,0.178805
2019-05-15,19.990000,20.980000,18.969999,20.930000,102100,0.000000,0.000000,19.990000,20.980000,18.969999,20.930000,20.066000,18.667300,18.312250,19.880875,20.566344,19.860063,0.706281,0.826199,-0.119918,56.941564,20.066000,23.783392,16.348607,0.616211,1.381916,0.066026,0.067857,-0.036815,0.324684,0.277778,-0.162465,,0.660287,-0.272506,-0.272506,0.563107,84650.000000,2136953.000000,0.223634
2019-05-16,21.020000,22.700001,21.020000,22.030001,76300,0.000000,0.000000,21.020000,22.700001,21.020000,22.030001,20.330000,18.778100,18.336150,19.912525,20.791522,20.020799,0.770723,0.815104,-0.044381,62.138568,20.330000,23.797376,16.862624,0.745142,1.409637,0.063987,0.052556,0.040624,0.394304,0.335961,-0.049202,,0.670973,-0.234272,-0.234272,0.645258,75185.000000,1680889.076300,0.272530
2019-05-17,21.990000,22.790001,20.930000,21.400000,107700,0.000000,0.000000,21.990000,22.790001,20.930000,21.400000,20.528500,18.888300,18.358150,19.938325,20.885134,20.122962,0.762172,0.804518,-0.042346,57.833250,20.528500,23.742111,17.314889,0.635595,1.441806,0.067374,-0.028597,0.015662,0.277612,0.168122,-0.029038,,0.669157,-0.256170,-0.256170,0.598208,75310.000000,2304780.000000,0.122104
2019-05-20,21.680000,21.799999,19.540001,20.540001,145400,0.000000,0.000000,21.680000,21.799999,19.540001,20.540001,20.700500,18.985100,18.374450,19.957825,20.832037,20.153854,0.678183,0.779251,-0.101068,52.487135,20.700500,23.480447,17.920553,0.471133,1.500248,0.073040,-0.040187,0.042111,0.178428,0.180460,-0.071009,,0.684846,-0.286062,-0.286062,0.533981,78710.000000,2986516.145400,0.151661
2019-05-21,20.750000,21.730000,20.549999,21.209999,119800,0.000000,0.000000,20.750000,21.730000,20.549999,21.209999,20.881500,19.091100,18.373950,19.985625,20.890185,20.232087,0.658098,0.755020,-0.096922,55.906866,20.881500,23.249607,18.513393,0.569359,1.478087,0.069688,0.032619,0.082143,0.240351,0.177679,0.020693,,0.681898,-0.262774,-0.262774,0.584018,83295.000000,2540957.880200,0.138068
2019-05-22,20.820000,21.100000,20.290001,20.559999,59200,0.000000,0.000000,20.820000,21.100000,20.290001,20.559999,21.009000,19.179700,18.342250,20.011925,20.839387,20.256376,0.583010,0.720618,-0.137608,51.996819,21.009000,22.964849,19.053151,0.385216,1.438224,0.069953,-0.030646,-0.017678,0.168846,0.212264,0.024925,,0.693583,-0.285367,-0.285367,0.535474,81185.000000,1217151.940800,0.173237
2019-05-23,20.360001,20.360001,18.485001,19.170000,44700,0.000000,0.000000,20.360001,20.360001,18.485001,19.170000,21.044500,19.213300,18.320550,20.032025,20.582558,20.175904,0.406654,0.657825,-0.251171,44.783706,21.044500,22.823305,19.265695,-0.026899,1.483708,0.077397,-0.067607,-0.129823,0.064409,0.032310,-0.065789,,0.738707,-0.333681,-0.333681,0.431665,78125.000000,856899.000000,0.018927
2019-05-24,19.299999,20.139999,19.100000,19.430000,58400,0.000000,0.000000,19.299999,20.139999,19.100000,19.430000,21.009500,19.250500,18.285150,20.053175,20.405241,20.120652,0.284589,0.583178,-0.298589,46.284729,21.009500,22.888777,19.130222,0.079759,1.452014,0.074731,0.013563,-0.092056,0.052546,0.049703,-0.120416,,0.735670,-0.324644,-0.324644,0.451083,72565.000000,1134712.000000,0.038776
2019-05-28,19.559999,20.510000,19.440001,19.950001,161500,0.000000,0.000000,19.559999,20.510000,19.440001,19.950001,20.907000,19.287700,18.268650,20.075525,20.335204,20.108011,0.227193,0.511981,-0.284788,49.255857,20.907000,22.782427,19.031573,0.244858,1.425442,0.071451,0.026763,-0.028724,-0.008942,0.090164,-0.079372,,0.670981,-0.306569,-0.306569,0.489918,73750.000000,3221925.161500,0.082475
2019-05-29,19.580000,19.889999,17.719999,18.990000,90400,0.000000,0.000000,19.580000,19.889999,17.719999,18.990000,20.792500,19.286200,18.248650,20.099575,20.128250,20.025196,0.103054,0.430196,-0.327141,44.375829,20.792500,22.843450,18.741550,0.060569,1.482910,0.078089,-0.048120,-0.104668,-0.136818,0.055000,-0.146900,0.266000,0.600163,-0.339937,-0.339937,0.418223,73860.000000,1716696.000000,0.055953
2019-05-30,18.900000,19.240000,18.670000,18.770000,55000,0.000000,0.000000,18.900000,19.240000,18.670000,18.770000,20.681500,19.264200,18.221850,20.121525,19.919288,19.932218,-0.012930,0.341571,-0.354500,43.316685,20.681500,22.919236,18.443764,0.072894,1.417702,0.075530,-0.011585,-0.087062,-0.117951,0.008056,-0.194075,0.164392,0.592858,-0.347584,-0.347584,0.401792,73490.000000,1032350.000000,0.003384
2019-05-31,18.370001,18.940001,17.990000,18.340000,65500,0.000000,0.000000,18.370001,18.940001,17.990000,18.340000,20.550000,19.251000,18.182450,20.146275,19.676321,19.814276,-0.137955,0.245666,-0.383621,41.244605,20.550000,23.014015,18.085985,0.051545,1.384295,0.075480,-0.022909,-0.043297,-0.126251,0.032658,-0.194200,0.111515,0.595368,-0.362530,-0.362530,0.369679,76120.000000,1201270.000000,0.051380
2019-06-03,18.580000,18.900000,17.790001,18.230000,88900,0.000000,0.000000,18.580000,18.900000,17.790001,18.230000,20.358500,19.230000,18.157950,20.167925,19.453810,19.696922,-0.243112,0.147910,-0.391022,40.708140,20.358500,22.921716,17.795284,0.084799,1.364703,0.074860,-0.005998,-0.061760,-0.130663,0.005516,-0.240417,0.042310,0.595114,-0.366354,-0.366354,0.361464,78615.000000,1620647.000000,0.037789
2019-06-04,18.260000,18.790001,17.219999,17.490000,65400,0.000000,0.000000,18.260000,18.790001,17.219999,17.490000,20.110500,19.209600,18.130950,20.185275,19.151685,19.533447,-0.381761,0.041976,-0.423737,37.202479,20.110500,22.779294,17.441706,0.009048,1.379367,0.078866,-0.040592,-0.123308,-0.207162,-0.020717,-0.290179,-0.109924,0.567270,-0.392075,-0.392075,0.306199,80205.000000,1143846.000000,-0.014218
2019-06-05,17.660000,17.731001,16.500000,16.920000,83600,0.000000,0.000000,17.660000,17.731001,16.500000,16.920000,19.862000,19.174000,18.107850,20.195625,18.808349,19.339858,-0.531509,-0.072721,-0.458788,34.722077,19.862000,22.749699,16.974301,-0.009402,1.368769,0.080897,-0.032590,-0.109005,-0.246325,0.026076,-0.305419,-0.033143,0.562644,-0.411887,-0.411887,0.263630,83165.000000,1414512.000000,0.016809
2019-06-06,16.940001,17.555000,16.430000,17.200001,34700,0.000000,0.000000,16.940001,17.555000,16.430000,17.200001,19.635500,19.135400,18.094650,20.206475,18.560911,19.181350,-0.620439,-0.182265,-0.438174,36.946062,19.635500,22.615436,16.655564,0.091350,1.351357,0.078567,0.016549,-0.083644,-0.214253,0.082442,-0.306731,-0.002898,0.569656,-0.402155,-0.402155,0.284541,83325.000000,596840.034700,0.056289
2019-06-07,17.209999,17.900000,16.540001,17.700001,30800,0.000000,0.000000,17.209999,17.900000,16.540001,17.700001,19.462000,19.111400,18.106250,20.214225,18.428463,19.071620,-0.643157,-0.274443,-0.368714,40.823207,19.462000,22.469692,16.454308,0.207085,1.351974,0.076383,0.029070,-0.034896,-0.185458,0.127389,-0.279902,0.014908,0.586167,-0.384776,-0.384776,0.321882,82330.000000,545160.030800,0.082308
2019-06-10,17.809999,19.120001,17.330000,17.559999,48000,0.000000,0.000000,17.809999,19.120001,17.330000,17.559999,19.286500,19.086200,18.118150,20.212625,18.294853,18.959648,-0.664795,-0.352514,-0.312281,40.080056,19.286500,22.308714,16.264286,0.214365,1.383262,0.078773,-0.007910,-0.036753,-0.170524,0.103708,-0.273480,-0.090155,0.583012,-0.389642,-0.389642,0.311426,80875.000000,842879.952000,0.068632
2019-06-11,17.780001,17.799999,16.950001,17.320000,39700,0.000000,0.000000,17.780001,17.799999,16.950001,17.320000,19.167000,19.056800,18.132050,20.199975,18.144876,18.838193,-0.693317,-0.420674,-0.272643,38.776881,19.167000,22.305475,16.028525,0.205749,1.345172,0.077666,-0.013667,-0.009720,-0.177978,0.073776,-0.281029,-0.076759,0.583159,-0.397984,-0.397984,0.293503,76790.000000,687604.000000,0.043274
2019-06-12,17.370001,17.830000,17.309999,17.490000,38500,0.000000,0.000000,17.370001,17.830000,17.309999,17.490000,19.061500,19.041000,18.148350,20.188075,18.044126,18.738327,-0.694201,-0.475380,-0.218821,40.258627,19.061500,22.279537,15.843464,0.255829,1.286231,0.073541,0.009815,0.033688,-0.112633,0.000000,-0.318129,0.010399,0.549251,-0.392075,-0.392075,0.306199,75780.000000,673365.000000,-0.019534
2019-06-13,17.620001,18.990000,17.400000,18.740000,52100,0.000000,0.000000,17.620001,18.990000,17.400000,18.740000,18.952000,19.055800,18.178250,20.183325,18.151183,18.738451,-0.587267,-0.497757,-0.089510,49.866591,18.952000,22.049100,15.854901,0.465774,1.307929,0.069793,0.071469,0.089535,-0.043878,0.066591,-0.302308,0.064168,0.609912,-0.348627,-0.348627,0.399552,73280.000000,976354.000000,0.039567
2019-06-14,18.580000,18.730000,16.830000,17.090000,73200,0.000000,0.000000,18.580000,18.730000,16.830000,17.090000,18.705000,19.016200,18.202050,20.174775,17.987924,18.616343,-0.628419,-0.523890,-0.104529,40.587472,18.705000,21.545863,15.864137,0.215755,1.350934,0.079048,-0.088047,-0.034463,-0.183469,-0.055279,-0.405978,-0.096723,0.625644,-0.405978,-0.405978,0.276326,73125.000000,1250988.000000,-0.069343
2019-06-17,17.350000,19.510000,17.160000,18.820000,63800,0.000000,0.000000,17.350000,19.510000,17.160000,18.820000,18.576000,19.018000,18.232650,20.169275,18.115936,18.631429,-0.515493,-0.522210,0.006717,50.903145,18.576000,21.120438,16.031562,0.547948,1.427296,0.075839,0.101229,0.071754,-0.145710,-0.012851,-0.302705,0.006417,0.703696,-0.345846,-0.345846,0.405527,70930.000000,1200716.000000,-0.029772
2019-06-18,19.240000,20.690001,18.690001,20.240000,46600,0.000000,0.000000,19.240000,20.690001,18.690001,20.240000,18.561000,19.049000,18.292650,20.176275,18.442715,18.750582,-0.307867,-0.479342,0.171474,57.435816,18.561000,21.059815,16.062185,0.835959,1.468203,0.072540,0.075452,0.168591,-0.054206,0.018621,-0.228952,0.076596,0.753174,-0.296489,-0.296489,0.511576,65990.000000,943184.000000,-0.011147
2019-06-19,18.469999,18.889999,17.000999,17.129999,74700,0.000000,0.000000,18.469999,18.889999,17.000999,17.129999,18.357000,19.036200,18.298050,20.176175,18.240759,18.630539,-0.389780,-0.461429,0.071649,43.716334,18.357000,20.598128,16.115872,0.226254,1.594689,0.093093,-0.153656,-0.020583,-0.166018,-0.098421,-0.281460,-0.200653,0.912222,-0.404588,-0.404588,0.279313,63735.000000,1279610.925300,-0.131847
2019-06-20,15.500000,15.500000,14.300000,14.610000,1353700,0.000000,0.000000,15.500000,15.500000,14.300000,14.610000,18.059500,18.989400,18.284350,20.164175,17.682181,18.332721,-0.650541,-0.499252,-0.151289,36.175865,18.059500,20.625443,15.493557,-0.172170,1.682925,0.115190,-0.147110,-0.220384,-0.311174,-0.242220,-0.350667,-0.429297,1.019991,-0.492179,-0.492179,0.091113,128460.000000,19777557.000000,-0.269313
2019-06-21,14.680000,15.020000,14.270000,14.620000,516300,0.000000,0.000000,14.680000,15.020000,14.270000,14.620000,17.832000,18.947000,18.277350,20.137275,17.211076,18.057705,-0.846629,-0.568727,-0.277902,36.222876,17.832000,20.764078,14.899922,-0.047734,1.616288,0.110553,0.000684,-0.144529,-0.288910,-0.210157,-0.276596,-0.351663,1.019922,-0.491832,-0.491832,0.091860,152040.000000,7548306.000000,-0.261060
2019-06-24,14.810000,15.100000,14.490000,14.920000,228400,0.000000,0.000000,14.810000,15.100000,14.490000,14.920000,17.606500,18.911000,18.271550,20.112325,16.858603,17.825282,-0.966680,-0.648318,-0.318362,37.705312,17.606500,20.709818,14.503182,0.067157,1.544410,0.103513,0.020520,-0.207226,-0.221701,-0.202139,-0.240326,-0.356064,1.007231,-0.481404,-0.481404,0.114264,160540.000000,3407728.000000,-0.250343
2019-06-25,14.900000,15.120000,14.370000,14.950000,220500,0.000000,0.000000,14.900000,15.120000,14.370000,14.950000,17.356500,18.886800,18.269950,20.086275,16.564971,17.612299,-1.047327,-0.728120,-0.319208,37.860859,17.356500,20.470484,14.242516,0.113598,1.487666,0.099509,0.002011,-0.261364,-0.230571,-0.218505,-0.221354,-0.308511,1.004637,-0.480361,-0.480361,0.116505,163490.000000,3296475.000000,-0.243624
2019-06-26,15.400000,15.413000,14.480000,15.000000,248000,0.000000,0.000000,15.400000,15.413000,14.480000,15.000000,17.157000,18.870800,18.253450,20.046525,16.324207,17.418795,-1.094588,-0.801413,-0.293175,38.138106,17.157000,20.340808,13.973192,0.161255,1.448047,0.096536,0.003344,-0.124343,-0.248120,-0.206349,-0.206769,-0.240506,0.996965,-0.478624,-0.478624,0.120239,171370.000000,3720000.000000,-0.241228
2019-06-27,15.090000,15.205000,14.850000,15.010000,270900,0.000000,0.000000,15.090000,15.205000,14.850000,15.010000,16.969000,18.855000,18.231750,19.994625,16.122021,17.240366,-1.118345,-0.864800,-0.253545,38.197497,16.969000,20.195534,13.742466,0.196423,1.369973,0.091271,0.000667,0.027379,-0.209584,-0.202444,-0.293979,-0.310202,0.988692,-0.478276,-0.478276,0.120986,182165.000000,4066209.000000,-0.241378
2019-06-28,15.030000,17.090000,14.682000,15.860000,787400,0.000000,0.000000,15.030000,17.090000,14.682000,15.860000,16.845000,18.837200,18.214750,19.946725,16.081710,17.138116,-1.056406,-0.903121,-0.153285,43.190094,16.845000,20.040151,13.649849,0.345860,1.444117,0.091054,0.056629,0.084815,-0.155035,-0.155934,-0.331648,-0.141775,1.014521,-0.448731,-0.448731,0.184466,218260.000000,12488164.000000,-0.191761
2019-07-01,15.930000,16.555000,14.970000,15.500000,172600,0.000000,0.000000,15.930000,16.555000,14.970000,15.500000,16.708500,18.798600,18.202150,19.896075,15.992216,17.016774,-1.024558,-0.927408,-0.097150,41.655269,16.708500,19.887737,13.529263,0.309939,1.454180,0.093818,-0.022699,0.038874,-0.154853,-0.152079,-0.273664,-0.018987,1.014477,-0.461244,-0.461244,0.157580,222445.000000,2675300.000000,-0.185576
2019-07-02,15.500000,16.129000,14.180000,14.810000,194400,0.000000,0.000000,15.500000,16.129000,14.180000,14.810000,16.574500,18.752800,18.190050,19.838875,15.810337,16.853310,-1.042973,-0.950521,-0.092452,38.808620,16.574500,19.839797,13.309203,0.229810,1.489525,0.100576,-0.044516,-0.009365,-0.187603,-0.177222,-0.355246,-0.050641,1.023240,-0.485228,-0.485228,0.106049,228895.000000,2879064.000000,-0.210400
2019-07-03,14.850000,15.490000,14.710000,15.270000,179300,0.000000,0.000000,14.850000,15.490000,14.710000,15.270000,16.492000,18.706400,18.177650,19.790525,15.727208,16.736027,-1.008819,-0.962181,-0.046638,41.670464,16.492000,19.803591,13.180409,0.315497,1.438844,0.094227,0.031060,0.018000,-0.126930,-0.199266,-0.293056,0.029670,1.024392,-0.469239,-0.469239,0.140403,233680.000000,2737911.000000,-0.234055
2019-07-05,15.210000,15.800000,14.990000,15.460000,90600,0.000000,0.000000,15.210000,15.800000,14.990000,15.460000,16.405000,18.655400,18.170450,19.741425,15.686099,16.641507,-0.955408,-0.960826,0.005419,42.859192,16.405000,19.729673,13.080327,0.357881,1.393927,0.090163,0.012443,0.029980,-0.086288,-0.174586,-0.263459,0.030667,1.020630,-0.462635,-0.462635,0.154593,236475.000000,1400676.000000,-0.208800
2019-07-08,15.340000,15.750000,15.108000,15.440000,58500,0.000000,0.000000,15.340000,15.750000,15.108000,15.440000,16.292000,18.595000,18.164450,19.690575,15.648238,16.552506,-0.904269,-0.949515,0.045246,42.760406,16.292000,19.584822,12.999178,0.370628,1.340218,0.086802,-0.001294,-0.026482,-0.102326,-0.173890,-0.280187,0.028648,1.018364,-0.463330,-0.463330,0.153099,237860.000000,903240.000000,-0.194005
2019-07-09,15.280000,16.400000,15.120000,15.720000,169200,0.000000,0.000000,15.280000,16.400000,15.120000,15.720000,16.200000,18.506800,18.157850,19.642775,15.659278,16.490839,-0.831561,-0.925924,0.094363,44.682729,16.200000,19.446141,12.953859,0.426066,1.335917,0.084982,0.018135,0.014194,-0.111864,-0.115363,-0.294435,0.040371,1.014714,-0.453597,-0.453597,0.174010,243920.000000,2659824.000000,-0.138980
2019-07-10,15.790000,16.090000,15.230000,15.640000,133800,0.000000,0.000000,15.790000,16.090000,15.230000,15.640000,16.116000,18.379600,18.149350,19.599525,15.656312,16.427814,-0.771502,-0.895040,0.123538,44.225724,16.116000,19.326866,12.905134,0.425877,1.301923,0.083243,-0.005089,0.056043,-0.109339,-0.077286,-0.243714,0.056400,1.014609,-0.456378,-0.456378,0.168036,248625.000000,2092632.000000,-0.114363
2019-07-11,15.730000,15.849000,14.820000,15.160000,184700,0.000000,0.000000,15.730000,15.849000,14.820000,15.160000,15.999500,18.257200,18.117750,19.554375,15.579956,16.333902,-0.753946,-0.866821,0.112875,41.484150,15.999500,19.169275,12.829725,0.367577,1.282428,0.084593,-0.030691,-0.007204,-0.124711,-0.094385,-0.249133,-0.014945,1.018474,-0.473062,-0.473062,0.132188,255935.000000,2800052.000000,-0.123490
2019-07-12,15.200000,15.200000,14.540000,14.780000,201600,0.000000,0.000000,15.200000,15.200000,14.540000,14.780000,15.801500,18.133000,18.091550,19.507575,15.456886,16.218798,-0.761912,-0.845839,0.083927,39.401735,15.801500,18.736524,12.866475,0.325981,1.237969,0.083760,-0.025066,-0.043984,-0.154946,-0.116029,-0.231409,-0.056194,1.019563,-0.486270,-0.486270,0.103809,263410.000000,2979648.000000,-0.153372
2019-07-15,14.820000,14.820000,14.170000,14.350000,84900,0.000000,0.000000,14.820000,14.820000,14.170000,14.350000,15.664500,18.000600,18.054950,19.456325,15.286596,16.080369,-0.793773,-0.835426,0.041653,37.130385,15.664500,18.602078,12.726922,0.276261,1.195971,0.083343,-0.029093,-0.070596,-0.234258,-0.112005,-0.225162,-0.100313,0.982202,-0.501217,-0.501217,0.071695,263995.000000,1218315.000000,-0.146327
2019-07-16,14.370000,14.400000,13.610000,13.700000,118000,0.000000,0.000000,14.370000,14.400000,13.610000,13.700000,15.408500,17.833400,18.022350,19.403725,15.042504,15.904045,-0.861541,-0.840649,-0.020892,33.944918,15.408500,18.067382,12.749618,0.178718,1.166973,0.085181,-0.045296,-0.128499,-0.198362,-0.132911,-0.171705,-0.131812,0.950444,-0.523810,-0.523810,0.023152,266705.000000,1616600.000000,-0.163853
2019-07-17,13.700000,13.960000,13.240000,13.770000,179500,0.000000,0.000000,13.700000,13.960000,13.240000,13.770000,15.085000,17.659800,17.974350,19.357675,14.846734,15.745968,-0.899233,-0.852366,-0.046868,34.595676,15.085000,16.594904,13.575096,0.064542,1.135047,0.082429,0.005109,-0.119565,-0.268332,-0.128481,-0.158827,-0.100000,0.864860,-0.521376,-0.521376,0.028379,273350.000000,2471715.000000,-0.151603
2019-07-18,13.780000,13.960000,13.510000,13.700000,101100,0.000000,0.000000,13.780000,13.960000,13.510000,13.700000,14.913500,17.496000,17.926250,19.297425,14.670314,15.594414,-0.924101,-0.866713,-0.057388,34.232484,14.913500,16.209409,13.617591,0.031796,1.086115,0.079278,-0.005084,-0.096306,-0.323123,-0.182090,-0.139987,-0.098684,0.803602,-0.523810,-0.523810,0.023152,274670.000000,1385070.000000,-0.208498
2019-07-19,13.660000,13.817000,13.010000,13.150000,71500,0.000000,0.000000,13.660000,13.817000,13.010000,13.150000,14.840500,17.324400,17.874750,19.239975,14.436419,15.413347,-0.976927,-0.888756,-0.088172,31.439671,14.840500,16.354525,13.326475,-0.058280,1.066178,0.081078,-0.040146,-0.110284,-0.232341,-0.245554,-0.170870,-0.137705,0.640127,-0.542927,-0.542927,0.000000,210560.000000,940225.000000,-0.264112
2019-07-22,13.230000,13.230000,12.520000,12.730000,100100,0.000000,0.000000,13.230000,13.230000,12.520000,12.730000,14.746000,17.155600,17.822050,19.180775,14.173893,15.214580,-1.040687,-0.919142,-0.121545,29.462926,14.746000,16.529862,12.962138,-0.065066,1.040737,0.081755,-0.031939,-0.112892,-0.128679,-0.255556,-0.191746,-0.173377,0.419407,-0.557525,-0.557525,0.000000,189750.000000,1274273.000000,-0.279119
2019-07-23,12.700000,12.860000,12.055000,12.740000,162000,0.000000,0.000000,12.700000,12.860000,12.055000,12.740000,14.637000,16.989000,17.763250,19.122875,13.953294,15.031278,-1.077984,-0.950910,-0.127073,29.576460,14.637000,16.630221,12.643779,0.024137,1.023898,0.080369,0.000786,-0.070073,-0.128591,-0.275725,-0.133923,-0.173264,0.419428,-0.557178,-0.557178,0.000786,186430.000000,2063880.000000,-0.291805
2019-07-24,12.670000,13.110000,12.550000,12.900000,42500,0.000000,0.000000,12.670000,13.110000,12.550000,12.900000,14.534500,16.852800,17.714650,19.067275,13.791249,14.873406,-1.082157,-0.977160,-0.104997,31.476882,14.534500,16.665993,12.403007,0.116583,0.990763,0.076803,0.012559,-0.063181,-0.135389,-0.283731,-0.181472,-0.140000,0.413908,-0.551616,-0.551616,0.013354,177530.000000,548250.000000,-0.310822
2019-07-25,12.970000,13.040000,12.200000,12.220000,39800,0.000000,0.000000,12.970000,13.040000,12.200000,12.220000,14.395500,16.705200,17.655550,19.013225,13.549518,14.676857,-1.127339,-1.007195,-0.120143,28.016530,14.395500,16.750083,12.040917,0.038029,0.979994,0.080196,-0.052713,-0.108029,-0.182609,-0.338028,-0.141854,-0.192333,0.442052,-0.575252,-0.575252,0.000000,167120.000000,486356.000000,-0.352792
2019-07-26,12.280000,12.480000,12.250000,12.420000,48000,0.000000,0.000000,12.280000,12.480000,12.250000,12.420000,14.266000,16.535000,17.601150,18.965425,13.375746,14.509682,-1.133936,-1.032543,-0.101393,30.438686,14.266000,16.759101,11.772899,0.129778,0.928566,0.074764,0.016367,-0.055513,-0.172000,-0.383010,-0.251356,-0.193506,0.448950,-0.568300,-0.568300,0.016367,155975.000000,596160.000000,-0.405574
2019-07-29,12.430000,13.060000,12.240000,12.380000,68000,0.000000,0.000000,12.430000,13.060000,12.240000,12.380000,14.092000,16.342000,17.560050,18.928325,13.222555,14.351928,-1.129374,-1.051910,-0.077464,30.219671,14.092000,16.602379,11.581621,0.159016,0.920811,0.074379,-0.003221,-0.027494,-0.175217,-0.437273,-0.225282,-0.203346,0.448144,-0.569691,-0.569691,0.013093,120005.000000,841840.000000,-0.453382
2019-07-30,12.290000,12.775000,12.230000,12.400000,67100,0.000000,0.000000,12.290000,12.775000,12.230000,12.400000,13.937000,16.162000,17.525150,18.897825,13.096008,14.207341,-1.111333,-1.063794,-0.047539,30.488984,13.937000,16.464092,11.409908,0.195896,0.893967,0.072094,0.001616,-0.026688,-0.218159,-0.417293,-0.190601,-0.205128,0.382771,-0.568995,-0.568995,0.014730,114730.000000,832040.000000,-0.439308
2019-07-31,12.430000,12.700000,12.120000,12.290000,133000,0.000000,0.000000,12.430000,12.700000,12.120000,12.290000,13.811000,15.997000,17.491050,18.869975,12.972007,14.065316,-1.093309,-1.069697,-0.023612,29.807591,13.811000,16.405219,11.216781,0.206848,0.871541,0.070915,-0.008871,-0.047287,-0.207097,-0.414483,-0.207097,-0.217197,0.380605,-0.572819,-0.572819,0.005728,111660.000000,1634570.000000,-0.430109
2019-08-01,12.280000,12.700000,12.095000,12.110000,65500,0.000000,0.000000,12.280000,12.700000,12.095000,12.110000,13.653000,15.815000,17.453050,18.838725,12.839390,13.920477,-1.081087,-1.071975,-0.009112,28.678134,13.653000,16.257968,11.048032,0.203835,0.852503,0.070397,-0.014646,-0.009002,-0.182309,-0.422508,-0.198544,-0.254310,0.360723,-0.579075,-0.579075,0.000000,105970.000000,793205.000000,-0.431760
2019-08-02,11.990000,12.340000,10.715000,10.830000,88800,0.000000,0.000000,11.990000,12.340000,10.715000,10.830000,13.421500,15.620400,17.400050,18.802575,12.530253,13.691553,-1.161300,-1.089840,-0.071460,22.228037,13.421500,16.169324,10.673676,0.028445,0.907681,0.083812,-0.105698,-0.128019,-0.290766,-0.509066,-0.349550,-0.349159,0.464218,-0.623566,-0.623566,0.000000,105880.000000,961704.000000,-0.489476
2019-08-05,10.640000,10.770000,10.210000,10.400000,62200,0.000000,0.000000,10.640000,10.770000,10.210000,10.400000,13.169500,15.445000,17.329150,18.763075,12.202522,13.447734,-1.245213,-1.120915,-0.124298,20.555461,13.169500,16.058685,10.280315,0.020713,0.887132,0.085301,-0.039705,-0.159935,-0.327296,-0.536748,-0.394645,-0.335463,0.459363,-0.638512,-0.638512,0.000000,106065.000000,646880.000000,-0.487846
2019-08-06,10.400000,11.300000,9.820000,11.180000,125900,0.000000,0.000000,10.400000,11.300000,9.820000,11.180000,12.942500,15.280000,17.265250,18.723225,12.045211,13.279754,-1.234543,-1.143640,-0.090903,30.736660,12.942500,15.698262,10.186738,0.180216,0.929480,0.083138,0.075000,-0.098387,-0.275907,-0.489264,-0.363326,-0.269281,0.559937,-0.611401,-0.611401,0.075000,103900.000000,1407562.000000,-0.472879
2019-08-07,11.060000,11.440000,10.690000,11.250000,89400,0.000000,0.000000,11.060000,11.440000,10.690000,11.250000,12.723000,15.106000,17.196850,18.682925,11.922871,13.129402,-1.206531,-1.156219,-0.050313,31.584044,12.723000,15.265151,10.180849,0.210285,0.916660,0.081481,0.006261,-0.084622,-0.284351,-0.482283,-0.328759,-0.257426,0.552640,-0.608968,-0.608968,0.081731,101680.000000,1005750.000000,-0.472150
2019-08-08,11.370000,11.760000,10.780000,10.980000,118700,0.000000,0.000000,11.370000,11.760000,10.780000,10.980000,12.514000,14.945800,17.116000,18.633525,11.777814,12.970187,-1.192373,-1.163449,-0.028924,30.056594,12.514000,14.894733,10.133267,0.177830,0.921184,0.083897,-0.024000,-0.093311,-0.297954,-0.481342,-0.314607,-0.277632,0.552156,-0.618352,-0.618352,0.055769,98380.000000,1303326.000000,-0.497594
2019-08-09,11.000000,11.110000,10.570000,10.610000,73700,0.000000,0.000000,11.000000,11.110000,10.570000,10.610000,12.305500,14.782600,17.023400,18.572425,11.598150,12.795358,-1.197208,-1.170201,-0.027007,28.054327,12.305500,14.578615,10.032385,0.127054,0.893957,0.084256,-0.033698,-0.020314,-0.300132,-0.496440,-0.357359,-0.314599,0.553253,-0.631213,-0.631213,0.020192,91985.000000,781957.000000,-0.501771
2019-08-12,10.670000,10.765000,9.520000,10.210000,85600,0.000000,0.000000,10.670000,10.765000,9.520000,10.210000,12.098500,14.620000,16.935500,18.510675,11.384589,12.603850,-1.219262,-1.180013,-0.039248,26.035104,12.098500,14.341508,9.855492,0.079025,0.919031,0.090013,-0.037700,-0.018269,-0.309202,-0.481989,-0.368974,-0.279972,0.557502,-0.645116,-0.645116,0.000000,92020.000000,873976.000000,-0.510286
2019-08-13,10.200000,10.830000,10.030000,10.320000,37400,0.000000,0.000000,10.200000,10.830000,10.030000,10.320000,11.929500,14.461800,16.845900,18.456775,11.220806,12.434676,-1.213871,-1.186785,-0.027086,27.578820,11.929500,14.173777,9.685223,0.141421,0.910529,0.088230,0.010774,-0.076923,-0.280836,-0.473469,-0.356609,-0.282337,0.563554,-0.641293,-0.641293,0.010774,87990.000000,385968.000000,-0.509913
2019-08-14,10.560000,11.560000,9.300000,10.710000,222100,0.000000,0.000000,10.560000,11.560000,9.300000,10.710000,11.776500,14.326200,16.767900,18.391025,11.142220,12.306922,-1.164702,-1.182368,0.017666,32.924037,11.776500,13.906796,9.646204,0.249683,1.006920,0.094017,0.037791,-0.048000,-0.218248,-0.488294,-0.346154,-0.200149,0.580452,-0.627737,-0.627737,0.048972,90120.000000,2378691.000000,-0.482131
2019-08-15,10.700000,10.725000,9.820000,10.400000,210500,0.000000,0.000000,10.700000,10.725000,9.820000,10.400000,11.611500,14.195800,16.684900,18.323875,11.028032,12.165669,-1.137636,-1.173422,0.035785,30.967502,11.611500,13.622347,9.600653,0.198759,0.999640,0.096119,-0.028945,-0.052823,-0.244735,-0.527916,-0.369315,-0.251799,0.580526,-0.638512,-0.638512,0.018609,95590.000000,2189200.000000,-0.511276
2019-08-16,10.500000,10.850000,9.750000,10.700000,249700,0.000000,0.000000,10.500000,10.850000,9.750000,10.700000,11.489000,14.065800,16.600600,18.256275,10.977566,12.057101,-1.079535,-1.154645,0.075110,34.993518,11.489000,13.401308,9.576692,0.293705,1.006808,0.094094,0.028846,0.008483,-0.218978,-0.500000,-0.415939,-0.236805,0.597726,-0.628085,-0.628085,0.047992,104500.000000,2671790.000000,-0.510198
2019-08-19,10.860000,11.650000,10.240000,11.550000,87700,0.000000,0.000000,10.860000,11.650000,10.240000,11.550000,11.430000,13.942800,16.527100,18.203475,11.065633,12.019538,-0.953905,-1.114497,0.160592,44.814008,11.430000,13.251763,9.608237,0.532935,1.035608,0.089663,0.079439,0.131244,-0.121673,-0.437683,-0.336207,-0.222222,0.664148,-0.598540,-0.598540,0.131244,103880.000000,1012935.000000,-0.476687
2019-08-20,11.430000,11.815000,11.000000,11.240000,85300,0.000000,0.000000,11.430000,11.815000,11.000000,11.240000,11.355000,13.816400,16.451300,18.142225,11.092458,11.961794,-0.869336,-1.065464,0.196129,42.303944,11.355000,13.070066,9.639934,0.466474,1.019850,0.090734,-0.026840,0.089147,-0.117046,-0.470061,-0.375902,-0.252162,0.661803,-0.609315,-0.609315,0.100881,100045.000000,958772.000000,-0.490976
2019-08-21,11.360000,13.080000,11.360000,12.590000,215600,0.000000,0.000000,11.360000,13.080000,11.360000,12.590000,11.339500,13.721800,16.389300,18.088025,11.322849,12.008328,-0.685479,-0.989467,0.303989,54.306685,11.339500,13.000527,9.678473,0.876424,1.078432,0.085658,0.120107,0.175537,-0.011774,-0.387646,-0.257665,-0.220433,0.791492,-0.562391,-0.562391,0.233105,108700.000000,2714404.000000,-0.422400
2019-08-22,12.760000,13.188000,11.870000,11.960000,116200,0.000000,0.000000,12.760000,13.188000,11.870000,11.960000,11.326500,13.611200,16.326100,18.028525,11.420873,12.004748,-0.583876,-0.908349,0.324473,49.166325,11.326500,12.962391,9.690609,0.693625,1.095544,0.091601,-0.050040,0.150000,-0.072868,-0.376109,-0.355950,-0.331096,0.809090,-0.584289,-0.584289,0.171401,112520.000000,1389752.000000,-0.423709
2019-08-23,11.910000,12.490000,10.710000,10.760000,78800,0.000000,0.000000,11.910000,12.490000,10.710000,10.760000,11.243500,13.451600,16.253700,17.964375,11.319200,11.912545,-0.593345,-0.845348,0.252003,41.172219,11.243500,12.812882,9.674118,0.345958,1.144434,0.106360,-0.100334,0.005607,-0.119476,-0.446217,-0.418693,-0.457935,0.861538,-0.625999,-0.625999,0.053869,114060.000000,847888.000000,-0.461244
2019-08-26,10.930000,11.315000,10.510000,10.870000,57900,0.000000,0.000000,10.930000,11.315000,10.510000,10.870000,11.168000,13.327200,16.171700,17.900925,11.250092,11.835319,-0.585227,-0.793324,0.208097,42.101539,11.168000,12.650027,9.685973,0.399462,1.120189,0.103053,0.010223,-0.058874,-0.124799,-0.455138,-0.406011,-0.452944,0.859912,-0.622176,-0.622176,0.064643,113555.000000,629373.000000,-0.487526
2019-08-27,11.000000,11.170000,10.422000,10.730000,66000,0.000000,0.000000,11.000000,11.170000,10.422000,10.730000,11.084500,13.165400,16.091700,17.832125,11.170078,11.753444,-0.583366,-0.751332,0.167967,41.209267,11.084500,12.458506,9.710494,0.370998,1.093604,0.101920,-0.012879,-0.045374,-0.133279,-0.434966,-0.403889,-0.455053,0.860320,-0.627042,-0.627042,0.050930,113500.000000,708180.000000,-0.472017
2019-08-28,10.510000,11.160000,10.270000,10.320000,105400,0.000000,0.000000,10.510000,11.160000,10.270000,10.320000,10.986000,12.967000,16.008000,17.761125,11.039297,11.647263,-0.607966,-0.722659,0.114693,38.627389,10.986000,12.276017,9.695983,0.241864,1.079061,0.104560,-0.038211,-0.180302,-0.167742,-0.450186,-0.445757,-0.451064,0.867265,-0.641293,-0.641293,0.010774,112120.000000,1087728.000000,-0.488396
2019-08-29,10.710000,11.300000,10.304000,10.880000,64400,0.000000,0.000000,10.710000,11.300000,10.304000,10.880000,10.924500,12.842000,15.939100,17.690575,11.014790,11.590428,-0.575639,-0.693255,0.117616,43.806068,10.924500,12.101194,9.747806,0.481091,1.073128,0.098633,0.054264,-0.090301,-0.114727,-0.406761,-0.387387,-0.453815,0.893010,-0.621828,-0.621828,0.065622,112065.000000,700672.000000,-0.476563
2019-08-30,10.940000,10.940000,10.450000,10.590000,66200,0.000000,0.000000,10.940000,10.940000,10.450000,10.590000,10.912500,12.761600,15.875500,17.627675,10.949437,11.516323,-0.566885,-0.667981,0.101096,41.837265,10.912500,12.098113,9.726887,0.363994,1.031476,0.097401,-0.026654,-0.015799,-0.125516,-0.419089,-0.415885,-0.437898,0.895730,-0.631908,-0.631908,0.037218,110935.000000,701058.000000,-0.504983
2019-09-03,10.490000,10.990000,9.530000,9.710000,68500,0.000000,0.000000,10.490000,10.990000,9.530000,9.710000,10.878000,12.663400,15.805200,17.566025,10.758755,11.382521,-0.623766,-0.659138,0.035372,36.479471,10.878000,12.162443,9.593557,0.045328,1.062085,0.109380,-0.083097,-0.106716,-0.103416,-0.444826,-0.456327,-0.433819,0.866620,-0.662496,-0.662496,0.000000,111250.000000,665135.000000,-0.490931
2019-09-04,9.850000,10.090000,9.400000,9.820000,90800,0.000000,0.000000,9.850000,10.090000,9.400000,9.820000,10.810000,12.561400,15.736200,17.504575,10.614331,11.266779,-0.652448,-0.657800,0.005352,37.555957,10.810000,12.168962,9.451038,0.135752,1.035507,0.105449,0.011329,-0.084809,-0.055769,-0.419622,-0.404488,-0.422693,0.857953,-0.658672,-0.658672,0.011329,109495.000000,891656.000000,-0.472608
2019-09-05,9.930000,10.980000,9.755000,10.650000,69700,0.000000,0.000000,9.930000,10.980000,9.755000,10.650000,10.780000,12.475400,15.681100,17.453925,10.619818,11.221091,-0.601273,-0.646495,0.045222,45.114254,10.780000,12.124478,9.435522,0.451654,1.049042,0.098502,0.084521,0.031977,-0.047406,-0.380814,-0.329767,-0.467500,0.869190,-0.629823,-0.629823,0.096807,108510.000000,742305.000000,-0.446637
2019-09-06,10.840000,11.110000,10.500000,10.500000,61000,0.000000,0.000000,10.840000,11.110000,10.500000,10.500000,10.756000,12.385400,15.628100,17.406125,10.601385,11.167677,-0.566292,-0.630454,0.064162,44.075932,10.756000,12.102581,9.409419,0.404944,1.017682,0.096922,-0.014085,-0.034926,-0.066667,-0.406780,-0.331210,-0.472627,0.869936,-0.635036,-0.635036,0.081359,105625.000000,640500.000000,-0.453404
2019-09-09,10.540000,10.830000,10.250000,10.460000,62200,0.000000,0.000000,10.540000,10.830000,10.250000,10.460000,10.748500,12.294400,15.574700,17.355825,10.579633,11.115257,-0.535623,-0.611488,0.075865,43.786523,10.748500,12.100166,9.396834,0.393280,0.986419,0.094304,-0.003810,-0.012276,-0.047359,-0.404328,-0.342552,-0.481151,0.866267,-0.636427,-0.636427,0.077240,105050.000000,650612.000000,-0.438108
2019-09-10,10.420000,11.700000,10.170000,11.500000,77700,0.000000,0.000000,10.420000,11.700000,10.170000,11.500000,10.813000,12.207200,15.522200,17.302875,10.721228,11.143756,-0.422528,-0.573696,0.151168,52.516475,10.813000,12.179503,9.446497,0.751372,1.025246,0.089152,0.099426,0.184346,0.083883,-0.336028,-0.287043,-0.498911,0.923619,-0.600278,-0.600278,0.184346,104655.000000,893550.000000,-0.369468
2019-09-11,11.520000,12.330000,11.250000,12.100000,73000,0.000000,0.000000,11.520000,12.330000,11.250000,12.100000,10.902000,12.139200,15.468900,17.255025,10.933347,11.214589,-0.281242,-0.515205,0.233963,56.694903,10.902000,12.361973,9.442027,0.910282,1.029157,0.085054,0.052174,0.232179,0.185113,-0.308176,-0.308176,-0.523434,0.923205,-0.579423,-0.579423,0.246138,106435.000000,883300.000000,-0.356549
2019-09-12,12.270000,13.340000,11.810000,13.070000,74500,0.000000,0.000000,12.270000,13.340000,11.810000,13.070000,11.020000,12.104400,15.428600,17.209075,11.262063,11.352027,-0.089964,-0.430157,0.340193,62.448076,11.020000,12.767756,9.272244,1.086466,1.064932,0.081479,0.080165,0.227230,0.266473,-0.302561,-0.256118,-0.486242,0.954957,-0.545707,-0.545707,0.346035,99055.000000,973715.000000,-0.348157
2019-09-13,13.090000,13.450000,12.230000,12.320000,104400,0.000000,0.000000,13.090000,13.450000,12.230000,12.320000,11.116000,12.045400,15.375900,17.154225,11.424822,11.423729,0.001094,-0.343907,0.345001,56.228006,11.116000,12.930032,9.301968,0.831857,1.076008,0.087338,-0.057383,0.173333,0.150327,-0.279111,-0.318961,-0.519313,0.980421,-0.571776,-0.571776,0.268795,93750.000000,1286208.000000,-0.327856
2019-09-16,11.960000,12.495000,11.660000,11.730000,44600,0.000000,0.000000,11.960000,12.495000,11.660000,11.730000,11.167500,11.970800,15.313100,17.099075,11.471773,11.446415,0.025357,-0.270054,0.295411,51.852564,11.167500,12.990267,9.344733,0.654298,1.058793,0.090264,-0.047890,0.121415,0.127885,-0.376727,-0.384736,-0.553143,0.991667,-0.592284,-0.592284,0.208033,83495.000000,523158.000000,-0.416054
2019-09-17,11.700000,12.190000,11.500000,11.840000,53200,0.000000,0.000000,11.700000,12.190000,11.500000,11.840000,11.182000,11.898800,15.246900,17.038275,11.528423,11.475570,0.052853,-0.205472,0.258326,52.593251,11.182000,13.022110,9.341890,0.678794,1.032451,0.087200,0.009378,0.029565,0.106542,-0.415020,-0.404127,-0.525261,0.988696,-0.588460,-0.588460,0.219361,81770.000000,629888.000000,-0.444206
2019-09-18,11.830000,11.990000,11.040000,11.130000,56100,0.000000,0.000000,11.830000,11.990000,11.040000,11.130000,11.176500,11.807000,15.156900,16.970725,11.467127,11.449972,0.017155,-0.160947,0.178102,47.512586,11.176500,13.016537,9.336463,0.487364,1.026562,0.092234,-0.059966,-0.080165,-0.036364,-0.350263,-0.414211,-0.559731,0.977263,-0.613139,-0.613139,0.146241,80310.000000,624393.000000,-0.374059
2019-09-19,11.030000,11.300000,10.800000,10.890000,30700,0.000000,0.000000,11.030000,11.300000,10.800000,10.890000,11.091500,11.712000,15.045800,16.903375,11.378338,11.408493,-0.030154,-0.134788,0.104634,45.898500,11.091500,12.809630,9.373370,0.441361,0.988950,0.090813,-0.021563,-0.166794,-0.031139,-0.254620,-0.435166,-0.574775,0.975605,-0.621481,-0.621481,0.121524,71065.000000,334323.000000,-0.270958
2019-09-20,10.880000,11.490000,10.793000,11.110000,264700,0.000000,0.000000,10.880000,11.490000,10.793000,11.110000,11.049000,11.631000,14.944100,16.834875,11.337056,11.386382,-0.049326,-0.117696,0.068370,47.653987,11.049000,12.718023,9.379977,0.518274,0.968096,0.087137,0.020202,-0.098214,-0.117554,-0.240082,-0.399784,-0.560522,0.877426,-0.613834,-0.613834,0.144181,78490.000000,2940817.000000,-0.250785
2019-09-23,10.860000,11.620000,10.860000,11.240000,33600,0.000000,0.000000,10.860000,11.620000,10.860000,11.240000,11.073000,11.560200,14.846600,16.768175,11.322124,11.375539,-0.053415,-0.104840,0.051425,48.713000,11.073000,12.738326,9.407674,0.550140,0.953232,0.084807,0.011701,-0.041773,-0.060201,-0.246649,-0.398931,-0.537258,0.862986,-0.609315,-0.609315,0.157570,76230.000000,377664.000000,-0.259984
2019-09-24,11.300000,11.530000,10.240000,10.360000,57700,0.000000,0.000000,11.300000,11.530000,10.240000,10.360000,11.047500,11.480400,14.740500,16.699125,11.174105,11.300314,-0.126209,-0.109114,-0.017095,42.452051,11.047500,12.741289,9.353711,0.297053,0.977287,0.094333,-0.078292,-0.125000,-0.037175,-0.307023,-0.458442,-0.571724,0.834088,-0.639903,-0.639903,0.066941,76220.000000,597772.000000,-0.320836
2019-09-25,10.490000,10.880000,10.000000,10.470000,58600,0.000000,0.000000,10.490000,10.880000,10.000000,10.470000,11.034500,11.415800,14.624600,16.631025,11.065781,11.238809,-0.173028,-0.121896,-0.051132,43.430797,11.034500,12.742481,9.326519,0.334746,0.970338,0.092678,0.010618,-0.059299,-0.036799,-0.302000,-0.446032,-0.566280,0.834153,-0.636079,-0.636079,0.078270,75850.000000,613542.000000,-0.323164
2019-09-26,10.480000,10.720000,9.650000,9.670000,86300,0.000000,0.000000,10.480000,10.720000,9.650000,9.670000,11.002000,11.333800,14.496800,16.551125,10.851046,11.122601,-0.271555,-0.151828,-0.119727,38.325615,11.002000,12.790085,9.213915,0.127534,0.977457,0.101081,-0.076409,-0.112029,-0.098788,-0.355763,-0.486185,-0.606911,0.874125,-0.663886,-0.663886,0.000000,74895.000000,834521.000000,-0.363657
2019-09-27,9.730000,9.950000,9.020000,9.570000,82700,0.000000,0.000000,9.730000,9.950000,9.020000,9.570000,10.936500,11.251200,14.373600,16.464675,10.653962,11.007594,-0.353632,-0.192189,-0.161443,37.728608,10.936500,12.835910,9.037090,0.140283,0.974067,0.101783,-0.010341,-0.138614,-0.072674,-0.396595,-0.490687,-0.604872,0.865471,-0.667362,-0.667362,0.000000,75810.000000,791439.000000,-0.388275
2019-09-30,9.550000,9.718000,8.800000,8.950000,115400,0.000000,0.000000,9.550000,9.718000,8.800000,8.950000,10.854500,11.167200,14.245800,16.365575,10.391814,10.855179,-0.463366,-0.246424,-0.216941,34.174220,10.854500,12.948526,8.760474,0.045254,0.970062,0.108387,-0.064786,-0.203737,-0.177390,-0.422581,-0.510394,-0.610531,0.865904,-0.688912,-0.688912,0.000000,78270.000000,1032830.000000,-0.411232
2019-10-01,9.010000,9.515000,9.010000,9.230000,80300,0.000000,0.000000,9.010000,9.515000,9.010000,9.230000,10.830500,11.097200,14.126400,16.276775,10.213073,10.734796,-0.521722,-0.301484,-0.220239,37.058149,10.830500,12.989744,8.671256,0.129384,0.941129,0.101964,0.031285,-0.109073,-0.128423,-0.376772,-0.487222,-0.641553,0.873277,-0.679180,-0.679180,0.031285,78860.000000,741169.000000,-0.352058
2019-10-02,8.830000,9.510000,8.650000,9.330000,87800,0.000000,0.000000,8.830000,9.510000,8.650000,9.330000,10.806000,11.029000,14.009000,16.192175,10.077216,10.630737,-0.553521,-0.351891,-0.201630,38.101181,10.806000,13.023845,8.588155,0.167245,0.935334,0.100250,0.010834,-0.108883,-0.039135,-0.388998,-0.510750,-0.621347,0.826942,-0.675704,-0.675704,0.042458,78710.000000,819174.000000,-0.341878
2019-10-03,9.300000,9.905000,9.260000,9.400000,44700,0.000000,0.000000,9.300000,9.905000,9.260000,9.400000,10.743500,10.959000,13.905900,16.119975,9.973029,10.539571,-0.566542,-0.394822,-0.171721,38.864896,10.743500,13.048591,8.438409,0.208580,0.914596,0.097297,0.007503,-0.027921,-0.042770,-0.391979,-0.498131,-0.617420,0.826352,-0.673271,-0.673271,0.050279,77460.000000,420180.000000,-0.356505
2019-10-04,9.410000,9.760000,9.260000,9.360000,36100,0.000000,0.000000,9.410000,9.760000,9.260000,9.360000,10.686500,10.901800,13.803500,16.054275,9.878717,10.452195,-0.573479,-0.430553,-0.142926,38.572031,10.686500,13.071923,8.301077,0.221957,0.884982,0.094549,-0.004255,-0.021944,-0.121127,-0.393782,-0.499197,-0.615132,0.765874,-0.674661,-0.674661,0.045810,76215.000000,337896.000000,-0.379470
2019-10-07,9.110000,9.510000,9.110000,9.360000,52200,0.000000,0.000000,9.110000,9.510000,9.110000,9.360000,10.631500,10.840600,13.687800,16.000025,9.798914,10.371292,-0.572378,-0.458918,-0.113460,38.572031,10.631500,13.088561,8.174439,0.241256,0.850341,0.090848,0.000000,0.045810,-0.108571,-0.404580,-0.473270,-0.610325,0.765328,-0.674661,-0.674661,0.045810,75715.000000,488592.000000,-0.381804
2019-10-08,9.220000,9.340000,8.860000,8.990000,48600,0.000000,0.000000,9.220000,9.340000,8.860000,8.990000,10.506000,10.772800,13.557400,15.946775,9.674466,10.268974,-0.594508,-0.486036,-0.108472,35.687114,10.506000,13.031728,7.980272,0.199888,0.825316,0.091804,-0.039530,-0.026002,-0.140535,-0.425192,-0.469617,-0.609640,0.774951,-0.687522,-0.687522,0.004469,74260.000000,436914.000000,-0.379017
2019-10-09,9.130000,9.350000,9.040000,9.140000,29000,0.000000,0.000000,9.130000,9.350000,9.040000,9.140000,10.358000,10.707600,13.434800,15.896475,9.592240,10.185346,-0.593106,-0.507450,-0.085656,37.720774,10.358000,12.836910,7.879090,0.254327,0.792079,0.086661,0.016685,-0.020364,-0.205217,-0.397098,-0.454002,-0.584167,0.680271,-0.682308,-0.682308,0.021229,72060.000000,265060.000000,-0.361434
2019-10-10,9.190000,9.620000,9.130000,9.230000,35100,0.000000,0.000000,9.190000,9.620000,9.130000,9.230000,10.166000,10.646400,13.321700,15.848075,9.536511,10.114580,-0.578069,-0.521574,-0.056495,38.967799,10.166000,12.336078,7.995922,0.284340,0.770502,0.083478,0.009847,-0.018085,-0.237190,-0.375507,-0.447966,-0.533838,0.646496,-0.679180,-0.679180,0.031285,70090.000000,323973.000000,-0.339923
2019-10-11,9.380000,10.290000,9.340000,9.400000,74100,0.000000,0.000000,9.380000,10.290000,9.340000,9.400000,10.020000,10.592200,13.203600,15.788775,9.515509,10.061648,-0.546139,-0.526487,-0.019652,41.356400,10.020000,11.960678,8.079322,0.340262,0.791181,0.084168,0.018418,0.004274,-0.280796,-0.344948,-0.418317,-0.491892,0.565935,-0.673271,-0.673271,0.050279,68575.000000,696540.000000,-0.320590
2019-10-14,9.300000,9.565000,8.960000,9.070000,43600,0.000000,0.000000,9.300000,9.565000,8.960000,9.070000,9.887000,10.557000,13.088700,15.715475,9.446969,9.988193,-0.541223,-0.529434,-0.011789,38.228708,9.887000,11.694250,8.079750,0.273966,0.777882,0.085764,-0.035106,-0.030983,-0.263799,-0.337956,-0.425949,-0.492161,0.549924,-0.684741,-0.684741,0.013408,68525.000000,395452.000000,-0.316777
2019-10-15,9.010000,9.600000,9.010000,9.350000,39800,0.000000,0.000000,9.010000,9.600000,9.010000,9.350000,9.762500,10.536000,12.990500,15.655525,9.432051,9.940919,-0.508868,-0.525321,0.016453,42.221496,9.762500,11.330494,8.194506,0.368463,0.764462,0.081761,0.030871,0.040044,-0.202899,-0.320988,-0.408228,-0.490741,0.556212,-0.675009,-0.675009,0.044693,67855.000000,372130.000000,-0.316528
2019-10-16,9.340000,9.650000,9.280000,9.350000,29400,0.000000,0.000000,9.340000,9.650000,9.280000,9.350000,9.673500,10.499400,12.889700,15.587425,9.419428,9.897147,-0.477720,-0.515801,0.038081,42.221496,9.673500,11.111339,8.235661,0.387505,0.736286,0.078747,0.000000,0.022976,-0.210304,-0.317518,-0.441791,-0.482281,0.553006,-0.675009,-0.675009,0.044693,66520.000000,274890.000000,-0.307398
2019-10-17,9.490000,9.520000,9.345000,9.450000,32600,0.000000,0.000000,9.490000,9.520000,9.345000,9.450000,9.601500,10.463400,12.784700,15.526675,9.424131,9.864025,-0.439894,-0.500619,0.060725,43.728078,9.601500,10.922302,8.280698,0.442648,0.696194,0.073671,0.010695,0.023835,-0.150943,-0.281369,-0.457831,-0.483607,0.527068,-0.671533,-0.671533,0.055866,66615.000000,308070.000000,-0.282641
2019-10-18,9.370000,9.573000,9.000000,9.080000,45500,0.000000,0.000000,9.370000,9.573000,9.000000,9.080000,9.500000,10.425400,12.685600,15.467125,9.371188,9.805949,-0.434761,-0.487448,0.052686,39.612378,9.500000,10.631073,8.368927,0.314336,0.687395,0.075704,-0.039153,-0.034043,-0.166208,-0.286724,-0.469006,-0.525849,0.536536,-0.684393,-0.684393,0.014525,55655.000000,413140.000000,-0.272756
2019-10-21,9.260000,9.500000,9.010000,9.190000,55200,0.000000,0.000000,9.260000,9.500000,9.010000,9.190000,9.397500,10.397000,12.589800,15.405825,9.343313,9.760323,-0.417011,-0.473360,0.056350,41.378876,9.397500,10.183586,8.611414,0.368017,0.673295,0.073264,0.012115,0.013230,-0.172817,-0.278650,-0.477544,-0.524081,0.531880,-0.680570,-0.680570,0.026816,56735.000000,507288.000000,-0.267935
2019-10-22,9.300000,9.590000,9.250000,9.400000,58800,0.000000,0.000000,9.300000,9.590000,9.250000,9.400000,9.349500,10.380800,12.500400,15.341425,9.352034,9.733633,-0.381599,-0.455008,0.073409,44.704450,9.349500,9.992306,8.706694,0.539281,0.653774,0.069550,0.022851,0.005348,-0.163701,-0.271318,-0.478068,-0.549377,0.538561,-0.673271,-0.673271,0.050279,56790.000000,552720.000000,-0.245217
2019-10-23,9.460000,9.880000,9.150000,9.210000,56600,0.000000,0.000000,9.460000,9.880000,9.150000,9.210000,9.286500,10.358600,12.410200,15.284075,9.330183,9.694845,-0.364663,-0.436939,0.072276,42.362830,9.286500,9.655640,8.917360,0.396381,0.659219,0.071576,-0.020213,-0.014973,-0.111004,-0.246318,-0.501083,-0.596583,0.476990,-0.679875,-0.679875,0.029050,56690.000000,521286.000000,-0.231904
2019-10-24,9.260000,9.260000,8.900000,9.070000,88200,0.000000,0.000000,9.260000,9.260000,8.900000,9.070000,9.256500,10.325800,12.326000,15.228475,9.290154,9.648560,-0.358406,-0.421232,0.062826,40.672297,9.256500,9.590236,8.922764,0.220588,0.637846,0.070325,-0.015201,-0.040212,-0.133715,-0.269726,-0.549429,-0.597961,0.474617,-0.684741,-0.684741,0.013408,56785.000000,799974.000000,-0.252391
2019-10-25,9.000000,9.230000,8.840000,8.940000,67900,0.000000,0.000000,9.000000,9.230000,8.840000,8.940000,9.225000,10.296600,12.246200,15.177025,9.236285,9.596074,-0.359790,-0.408944,0.049154,39.111512,9.225000,9.553024,8.896976,0.065581,0.620143,0.069367,-0.014333,-0.015419,-0.075491,-0.277868,-0.593636,-0.576303,0.402429,-0.689260,-0.689260,0.000000,56045.000000,607026.000000,-0.271813
2019-10-28,8.980000,9.105000,8.490000,8.620000,66800,0.000000,0.000000,8.980000,9.105000,8.490000,8.620000,9.208500,10.255000,12.160400,15.127525,9.141472,9.523773,-0.382301,-0.403615,0.021314,35.500188,9.208500,9.617878,8.799122,-0.218773,0.619775,0.071900,-0.035794,-0.062024,-0.099269,-0.304839,-0.594925,-0.638726,0.417328,-0.700382,-0.700382,0.000000,53615.000000,575816.000000,-0.311170
2019-10-29,8.610000,8.650000,8.090000,8.400000,92500,0.000000,0.000000,8.610000,8.650000,8.090000,8.400000,9.167000,10.192000,12.067400,15.086825,9.027399,9.440530,-0.413131,-0.405518,-0.007613,33.228592,9.167000,9.712763,8.621237,-0.202686,0.615506,0.073274,-0.025522,-0.106383,-0.061453,-0.316517,-0.599809,-0.647503,0.364888,-0.708029,-0.708029,0.000000,54225.000000,777000.000000,-0.328924
2019-10-30,8.450000,8.980000,8.260000,8.830000,51600,0.000000,0.000000,8.450000,8.980000,8.260000,8.830000,9.142000,10.143800,11.980100,15.049125,8.997030,9.395306,-0.398276,-0.404070,0.005794,41.154422,9.142000,9.701947,8.582053,0.221402,0.622969,0.070551,0.051190,-0.041260,-0.043337,-0.270851,-0.578922,-0.635425,0.393671,-0.693083,-0.693083,0.051190,52415.000000,455628.000000,-0.294628
2019-10-31,8.740000,9.290000,8.623000,9.250000,57000,0.000000,0.000000,8.740000,9.290000,8.623000,9.250000,9.134500,10.077000,11.899400,15.015725,9.035948,9.384542,-0.348594,-0.392975,0.044381,47.686262,9.134500,9.683814,8.585186,0.605131,0.626115,0.067688,0.047565,0.019846,-0.008574,-0.145891,-0.580689,-0.581637,0.427638,-0.678485,-0.678485,0.101190,53030.000000,527250.000000,-0.181909
2019-11-01,9.250000,10.350000,9.250000,9.750000,72100,0.000000,0.000000,9.250000,10.350000,9.250000,9.750000,9.154000,10.032800,11.822000,14.985175,9.145802,9.411613,-0.265811,-0.367542,0.101731,54.203445,9.154000,9.761615,8.546385,0.990442,0.659963,0.067689,0.054054,0.090604,0.037234,-0.062500,-0.565702,-0.584930,0.466644,-0.661105,-0.661105,0.160714,54830.000000,702975.000000,-0.147972
2019-11-04,9.960000,10.000000,9.500000,9.600000,56200,0.000000,0.000000,9.960000,10.000000,9.500000,9.600000,9.166000,10.009600,11.730600,14.954425,9.215679,9.425568,-0.209889,-0.336011,0.126123,52.106245,9.166000,9.799666,8.532334,0.842452,0.648538,0.067556,-0.015385,0.113689,0.025641,-0.141324,-0.561444,-0.590269,0.470149,-0.666319,-0.666319,0.142857,55030.000000,539520.000000,-0.217911
2019-11-05,9.650000,9.800000,9.440000,9.530000,35900,0.000000,0.000000,9.650000,9.800000,9.440000,9.530000,9.193000,9.982800,11.655000,14.928525,9.264036,9.433304,-0.169267,-0.302663,0.133395,51.112373,9.193000,9.840947,8.545053,0.760052,0.627928,0.065890,-0.007292,0.134524,0.018162,-0.152889,-0.561436,-0.600587,0.471143,-0.668752,-0.668752,0.134524,54395.000000,342127.000000,-0.225617
2019-11-06,9.530000,9.970000,9.200000,9.430000,50600,0.000000,0.000000,9.530000,9.970000,9.200000,9.430000,9.207500,9.956800,11.561100,14.896875,9.289569,9.433059,-0.143490,-0.270828,0.127338,49.655262,9.207500,9.863384,8.551616,0.669618,0.638076,0.067664,-0.010493,0.067950,0.048943,-0.141166,-0.554558,-0.600254,0.449706,-0.672228,-0.672228,0.122619,55475.000000,477158.000000,-0.187373
2019-11-07,9.630000,9.730000,9.095000,9.240000,39400,0.000000,0.000000,9.630000,9.730000,9.095000,9.240000,9.208000,9.935200,11.451100,14.871875,9.281943,9.418758,-0.136815,-0.244025,0.107210,46.918429,9.208000,9.863972,8.552028,0.524391,0.637856,0.069032,-0.020148,-0.001081,0.010941,-0.129123,-0.561462,-0.607810,0.453316,-0.678832,-0.678832,0.100000,55690.000000,364056.000000,-0.188851
2019-11-08,9.240000,9.340000,8.970000,9.010000,76600,0.000000,0.000000,9.240000,9.340000,8.970000,9.010000,9.188500,9.897800,11.369900,14.833975,9.240106,9.388480,-0.148374,-0.224895,0.076521,43.773213,9.188500,9.843626,8.533374,0.363767,0.618723,0.068671,-0.024892,-0.075897,-0.023835,-0.117532,-0.542872,-0.632095,0.460595,-0.686827,-0.686827,0.072619,55815.000000,690166.000000,-0.195348
2019-11-11,9.060000,9.060000,8.730000,8.950000,29400,0.000000,0.000000,9.060000,9.060000,8.730000,8.950000,9.182500,9.865000,11.313300,14.798825,9.195474,9.356000,-0.160526,-0.212021,0.051495,42.964079,9.182500,9.844359,8.520641,0.324358,0.598100,0.066827,-0.006659,-0.067708,-0.047872,-0.132752,-0.543367,-0.634992,0.455609,-0.688912,-0.688912,0.065476,55105.000000,263130.000000,-0.188628
2019-11-12,8.600000,8.860000,8.050000,8.730000,104800,0.000000,0.000000,8.600000,8.860000,8.050000,8.730000,9.151500,9.845400,11.254400,14.765875,9.123863,9.309629,-0.185767,-0.206770,0.021004,40.041423,9.151500,9.837949,8.465051,0.192985,0.619665,0.070981,-0.024581,-0.083945,-0.037486,-0.184874,-0.582895,-0.650660,0.447341,-0.696559,-0.696559,0.039286,58355.000000,914904.000000,-0.276481
2019-11-13,8.310000,8.530000,7.500000,8.270000,149700,0.000000,0.000000,8.310000,8.530000,7.500000,8.270000,9.097500,9.814400,11.187900,14.729725,8.992499,9.232620,-0.240121,-0.213441,-0.026680,34.722719,9.097500,9.881226,8.313774,-0.027927,0.663260,0.080201,-0.052692,-0.123012,-0.115508,-0.204808,-0.624603,-0.643073,0.464605,-0.712548,-0.712548,0.000000,64370.000000,1238019.000000,-0.296930
2019-11-14,8.090000,8.370000,7.830000,8.200000,201200,0.000000,0.000000,8.090000,8.370000,7.830000,8.200000,9.035000,9.765400,11.120400,14.695175,8.870576,9.156130,-0.285553,-0.227863,-0.057690,33.982974,9.035000,9.895930,8.174070,0.015059,0.654456,0.079812,-0.008464,-0.112554,-0.122995,-0.233645,-0.616822,-0.627949,0.464286,-0.714981,-0.714981,0.000000,72800.000000,1649840.000000,-0.307484
2019-11-15,8.300000,8.350000,7.500000,7.650000,49600,0.000000,0.000000,8.300000,8.350000,7.500000,7.650000,8.963500,9.708400,11.046900,14.650175,8.682795,9.044564,-0.361769,-0.254644,-0.107125,28.792596,8.963500,10.023257,7.903743,-0.119717,0.668423,0.087376,-0.067073,-0.150943,-0.190476,-0.337662,-0.627556,-0.654003,0.505725,-0.734098,-0.734098,0.000000,73005.000000,379440.000000,-0.404891
2019-11-18,7.630000,7.630000,6.950000,7.200000,81700,0.000000,0.000000,7.630000,7.630000,6.950000,7.200000,8.864000,9.643200,10.968800,14.600275,8.454673,8.907930,-0.453257,-0.294367,-0.158890,25.377375,8.864000,10.177515,7.550485,-0.133415,0.670679,0.093150,-0.058824,-0.195531,-0.207048,-0.359431,-0.660537,-0.653513,0.524485,-0.749739,-0.749739,0.000000,74330.000000,588240.000000,-0.435090
2019-11-19,7.270000,8.498000,7.270000,8.250000,121000,0.000000,0.000000,7.270000,8.498000,7.270000,8.250000,8.806500,9.578200,10.892700,14.553725,8.423185,8.859194,-0.436010,-0.322695,-0.113314,42.512062,8.806500,10.121903,7.491097,0.288468,0.715487,0.086726,0.145833,-0.054983,-0.102285,-0.344718,-0.598735,-0.588734,0.752160,-0.713243,-0.713243,0.145833,77440.000000,998250.000000,-0.413351
2019-11-20,8.450000,9.000000,8.250000,8.780000,111600,0.000000,0.000000,8.450000,9.000000,8.250000,8.780000,8.785000,9.511800,10.825500,14.513825,8.478079,8.853328,-0.375249,-0.333206,-0.042043,48.891338,8.785000,10.086618,7.483382,0.498079,0.717953,0.081771,0.064242,0.061669,-0.065957,-0.265886,-0.541993,-0.572125,0.783845,-0.694821,-0.694821,0.219444,80190.000000,979848.000000,-0.332876
2019-11-21,8.720000,9.630000,8.560000,9.440000,136100,0.000000,0.000000,8.720000,9.630000,8.560000,9.440000,8.803500,9.439200,10.771800,14.480925,8.626067,8.896785,-0.270718,-0.320709,0.049990,55.511853,8.803500,10.132406,7.474594,0.739483,0.743099,0.078718,0.075171,0.151220,0.024973,-0.122677,-0.514153,-0.572657,0.824693,-0.671880,-0.671880,0.311111,82585.000000,1284784.000000,-0.220001
2019-11-22,9.550000,10.880000,9.550000,10.580000,155000,0.000000,0.000000,9.550000,10.880000,9.550000,10.580000,8.885500,9.404400,10.724900,14.451275,8.926672,9.021468,-0.094796,-0.275526,0.180730,64.150183,8.885500,10.434102,7.336898,1.047106,0.792877,0.074941,0.120763,0.383007,0.166483,-0.026679,-0.469674,-0.511767,0.917386,-0.632256,-0.632256,0.469444,86940.000000,1639900.000000,-0.111497
2019-11-25,10.850000,10.880000,9.340000,9.380000,107000,0.000000,0.000000,10.850000,10.880000,9.340000,9.380000,8.923500,9.357400,10.664100,14.417275,8.996415,9.048026,-0.051611,-0.230743,0.179132,52.577229,8.923500,10.481937,7.365063,0.646461,0.846243,0.090218,-0.113422,0.302778,0.049217,-0.125815,-0.506056,-0.578616,1.008665,-0.673966,-0.673966,0.302778,88950.000000,1003660.000000,-0.228734
2019-11-26,9.090000,9.960000,9.090000,9.750000,135300,0.000000,0.000000,9.090000,9.960000,9.090000,9.750000,8.991000,9.315600,10.607200,14.385825,9.112351,9.100024,0.012327,-0.182129,0.194456,55.257459,8.991000,10.570765,7.411235,0.740226,0.847940,0.086968,0.039446,0.181818,0.131090,-0.055233,-0.480554,-0.581365,1.004770,-0.661105,-0.661105,0.354167,91090.000000,1319175.000000,-0.155915
2019-11-27,9.760000,10.084000,9.000000,9.010000,67000,0.000000,0.000000,9.760000,10.084000,9.000000,9.010000,9.000000,9.273200,10.540100,14.348975,9.096605,9.093355,0.003249,-0.145053,0.148303,49.260899,9.000000,10.577953,7.422047,0.503169,0.864802,0.095982,-0.075897,0.026196,0.072619,-0.171875,-0.508724,-0.604130,1.040316,-0.686827,-0.686827,0.251389,91860.000000,603670.000000,-0.263654
2019-11-29,8.980000,9.220000,8.310000,8.510000,39600,0.000000,0.000000,8.980000,9.220000,8.310000,8.510000,8.963000,9.225600,10.468800,14.309075,9.006358,9.050144,-0.043786,-0.124800,0.081014,45.655699,8.963000,10.550943,7.375057,0.357363,0.868030,0.102001,-0.055494,-0.098517,-0.036240,-0.196412,-0.533187,-0.645417,1.046713,-0.704206,-0.704206,0.181944,90990.000000,336996.000000,-0.284645
2019-12-02,8.490000,8.690000,7.890000,8.540000,88400,0.000000,0.000000,8.490000,8.690000,7.890000,8.540000,8.902500,9.174200,10.402600,14.260175,8.934611,9.012356,-0.077745,-0.115389,0.037644,45.911480,8.902500,10.456021,7.348979,0.383330,0.863171,0.101074,0.003525,-0.192817,-0.076757,-0.120494,-0.511721,-0.653409,1.032666,-0.703163,-0.703163,0.186111,91805.000000,754936.000000,-0.208609
2019-12-03,8.510000,8.510000,7.960000,8.300000,58200,0.000000,0.000000,8.510000,8.510000,7.960000,8.300000,8.837500,9.115400,10.337800,14.214675,8.836978,8.959588,-0.122610,-0.116833,-0.005777,44.122329,8.837500,10.376862,7.298138,0.325415,0.842944,0.101560,-0.028103,-0.115139,-0.148718,-0.154786,-0.509456,-0.659278,1.015732,-0.711505,-0.711505,0.152778,91905.000000,483060.000000,-0.222953
2019-12-04,8.400000,8.744000,8.162000,8.350000,41000,0.000000,0.000000,8.400000,8.744000,8.162000,8.350000,8.778500,9.075200,10.277800,14.166375,8.762058,8.914434,-0.152375,-0.123942,-0.028434,44.606643,8.778500,10.296411,7.260589,0.358852,0.824305,0.098719,0.006024,-0.143590,-0.130208,-0.215962,-0.514535,-0.663442,1.015876,-0.709767,-0.709767,0.159722,92160.000000,342350.000000,-0.271383
2019-12-05,8.390000,8.530000,7.940000,7.990000,66200,0.000000,0.000000,8.390000,8.530000,7.940000,7.990000,8.706500,9.025600,10.220700,14.121525,8.643280,8.845957,-0.202677,-0.139689,-0.062988,41.797607,8.706500,10.230888,7.182112,0.264988,0.807569,0.101073,-0.043114,-0.113208,-0.161595,-0.239048,-0.548588,-0.674939,1.024563,-0.722280,-0.722280,0.109722,92940.000000,528938.000000,-0.296758
2019-12-06,8.090000,8.800000,7.910000,8.480000,261400,0.000000,0.000000,8.090000,8.800000,7.910000,8.480000,8.668500,9.001800,10.167800,14.071075,8.618160,8.818849,-0.200689,-0.151889,-0.048800,46.716099,8.668500,10.174674,7.162326,0.437424,0.813457,0.095927,0.061327,-0.003525,-0.100742,-0.189293,-0.517084,-0.649152,1.050836,-0.705249,-0.705249,0.177778,104040.000000,2216672.000000,-0.259660
2019-12-09,8.470000,9.080000,8.425000,8.770000,63300,0.000000,0.000000,8.470000,9.080000,8.425000,8.770000,8.656500,8.985800,10.118500,14.022375,8.641520,8.815231,-0.173711,-0.156253,-0.017458,49.439366,8.656500,10.155022,7.157978,0.537871,0.802139,0.091464,0.034198,0.026932,-0.050866,-0.237391,-0.493649,-0.635949,1.056511,-0.695169,-0.695169,0.218056,103375.000000,555141.000000,-0.303900
2019-12-10,8.700000,9.550000,8.595000,9.320000,61400,0.000000,0.000000,8.700000,9.550000,8.595000,9.320000,8.675000,8.993200,10.080200,13.977475,8.745902,8.852621,-0.106719,-0.146346,0.039627,54.218345,8.675000,10.197719,7.152281,0.711792,0.813058,0.087238,0.062714,0.122892,0.034406,-0.229752,-0.467124,-0.636647,1.074371,-0.676051,-0.676051,0.294444,104975.000000,572248.000000,-0.284405
2019-12-11,9.480000,10.250000,9.300000,10.020000,76500,0.000000,0.000000,9.480000,10.250000,9.300000,10.020000,8.739500,9.009000,10.053100,13.937575,8.941917,8.939094,0.002823,-0.116512,0.119336,59.469176,8.739500,10.376988,7.102012,0.890995,0.822839,0.082120,0.075107,0.200000,0.119553,-0.233359,-0.465315,-0.626955,1.101380,-0.651721,-0.651721,0.391667,103560.000000,766530.000000,-0.289443
2019-12-12,9.970000,10.833000,9.950000,10.470000,106200,0.000000,0.000000,9.970000,10.833000,9.950000,10.470000,8.849500,9.031800,10.030400,13.896825,9.177007,9.052494,0.124512,-0.068307,0.192820,62.450695,8.849500,10.642392,7.056608,0.951923,0.827136,0.079001,0.044910,0.310388,0.199313,-0.150162,-0.387361,-0.636079,1.102062,-0.636079,-0.612079,0.454167,101385.000000,1111914.000000,-0.216278
2019-12-13,10.450000,10.450000,10.000000,10.280000,108700,0.000000,0.000000,10.450000,10.450000,10.000000,10.280000,8.953500,9.049400,10.004200,13.859425,9.346698,9.143420,0.203277,-0.013991,0.217268,60.429415,8.953500,10.827244,7.079756,0.853970,0.801627,0.077979,-0.018147,0.212264,0.243047,-0.123615,-0.453773,-0.619118,1.083259,-0.642683,-0.608381,0.427778,96760.000000,1117436.000000,-0.194914
2019-12-16,10.440000,10.450000,9.940000,10.250000,471600,0.000000,0.000000,10.440000,10.450000,9.940000,10.250000,9.083500,9.067200,9.984500,13.820025,9.485667,9.225389,0.260278,0.040863,0.219415,60.098661,9.083500,10.937125,7.229875,0.814654,0.780796,0.076175,-0.002918,0.168757,0.250000,-0.134291,-0.493577,-0.609524,1.082069,-0.643726,-0.570050,0.423611,117860.000000,4833900.000000,-0.211032
2019-12-17,10.360000,11.940000,10.360000,11.480000,429600,0.000000,0.000000,10.360000,11.940000,10.360000,11.480000,9.297500,9.109600,9.975100,13.788125,9.792488,9.392397,0.400090,0.112709,0.287382,67.864831,9.297500,11.222427,7.372573,1.066905,0.845739,0.073671,0.120000,0.231760,0.500654,0.031447,-0.329831,-0.518456,1.101798,-0.600973,-0.516224,0.594444,135255.000000,4931808.000000,-0.047548
2019-12-18,11.480000,11.890000,10.850000,11.570000,262900,0.000000,0.000000,11.480000,11.890000,10.850000,11.570000,9.463500,9.161200,9.967000,13.763525,10.065951,9.553701,0.512250,0.192617,0.319633,68.350245,9.463500,11.571942,7.355058,0.999539,0.859615,0.074297,0.007840,0.154691,0.606944,0.062443,-0.208077,-0.485778,1.063900,-0.597845,-0.512432,0.606944,142350.000000,3041753.000000,-0.016363
2019-12-19,11.560000,11.740000,10.790000,11.200000,93300,0.000000,0.000000,11.560000,11.740000,10.790000,11.200000,9.584500,9.202400,9.955000,13.740075,10.240420,9.675649,0.564771,0.267048,0.297723,64.065736,9.584500,11.802688,7.366312,0.864149,0.866071,0.077328,-0.031979,0.069723,0.357576,0.008101,-0.233926,-0.445819,0.984702,-0.610706,-0.528024,0.555556,141435.000000,1044960.000000,-0.086699
2019-12-20,11.110000,11.800000,10.910000,11.410000,669700,0.000000,0.000000,11.110000,11.800000,10.910000,11.410000,9.683000,9.246000,9.946200,13.718625,10.420356,9.804120,0.616236,0.336885,0.279350,65.391735,9.683000,12.044499,7.321501,0.865658,0.867780,0.076054,0.018750,0.109922,0.299544,0.015125,-0.235255,-0.419043,0.969394,-0.603406,-0.519174,0.584722,168115.000000,7641277.000000,-0.085030
2019-12-23,11.370000,13.000000,11.280000,12.330000,210200,0.000000,0.000000,11.370000,13.000000,11.280000,12.330000,9.770500,9.304600,9.948400,13.700725,10.714147,9.991222,0.722925,0.414093,0.308832,70.523466,9.770500,12.387774,7.153226,0.988963,0.928653,0.075317,0.080631,0.202927,0.306144,0.190154,-0.175251,-0.357813,0.973887,-0.571429,-0.480405,0.712500,170875.000000,2591766.000000,0.071057
2019-12-24,12.420000,13.260000,12.070000,13.010000,41500,0.000000,0.000000,12.420000,13.260000,12.070000,13.010000,9.952000,9.383400,9.970200,13.685125,11.067355,10.214835,0.852520,0.501779,0.350741,73.635276,9.952000,12.933385,6.970615,1.012849,0.947321,0.072815,0.055150,0.133275,0.229679,0.242598,-0.132667,-0.312004,0.908046,-0.547793,-0.451749,0.806944,167600.000000,539915.000000,0.134209
2019-12-26,13.030000,13.390000,12.760000,13.200000,43800,0.000000,0.000000,13.030000,13.390000,12.760000,13.200000,10.124500,9.460400,9.998200,13.663675,11.395454,10.435959,0.959496,0.593322,0.366174,74.446999,10.124500,13.437463,6.811537,0.964162,0.924655,0.070050,0.014604,0.140882,0.407249,0.365047,-0.120586,-0.379116,0.786354,-0.541189,-0.443742,0.833333,163025.000000,578160.000000,0.241554
2019-12-27,13.240000,13.240000,12.220000,13.010000,116600,0.000000,0.000000,13.240000,13.240000,12.220000,13.010000,10.324500,9.533600,10.016500,13.640875,11.643846,10.626628,1.017218,0.678101,0.339117,72.057810,10.324500,13.831446,6.817554,0.882883,0.931465,0.071596,-0.014394,0.161607,0.334359,0.359457,-0.179697,-0.451749,0.789577,-0.547793,-0.433609,0.806944,165505.000000,1516966.000000,0.225069
2019-12-30,13.030000,13.440000,12.750000,13.090000,68700,0.000000,0.000000,13.030000,13.440000,12.750000,13.090000,10.553500,9.606400,10.034900,13.615875,11.866331,10.809100,1.057231,0.753927,0.303304,72.458595,10.553500,14.158335,6.948665,0.851819,0.914218,0.069841,0.006149,0.147239,0.452830,0.462570,-0.155484,-0.386598,0.718540,-0.545012,-0.430126,0.818056,166960.000000,899283.000000,0.344229
2019-12-31,13.070000,13.720000,12.856000,13.180000,79700,0.000000,0.000000,13.070000,13.720000,12.856000,13.180000,10.785500,9.688400,10.056900,13.586450,12.068434,10.984722,1.083712,0.819884,0.263828,72.929020,10.785500,14.441592,7.129408,0.827467,0.910631,0.069092,0.006875,0.068938,0.548766,0.427952,-0.110061,-0.426208,0.667879,-0.541884,-0.412918,0.830556,166525.000000,1050446.000000,0.293427
2020-01-02,13.320000,13.320000,11.850000,12.200000,82500,0.000000,0.000000,13.320000,13.320000,11.850000,12.200000,10.980500,9.748600,10.072800,13.548100,12.088675,11.074743,1.013932,0.858694,0.155238,60.759172,10.980500,14.491562,7.469438,0.673665,0.950586,0.077917,-0.074355,-0.062260,0.428571,0.307610,-0.201048,-0.435185,0.744875,-0.575947,-0.456570,0.694444,167740.000000,1006500.000000,0.139736
2020-01-03,12.020000,12.560000,11.920000,12.290000,81100,0.000000,0.000000,12.020000,12.560000,11.920000,12.290000,11.177500,9.806400,10.093600,13.514550,12.119648,11.164762,0.954886,0.877932,0.076954,61.396283,11.177500,14.504423,7.850577,0.667197,0.928401,0.075541,0.007377,-0.068939,0.480723,0.307447,-0.205045,-0.414483,0.727039,-0.572819,-0.452561,0.706944,169745.000000,996719.000000,0.161554
2020-01-06,12.100000,12.620000,12.100000,12.250000,91500,0.000000,0.000000,12.100000,12.620000,12.100000,12.250000,11.390500,9.867200,10.112900,13.479400,12.139702,11.245150,0.894552,0.881256,0.013296,60.922849,11.390500,14.387259,8.393741,0.643405,0.899230,0.073406,-0.003255,-0.058417,0.467066,0.308761,-0.206606,-0.428904,0.729966,-0.574209,-0.454343,0.701389,171010.000000,1120875.000000,0.172337
2020-01-07,12.160000,13.060000,12.100000,12.530000,111800,0.000000,0.000000,12.160000,13.060000,12.100000,12.530000,11.593000,9.936400,10.131100,13.449500,12.199748,11.340324,0.859424,0.876890,-0.017466,63.069610,11.593000,14.294462,8.891538,0.673425,0.903570,0.072113,0.022857,-0.042781,0.568210,0.338675,-0.202926,-0.437612,0.693645,-0.564477,-0.441871,0.740278,163530.000000,1400854.000000,0.198875
2020-01-08,12.620000,13.128000,12.252000,12.580000,113400,0.000000,0.000000,12.620000,13.128000,12.252000,12.580000,11.783500,10.009200,10.152900,13.418900,12.258248,11.432152,0.826096,0.866731,-0.040635,63.455690,11.783500,14.165187,9.401813,0.667213,0.901601,0.071669,0.003990,-0.045524,0.483491,0.399333,-0.195652,-0.391683,0.681585,-0.562739,-0.439644,0.747222,166035.000000,1426572.000000,0.232475
2020-01-09,12.660000,13.263000,12.640000,12.880000,71600,0.000000,0.000000,12.660000,13.263000,12.640000,12.880000,11.961500,10.094400,10.174700,13.387650,12.353902,11.539400,0.814502,0.856285,-0.041783,65.768078,11.961500,14.086234,9.836766,0.716145,0.885987,0.068788,0.023847,0.055738,0.468643,0.409190,-0.150396,-0.362060,0.679773,-0.552311,-0.426281,0.788889,166545.000000,922208.000000,0.244751
2020-01-10,12.940000,13.200000,12.470000,12.500000,149100,0.000000,0.000000,12.940000,13.200000,12.470000,12.500000,12.085500,10.176400,10.184200,13.355650,12.376379,11.610556,0.765823,0.838193,-0.072369,60.542346,12.085500,14.013515,10.157485,0.607494,0.874845,0.069988,-0.029503,0.017087,0.341202,0.354280,-0.154263,-0.349974,0.680663,-0.565520,-0.443207,0.736111,170175.000000,1863750.000000,0.199819
2020-01-13,12.610000,12.775000,11.650000,11.740000,104000,0.000000,0.000000,12.610000,12.775000,11.650000,11.740000,12.149000,10.234600,10.189200,13.320250,12.278475,11.620144,0.658331,0.802220,-0.143890,51.695310,12.149000,13.931121,10.366879,0.385249,0.892713,0.076040,-0.060800,-0.041633,0.171657,0.248936,-0.181882,-0.366091,0.691992,-0.591936,-0.477060,0.630556,170065.000000,1220960.000000,0.097902
2020-01-14,11.640000,12.140000,11.370000,11.460000,54400,0.000000,0.000000,11.640000,12.140000,11.370000,11.460000,12.208000,10.278800,10.177900,13.283600,12.152555,11.608281,0.544274,0.750631,-0.206357,48.862340,12.208000,13.797288,10.618712,0.264674,0.883948,0.077133,-0.023850,-0.085395,0.094556,0.263506,-0.163504,-0.307134,0.687333,-0.601668,-0.489532,0.591667,167350.000000,623424.000000,0.114080
2020-01-15,11.440000,12.220000,10.910000,11.130000,107800,0.000000,0.000000,11.440000,12.220000,10.910000,11.130000,12.252000,10.306400,10.169600,13.247850,11.995239,11.572853,0.422386,0.684982,-0.262596,45.684717,12.252000,13.650294,10.853706,0.098797,0.914380,0.082155,-0.028796,-0.115262,0.082685,0.190374,-0.191721,-0.320098,0.692856,-0.613139,-0.504232,0.545833,149160.000000,1199814.000000,0.054158
2020-01-16,11.230000,11.590000,10.550000,10.730000,130100,0.000000,0.000000,11.230000,11.590000,10.550000,10.730000,12.214500,10.329000,10.169300,13.211500,11.800587,11.510420,0.290167,0.606019,-0.315852,42.109982,12.214500,13.734867,10.694133,0.011795,0.923353,0.086053,-0.035939,-0.166925,0.046829,0.147594,-0.216788,-0.326428,0.706720,-0.627042,-0.522049,0.490278,134185.000000,1395973.000000,-0.004169
2020-01-17,10.900000,10.990000,10.000000,10.890000,179600,0.000000,0.000000,10.900000,10.990000,10.000000,10.890000,12.180500,10.356200,10.169500,13.170600,11.660497,11.464463,0.196034,0.524022,-0.327988,43.997643,12.180500,13.789389,10.571611,0.098947,0.928113,0.085226,0.014911,-0.128800,-0.051394,0.152381,-0.171863,-0.313367,0.567813,-0.621481,-0.514922,0.512500,130020.000000,1955844.000000,0.001331
2020-01-21,10.760000,10.900000,9.900000,10.740000,86700,0.000000,0.000000,10.760000,10.900000,9.900000,10.740000,12.157500,10.382400,10.169600,13.130650,11.518882,11.410799,0.108083,0.440834,-0.332751,42.595351,12.157500,13.837010,10.477990,0.078002,0.933248,0.086895,-0.013774,-0.085179,-0.071737,0.182819,-0.156324,-0.318095,0.568078,-0.626694,-0.521604,0.491667,129690.000000,931158.000000,0.024433
2020-01-22,10.440000,10.930000,10.130000,10.180000,38700,0.000000,0.000000,10.440000,10.930000,10.130000,10.180000,12.096000,10.401200,10.168200,13.088100,11.312900,11.319628,-0.006728,0.351322,-0.358050,37.757093,12.096000,13.969622,10.222378,-0.011309,0.923730,0.090740,-0.052142,-0.111693,-0.091071,0.107726,-0.200942,-0.307954,0.585108,-0.646159,-0.546548,0.413889,98140.000000,393966.000000,-0.041825
2020-01-23,10.070000,10.710000,9.330000,10.090000,59100,0.000000,0.000000,10.070000,10.710000,9.330000,10.090000,11.984000,10.422800,10.160300,13.049700,11.124762,11.228545,-0.103783,0.260301,-0.364084,37.029130,11.984000,14.056023,9.911977,0.042959,0.956321,0.094779,-0.008841,-0.093441,-0.115688,0.073404,-0.217829,-0.359772,0.579436,-0.649287,-0.550557,0.401389,90585.000000,596319.000000,-0.086780
2020-01-24,10.100000,10.190000,9.570000,9.630000,37800,0.000000,0.000000,10.100000,10.190000,9.570000,9.630000,11.815000,10.436400,10.150700,13.013100,10.894798,11.110134,-0.215336,0.165173,-0.380509,33.476493,11.815000,14.077300,9.552700,0.017084,0.932298,0.096812,-0.045590,-0.102516,-0.218978,0.045603,-0.211948,-0.323736,0.503894,-0.665276,-0.571047,0.337500,90400.000000,364014.000000,-0.101583
2020-01-27,9.340000,9.890000,9.230000,9.650000,79500,0.000000,0.000000,9.340000,9.890000,9.230000,9.650000,11.637500,10.454800,10.150100,12.977650,10.703291,11.001976,-0.298685,0.072402,-0.371087,33.773997,11.637500,13.997222,9.277778,0.078870,0.912848,0.094596,0.002077,-0.113866,-0.258263,0.063947,-0.223027,-0.418324,0.446042,-0.664581,-0.570156,0.340278,92185.000000,767175.000000,-0.052536
2020-01-28,9.860000,11.160000,9.860000,11.120000,107800,0.000000,0.000000,9.860000,11.160000,9.860000,11.120000,11.543000,10.511800,10.163100,12.949650,10.767400,11.010719,-0.243319,0.009258,-0.252576,51.088223,11.543000,13.821264,9.264736,0.407166,0.955502,0.085926,0.152332,0.035382,-0.157576,0.243848,-0.101777,-0.304130,0.724538,-0.613486,-0.504677,0.544444,91745.000000,1198736.000000,0.119313
2020-01-29,11.080000,11.910000,10.030000,11.900000,130300,0.000000,0.000000,11.080000,11.910000,10.030000,11.900000,11.483500,10.585800,10.175600,12.928350,10.941646,11.076591,-0.134945,-0.019583,-0.115362,57.445638,11.483500,13.651121,9.315879,0.596073,1.021538,0.085843,0.070144,0.168959,-0.085319,0.380510,-0.040323,-0.223238,0.771590,-0.586375,-0.469933,0.652778,94825.000000,1550570.000000,0.266510
2020-01-30,11.710000,13.350000,11.710000,12.900000,238000,0.000000,0.000000,11.710000,13.350000,11.710000,12.900000,11.469500,10.690800,10.199600,12.913850,11.242931,11.211659,0.031273,-0.009412,0.040685,63.920338,11.469500,13.594177,9.344823,0.836639,1.065713,0.082613,0.084034,0.278494,-0.014515,0.535714,0.049634,-0.167742,0.828497,-0.551616,-0.425390,0.791667,102740.000000,3070200.000000,0.412228
2020-01-31,12.750000,12.870000,11.720000,12.290000,109300,0.000000,0.000000,12.750000,12.870000,11.720000,12.290000,11.474000,10.792600,10.217900,12.896300,11.404019,11.291536,0.112483,0.014967,0.097516,58.111951,11.474000,13.605561,9.342439,0.691409,1.073877,0.087378,-0.047287,0.276220,-0.067527,0.391846,0.014864,-0.186631,0.844381,-0.572819,-0.452561,0.706944,104080.000000,1343297.000000,0.289852
2020-02-03,12.360000,12.470000,11.440000,12.370000,89700,0.000000,0.000000,12.360000,12.470000,11.440000,12.370000,11.478000,10.875000,10.226600,12.874400,11.552631,11.371422,0.181209,0.048216,0.132994,58.642729,11.478000,13.616298,9.339702,0.708577,1.070743,0.086560,0.006509,0.281865,0.013934,0.337297,0.142198,-0.257057,0.802533,-0.570038,-0.448998,0.718056,104510.000000,1109589.000000,0.218991
2020-02-04,12.850000,13.550000,12.640000,13.070000,87800,0.000000,0.000000,12.850000,13.550000,12.640000,13.070000,11.519000,10.960800,10.236300,12.852600,11.786073,11.497243,0.288830,0.096338,0.192492,63.054177,11.519000,13.749099,9.288901,0.847742,1.078547,0.082521,0.056589,0.175360,0.063466,0.340513,0.256731,-0.239232,0.824625,-0.545707,-0.417817,0.815278,104325.000000,1147546.000000,0.211546
2020-02-05,13.180000,13.550000,12.560000,13.490000,61000,0.000000,0.000000,13.180000,13.550000,12.560000,13.490000,11.567000,11.041800,10.240500,12.834550,12.048215,11.644854,0.403361,0.157743,0.245618,65.436409,11.567000,13.926305,9.207695,0.907535,1.072222,0.079483,0.032135,0.133613,0.101224,0.405208,0.206619,-0.231777,0.829709,-0.531109,-0.399109,0.873611,101785.000000,822890.000000,0.277679
2020-02-06,13.600000,13.900000,13.400000,13.520000,42500,0.000000,0.000000,13.600000,13.900000,13.400000,13.520000,11.614000,11.100600,10.252500,12.814200,12.274644,11.783754,0.490890,0.224372,0.266517,65.606996,11.614000,14.092704,9.135296,0.884475,1.031349,0.076283,0.002224,0.048062,0.079010,0.418678,0.201778,-0.193317,0.827456,-0.530066,-0.397773,0.877778,98240.000000,574600.000000,0.283821
2020-02-07,13.490000,13.760000,12.990000,13.460000,22700,0.000000,0.000000,13.490000,13.760000,12.990000,13.460000,11.643000,11.182200,10.269800,12.791450,12.457006,11.907920,0.549086,0.289315,0.259771,64.916916,11.643000,14.196512,9.089488,0.855784,1.012681,0.075236,-0.004438,0.095199,0.069952,0.427359,0.225865,-0.159800,0.828084,-0.532152,-0.400445,0.869444,95795.000000,305542.000000,0.295398
2020-02-10,13.340000,14.900000,13.189000,14.770000,45700,0.000000,0.000000,13.340000,14.900000,13.189000,14.770000,11.756500,11.282600,10.299100,12.773000,12.812851,12.119926,0.692925,0.370037,0.322888,71.873159,11.756500,14.649615,8.863385,1.020805,1.062561,0.071940,0.097325,0.194018,0.146739,0.598485,0.392083,-0.105391,0.886788,-0.486618,-0.342094,1.051389,90625.000000,674989.000000,0.456939
2020-02-11,14.790000,15.490000,13.280000,13.700000,57800,0.000000,0.000000,14.790000,15.490000,13.280000,13.700000,11.854500,11.376400,10.324800,12.740850,12.949336,12.236969,0.712367,0.438503,0.273864,61.199318,11.854500,14.875232,8.833768,0.805472,1.144521,0.083542,-0.072444,0.048202,0.096000,0.520533,0.341822,-0.153276,0.921449,-0.523810,-0.389755,0.902778,88315.000000,791860.000000,0.383236
2020-02-12,13.830000,14.010000,13.460000,13.690000,45900,0.000000,0.000000,13.830000,14.010000,13.460000,13.690000,11.966000,11.480000,10.352800,12.699300,13.063284,12.344601,0.718683,0.494539,0.224144,61.107980,11.966000,15.088337,8.843663,0.776075,1.102055,0.080501,-0.000730,0.014826,0.166099,0.529609,0.326550,-0.146509,0.889588,-0.524157,-0.390200,0.901389,87890.000000,628371.000000,0.380550
2020-02-13,13.670000,13.880000,12.620000,13.270000,77200,0.000000,0.000000,13.670000,13.880000,12.620000,13.270000,12.073000,11.574600,10.374400,12.659250,13.095087,12.413149,0.681938,0.532019,0.149919,57.243706,12.073000,15.221273,8.924727,0.690104,1.113337,0.083899,-0.030679,-0.018491,0.157941,0.520046,0.239029,-0.189866,0.893052,-0.538756,-0.408909,0.843056,86360.000000,1024444.000000,0.375588
2020-02-14,13.360000,14.190000,12.830000,13.220000,50700,0.000000,0.000000,13.360000,14.190000,12.830000,13.220000,12.197500,11.673000,10.394200,12.620400,13.114304,12.472916,0.641389,0.553893,0.087496,56.783347,12.197500,15.318977,9.076023,0.663785,1.130956,0.085549,-0.003768,-0.017831,0.187781,0.598549,0.271154,-0.198302,0.884060,-0.540494,-0.411136,0.836111,82390.000000,670254.000000,0.451288
2020-02-18,13.150000,14.120000,12.850000,13.640000,43600,0.000000,0.000000,13.150000,14.120000,12.850000,13.640000,12.335000,11.778800,10.427000,12.583750,13.195180,12.559366,0.635814,0.570277,0.065537,59.714141,12.335000,15.456245,9.213755,0.709051,1.140888,0.083643,0.031770,-0.076506,0.271202,0.663415,0.274766,-0.255459,0.871086,-0.525895,-0.392428,0.894444,75590.000000,594704.000000,0.515553
2020-02-19,13.710000,14.960000,13.710000,14.280000,53600,0.000000,0.000000,13.710000,14.960000,13.710000,14.280000,12.512000,11.904600,10.465100,12.544850,13.362076,12.686821,0.675255,0.591273,0.083982,63.748508,12.512000,15.653831,9.370169,0.781365,1.153681,0.080790,0.046921,0.042336,0.311295,0.866667,0.236364,-0.179310,0.879050,-0.503650,-0.363920,0.983333,73935.000000,765408.000000,0.717226
2020-02-20,14.250000,14.590000,13.785000,14.490000,47200,0.000000,0.000000,14.250000,14.590000,13.785000,14.490000,12.727500,12.024800,10.513300,12.505050,13.535602,12.820389,0.715213,0.616061,0.099152,64.987503,12.727500,15.785989,9.669011,0.788133,1.128776,0.077900,0.014706,0.058437,0.349162,1.012500,0.289146,-0.195447,0.873065,-0.496350,-0.354566,1.012500,74360.000000,683928.000000,0.872028
2020-02-21,14.520000,14.690000,14.050000,14.310000,61800,0.000000,0.000000,14.520000,14.690000,14.050000,14.310000,12.938500,12.135600,10.560700,12.467150,13.654741,12.930731,0.724010,0.637651,0.086359,62.999936,12.938500,15.807230,10.069770,0.739043,1.093863,0.076440,-0.012422,0.078372,0.405697,0.734545,0.136616,-0.156250,0.844521,-0.502607,-0.362584,0.987500,74495.000000,884358.000000,0.617176
2020-02-24,13.710000,17.030001,12.720000,16.330000,115600,0.000000,0.000000,13.710000,17.030001,12.720000,16.330000,13.273500,12.275800,10.634500,12.440150,14.066319,13.182529,0.883790,0.686878,0.196912,72.985164,13.273500,16.079593,10.467407,1.044618,1.323587,0.081052,0.141160,0.235250,0.618434,0.859909,0.365385,-0.120625,0.939733,-0.432395,-0.272606,1.268056,78385.000000,1887748.000000,0.778453
2020-02-25,16.430000,20.490000,16.389999,17.139999,174500,0.000000,0.000000,16.430000,20.490000,16.389999,17.139999,13.648000,12.418200,10.713600,12.420000,14.539193,13.475675,1.063518,0.762206,0.301312,75.804855,13.648000,16.416899,10.879101,1.130575,1.526188,0.089042,0.049602,0.256598,0.779855,0.815678,0.592937,-0.074014,0.907198,-0.404241,-0.236526,1.380555,83135.000000,2990929.825500,0.761670
2020-02-26,17.190001,18.110001,14.680000,15.250000,102800,0.000000,0.000000,17.190001,18.110001,14.680000,15.250000,13.854500,12.513800,10.772800,12.390900,14.648548,13.607106,1.041442,0.818053,0.223388,60.054035,13.854500,16.439480,11.269520,0.769925,1.662175,0.108995,-0.110268,0.067927,0.580311,0.441399,0.402944,-0.166667,1.025475,-0.469934,-0.320713,1.118056,82885.000000,1567700.000000,0.387302
2020-02-27,15.050000,15.460000,13.920000,13.990000,112100,0.000000,0.000000,15.050000,15.460000,13.920000,13.990000,13.959000,12.588000,10.818700,12.362300,14.547233,13.635469,0.911764,0.836796,0.074968,52.258331,13.959000,16.374737,11.543263,0.506416,1.653448,0.118188,-0.082623,-0.034507,0.258094,0.491471,0.303821,-0.222778,0.976752,-0.513730,-0.376837,0.943056,81975.000000,1568279.000000,0.499118
2020-02-28,13.620000,15.190000,12.962000,14.110000,91400,0.000000,0.000000,13.620000,15.190000,12.962000,14.110000,14.019500,12.665200,10.866200,12.334850,14.479966,13.670619,0.809347,0.831306,-0.021959,52.885612,14.019500,16.383622,11.655378,0.519140,1.694487,0.120091,0.008578,-0.013976,0.185714,0.447179,0.367248,-0.242213,0.954221,-0.509559,-0.371492,0.959722,74645.000000,1289654.000000,0.456495
2020-03-02,14.170000,15.000000,13.430000,14.790000,85400,0.000000,0.000000,14.170000,15.000000,13.430000,14.790000,14.144500,12.731400,10.920500,12.304150,14.527664,13.753536,0.774127,0.819870,-0.045743,56.382917,14.144500,16.384711,11.904289,0.644071,1.685595,0.113969,0.048193,-0.094305,0.146512,0.641509,0.359375,-0.167230,0.926797,-0.485923,-0.341203,1.054167,73450.000000,1263066.000000,0.613137
2020-03-03,14.750000,15.010000,14.158000,14.640000,62100,0.000000,0.000000,14.750000,15.010000,14.158000,14.640000,14.258000,12.792800,10.977000,12.267200,14.544946,13.819200,0.725746,0.801045,-0.075299,55.405898,14.258000,16.344403,12.171597,0.591545,1.626053,0.111069,-0.010142,-0.145858,0.191212,0.720329,0.382436,-0.192499,0.907536,-0.491137,-0.347884,1.033333,72070.000000,909144.000000,0.718180
2020-03-04,14.960000,16.410000,14.960000,15.940000,45200,0.000000,0.000000,14.960000,16.410000,14.960000,15.940000,14.401500,12.887600,11.045000,12.239900,14.759570,13.976296,0.783273,0.797491,-0.014218,61.614076,14.401500,16.538052,12.264948,0.860043,1.636335,0.102656,0.088798,0.045246,0.288601,0.866511,0.641607,-0.107503,0.947533,-0.445951,-0.289978,1.213889,69940.000000,720488.000000,0.813978
2020-03-05,15.600000,16.299999,15.080000,15.450000,44300,0.000000,0.000000,15.600000,16.299999,15.080000,15.450000,14.499500,12.968400,11.107200,12.214450,14.865790,14.085460,0.780330,0.794059,-0.013729,58.318506,14.499500,16.639814,12.359186,0.722047,1.606597,0.103987,-0.030740,0.104360,0.182096,0.861446,0.573320,-0.063069,0.946172,-0.462982,-0.311804,1.145833,69105.000000,684435.000000,0.835867
2020-03-06,15.000000,15.930000,14.700000,15.410000,69600,0.000000,0.000000,15.000000,15.930000,14.700000,15.410000,14.594000,13.030000,11.167300,12.185450,14.949514,14.183574,0.765941,0.788435,-0.022494,58.045565,14.594000,16.719062,12.468938,0.691994,1.579697,0.102511,-0.002589,0.092133,0.142328,0.845509,0.446948,-0.030208,0.943428,-0.464373,-0.313586,1.140278,70460.000000,1072536.000000,0.844464
2020-03-09,14.790000,15.010000,13.852000,14.220000,48000,0.000000,0.000000,14.790000,15.010000,13.852000,14.220000,14.632000,13.054200,11.218800,12.153750,14.837281,14.186272,0.651009,0.760950,-0.109941,50.476796,14.632000,16.698042,12.565958,0.400292,1.578147,0.110981,-0.077223,-0.038540,0.051775,0.779725,0.354286,-0.094268,0.988637,-0.505735,-0.366592,0.975000,71725.000000,682560.000000,0.852066
2020-03-10,14.770000,15.978000,13.660000,15.710000,167700,0.000000,0.000000,14.770000,15.978000,13.660000,15.710000,14.679000,13.104400,11.282400,12.136450,14.971546,14.299141,0.672405,0.743241,-0.070836,57.882158,14.679000,16.800289,12.557711,0.743013,1.630994,0.103819,0.104782,0.073087,0.167162,0.852594,0.501912,-0.012571,1.047222,-0.453945,-0.300223,1.181944,77825.000000,2634567.000000,0.888669
2020-03-11,15.130000,15.250000,13.630000,14.860000,144400,0.000000,0.000000,15.130000,15.250000,13.630000,14.860000,14.737000,13.141400,11.337500,12.113600,14.954385,14.340686,0.613699,0.717333,-0.103634,53.012143,14.737000,16.808430,12.665569,0.529690,1.663066,0.111916,-0.054106,-0.067754,0.006093,0.694413,0.292174,-0.078735,1.018070,-0.483490,-0.338085,1.063889,82155.000000,2145784.000000,0.772097
2020-03-12,14.800000,15.680000,13.930000,14.970000,147800,0.000000,0.000000,14.800000,15.680000,13.930000,14.970000,14.801000,13.179000,11.392700,12.088700,14.956787,14.387302,0.569486,0.687763,-0.118278,53.556730,14.801000,16.814511,12.787489,0.541967,1.669275,0.111508,0.007402,-0.031068,0.092701,0.606223,0.237190,-0.144082,0.981185,-0.479666,-0.333185,1.079167,87250.000000,2212566.000000,0.770377
2020-03-13,16.090000,16.950001,11.610000,15.500000,175300,0.000000,0.000000,16.090000,16.950001,11.610000,15.500000,14.912500,13.225400,11.456900,12.071250,15.040358,14.469724,0.570635,0.664338,-0.093703,56.191298,14.912500,16.812836,13.012164,0.654578,1.931470,0.124611,0.035404,0.005840,0.132213,0.546906,0.185922,-0.117814,0.986021,-0.461244,-0.309577,1.152778,92155.000000,2717150.000000,0.636941
2020-03-16,14.090000,14.750000,12.830000,14.320000,122700,0.000000,0.000000,14.090000,14.750000,12.830000,14.320000,14.967500,13.267800,11.508200,12.049000,14.929534,14.458633,0.470901,0.625650,-0.154749,49.463645,14.967500,16.719466,13.215534,0.315208,1.984222,0.138563,-0.076129,0.007032,0.079126,0.367717,0.162338,-0.208402,1.020313,-0.502259,-0.362138,0.988889,95755.000000,1757064.000000,0.575663
2020-03-17,14.800000,17.469999,14.080000,16.250000,162100,0.000000,0.000000,14.800000,17.469999,14.080000,16.250000,15.098000,13.347000,11.576700,12.038550,15.132683,14.591327,0.541356,0.608791,-0.067436,58.265090,15.098000,16.822225,13.373775,0.834063,2.084635,0.128285,0.134777,0.034373,0.229198,0.580739,0.385337,-0.147653,1.112976,-0.435176,-0.276169,1.256944,101680.000000,2634125.000000,0.741028
2020-03-18,15.500000,16.900000,14.470000,15.490000,130200,0.000000,0.000000,15.500000,16.900000,14.470000,15.490000,15.158500,13.411800,11.639500,12.024850,15.187655,14.657895,0.529759,0.592985,-0.063226,54.257779,15.158500,16.846404,13.470596,0.598199,2.109304,0.136172,-0.046769,0.042396,0.135630,0.511220,0.308277,-0.220433,1.128704,-0.461592,-0.310022,1.151389,105510.000000,2016798.000000,0.718202
2020-03-19,15.750000,16.000000,14.410000,15.160000,100300,0.000000,0.000000,15.750000,16.000000,14.410000,15.160000,15.192000,13.464400,11.700400,12.013200,15.183400,14.695088,0.488312,0.572050,-0.083739,52.567166,15.192000,16.850377,13.533623,0.490352,2.072210,0.136689,-0.021304,0.012692,0.061625,0.320557,0.362084,-0.202105,1.124133,-0.473062,-0.324722,1.105556,108165.000000,1520548.000000,0.510143
2020-03-20,15.370000,15.753000,12.900000,15.000000,187600,0.000000,0.000000,15.370000,15.753000,12.900000,15.000000,15.226500,13.512800,11.761000,12.003600,15.155185,14.717674,0.437510,0.545142,-0.107632,51.725618,15.226500,16.835596,13.617404,0.429619,2.127981,0.141865,-0.010554,-0.032258,0.035197,0.296456,0.377410,-0.221992,1.124845,-0.478624,-0.331849,1.083333,114455.000000,2814000.000000,0.517149
2020-03-23,15.390000,15.980000,13.700000,14.750000,56300,0.000000,0.000000,15.390000,15.980000,13.700000,14.750000,15.147500,13.550200,11.822300,11.991350,15.092849,14.720069,0.372780,0.510670,-0.137890,50.368774,15.147500,16.681890,13.613110,0.370470,2.138840,0.145006,-0.016667,0.030028,0.030748,0.316964,0.327633,-0.203133,1.125721,-0.487313,-0.342984,1.048611,111490.000000,830425.000000,0.544994
2020-03-24,15.400000,15.800000,13.110000,13.710000,93900,0.000000,0.000000,15.400000,15.800000,13.110000,13.710000,14.976000,13.574400,11.875400,11.971400,14.880103,14.645249,0.234854,0.455507,-0.220653,45.072023,14.976000,16.328680,13.623320,0.032040,2.178208,0.158877,-0.070508,-0.156308,-0.160441,0.201578,0.219751,-0.266845,1.035447,-0.523462,-0.389310,0.904167,107460.000000,1287369.000000,0.370441
2020-03-25,14.150000,14.822000,12.510000,13.080000,76300,0.000000,0.000000,14.150000,14.822000,12.510000,13.080000,14.867500,13.601200,11.917900,11.949000,14.603164,14.529305,0.073859,0.379177,-0.305318,42.178474,14.867500,16.455320,13.279680,-0.062879,2.187765,0.167260,-0.045952,-0.155584,-0.236873,0.060827,0.262548,-0.316257,1.023295,-0.545360,-0.417372,0.816667,106135.000000,998004.000000,0.235365
2020-03-26,13.150000,15.550000,13.150000,15.060000,69500,0.000000,0.000000,13.150000,15.550000,13.150000,15.060000,14.921000,13.673200,11.976000,11.937700,14.673446,14.568615,0.104831,0.324308,-0.219477,52.499665,14.921000,16.455541,13.386459,0.545290,2.207924,0.146609,0.151376,-0.006596,-0.012459,0.157571,0.438395,-0.203175,1.101386,-0.476538,-0.329176,1.091667,104005.000000,1046670.000000,0.286618
2020-03-27,14.610000,14.800000,13.210000,13.420000,53500,0.000000,0.000000,14.610000,14.800000,13.210000,13.420000,14.886500,13.719000,12.012700,11.917350,14.480608,14.483533,-0.002924,0.258861,-0.261786,45.288699,14.886500,16.525296,13.247704,0.052568,2.182358,0.162620,-0.108898,-0.105333,-0.040743,0.016667,0.387797,-0.286929,1.130095,-0.533542,-0.402227,0.863889,102110.000000,717970.000000,0.185138
2020-03-30,13.590000,14.330000,13.020000,13.900000,50100,0.000000,0.000000,13.590000,14.330000,13.020000,13.900000,14.842000,13.782400,12.055700,11.893150,14.391284,14.440308,-0.049024,0.197284,-0.246308,47.559033,14.842000,16.539126,13.144874,0.222472,2.120047,0.152521,0.035768,-0.057627,-0.014883,0.068409,0.452456,-0.260245,1.136491,-0.516858,-0.380846,0.930556,100345.000000,696390.000000,0.205249
2020-03-31,13.960000,14.100000,11.090000,12.110000,210600,0.000000,0.000000,13.960000,14.100000,11.090000,12.110000,14.715500,13.806800,12.081500,11.868250,14.040317,14.267693,-0.227375,0.112352,-0.339728,40.765416,14.715500,16.807293,12.623707,-0.122791,2.183615,0.180315,-0.128777,-0.116703,-0.181204,-0.074866,0.353073,-0.337527,1.208273,-0.579075,-0.460579,0.681944,107770.000000,2550366.000000,0.064402
2020-04-01,11.500000,12.740000,9.530000,10.370000,176300,0.000000,0.000000,11.500000,12.740000,9.530000,10.370000,14.437000,13.799400,12.090900,11.826000,13.475653,13.978975,-0.503322,-0.010782,-0.492539,35.462463,14.437000,17.213473,11.660527,-0.232404,2.256928,0.217640,-0.143683,-0.207187,-0.291667,-0.213202,0.123510,-0.423889,1.298187,-0.639555,-0.538085,0.440278,114325.000000,1828231.000000,-0.033542
2020-04-02,10.260000,12.830000,10.090000,12.790000,62800,0.000000,0.000000,10.260000,12.830000,10.090000,12.790000,14.304000,13.851600,12.126400,11.788750,13.370168,13.890903,-0.520735,-0.112773,-0.407962,45.986433,14.304000,17.130546,11.477454,0.232182,2.291433,0.179158,0.233365,-0.150730,-0.197616,0.048361,0.370847,-0.329313,1.519012,-0.555440,-0.430290,0.776389,115250.000000,803212.000000,0.224873
2020-04-03,12.810000,14.822000,12.315000,14.420000,95300,0.000000,0.000000,12.810000,14.822000,12.315000,14.420000,14.254500,13.938200,12.180500,11.775200,13.531681,13.930095,-0.398414,-0.169901,-0.228513,51.699575,14.254500,17.033773,11.475227,0.529774,2.306831,0.159974,0.127443,0.074516,-0.066667,0.173312,0.534043,-0.230112,1.584296,-0.498783,-0.357684,1.002778,116535.000000,1374226.000000,0.355967
2020-04-06,15.000000,15.390000,14.030000,14.480000,79700,0.000000,0.000000,15.000000,15.390000,14.030000,14.480000,14.267500,14.035200,12.235800,11.774550,13.677576,13.970829,-0.293253,-0.194571,-0.098681,51.901251,14.267500,17.048525,11.486475,0.538205,2.239200,0.154641,0.004161,0.041727,-0.060350,0.182041,0.547009,-0.225254,1.584260,-0.496698,-0.355011,1.011111,118120.000000,1154056.000000,0.309719
2020-04-07,14.940000,15.310000,14.130000,14.930000,66100,0.000000,0.000000,14.940000,15.310000,14.130000,14.930000,14.228500,14.140800,12.297800,11.776100,13.870257,14.041878,-0.171622,-0.189982,0.018360,53.470451,14.228500,16.945490,11.511510,0.629095,2.163543,0.144912,0.031077,0.232865,0.049930,0.191540,0.595085,-0.159820,1.560599,-0.481057,-0.334967,1.073611,113040.000000,986873.000000,0.321805
2020-04-08,15.490000,15.520000,14.470000,15.150000,75700,0.000000,0.000000,15.490000,15.520000,14.470000,15.150000,14.243000,14.221400,12.366600,11.777250,14.067140,14.123961,-0.056821,-0.163350,0.106528,54.256178,14.243000,16.977221,11.508779,0.665861,2.084004,0.137558,0.014735,0.460945,-0.035646,0.204293,0.685206,-0.106195,1.519989,-0.473410,-0.325167,1.104167,109605.000000,1146855.000000,0.318030
2020-04-09,15.150000,15.600000,13.550000,14.690000,75100,0.000000,0.000000,15.150000,15.600000,13.550000,14.690000,14.229000,14.277200,12.431500,11.775950,14.162965,14.165890,-0.002925,-0.131265,0.128339,52.268691,14.229000,16.950384,11.507616,0.584700,2.081575,0.141700,-0.030363,0.148554,-0.011440,0.140528,0.607221,-0.122461,1.511050,-0.489399,-0.345657,1.040278,105970.000000,1103219.000000,0.254600
2020-04-13,14.540000,15.910000,14.330000,15.300000,73200,0.000000,0.000000,14.540000,15.910000,14.330000,15.300000,14.219000,14.325200,12.508000,11.777450,14.337893,14.249898,0.087995,-0.087413,0.175408,54.641540,14.219000,16.922128,11.515872,0.699954,2.045749,0.133709,0.041525,0.061026,0.022044,0.224000,0.657638,-0.084928,1.516741,-0.468196,-0.318486,1.125000,100865.000000,1119960.000000,0.331469
2020-04-14,15.710000,15.785000,14.466000,15.410000,74700,0.000000,0.000000,15.710000,15.785000,14.466000,15.410000,14.273500,14.387600,12.590100,11.779450,14.502833,14.335832,0.167001,-0.036530,0.203531,55.075250,14.273500,17.028654,11.518346,0.706250,1.993838,0.129386,0.007190,0.064227,-0.005806,0.312606,0.639362,-0.046411,1.512814,-0.464373,-0.313586,1.140278,98465.000000,1151127.000000,0.394361
2020-04-15,14.910000,15.850000,14.483000,15.200000,80300,0.000000,0.000000,14.910000,15.850000,14.483000,15.200000,14.221000,14.444200,12.659600,11.776150,14.610089,14.399844,0.210245,0.012825,0.197420,54.013421,14.221000,16.854924,11.587076,0.685844,1.949064,0.128228,-0.013628,0.018084,0.061453,0.326353,0.675854,-0.037975,1.486419,-0.471672,-0.322940,1.111111,94375.000000,1220560.000000,0.419112
2020-04-16,15.380000,15.675000,14.730000,15.140000,75300,0.000000,0.000000,15.380000,15.675000,14.730000,15.140000,14.203500,14.485600,12.723200,11.774350,14.691614,14.454671,0.236943,0.057649,0.179295,53.694893,14.203500,16.806391,11.600609,0.679896,1.877345,0.123999,-0.003947,-0.000660,-0.068308,0.360288,0.619251,-0.041772,1.411822,-0.473757,-0.325613,1.102778,91630.000000,1140042.000000,0.438737
2020-04-17,15.730000,15.730000,15.010000,15.550000,100500,0.000000,0.000000,15.730000,15.730000,15.010000,15.550000,14.223000,14.526800,12.784300,11.778050,14.823673,14.535806,0.287867,0.103692,0.184175,55.620832,14.223000,16.861661,11.584339,0.751453,1.794678,0.115413,0.027081,0.058543,0.003873,0.449208,0.663102,-0.071642,1.403977,-0.459506,-0.307350,1.159722,91640.000000,1562775.000000,0.524764
2020-04-20,15.170000,18.629000,15.170000,17.320000,108600,0.000000,0.000000,15.170000,18.629000,15.170000,17.320000,14.339000,14.602800,12.851700,11.788300,15.207724,14.742043,0.465681,0.176090,0.289591,62.811877,14.339000,17.305145,11.372855,1.002504,1.913558,0.110483,0.113826,0.132026,0.142480,0.590450,0.832804,-0.006311,1.450809,-0.397984,-0.228508,1.405556,87690.000000,1880952.000000,0.678661
2020-04-21,16.840000,21.920000,16.261999,18.910000,134300,0.000000,0.000000,16.840000,21.920000,16.261999,18.910000,14.547000,14.711800,12.947000,11.805550,15.777305,15.050780,0.726524,0.286177,0.440347,67.851339,14.547000,18.149643,10.944357,1.105528,2.181018,0.115337,0.091801,0.227125,0.260667,0.760708,1.082599,0.105848,1.475462,-0.342718,-0.157684,1.626389,91590.000000,2539613.000000,0.878902
2020-04-22,19.660000,20.820000,18.219999,18.950001,246500,0.000000,0.000000,19.660000,20.820000,18.219999,18.950001,14.809000,14.795400,13.039000,11.823100,16.265412,15.339611,0.925800,0.414102,0.511699,67.968940,14.809000,18.886238,10.731762,1.007819,2.210945,0.116673,0.002115,0.246711,0.284746,0.861493,1.062024,0.077317,1.471798,-0.341328,-0.155902,1.631945,99220.000000,4671175.246500,0.956166
2020-04-23,18.820000,19.440001,17.400000,17.760000,65000,0.000000,0.000000,18.820000,19.440001,17.400000,17.760000,15.043000,14.876600,13.126500,11.833300,16.495348,15.518899,0.976449,0.526571,0.449878,60.838939,15.043000,19.237915,10.848085,0.823844,2.198735,0.123803,-0.062797,0.173052,0.295405,0.760159,0.889362,-0.013881,1.466320,-0.382690,-0.208909,1.466667,98655.000000,1154400.000000,0.856700
2020-04-24,17.620001,18.459999,16.510000,17.629999,114900,0.000000,0.000000,17.620001,18.459999,16.510000,17.629999,15.171500,14.955400,13.217700,11.843250,16.669910,15.675277,0.994633,0.620183,0.374449,60.097257,15.171500,19.523130,10.819870,0.782480,2.180968,0.123708,-0.007320,0.133762,0.347859,0.830737,0.914224,-0.044962,1.451671,-0.387209,-0.214699,1.448611,100925.000000,2025686.885100,0.903780
2020-04-27,18.030001,18.030001,17.170000,17.639999,170600,0.000000,0.000000,18.030001,18.030001,17.170000,17.639999,15.382500,15.042800,13.308700,11.855650,16.819154,15.820812,0.998342,0.695815,0.302527,60.137513,15.382500,19.785479,10.979521,0.756360,2.086613,0.118289,0.000567,0.018476,0.171315,0.827979,0.944873,-0.123696,1.368986,-0.386861,-0.214254,1.450000,106780.000000,3009383.829400,0.872747
2020-04-28,18.139999,18.139999,16.200001,16.480000,177200,0.000000,0.000000,18.139999,18.139999,16.200001,16.480000,15.511500,15.108000,13.390500,11.864150,16.766977,15.869641,0.897336,0.736119,0.161217,53.406613,15.511500,19.882660,11.140340,0.610783,2.076141,0.125979,-0.065760,-0.128503,0.228018,0.482014,0.843400,-0.250909,1.328947,-0.427181,-0.265924,1.288889,113135.000000,2920256.000000,0.553425
2020-04-29,17.100000,18.250000,16.200001,17.870001,216200,0.000000,0.000000,17.100000,18.250000,16.200001,17.870001,15.799500,15.192600,13.485700,11.881750,16.936673,16.017816,0.918857,0.772667,0.146190,59.286965,15.799500,19.981967,11.617033,0.747521,2.074274,0.116076,0.084345,-0.056992,0.285612,0.501681,1.073086,-0.160244,1.349892,-0.378867,-0.204009,1.481945,113415.000000,3863494.216200,0.540543
2020-04-30,17.690001,17.690001,16.219999,16.430000,56800,0.000000,0.000000,17.690001,17.690001,16.219999,16.430000,16.102500,15.235600,13.570100,11.895400,16.858723,16.048348,0.810375,0.780209,0.030167,51.969511,16.102500,19.416705,12.788295,0.549409,2.043968,0.124405,-0.080582,-0.074887,0.356730,0.273643,0.955952,-0.217246,1.294219,-0.428919,-0.268151,1.281944,107440.000000,933224.000000,0.317668
2020-05-01,16.280001,16.846001,13.840000,15.040000,109800,0.000000,0.000000,16.280001,16.846001,13.840000,15.040000,16.215000,15.246600,13.635700,11.901750,16.578920,15.973655,0.605264,0.745220,-0.139956,46.059880,16.215000,19.191289,13.238711,0.302607,2.112685,0.140471,-0.084601,-0.146909,0.450338,0.223759,0.703284,-0.282785,1.215176,-0.477233,-0.330067,1.088889,109790.000000,1651392.000000,0.283424
2020-05-04,14.920000,16.462999,14.330000,15.440000,50800,0.000000,0.000000,14.920000,16.462999,14.330000,15.440000,16.266000,15.269200,13.702400,11.910450,16.403701,15.934125,0.469576,0.690091,-0.220515,47.896048,16.266000,19.146186,13.385814,0.356606,2.114136,0.136926,0.026596,-0.124717,0.207193,0.248181,0.669189,-0.300091,0.938336,-0.463330,-0.312249,1.144444,107565.000000,784352.000000,0.308859
2020-05-05,15.260000,16.590000,15.000000,15.930000,47500,0.000000,0.000000,15.260000,16.590000,15.000000,15.930000,16.338500,15.261200,13.768500,11.924350,16.330824,15.933820,0.397004,0.631474,-0.234469,50.135356,16.338500,19.099943,13.577057,0.426035,2.076698,0.130364,0.031736,-0.033374,0.104716,0.218822,0.633846,-0.290423,0.841836,-0.446298,-0.276895,1.212500,105955.000000,756675.000000,0.288409
2020-05-06,15.930000,16.860001,15.930000,16.629999,151800,0.000000,0.000000,15.930000,16.860001,15.930000,16.629999,16.423500,15.251000,13.834600,11.943850,16.376851,15.985389,0.391462,0.583471,-0.192009,53.227901,16.423500,19.105921,13.741079,0.538491,1.994791,0.119951,0.043942,-0.069390,0.148481,0.232765,0.732292,-0.240292,0.851910,-0.421967,-0.245120,1.309722,110240.000000,2524433.848200,0.301575
2020-05-07,16.860001,16.879999,15.110000,15.580000,63400,0.000000,0.000000,16.860001,16.879999,15.110000,15.580000,16.445000,15.257600,13.885700,11.958050,16.254259,15.955360,0.298899,0.526557,-0.227658,48.380897,16.445000,19.091090,13.798910,0.336551,1.978734,0.127005,-0.063139,-0.051735,0.043537,0.152367,0.634837,-0.283019,0.881718,-0.458464,-0.292783,1.163889,109625.000000,987772.000000,0.214264
2020-05-08,15.450000,16.780001,15.341000,15.830000,75700,0.000000,0.000000,15.450000,16.780001,15.341000,15.830000,16.502000,15.294400,13.941200,11.972700,16.188988,15.946074,0.242914,0.469828,-0.226914,49.558656,16.502000,19.035636,13.968364,0.367384,1.940182,0.122564,0.016046,0.052527,0.044884,0.176077,0.678685,-0.252244,0.881941,-0.449774,-0.281434,1.198611,109655.000000,1198331.000000,0.218007
2020-05-11,15.620000,17.000000,15.600000,16.879999,106500,0.000000,0.000000,15.620000,17.000000,15.600000,16.879999,16.581000,15.349800,14.007500,11.996000,16.295297,16.015254,0.280044,0.431871,-0.151828,54.277243,16.581000,19.054650,14.107350,0.560437,1.901597,0.112654,0.066330,0.093264,0.149081,0.142857,0.826840,-0.198861,0.898537,-0.413278,-0.233772,1.344444,111320.000000,1797719.893500,0.188145
2020-05-12,16.870001,18.840000,15.600000,17.770000,117100,0.000000,0.000000,16.870001,18.840000,15.600000,17.770000,16.699000,15.409400,14.070400,12.022750,16.522175,16.145235,0.376940,0.420885,-0.043945,57.874388,16.699000,19.162587,14.235413,0.717366,1.997198,0.112392,0.052725,0.115505,0.161438,0.297080,0.972253,-0.098427,0.904595,-0.382343,-0.193373,1.468056,113440.000000,2080867.000000,0.363103
2020-05-13,17.620001,19.629999,16.980000,18.410000,115300,0.000000,0.000000,17.620001,19.629999,16.980000,18.410000,16.859500,15.484800,14.138800,12.052900,16.812609,16.312995,0.499614,0.436631,0.062983,60.293527,16.859500,19.330140,14.388860,0.813785,2.043826,0.111017,0.036016,0.107036,0.194679,0.344777,1.056983,-0.060714,0.909490,-0.360097,-0.164321,1.556944,115190.000000,2122673.000000,0.433487
2020-05-14,18.049999,18.049999,15.770000,16.090000,97200,0.000000,0.000000,18.049999,18.049999,15.770000,16.090000,16.907000,15.487800,14.187700,12.071350,16.701439,16.296477,0.404962,0.430297,-0.025335,49.251956,16.907000,19.272748,14.541252,0.327327,2.086410,0.129671,-0.126018,0.032734,0.058553,0.212509,0.843070,-0.231247,1.022670,-0.440737,-0.269632,1.234722,116285.000000,1563948.000000,0.291613
2020-05-15,16.180000,17.920000,15.910000,16.959999,82100,0.000000,0.000000,16.180000,17.920000,15.910000,16.959999,16.977500,15.518000,14.243200,12.094700,16.741217,16.345627,0.395590,0.423356,-0.027765,52.746643,16.977500,19.255383,14.699616,0.496159,2.080952,0.122698,0.054071,0.071383,0.120211,0.282905,1.050786,-0.230141,1.036140,-0.410497,-0.207477,1.355555,115365.000000,1392415.917900,0.356546
2020-05-18,17.490000,17.780001,16.610001,17.280001,129400,0.000000,0.000000,17.490000,17.780001,16.610001,17.280001,16.975500,15.555400,14.292700,12.120550,16.824107,16.414840,0.409267,0.420538,-0.011271,54.001379,16.975500,19.252187,14.698813,0.566874,2.015884,0.116660,0.018868,0.023697,0.111254,0.266862,1.107317,-0.192523,1.034572,-0.399374,-0.185290,1.400000,116405.000000,2236032.129400,0.318021
2020-05-19,17.299999,19.480000,17.299999,18.070000,56900,0.000000,0.000000,17.299999,19.480000,17.299999,18.070000,16.933500,15.632400,14.343300,12.156750,17.015783,16.537444,0.478339,0.432098,0.046241,57.034555,16.933500,19.087618,14.779382,0.763797,2.029035,0.112288,0.045718,0.016882,0.043303,0.265406,1.362092,-0.120253,0.970978,-0.371915,-0.148043,1.509722,112535.000000,1028183.000000,0.329791
2020-05-20,18.340000,20.000000,18.180000,19.680000,62400,0.000000,0.000000,18.340000,20.000000,18.180000,19.680000,16.970000,15.711800,14.408100,12.203150,17.425662,16.770226,0.655436,0.476766,0.178671,62.466506,16.970000,19.286594,14.653405,1.084910,2.021961,0.102742,0.089098,0.068984,0.040719,0.358178,1.733333,-0.072136,0.967932,-0.315954,-0.042802,1.733333,103330.000000,1228032.000000,0.396655
2020-05-21,19.510000,19.510000,18.709999,19.010000,42100,0.000000,0.000000,19.510000,19.510000,18.709999,19.010000,17.032500,15.794800,14.468100,12.242300,17.669407,16.936135,0.733271,0.528067,0.205204,59.116987,17.032500,19.501285,14.563715,0.900501,1.946821,0.102410,-0.034045,0.181479,0.003166,0.328442,1.304242,-0.075389,0.976749,-0.339242,-0.060771,1.640278,102185.000000,800321.000000,0.358902
2020-05-22,19.010000,19.059999,18.190001,18.570000,97400,0.000000,0.000000,19.010000,19.059999,18.190001,18.570000,17.079500,15.866800,14.522900,12.278900,17.807959,17.057162,0.750797,0.572613,0.178184,56.957030,17.079500,19.630599,14.528401,0.792129,1.869905,0.100695,-0.023146,0.094929,0.045608,0.137171,1.115034,-0.031299,0.952979,-0.354536,-0.082510,1.579167,101310.000000,1808718.000000,0.125967
2020-05-26,19.100000,21.000000,18.850000,20.150000,204700,0.000000,0.000000,19.100000,21.000000,18.850000,20.150000,17.205000,15.959800,14.592600,12.324750,18.168273,17.286261,0.882012,0.634493,0.247519,62.285798,17.205000,20.096450,14.313550,1.009260,1.909912,0.094785,0.085083,0.166088,0.142938,0.175613,1.134534,0.037056,0.992247,-0.299618,-0.004447,1.798611,103015.000000,4124705.000000,0.133830
2020-05-27,20.320000,20.625000,18.760000,19.290001,81300,0.000000,0.000000,20.320000,20.625000,18.760000,19.290001,17.345500,16.059200,14.663500,12.368150,18.340847,17.434687,0.906160,0.688826,0.217334,58.071610,17.345500,20.359122,14.331878,0.822619,1.906704,0.098844,-0.042680,0.067515,0.093538,0.264918,0.823252,-0.033083,1.007672,-0.329510,-0.046937,1.679167,98220.000000,1568277.081300,0.216862
2020-05-28,19.299999,19.900000,17.930000,18.160000,95900,0.000000,0.000000,19.299999,19.900000,17.930000,18.160000,17.360000,16.097400,14.722200,12.407900,18.313024,17.488413,0.824611,0.715983,0.108628,52.997649,17.360000,20.387008,14.332991,0.632144,1.911225,0.105244,-0.058580,-0.077236,0.101942,0.298070,0.936034,-0.043707,1.001497,-0.368787,-0.102767,1.522222,92205.000000,1741544.000000,0.204390
2020-05-29,18.020000,18.959999,17.059999,18.400000,173800,0.000000,0.000000,18.020000,18.959999,17.059999,18.400000,17.458500,16.155600,14.783700,12.448300,18.326405,17.555938,0.770467,0.726880,0.043587,53.918578,17.458500,20.486296,14.430704,0.655476,1.910423,0.103827,0.013216,-0.032088,0.029659,0.304040,0.887179,-0.019712,0.961398,-0.360445,-0.090909,1.555556,98055.000000,3197920.000000,0.196364
2020-06-01,18.440001,18.440001,17.299999,17.360001,153300,0.000000,0.000000,18.440001,18.440001,17.299999,17.360001,17.574500,16.199600,14.832000,12.481550,18.177728,17.541425,0.636303,0.708765,-0.072461,49.401542,17.574500,20.381908,14.767092,0.461798,1.855393,0.106877,-0.056522,-0.065159,0.056604,0.173766,0.926748,-0.053435,0.938323,-0.396594,-0.142292,1.411111,100230.000000,2661288.153300,0.106757
2020-06-02,17.340000,17.520000,16.650000,17.200001,204000,0.000000,0.000000,17.340000,17.520000,16.650000,17.200001,17.662500,16.243600,14.878200,12.515550,18.027308,17.516134,0.511174,0.669246,-0.158072,48.725240,17.662500,20.292953,15.032048,0.412088,1.785008,0.103780,-0.009217,-0.146402,0.143617,0.174863,1.021152,-0.056500,0.883018,-0.402155,-0.150198,1.388889,107890.000000,3508800.204000,0.068429
2020-06-03,17.360001,17.520000,16.010000,16.270000,170700,0.000000,0.000000,17.360001,17.520000,16.010000,16.270000,17.679500,16.274000,14.912100,12.543400,17.756953,17.423828,0.333125,0.602022,-0.268897,44.879365,17.679500,20.266850,15.092150,0.227617,1.765365,0.108504,-0.054070,-0.156558,0.053756,0.020703,0.905152,-0.069754,0.905439,-0.434480,-0.196146,1.259722,114050.000000,2777289.000000,-0.053018
2020-06-04,16.030001,16.750000,15.750000,15.800000,95600,0.000000,0.000000,16.030001,16.750000,15.750000,15.800000,17.638000,16.315800,14.945100,12.564650,17.455883,17.303544,0.152339,0.512086,-0.359746,43.030862,17.638000,20.321083,14.954918,0.157483,1.710696,0.108272,-0.028888,-0.129956,-0.008161,0.022654,0.903614,-0.066194,0.906451,-0.450817,-0.219368,1.194444,111240.000000,1510480.000000,-0.077731
2020-06-05,16.200001,17.330000,15.930000,16.990000,108200,0.000000,0.000000,16.200001,17.330000,15.930000,16.990000,17.708500,16.394000,14.997600,12.593400,17.384209,17.280319,0.103890,0.430447,-0.326556,48.782907,17.708500,20.233327,15.183674,0.357713,1.697789,0.099929,0.075316,-0.076630,0.021648,0.102531,1.034731,-0.012209,0.931275,-0.409454,-0.160573,1.359722,113480.000000,1838318.000000,-0.041886
2020-06-08,17.270000,17.639999,16.840000,17.139999,105600,0.000000,0.000000,17.270000,17.639999,16.840000,17.139999,17.774000,16.435600,15.054400,12.616150,17.346638,17.269925,0.076714,0.359700,-0.282986,49.475394,17.774000,20.157659,15.390341,0.367011,1.633661,0.095313,0.008829,-0.012673,0.100128,0.205345,1.145181,-0.031639,0.900037,-0.404241,-0.153162,1.380555,114975.000000,1809983.894400,-0.042945
2020-06-09,17.040001,17.629999,16.850000,17.049999,111900,0.000000,0.000000,17.040001,17.629999,16.850000,17.049999,17.782500,16.508200,15.113600,12.641600,17.301001,17.253634,0.047368,0.297234,-0.249866,49.046898,17.782500,20.153917,15.411083,0.345556,1.572685,0.092240,-0.005251,-0.008721,0.077069,0.085296,1.010613,-0.029043,0.900096,-0.407369,-0.157609,1.368055,115245.000000,1907894.888100,-0.107591
2020-06-10,17.010000,17.385000,16.500000,16.889999,111200,0.000000,0.000000,17.010000,17.385000,16.500000,16.889999,17.738500,16.568000,15.175200,12.672250,17.237770,17.226698,0.011072,0.240001,-0.228929,48.246899,17.738500,20.143314,15.333686,0.323583,1.523565,0.090205,-0.009384,0.038107,0.000592,0.136608,0.925884,-0.024827,0.872992,-0.412930,-0.165514,1.345833,114950.000000,1878167.888800,-0.123488
2020-06-11,16.400000,16.610001,15.760000,15.830000,69200,0.000000,0.000000,16.400000,16.610001,15.760000,15.830000,17.609500,16.642400,15.224600,12.697050,17.021190,17.123239,-0.102049,0.171591,-0.273640,43.217587,17.609500,20.136345,15.082655,0.147881,1.495453,0.094470,-0.062759,0.001899,-0.109173,0.057448,0.698498,-0.094911,0.879221,-0.449774,-0.217885,1.198611,112645.000000,1095436.000000,-0.260657
2020-06-12,16.270000,17.500000,15.850000,17.270000,97000,0.000000,0.000000,16.270000,17.500000,15.850000,17.270000,17.668500,16.780400,15.289900,12.729750,17.059469,17.134110,-0.074641,0.122345,-0.196986,50.731261,17.668500,20.099236,15.237764,0.418029,1.507921,0.087314,0.090967,0.016480,-0.061923,0.114194,0.723553,-0.078442,0.929892,-0.399722,-0.146739,1.398611,112635.000000,1675190.000000,-0.103452
2020-06-15,17.030001,17.730000,16.450001,17.580000,134600,0.000000,0.000000,17.030001,17.730000,16.450001,17.580000,17.699500,16.876200,15.363900,12.766050,17.139550,17.167139,-0.027588,0.092358,-0.119947,52.197723,17.699500,20.107902,15.291098,0.475191,1.491641,0.084849,0.017950,0.025671,0.092604,0.227654,0.679083,0.028672,0.813206,-0.388947,-0.131423,1.441667,115260.000000,2366268.000000,-0.180977
2020-06-16,17.969999,17.990000,17.139999,17.650000,70900,0.000000,0.000000,17.969999,17.990000,17.139999,17.650000,17.718000,16.940800,15.439500,12.799900,17.218081,17.202906,0.015175,0.076921,-0.061747,52.541231,17.718000,20.118505,15.317495,0.485836,1.445809,0.081916,0.003982,0.035191,0.040684,0.086154,0.716926,-0.062168,0.793755,-0.386514,-0.127964,1.451389,112335.000000,1251385.000000,-0.263017
2020-06-17,17.639999,17.830000,17.370001,17.520000,54000,0.000000,0.000000,17.639999,17.830000,17.370001,17.520000,17.690500,17.001600,15.518400,12.834550,17.264530,17.226395,0.038135,0.069164,-0.031029,51.796806,17.690500,20.086624,15.294376,0.464422,1.375394,0.078504,-0.007365,0.037300,0.013889,0.131052,0.709268,-0.134387,0.792378,-0.391032,-0.130521,1.433333,112190.000000,946080.000000,-0.286796
2020-06-18,17.350000,17.750000,17.160000,17.450001,56900,0.000000,0.000000,17.350000,17.750000,17.160000,17.450001,17.579000,17.052000,15.596400,12.873250,17.293064,17.242958,0.050106,0.065353,-0.015247,51.374717,17.579000,19.785344,15.372656,0.470766,1.319295,0.075604,-0.003995,0.102337,-0.034311,0.151055,0.520035,0.018681,0.776227,-0.393465,-0.133995,1.423611,111915.000000,992905.056900,-0.239468
2020-06-19,17.500000,18.930000,17.500000,18.860001,433000,0.000000,0.000000,17.500000,18.930000,17.500000,18.860001,17.571500,17.126200,15.673800,12.918450,17.534131,17.362739,0.171392,0.086560,0.084832,58.679085,17.571500,19.758296,15.384704,0.794609,1.330773,0.070561,0.080802,0.092067,-0.041667,0.257333,0.630078,0.290897,0.764600,-0.344456,-0.064020,1.619445,131460.000000,8166380.433000,-0.188424
2020-06-22,18.790001,19.309999,18.360001,19.080000,144300,0.000000,0.000000,18.790001,19.309999,18.360001,19.080000,17.597000,17.214000,15.745600,12.960600,17.771957,17.489944,0.282014,0.125651,0.156363,59.696389,17.597000,19.843889,15.350111,0.830012,1.303575,0.068322,0.011665,0.085324,0.003682,0.293559,0.703571,0.305062,0.756012,-0.336809,-0.053102,1.650000,133805.000000,2753244.000000,-0.172257
2020-06-23,19.129999,20.160000,19.110001,19.500000,107600,0.000000,0.000000,19.129999,20.160000,19.110001,19.500000,17.564500,17.298000,15.811600,13.005600,18.037810,17.638837,0.398973,0.180316,0.218658,61.638141,17.564500,19.670277,15.458723,0.959569,1.287606,0.066031,0.022013,0.104816,0.050081,0.422319,0.709027,0.306971,0.753843,-0.322211,-0.032258,1.708333,128950.000000,2098200.000000,0.056512
2020-06-24,19.469999,20.254999,19.389999,19.840000,121500,0.000000,0.000000,19.469999,20.254999,19.389999,19.840000,17.592000,17.386600,15.887100,13.052500,18.315070,17.801886,0.513184,0.246889,0.266295,63.184447,17.592000,19.804326,15.379675,1.008063,1.257419,0.063378,0.017436,0.132420,-0.015385,0.516820,0.609084,0.327090,0.695646,-0.310393,-0.015385,1.755556,130960.000000,2410560.000000,0.174895
2020-06-25,19.870001,20.889999,19.725000,20.639999,166800,0.000000,0.000000,19.870001,20.889999,19.725000,20.639999,17.716000,17.495400,15.969800,13.098200,18.672751,18.012116,0.660635,0.329638,0.330997,66.596266,17.716000,20.307828,15.124172,1.064080,1.250818,0.060602,0.040323,0.182808,0.069984,0.370518,0.586472,0.376000,0.690636,-0.282586,0.000000,1.866667,134505.000000,3442751.833200,0.085882
2020-06-26,20.570000,20.730000,19.100000,19.680000,889800,0.000000,0.000000,20.570000,20.730000,19.100000,19.680000,17.780000,17.586200,16.035900,13.136100,18.827713,18.135663,0.692049,0.402121,0.289929,59.473566,17.780000,20.502847,15.057153,0.848900,1.277902,0.064934,-0.046512,0.043478,0.083700,0.466468,0.490909,0.311126,0.677982,-0.315954,-0.046512,1.733333,170305.000000,17511264.000000,0.165918
2020-06-29,19.879999,19.889999,17.690001,18.139999,100700,0.000000,0.000000,19.879999,19.889999,17.690001,18.139999,17.819000,17.638000,16.082400,13.161450,18.721911,18.135985,0.585926,0.438882,0.147044,50.198438,17.819000,20.538860,15.099140,0.559010,1.343766,0.074078,-0.078252,-0.049266,-0.014130,0.305036,0.394312,0.143758,0.735125,-0.369482,-0.121124,1.519444,167675.000000,1826697.899300,0.034910
2020-06-30,18.059999,18.455000,18.000000,18.209999,106400,0.000000,0.000000,18.059999,18.455000,18.000000,18.209999,17.869500,17.655800,16.129300,13.190900,18.643155,18.141467,0.501688,0.451443,0.050245,50.575748,17.869500,20.578452,15.160548,0.562847,1.280283,0.070307,0.003859,-0.066154,0.048963,0.503716,0.391138,0.174839,0.705439,-0.367049,-0.117733,1.529167,162795.000000,1937543.893600,0.197399
2020-07-01,18.180000,18.320000,16.870001,17.450001,245200,0.000000,0.000000,18.180000,18.320000,16.870001,17.450001,17.928500,17.626600,16.169200,13.219500,18.459593,18.090247,0.369345,0.435023,-0.065678,46.460136,17.928500,20.540434,15.316566,0.408401,1.292406,0.074063,-0.041735,-0.120464,0.014535,0.682739,0.323976,0.178258,0.721469,-0.393465,-0.154554,1.423611,166520.000000,4278740.245200,0.303142
2020-07-02,17.700001,17.799999,17.160000,17.600000,69900,0.000000,0.000000,17.700001,17.799999,17.160000,17.600000,18.018500,17.599600,16.197500,13.248300,18.327348,18.053933,0.273415,0.402702,-0.129287,47.370432,18.018500,20.438628,15.598371,0.413538,1.245805,0.070784,0.008596,-0.147287,0.081746,0.376075,0.442623,0.152587,0.692553,-0.388252,-0.147287,1.444444,165235.000000,1230240.000000,0.012751
2020-07-06,17.900000,17.900000,17.030001,17.049999,39500,0.000000,0.000000,17.900000,17.900000,17.030001,17.049999,18.021500,17.585400,16.231000,13.277900,18.130833,17.979567,0.151265,0.352414,-0.201149,44.390187,18.021500,20.436403,15.606596,0.298853,1.218962,0.071493,-0.031250,-0.133638,0.079114,0.182386,0.387307,0.102846,0.694041,-0.407369,-0.173934,1.368055,161800.000000,673474.960500,-0.232715
2020-07-07,16.950001,17.680000,16.910000,17.040001,43500,0.000000,0.000000,16.950001,17.680000,16.910000,17.040001,18.016500,17.573600,16.264500,13.308650,17.963012,17.909970,0.053043,0.292540,-0.239498,44.335582,18.016500,20.439489,15.593511,0.298493,1.186893,0.069653,-0.000586,-0.060639,0.002943,0.176796,0.391020,0.103627,0.644546,-0.407716,-0.174419,1.366667,158695.000000,741240.043500,-0.130367
2020-07-08,17.030001,17.129999,16.105000,16.799999,74200,0.000000,0.000000,17.030001,17.129999,16.105000,16.799999,18.004000,17.556800,16.299800,13.337100,17.784087,17.827750,-0.043663,0.225300,-0.268962,42.969151,18.004000,20.450449,15.557551,0.253929,1.175329,0.069960,-0.014085,-0.077430,-0.019837,0.125251,0.340782,0.068702,0.645890,-0.416058,-0.186047,1.333333,156810.000000,1246559.925800,-0.205059
2020-07-09,16.750000,17.420000,16.200001,16.410000,65600,0.000000,0.000000,16.750000,17.420000,16.200001,16.410000,17.980000,17.555400,16.331700,13.362950,17.572689,17.722731,-0.150042,0.150231,-0.300273,40.770221,17.980000,20.481267,15.478733,0.186159,1.178520,0.071817,-0.023214,-0.059599,-0.037537,0.083168,0.304452,0.049233,0.650650,-0.429614,-0.204942,1.279167,154530.000000,1076496.000000,-0.220488
2020-07-10,16.420000,16.420000,15.430000,15.820000,137800,0.000000,0.000000,16.420000,16.420000,15.430000,15.820000,17.979500,17.514400,16.353500,13.390250,17.303045,17.581788,-0.278743,0.064436,-0.343180,37.632655,17.979500,20.482580,15.476420,0.068631,1.165054,0.073644,-0.035954,-0.101136,-0.063351,0.076923,0.228261,0.043536,0.661372,-0.450122,-0.233527,1.197222,157960.000000,2179996.000000,-0.225258
2020-07-13,16.030001,16.299999,15.290000,15.390000,102900,0.000000,0.000000,16.030001,16.299999,15.290000,15.390000,17.885500,17.493600,16.364600,13.414850,17.008730,17.419434,-0.410703,-0.030592,-0.380112,35.489048,17.885500,20.630298,15.140702,0.045413,1.153979,0.074982,-0.027181,-0.097361,-0.027795,0.005882,0.231200,0.041272,0.631181,-0.465068,-0.254360,1.137500,158255.000000,1583631.000000,-0.262466
2020-07-14,15.120000,15.610000,14.380000,14.640000,120500,0.000000,0.000000,15.120000,15.610000,14.380000,14.640000,17.738500,17.485600,16.366100,13.439700,16.644310,17.213550,-0.569239,-0.138321,-0.430918,32.058945,17.738500,20.843465,14.633534,0.001041,1.159409,0.079195,-0.048733,-0.140845,-0.152287,-0.049968,0.247019,0.020209,0.556990,-0.491137,-0.290698,1.033333,157550.000000,1764120.000000,-0.281637
2020-07-15,14.970000,15.010000,14.020000,14.080000,111700,0.000000,0.000000,14.970000,15.010000,14.020000,14.080000,17.560000,17.458400,16.363800,13.462250,16.249801,16.981435,-0.731634,-0.256984,-0.474650,29.747050,17.560000,21.070387,14.049613,0.004328,1.147308,0.081485,-0.038251,-0.161905,-0.199090,-0.073684,0.228621,0.027737,0.558974,-0.510601,-0.317829,0.955556,159590.000000,1572736.000000,-0.330716
2020-07-16,14.460000,14.460000,13.640000,13.830000,117700,0.000000,0.000000,14.460000,14.460000,13.640000,13.830000,17.375500,17.416400,16.338800,13.486650,15.877524,16.747995,-0.870471,-0.379681,-0.490790,28.750274,17.375500,21.262425,13.488575,0.043920,1.123929,0.081267,-0.017756,-0.157221,-0.216431,-0.086526,0.242588,0.004357,0.557229,-0.519291,-0.329942,0.920833,162775.000000,1627791.000000,-0.314068
2020-07-17,13.690000,14.120000,13.550000,13.850000,98600,0.000000,0.000000,13.690000,14.120000,13.550000,13.850000,17.195500,17.360800,16.305900,13.509750,15.565597,16.533329,-0.967732,-0.497291,-0.470440,28.955371,17.195500,21.389217,13.001783,0.101129,1.084363,0.078293,0.001446,-0.124526,-0.209475,-0.109325,0.290774,0.010949,0.558779,-0.518596,-0.328973,0.923611,164860.000000,1365610.000000,-0.323547
2020-07-20,13.920000,14.245000,13.240000,13.470000,122100,0.000000,0.000000,13.920000,14.245000,13.240000,13.470000,16.926000,17.318600,16.288100,13.530450,15.243198,16.306416,-1.063218,-0.610477,-0.452741,27.344767,16.926000,21.355463,12.496537,0.109885,1.078694,0.080081,-0.027437,-0.124756,-0.228080,-0.222286,0.236915,0.024335,0.561214,-0.531804,-0.347384,0.870833,149315.000000,1644687.000000,-0.480017
2020-07-21,13.650000,13.840000,12.580000,12.770000,116400,0.000000,0.000000,13.650000,13.840000,12.580000,12.770000,16.610500,17.257400,16.275900,13.547300,14.862706,16.044459,-1.181753,-0.724732,-0.457021,24.627236,16.610500,21.286024,11.934976,0.089297,1.091644,0.085485,-0.051967,-0.127732,-0.322906,-0.324696,0.189013,0.003142,0.465986,-0.556135,-0.381298,0.773611,147920.000000,1486428.000000,-0.617212
2020-07-22,12.680000,12.960000,12.200000,12.370000,189900,0.000000,0.000000,12.680000,12.960000,12.200000,12.370000,16.254000,17.167200,16.258500,13.562350,14.479212,15.772277,-1.293064,-0.838398,-0.454666,23.207907,16.254000,21.086527,11.421473,0.098140,1.067956,0.086334,-0.031323,-0.121449,-0.351677,-0.347230,0.215128,-0.029042,0.455197,-0.570038,-0.400678,0.718056,152035.000000,2349063.000000,-0.607459
2020-07-23,12.540000,12.540000,11.490000,11.610000,152900,0.000000,0.000000,12.540000,12.540000,11.490000,11.610000,15.842500,17.044000,16.226700,13.573600,14.037795,15.463960,-1.426165,-0.955952,-0.470213,20.759809,15.842500,20.789566,10.895434,0.072221,1.066673,0.091875,-0.061439,-0.160521,-0.404615,-0.346284,0.150644,-0.100000,0.449852,-0.596455,-0.437500,0.612500,153605.000000,1775169.000000,-0.577800
2020-07-24,11.580000,11.580000,10.880000,11.100000,152500,0.000000,0.000000,11.580000,11.580000,10.880000,11.100000,15.365500,16.897800,16.191300,13.584150,13.585827,15.140704,-1.554877,-1.075737,-0.479140,19.289354,15.365500,20.203370,10.527630,0.059155,1.042625,0.093930,-0.043928,-0.198556,-0.440524,-0.370391,0.152648,-0.091653,0.428341,-0.614181,-0.462209,0.541667,152890.000000,1692750.000000,-0.570595
2020-07-27,11.110000,11.979000,11.040000,11.380000,110500,0.000000,0.000000,11.110000,11.979000,11.040000,11.380000,14.950500,16.803600,16.145700,13.595350,13.246469,14.862133,-1.615664,-1.183722,-0.431942,22.533604,14.950500,19.652089,10.248910,0.120288,1.035223,0.090969,0.025225,-0.155160,-0.448643,-0.354875,0.179275,-0.083736,0.400784,-0.604449,-0.448643,0.580556,113925.000000,1257490.000000,-0.561757
2020-07-28,11.610000,11.660000,11.000000,11.470000,186700,0.000000,0.000000,11.610000,11.660000,11.000000,11.470000,14.617000,16.693800,16.105900,13.606550,12.973166,14.610864,-1.637698,-1.274517,-0.363181,23.596682,14.617000,19.312239,9.921761,0.164873,1.008422,0.087918,0.007909,-0.101801,-0.417175,-0.304005,0.031475,-0.073506,0.412660,-0.601321,-0.444283,0.593056,118225.000000,2141449.000000,-0.512464
2020-07-29,11.500000,11.700000,10.280000,10.540000,99000,0.000000,0.000000,11.500000,11.700000,10.280000,10.540000,14.233500,16.559000,16.057200,13.612250,12.598833,14.309318,-1.710486,-1.361711,-0.348775,20.470556,14.233500,18.945989,9.521011,0.108116,1.037820,0.098465,-0.081081,-0.147939,-0.418964,-0.410185,-0.114286,-0.150000,0.417346,-0.633646,-0.489341,0.463889,117855.000000,1043460.000000,-0.592830
2020-07-30,10.380000,11.620000,10.360000,11.370000,113400,0.000000,0.000000,10.380000,11.620000,10.360000,11.370000,13.929500,16.425000,16.028700,13.623750,12.409781,14.091591,-1.681810,-1.425731,-0.256079,29.453354,13.929500,18.551901,9.307099,0.223142,1.053690,0.092673,0.078748,-0.020672,-0.375618,-0.307973,-0.118605,-0.074858,0.544324,-0.604797,-0.449128,0.579167,111265.000000,1289358.000000,-0.499013
2020-07-31,11.370000,11.560000,10.700000,11.290000,174600,0.000000,0.000000,11.370000,11.560000,10.700000,11.290000,13.614000,16.257200,15.984500,13.633450,12.237507,13.884066,-1.646558,-1.469896,-0.176662,29.112041,13.614000,18.038688,9.189311,0.237383,1.039855,0.092104,-0.007036,0.017117,-0.353009,-0.249335,-0.081367,-0.067713,0.541431,-0.607577,-0.453004,0.568056,116500.000000,1971234.000000,-0.498066
2020-08-03,11.330000,12.800000,11.330000,12.740000,160500,0.000000,0.000000,11.330000,12.800000,11.330000,12.740000,13.398500,16.131800,15.963300,13.650400,12.314814,13.799320,-1.484506,-1.472818,-0.011688,42.188621,13.398500,17.528591,9.268409,0.420280,1.073437,0.084257,0.128432,0.119508,-0.276136,-0.174870,0.029911,0.176362,0.742786,-0.557178,-0.382752,0.769444,122550.000000,2044770.000000,-0.426525
2020-08-04,12.780000,12.870000,12.200000,12.670000,129500,0.000000,0.000000,12.780000,12.870000,12.200000,12.670000,13.180000,16.013800,15.940300,13.666500,12.369458,13.715667,-1.346209,-1.447496,0.101288,41.787859,13.180000,16.945192,9.414808,0.432274,1.044620,0.082448,-0.005495,0.104621,-0.256891,-0.204645,-0.030604,0.218269,0.740719,-0.559611,-0.386143,0.759722,126850.000000,1640765.000000,-0.446673
2020-08-05,12.830000,13.280000,12.540000,13.220000,160800,0.000000,0.000000,12.830000,13.280000,12.540000,13.220000,13.001000,15.875200,15.917500,13.687200,12.500311,13.678951,-1.178640,-1.393725,0.215085,46.118759,13.001000,16.360059,9.641941,0.532598,1.022861,0.077372,0.043410,0.254269,-0.224178,-0.205051,-0.020015,0.182469,0.765305,-0.540494,-0.359496,0.836111,131180.000000,2125776.000000,-0.447192
2020-08-06,13.250000,13.790000,12.750000,13.760000,221700,0.000000,0.000000,13.250000,13.790000,12.750000,13.760000,12.868500,15.764600,15.911900,13.710050,12.694109,13.684954,-0.990846,-1.313149,0.322304,50.048206,12.868500,15.849113,9.887887,0.649550,1.024085,0.074425,0.040847,0.210202,-0.180952,-0.116816,0.017751,0.223111,0.785842,-0.521724,-0.333333,0.911111,138985.000000,3050592.000000,-0.353842
2020-08-07,13.620000,14.458000,12.940000,14.070000,178400,0.000000,0.000000,13.620000,14.458000,12.940000,14.070000,12.781000,15.682800,15.890100,13.733400,12.905784,13.713476,-0.807692,-1.212058,0.404366,52.203196,12.781000,15.486876,10.075124,0.738185,1.059365,0.075292,0.022529,0.246236,-0.142596,-0.111181,0.045319,0.281421,0.790880,-0.510949,-0.318314,0.954167,141015.000000,2510088.000000,-0.318351
2020-08-10,14.180000,14.470000,13.790000,14.300000,129000,0.000000,0.000000,14.180000,14.470000,13.790000,14.300000,12.726500,15.600800,15.878200,13.758850,13.120279,13.756923,-0.636643,-1.096975,0.460332,53.795866,12.726500,15.248799,10.204201,0.811918,1.032268,0.072187,0.016347,0.122449,-0.096081,-0.152844,-0.031821,0.347785,0.786783,-0.502954,-0.307171,0.986111,142320.000000,1844700.000000,-0.346050
2020-08-11,14.300000,14.300000,12.610000,12.790000,137400,0.000000,0.000000,14.300000,14.300000,12.610000,12.790000,12.634000,15.509400,15.854500,13.777450,13.069467,13.685299,-0.615832,-1.000746,0.384915,43.538531,12.634000,14.991112,10.276888,0.533091,1.079248,0.084382,-0.105594,0.009471,-0.168941,-0.280248,-0.066423,0.252693,0.859826,-0.555440,-0.380329,0.776389,143165.000000,1757346.000000,-0.477999
2020-08-12,12.860000,13.280000,12.405000,13.200000,101000,0.000000,0.000000,12.860000,13.280000,12.405000,13.200000,12.590000,15.429400,15.836500,13.798750,13.089549,13.649351,-0.559802,-0.912557,0.352756,46.520249,12.590000,14.864879,10.315121,0.634073,1.064659,0.080656,0.032056,-0.001513,-0.098361,-0.282998,-0.035793,0.279070,0.856417,-0.541189,-0.360465,0.833333,142630.000000,1333200.000000,-0.525470
2020-08-13,13.270000,14.073000,12.790000,13.730000,91100,0.000000,0.000000,13.270000,14.073000,12.790000,13.730000,12.585000,15.378600,15.826300,13.824300,13.188080,13.655325,-0.467245,-0.823495,0.356250,50.182696,12.585000,14.848816,10.321184,0.752892,1.080255,0.078678,0.040152,-0.002180,-0.024858,-0.146675,0.034665,0.281979,0.859439,-0.522767,-0.334787,0.906944,141300.000000,1250803.000000,-0.381340
2020-08-14,13.660000,13.660000,12.650000,13.320000,36500,0.000000,0.000000,13.660000,13.660000,12.650000,13.320000,12.558500,15.329000,15.822400,13.848900,13.208375,13.630486,-0.422110,-0.743218,0.321107,47.474176,12.558500,14.771812,10.345188,0.672027,1.080237,0.081099,-0.029862,-0.053305,-0.036876,-0.214623,0.007564,0.280769,0.863637,-0.537018,-0.354651,0.850000,138195.000000,486180.000000,-0.437012
2020-08-17,13.020000,13.610000,12.970000,13.460000,162900,0.000000,0.000000,13.020000,13.610000,12.970000,13.460000,12.558000,15.258400,15.826200,13.872050,13.247087,13.617857,-0.370770,-0.668728,0.297958,48.496396,12.558000,14.770449,10.345551,0.703847,1.048791,0.077919,0.010511,-0.058741,-0.028159,-0.221065,-0.013196,0.257944,0.864450,-0.532152,-0.347868,0.869444,140235.000000,2192634.000000,-0.426255
2020-08-18,13.460000,14.190000,13.330000,14.180000,77400,0.000000,0.000000,13.460000,14.190000,13.330000,14.180000,12.628500,15.199200,15.817400,13.896700,13.390612,13.659497,-0.268885,-0.588760,0.319874,53.507608,12.628500,14.956248,10.300752,0.833262,1.035306,0.073012,0.053492,0.108679,0.052710,-0.215274,-0.007003,0.227706,0.877391,-0.507125,-0.312984,0.969444,138285.000000,1097532.000000,-0.435820
2020-08-19,14.090000,14.330000,12.680000,14.240000,171800,0.000000,0.000000,14.090000,14.330000,12.680000,14.240000,12.722000,15.143000,15.825600,13.919150,13.521287,13.702498,-0.181211,-0.507250,0.326039,53.910061,12.722000,15.153925,10.290075,0.812099,1.079213,0.075787,0.004231,0.078788,0.115114,-0.276423,-0.017253,0.266904,0.853576,-0.505040,-0.310077,0.977778,137380.000000,2446432.000000,-0.465280
2020-08-20,14.020000,14.500000,13.920000,14.140000,93200,0.000000,0.000000,14.020000,14.500000,13.920000,14.140000,12.848500,15.088000,15.828000,13.941850,13.616474,13.734905,-0.118432,-0.429486,0.311055,53.085276,12.848500,15.300002,10.396998,0.763410,1.043555,0.073802,-0.007022,0.029862,0.143088,-0.256181,-0.011880,0.123114,0.844078,-0.508516,-0.314922,0.963889,134395.000000,1317848.000000,-0.469438
2020-08-21,14.040000,14.390000,13.450000,13.630000,51800,0.000000,0.000000,14.040000,14.390000,13.450000,13.630000,12.975000,15.044000,15.843200,13.962350,13.618555,13.727134,-0.108580,-0.365305,0.256725,48.970381,12.975000,15.304685,10.645315,0.640577,1.036158,0.076020,-0.036068,0.023273,0.173988,-0.266020,-0.165340,0.139632,0.822172,-0.526243,-0.339632,0.893056,129360.000000,706034.000000,-0.479135
2020-08-24,13.750000,14.609000,13.730000,14.540000,80800,0.000000,0.000000,13.750000,14.609000,13.730000,14.540000,13.133000,14.989400,15.884900,13.987900,13.760315,13.787347,-0.027031,-0.297650,0.270619,55.585868,13.133000,15.435686,10.830314,0.805513,1.032075,0.070982,0.066764,0.080238,0.309910,-0.278412,-0.151692,0.351301,0.821900,-0.494612,-0.295543,1.019444,127875.000000,1174832.000000,-0.496769
2020-08-25,14.430000,14.930000,14.010000,14.750000,111000,0.000000,0.000000,14.430000,14.930000,14.010000,14.750000,13.297000,14.932800,15.904500,14.015450,13.912575,13.858654,0.053920,-0.227336,0.281256,56.972150,13.297000,15.567980,11.026020,0.819906,1.024070,0.069428,0.014443,0.040197,0.296134,-0.235355,-0.032787,0.356946,0.820928,-0.487313,-0.285368,1.048611,124090.000000,1637250.000000,-0.453590
2020-08-26,14.850000,15.520000,14.420000,15.420000,161200,0.000000,0.000000,14.850000,15.520000,14.420000,15.420000,13.541000,14.888200,15.914500,14.047500,14.144486,13.974310,0.170177,-0.147834,0.318010,61.139666,13.541000,15.603843,11.478157,0.955439,1.029494,0.066764,0.045424,0.082865,0.344377,-0.150881,0.102216,0.437092,0.827850,-0.464025,-0.252907,1.141667,127200.000000,2485704.000000,-0.395952
2020-08-27,15.110000,15.191000,14.200000,14.900000,145600,0.000000,0.000000,15.110000,15.191000,14.200000,14.900000,13.717500,14.835800,15.918700,14.077250,14.260719,14.042879,0.217840,-0.074699,0.292539,56.560815,13.717500,15.593856,11.841144,0.815106,1.043101,0.070007,-0.033722,0.053748,0.413662,-0.190217,0.055989,0.443798,0.772659,-0.482099,-0.278101,1.069444,128810.000000,2169440.000000,-0.415244
2020-08-28,15.000000,15.265000,14.870000,15.110000,151400,0.000000,0.000000,15.000000,15.265000,14.870000,15.110000,13.908500,14.789000,15.920500,14.109150,14.391378,14.121925,0.269452,-0.005869,0.275321,57.931052,13.908500,15.500589,12.316411,0.877334,0.996808,0.065970,0.014094,0.108584,0.328936,-0.129608,0.021636,0.388787,0.740114,-0.474800,-0.267926,1.098611,127650.000000,2287654.000000,-0.354019
2020-08-31,15.060000,15.550000,14.990000,15.100000,164900,0.000000,0.000000,15.060000,15.550000,14.990000,15.100000,14.026500,14.713800,15.920000,14.143300,14.500397,14.194375,0.306021,0.056509,0.249512,57.837493,14.026500,15.603696,12.449304,0.840319,0.965608,0.063948,-0.000662,0.038514,0.337467,-0.122093,0.031421,0.425873,0.738086,-0.475148,-0.268411,1.097222,127870.000000,2489990.000000,-0.347634
2020-09-01,15.010000,15.340000,15.010000,15.300000,205200,0.000000,0.000000,15.010000,15.340000,15.010000,15.300000,14.158000,14.638200,15.926100,14.178800,14.623412,14.276273,0.347139,0.114635,0.232504,59.254815,14.158000,15.697085,12.618915,0.871000,0.920207,0.060144,0.013245,0.037288,0.200942,-0.059619,-0.040151,0.575695,0.612070,-0.468196,-0.258721,1.125000,131655.000000,3139560.000000,-0.292685
2020-09-02,15.240000,15.790000,15.240000,15.650000,113500,0.000000,0.000000,15.240000,15.790000,15.240000,15.650000,14.279500,14.561200,15.929600,14.218800,14.781349,14.378031,0.403318,0.172372,0.230946,61.682340,14.279500,15.888860,12.670140,0.925790,0.893764,0.057110,0.022876,0.014916,0.235201,-0.009494,0.012945,0.593686,0.611213,-0.456031,-0.241764,1.173611,129290.000000,1776275.000000,-0.263308
2020-09-03,15.580000,15.910000,15.090000,15.320000,141400,0.000000,0.000000,15.580000,15.910000,15.090000,15.320000,14.357500,14.470800,15.928700,14.259400,14.864218,14.447806,0.416412,0.221180,0.195232,58.163736,14.357500,16.011444,12.703556,0.790971,0.888495,0.057996,-0.021086,0.028188,0.158850,-0.098293,-0.005840,0.438498,0.608729,-0.467501,-0.257752,1.127778,125275.000000,2166248.000000,-0.265810
2020-09-04,15.490000,15.550000,14.165000,14.450000,102200,0.000000,0.000000,15.490000,15.550000,14.165000,14.450000,14.376500,14.347000,15.921200,14.290400,14.800492,14.447969,0.352524,0.247449,0.105075,50.056707,14.376500,16.025261,12.727739,0.522289,0.923960,0.063942,-0.056789,-0.043680,0.050145,-0.156943,0.016174,0.376190,0.635248,-0.497741,-0.299903,1.006944,121465.000000,1476790.000000,-0.296833
2020-09-08,14.210000,14.270000,13.234000,14.180000,112200,0.000000,0.000000,14.210000,14.270000,13.234000,14.180000,14.370500,14.237000,15.911600,14.317400,14.705032,14.428119,0.276913,0.253341,0.023571,47.828647,14.370500,16.021305,12.719695,0.442301,0.944820,0.066630,-0.018685,-0.060927,0.007818,-0.168328,-0.097390,0.355641,0.635419,-0.507125,-0.312984,0.969444,120625.000000,1590996.000000,-0.258138
2020-09-09,14.300000,15.080000,14.300000,14.900000,228800,0.000000,0.000000,14.300000,15.080000,14.300000,14.900000,14.476000,14.172200,15.905100,14.344700,14.735027,14.463073,0.271954,0.257064,0.014890,53.741649,14.476000,15.963087,12.988913,0.642561,0.941618,0.063196,0.050776,-0.026144,0.041958,-0.117821,0.002692,0.295652,0.656632,-0.482099,-0.278101,1.069444,125195.000000,3409120.000000,-0.229714
2020-09-10,14.890000,15.420000,14.650000,15.270000,128500,0.000000,0.000000,14.890000,15.420000,14.650000,15.270000,14.579500,14.113400,15.884600,14.368150,14.817331,14.522846,0.294485,0.264548,0.029937,56.471883,14.579500,15.978168,13.180832,0.746842,0.929360,0.060862,0.024832,-0.024281,0.193901,-0.035376,0.020040,0.261983,0.528270,-0.469239,-0.260174,1.120833,126570.000000,1962195.000000,-0.185687
2020-09-11,15.370000,15.660000,15.360000,15.540000,129700,0.000000,0.000000,15.370000,15.660000,15.360000,15.540000,14.670000,14.075200,15.850900,14.398950,14.928511,14.598191,0.330320,0.277702,0.052618,58.401342,14.670000,16.071458,13.268542,0.810391,0.890834,0.057325,0.017682,0.014360,0.177273,-0.100174,0.002581,0.188982,0.522683,-0.459854,-0.247093,1.158333,128500.000000,2015538.000000,-0.232071
2020-09-14,15.700000,16.950001,15.700000,16.459999,217100,0.000000,0.000000,15.700000,16.950001,15.700000,16.459999,14.827000,14.052400,15.826000,14.432500,15.164124,14.736102,0.428022,0.307766,0.120256,64.221055,14.827000,16.293684,13.360316,1.056698,0.927917,0.056374,0.059202,0.139100,0.198835,-0.063709,0.149441,0.336039,0.541143,-0.427876,-0.202519,1.286111,137530.000000,3573465.782900,-0.200520
2020-09-15,16.600000,17.129999,16.490000,17.000000,128900,0.000000,0.000000,16.600000,17.129999,16.490000,17.000000,15.004000,14.051400,15.818400,14.472450,15.446567,14.903798,0.542768,0.354767,0.188001,67.128021,15.004000,16.622620,13.385380,1.116574,0.909495,0.053500,0.032807,0.198872,0.276276,-0.036827,0.046154,0.449275,0.527485,-0.409107,-0.176357,1.361111,135830.000000,2191300.000000,-0.167634
2020-09-16,17.000000,17.698999,16.790001,17.469999,142500,0.000000,0.000000,17.000000,17.698999,16.790001,17.469999,15.168500,14.060000,15.816800,14.517250,15.757864,15.093887,0.663977,0.416609,0.247368,69.454239,15.168500,17.077241,13.259758,1.102884,0.909459,0.052058,0.027647,0.172483,0.297920,-0.002854,0.127824,0.475507,0.530124,-0.392770,-0.153585,1.426389,139085.000000,2489474.857500,-0.117877
2020-09-17,17.219999,17.990000,17.219999,17.860001,109000,0.000000,0.000000,17.219999,17.990000,17.219999,17.860001,15.349500,14.081200,15.819000,14.563850,16.081270,15.298785,0.782485,0.489784,0.292701,71.271008,15.349500,17.551532,13.147468,1.070042,0.899498,0.050364,0.022324,0.169614,0.259521,0.023496,0.178100,0.604672,0.510787,-0.379214,-0.134690,1.480556,135945.000000,1946740.109000,-0.073781
2020-09-18,17.990000,18.170000,16.190001,18.170000,208900,0.000000,0.000000,17.990000,18.170000,16.190001,18.170000,15.551000,14.116400,15.835900,14.613200,16.402613,15.511467,0.891145,0.570056,0.321089,72.662820,15.551000,18.009617,13.092383,1.032617,0.976677,0.053752,0.017357,0.169241,0.275983,-0.036585,0.211333,0.668503,0.510445,-0.368439,-0.119670,1.523611,141730.000000,3795713.000000,-0.121760
2020-09-21,18.100000,18.100000,17.825001,18.020000,189300,0.000000,0.000000,18.100000,18.100000,17.825001,18.020000,15.770500,14.160400,15.837400,14.661550,16.651442,15.697284,0.954157,0.646876,0.307281,70.873614,15.770500,18.290103,13.250897,0.946400,0.931557,0.051696,-0.008255,0.094775,0.274399,-0.055556,0.221695,0.621962,0.511046,-0.373653,-0.126938,1.502778,148605.000000,3411186.000000,-0.127382
2020-09-22,18.020000,18.240000,17.719999,18.080000,102900,0.000000,0.000000,18.020000,18.240000,17.719999,18.080000,15.947500,14.214200,15.853900,14.712000,16.871220,15.873782,0.997438,0.716989,0.280449,71.179315,15.947500,18.597146,13.297854,0.902412,0.902160,0.049898,0.003330,0.063529,0.326486,-0.072821,0.318745,0.608541,0.481630,-0.371568,-0.124031,1.511111,149710.000000,1860432.000000,-0.154968
2020-09-23,18.010000,18.330000,17.730000,17.820000,160200,0.000000,0.000000,18.010000,18.330000,17.730000,17.820000,16.101000,14.277800,15.881700,14.758700,17.017186,16.017946,0.999240,0.773439,0.225801,67.855752,16.101000,18.813504,13.388496,0.816866,0.880577,0.049415,-0.014381,0.020034,0.225585,-0.101815,0.362385,0.720077,0.450607,-0.380605,-0.136628,1.475000,152170.000000,2854764.000000,-0.174860
2020-09-24,17.700001,17.770000,17.139999,17.290001,196100,0.000000,0.000000,17.700001,17.770000,17.139999,17.290001,16.194500,14.342000,15.900200,14.801300,17.059158,16.112173,0.946985,0.808148,0.138837,61.547001,16.194500,18.936919,13.452081,0.699733,0.866250,0.050101,-0.029742,-0.031915,0.172203,-0.162306,0.148074,0.651385,0.470805,-0.399027,-0.162306,1.401389,153915.000000,3390569.196100,-0.227722
2020-09-25,17.240000,18.150000,17.240000,18.030001,206300,0.000000,0.000000,17.240000,18.150000,17.240000,18.030001,16.351000,14.426000,15.921200,14.844850,17.208518,16.254234,0.954284,0.837375,0.116909,66.263294,16.351000,19.139230,13.562770,0.801087,0.869375,0.048218,0.042799,-0.007705,0.169261,-0.083841,0.343517,0.864530,0.468259,-0.373305,-0.126453,1.504167,156950.000000,3719589.206300,-0.202353
2020-09-28,18.190001,18.350000,17.879999,18.160000,100400,0.000000,0.000000,18.190001,18.350000,17.879999,18.160000,16.503500,14.512200,15.936500,14.885550,17.354900,16.395402,0.959498,0.861800,0.097698,67.028369,16.503500,19.339170,13.667830,0.792083,0.840848,0.046302,0.007210,0.007769,0.218792,0.001103,0.306475,0.897597,0.443228,-0.368787,-0.120155,1.522222,154400.000000,1823264.000000,-0.124820
2020-09-29,18.160000,18.615000,18.160000,18.469999,147500,0.000000,0.000000,18.160000,18.615000,18.160000,18.469999,16.672000,14.612200,15.965400,14.925550,17.526454,16.549076,0.977378,0.884916,0.092462,68.842895,16.672000,19.556599,13.787401,0.811655,0.813288,0.044033,0.017070,0.021571,0.222369,0.014278,0.525186,1.063687,0.443707,-0.358012,-0.105136,1.565278,153530.000000,2724324.852500,-0.087770
2020-09-30,18.400000,18.590000,17.559999,17.690001,151700,0.000000,0.000000,18.400000,18.590000,17.559999,17.690001,16.791500,14.710600,15.984000,14.962600,17.551615,16.633589,0.918026,0.891538,0.026488,59.909143,16.791500,19.634503,13.948497,0.658020,0.828767,0.046849,-0.042231,-0.007295,0.171523,0.013754,0.705882,0.916576,0.478287,-0.385123,-0.142926,1.456945,150855.000000,2683573.151700,-0.085992
2020-10-01,17.780001,18.100000,17.620001,17.799999,154200,0.000000,0.000000,17.780001,18.100000,17.620001,17.799999,16.899000,14.819200,15.993200,15.000350,17.589828,16.719989,0.869838,0.887198,-0.017359,60.683998,16.899000,19.722793,14.075207,0.659537,0.803855,0.045160,0.006218,0.029497,0.163399,0.011364,0.391712,0.907824,0.477935,-0.381300,-0.137597,1.472222,152890.000000,2744759.845800,-0.098249
2020-10-02,17.590000,17.799999,15.280000,15.390000,80300,0.000000,0.000000,17.590000,17.799999,15.280000,15.390000,16.902500,14.894800,15.969400,15.019900,17.251393,16.621472,0.629921,0.835742,-0.205821,41.677768,16.902500,19.718214,14.086786,0.231418,0.926437,0.060197,-0.135393,-0.146423,-0.016613,-0.097361,0.067268,0.637234,0.684357,-0.465068,-0.254360,1.137500,149835.000000,1235817.000000,-0.158832
2020-10-05,15.300000,15.930000,14.590000,15.550000,147500,0.000000,0.000000,15.300000,15.930000,14.590000,15.550000,16.957500,14.983800,15.940800,15.039800,16.989640,16.542103,0.447537,0.758101,-0.310565,42.955166,16.957500,19.609735,14.305265,0.234658,0.955977,0.061478,0.010396,-0.143722,0.015013,-0.087441,0.073895,0.661325,0.680740,-0.459506,-0.246608,1.159722,152100.000000,2293625.000000,-0.183015
2020-10-06,15.610000,15.610000,14.330000,14.520000,214600,0.000000,0.000000,15.610000,15.610000,14.330000,14.520000,16.974500,15.046600,15.925100,15.056400,16.609695,16.392318,0.217377,0.649956,-0.432579,37.292565,16.974500,19.555169,14.393831,0.024445,0.979122,0.067433,-0.066238,-0.213860,0.004844,-0.135714,-0.027461,0.551282,0.691657,-0.495308,-0.296512,1.016667,157220.000000,3115992.000000,-0.198816
2020-10-07,14.870000,15.259000,14.110000,14.540000,101600,0.000000,0.000000,14.870000,15.259000,14.110000,14.540000,16.956500,15.108000,15.900900,15.072050,16.291281,16.255109,0.036171,0.527199,-0.491028,37.464950,16.956500,19.602293,14.310707,0.043332,0.991256,0.068174,0.001377,-0.178067,0.025388,-0.113955,-0.040264,0.617353,0.687879,-0.494612,-0.295543,1.019444,150860.000000,1477264.000000,-0.191398
2020-10-08,14.580000,14.939000,14.350000,14.700000,85600,0.000000,0.000000,14.580000,14.939000,14.350000,14.700000,16.928000,15.191200,15.875100,15.083900,16.046468,16.139916,-0.093448,0.403070,-0.496518,38.911771,16.928000,19.661123,14.194877,0.092408,0.962523,0.065478,0.011004,-0.174157,-0.013423,-0.070796,0.000681,0.608315,0.665887,-0.489051,-0.287791,1.041667,148715.000000,1258320.000000,-0.146478
2020-10-09,14.800000,15.120000,14.527000,14.850000,83100,0.000000,0.000000,14.800000,15.120000,14.527000,14.850000,16.893500,15.260800,15.842900,15.093100,15.862396,16.044367,-0.181970,0.286062,-0.468032,40.306137,16.893500,19.716341,14.070659,0.138042,0.936129,0.063039,0.010204,-0.035088,-0.027505,-0.035088,-0.029412,0.608884,0.660990,-0.483837,-0.280523,1.062500,146385.000000,1234035.000000,-0.149525
2020-10-12,15.010000,15.180000,14.550000,15.050000,73300,0.000000,0.000000,15.010000,15.180000,14.550000,15.050000,16.823000,15.336000,15.796600,15.102350,15.737412,15.970710,-0.233298,0.182190,-0.415488,42.200515,16.823000,19.759565,13.886435,0.198117,0.914262,0.060748,0.013468,-0.032154,-0.031532,0.028005,-0.023361,0.601064,0.659693,-0.476886,-0.270833,1.090278,139195.000000,1103165.000000,-0.104298
2020-10-13,15.010000,15.330000,14.910000,15.220000,65100,0.000000,0.000000,15.010000,15.330000,14.910000,15.220000,16.734000,15.385600,15.758700,15.113400,15.657810,15.915102,-0.257291,0.094294,-0.351585,43.832170,16.734000,19.754669,13.713332,0.249393,0.878958,0.057750,0.011296,0.048209,-0.075334,0.080966,0.001316,0.678060,0.624876,-0.470977,-0.262597,1.113889,136005.000000,990822.000000,-0.043522
2020-10-14,15.290000,15.290000,13.840000,13.900000,77300,0.000000,0.000000,15.290000,15.290000,13.840000,13.900000,16.555500,15.410200,15.712000,15.117450,15.387378,15.765835,-0.378457,-0.000256,-0.378201,35.461331,16.555500,19.806207,13.304793,0.091550,0.919747,0.066169,-0.086728,-0.044017,-0.182353,0.005061,-0.081902,0.486631,0.673984,-0.516858,-0.326550,0.930556,132745.000000,1074470.000000,-0.118571
2020-10-15,13.800000,14.065000,13.300000,13.980000,104000,0.000000,0.000000,13.800000,14.065000,13.300000,13.980000,16.361500,15.425400,15.650300,15.121450,15.170858,15.633551,-0.462693,-0.092744,-0.369949,36.255873,16.361500,19.744817,12.978183,0.148052,0.908693,0.065000,0.005755,-0.048980,-0.199771,0.009386,-0.100965,0.495187,0.663318,-0.514077,-0.322674,0.941667,132495.000000,1453920.000000,-0.105882
2020-10-16,13.930000,14.490000,13.640000,14.200000,50700,0.000000,0.000000,13.930000,14.490000,13.640000,14.200000,16.163000,15.434200,15.599400,15.131450,15.021495,15.527362,-0.505866,-0.175368,-0.330498,38.498216,16.163000,19.565347,12.760653,0.211523,0.904501,0.063697,0.015737,-0.043771,-0.204927,0.054195,-0.180139,0.502646,0.659697,-0.506430,-0.312015,0.972222,124585.000000,719940.000000,-0.029809
2020-10-19,13.900000,14.900000,13.900000,14.540000,64600,0.000000,0.000000,13.900000,14.900000,13.900000,14.540000,15.989000,15.443600,15.563200,15.142700,14.947419,15.454224,-0.506805,-0.241655,-0.265149,41.899794,15.989000,19.347132,12.630868,0.284255,0.911322,0.062677,0.023944,-0.033887,-0.199780,0.138606,-0.231095,0.601322,0.663521,-0.494612,-0.295543,1.019444,118350.000000,939284.000000,0.063841
2020-10-20,14.560000,14.560000,13.630000,13.750000,68300,0.000000,0.000000,14.560000,14.560000,13.630000,13.750000,15.772500,15.432600,15.516700,15.150200,14.763201,15.327985,-0.564784,-0.306281,-0.258503,36.805971,15.772500,19.121322,12.423679,0.198028,0.912656,0.066375,-0.054333,-0.096583,-0.236959,0.111560,-0.274406,0.496192,0.681241,-0.522072,-0.333818,0.909722,116620.000000,939125.000000,0.035869
2020-10-21,13.780000,13.880000,13.630000,13.760000,116500,0.000000,0.000000,13.780000,13.880000,13.630000,13.760000,15.569500,15.452000,15.480700,15.156350,14.608862,15.211838,-0.602976,-0.365620,-0.237356,36.910526,15.569500,18.887810,12.251190,0.227346,0.865324,0.062887,0.000727,-0.010072,-0.238938,0.185185,-0.225225,0.463830,0.680569,-0.521724,-0.333333,0.911111,114435.000000,1603040.000000,0.087371
2020-10-22,13.850000,14.120000,13.330000,13.840000,58600,0.000000,0.000000,13.850000,14.120000,13.330000,13.840000,15.397000,15.464800,15.447100,15.162650,14.490576,15.110220,-0.619645,-0.416425,-0.203220,37.797182,15.397000,18.697367,12.096633,0.264117,0.859944,0.062135,0.005814,-0.010014,-0.223345,0.246847,-0.214974,0.502714,0.683266,-0.518943,-0.329457,0.922222,107560.000000,811024.000000,0.136569
2020-10-23,14.231000,14.330000,13.895000,14.140000,61100,0.000000,0.000000,14.231000,14.330000,13.895000,14.140000,15.202500,15.473000,15.425800,15.168950,14.436641,15.038352,-0.601711,-0.453482,-0.148229,41.137974,15.202500,18.301898,12.103102,0.328596,0.833519,0.058948,0.021676,-0.004225,-0.182186,0.242531,-0.198413,0.558986,0.688719,-0.508516,-0.314922,0.963889,100300.000000,863954.000000,0.146481
2020-10-26,13.950000,14.220000,13.310000,13.720000,71300,0.000000,0.000000,13.950000,14.220000,13.310000,13.720000,14.980500,15.481000,15.405000,15.175050,14.326389,14.940697,-0.614308,-0.485647,-0.128661,38.056353,14.980500,17.812464,12.148536,0.277451,0.838982,0.061150,-0.029703,-0.056396,-0.239046,0.196164,-0.167476,0.534676,0.665985,-0.523114,-0.335271,0.905556,98845.000000,978236.000000,0.104178
2020-10-27,17.250000,31.690001,17.250000,30.020000,53359100,0.000000,0.000000,17.250000,31.690001,17.250000,30.020000,15.558000,15.812200,15.535300,15.266450,16.740790,16.057682,0.683108,-0.251896,0.935005,85.004548,15.558000,22.746220,8.369780,1.500000,2.062626,0.068708,1.188047,1.183273,0.653084,1.848197,0.679910,2.482599,4.212921,0.000000,0.000000,3.169444,2759425.000000,1601840182.000000,1.763932
2020-10-28,32.500000,43.639999,30.495001,43.430000,36132500,0.000000,0.000000,32.500000,43.639999,30.495001,43.430000,16.845000,16.397200,15.798200,15.426300,20.846823,18.085261,2.761561,0.350795,2.410766,91.028762,16.845000,31.242445,2.447555,1.423254,2.888153,0.066501,0.446702,2.156250,1.351381,2.819701,1.643335,4.170238,4.435090,0.000000,0.000000,5.031944,4558465.000000,1569234475.000000,2.780310
2020-10-29,45.009998,46.500000,39.820000,40.459999,14784800,0.000000,0.000000,45.009998,46.500000,39.820000,40.459999,17.978000,16.921600,16.032300,15.572950,23.864234,19.742649,4.121585,1.104953,3.016632,83.069130,17.978000,35.841181,0.114819,1.129283,3.158999,0.078077,-0.068386,1.923410,1.287168,2.583702,1.690160,3.582106,4.443949,-0.068386,-0.068386,4.619444,5289995.000000,598192993.215200,2.542724
2020-10-30,43.279999,44.430000,38.099998,38.900002,3791000,0.000000,0.000000,43.279999,44.430000,38.099998,38.900002,19.153500,17.416800,16.252400,15.713800,26.177429,21.161712,5.015717,1.887106,3.128611,79.154061,19.153500,39.253719,-0.946719,0.991201,3.385499,0.087031,-0.038557,1.751061,1.185393,2.053375,1.519430,3.205406,4.453905,-0.104306,-0.104306,4.402778,5475530.000000,147469907.582000,2.052569
2020-11-02,38.209999,45.500000,38.209999,44.259998,5175100,0.000000,0.000000,38.209999,45.500000,38.209999,44.259998,20.589000,18.029400,16.536700,15.880650,28.959363,22.872696,6.086667,2.727018,3.359648,82.249582,20.589000,43.508663,-2.330663,1.016391,3.664392,0.082792,0.137789,2.225947,1.875893,2.493291,1.778405,3.539487,4.402147,0.000000,0.000000,5.147222,5726910.000000,229049915.649800,2.491788
2020-11-03,44.610001,47.436001,39.803001,40.669998,3135200,0.000000,0.000000,44.610001,47.436001,39.803001,40.669998,21.896500,18.552000,16.770700,16.030300,30.760999,24.191015,6.569984,3.495611,3.074373,74.292201,21.896500,46.294298,-2.501299,0.884738,3.947864,0.097071,-0.081112,0.354763,1.615434,2.076399,1.445580,3.236458,4.430205,-0.081112,-0.081112,4.648611,5872940.000000,127508577.729600,2.061654
2020-11-04,41.400002,48.110001,41.400002,44.900002,2635100,0.000000,0.000000,41.400002,48.110001,41.400002,44.900002,23.414500,19.155000,17.043900,16.203900,32.936230,25.725014,7.211216,4.238732,2.972484,77.103094,23.414500,49.597686,-2.768686,0.910292,4.197303,0.093481,0.104008,0.033848,2.092287,2.263082,1.881900,3.711438,4.403446,0.000000,0.000000,5.236111,5999615.000000,118315995.270200,2.219626
2020-11-05,45.080002,46.330002,43.110001,44.389999,986500,0.000000,0.000000,45.080002,46.330002,43.110001,44.389999,24.899000,19.734400,17.311300,16.375400,34.698349,27.107606,7.590743,4.909134,2.681609,76.023785,24.899000,52.338351,-2.540351,0.855165,4.127495,0.092983,-0.011359,0.097133,2.052957,2.154940,1.804169,3.707317,4.406460,-0.011359,-0.011359,5.165278,6044660.000000,43790734.013500,2.075024
2020-11-06,43.910000,45.779999,41.270000,42.099998,1531700,0.000000,0.000000,43.910000,45.779999,41.270000,42.099998,26.261500,20.278400,17.557100,16.537750,35.837064,28.218153,7.618911,5.451090,2.167821,71.204021,26.261500,54.299535,-1.776536,0.782447,4.154817,0.098689,-0.051588,0.082262,1.863945,1.944056,1.494076,3.556277,4.423650,-0.062361,-0.062361,4.847222,6117090.000000,64484566.936600,1.859552
2020-11-09,42.020000,43.487999,41.310001,41.910000,570400,0.000000,0.000000,42.020000,43.487999,41.310001,41.910000,27.604500,20.814400,17.801700,16.699050,36.771362,29.232364,7.538998,5.868671,1.670326,70.802946,27.604500,55.952819,-0.743819,0.752317,4.013616,0.095767,-0.004513,-0.053095,1.822222,2.276779,1.358469,3.651498,4.426635,-0.066592,-0.066592,4.820833,6141945.000000,23905464.000000,2.190441
2020-11-10,42.060001,43.290001,41.029999,41.669998,574500,0.000000,0.000000,42.060001,43.290001,41.029999,41.669998,28.927000,21.345800,18.029800,16.851800,37.524998,30.153670,7.371328,6.169203,1.202125,70.264542,28.927000,57.310507,0.543493,0.724479,3.888358,0.093313,-0.005727,0.024588,1.768771,2.156818,1.263444,3.655866,4.430427,-0.071938,-0.071938,4.787500,6167415.000000,23939413.851000,2.107635
2020-11-11,41.930000,44.200001,41.259998,42.360001,634600,0.000000,0.000000,41.930000,44.200001,41.259998,42.360001,30.350000,21.887000,18.262600,17.004100,38.268845,31.057843,7.211002,6.377562,0.833439,70.948526,30.350000,58.413265,2.286734,0.713981,3.820618,0.090194,0.016559,-0.056570,1.783180,2.085215,1.632691,3.852234,4.429543,-0.056570,-0.056570,4.883333,6195280.000000,26881656.634600,2.017845
2020-11-12,42.099998,47.299999,41.730000,46.000000,1462900,0.000000,0.000000,42.099998,47.299999,41.730000,46.000000,31.951000,22.494000,18.527600,17.169600,39.458253,32.164669,7.293584,6.560767,0.732817,74.306170,31.951000,59.734104,4.167895,0.752834,3.945574,0.085773,0.085930,0.036269,2.309353,2.453453,1.712264,4.562273,4.391269,0.000000,0.000000,5.388889,6263225.000000,67293400.000000,2.390810
2020-11-13,46.430000,47.740002,42.349998,43.259998,529400,0.000000,0.000000,46.430000,47.740002,42.349998,43.259998,33.404000,23.052800,18.761800,17.324450,40.043137,32.986546,7.056591,6.659932,0.396660,67.940695,33.404000,60.303816,6.504183,0.683198,4.048747,0.093591,-0.059565,0.027553,2.094420,2.213967,1.503472,4.275610,4.411214,-0.059565,-0.059565,5.008333,6287160.000000,22901842.941200,2.151112
2020-11-16,43.209999,43.560001,37.299999,38.180000,773200,0.000000,0.000000,43.209999,43.560001,37.299999,38.180000,34.586000,23.527400,18.937200,17.453500,39.756501,33.371246,6.385255,6.604996,-0.219742,58.017289,34.586000,60.034059,9.137940,0.570614,4.206694,0.110181,-0.117429,-0.089000,1.688732,1.692525,1.112894,3.990850,4.458834,-0.170000,-0.170000,4.302778,6322590.000000,29520776.000000,1.628900
2020-11-17,38.279999,40.630001,38.020000,39.480000,405900,0.000000,0.000000,38.279999,40.630001,38.020000,39.480000,35.872500,24.033400,19.135200,17.585550,39.713962,33.823746,5.890216,6.462040,-0.571824,59.641816,35.872500,59.415645,12.329355,0.576615,4.092645,0.103664,0.034049,-0.052556,1.715268,1.772472,1.006098,4.483333,4.457603,-0.141739,-0.141739,3.941176,6339470.000000,16024932.000000,1.704928
2020-11-18,39.590000,40.000000,38.310001,39.740002,272900,0.000000,0.000000,39.590000,40.000000,38.310001,39.740002,37.171500,24.530200,19.351200,17.716800,39.717968,34.261987,5.455981,6.260828,-0.804848,59.975397,37.171500,58.322961,16.020039,0.560717,3.921027,0.098667,0.006586,-0.061851,1.890182,1.810467,1.090479,3.816970,4.440755,-0.136087,-0.136087,3.973717,6347290.000000,10845046.545800,1.762828
2020-11-19,39.990002,40.889999,38.709999,40.000000,426400,0.000000,0.000000,39.990002,40.889999,38.709999,40.000000,38.479500,25.024800,19.569100,17.849200,39.761358,34.687025,5.074332,6.023529,-0.949197,60.328520,38.479500,56.569914,20.389086,0.542025,3.796668,0.094917,0.006542,-0.130435,1.906977,1.934703,1.154012,3.555809,4.439571,-0.130435,-0.130435,4.006258,6365680.000000,17056000.000000,1.882288
2020-11-20,39.630001,42.700001,39.630001,42.060001,238600,0.000000,0.000000,39.630001,42.700001,39.630001,42.060001,39.875500,25.555200,19.815200,17.992200,40.114995,35.233172,4.881823,5.795188,-0.913365,63.105917,39.875500,53.912534,25.838466,0.577812,3.744763,0.089034,0.051500,-0.027739,2.039017,1.892710,1.087345,3.455509,4.433350,-0.085652,-0.085652,4.264080,6374555.000000,10035516.238600,1.850947
2020-11-23,41.849998,42.990002,40.509998,41.400002,275400,0.000000,0.000000,41.849998,42.990002,40.509998,41.400002,41.259500,26.054000,20.053200,18.125350,40.312688,35.689974,4.622715,5.560693,-0.937979,61.617502,41.259500,48.000371,34.518629,0.510422,3.654423,0.088271,-0.015692,0.084337,1.927864,1.806780,1.146190,2.913044,4.441182,-0.100000,-0.100000,4.181477,6384760.000000,11401560.550800,1.770661
2020-11-24,41.680000,43.730000,40.930000,42.700001,343100,0.000000,0.000000,41.680000,43.730000,40.930000,42.700001,41.893500,26.568000,20.309700,18.270350,40.679967,36.209235,4.470732,5.342701,-0.871969,63.446317,41.893500,46.087391,37.699609,0.596152,3.593393,0.084154,0.031401,0.081560,2.112245,1.769131,1.351322,3.552239,4.427898,-0.071739,-0.071739,4.344180,3733960.000000,14650370.343100,1.737264
2020-11-25,42.700001,44.980000,42.180000,44.700001,581900,0.000000,0.000000,42.700001,44.980000,42.180000,44.700001,41.957000,27.112600,20.586300,18.425400,41.298434,36.838181,4.460253,5.166212,-0.705958,66.120808,41.957000,46.285155,37.628845,0.816879,3.536722,0.079121,0.046838,0.124811,0.489007,2.000000,1.429348,3.584615,1.826163,-0.028261,-0.028261,4.594493,1956430.000000,26010930.581900,1.959652
2020-11-27,44.849998,47.220001,44.119999,46.910000,250500,0.000000,0.000000,44.849998,47.220001,44.119999,46.910000,42.279500,27.693600,20.887400,18.593600,42.161752,37.584241,4.577510,5.048471,-0.470961,68.834330,42.279500,47.074069,37.484931,0.982890,3.505528,0.074729,0.049441,0.172750,0.080129,2.104567,1.702189,4.206437,1.000880,0.000000,0.000000,4.871089,1229715.000000,11750955.000000,2.060942
2020-11-30,47.480000,51.250000,45.250000,49.820000,611500,0.000000,0.000000,47.480000,51.250000,45.250000,49.820000,42.825500,28.326600,21.221500,18.776600,43.339944,38.490594,4.849350,5.008647,-0.159297,72.012978,42.825500,48.420014,37.230986,1.125121,3.683704,0.073940,0.062034,0.184498,0.231340,2.299338,1.896511,4.854289,0.981249,0.000000,0.000000,5.235294,1070740.000000,30464930.000000,2.263392
2020-12-01,50.130001,50.470001,47.860001,48.669998,384000,0.000000,0.000000,50.130001,50.470001,47.860001,48.669998,43.046000,28.939600,21.550000,18.951750,44.159952,39.244624,4.915328,4.989983,-0.074655,69.017173,43.046000,49.198385,36.893615,0.957058,3.607011,0.074112,-0.023083,0.175604,0.251157,2.181046,1.991395,4.699063,0.972676,-0.023083,-0.023083,5.091364,831185.000000,18689279.232000,2.146251
2020-12-02,48.599998,50.320000,47.660000,49.950001,685100,0.000000,0.000000,48.599998,50.320000,47.660000,49.950001,43.510000,29.577000,21.895600,19.130100,45.050729,40.037615,5.013114,4.994609,0.018505,70.488765,43.510000,50.276950,36.743050,0.975842,3.539368,0.070858,0.026300,0.169789,0.128559,2.191693,2.161392,5.018072,0.862130,0.000000,0.000000,5.251565,708680.000000,34220745.685100,2.167397
2020-12-03,49.029999,49.849998,43.130001,43.340000,432700,0.000000,0.000000,49.029999,49.849998,43.130001,43.340000,43.432000,30.087400,22.182600,19.274350,44.787540,40.282236,4.505304,4.896748,-0.391444,55.760058,43.432000,50.167379,36.696621,0.493170,3.773698,0.087072,-0.132332,-0.030425,0.065650,1.828982,1.550912,4.190419,0.942728,-0.132332,-0.132332,4.424280,598560.000000,18753218.000000,1.748769
2020-12-04,43.250000,43.689999,40.650002,41.049999,313500,0.000000,0.000000,43.250000,43.689999,40.650002,41.049999,43.265000,30.562600,22.452300,19.408050,44.212534,40.339107,3.873426,4.692084,-0.818658,51.727462,43.265000,50.065676,36.464324,0.337148,3.721291,0.090653,-0.052838,-0.124920,-0.085746,1.840830,1.394983,4.137672,0.889749,-0.178178,-0.178178,3.840802,564910.000000,12869174.686500,1.739081
2020-12-07,41.430000,44.389999,41.430000,41.980000,281400,0.000000,0.000000,41.430000,44.389999,41.430000,41.980000,43.259000,31.041600,22.733800,19.536300,43.869067,40.460655,3.408412,4.435350,-1.026938,53.207491,43.259000,50.064214,36.453786,0.406028,3.694056,0.087996,0.022655,-0.157367,-0.054291,1.960508,1.462170,3.950472,0.893378,-0.159560,-0.159560,3.786773,502395.000000,11813172.000000,1.806350
2020-12-08,42.099998,47.259998,42.099998,46.130001,283900,0.000000,0.000000,42.099998,47.259998,42.099998,46.130001,43.470000,31.601000,23.056600,19.681250,44.216903,40.880606,3.336296,4.215539,-0.879242,59.216515,43.470000,50.360258,36.579742,0.693026,3.807338,0.082535,0.098857,-0.052188,0.095725,2.095973,1.731202,4.259977,0.937170,-0.076476,-0.076476,3.949571,488070.000000,13096307.283900,1.966619
2020-12-09,45.740002,46.020000,43.830002,45.330002,340300,0.000000,0.000000,45.740002,46.020000,43.830002,45.330002,43.653000,32.138200,23.375200,19.831650,44.388149,41.210191,3.177958,4.008023,-0.830065,57.678821,43.653000,50.536378,36.769623,0.621815,3.699671,0.081616,-0.017342,-0.092492,0.081603,1.968566,1.863550,3.863734,0.940045,-0.092492,-0.092492,3.707165,476360.000000,15425799.680600,1.838583
2020-12-10,45.189999,48.330002,44.619999,47.799999,166700,0.000000,0.000000,45.189999,48.330002,44.619999,47.799999,43.925000,32.740400,23.725500,20.000700,44.913049,41.698325,3.214724,3.849363,-0.634639,61.042466,43.925000,51.019925,36.830076,0.773082,3.700409,0.077414,0.054489,0.102907,0.147108,2.075933,1.767805,3.770459,0.954054,-0.043043,-0.043043,3.963655,452965.000000,7968259.833300,1.932914
2020-12-11,47.930000,48.980000,47.459999,48.080002,216400,0.000000,0.000000,47.930000,48.980000,47.459999,48.080002,44.029000,33.346000,24.082600,20.170550,45.400272,42.171042,3.229230,3.725336,-0.496106,61.416836,44.029000,51.310518,36.747483,0.778170,3.544665,0.073724,0.005858,0.171255,0.135033,1.921021,1.734926,3.592168,0.953611,-0.037437,-0.037437,3.992731,390640.000000,10404512.432800,1.801525
2020-12-14,48.680000,52.000000,47.639999,47.939999,307400,0.000000,0.000000,48.680000,52.000000,47.639999,47.939999,44.263000,33.997000,24.445900,20.336300,45.791000,42.598372,3.192627,3.618795,-0.426167,61.100670,44.263000,51.738670,36.787330,0.745931,3.602904,0.075154,-0.002912,0.141972,0.042174,1.820000,1.716147,3.663424,0.910611,-0.040240,-0.040240,3.978193,379540.000000,14736755.692600,1.708321
2020-12-15,48.279999,48.384998,43.930000,46.779999,268800,0.000000,0.000000,48.279999,48.384998,43.930000,46.779999,44.693000,34.621600,24.802700,20.497000,45.943153,42.908122,3.035031,3.502042,-0.467011,58.417337,44.693000,51.668011,37.717990,0.649605,3.663767,0.078319,-0.024197,0.014091,0.081368,1.677733,1.670091,3.563902,0.887657,-0.063464,-0.063464,3.857736,354320.000000,12574463.731200,1.537957
2020-12-16,46.650002,48.630001,45.650002,47.509998,581100,0.000000,0.000000,46.650002,48.630001,45.650002,47.509998,45.094500,35.281400,25.164000,20.654850,46.184206,43.249002,2.935204,3.388674,-0.453470,59.619193,45.094500,51.721832,38.467169,0.682238,3.614927,0.076088,0.015605,0.048092,0.244369,1.660134,1.722636,3.138502,0.767436,-0.048849,-0.048849,3.933541,363080.000000,27608059.837800,1.499926
2020-12-17,48.380001,50.290001,47.794998,49.990002,292800,0.000000,0.000000,48.380001,50.290001,47.794998,49.990002,45.607000,35.990400,25.549200,20.827550,46.769713,43.748335,3.021378,3.315215,-0.293837,63.480867,45.607000,52.074236,39.139765,0.838862,3.555289,0.071120,0.052200,0.045816,0.266211,1.751238,1.650583,3.320657,0.776644,0.000000,0.000000,4.191070,364075.000000,14637072.585600,1.568581
2020-12-18,50.480000,51.470001,47.349998,47.610001,1093900,0.000000,0.000000,50.480000,51.470001,47.349998,47.610001,45.987500,36.648600,25.919900,20.988550,46.898988,44.034385,2.864604,3.225093,-0.360489,57.771073,45.987500,51.940781,40.034220,0.636269,3.595626,0.075522,-0.047610,-0.009775,0.198037,1.642064,1.495283,3.250893,0.804028,-0.047610,-0.047610,3.943925,397450.000000,52080580.093900,1.458664
2020-12-21,47.080002,50.180000,46.189999,49.759998,188900,0.000000,0.000000,47.080002,50.180000,46.189999,49.759998,46.372500,37.346800,26.303800,21.166250,47.339144,44.458504,2.880640,3.156202,-0.275563,61.168910,46.372500,52.251801,40.493199,0.788087,3.623796,0.072825,0.045159,0.037964,0.244000,1.752212,1.551795,3.361087,0.813078,-0.004601,-0.004601,4.167186,394965.000000,9399663.622200,1.589960
2020-12-22,50.099998,53.716999,50.000000,51.009998,269800,0.000000,0.000000,50.099998,53.716999,50.000000,51.009998,46.853000,38.066000,26.701000,21.342750,47.903891,44.943800,2.960091,3.116980,-0.156889,63.031353,46.853000,52.590272,41.115728,0.862280,3.647596,0.071507,0.025121,0.090423,0.212791,1.862514,1.571068,3.137064,0.801879,0.000000,0.000000,4.296988,394685.000000,13762497.460400,1.657968
2020-12-23,50.380001,51.939999,49.014000,51.570000,213100,0.000000,0.000000,50.380001,51.939999,49.014000,51.570000,47.296500,38.793000,27.089300,21.526300,48.467907,45.434630,3.033278,3.100239,-0.066962,63.867468,47.296500,53.053349,41.539651,0.871167,3.596053,0.069731,0.010978,0.085456,0.245652,1.982649,1.498547,2.963874,0.796216,0.000000,0.000000,4.355140,388185.000000,10989567.000000,1.785986
2020-12-24,51.560001,55.160999,51.354000,51.500000,149000,0.000000,0.000000,51.560001,55.160999,51.354000,51.500000,47.636500,39.545000,27.477600,21.708950,48.934383,45.883916,3.050467,3.090285,-0.039818,63.673610,47.636500,53.548786,41.724214,0.826735,3.611121,0.070119,-0.001357,0.030206,0.206089,1.856350,1.616870,2.901515,0.794109,-0.001357,-0.001357,4.347871,366540.000000,7673500.000000,1.683064
2020-12-28,51.500000,52.009998,46.630001,47.900002,396700,0.000000,0.000000,51.500000,52.009998,46.630001,47.900002,47.686000,40.223400,27.824400,21.870950,48.775248,46.033256,2.741992,3.020626,-0.278635,54.509930,47.686000,53.589246,41.782754,0.518126,3.737469,0.078026,-0.069903,0.006091,0.071588,1.637665,1.640574,2.681783,0.828443,-0.071165,-0.071165,3.974040,373850.000000,19001930.793400,1.477388
2020-12-29,48.060001,49.500000,46.279999,47.580002,138200,0.000000,0.000000,48.060001,49.500000,46.279999,47.580002,47.574000,40.891000,28.162600,22.037250,48.591364,46.147830,2.443534,2.905208,-0.461674,53.769172,47.574000,53.391141,41.756859,0.500516,3.700507,0.077774,-0.006681,-0.043810,0.014283,1.576070,1.612850,2.634836,0.812854,-0.077371,-0.077371,3.940810,350185.000000,6575556.276400,1.416852
2020-12-30,47.980000,51.540001,47.529999,51.110001,133500,0.000000,0.000000,47.980000,51.540001,47.529999,51.110001,47.696000,41.622400,28.533000,22.211550,48.978846,46.515398,2.463448,2.816856,-0.353408,60.195234,47.696000,53.708974,41.683027,0.783886,3.722614,0.072835,0.074191,0.001960,0.025893,1.889203,1.928940,2.877845,0.825174,-0.008920,-0.008920,4.307373,337660.000000,6823185.133500,1.736753
2020-12-31,51.470001,51.470001,47.849998,48.529999,131300,0.000000,0.000000,51.470001,51.470001,47.849998,48.529999,47.625000,42.318000,28.875300,22.376750,48.909793,46.664628,2.245165,2.702518,-0.457353,54.258949,47.625000,53.558926,41.691074,0.576256,3.715285,0.076556,-0.050479,-0.058949,-0.002876,1.726405,1.757386,2.977869,0.841191,-0.058949,-0.058949,4.039460,309970.000000,6371988.868700,1.588518
2021-01-04,48.599998,49.752998,46.230000,46.919998,174400,0.000000,0.000000,48.599998,49.752998,46.230000,46.919998,47.804000,42.981200,29.216600,22.535550,48.603671,46.683544,1.920127,2.546040,-0.625913,50.886495,47.804000,53.400041,42.207959,0.421015,3.701550,0.078891,-0.033175,-0.088932,-0.060661,2.048733,1.751906,2.817738,0.844080,-0.090169,-0.090169,3.872274,297055.000000,8182847.651200,1.902148
2021-01-05,47.330002,47.720001,45.275002,46.450001,147700,0.000000,0.000000,47.330002,47.720001,45.275002,46.450001,48.074000,43.633400,29.549100,22.692800,48.272337,46.666245,1.606092,2.358050,-0.751958,49.911221,48.074000,52.742106,43.405894,0.326054,3.611796,0.077757,-0.010017,-0.030271,0.071758,1.987138,1.725939,2.791837,0.699327,-0.099283,-0.099283,3.823468,288765.000000,6860665.147700,1.855969
2021-01-06,46.770000,49.060001,46.195000,47.860001,335700,0.000000,0.000000,46.770000,49.060001,46.195000,47.860001,48.368000,44.307800,29.890400,22.858350,48.208901,46.754671,1.454230,2.177286,-0.723056,52.831883,48.368000,52.058343,44.677657,0.431172,3.558454,0.074351,0.030355,0.005885,0.165895,2.296143,1.848810,2.819633,0.672676,-0.071941,-0.071941,3.969886,291480.000000,16066602.335700,2.153943
2021-01-07,47.889999,50.266998,46.340000,47.200001,235900,0.000000,0.000000,47.889999,50.266998,46.340000,47.200001,48.421500,44.977400,30.229200,23.025800,48.053685,46.787658,1.266027,1.995034,-0.729007,51.323314,48.421500,52.004702,44.838298,0.329552,3.584778,0.075949,-0.013790,-0.076502,0.124345,2.246217,1.876295,2.751987,0.674640,-0.084739,-0.084739,3.901350,289080.000000,11134480.235900,2.096377
2021-01-08,47.169998,48.430000,44.365002,45.959999,174100,0.000000,0.000000,47.169998,48.430000,44.365002,45.959999,48.453000,45.296200,30.554200,23.190200,47.731580,46.726350,1.005229,1.797073,-0.791844,48.520116,48.453000,51.931312,44.974688,0.141636,3.619080,0.078744,-0.026271,-0.052957,-0.003685,2.126531,1.905183,2.568323,0.592983,-0.108784,-0.108784,3.772586,280770.000000,8001635.825900,1.970589
2021-01-11,48.490002,49.200001,45.540001,48.490002,154900,0.000000,0.000000,48.490002,49.200001,45.540001,48.490002,48.487500,45.397400,30.897300,23.357350,47.848260,46.856991,0.991269,1.635912,-0.644643,54.036285,48.487500,51.952203,45.022798,0.500361,3.622003,0.074696,0.055048,0.033461,0.069711,2.265320,2.150747,2.879200,0.618052,-0.059725,-0.059725,4.035307,280180.000000,7511101.309800,2.139543
2021-01-12,48.119999,54.965000,48.094002,52.970001,223400,0.000000,0.000000,48.119999,54.965000,48.094002,52.970001,48.732000,45.647600,31.284600,23.555100,48.636220,47.309807,1.326413,1.574013,-0.247599,61.834758,48.732000,52.725440,44.738560,1.030620,3.854074,0.072760,0.092390,0.140366,0.108159,2.519601,2.618169,3.511925,0.668963,0.000000,0.000000,4.500519,280530.000000,11833498.223400,2.418882
2021-01-13,53.459999,54.070000,51.450001,53.490002,223200,0.000000,0.000000,53.459999,54.070000,51.450001,53.490002,49.009500,45.939400,31.678100,23.753050,49.382956,47.767599,1.615357,1.582281,0.033075,62.627368,49.009500,53.510310,44.508691,0.997744,3.765926,0.070404,0.009817,0.117635,0.112521,2.514455,2.799006,3.667539,0.669113,0.000000,0.000000,4.554517,276320.000000,11938968.446400,2.407825
2021-01-14,53.529999,61.099998,53.529999,58.049999,233100,0.000000,0.000000,53.529999,61.099998,53.529999,58.049999,49.573000,46.215200,32.122300,23.982750,50.716347,48.529258,2.187089,1.703243,0.483846,68.755283,49.573000,55.495863,43.650138,1.215617,4.040502,0.069604,0.085250,0.229873,0.210889,3.176259,3.197397,4.215633,0.722041,0.000000,0.000000,5.028037,274535.000000,13531454.766900,3.062066
2021-01-15,57.919998,59.299999,56.000000,57.430000,354500,0.000000,0.000000,57.919998,59.299999,56.000000,57.430000,50.069000,46.550400,32.551200,24.218050,51.749217,49.188572,2.560644,1.874723,0.685921,67.143255,50.069000,56.861993,43.276008,1.041808,3.987609,0.069434,-0.010680,0.249565,0.227661,3.108011,3.146570,4.352283,0.715434,-0.010680,-0.010680,4.963655,263205.000000,20358935.000000,2.998344
2021-01-19,58.759998,59.360001,56.160000,56.919998,285400,0.000000,0.000000,58.759998,59.360001,56.160000,56.919998,50.415500,46.790800,32.972900,24.438700,52.544722,49.761271,2.783451,2.056469,0.726982,65.777079,50.415500,57.866622,42.964379,0.936478,3.931351,0.069068,-0.008880,0.173850,0.198064,3.008451,3.225687,4.226813,0.718370,-0.019466,-0.019466,4.910696,262835.000000,16244967.429200,2.877738
2021-01-20,56.169998,56.889999,50.009998,51.529999,273000,0.000000,0.000000,56.169998,56.889999,50.009998,51.529999,50.611500,46.933600,33.334000,24.624250,52.388610,49.892288,2.496323,2.144440,0.351883,53.408585,50.611500,57.957379,43.265621,0.562518,4.144112,0.080421,-0.094694,-0.027185,0.030806,2.544016,3.035239,3.797951,0.785690,-0.112317,-0.112317,4.350986,221790.000000,14067689.727000,2.371668
2021-01-21,53.240002,53.310001,49.389999,53.090000,203700,0.000000,0.000000,53.240002,53.310001,49.389999,53.090000,50.778000,47.153400,33.715900,24.817300,52.496516,50.129155,2.367361,2.189024,0.178337,55.988073,50.778000,58.193243,43.362757,0.655895,4.128104,0.077757,0.030274,-0.007478,0.115102,2.861091,3.291835,4.215128,0.769115,-0.085444,-0.085444,4.512980,222530.000000,10814433.000000,2.686175
2021-01-22,53.279999,57.500000,53.099998,57.459999,160400,0.000000,0.000000,53.279999,57.500000,53.099998,57.459999,51.100500,47.464400,34.139400,25.029950,53.260129,50.672181,2.587949,2.268809,0.319140,62.286916,51.100500,59.096523,43.104477,0.897666,4.148239,0.072194,0.082313,-0.010164,0.154743,3.175872,3.949182,4.694747,0.802790,-0.010164,-0.010164,4.966770,217060.000000,9216583.839600,2.996645
2021-01-25,58.400002,61.099998,57.310001,60.660000,295100,0.000000,0.000000,58.400002,61.099998,57.310001,60.660000,51.555000,47.844200,34.595000,25.257500,54.398571,51.412019,2.986552,2.412357,0.574194,66.111595,51.555000,60.624672,42.485328,1.001948,4.122651,0.067963,0.055691,0.056242,0.189179,3.382948,4.464865,5.299065,0.817807,0.000000,0.000000,5.286010,221160.000000,17900766.000000,3.197829
2021-01-26,59.650002,62.430000,57.200001,58.810001,458000,0.000000,0.000000,59.650002,62.430000,57.200001,58.810001,51.920500,48.173200,35.030100,25.478100,55.077252,51.960018,3.117235,2.553333,0.563902,62.185183,51.920500,61.552576,42.288424,0.857633,4.201747,0.071446,-0.030498,0.033205,0.140392,3.159123,4.167838,5.094301,0.829428,-0.030498,-0.030498,4.671167,236610.000000,26934980.458000,2.979202
2021-01-27,56.919998,58.740002,54.840000,56.840000,270800,0.000000,0.000000,56.919998,58.740002,54.840000,56.840000,52.367500,48.390000,35.442000,25.685800,55.348444,52.321498,3.026946,2.648056,0.378891,58.219941,52.367500,62.043636,42.691364,0.731110,4.185194,0.073631,-0.033498,0.103047,0.103689,3.142857,3.955536,4.111511,0.841174,-0.062974,-0.062974,4.481196,230315.000000,15392272.000000,2.974562
2021-01-28,55.660000,58.150002,55.169998,57.689999,267700,0.000000,0.000000,55.660000,58.150002,55.169998,57.689999,52.873000,48.678600,35.865700,25.897200,55.708684,52.719165,2.989519,2.716348,0.273171,59.422226,52.873000,62.552380,43.193620,0.748828,4.099109,0.071054,0.014954,0.086645,0.204384,0.921719,4.473434,3.847899,0.794730,-0.048961,-0.048961,4.563163,236790.000000,15443612.732300,0.755001
2021-01-29,58.180000,62.720001,57.500000,59.660000,173400,0.000000,0.000000,58.180000,62.720001,57.500000,59.660000,53.300500,49.108200,36.317800,26.119500,56.316578,53.233301,3.083278,2.789734,0.293544,62.141393,53.300500,63.398227,43.202773,0.814898,4.179172,0.070050,0.034148,0.038288,0.253888,0.373705,4.247142,3.624806,0.796465,-0.016485,-0.016485,4.753134,238785.000000,10345044.000000,0.185986
2021-02-01,59.570000,60.669998,57.355000,58.930000,277800,0.000000,0.000000,59.570000,60.669998,57.355000,58.930000,53.820500,49.497200,36.765300,26.338450,56.718643,53.655278,3.063365,2.844460,0.218905,60.522909,53.820500,63.954913,43.686087,0.752087,4.117446,0.069870,-0.012236,-0.028520,0.153003,0.456500,4.219663,3.794955,0.767196,-0.028520,-0.028520,4.682739,246110.000000,16370754.000000,0.258227
2021-02-02,59.849998,61.854000,58.459999,59.020000,246700,0.000000,0.000000,59.849998,61.854000,58.459999,59.020000,54.425500,49.882800,37.206500,26.555800,57.072698,54.052665,3.020033,2.879575,0.140458,60.658952,54.425500,64.265830,44.585170,0.733453,4.065771,0.068888,0.001527,0.003571,0.216155,0.517224,3.632653,3.771221,0.737922,-0.027036,-0.027036,4.691418,249725.000000,14560234.000000,0.269671
2021-02-03,58.439999,61.790001,58.014999,60.639999,193500,0.000000,0.000000,58.439999,61.790001,58.014999,60.639999,55.135000,50.295600,37.660200,26.772400,57.621514,54.540616,3.080898,2.919839,0.161058,63.122448,55.135000,64.592896,45.677104,0.791027,4.045002,0.066705,0.027448,0.066854,0.292413,0.370086,3.786109,3.639633,0.722556,-0.000330,-0.000330,4.847637,252015.000000,11733839.806500,0.127977
2021-02-04,60.349998,62.709999,59.619999,62.419998,133700,0.000000,0.000000,60.349998,62.709999,59.619999,62.419998,55.863000,50.702800,38.129000,26.989950,58.359742,55.124274,3.235468,2.982965,0.252503,65.666432,55.863000,65.203821,46.522179,0.850986,3.976787,0.063710,0.029354,0.081990,0.343810,0.534792,3.721634,3.627131,0.719434,0.000000,0.000000,5.019286,241915.000000,8345553.732600,0.300291
2021-02-05,62.650002,64.849998,60.000000,64.660004,153100,0.000000,0.000000,62.650002,64.849998,60.000000,64.660004,56.736000,51.168000,38.611000,27.218500,59.329013,55.830624,3.498389,3.086050,0.412339,68.601853,56.736000,65.930267,47.541733,0.930921,4.039160,0.062468,0.035886,0.083808,0.351024,0.440089,3.699128,3.782545,0.721160,0.000000,0.000000,5.235295,237775.000000,9899446.612400,0.244630
2021-02-08,65.099998,66.718002,60.540001,60.830002,230200,0.000000,0.000000,65.099998,66.718002,60.540001,60.830002,57.479500,51.530600,39.049300,27.433850,59.559934,56.200948,3.358986,3.140637,0.218349,59.270872,57.479500,65.308218,49.650783,0.713988,4.191934,0.068912,-0.059233,0.032242,0.288771,0.370354,3.323383,3.519317,0.760453,-0.059233,-0.059233,4.865960,240580.000000,14003066.460400,0.194025
2021-02-09,60.849998,62.500000,58.509998,59.160000,207800,0.000000,0.000000,60.849998,62.500000,58.509998,59.160000,58.013000,51.819800,39.466200,27.641500,59.498406,56.420137,3.078269,3.128163,-0.049895,55.712534,58.013000,64.621487,51.404513,0.586782,4.177510,0.070614,-0.027454,0.002372,0.287206,0.405226,3.137063,3.005416,0.761238,-0.085060,-0.085060,4.704918,243225.000000,12293448.000000,0.227636
2021-02-10,58.669998,58.669998,54.150002,54.919998,202800,0.000000,0.000000,58.669998,58.669998,54.150002,54.919998,58.110500,51.980000,39.836800,27.827900,58.794036,56.309016,2.485020,2.999535,-0.514515,47.856856,58.110500,64.458100,51.762899,0.248684,4.236974,0.077148,-0.071670,-0.094327,0.132605,0.310427,3.293980,3.008759,0.799060,-0.150634,-0.150634,4.296046,242195.000000,11137775.594400,0.117599
2021-02-11,55.730000,56.380001,53.459999,53.810001,115800,0.000000,0.000000,55.730000,56.380001,53.459999,53.810001,58.126500,52.059800,40.193200,28.014550,58.027261,56.123904,1.903357,2.780299,-0.876942,46.027134,58.126500,64.426497,51.826503,0.157421,4.142904,0.076991,-0.020211,-0.137937,0.015858,0.291337,3.076515,2.930606,0.740797,-0.167801,-0.167801,4.189007,236825.000000,6231198.115800,0.077390
2021-02-12,53.349998,55.680000,51.439999,54.439999,94500,0.000000,0.000000,53.349998,55.680000,51.439999,54.439999,57.946000,52.175200,40.557400,28.197400,57.475375,55.999170,1.476205,2.519480,-1.043276,47.259632,57.946000,64.458500,51.433499,0.230825,4.149840,0.076228,0.011708,-0.158058,0.017760,0.285175,2.965040,3.102487,0.741084,-0.158058,-0.158058,4.249759,229895.000000,5144579.905500,0.089268
2021-02-16,54.830002,55.544998,52.049999,52.560001,105100,0.000000,0.000000,54.830002,55.544998,52.049999,52.560001,57.702500,52.227400,40.902200,28.378050,56.719163,55.744417,0.974746,2.210534,-1.235787,44.028550,57.702500,64.646138,50.758862,0.129697,4.103065,0.078064,-0.034533,-0.135953,-0.094574,0.142609,2.945946,2.975794,0.685369,-0.187133,-0.187133,4.068467,217425.000000,5524056.105100,-0.057049
2021-02-17,52.549999,53.139999,49.209999,51.820000,194800,0.000000,0.000000,52.549999,53.139999,49.209999,51.820000,57.447500,52.397000,41.242200,28.561950,55.965446,55.453719,0.511727,1.870772,-1.359046,42.788486,57.447500,64.870197,50.024803,0.120926,4.090704,0.078941,-0.014079,-0.124070,-0.097684,0.197873,2.849926,2.799120,0.685898,-0.198577,-0.198577,3.997107,212895.000000,10094536.000000,0.017288
2021-02-18,51.820000,52.000000,48.880001,49.970001,197400,0.000000,0.000000,51.820000,52.000000,48.880001,49.970001,57.369500,52.575400,41.569000,28.734600,55.043070,55.047518,-0.004448,1.495728,-1.500176,39.772582,57.369500,65.081180,49.657820,0.020241,4.021368,0.080476,-0.035700,-0.090131,-0.122101,0.308800,2.523978,2.499300,0.694548,-0.227188,-0.227188,3.818708,209115.000000,9864078.197400,0.146002
2021-02-19,50.189999,53.180000,50.000000,51.790001,166500,0.000000,0.000000,50.189999,53.180000,50.000000,51.790001,57.304500,52.771600,41.906600,28.913900,54.542598,54.806220,-0.263623,1.143858,-1.407481,43.957551,57.304500,65.188057,49.420943,0.150253,3.963413,0.076529,0.036422,-0.037539,0.005046,0.311803,2.636938,2.574189,0.627056,-0.199041,-0.199041,3.994214,207255.000000,8623035.166500,0.145818
2021-02-22,51.580002,51.849998,48.610001,49.099998,120700,0.000000,0.000000,51.580002,51.849998,48.610001,49.099998,56.886500,52.831000,42.216000,29.076250,53.705275,54.383537,-0.678263,0.779434,-1.457696,39.579922,56.886500,65.580235,48.192765,0.052177,3.911740,0.079669,-0.051941,-0.098090,-0.075155,0.235531,2.472419,2.431167,0.643134,-0.240643,-0.240643,3.734812,205270.000000,5926369.758600,0.088818
2021-02-23,48.360001,50.255001,46.150002,49.369999,201600,0.000000,0.000000,48.360001,50.255001,46.150002,49.369999,56.322000,52.911800,42.525000,29.245200,53.038309,54.012164,-0.973855,0.428776,-1.402631,40.223400,56.322000,65.439885,47.204115,0.118771,3.925544,0.079513,0.005499,-0.060693,-0.140794,0.234250,2.622157,2.023270,0.565167,-0.236468,-0.236468,3.760849,200595.000000,9952991.798400,0.103168
2021-02-24,49.230000,51.400002,48.419998,51.299999,124000,0.000000,0.000000,49.230000,51.400002,48.419998,51.299999,55.946500,52.981800,42.861100,29.422550,52.770877,53.811263,-1.040386,0.134944,-1.175330,44.752790,55.946500,65.249646,46.643354,0.250273,3.858006,0.075205,0.039093,-0.010035,-0.154303,0.219686,2.528198,1.992999,0.544673,-0.206619,-0.206619,3.946962,183895.000000,6361199.876000,0.072659
2021-02-25,51.770000,53.000000,49.450001,50.709999,178300,0.000000,0.000000,51.770000,53.000000,49.450001,50.709999,55.640000,53.034400,43.190200,29.591700,52.453819,53.581540,-1.127721,-0.117589,-1.010132,43.663591,55.640000,65.219026,46.060974,0.242667,3.836005,0.075646,-0.011501,0.014809,-0.137732,0.224879,2.437966,2.325246,0.538454,-0.215744,-0.215744,3.890067,179270.000000,9041592.821700,0.120609
2021-02-26,52.040001,54.529999,49.549999,54.099998,250100,0.000000,0.000000,52.040001,54.529999,49.549999,54.099998,55.460500,53.157600,43.577300,29.773350,52.707077,53.619944,-0.912867,-0.276645,-0.636222,51.037282,55.460500,65.012287,45.908713,0.428783,3.917719,0.072416,0.066851,0.044603,-0.048206,0.266979,2.508430,2.867048,0.585185,-0.163316,-0.163316,4.216972,178390.000000,13530409.499800,0.170977
2021-03-01,55.230000,57.570000,54.445000,56.799999,141500,0.000000,0.000000,55.230000,57.570000,54.445000,56.799999,55.317500,53.358000,43.989800,29.965300,53.336757,53.855504,-0.518746,-0.325065,-0.193681,55.979273,55.317500,64.688490,45.946509,0.579100,3.885739,0.068411,0.049908,0.156823,-0.015427,0.270693,2.812080,3.025514,0.609730,-0.121559,-0.121559,4.477338,176795.000000,8037199.858500,0.147130
2021-03-02,55.820000,57.500000,52.689999,53.349998,312900,0.000000,0.000000,55.820000,57.500000,52.689999,53.349998,55.038500,53.474800,44.378100,30.151600,53.338794,53.818059,-0.479264,-0.355905,-0.123359,49.152409,55.038500,64.288109,45.788890,0.408726,3.951758,0.074072,-0.060739,0.080616,-0.105766,0.137284,2.530774,2.607167,0.630935,-0.174915,-0.174915,4.144648,178550.000000,16693214.374200,0.042826
2021-03-03,53.060001,54.000000,50.000000,51.480000,220400,0.000000,0.000000,53.060001,54.000000,50.000000,51.480000,54.661500,53.504600,44.747500,30.324200,53.052826,53.644869,-0.592043,-0.403133,-0.188911,45.885928,54.661500,63.842207,45.480793,0.326729,3.955204,0.076830,-0.035052,0.003509,-0.126421,0.033320,2.409272,2.516393,0.639330,-0.203835,-0.203835,3.964320,177235.000000,11346192.000000,-0.032179
2021-03-04,50.360001,52.619999,48.049999,50.599998,183800,0.000000,0.000000,50.360001,52.619999,48.049999,50.599998,54.159500,53.564400,45.106500,30.490800,52.675468,53.419323,-0.743855,-0.471277,-0.272578,44.390876,54.159500,63.057386,45.261613,0.299980,3.999118,0.079034,-0.017094,-0.002169,-0.142664,0.039655,2.307189,2.174404,0.639954,-0.217445,-0.217445,3.879460,176750.000000,9300279.632400,0.009840
2021-03-05,50.950001,54.005001,48.049999,53.529999,184400,0.000000,0.000000,50.950001,54.005001,48.049999,53.529999,53.715000,53.639800,45.493300,30.668100,52.806934,53.427521,-0.620587,-0.501139,-0.119448,50.207961,53.715000,61.718652,45.711347,0.488443,4.138824,0.077318,0.057905,-0.010536,-0.117249,0.071672,2.420447,2.464725,0.668392,-0.172131,-0.172131,4.162006,179285.000000,9870931.815600,0.025452
2021-03-08,53.500000,55.040001,51.169998,53.169998,181600,0.000000,0.000000,53.500000,55.040001,51.169998,53.169998,53.140499,53.683000,45.874500,30.835550,52.862790,53.408446,-0.545655,-0.510042,-0.035613,49.522501,53.140499,59.265178,47.015820,0.502408,4.119622,0.077480,-0.006725,-0.063908,-0.148190,0.226811,2.470627,2.450357,0.656556,-0.177699,-0.177699,4.127290,180710.000000,9655671.636800,0.208069
2021-03-09,54.680000,60.000000,54.424999,57.360001,292600,0.000000,0.000000,54.680000,60.000000,54.424999,57.360001,52.966999,53.798800,46.295900,31.027300,53.554669,53.701153,-0.146485,-0.437331,0.290846,56.898164,52.966999,58.322847,47.611152,0.910113,4.313221,0.075196,0.078804,0.075164,-0.112898,0.397320,2.969550,3.033755,0.706632,-0.112898,-0.112898,4.531341,183830.000000,16783536.292600,0.348413
2021-03-10,57.279999,63.930000,56.930000,62.110001,404800,0.000000,0.000000,57.279999,63.930000,56.930000,62.110001,53.114499,54.011000,46.778000,31.245000,54.870874,54.324031,0.546843,-0.240496,0.787339,63.423072,53.114499,59.288474,46.940525,1.228502,4.505134,0.072535,0.082810,0.206488,0.021042,0.479514,3.380113,2.953533,0.739203,-0.039437,-0.039437,4.989393,193680.000000,25142128.404800,0.435674
2021-03-11,62.250000,63.560001,61.220001,62.369999,530700,0.000000,0.000000,62.250000,63.560001,61.220001,62.369999,53.486999,54.300400,47.261900,31.456100,56.024585,54.920029,1.104557,0.028514,1.076042,63.746583,53.486999,60.895240,46.078759,1.099535,4.350481,0.069753,0.004186,0.232609,0.054260,0.352049,3.185906,3.197174,0.731395,-0.035416,-0.035416,5.014465,210075.000000,33099758.469300,0.287206
2021-03-12,63.080002,64.989998,59.668999,64.559998,228300,0.000000,0.000000,63.080002,64.989998,59.668999,64.559998,54.024499,54.640000,47.765500,31.682450,57.337726,55.634100,1.703625,0.363537,1.340089,66.439187,54.024499,62.938338,45.110660,1.090963,4.419804,0.068460,0.035113,0.206053,0.175528,0.424222,3.227898,3.312625,0.685155,-0.001547,-0.001547,5.225651,215700.000000,14739047.543400,0.344725
2021-03-15,63.259998,68.639999,62.060001,68.019997,268600,0.000000,0.000000,63.259998,68.639999,62.060001,68.019997,54.703499,54.978200,48.300300,31.931750,58.981152,56.551574,2.429578,0.776745,1.652833,70.204422,54.703499,65.599167,43.807831,1.111091,4.574104,0.067246,0.053594,0.279293,0.264077,0.423013,3.377091,3.388387,0.693690,0.000000,0.000000,5.559305,224405.000000,18270171.194200,0.338060
2021-03-16,67.550003,70.000000,64.964996,66.410004,178500,0.000000,0.000000,67.550003,70.000000,64.964996,66.410004,55.395999,55.335800,48.826900,32.171800,60.124052,57.281828,2.842224,1.189841,1.652383,66.467601,55.395999,67.420146,43.371852,0.957995,4.607025,0.069372,-0.023669,0.157776,0.219875,0.381240,3.034630,3.637570,0.704693,-0.023669,-0.023669,5.404051,228075.000000,11854185.714000,0.292880
2021-03-17,64.129997,66.940002,63.709999,65.089996,231200,0.000000,0.000000,64.129997,66.940002,63.709999,65.089996,56.059499,55.699200,49.340200,32.410450,60.888044,57.860211,3.027833,1.557439,1.470394,63.484009,56.059499,68.701424,43.417575,0.857165,4.508666,0.069268,-0.019877,0.047979,0.238394,0.357739,2.828823,3.005538,0.694666,-0.043076,-0.043076,5.276759,229895.000000,15048807.075200,0.270508
2021-03-18,65.360001,66.019997,60.560001,60.720001,214300,0.000000,0.000000,65.360001,66.019997,60.560001,60.720001,56.596999,55.984600,49.809000,32.628050,60.862191,58.072047,2.790144,1.803980,0.986164,54.725880,56.596999,69.061660,44.132339,0.665388,4.576618,0.075373,-0.067138,-0.026455,0.171748,0.297991,2.475673,2.919948,0.741657,-0.107321,-0.107321,4.855352,230740.000000,13012296.214300,0.256616
2021-03-19,60.520000,63.410000,58.750000,62.549999,1111300,0.000000,0.000000,60.520000,63.410000,58.750000,62.549999,57.134999,56.278400,50.293100,32.859450,61.121854,58.403748,2.718106,1.986805,0.731301,57.377667,57.134999,69.654785,44.615213,0.716258,4.582574,0.073263,0.030138,-0.031134,0.251751,0.316565,2.502239,3.125989,0.727021,-0.080417,-0.080417,5.031822,277980.000000,69511813.888700,0.272558
2021-03-22,62.630001,65.139999,59.669998,60.860001,235900,0.000000,0.000000,62.630001,65.139999,59.669998,60.860001,57.722999,56.551600,50.764500,33.084750,61.081569,58.585692,2.495876,2.088619,0.407257,54.219299,57.722999,69.748748,45.697251,0.630429,4.645962,0.076339,-0.027018,-0.105263,0.175130,0.217443,2.349477,3.057333,0.733076,-0.105263,-0.105263,4.868853,283740.000000,14356874.235900,0.169437
2021-03-23,59.660000,60.080002,55.200001,56.009998,292100,0.000000,0.000000,59.660000,60.080002,55.200001,56.009998,58.054999,56.752600,51.024400,33.279850,60.301327,58.394900,1.906427,2.052181,-0.145754,46.336453,58.054999,69.460407,46.649592,0.410349,4.718393,0.084242,-0.079691,-0.156603,0.140733,0.176433,2.108213,2.797288,0.767505,-0.176566,-0.176566,4.401157,288265.000000,16360520.415800,0.139425
2021-03-24,56.849998,57.619999,51.290001,51.299999,248200,0.000000,0.000000,56.849998,57.619999,51.290001,51.299999,58.054999,56.808800,51.103100,33.450650,58.916507,57.869352,1.047156,1.851176,-0.804020,40.220793,58.054999,69.460407,46.649592,0.203869,4.833508,0.094220,-0.084092,-0.211860,0.039093,0.030949,1.837389,2.741794,0.830466,-0.245810,-0.245810,3.946962,294475.000000,12732659.751800,0.013733
2021-03-25,50.259998,54.099998,49.169998,53.860001,392700,0.000000,0.000000,50.259998,54.099998,49.169998,53.860001,58.212499,56.826600,51.237100,33.634700,58.138583,57.572363,0.566220,1.594185,-1.027964,44.507822,58.212499,69.272609,47.152390,0.303234,4.840400,0.089870,0.049903,-0.112978,0.049903,0.055871,2.022447,3.117737,0.837181,-0.208174,-0.208174,4.193828,305195.000000,21150822.392700,0.042617
2021-03-26,54.439999,54.970001,49.840000,50.740002,188600,0.000000,0.000000,54.439999,54.970001,49.840000,50.740002,58.044499,56.771600,51.355500,33.803950,57.000340,57.066262,-0.065922,1.262163,-1.328085,40.678918,58.044499,69.463871,46.625128,0.180171,4.861086,0.095804,-0.057928,-0.188809,0.000592,-0.016095,1.934644,2.369190,0.862822,-0.254043,-0.254043,3.892961,302120.000000,9569564.377200,-0.044880
2021-03-29,50.740002,51.320000,47.660000,48.150002,212900,0.000000,0.000000,50.740002,51.320000,47.660000,48.150002,57.612000,56.573600,51.394400,33.965550,55.638750,56.405798,-0.767049,0.856321,-1.623370,37.773831,57.612000,69.855330,45.368670,0.113586,4.775294,0.099175,-0.051045,-0.208840,-0.109981,-0.065049,1.670549,2.587929,0.846707,-0.292120,-0.292120,3.643202,305690.000000,10251135.425800,-0.084957
2021-03-30,48.160000,49.980000,46.980000,48.070000,239900,0.000000,0.000000,48.160000,49.980000,46.980000,48.070000,57.348000,56.386400,51.468400,34.119550,54.474327,55.788332,-1.314005,0.422256,-1.736261,37.684307,57.348000,70.191282,44.504717,0.138800,4.648487,0.096702,-0.001662,-0.141760,-0.153697,0.003549,1.647026,2.458273,0.823736,-0.293296,-0.293296,3.635487,302040.000000,11531993.000000,-0.007767
2021-03-31,48.689999,52.380001,48.689999,50.660000,599500,0.000000,0.000000,48.689999,52.380001,48.689999,50.660000,57.307000,56.261200,51.526000,34.284950,53.887507,55.408455,-1.520948,0.033615,-1.554563,42.440361,57.307000,70.234118,44.379881,0.242905,4.624310,0.091281,0.053880,-0.012476,-0.050422,0.064733,1.742826,3.183320,0.824565,-0.255219,-0.255219,3.885246,320995.000000,30370670.000000,0.033866
2021-04-01,50.959999,51.630001,46.049999,46.619999,279800,0.000000,0.000000,50.959999,51.630001,46.049999,46.619999,57.108000,56.163000,51.548300,34.429800,52.769429,54.757459,-1.988030,-0.370714,-1.617316,37.617491,57.108000,70.580861,43.635139,0.110773,4.692573,0.100656,-0.079747,-0.134423,-0.094406,-0.087850,1.635387,3.495660,0.861416,-0.314613,-0.314613,3.423150,325795.000000,13044275.720200,-0.135255
2021-04-05,47.459999,49.830002,44.439999,45.130001,388900,0.000000,0.000000,47.459999,49.830002,44.439999,45.130001,56.688000,56.003800,51.578600,34.567850,51.594132,54.044314,-2.450181,-0.786607,-1.663574,35.992943,56.688000,71.120075,42.255924,0.099573,4.742390,0.105083,-0.031960,-0.110564,-0.108103,-0.070060,1.535393,2.528538,0.865943,-0.336519,-0.336519,3.281784,336020.000000,17551057.388900,-0.133475
2021-04-06,44.490002,45.000000,35.630001,35.970001,2040800,0.000000,0.000000,44.490002,45.000000,35.630001,35.970001,55.828000,55.574000,51.519200,34.660450,49.190420,52.705476,-3.515056,-1.332297,-2.182759,27.990135,55.828000,72.943213,38.712787,-0.080127,5.082219,0.141290,-0.202969,-0.252960,-0.328040,-0.233376,1.337232,1.494452,1.076794,-0.471185,-0.471185,2.412714,428980.000000,73407578.040800,-0.312120
2021-04-07,36.509998,36.540001,33.270000,33.310001,660000,0.000000,0.000000,36.509998,36.540001,33.270000,33.310001,54.625500,55.027000,51.435600,34.732700,46.747278,51.268774,-4.521495,-1.970137,-2.551359,26.170408,54.625500,74.452186,34.798814,-0.037546,4.952775,0.148687,-0.073951,-0.307052,-0.373519,-0.282885,1.142122,1.300414,1.094199,-0.510291,-0.510291,2.160342,447350.000000,21984600.660000,-0.350744
2021-04-08,34.650002,34.650002,31.170000,31.799999,734100,0.000000,0.000000,34.650002,34.650002,31.170000,31.799999,53.110000,54.486800,51.330000,34.796300,44.447697,49.826642,-5.378945,-2.651898,-2.727047,25.170026,53.110000,75.048977,31.171022,0.014335,4.847577,0.152440,-0.045332,-0.372286,-0.445607,-0.335562,1.190083,1.129940,1.036461,-0.532490,-0.532490,2.017078,463815.000000,23344379.265900,-0.420998
2021-04-09,31.719999,31.940001,29.670000,29.940001,350000,0.000000,0.000000,31.719999,31.940001,29.670000,29.940001,51.488500,53.948800,51.169400,34.848500,42.215744,48.353558,-6.137814,-3.349082,-2.788732,23.955306,51.488500,75.262790,27.714210,0.046811,4.663464,0.155760,-0.058491,-0.357786,-0.517952,-0.365678,1.059147,0.976238,0.963333,-0.559835,-0.559835,1.840607,454780.000000,10479000.350000,-0.429402
2021-04-12,29.420000,29.680000,27.500000,27.840000,432000,0.000000,0.000000,29.420000,29.680000,27.500000,27.840000,49.652500,53.351800,51.015200,34.888500,40.004091,46.834035,-6.829944,-4.045254,-2.784690,22.627539,49.652500,74.807806,24.497195,0.066443,4.504646,0.161805,-0.070140,-0.383115,-0.553632,-0.394256,0.893878,0.895167,0.962296,-0.590709,-0.590709,1.641366,464965.000000,12026880.000000,-0.443341
2021-04-13,27.330000,29.340000,26.618000,28.320000,493900,0.000000,0.000000,27.330000,29.340000,26.618000,28.320000,47.667500,52.725000,50.916600,34.926900,38.206538,45.462625,-7.256087,-4.687421,-2.568666,23.668963,47.667500,72.985086,22.349914,0.117904,4.377314,0.154566,0.017241,-0.212677,-0.561338,-0.415962,0.907071,0.850980,0.947577,-0.583652,-0.583652,1.686907,476230.000000,13987248.000000,-0.489577
2021-04-14,28.639999,30.260000,28.400000,30.040001,471900,0.000000,0.000000,28.639999,30.260000,28.400000,30.040001,45.849000,52.147200,50.822200,34.978700,36.950148,44.320208,-7.370060,-5.223949,-2.146112,27.437936,45.849000,70.719038,20.978962,0.182168,4.203220,0.139921,0.060734,-0.098169,-0.558365,-0.432887,0.996013,0.949384,0.956429,-0.558365,-0.558365,1.850095,490900.000000,14175876.471900,-0.492968
2021-04-15,30.100000,31.070000,29.735001,30.900000,481800,0.000000,0.000000,30.100000,31.070000,29.735001,30.900000,44.139500,51.584800,50.733800,35.042500,36.019356,43.326119,-7.306763,-5.640511,-1.666251,29.317208,44.139500,68.125343,20.153658,0.224014,3.998347,0.129396,0.028628,-0.028302,-0.534709,-0.422322,1.030223,1.032895,0.981965,-0.545722,-0.545722,1.931689,503430.000000,14887620.000000,-0.491620
2021-04-16,31.530001,31.540001,29.920000,30.770000,282500,0.000000,0.000000,31.530001,31.540001,29.920000,30.770000,42.642000,50.987400,50.641500,35.105300,35.211763,42.396036,-7.184273,-5.949264,-1.235009,29.194122,42.642000,66.000774,19.283227,0.245877,3.828465,0.124422,-0.004207,0.027722,-0.527270,-0.469940,1.213669,1.032365,0.986263,-0.547633,-0.547633,1.919355,506840.000000,8692525.000000,-0.541603
2021-04-19,30.430000,31.590000,30.004000,31.100000,417700,0.000000,0.000000,30.430000,31.590000,30.004000,31.100000,41.069500,50.361000,50.531900,35.173550,34.579184,41.559293,-6.980109,-6.155433,-0.824676,29.997558,41.069500,62.974499,19.164501,0.272438,3.668289,0.117951,0.010725,0.117098,-0.487813,-0.458471,1.224607,1.000000,0.989270,-0.542782,-0.542782,1.950664,472160.000000,12990470.000000,-0.528962
2021-04-20,30.709999,32.450001,30.221001,32.080002,408500,0.000000,0.000000,30.709999,32.450001,30.221001,32.080002,39.630500,49.709400,50.438700,35.245950,34.194694,40.857123,-6.662429,-6.256832,-0.405597,32.448945,39.630500,59.771689,19.489312,0.312561,3.565483,0.111143,0.031511,0.132768,-0.487130,-0.436402,1.259155,0.852194,0.990321,-0.528374,-0.528374,2.043643,480790.000000,13104680.817000,-0.481039
2021-04-21,32.040001,34.060001,31.030001,33.869999,364900,0.000000,0.000000,32.040001,34.060001,31.030001,33.869999,38.523500,49.170200,50.350400,35.330050,34.144741,40.339558,-6.194817,-6.244429,0.049612,36.802167,38.523500,57.258814,19.788187,0.375809,3.527234,0.104140,0.055798,0.127497,-0.443477,-0.342713,1.329436,0.791116,1.033359,-0.502058,-0.502058,2.213472,484430.000000,12359162.635100,-0.379345
2021-04-22,33.880001,36.400002,33.110001,35.139999,281400,0.000000,0.000000,33.880001,36.400002,33.110001,35.139999,37.715500,48.689800,50.254800,35.420550,34.297858,39.954406,-5.656548,-6.126853,0.470305,39.767970,37.715500,55.500525,19.930475,0.427594,3.510289,0.099894,0.037496,0.137217,-0.372612,-0.338105,1.555636,0.854353,1.035477,-0.483387,-0.483387,2.333966,486090.000000,9888395.718600,-0.359353
2021-04-23,35.290001,36.169998,34.360001,34.459999,247700,0.000000,0.000000,35.290001,36.169998,34.360001,34.459999,36.745500,48.280600,50.130300,35.508850,34.322803,39.547413,-5.224610,-5.946404,0.721794,38.720196,36.745500,52.860836,20.630165,0.429089,3.388839,0.098341,-0.019351,0.119922,-0.328265,-0.400278,1.504360,0.940315,1.008763,-0.493384,-0.493384,2.269450,478840.000000,8535741.752300,-0.435259
2021-04-26,35.000000,36.070000,34.000000,36.040001,160600,0.000000,0.000000,35.000000,36.070000,34.000000,36.040001,36.010500,47.925200,49.992500,35.607000,34.586987,39.287604,-4.700617,-5.697247,0.996629,42.510352,36.010500,50.717758,21.303242,0.501003,3.294636,0.091416,0.045850,0.158842,-0.330858,-0.405869,1.604046,1.044243,1.005484,-0.470156,-0.470156,2.419355,477440.000000,5788024.160600,-0.442741
2021-04-27,36.200001,36.529999,34.470001,35.430000,151100,0.000000,0.000000,36.200001,36.529999,34.470001,35.430000,35.374500,47.545000,49.860100,35.705050,34.716681,39.001856,-4.285175,-5.414832,1.129658,41.444578,35.374500,48.926124,21.822877,0.502048,3.206448,0.090501,-0.016926,0.104426,-0.301734,-0.397551,1.505658,1.008504,0.994375,-0.479124,-0.479124,2.361480,474350.000000,5353473.000000,-0.431616
2021-04-28,35.049999,36.349998,34.669998,35.930000,112000,0.000000,0.000000,35.049999,36.349998,34.669998,35.930000,34.767500,47.212400,49.719900,35.807750,34.903346,38.774311,-3.870965,-5.106059,1.235094,42.712391,34.767500,46.942407,22.592593,0.547742,3.097416,0.086207,0.014112,0.060821,-0.253790,-0.367875,1.618805,1.180218,0.990181,-0.471773,-0.471773,2.408918,467955.000000,4024160.000000,-0.426684
2021-04-29,35.939999,36.389999,34.619999,35.009998,219400,0.000000,0.000000,35.939999,36.389999,34.619999,35.009998,33.985000,46.876200,49.636600,35.909600,34.919754,38.495473,-3.575719,-4.799991,1.224272,40.955272,33.985000,43.602154,24.367846,0.553290,3.002601,0.085764,-0.025605,-0.003700,-0.271687,-0.393136,0.166222,0.959149,0.990552,-0.485298,-0.485298,2.321632,448950.000000,7681193.561200,-0.449024
2021-04-30,34.790001,35.325001,31.730000,32.349998,269000,0.000000,0.000000,34.790001,35.325001,31.730000,32.349998,33.271500,46.523800,49.549600,36.000950,34.524407,38.040253,-3.515846,-4.543162,1.027316,36.304875,33.271500,40.841166,25.701834,0.439132,3.044915,0.094124,-0.075978,-0.061230,-0.361429,-0.457761,-0.255123,0.968959,0.982210,-0.524405,-0.524405,2.069260,448410.000000,8702149.462000,-0.526004
2021-05-03,32.340000,33.389999,31.959999,32.500000,218500,0.000000,0.000000,32.340000,33.389999,31.959999,32.500000,32.640000,46.138000,49.454800,36.094300,34.212960,37.629864,-3.416904,-4.317910,0.901006,36.741092,32.640000,37.752824,27.527176,0.486309,2.929564,0.090140,0.004637,-0.098224,-0.302874,-0.448498,-0.196737,1.160904,0.959879,-0.522199,-0.522199,2.083491,439890.000000,7101250.000000,-0.485185
2021-05-04,32.119999,33.369999,29.459999,29.760000,256300,0.000000,0.000000,32.119999,33.369999,29.459999,29.760000,32.329500,45.751200,49.291100,36.173850,33.527889,37.046911,-3.519022,-4.158133,0.639111,32.378977,32.329500,37.344149,27.314850,0.243801,2.999595,0.100793,-0.084308,-0.160034,-0.340572,-0.495764,-0.234961,0.927461,0.988142,-0.562482,-0.562482,1.823529,350665.000000,7627488.000000,-0.497286
2021-05-05,30.240000,30.250000,29.110001,29.270000,183200,0.000000,0.000000,30.240000,30.250000,29.110001,29.270000,32.127500,45.349200,49.130500,36.252850,32.872829,36.470843,-3.598014,-4.046109,0.448095,31.655175,32.127500,37.298878,26.956122,0.223720,2.866767,0.097942,-0.016465,-0.185360,-0.186266,-0.517315,-0.338680,0.837414,0.723062,-0.569685,-0.569685,1.777040,326825.000000,5362264.000000,-0.515249
2021-05-06,28.750000,30.100000,27.860001,29.590000,185300,0.000000,0.000000,28.750000,30.100000,27.860001,29.590000,32.017000,44.915000,48.948400,36.336950,32.367778,35.961151,-3.593373,-3.955562,0.362189,32.713030,32.017000,37.310837,26.723163,0.270771,2.821998,0.095370,0.010933,-0.154813,-0.111678,-0.525953,-0.272437,0.779315,0.685450,-0.564981,-0.564981,1.807400,299385.000000,5483027.000000,-0.515436
2021-05-07,29.809999,31.170000,29.330000,30.680000,178000,0.000000,0.000000,29.809999,31.170000,29.330000,30.680000,32.054000,44.514400,48.774400,36.428500,32.108120,35.569955,-3.461835,-3.856816,0.394982,36.328203,32.054000,37.296813,26.811187,0.368963,2.751855,0.089695,0.036837,-0.051623,-0.035220,-0.525518,-0.316704,0.969191,0.683206,-0.548956,-0.548956,1.910816,290785.000000,5461040.000000,-0.518008
2021-05-10,30.809999,30.809999,28.250000,28.290001,198100,0.000000,0.000000,30.809999,30.809999,28.250000,28.290001,32.076500,43.998200,48.577900,36.511900,31.520717,35.030699,-3.509982,-3.787449,0.277468,32.238190,32.076500,37.246523,26.906477,0.133803,2.738151,0.096789,-0.077901,-0.129538,-0.055110,-0.534933,-0.362694,0.787113,0.706757,-0.584093,-0.584093,1.684061,279090.000000,5604249.198100,-0.493055
2021-05-11,27.590000,30.030001,27.530001,29.820000,161600,0.000000,0.000000,27.590000,30.030001,27.530001,29.820000,32.151500,43.458600,48.408300,36.605500,31.259068,34.644721,-3.385653,-3.707090,0.321437,37.118858,32.151500,37.132124,27.170876,0.265943,2.721140,0.091252,0.054083,0.002016,0.071121,-0.495943,-0.291686,0.766588,0.685957,-0.561600,-0.561600,1.829222,262475.000000,4818912.000000,-0.451805
2021-05-12,28.950001,30.000000,28.350000,28.600000,155900,0.000000,0.000000,28.950001,30.000000,28.350000,28.600000,32.079500,42.963600,48.219200,36.691600,30.849981,34.196964,-3.346983,-3.635069,0.288086,34.956744,32.079500,37.227468,26.931532,0.162051,2.644630,0.092470,-0.040912,-0.022890,0.009887,-0.479243,-0.317585,0.609454,0.701414,-0.579535,-0.579535,1.713472,246675.000000,4458740.000000,-0.411907
2021-05-13,28.610001,29.020000,26.530001,28.450001,292100,0.000000,0.000000,28.610001,29.020000,26.530001,28.450001,31.957000,42.503000,48.003800,36.776500,30.480753,33.771263,-3.290510,-3.566157,0.275647,34.689202,31.957000,37.334622,26.579378,0.173927,2.633585,0.092569,-0.005245,-0.038526,-0.052929,-0.471288,-0.317255,0.545356,0.667525,-0.581741,-0.581741,1.699241,237190.000000,8310245.292100,-0.407065
2021-05-14,29.080000,29.080000,27.510000,27.920000,337100,0.000000,0.000000,29.080000,29.080000,27.510000,27.920000,31.814500,42.049400,47.806900,36.863400,30.086791,33.337836,-3.251045,-3.503135,0.252090,33.707543,31.814500,37.468500,26.160500,0.155598,2.557615,0.091605,-0.018629,-0.089961,-0.096440,-0.487142,-0.340888,0.735239,0.660483,-0.589532,-0.589532,1.648956,239920.000000,9411832.000000,-0.439929
2021-05-17,28.280001,29.180000,27.600000,28.410000,179100,0.000000,0.000000,28.280001,29.180000,27.600000,28.410000,31.680000,41.547000,47.593400,36.948600,29.828823,32.972811,-3.143988,-3.431305,0.287317,35.524177,31.680000,37.530145,25.829854,0.220520,2.487785,0.087567,0.017550,0.004242,-0.076698,-0.459475,-0.382391,0.675118,0.664675,-0.582329,-0.582329,1.695446,227990.000000,5088231.000000,-0.411890
2021-05-18,28.120001,29.270000,28.020000,28.639999,224500,0.000000,0.000000,28.120001,29.270000,28.020000,28.639999,31.508000,41.056400,47.369700,37.035350,29.645927,32.651862,-3.005935,-3.346231,0.340296,36.405104,31.508000,37.508963,25.507037,0.261038,2.399372,0.083777,0.008096,-0.039571,-0.079100,-0.447318,-0.337957,0.657407,0.664056,-0.578947,-0.578947,1.717267,218790.000000,6429679.775500,-0.399926
2021-05-19,28.389999,29.600000,27.180000,27.490000,201400,0.000000,0.000000,28.389999,29.600000,27.180000,27.490000,31.189000,40.459000,47.128900,37.109100,29.314246,32.269502,-2.955256,-3.268036,0.312780,33.910329,31.189000,37.337769,25.040231,0.199208,2.400845,0.087335,-0.040154,-0.038811,-0.143080,-0.449870,-0.279990,0.521306,0.663441,-0.595854,-0.595854,1.608159,210615.000000,5536486.000000,-0.409076
2021-05-20,27.520000,28.330000,26.350000,27.250000,229400,0.000000,0.000000,27.520000,28.330000,26.350000,27.250000,30.794500,39.761800,46.886400,37.182000,28.996670,31.897687,-2.901017,-3.194632,0.293615,33.395976,30.794500,36.888115,24.700885,0.209163,2.370785,0.087001,-0.008730,-0.042179,-0.195453,-0.473837,-0.309777,0.384654,0.623578,-0.599383,-0.599383,1.585389,208015.000000,6251150.000000,-0.449423
2021-05-21,27.820000,27.820000,26.180000,26.340000,164600,0.000000,0.000000,27.820000,27.820000,26.180000,26.340000,30.388500,39.041200,46.670800,37.247600,28.587951,31.486007,-2.898055,-3.135317,0.237262,31.448195,30.388500,36.535603,24.241397,0.170699,2.318586,0.088025,-0.033394,-0.056590,-0.250427,-0.463544,-0.337192,0.385587,0.604239,-0.612761,-0.612761,1.499051,203860.000000,4335564.000000,-0.458958
2021-05-24,26.490000,27.020000,25.820000,26.760000,561800,0.000000,0.000000,26.490000,27.020000,25.820000,26.760000,29.924500,38.285200,46.462600,37.312600,28.306728,31.135932,-2.829204,-3.074094,0.244890,33.379481,29.924500,35.662797,24.186203,0.224265,2.238687,0.083658,0.015945,-0.058078,-0.223447,-0.457970,-0.331000,0.441034,0.611835,-0.606586,-0.606586,1.538899,223920.000000,15033768.000000,-0.472524
2021-05-25,28.100000,28.100000,26.350000,26.520000,429400,0.000000,0.000000,28.100000,28.100000,26.350000,26.520000,29.479000,37.455200,46.216700,37.374850,28.031847,30.794011,-2.762164,-3.011708,0.249544,32.810642,29.479000,34.784785,24.173215,0.221153,2.203781,0.083099,-0.008969,-0.074022,-0.264151,-0.483041,-0.369472,0.316129,0.575783,-0.610115,-0.610115,1.516129,237835.000000,11387688.000000,-0.487395
2021-05-26,26.520000,27.590000,26.520000,27.510000,289100,0.000000,0.000000,26.520000,27.590000,26.520000,27.510000,29.058000,36.677200,46.006500,37.440900,27.951563,30.550751,-2.599188,-2.929204,0.330016,37.539170,29.058000,33.469365,24.646635,0.324544,2.122796,0.077165,0.037330,0.000728,-0.223539,-0.457503,-0.335507,0.426127,0.602209,-0.595560,-0.595560,1.610057,246690.000000,7953141.000000,-0.504653
2021-05-27,27.879999,28.370001,26.450001,26.780001,408400,0.000000,0.000000,27.879999,28.370001,26.450001,26.780001,28.646500,35.911000,45.805100,37.510850,27.771322,30.271436,-2.500114,-2.843386,0.343272,35.552320,28.646500,32.165233,25.127767,0.234777,2.108311,0.078727,-0.026536,-0.017248,-0.254662,-0.504991,-0.372834,0.474670,0.597058,-0.606292,-0.606292,1.540797,256140.000000,10936952.408400,-0.546221
2021-05-28,27.030001,28.469999,26.790001,26.870001,365200,0.000000,0.000000,27.030001,28.469999,26.790001,26.870001,28.372500,35.234000,45.609300,37.579200,27.632658,30.019478,-2.386820,-2.752073,0.365253,36.002049,28.372500,31.509732,25.235268,0.260537,2.078431,0.077351,0.003361,0.020122,-0.232505,-0.526937,-0.398881,0.460326,0.597912,-0.604969,-0.604969,1.549336,260950.000000,9812924.365200,-0.538704
2021-06-01,27.040001,27.490000,26.650000,27.219999,133300,0.000000,0.000000,27.040001,27.490000,26.650000,27.219999,28.108500,34.527400,45.402900,37.646650,27.569172,29.812109,-2.242938,-2.650246,0.407308,37.819270,28.108500,30.606864,25.610136,0.322183,1.989972,0.073107,0.013026,0.017190,-0.158578,-0.489784,-0.419740,0.567972,0.555593,-0.599824,-0.599824,1.582543,256690.000000,3628425.866700,-0.518057
2021-06-02,27.309999,28.000000,26.650000,27.240000,186500,0.000000,0.000000,27.309999,28.000000,26.650000,27.240000,27.982500,33.855000,45.203300,37.716250,27.518530,29.621583,-2.103053,-2.540807,0.437755,37.927740,27.982500,30.382411,25.582589,0.345307,1.944260,0.071375,0.000735,0.027149,-0.161846,-0.470862,-0.453232,0.583721,0.554675,-0.599530,-0.599530,1.584440,253200.000000,5080260.000000,-0.529225
2021-06-03,27.120001,27.469999,26.080000,27.120001,134700,0.000000,0.000000,27.120001,27.469999,26.080000,27.120001,27.875000,33.277200,45.014900,37.784550,27.457218,29.436280,-1.979063,-2.428458,0.449396,37.505019,27.875000,30.224159,25.525841,0.339304,1.904670,0.070231,-0.004405,-0.014177,-0.088710,-0.464032,-0.442778,0.666872,0.479773,-0.601294,-0.601294,1.573055,250775.000000,3653064.134700,-0.534063
2021-06-04,27.200001,27.520000,26.600000,26.660000,117600,0.000000,0.000000,27.200001,27.520000,26.600000,26.660000,27.728500,32.784400,44.796600,37.846950,27.334569,29.230630,-1.896061,-2.321979,0.425918,35.855276,27.728500,29.991188,25.465812,0.263887,1.834336,0.068805,-0.016962,-0.004481,-0.089170,-0.501962,-0.466266,0.687342,0.479939,-0.608056,-0.608056,1.529412,247390.000000,3135216.000000,-0.571182
2021-06-07,26.700001,28.900000,26.660000,28.500000,269600,0.000000,0.000000,26.700001,28.900000,26.660000,28.500000,27.619500,32.277200,44.551900,37.918250,27.513866,29.176509,-1.662643,-2.190112,0.527469,46.073447,27.619500,29.452823,25.786177,0.740138,1.863312,0.065379,0.069017,0.060662,-0.036837,-0.463983,-0.342409,0.677457,0.540999,-0.581006,-0.581006,1.703985,251970.000000,7683600.000000,-0.564907
2021-06-08,28.879999,28.969999,27.379999,28.120001,197900,0.000000,0.000000,28.879999,28.969999,27.379999,28.120001,27.611000,31.824800,44.298200,37.988150,27.607118,29.098249,-1.491132,-2.050316,0.559184,44.496955,27.611000,29.432774,25.789227,0.639699,1.843790,0.065569,-0.013333,0.033064,-0.083442,-0.509763,-0.314982,0.640607,0.524172,-0.586592,-0.586592,1.667932,251960.000000,5564948.197900,-0.574862
2021-06-09,28.230000,29.139999,27.709999,28.500000,193800,0.000000,0.000000,28.230000,29.139999,27.709999,28.500000,27.545000,31.431800,44.002700,38.062500,27.744484,29.053935,-1.309450,-1.902143,0.592692,46.469501,27.545000,29.106922,25.983078,0.805713,1.814233,0.063657,0.013513,0.046256,0.007423,-0.541137,-0.321105,0.671554,0.451574,-0.581006,-0.581006,1.703985,253570.000000,5523300.000000,-0.605635
2021-06-10,28.410000,29.950001,28.190001,29.690001,219600,0.000000,0.000000,28.410000,29.950001,28.190001,29.690001,27.599500,31.064200,43.725300,38.138250,28.043794,29.101051,-1.057256,-1.733165,0.675909,52.198766,27.599500,29.377536,25.821465,1.087868,1.810360,0.060975,0.041754,0.094764,-0.004359,-0.523970,-0.356384,0.757845,0.434935,-0.563511,-0.563511,1.816888,256755.000000,6519924.219600,-0.570367
2021-06-11,30.000000,31.799999,29.600000,31.639999,205400,0.000000,0.000000,30.000000,31.799999,29.600000,31.639999,27.759000,30.683800,43.472500,38.222700,28.597057,29.289121,-0.692064,-1.524945,0.832881,59.792807,27.759000,30.276734,25.241266,1.270733,1.838191,0.058097,0.065679,0.186797,0.106294,-0.509913,-0.302008,0.998737,0.463921,-0.534843,-0.534843,2.001897,252420.000000,6498855.794600,-0.566187
2021-06-14,31.920000,32.369999,31.110001,32.070000,297600,0.000000,0.000000,31.920000,32.369999,31.110001,32.070000,27.966500,30.392800,43.277900,38.305950,29.131356,29.495112,-0.363756,-1.292707,0.928951,61.254561,27.966500,31.139008,24.793992,1.146728,1.796892,0.056030,0.013590,0.125263,0.127241,-0.528521,-0.329079,0.856977,0.463155,-0.528521,-0.528521,2.042694,250445.000000,9544032.000000,-0.581600
2021-06-15,32.000000,32.590000,30.309999,30.330000,330700,0.000000,0.000000,32.000000,32.590000,30.309999,30.330000,28.062500,30.096800,43.050300,38.383100,29.315762,29.556955,-0.241193,-1.082405,0.841212,52.877262,28.062500,31.403252,24.721748,0.839370,1.831399,0.060382,-0.054256,0.078592,0.086318,-0.543292,-0.369176,0.725256,0.501958,-0.554102,-0.554102,1.877609,258025.000000,10030131.000000,-0.587926
2021-06-16,29.910000,31.500000,29.700001,31.360001,253300,0.000000,0.000000,29.910000,31.500000,29.700001,31.360001,28.198500,30.004600,42.789300,38.464350,29.630261,29.690514,-0.060254,-0.877974,0.817721,56.656167,28.198500,31.845649,24.551351,0.933421,1.829156,0.058328,0.033960,0.100351,0.103837,-0.518206,-0.345849,0.776771,0.510512,-0.538959,-0.538959,1.975332,259465.000000,7943488.253300,-0.556244
2021-06-17,31.629999,32.419998,30.129999,30.840000,176700,0.000000,0.000000,31.629999,32.419998,30.129999,30.840000,28.366000,29.955200,42.491100,38.543050,29.816374,29.775661,0.040713,-0.694237,0.734950,54.289158,28.366000,32.180032,24.551969,0.824329,1.862074,0.060379,-0.016582,0.038734,0.076816,-0.492095,-0.340744,0.760274,0.515879,-0.546604,-0.546604,1.925996,258230.000000,5449428.000000,-0.571781
2021-06-18,30.309999,31.360001,29.110001,31.000000,1148200,0.000000,0.000000,30.309999,31.360001,29.110001,31.000000,28.553500,29.939200,42.213000,38.621550,29.998471,29.866353,0.132117,-0.528966,0.661083,54.913326,28.553500,32.502833,24.604167,0.809736,1.889783,0.060961,0.005188,-0.020228,0.127683,-0.504396,-0.347506,0.776504,0.490224,-0.544252,-0.544252,1.941176,304170.000000,35594200.000000,-0.566078
2021-06-21,31.200001,31.670000,29.809999,31.549999,266200,0.000000,0.000000,31.200001,31.670000,29.809999,31.549999,28.814000,29.971400,41.960100,38.701050,30.237167,29.991068,0.246100,-0.373953,0.620053,57.082732,28.814000,32.835235,24.792765,0.840194,1.887656,0.059831,0.017742,-0.016215,0.157798,-0.481597,-0.368874,0.672852,0.488648,-0.536166,-0.536166,1.993359,309250.000000,8398609.733800,-0.538703
2021-06-22,31.580000,31.780001,29.400000,29.980000,279100,0.000000,0.000000,31.580000,31.780001,29.400000,29.980000,28.975000,30.014200,41.683000,38.774350,30.197603,29.990248,0.207355,-0.257691,0.465047,49.727279,28.975000,32.906821,25.043179,0.627803,1.922823,0.064137,-0.049762,-0.011540,0.138193,-0.464738,-0.370300,0.571279,0.508761,-0.559247,-0.559247,1.844402,295115.000000,8367418.000000,-0.542270
2021-06-23,29.780001,30.639999,28.469999,28.760000,195400,0.000000,0.000000,29.780001,30.639999,28.469999,28.760000,29.087000,30.023000,41.374000,38.845900,29.976433,29.899118,0.077315,-0.190690,0.268005,44.887000,29.087000,32.848288,25.325712,0.456531,1.940479,0.067471,-0.040694,-0.082908,0.074738,-0.439376,-0.422026,0.474872,0.533004,-0.577183,-0.577183,1.728653,283415.000000,5619704.000000,-0.540429
2021-06-24,28.889999,29.850000,28.520000,29.430000,300000,0.000000,0.000000,28.889999,29.850000,28.520000,29.430000,29.183000,30.010800,41.079000,38.922150,29.892367,29.864369,0.027998,-0.146952,0.174950,47.887001,29.183000,32.872131,25.493869,0.533477,1.896873,0.064454,0.023296,-0.045720,0.109729,-0.453583,-0.423054,0.483367,0.534850,-0.567333,-0.567333,1.792220,283960.000000,8829000.000000,-0.560847
2021-06-25,29.700001,30.410000,28.139999,30.219999,597900,0.000000,0.000000,29.700001,30.410000,28.139999,30.219999,29.355000,29.997200,40.791000,38.998750,29.942772,29.890712,0.052060,-0.107150,0.159210,51.256175,29.355000,32.889947,25.820053,0.622350,1.923525,0.063651,0.026843,-0.025161,0.098510,-0.404415,-0.414000,0.464147,0.528180,-0.555719,-0.555719,1.867173,293435.000000,18068537.402100,-0.497396
2021-06-28,30.700001,32.250000,30.209999,30.809999,388700,0.000000,0.000000,30.700001,32.250000,30.209999,30.809999,29.552000,29.998000,40.492700,39.076450,30.076191,29.958807,0.117384,-0.062243,0.179627,53.665482,29.552000,32.939932,26.164068,0.685659,1.931845,0.062702,0.019523,-0.023455,0.150485,-0.360125,-0.401748,0.565549,0.517512,-0.547045,-0.547045,1.923150,294610.000000,11975846.611300,-0.470454
2021-06-29,30.990000,31.105000,28.120001,28.500000,177600,0.000000,0.000000,30.990000,31.105000,28.120001,28.500000,29.616000,29.946000,40.153500,39.141250,29.833700,29.850747,-0.017047,-0.053204,0.036157,44.410022,29.616000,32.863913,26.368087,0.328197,2.007070,0.070424,-0.074976,-0.049366,0.060662,-0.407115,-0.405010,0.571114,0.590796,-0.581006,-0.581006,1.703985,296825.000000,5061600.000000,-0.520790
2021-06-30,28.510000,29.790001,27.700001,28.900000,412600,0.000000,0.000000,28.510000,29.790001,27.700001,28.900000,29.699000,29.882400,39.795900,39.203450,29.690054,29.780322,-0.090268,-0.060617,-0.029651,46.142169,29.699000,32.771354,26.626646,0.369969,2.012994,0.069654,0.014035,0.004868,0.061719,-0.429530,-0.392602,0.587040,0.591012,-0.575125,-0.575125,1.741935,308130.000000,11924140.000000,-0.524427
2021-07-01,29.320000,29.549999,27.940001,29.530001,295900,0.000000,0.000000,29.320000,29.549999,27.940001,29.530001,29.819500,29.795600,39.482900,39.266100,29.665431,29.761779,-0.096349,-0.067763,-0.028586,48.845729,29.819500,32.645093,26.993907,0.448772,1.984208,0.067193,0.021799,0.003398,0.084068,-0.366581,-0.422227,0.692264,0.594257,-0.565863,-0.565863,1.801708,316190.000000,8737927.295900,-0.443900
2021-07-02,29.540001,29.840000,28.385000,29.139999,203900,0.000000,0.000000,29.540001,29.840000,28.385000,29.139999,29.943500,29.675600,39.182700,39.324450,29.584595,29.715722,-0.131127,-0.080436,-0.050691,47.264015,29.943500,32.375551,27.511449,0.334810,1.946408,0.066795,-0.013207,-0.035738,0.074484,-0.354310,-0.399547,0.655682,0.596700,-0.571597,-0.571597,1.764706,320505.000000,5941645.796100,-0.422438
2021-07-06,29.360001,29.440001,27.330000,27.379999,181000,0.000000,0.000000,29.360001,29.440001,27.330000,27.379999,29.887500,29.534000,38.907300,39.372050,29.245426,29.542705,-0.297279,-0.123804,-0.173474,40.837300,29.887500,32.504077,27.270922,0.020843,1.958093,0.071515,-0.060398,-0.111327,0.027007,-0.238810,-0.416454,0.605865,0.633837,-0.597471,-0.597471,1.597723,316075.000000,4955779.819000,-0.309275
2021-07-07,27.559999,28.730000,26.573999,28.480000,265600,0.000000,0.000000,27.559999,28.730000,26.573999,28.480000,29.905500,29.382800,38.654000,39.423600,29.127668,29.463986,-0.336318,-0.166307,-0.170011,45.797957,29.905500,32.475419,27.335581,0.222657,1.972229,0.069250,0.040175,-0.000702,-0.000702,-0.145002,-0.386868,0.671361,0.602535,-0.581300,-0.581300,1.702087,319460.000000,7564288.000000,-0.216317
2021-07-08,27.830000,29.320000,27.500000,29.010000,458500,0.000000,0.000000,27.830000,29.320000,27.500000,29.010000,29.931000,29.254400,38.399700,39.478550,29.109566,29.430358,-0.320792,-0.197204,-0.123588,48.057803,29.931000,32.451851,27.410149,0.317324,1.961356,0.067610,0.018610,0.003806,0.031650,-0.087736,-0.393857,0.726786,0.603346,-0.573508,-0.573508,1.752372,332695.000000,13301085.000000,-0.140556
2021-07-09,29.200001,30.000000,28.309999,29.809999,144100,0.000000,0.000000,29.200001,30.000000,28.309999,29.809999,29.937000,29.132000,38.172200,39.537200,29.217325,29.458479,-0.241155,-0.205994,-0.035160,51.354679,29.937000,32.456006,27.417993,0.474792,1.941973,0.065145,0.027577,0.009482,0.045965,-0.004342,-0.368432,0.816575,0.608618,-0.561747,-0.561747,1.828273,328920.000000,4295620.855900,-0.062020
2021-07-12,29.879999,30.490000,29.290001,29.430000,280800,0.000000,0.000000,29.879999,30.490000,29.290001,29.430000,29.826500,29.020400,37.948300,39.595250,29.250044,29.456370,-0.206326,-0.206060,-0.000265,49.739714,29.826500,32.221814,27.431186,0.417234,1.888975,0.064185,-0.012747,0.009952,-0.008757,0.057112,-0.359661,0.860303,0.593828,-0.567333,-0.567333,1.792220,332690.000000,8263944.000000,-0.006660
2021-07-13,29.290001,29.809999,28.799999,29.740000,174800,0.000000,0.000000,29.290001,29.809999,28.799999,29.740000,29.710000,28.968200,37.746000,39.657500,29.325422,29.477379,-0.151958,-0.195240,0.043282,51.090965,29.710000,31.859957,27.560043,0.506977,1.826191,0.061405,0.010533,0.086194,-0.060051,0.050141,-0.386678,0.932424,0.546085,-0.562776,-0.562776,1.821632,326550.000000,5198552.000000,0.001445
2021-07-14,29.860001,29.860001,27.575001,28.600000,398600,0.000000,0.000000,29.860001,29.860001,27.575001,28.600000,29.623500,28.890200,37.514100,39.710350,29.213818,29.412388,-0.198570,-0.195906,-0.002664,46.174619,29.623500,31.807367,27.439633,0.265668,1.858963,0.064999,-0.038332,0.004213,-0.108201,-0.047936,-0.460072,0.953552,0.556488,-0.579535,-0.579535,1.713472,329945.000000,11399960.000000,-0.104735
2021-07-15,28.580000,29.860001,28.410000,29.209999,172900,0.000000,0.000000,28.580000,29.860001,28.410000,29.209999,29.516000,28.879200,37.315200,39.765600,29.213231,29.397396,-0.184166,-0.193558,0.009392,49.002470,29.516000,31.546218,27.485782,0.424638,1.829752,0.062641,0.021329,0.006894,-0.036927,-0.054693,-0.453917,1.074574,0.533023,-0.570567,-0.570567,1.771347,325925.000000,5050408.827100,-0.090620
2021-07-16,29.590000,30.840000,28.580000,30.400000,139100,0.000000,0.000000,29.590000,30.840000,28.580000,30.400000,29.494000,28.901800,37.125500,39.825250,29.395811,29.471663,-0.075853,-0.170017,0.094164,54.071811,29.494000,31.472690,27.515309,0.728939,1.860484,0.061200,0.040740,0.019792,-0.030612,-0.012025,-0.476314,1.198120,0.539147,-0.553073,-0.553073,1.884250,324045.000000,4228640.000000,-0.038704
2021-07-19,30.110001,31.639999,29.480000,31.450001,149100,0.000000,0.000000,30.110001,31.639999,29.480000,31.450001,29.516500,28.939000,36.927000,39.894050,29.711840,29.618207,0.093633,-0.117287,0.210920,58.035600,29.516500,31.575884,27.457115,0.969437,1.881878,0.059837,0.034540,0.068637,0.019780,0.011254,-0.452377,1.270758,0.549420,-0.537636,-0.537636,1.983871,274090.000000,4689195.149100,-0.014633
2021-07-20,31.379999,32.990002,29.780001,32.689999,273900,0.000000,0.000000,31.379999,32.990002,29.780001,32.689999,29.573500,28.979200,36.746800,39.968500,30.170018,29.845747,0.324271,-0.028975,0.353246,62.186084,29.573500,31.913813,27.233187,1.165830,1.976743,0.060469,0.039428,0.099193,0.054516,0.019015,-0.425685,1.426874,0.564889,-0.519406,-0.519406,2.101518,274475.000000,8953790.726100,-0.032675
2021-07-21,32.980000,33.189999,30.969999,32.900002,380500,0.000000,0.000000,32.980000,33.189999,30.969999,32.900002,29.719500,29.071400,36.534800,40.056050,30.590016,30.071988,0.518028,0.080425,0.437602,62.856114,29.719500,32.491165,26.947835,1.073753,1.994119,0.060612,0.006424,0.150350,0.042789,-0.028639,-0.361537,1.576351,0.562560,-0.516319,-0.516319,2.121442,279545.000000,12518450.761000,-0.077508
2021-07-22,32.799999,33.680000,31.750000,33.049999,241800,0.000000,0.000000,32.799999,33.680000,31.750000,33.049999,29.934000,29.136000,36.297300,40.143550,30.968475,30.292582,0.675893,0.199519,0.476374,63.355565,29.934000,33.037190,26.830810,1.002064,1.989539,0.060198,0.004559,0.131462,0.102402,-0.059476,-0.377472,1.671786,0.529336,-0.514113,-0.514113,2.135674,281865.000000,7991489.758200,-0.122160
2021-07-23,33.349998,33.349998,32.009998,32.650002,139100,0.000000,0.000000,33.349998,33.349998,32.009998,32.650002,30.095000,29.217000,36.090300,40.234200,31.227171,30.467205,0.759966,0.311608,0.448358,61.000007,30.095000,33.414661,26.775339,0.884829,1.943143,0.059514,-0.012103,0.074013,0.135257,-0.052525,-0.431779,1.812231,0.506897,-0.519994,-0.519994,2.097723,273820.000000,4541615.278200,-0.111039
2021-07-26,32.650002,32.650002,31.309999,32.139999,155300,0.000000,0.000000,32.650002,32.650002,31.309999,32.139999,30.191000,29.290800,35.896900,40.322200,31.367606,30.591116,0.776490,0.404585,0.371906,58.037117,30.191000,33.634615,26.747385,0.782987,1.900062,0.059118,-0.015620,0.021940,0.092083,-0.108213,-0.470162,1.895495,0.508626,-0.527492,-0.527492,2.049336,251690.000000,4991341.844700,-0.157859
2021-07-27,32.279999,32.823002,30.830000,32.099998,156000,0.000000,0.000000,32.279999,32.823002,30.830000,32.099998,30.255500,29.374400,35.711900,40.409200,31.480282,30.702885,0.777397,0.479147,0.298250,57.799981,30.255500,33.794923,26.716077,0.760565,1.906701,0.059399,-0.001245,-0.018048,0.062210,-0.093988,-0.454175,1.820738,0.502489,-0.528080,-0.528080,2.045541,240055.000000,5007599.688000,-0.134467
2021-07-28,32.480000,35.029999,32.360001,34.990002,157600,0.000000,0.000000,32.480000,35.029999,32.360001,34.990002,30.580000,29.506000,35.526500,40.509900,32.020239,31.020449,0.999790,0.583276,0.416514,67.979562,30.580000,34.599254,26.560746,1.048609,1.979793,0.056582,0.090031,0.063526,0.135670,-0.026162,-0.384412,2.050567,0.583835,-0.485592,-0.485592,2.319735,239055.000000,5514424.315200,-0.076802
2021-07-29,35.110001,35.730000,31.930000,32.430000,188500,0.000000,0.000000,35.110001,35.730000,31.930000,32.430000,30.756500,29.581800,35.319100,40.596800,32.083279,31.124860,0.958419,0.658304,0.300114,55.262797,30.756500,34.775153,26.737846,0.708217,2.109808,0.065057,-0.073164,-0.018759,0.137895,-0.073693,-0.437858,2.076850,0.580666,-0.523228,-0.523228,1.872453,227850.000000,6113055.000000,-0.123095
2021-07-30,32.119999,33.424999,30.700001,31.250000,257700,0.000000,0.000000,32.119999,33.424999,30.700001,31.250000,30.842500,29.657000,35.058000,40.676950,31.955082,31.134130,0.820952,0.690834,0.130118,50.567172,30.842500,34.824084,26.860916,0.551173,2.153750,0.068920,-0.036386,-0.042879,0.081315,-0.034003,-0.476198,1.748461,0.598746,-0.540576,-0.540576,1.767936,225940.000000,8053125.000000,-0.084853
2021-08-02,31.809999,34.799999,30.809999,34.340000,180200,0.000000,0.000000,31.809999,34.799999,30.809999,34.340000,31.102500,29.798800,34.780300,40.779150,32.321993,31.371602,0.950391,0.742745,0.207646,60.122571,31.102500,35.289794,26.915206,0.886586,2.284911,0.066538,0.098880,0.068451,0.162885,0.056615,-0.417275,2.041630,0.680866,-0.495148,-0.495148,1.710339,224755.000000,6188068.000000,0.000052
2021-08-03,33.150002,33.470001,27.600000,30.270000,612300,0.000000,0.000000,33.150002,33.470001,27.600000,30.270000,31.247000,29.877400,34.459300,40.860600,32.006301,31.290002,0.716300,0.737456,-0.021156,47.184879,31.247000,35.077686,27.416314,0.372477,2.603132,0.085997,-0.118521,-0.057009,0.038778,0.017137,-0.487123,1.375981,0.808181,-0.554984,-0.554984,1.389108,246320.000000,18534321.000000,-0.065585
2021-08-04,30.200001,33.186001,30.010000,32.340000,308600,0.000000,0.000000,30.200001,33.186001,30.010000,32.340000,31.440000,29.989000,34.137100,40.951300,32.057640,31.367779,0.689860,0.727937,-0.038077,52.753521,31.440000,35.067254,27.812746,0.624061,2.644051,0.081758,0.068385,-0.075736,0.181154,0.104886,-0.466689,1.552486,0.803882,-0.524552,-0.524552,1.528538,248470.000000,9980124.000000,0.016675
2021-08-05,32.560001,37.380001,32.340000,37.380001,390800,0.000000,0.000000,32.560001,37.380001,32.340000,37.380001,31.858500,30.206200,33.830700,41.065500,32.876465,31.813129,1.063335,0.795017,0.268319,62.986391,31.858500,36.171796,27.545204,1.140056,2.815190,0.075313,0.155844,0.152636,0.312500,0.263265,-0.401153,1.827534,0.947144,-0.450456,-0.450456,1.922596,245085.000000,14608104.390800,0.170674
2021-08-06,37.230000,37.334000,35.720001,35.990002,186300,0.000000,0.000000,37.230000,37.334000,35.720001,35.990002,32.167500,30.375800,33.526500,41.176700,33.355470,32.122527,1.232943,0.882602,0.350341,59.179521,32.167500,36.740529,27.594471,0.917940,2.732677,0.075929,-0.037186,0.151680,0.240607,0.173077,-0.443396,1.615552,0.963818,-0.470891,-0.470891,1.813917,247195.000000,6704937.372600,0.094288
2021-08-09,32.810001,38.369999,32.810001,36.500000,121500,0.000000,0.000000,32.810001,38.369999,32.810001,36.500000,32.521000,30.570200,33.240600,41.290400,33.839244,32.446784,1.392460,0.984574,0.407886,60.131634,32.521000,37.291793,27.750207,0.917017,2.934628,0.080401,0.014171,0.062900,0.224421,0.290209,-0.399967,1.594172,0.962214,-0.463393,-0.463393,1.853792,239230.000000,4434750.000000,0.181394
2021-08-10,36.980000,37.340000,35.750000,36.959999,96100,0.000000,0.000000,36.980000,37.340000,35.750000,36.959999,32.882000,30.772000,33.003000,41.406000,34.319360,32.781097,1.538264,1.095312,0.442952,61.014881,32.882000,37.855118,27.908882,0.910004,2.838583,0.076801,0.012603,0.221011,0.255861,0.239437,-0.375254,1.584615,0.958194,-0.456630,-0.456630,1.889758,235295.000000,3551855.903900,0.134977
2021-08-11,36.520000,38.480000,35.759998,38.250000,156800,0.000000,0.000000,36.520000,38.480000,35.759998,38.250000,33.364500,30.992600,32.760000,41.526550,34.924074,33.186200,1.737874,1.223824,0.514050,63.459685,33.364500,38.459396,28.269604,0.979450,2.830113,0.073990,0.034903,0.182746,0.286147,0.337413,-0.303532,1.990618,0.961241,-0.437665,-0.437665,1.897727,223205.000000,5997600.000000,0.204394
2021-08-12,37.790001,39.500000,37.009998,39.490002,237600,0.000000,0.000000,37.790001,39.500000,37.009998,39.490002,33.878500,31.237600,32.546300,41.655400,35.626525,33.653149,1.973376,1.373734,0.599641,65.687188,33.878500,39.273982,28.483019,1.020019,2.805820,0.071051,0.032418,0.056447,0.380769,0.388049,-0.266122,1.991667,0.944007,-0.419435,-0.419435,1.964715,226440.000000,9382824.475200,0.259191
2021-08-13,39.529999,39.560001,38.040001,39.220001,183500,0.000000,0.000000,39.529999,39.560001,38.040001,39.220001,34.319500,31.479600,32.378400,41.701400,36.179367,34.065508,2.113859,1.521759,0.592100,64.761445,34.319500,39.954361,28.684640,0.934838,2.713975,0.069199,-0.006837,0.089747,0.342691,0.404728,-0.279574,1.856519,0.947470,-0.423405,-0.423405,1.944445,228660.000000,7196870.183500,0.301011
2021-08-16,39.270000,39.430000,37.650002,38.889999,161400,0.000000,0.000000,39.270000,39.430000,37.650002,38.889999,34.691500,31.724200,32.254300,41.678700,36.596387,34.422878,2.173509,1.652109,0.521400,63.581995,34.691500,40.508139,28.874862,0.860904,2.647263,0.068071,-0.008414,0.065479,0.279276,0.368884,-0.260084,1.919670,0.946469,-0.428256,-0.428256,1.889302,229275.000000,6276845.838600,0.263143
2021-08-17,38.750000,41.860001,38.750000,41.430000,129800,0.000000,0.000000,38.750000,41.860001,38.750000,41.430000,35.128500,31.982800,32.130000,41.683550,37.340020,34.941924,2.398096,1.801307,0.596789,68.358614,35.128500,41.589559,28.667442,0.987652,2.680315,0.064695,0.065312,0.120942,0.317329,0.446578,-0.200502,2.078009,0.960995,-0.390914,-0.390914,2.039618,222070.000000,5377614.000000,0.344911
2021-08-18,41.500000,44.950001,40.029999,42.209999,311900,0.000000,0.000000,41.500000,44.950001,40.029999,42.209999,35.594000,32.264600,32.044700,41.700100,38.089248,35.480300,2.608948,1.962835,0.646113,69.674033,35.594000,42.689406,28.498595,0.966217,2.840293,0.067290,0.018827,0.103529,0.291221,0.535467,-0.155293,1.976728,0.957019,-0.379447,-0.379447,2.096845,218640.000000,13165298.688100,0.443272
2021-08-19,42.119999,42.400002,37.660000,37.740002,179700,0.000000,0.000000,42.119999,42.400002,37.660000,37.740002,35.828500,32.449400,31.940600,41.667500,38.035517,35.647685,2.387832,2.047834,0.339998,55.447780,35.828500,42.879760,28.777240,0.635543,2.975986,0.078855,-0.105899,-0.044315,0.147112,0.384954,-0.271288,1.650281,1.043349,-0.445163,-0.445163,1.768892,215535.000000,6781878.359400,0.310629
2021-08-20,37.369999,39.119999,36.150002,38.599998,185500,0.000000,0.000000,37.369999,39.119999,36.150002,38.599998,36.126000,32.627600,31.845900,41.657150,38.122361,35.866375,2.255986,2.089465,0.166521,57.256069,36.126000,43.114404,29.137596,0.677007,2.975559,0.077087,0.022787,-0.015808,0.167927,0.465452,-0.213849,1.729844,1.044370,-0.432520,-0.432520,1.831988,217855.000000,7160299.629000,0.373130
2021-08-23,38.840000,43.279999,37.500000,41.310001,212900,0.000000,0.000000,38.840000,43.279999,37.500000,41.310001,36.584500,32.821000,31.752400,41.639200,38.612767,36.269607,2.343160,2.140204,0.202957,62.430808,36.584500,43.674311,29.494690,0.833260,3.175876,0.076879,0.070207,0.062227,0.265237,0.543722,-0.163257,2.030814,1.061730,-0.392679,-0.392679,2.010933,220735.000000,8794899.212900,0.449917
2021-08-24,41.250000,41.250000,38.837002,39.820000,80800,0.000000,0.000000,41.250000,41.250000,38.837002,39.820000,36.970500,32.976000,31.684400,41.616350,38.798495,36.532599,2.265896,2.165342,0.100554,58.254927,36.970500,43.870363,30.070638,0.706490,3.125670,0.078495,-0.036069,-0.038861,0.238955,0.501508,-0.223782,1.738652,1.071090,-0.414584,-0.414584,1.902332,216975.000000,3217456.000000,0.401734
2021-08-25,39.560001,41.189999,39.240002,39.570000,100300,0.000000,0.000000,39.560001,41.189999,39.240002,39.570000,37.199500,33.160800,31.628800,41.603700,38.917188,36.757591,2.159597,2.164193,-0.004596,57.559259,37.199500,44.126559,30.272441,0.671104,3.041694,0.076869,-0.006278,-0.062544,0.232710,0.438386,-0.219681,1.682712,1.072041,-0.418259,-0.418259,1.884111,214110.000000,3968871.000000,0.343477
2021-08-26,39.250000,41.005001,38.889999,39.130001,106000,0.000000,0.000000,39.250000,41.005001,38.889999,39.130001,37.534500,33.316200,31.660400,41.589800,38.949929,36.933325,2.016603,2.134675,-0.118072,56.285283,37.534500,44.130494,30.938506,0.620945,2.975501,0.076041,-0.011120,0.036831,0.118319,0.461165,-0.276710,1.537614,1.036140,-0.424728,-0.424728,1.852041,209985.000000,4147780.106000,0.373111
2021-08-27,39.599998,40.709999,38.860001,40.130001,169600,0.000000,0.000000,39.599998,40.709999,38.860001,40.130001,37.978500,33.502000,31.728600,41.582100,39.131478,37.170116,1.961362,2.100012,-0.138651,58.531723,37.978500,43.960189,31.996811,0.679841,2.895108,0.072143,0.025556,0.039637,0.237435,0.493487,-0.293486,1.693289,0.995099,-0.410026,-0.410026,1.924927,205580.000000,6806048.169600,0.393059
2021-08-30,40.450001,40.610001,38.160000,38.470001,118800,0.000000,0.000000,40.450001,40.610001,38.160000,38.470001,38.185000,33.651400,31.795300,41.562650,39.029712,37.266404,1.763308,2.032672,-0.269363,53.607004,38.185000,43.917785,32.452216,0.524857,2.863315,0.074430,-0.041366,-0.068748,0.231040,0.413299,-0.278913,1.545996,0.998298,-0.434431,-0.434431,1.803936,202510.000000,4570236.118800,0.301960
2021-08-31,38.880001,39.560001,37.570000,39.529999,108400,0.000000,0.000000,38.880001,39.560001,37.570000,39.529999,38.648000,33.811000,31.891200,41.530300,39.106680,37.434078,1.672602,1.960658,-0.288056,56.144448,38.648000,43.024548,34.271452,0.600764,2.800935,0.070856,0.027554,-0.007283,0.151136,0.451175,-0.232129,1.617881,0.949296,-0.418847,-0.418847,1.881195,177315.000000,4285051.891600,0.341922
2021-09-01,39.709999,40.794998,35.740002,39.610001,134600,0.000000,0.000000,39.709999,40.794998,35.740002,39.610001,39.011500,34.003600,32.008900,41.512050,39.184114,37.595257,1.588856,1.886297,-0.297441,56.338546,39.011500,42.238826,35.784175,0.592724,2.961940,0.074778,0.002024,0.001011,0.308556,0.460546,-0.217194,1.588889,0.830612,-0.417671,-0.417671,1.887026,168615.000000,5331506.134600,0.336056
2021-09-02,39.880001,40.400002,38.459999,38.810001,88400,0.000000,0.000000,39.880001,40.400002,38.459999,38.810001,39.083000,34.204600,32.113800,41.515200,39.126558,37.685238,1.441320,1.797302,-0.355982,53.775501,39.083000,42.220240,35.945760,0.456491,2.888944,0.074438,-0.020197,-0.008178,0.200062,0.455739,-0.274986,1.479872,0.814272,-0.429432,-0.429432,1.828717,153495.000000,3430804.088400,0.345949
2021-09-03,38.750000,38.900002,35.790001,36.410000,167000,0.000000,0.000000,38.750000,38.900002,35.790001,36.410000,39.104000,34.344200,32.177500,41.499850,38.708626,37.590776,1.117850,1.661411,-0.543562,46.884447,39.104000,42.158601,36.049400,0.059026,2.904734,0.079778,-0.061840,-0.092699,-0.025950,0.277544,-0.315215,1.376632,0.656753,-0.464716,-0.464716,1.653790,152530.000000,6080470.000000,0.170799
2021-09-07,36.419998,37.720001,34.880001,35.450001,134600,0.000000,0.000000,36.419998,37.720001,34.880001,35.450001,39.051500,34.448800,32.223000,41.478400,38.207299,37.432200,0.775099,1.484149,-0.709050,44.431778,39.051500,42.322941,35.780059,-0.050445,2.900110,0.081808,-0.026366,-0.078503,-0.015004,0.260669,-0.381973,1.453287,0.650158,-0.478830,-0.478830,1.583819,153185.000000,4771570.134600,0.156580
2021-09-08,35.459999,37.299999,34.310001,36.439999,200200,0.000000,0.000000,35.459999,37.299999,34.310001,36.439999,39.025500,34.561400,32.279700,41.460600,37.935407,37.358704,0.576703,1.302660,-0.725957,47.482897,39.025500,42.374281,35.676719,0.113964,2.906531,0.079762,0.027927,-0.078168,-0.001644,0.278596,-0.413299,1.569817,0.655634,-0.464275,-0.464275,1.655977,158390.000000,7295287.799800,0.179767
2021-09-09,36.630001,39.189999,35.606998,38.180000,181200,0.000000,0.000000,36.630001,39.189999,35.606998,38.180000,39.022000,34.755000,32.350500,41.441200,37.973036,37.419541,0.553496,1.152827,-0.599331,52.427056,39.022000,42.374339,35.669662,0.374416,2.954850,0.077393,0.047750,-0.036102,0.033009,0.285955,-0.387847,1.562416,0.674669,-0.438694,-0.438694,1.782799,159610.000000,6918216.000000,0.198373
2021-09-10,38.700001,39.654999,37.650002,37.669998,158400,0.000000,0.000000,38.700001,39.654999,37.650002,37.669998,38.931000,34.930400,32.406400,41.422550,37.926415,37.438093,0.488322,1.019926,-0.531604,50.914065,38.931000,42.328354,35.533646,0.314414,2.887003,0.076639,-0.013358,-0.029374,-0.015163,0.190582,-0.416512,1.466928,0.666053,-0.446192,-0.446192,1.745627,155650.000000,5966927.683200,0.116231
2021-09-13,37.669998,40.160000,36.459999,38.900002,286700,0.000000,0.000000,37.669998,40.160000,36.459999,38.900002,38.915000,35.117800,32.456700,41.403550,38.076198,37.546383,0.529815,0.921904,-0.392089,54.336752,38.915000,42.309637,35.520364,0.497791,2.945075,0.075709,0.032652,0.068388,-0.014940,0.212972,-0.428109,1.503218,0.666196,-0.428109,-0.428109,1.835277,160810.000000,11152630.573400,0.147258
2021-09-14,39.360001,42.310001,39.020000,40.619999,250400,0.000000,0.000000,39.360001,42.310001,39.020000,40.619999,39.001500,35.347400,32.511500,41.383150,38.467552,37.774058,0.693494,0.876222,-0.182728,58.676035,39.001500,42.480570,35.522430,0.732605,2.978283,0.073321,0.044216,0.145839,0.035696,0.339268,-0.388345,1.467801,0.682732,-0.402823,-0.402823,1.960641,165260.000000,10171247.749600,0.270703
2021-09-15,41.000000,41.599998,39.180000,40.040001,187700,0.000000,0.000000,41.000000,41.599998,39.180000,40.040001,38.932000,35.600600,32.567300,41.348800,38.709467,37.941905,0.767562,0.854490,-0.086928,56.718718,38.932000,42.259016,35.604984,0.666516,2.938406,0.073387,-0.014279,0.098793,0.029571,0.276786,-0.384852,1.355294,0.684221,-0.411350,-0.411350,1.918367,168155.000000,7515508.187700,0.196880
2021-09-16,39.520000,41.150002,37.845001,39.220001,310300,0.000000,0.000000,39.520000,41.150002,37.845001,39.220001,38.782500,35.815400,32.599100,41.295800,38.788011,38.036579,0.751432,0.833878,-0.082447,53.977251,38.782500,41.737196,35.827804,0.574035,2.964591,0.075589,-0.020480,0.027239,-0.053343,0.271725,-0.354084,1.244992,0.648248,-0.423405,-0.423405,1.858601,168075.000000,12169966.310300,0.199658
2021-09-17,39.330002,42.540001,37.985001,40.500000,1049300,0.000000,0.000000,39.330002,42.540001,37.985001,40.500000,38.920500,36.045200,32.649800,41.254950,39.051394,38.219055,0.832339,0.833570,-0.001231,57.435709,38.920500,41.927534,35.913466,0.762634,3.078192,0.076005,0.032636,0.075126,-0.040512,0.306452,-0.352518,1.267637,0.655508,-0.404587,-0.404587,1.951895,211555.000000,42496650.000000,0.234209
2021-09-20,39.689999,41.270000,33.770000,34.090000,258300,0.000000,0.000000,39.689999,41.270000,33.770000,34.090000,38.695000,36.130800,32.631400,41.175650,38.288102,37.913199,0.374903,0.741837,-0.366933,40.871691,38.695000,42.398902,34.991099,-0.121642,3.394035,0.099561,-0.158272,-0.123650,-0.096714,0.080507,-0.439862,0.876170,0.775155,-0.498824,-0.498824,1.484694,215195.000000,8805447.000000,0.040029
2021-09-21,33.939999,35.410000,33.540001,34.240002,120100,0.000000,0.000000,33.939999,35.410000,33.540001,34.240002,38.341500,36.227000,32.623700,41.130150,37.665318,37.641110,0.024207,0.598311,-0.574104,41.298327,38.341500,42.332919,34.350082,-0.013790,3.285176,0.095946,0.004400,-0.157065,-0.112953,0.142095,-0.388681,0.900111,0.769857,-0.496619,-0.496619,1.495627,210555.000000,4112224.240200,0.107497
2021-09-22,33.889999,34.240002,30.639999,31.059999,202400,0.000000,0.000000,33.889999,34.240002,30.639999,31.059999,37.903500,36.253400,32.610800,41.080200,36.649115,37.153621,-0.504506,0.377748,-0.882253,35.457369,37.903500,42.985391,32.821609,-0.173322,3.307663,0.106493,-0.092874,-0.224276,-0.248124,0.079972,-0.394542,0.717920,0.777667,-0.543370,-0.543370,1.263848,216635.000000,6286543.797600,0.036171
2021-09-23,31.330000,33.619999,31.330000,33.360001,101400,0.000000,0.000000,31.330000,33.619999,31.330000,33.360001,37.593000,36.348600,32.619400,41.037100,36.143097,36.872612,-0.729514,0.156295,-0.885810,41.862040,37.593000,42.994942,32.191059,0.108197,3.254259,0.097550,0.074050,-0.149414,-0.162230,0.133537,-0.380616,0.872054,0.827196,-0.509556,-0.509556,1.431487,216690.000000,3382704.101400,0.086039
2021-09-24,32.910000,34.169998,32.132999,32.910000,177300,0.000000,0.000000,32.910000,34.169998,32.132999,32.910000,37.282000,36.422600,32.650900,40.971000,35.645698,36.579085,-0.933387,-0.061641,-0.871746,41.004699,37.282000,43.017271,31.546729,0.118850,3.167312,0.096242,-0.013489,-0.187407,-0.168309,0.089014,-0.351399,0.903412,0.827490,-0.516172,-0.516172,1.398688,220255.000000,5834943.000000,0.041152
2021-09-27,33.119999,34.160000,31.000000,32.630001,120100,0.000000,0.000000,33.119999,34.160000,31.000000,32.630001,36.907000,36.467200,32.684500,40.907500,35.181744,36.286560,-1.104816,-0.270276,-0.834540,40.449594,36.907000,42.835714,30.978287,0.139298,3.166789,0.097051,-0.008508,-0.042828,-0.166113,0.059072,-0.322326,0.809761,0.827391,-0.520288,-0.520288,1.378280,217780.000000,3918863.120100,0.026696
2021-09-28,32.580002,33.929001,31.530001,31.850000,95800,0.000000,0.000000,32.580002,33.929001,31.530001,31.850000,36.576000,36.475200,32.707100,40.827750,34.669168,35.957926,-1.288758,-0.473972,-0.814785,38.870929,36.576000,42.865505,30.286496,0.124295,3.111947,0.097706,-0.023904,-0.069801,-0.206329,0.117544,-0.337425,0.753855,0.820391,-0.531755,-0.531755,1.321429,216630.000000,3051230.000000,0.116281
2021-09-29,32.639999,33.462002,31.120001,31.350000,153800,0.000000,0.000000,32.639999,33.462002,31.120001,31.350000,36.167000,36.448400,32.713800,40.744100,34.158527,35.616598,-1.458071,-0.670792,-0.787279,37.851131,36.167000,42.706584,29.627417,0.131704,3.056951,0.097510,-0.015699,0.009337,-0.185079,0.084775,-0.381169,0.697347,0.812653,-0.539106,-0.539106,1.284985,218900.000000,4821630.000000,0.084190
2021-09-30,31.500000,33.709999,31.500000,33.020000,154800,0.000000,0.000000,31.500000,33.709999,31.500000,33.020000,35.837500,36.450800,32.761100,40.669500,33.983369,35.424258,-1.440889,-0.824811,-0.616077,43.210215,35.837500,42.310394,29.364606,0.282362,3.007169,0.091071,0.053270,-0.010192,-0.164685,0.118185,-0.291720,0.866591,0.831642,-0.514555,-0.514555,1.406706,219910.000000,5111496.000000,0.123267
2021-10-01,32.779999,35.439999,29.601000,32.000000,213500,0.000000,0.000000,32.779999,35.439999,29.601000,32.000000,35.497000,36.429800,32.782900,40.595600,33.678235,35.170609,-1.492374,-0.958324,-0.534050,40.890937,35.497000,42.027721,28.966279,0.232265,3.209442,0.100295,-0.030890,-0.027651,-0.192123,0.098147,-0.290937,0.797753,0.834873,-0.529550,-0.529550,1.332362,226165.000000,6832000.000000,0.103108
2021-10-04,32.230000,32.230000,29.610001,29.629999,163300,0.000000,0.000000,32.230000,32.230000,29.610001,29.629999,35.158000,36.369400,32.793200,40.506200,33.055430,34.760193,-1.704764,-1.107612,-0.597152,36.049261,35.158000,42.174953,28.141047,0.106097,3.167339,0.106896,-0.074063,-0.091940,-0.236537,0.082177,-0.176258,0.925276,0.864523,-0.564393,-0.564393,1.159621,225980.000000,4838578.836700,0.110012
2021-10-05,29.549999,29.980000,28.200001,29.270000,212600,0.000000,0.000000,29.549999,29.980000,28.200001,29.270000,34.849000,36.312000,32.801400,40.402600,32.473056,34.353512,-1.880456,-1.262181,-0.618276,35.364292,34.849000,42.340081,27.357919,0.127624,3.068244,0.104826,-0.012150,-0.081005,-0.196100,0.027739,-0.121285,0.882315,0.844828,-0.569685,-0.569685,1.133382,229880.000000,6222802.000000,0.043506
2021-10-06,29.049999,31.049999,28.680000,30.700001,177200,0.000000,0.000000,29.049999,31.049999,28.680000,30.700001,34.562000,36.284000,32.829200,40.318050,32.200278,34.082882,-1.882604,-1.386265,-0.496338,40.223080,34.562000,42.234068,26.889933,0.248308,3.018369,0.098318,0.048856,-0.020734,-0.133992,0.058256,-0.034591,1.114325,0.865201,-0.548662,-0.548662,1.237609,228730.000000,5440040.177200,0.062230
2021-10-07,30.639999,31.201000,28.590000,28.770000,114100,0.000000,0.000000,30.639999,31.201000,28.590000,28.770000,34.091500,36.159600,32.832800,40.213100,31.672543,33.689335,-2.016792,-1.512371,-0.504421,36.261182,34.091500,41.980438,26.202562,0.162724,2.989271,0.103902,-0.062866,-0.128710,-0.210483,-0.034888,-0.039078,0.978680,0.878278,-0.577036,-0.577036,1.096939,225375.000000,3282657.000000,-0.031629
2021-10-08,28.770000,28.840000,27.080000,27.510000,106900,0.000000,0.000000,28.770000,28.840000,27.080000,27.510000,33.583500,36.061200,32.821500,40.095600,31.032152,33.231607,-2.199455,-1.649787,-0.549667,33.912696,33.583500,41.803720,25.363280,0.130576,2.901466,0.105470,-0.043796,-0.140312,-0.279466,-0.065240,-0.011853,0.871429,0.859932,-0.595560,-0.595560,1.005102,222800.000000,2940819.000000,-0.054807
2021-10-11,27.129999,29.110001,27.129999,28.020000,111700,0.000000,0.000000,27.129999,29.110001,27.129999,28.020000,33.039500,35.996600,32.826800,39.977850,30.568744,32.845562,-2.276818,-1.775194,-0.501624,35.727199,33.039500,41.218237,24.860764,0.193137,2.835647,0.101201,0.018539,-0.054337,-0.256172,-0.057835,-0.010593,0.886869,0.867311,-0.588062,-0.588062,1.042274,214050.000000,3129834.000000,-0.044791
2021-10-12,28.520000,28.959999,27.000000,27.680000,114800,0.000000,0.000000,28.520000,28.959999,27.000000,27.680000,32.392500,35.863400,32.831100,39.858750,30.124322,32.462927,-2.338606,-1.887876,-0.450730,35.036554,32.392500,40.078767,24.706233,0.193447,2.773101,0.100184,-0.012134,-0.054322,-0.288432,-0.032168,-0.078562,0.839203,0.851663,-0.593061,-0.593061,1.017493,207270.000000,3177664.000000,-0.019943
2021-10-13,27.730000,28.500000,27.240000,27.969999,143000,0.000000,0.000000,27.730000,28.500000,27.240000,27.969999,31.789000,35.817400,32.847400,39.759100,29.792887,32.130118,-2.337230,-1.977747,-0.359484,36.169953,31.789000,38.813975,24.764025,0.228184,2.665022,0.095281,0.010477,-0.088925,-0.311423,-0.042451,-0.094822,0.837713,0.830030,-0.588797,-0.588797,1.038630,205035.000000,3999709.857000,-0.044412
2021-10-14,28.620001,28.740000,27.270000,27.469999,148800,0.000000,0.000000,28.620001,28.740000,27.270000,27.469999,31.201500,35.720000,32.854500,39.658550,29.435520,31.784924,-2.349404,-2.052078,-0.297326,35.035010,31.201500,37.541759,24.861241,0.205730,2.579664,0.093908,-0.017876,-0.045186,-0.313936,-0.096382,-0.107247,0.976259,0.830016,-0.596148,-0.596148,1.002187,196960.000000,4087535.851200,-0.123843
2021-10-15,28.040001,28.330000,26.764999,27.270000,101400,0.000000,0.000000,28.040001,28.330000,26.764999,27.270000,30.540000,35.517800,32.862000,39.539350,29.102363,31.450485,-2.348122,-2.111287,-0.236835,34.567770,30.540000,35.378174,25.701826,0.162063,2.507188,0.091939,-0.007281,-0.008724,-0.304692,-0.132909,-0.123151,0.950644,0.830461,-0.599088,-0.599088,0.987609,149565.000000,2765178.000000,-0.176507
2021-10-18,27.230000,27.230000,25.809999,26.520000,144600,0.000000,0.000000,27.230000,27.230000,25.809999,26.520000,30.161500,35.328400,32.852100,39.429300,28.705076,31.085264,-2.380188,-2.165067,-0.215120,32.801143,30.161500,35.014720,25.308280,0.124837,2.432389,0.091719,-0.027503,-0.053533,-0.345185,-0.188743,-0.173317,0.867606,0.812205,-0.610115,-0.610115,0.932945,143880.000000,3834792.000000,-0.224810
2021-10-19,26.709999,27.070000,26.188000,26.500000,73400,0.000000,0.000000,26.709999,27.070000,26.188000,26.500000,29.774500,35.128400,32.849300,39.327200,28.365834,30.745615,-2.379781,-2.208010,-0.171771,32.753072,29.774500,34.490817,25.058183,0.152854,2.321647,0.087609,-0.000754,-0.042630,-0.222646,-0.194529,-0.217597,0.822558,0.634989,-0.610409,-0.610409,0.931487,141545.000000,1945100.000000,-0.228505
2021-10-20,26.549999,26.900000,26.040001,26.570000,89700,0.000000,0.000000,26.549999,26.900000,26.040001,26.570000,29.550000,34.920600,32.846300,39.227800,28.089552,30.436310,-2.346758,-2.235760,-0.110999,33.122494,29.550000,34.433175,24.666825,0.194871,2.217243,0.083449,0.002642,-0.050054,-0.224007,-0.196067,-0.243882,0.932364,0.634475,-0.609380,-0.609380,0.936589,135910.000000,2383329.000000,-0.225831
2021-10-21,26.400000,26.940001,26.270000,26.450001,188600,0.000000,0.000000,26.400000,26.940001,26.270000,26.450001,29.204500,34.684600,32.838600,39.120750,27.837313,30.141028,-2.303715,-2.249351,-0.054364,32.789945,29.204500,33.927837,24.481163,0.208416,2.106726,0.079649,-0.004516,-0.037131,-0.148422,-0.189893,-0.232443,0.922238,0.560774,-0.611144,-0.611144,0.927843,140270.000000,4988470.188600,-0.215418
2021-10-22,26.209999,26.299999,25.250000,26.190001,109600,0.000000,0.000000,26.209999,26.299999,25.250000,26.190001,28.868500,34.418600,32.828100,39.015700,27.583881,29.848359,-2.264479,-2.252376,-0.012102,32.039366,28.868500,33.435444,24.301556,0.206752,2.041960,0.077967,-0.009830,-0.039604,-0.214928,-0.185128,-0.273307,0.892341,0.476986,-0.614966,-0.614966,0.908892,136885.000000,2870424.109600,-0.201939
2021-10-25,26.129999,27.170000,25.410000,26.500000,102700,0.000000,0.000000,26.129999,27.170000,25.410000,26.500000,28.562000,34.164200,32.821900,38.918400,27.417130,29.600333,-2.183203,-2.238542,0.055339,33.979824,28.562000,32.882154,24.241846,0.261351,2.021820,0.076295,0.011837,-0.000754,-0.194774,-0.174455,-0.252046,0.874116,0.483361,-0.610409,-0.610409,0.931487,136015.000000,2721550.000000,-0.213071
2021-10-26,26.629999,26.885000,26.030001,26.049999,85600,0.000000,0.000000,26.629999,26.885000,26.030001,26.049999,28.272000,33.907400,32.815800,38.806200,27.206802,29.337345,-2.130543,-2.216942,0.086399,32.527910,28.272000,32.438784,24.105216,0.233367,1.938475,0.074414,-0.016981,-0.016981,-0.201655,-0.255502,-0.274979,0.898688,0.483963,-0.617024,-0.617024,0.000000,135505.000000,2229879.914400,-0.287551
2021-10-27,25.969999,26.400000,25.520000,26.000000,159100,0.000000,0.000000,25.969999,26.400000,25.520000,26.000000,28.004500,33.598800,32.790800,38.671350,27.021140,29.090134,-2.068994,-2.187352,0.118358,32.362450,28.004500,32.023578,23.985422,0.250627,1.862870,0.071649,-0.001919,-0.021453,-0.183673,-0.198273,-0.257355,-0.133911,0.482119,-0.617759,-0.617759,0.000000,135770.000000,4136600.000000,-0.229236
2021-10-28,25.950001,27.580000,25.950001,27.340000,670000,0.000000,0.000000,25.950001,27.580000,25.950001,27.340000,27.720500,33.301400,32.783000,38.540600,27.070195,28.960495,-1.890299,-2.127942,0.237642,41.021311,27.720500,30.977877,24.463123,0.441594,1.846236,0.067529,0.051538,0.033648,-0.127911,-0.125120,-0.154869,-0.370481,0.525007,-0.598059,-0.598059,0.051538,161530.000000,18317800.000000,-0.177969
2021-10-29,27.209999,27.455000,26.150000,26.299999,128900,0.000000,0.000000,27.209999,27.455000,26.150000,26.299999,27.435500,33.072600,32.761000,38.381850,26.951704,28.763421,-1.811717,-2.064697,0.252980,37.056265,27.435500,30.050400,24.820599,0.282879,1.807577,0.068729,-0.038040,0.004200,-0.203513,-0.234129,-0.190769,-0.349975,0.489252,-0.613349,-0.613349,0.011538,157300.000000,3390069.871100,-0.289801
2021-11-01,26.389999,27.709999,25.400000,26.900000,255700,0.000000,0.000000,26.389999,27.709999,25.400000,26.900000,27.299000,32.838600,32.733100,38.229200,26.943749,28.625390,-1.681640,-1.988085,0.306445,40.622140,27.299000,29.708516,24.889484,0.417203,1.843464,0.068530,0.022814,0.015094,-0.159375,-0.111331,-0.096102,-0.308483,0.496123,-0.604528,-0.604528,0.034615,161920.000000,6878330.000000,-0.167873
2021-11-02,27.080000,27.910000,26.735001,27.790001,142700,0.000000,0.000000,27.080000,27.910000,26.735001,27.790001,27.225000,32.568200,32.694600,38.083550,27.073942,28.563509,-1.489567,-1.888382,0.398815,45.549754,27.225000,29.464554,24.985446,0.626141,1.795717,0.064617,0.033086,0.066795,-0.062099,-0.140693,-0.050564,-0.372119,0.452644,-0.591444,-0.591444,0.068846,158425.000000,3965633.142700,-0.199491
2021-11-03,27.930000,28.650000,27.010000,28.450001,225600,0.000000,0.000000,27.930000,28.650000,27.010000,28.450001,27.112500,32.340800,32.658400,37.968150,27.285643,28.555101,-1.269458,-1.764597,0.495139,48.934147,27.112500,28.766584,25.458416,0.904303,1.784594,0.062727,0.023750,0.094231,-0.028015,-0.238898,-0.038526,-0.300467,0.460181,-0.581741,-0.581741,0.094231,160845.000000,6418320.225600,-0.300425
2021-11-04,28.000000,28.650000,26.520000,28.200001,121100,0.000000,0.000000,28.000000,28.650000,26.520000,28.200001,27.084000,32.113400,32.637100,37.843700,27.426314,28.528797,-1.102484,-1.632174,0.529691,47.724108,27.084000,28.634218,25.533782,0.859950,1.809266,0.064158,-0.008787,0.031456,-0.081433,-0.216449,-0.080834,-0.371938,0.423428,-0.585416,-0.585416,0.084615,161195.000000,3415020.121100,-0.290901
2021-11-05,28.240000,29.080000,27.840000,28.400000,161300,0.000000,0.000000,28.240000,29.080000,27.840000,28.400000,27.128500,31.898800,32.607500,37.698400,27.576112,28.519257,-0.943145,-1.494369,0.551223,48.814560,27.128500,28.778116,25.478884,0.885393,1.768604,0.062275,0.007092,0.079848,-0.012861,-0.221918,0.003888,-0.360216,0.365658,-0.582476,-0.582476,0.092308,163915.000000,4580920.000000,-0.296709
2021-11-08,28.400000,28.780001,27.760000,28.320000,114800,0.000000,0.000000,28.400000,28.780001,27.760000,28.320000,27.143500,31.662600,32.582300,37.536700,27.690556,28.504497,-0.813941,-1.358283,0.544342,48.379833,27.143500,28.832240,25.454760,0.848337,1.715132,0.060563,-0.002817,0.052788,0.029444,-0.233766,-0.050302,-0.327316,0.330161,-0.583652,-0.583652,0.089231,164070.000000,3251136.000000,-0.314525
2021-11-09,29.590000,29.620001,28.200001,29.410000,144000,0.000000,0.000000,29.590000,29.620001,28.200001,29.410000,27.230000,31.481400,32.566400,37.389700,27.955086,28.571571,-0.616486,-1.209924,0.593438,54.345654,27.230000,29.189904,25.270097,1.056150,1.694051,0.057601,0.038489,0.058294,0.049607,-0.231111,0.028322,-0.298258,0.349720,-0.567627,-0.567627,0.131154,165530.000000,4235040.000000,-0.307060
2021-11-10,29.760000,33.380001,29.510000,33.080002,259400,0.000000,0.000000,29.760000,33.380001,29.510000,33.080002,27.485500,31.352400,32.581700,37.270900,28.743534,28.905529,-0.161995,-1.000338,0.838343,67.827734,27.485500,30.749825,24.221176,1.356916,1.856619,0.056125,0.124788,0.162742,0.195087,-0.162320,0.162742,-0.206143,0.544658,-0.513672,-0.513672,0.272308,171350.000000,8580952.518800,-0.216750
2021-11-11,32.880001,35.770000,32.360001,34.580002,615000,0.000000,0.000000,32.880001,35.770000,32.360001,34.580002,27.841000,31.251800,32.627700,37.155350,29.641453,29.325860,0.315592,-0.737152,1.052744,71.528524,27.841000,32.392905,23.289095,1.240240,1.967575,0.056899,0.045345,0.226241,0.236325,-0.118307,0.238539,-0.183664,0.559007,-0.491620,-0.491620,0.330000,194660.000000,21266701.230000,-0.177768
2021-11-12,34.459999,35.650002,33.254002,35.180000,452500,0.000000,0.000000,34.459999,35.650002,33.254002,35.180000,28.236500,31.179200,32.691900,37.032950,30.493537,29.759500,0.734036,-0.442914,1.176950,72.872719,28.236500,33.833975,22.639025,1.120235,1.998177,0.056799,0.017351,0.238732,0.280670,-0.095397,0.238296,-0.235217,0.549542,-0.482799,-0.482799,0.353077,212215.000000,15918950.000000,-0.167536
2021-11-15,35.000000,35.680000,34.630001,35.139999,125400,0.000000,0.000000,35.000000,35.680000,34.630001,35.139999,28.667500,31.153800,32.749000,36.914000,31.208377,30.158056,1.050321,-0.144267,1.194588,72.626538,28.667500,34.989099,22.345902,1.011935,1.930450,0.054936,-0.001137,0.240819,0.288595,-0.151822,0.226955,-0.187702,0.547177,-0.483387,-0.483387,0.351538,211255.000000,4406555.874600,-0.233540
2021-11-16,34.750000,35.790001,33.779999,34.930000,174800,0.000000,0.000000,34.750000,35.790001,33.779999,34.930000,29.089000,31.143400,32.796100,36.793550,31.780934,30.511533,1.269401,0.138467,1.130935,71.265413,29.089000,35.906779,22.271222,0.928365,1.936132,0.055429,-0.005976,0.187691,0.317119,-0.172471,0.270644,-0.085123,0.532129,-0.486475,-0.486475,0.343462,216325.000000,6105764.000000,-0.272151
2021-11-17,35.160000,36.430000,34.037998,34.340000,256900,0.000000,0.000000,35.160000,36.430000,34.037998,34.340000,29.477500,31.101400,32.831400,36.662050,32.174637,30.795123,1.379513,0.386676,0.992838,67.441153,29.477500,36.570848,22.384153,0.842751,1.968694,0.057329,-0.016891,0.038089,0.295849,-0.090090,0.260183,-0.130193,0.540527,-0.495148,-0.495148,0.320769,224685.000000,8821946.000000,-0.184974
2021-11-18,33.970001,33.970001,29.299999,29.780001,236600,0.000000,0.000000,33.970001,33.970001,29.299999,29.780001,29.644000,30.933400,32.844200,36.498850,31.806231,30.719929,1.086302,0.526601,0.559701,46.618891,29.644000,36.592992,22.695009,0.509786,2.188073,0.073475,-0.132790,-0.138809,0.120813,-0.228497,0.130600,-0.250629,0.739886,-0.562188,-0.562188,0.145385,227085.000000,7045948.236600,-0.315421
2021-11-19,30.299999,30.580000,29.365000,29.540001,172900,0.000000,0.000000,30.299999,30.580000,29.365000,29.540001,29.811500,30.770800,32.850600,36.323250,31.457581,30.632527,0.825053,0.586292,0.238762,45.817099,29.811500,36.568795,23.054206,0.479911,2.118568,0.071719,-0.008059,-0.160318,0.116824,-0.284919,0.103886,-0.261500,0.740652,-0.565716,-0.565716,0.136154,230250.000000,5107466.172900,-0.359523
2021-11-22,29.830000,30.684999,27.670000,27.799999,159000,0.000000,0.000000,29.830000,30.684999,27.670000,27.799999,29.876500,30.548800,32.833300,36.158100,30.894876,30.422710,0.472166,0.563466,-0.091301,40.392984,29.876500,36.523787,23.229214,0.343808,2.182599,0.078511,-0.058903,-0.208879,0.061474,-0.301858,0.048265,-0.339040,0.772945,-0.591297,-0.591297,0.069231,233065.000000,4420199.841000,-0.357449
2021-11-23,27.799999,28.590000,26.600000,28.520000,189800,0.000000,0.000000,27.799999,28.590000,26.600000,28.520000,30.000000,30.306800,32.827100,36.004900,30.529510,30.281769,0.247742,0.500321,-0.252580,43.380011,30.000000,36.436384,23.563617,0.385029,2.168842,0.076046,0.025899,-0.183510,0.076226,-0.279252,0.036714,-0.311111,0.776271,-0.580712,-0.580712,0.096923,238275.000000,5413096.000000,-0.328001
2021-11-24,28.190001,28.660000,27.110001,27.230000,125400,0.000000,0.000000,28.190001,28.660000,27.110001,27.230000,30.061500,30.050600,32.825600,35.866450,30.021893,30.055712,-0.033818,0.393493,-0.427312,39.555388,30.061500,36.358963,23.764038,0.275187,2.124639,0.078026,-0.045231,-0.207047,0.045298,-0.304115,0.016804,-0.362295,0.792200,-0.599677,-0.599677,0.047308,236590.000000,3414642.000000,-0.364293
2021-11-26,26.730000,29.639999,21.840000,26.969999,461000,0.000000,0.000000,26.730000,29.639999,21.840000,26.969999,30.043000,29.805600,32.810500,35.732250,29.552371,29.827140,-0.274769,0.259841,-0.534610,38.812639,30.043000,36.376198,23.709802,0.257389,2.530022,0.093809,-0.009548,-0.094359,0.037308,-0.327934,0.003722,-0.396644,0.793275,-0.603499,-0.603499,0.037308,226140.000000,12433169.539000,-0.351872
2021-11-29,27.379999,27.379999,25.215000,25.510000,264600,0.000000,0.000000,27.379999,27.379999,25.215000,25.510000,30.003500,29.505800,32.775500,35.587600,28.930468,29.507352,-0.576884,0.092496,-0.669380,34.854773,30.003500,36.443940,23.563061,0.151150,2.503949,0.098156,-0.054134,-0.136425,-0.066935,-0.336886,-0.062821,-0.456193,0.796178,-0.624963,-0.624963,0.000000,232925.000000,6749946.000000,-0.370748
2021-11-30,25.820000,26.629999,24.790001,26.549999,220000,0.000000,0.000000,25.820000,26.629999,24.790001,26.549999,29.986000,29.355000,32.742900,35.457550,28.564242,29.288289,-0.724047,-0.070813,-0.653234,39.581120,29.986000,36.463740,23.508260,0.234784,2.456523,0.092524,0.040768,-0.044964,0.009506,-0.328358,-0.025330,-0.467082,0.798132,-0.609674,-0.609674,0.040768,231140.000000,5840999.780000,-0.346606
2021-12-01,27.170000,27.209999,25.040001,25.360001,166100,0.000000,0.000000,27.170000,27.209999,25.040001,25.360001,29.864500,29.177400,32.702200,35.325250,28.071282,28.997305,-0.926023,-0.241855,-0.684168,36.332930,29.864500,36.601632,23.127368,0.165696,2.436057,0.096059,-0.044821,-0.110799,-0.057249,-0.359758,-0.064897,-0.478940,0.809861,-0.627168,-0.627168,0.000000,232310.000000,4212296.166100,-0.356143
2021-12-02,25.200001,26.000000,24.420000,25.760000,144900,0.000000,0.000000,25.200001,26.000000,24.420000,25.760000,29.730000,29.071400,32.662400,35.204200,27.715700,28.757504,-1.041804,-0.401845,-0.639960,38.169689,29.730000,36.689762,22.770239,0.214789,2.374910,0.092194,0.015773,-0.053985,-0.073048,-0.336254,-0.033758,-0.484284,0.802721,-0.621288,-0.621288,0.015773,228275.000000,3732624.000000,-0.339524
2021-12-03,25.750000,25.840000,24.490000,25.100000,209900,0.000000,0.000000,25.750000,25.840000,24.490000,25.100000,29.575000,28.906200,32.627400,35.070750,27.313285,28.486578,-1.173294,-0.556135,-0.617159,36.308399,29.575000,36.810837,22.339163,0.190775,2.301703,0.091701,-0.025621,-0.069336,-0.117750,-0.310629,-0.119298,-0.420858,0.800693,-0.630991,-0.630991,0.000000,232715.000000,5268490.000000,-0.292531
2021-12-06,25.209999,25.400000,23.530001,25.230000,229600,0.000000,0.000000,25.209999,25.400000,23.530001,25.230000,29.416500,28.752600,32.587600,34.951400,26.992779,28.245350,-1.252571,-0.695422,-0.557149,36.960466,29.416500,36.895499,21.937501,0.220116,2.270867,0.090007,0.005179,-0.010976,-0.105319,-0.288293,-0.102774,-0.385384,0.801262,-0.629080,-0.629080,0.005179,236130.000000,5792808.000000,-0.278590
2021-12-07,26.070000,28.080000,24.770000,25.940001,214100,0.000000,0.000000,26.070000,28.080000,24.770000,25.940001,29.297500,28.618800,32.543000,34.834250,26.830813,28.074584,-1.243770,-0.805091,-0.438679,40.540848,29.297500,36.924237,21.670763,0.279886,2.345090,0.090404,0.028141,-0.022975,-0.086620,-0.288145,-0.089825,-0.382087,0.808240,-0.618642,-0.618642,0.033466,241095.000000,5553754.214100,-0.314330
2021-12-08,25.959999,26.469999,24.910000,26.000000,141400,0.000000,0.000000,25.959999,26.469999,24.910000,26.000000,29.127000,28.501800,32.488500,34.707750,26.702996,27.920911,-1.217915,-0.887656,-0.330259,40.846598,29.127000,36.894317,21.359683,0.298708,2.289012,0.088039,0.002313,0.025237,-0.081921,-0.319015,-0.124284,-0.436375,0.808455,-0.617759,-0.617759,0.035857,240965.000000,3676400.000000,-0.354346
2021-12-09,25.540001,26.139999,24.608000,25.370001,119900,0.000000,0.000000,25.540001,26.139999,24.608000,25.370001,28.741500,28.382200,32.415300,34.581050,26.497920,27.731954,-1.234035,-0.956932,-0.277103,38.602005,28.741500,36.447818,21.035182,0.281251,2.234940,0.088094,-0.024231,-0.015140,-0.137368,-0.326520,-0.198167,-0.440326,0.797199,-0.627021,-0.627021,0.010757,233990.000000,3041863.119900,-0.353107
2021-12-10,25.440001,25.930000,24.950001,25.100000,88400,0.000000,0.000000,25.440001,25.930000,24.950001,25.100000,28.267500,28.223800,32.337300,34.436050,26.282855,27.536995,-1.254140,-1.016373,-0.237766,37.647179,28.267500,35.619818,20.915182,0.284592,2.145301,0.085470,-0.010643,0.000000,-0.241233,-0.354756,-0.217337,-0.474895,0.640273,-0.630991,-0.630991,0.000000,207660.000000,2218840.000000,-0.389512
2021-12-13,25.139999,26.120001,24.549999,25.500000,124800,0.000000,0.000000,25.139999,26.120001,24.549999,25.500000,27.783500,28.093800,32.261800,34.279550,26.162416,27.386106,-1.223690,-1.057837,-0.165854,40.014410,27.783500,34.463557,21.103443,0.329081,2.104209,0.082518,0.015936,0.010702,-0.262580,-0.372230,-0.159248,-0.469634,0.614529,-0.625110,-0.625110,0.015936,191275.000000,3182400.000000,-0.397202
2021-12-14,25.080000,26.230000,24.240000,24.969999,112600,0.000000,0.000000,25.080000,26.230000,24.240000,24.969999,27.275000,28.000600,32.185000,34.137650,25.978967,27.207135,-1.228168,-1.091903,-0.136265,37.958092,27.275000,33.089434,21.460566,0.301786,2.096051,0.083943,-0.020784,-0.037394,-0.290222,-0.376374,-0.203763,-0.479141,0.604406,-0.632902,-0.632902,0.000000,190635.000000,2811621.887400,-0.381394
2021-12-15,25.000000,25.860001,23.370001,25.830000,259900,0.000000,0.000000,25.000000,25.860001,23.370001,25.830000,26.820000,27.931800,32.121900,34.009400,25.956049,27.105125,-1.149076,-1.103338,-0.045739,43.070421,26.820000,31.406819,22.233181,0.392082,2.124190,0.082237,0.034441,-0.006538,-0.264940,-0.341407,-0.162451,-0.447841,0.627170,-0.620259,-0.620259,0.034441,194890.000000,6713217.000000,-0.366678
2021-12-16,26.120001,26.959999,24.035000,24.139999,191100,0.000000,0.000000,26.120001,26.959999,24.035000,24.139999,26.310000,27.800600,32.042300,33.877100,25.676657,26.885486,-1.208830,-1.124436,-0.084393,36.674908,26.310000,29.400386,23.219614,0.148911,2.181391,0.090364,-0.065428,-0.048483,-0.308904,-0.403951,-0.221290,-0.491896,0.651214,-0.645104,-0.645104,0.000000,191600.000000,4613153.808900,-0.413021
2021-12-17,24.049999,25.610001,24.049999,25.129999,417500,0.000000,0.000000,24.049999,25.610001,24.049999,25.129999,26.077500,27.727800,31.943700,33.735100,25.592556,26.755450,-1.162895,-1.132128,-0.030767,42.098865,26.077500,28.738532,23.416468,0.321967,2.137006,0.085038,0.041011,0.001195,-0.268200,-0.262834,-0.203487,-0.497300,0.681094,-0.630550,-0.630550,0.041011,200645.000000,10491774.582500,-0.293810
2021-12-20,24.969999,26.510000,24.115000,26.170000,430300,0.000000,0.000000,24.969999,26.510000,24.115000,26.170000,25.909000,27.701000,31.881100,33.600100,25.681393,26.712084,-1.030690,-1.111840,0.081150,47.213842,25.909000,28.015980,23.802020,0.561937,2.155434,0.082363,0.041385,0.026275,-0.121222,-0.235689,-0.127085,-0.450326,0.553041,-0.615260,-0.615260,0.084093,213515.000000,11260951.000000,-0.251594
2021-12-21,26.120001,27.250000,25.900000,26.660000,163300,0.000000,0.000000,26.120001,27.250000,25.900000,26.660000,25.852000,27.673800,31.835200,33.446600,25.831948,26.708226,-0.876277,-1.064728,0.188450,49.478387,25.852000,27.799204,23.904796,0.707477,2.097903,0.078691,0.018724,0.067681,-0.097495,-0.141661,-0.073018,-0.464228,0.559258,-0.608056,-0.608056,0.104391,213730.000000,4353578.000000,-0.171482
2021-12-22,25.059999,25.190001,23.240000,24.150000,471900,0.000000,0.000000,25.059999,25.190001,23.240000,24.150000,25.633500,27.603200,31.733300,33.256800,25.573187,26.518727,-0.945540,-1.040890,0.095350,40.009724,25.633500,27.277235,23.989765,0.048741,2.192338,0.090780,-0.094149,-0.065041,-0.131295,-0.276079,-0.179409,-0.526563,0.613348,-0.644957,-0.644957,0.000414,227835.000000,11396385.000000,-0.307280
2021-12-23,24.340000,25.520000,23.780001,25.389999,260800,0.000000,0.000000,24.340000,25.520000,23.780001,25.389999,25.541500,27.551600,31.684500,33.071900,25.545004,26.435118,-0.890114,-1.010735,0.120621,45.553149,25.541500,27.005097,24.077903,0.448244,2.160028,0.085074,0.051346,0.051781,-0.109748,-0.228502,-0.159828,-0.507660,0.635918,-0.626727,-0.626727,0.051781,234605.000000,6621711.739200,-0.268752
2021-12-27,25.430000,25.799999,24.430000,25.420000,125200,0.000000,0.000000,25.430000,25.799999,24.430000,25.420000,25.464000,27.510600,31.615300,32.876200,25.525773,26.359924,-0.834151,-0.975418,0.141267,45.683924,25.464000,26.764128,24.163872,0.483079,2.103598,0.082754,0.001182,0.011540,-0.066471,-0.220962,-0.174943,-0.506408,0.618777,-0.626286,-0.626286,0.053024,217815.000000,3182584.000000,-0.281169
2021-12-28,25.330000,26.930000,24.830000,25.080000,176200,0.000000,0.000000,25.330000,26.930000,24.830000,25.080000,25.442500,27.466800,31.492300,32.661500,25.457192,26.265115,-0.807922,-0.941919,0.133997,44.382870,25.442500,26.753601,24.131399,0.361757,2.103341,0.083865,-0.013375,-0.041651,-0.070078,-0.212559,-0.120000,-0.476409,0.619465,-0.631285,-0.631285,0.038940,213395.000000,4419096.000000,-0.297461
2021-12-29,24.940001,26.260000,24.480000,25.780001,121100,0.000000,0.000000,24.940001,26.260000,24.480000,25.780001,25.404000,27.452000,31.390200,32.458350,25.506855,26.229180,-0.722325,-0.898000,0.175675,47.686205,25.404000,26.619937,24.188063,0.654614,2.080245,0.080692,0.027911,-0.033008,0.010584,-0.177671,-0.107958,-0.458176,0.598498,-0.620994,-0.620994,0.067937,208450.000000,3121958.121100,-0.264065
2021-12-30,25.910000,26.570000,25.900000,26.049999,154700,0.000000,0.000000,25.910000,26.570000,25.900000,26.049999,25.438500,27.443000,31.285700,32.263150,25.590416,26.215908,-0.625492,-0.843499,0.218007,48.945774,25.438500,26.687875,24.189125,0.744722,1.988085,0.076318,0.010473,0.078675,-0.018832,-0.211084,-0.117846,-0.490315,0.582237,-0.617024,-0.617024,0.079122,207880.000000,4029934.845300,-0.300573
2021-12-31,26.240000,26.450001,24.690001,24.840000,99400,0.000000,0.000000,26.240000,26.450001,24.690001,24.840000,25.392500,27.408400,31.164500,32.083750,25.474967,26.113989,-0.639021,-0.802603,0.163582,43.850267,25.392500,26.659654,24.125346,0.281992,1.971793,0.079380,-0.046449,-0.021662,-0.020505,-0.223750,-0.147563,-0.488152,0.583833,-0.634813,-0.634813,0.028998,205605.000000,2469096.000000,-0.297773
2022-01-03,24.790001,25.690001,24.340000,24.680000,152900,0.000000,0.000000,24.790001,25.690001,24.340000,24.680000,25.371500,27.373000,31.028800,31.894400,25.352665,26.007767,-0.655103,-0.773103,0.118000,43.209688,25.371500,26.672533,24.070467,0.234250,1.927379,0.078095,-0.006441,-0.029111,-0.041925,-0.167060,-0.098612,-0.473998,0.581180,-0.637166,-0.637166,0.022370,202755.000000,3773572.000000,-0.277707
2022-01-04,24.969999,25.080000,23.290001,24.219999,144800,0.000000,0.000000,24.969999,25.080000,23.290001,24.219999,25.321000,27.333600,30.876100,31.711200,25.178408,25.875340,-0.696932,-0.757869,0.060937,41.339895,25.321000,26.719886,23.922114,0.106472,1.917566,0.079173,-0.018639,-0.034290,-0.035060,-0.172532,-0.149579,-0.478579,0.578005,-0.643928,-0.643928,0.003314,198515.000000,3507055.855200,-0.254900
2022-01-05,24.450001,24.740000,22.670000,22.740000,168600,0.000000,0.000000,24.450001,24.740000,22.670000,22.740000,25.161000,27.258400,30.711300,31.544850,24.803269,25.643093,-0.839824,-0.774260,-0.065564,35.949802,25.161000,26.941691,23.380309,-0.179792,1.928454,0.084805,-0.061106,-0.117921,-0.098692,-0.259283,-0.216132,-0.524864,0.613520,-0.665687,-0.665687,0.000000,196240.000000,3833964.000000,-0.300537
2022-01-06,22.500000,23.715000,22.270000,23.350000,175000,0.000000,0.000000,22.500000,23.715000,22.270000,23.350000,25.028500,27.204400,30.555900,31.405100,24.579689,25.473234,-0.893545,-0.798117,-0.095428,39.453823,25.028500,26.936172,23.120828,0.060066,1.893922,0.081110,0.026825,-0.103647,-0.099846,-0.188391,-0.216706,-0.505297,0.612662,-0.656719,-0.656719,0.026825,197920.000000,4086250.000000,-0.217519
2022-01-07,23.530001,23.860001,21.309999,21.410000,125300,0.000000,0.000000,23.530001,23.860001,21.309999,21.410000,24.830500,27.112600,30.355700,31.242850,24.092044,25.172254,-1.080209,-0.854535,-0.225674,33.227876,24.830500,27.321709,22.339290,-0.186514,1.940785,0.090649,-0.083084,-0.138084,-0.176538,-0.221738,-0.272511,-0.534160,0.669848,-0.685240,-0.685240,0.000000,198190.000000,2682673.000000,-0.246180
2022-01-10,21.129999,22.020000,20.059999,21.889999,234800,0.000000,0.000000,21.129999,22.020000,20.059999,21.889999,24.670000,27.003600,30.152500,31.098600,23.753268,24.929124,-1.175855,-0.918799,-0.257056,35.922184,24.670000,27.481173,21.858826,0.005544,1.942157,0.088724,0.022419,-0.113047,-0.137170,-0.218772,-0.263954,-0.548567,0.675372,-0.678183,-0.678183,0.022419,205510.000000,5139771.765200,-0.250294
2022-01-11,21.670000,22.924999,21.160000,22.070000,163300,0.000000,0.000000,21.670000,22.924999,21.160000,22.070000,24.498500,26.919000,29.995800,30.968200,23.494304,24.717337,-1.223033,-0.979646,-0.243387,36.949630,24.498500,27.507981,21.489018,0.096525,1.929503,0.087427,0.008223,-0.088770,-0.120717,-0.202673,-0.228322,-0.583349,0.676939,-0.675537,-0.675537,0.030827,207435.000000,3604031.000000,-0.250201
2022-01-12,22.420000,22.740000,21.469999,21.580000,234900,0.000000,0.000000,22.420000,22.740000,21.469999,21.580000,24.329000,26.812600,29.825600,30.835750,23.199796,24.484941,-1.285146,-1.040746,-0.244400,35.290739,24.329000,27.597393,21.060606,0.079457,1.882396,0.087229,-0.022202,-0.051011,-0.153725,-0.228459,-0.261212,-0.596560,0.674811,-0.682740,-0.682740,0.007940,213550.000000,5069142.000000,-0.270784
2022-01-13,21.520000,21.900000,19.719999,19.879999,161700,0.000000,0.000000,21.520000,21.900000,19.719999,19.879999,24.031500,26.654400,29.611300,30.681850,22.689058,24.143835,-1.454777,-1.123552,-0.331225,30.221312,24.031500,27.773491,20.289509,-0.054718,1.903653,0.095757,-0.078777,-0.148608,-0.203845,-0.276301,-0.346053,-0.657537,0.718207,-0.707733,-0.707733,0.000000,208640.000000,3214595.838300,-0.275180
2022-01-14,20.510000,20.510000,18.840000,20.230000,243300,0.000000,0.000000,20.510000,20.510000,18.840000,20.230000,23.836000,26.490000,29.415400,30.549900,22.310741,23.853921,-1.543180,-1.207478,-0.335702,32.375132,23.836000,27.944709,19.727291,0.061176,1.886964,0.093276,0.017606,-0.055114,-0.216802,-0.258159,-0.356757,-0.647745,0.707428,-0.702587,-0.702587,0.017606,211250.000000,4921959.000000,-0.257918
2022-01-18,19.790001,20.270000,18.695000,18.790001,193900,0.000000,0.000000,19.790001,20.270000,18.695000,18.790001,23.519000,26.301800,29.207600,30.418200,21.769089,23.478816,-1.709727,-1.307928,-0.401799,28.480142,23.519000,28.152175,18.885825,-0.010341,1.864681,0.099238,-0.071181,-0.141617,-0.221624,-0.291478,-0.425206,-0.669888,0.713304,-0.723758,-0.723758,0.000000,200070.000000,3643381.193900,-0.257201
2022-01-19,18.889999,19.530001,18.389999,18.480000,142300,0.000000,0.000000,18.889999,19.530001,18.389999,18.480000,23.134500,26.103400,29.001100,30.330750,21.263075,23.108533,-1.845458,-1.415434,-0.430024,27.707328,23.134500,28.105402,18.163597,0.031825,1.812918,0.098102,-0.016498,-0.162664,-0.264624,-0.302642,-0.438298,-0.641374,0.687968,-0.728315,-0.728315,0.000000,185670.000000,2629704.000000,-0.250502
2022-01-20,18.780001,19.382999,17.719999,17.930000,184400,0.000000,0.000000,18.780001,19.382999,17.719999,17.930000,22.698000,25.895600,28.779100,30.253850,20.750294,22.724938,-1.974644,-1.527276,-0.447368,26.341614,22.698000,27.893522,17.502477,0.041143,1.802210,0.100514,-0.029762,-0.169138,-0.314864,-0.325179,-0.457489,-0.662272,0.659881,-0.736401,-0.736401,0.000000,186725.000000,3306292.000000,-0.261187
2022-01-21,17.570000,18.280001,17.514999,17.760000,207500,0.000000,0.000000,17.570000,18.280001,17.514999,17.760000,22.378500,25.662600,28.572000,30.183650,20.290249,22.357165,-2.066916,-1.635204,-0.431712,25.916398,22.378500,27.968959,16.788041,0.086930,1.728123,0.097304,-0.009481,-0.106640,-0.333833,-0.328544,-0.456049,-0.690915,0.647765,-0.738900,-0.738900,0.000000,173505.000000,3685200.000000,-0.233460
2022-01-24,17.570000,18.719999,16.850000,18.540001,236500,0.000000,0.000000,17.570000,18.719999,16.850000,18.540001,22.036000,25.371800,28.362100,30.126650,20.020980,22.074412,-2.053432,-1.718849,-0.334583,31.388986,22.036000,27.688604,16.383396,0.190762,1.738257,0.093757,0.043919,-0.083539,-0.232298,-0.292096,-0.423149,-0.694362,0.620156,-0.727433,-0.727433,0.043919,172290.000000,4384710.236500,-0.210250
2022-01-25,18.100000,18.889999,17.320000,18.190001,137000,0.000000,0.000000,18.100000,18.889999,17.320000,18.190001,21.674500,25.044000,28.147900,30.078400,19.739291,21.786678,-2.047387,-1.784557,-0.262830,30.307122,21.674500,27.340619,16.008381,0.192514,1.726239,0.094900,-0.018878,-0.031932,-0.283576,-0.313585,-0.433333,-0.690699,0.576268,-0.732579,-0.732579,0.024212,172880.000000,2492030.137000,-0.202765
2022-01-26,18.459999,18.459999,16.799999,17.000000,499800,0.000000,0.000000,18.459999,18.459999,16.799999,17.000000,21.270500,24.680400,27.929800,30.021800,19.317862,21.432109,-2.114247,-1.850495,-0.263753,26.910957,21.270500,27.065007,15.475993,0.131504,1.721507,0.101265,-0.065421,-0.080087,-0.331235,-0.347409,-0.514147,-0.700915,0.598307,-0.750073,-0.750073,0.000000,189060.000000,8496600.000000,-0.236250
2022-01-27,17.129999,17.975000,15.800000,16.290001,381200,0.000000,0.000000,17.129999,17.975000,15.800000,16.290001,20.796000,24.303400,27.728600,29.953050,18.852037,21.051212,-2.199175,-1.920231,-0.278944,25.103478,20.796000,26.589903,15.002097,0.111143,1.753900,0.107667,-0.041765,-0.091467,-0.350478,-0.373462,-0.497687,-0.717629,0.603434,-0.760512,-0.760512,0.000000,202065.000000,6209748.381200,-0.249867
2022-01-28,16.290001,16.870001,15.220000,16.639999,334900,0.000000,0.000000,16.290001,16.870001,15.220000,16.639999,20.325500,23.937600,27.540500,29.881750,18.511723,20.724456,-2.212732,-1.978731,-0.234001,27.682069,20.325500,25.844742,14.806258,0.166123,1.746478,0.104957,0.021485,-0.063063,-0.354538,-0.391368,-0.467520,-0.721086,0.597436,-0.755366,-0.755366,0.021485,211075.000000,5572735.665100,-0.282776
2022-01-31,16.379999,17.940001,16.270000,17.809999,409500,0.000000,0.000000,16.379999,17.940001,16.270000,17.809999,19.974000,23.607000,27.354200,29.816950,18.403766,20.508570,-2.104804,-2.003946,-0.100858,35.657003,19.974000,25.168545,14.779455,0.291704,1.741016,0.097755,0.070313,-0.039374,-0.316315,-0.322814,-0.481363,-0.697777,0.667652,-0.738165,-0.738165,0.093309,226580.000000,7293194.590500,-0.241611
2022-02-01,18.030001,19.139999,17.020000,18.600000,326400,0.000000,0.000000,18.030001,19.139999,17.020000,18.600000,19.670000,23.383400,27.158400,29.754450,18.433956,20.367194,-1.933239,-1.989804,0.056566,40.433501,19.670000,24.395380,14.944620,0.386782,1.768086,0.095058,0.044357,0.022540,-0.251208,-0.308550,-0.385530,-0.684853,0.691033,-0.726551,-0.726551,0.141805,235255.000000,6071040.000000,-0.228406
2022-02-02,18.469999,18.469999,16.740000,17.020000,215300,0.000000,0.000000,18.469999,18.469999,16.740000,17.020000,19.310000,23.133000,26.951900,29.679150,18.216424,20.119254,-1.902830,-1.972410,0.069579,34.859759,19.310000,23.657820,14.962180,0.236650,1.774651,0.104269,-0.084946,0.001176,-0.310373,-0.387550,-0.473717,-0.719327,0.734146,-0.749779,-0.749779,0.044813,238780.000000,3664406.000000,-0.308822
2022-02-03,16.730000,17.910000,16.730000,17.250000,203100,0.000000,0.000000,16.730000,17.910000,16.730000,17.250000,19.035500,22.922000,26.735400,29.596050,18.067743,19.906717,-1.838973,-1.945722,0.106749,36.237682,19.035500,23.158950,14.912050,0.283494,1.732176,0.100416,0.013514,0.058932,-0.287779,-0.393673,-0.538523,-0.723646,0.741381,-0.746398,-0.746398,0.058932,240505.000000,3503475.000000,-0.271436
2022-02-04,17.379999,17.930000,17.090000,17.490000,160000,0.000000,0.000000,17.379999,17.930000,17.090000,17.490000,18.742500,22.701400,26.504100,29.507800,17.978860,19.727701,-1.748841,-1.906346,0.157505,37.718171,18.742500,22.379160,15.105840,0.327795,1.668449,0.095394,0.013913,0.051082,-0.230871,-0.379787,-0.514032,-0.729508,0.727988,-0.742870,-0.742870,0.073665,239755.000000,2798400.000000,-0.264212
2022-02-07,17.490000,18.190001,17.135000,18.020000,189700,0.000000,0.000000,17.490000,18.190001,17.135000,18.020000,18.573000,22.517200,26.283900,29.425600,17.985189,19.601204,-1.616015,-1.848280,0.232265,40.977356,18.573000,21.995895,15.150105,0.419220,1.624632,0.090157,0.030303,0.011791,-0.228266,-0.365493,-0.506301,-0.703765,0.730385,-0.735078,-0.735078,0.106200,242975.000000,3418394.000000,-0.243031
2022-02-08,17.780001,18.809999,17.530001,18.660000,123000,0.000000,0.000000,17.780001,18.809999,17.530001,18.660000,18.411500,22.351000,26.078300,29.338700,18.089006,19.531485,-1.442479,-1.767120,0.324640,44.738006,18.411500,21.459725,15.363275,0.540761,1.600015,0.085746,0.035516,0.003226,-0.128445,-0.341102,-0.495130,-0.684584,0.698226,-0.725669,-0.725669,0.145488,237385.000000,2295180.000000,-0.229234
2022-02-09,18.889999,20.879999,18.610001,20.510000,241100,0.000000,0.000000,18.889999,20.879999,18.610001,20.510000,18.333500,22.251000,25.878400,29.264100,18.461467,19.603968,-1.142501,-1.642196,0.499695,53.884729,18.333500,21.049257,15.617743,0.900717,1.647871,0.080345,0.099143,0.205053,-0.063042,-0.302618,-0.463791,-0.626548,0.782500,-0.698471,-0.698471,0.259055,241275.000000,4944961.000000,-0.214734
2022-02-10,19.910000,21.170000,18.815001,19.370001,193100,0.000000,0.000000,19.910000,21.170000,18.815001,19.370001,18.223000,22.107400,25.731200,29.181300,18.601241,19.586637,-0.985396,-1.510836,0.525440,48.551845,18.223000,20.531940,15.914060,0.748383,1.698380,0.087681,-0.055583,0.122899,-0.122338,-0.414450,-0.509496,-0.640030,0.803012,-0.715231,-0.715231,0.189073,239185.000000,3740347.193100,-0.322464
2022-02-11,19.370001,20.000000,18.655001,19.100000,253800,0.000000,0.000000,19.370001,20.000000,18.655001,19.100000,18.184000,21.982200,25.579800,29.101750,18.677973,19.550590,-0.872617,-1.383192,0.510576,47.356424,18.184000,20.399557,15.968443,0.706720,1.673139,0.087599,-0.013939,0.092053,-0.114921,-0.447658,-0.513004,-0.649155,0.801286,-0.719200,-0.719200,0.172498,243790.000000,4847580.000000,-0.325835
2022-02-14,18.799999,19.240000,17.889999,18.080000,297100,0.000000,0.000000,18.799999,19.240000,17.889999,18.080000,18.076500,21.828600,25.450000,29.030400,18.585977,19.441657,-0.855680,-1.277690,0.422010,43.044670,18.076500,20.071750,16.081250,0.500877,1.650057,0.091264,-0.053403,0.003330,-0.090543,-0.486072,-0.535099,-0.656012,0.776108,-0.734196,-0.734196,0.109883,246480.000000,5371568.000000,-0.355560
2022-02-15,18.410000,18.733000,18.040001,18.379999,128000,0.000000,0.000000,18.410000,18.733000,18.040001,18.379999,18.056000,21.694200,25.300200,28.959800,18.554288,19.363016,-0.808728,-1.183897,0.375170,44.641160,18.056000,20.028681,16.083319,0.582121,1.581696,0.086055,0.016593,-0.015005,-0.091448,-0.476949,-0.556360,-0.645311,0.775770,-0.729785,-0.729785,0.128299,243185.000000,2352639.872000,-0.368831
2022-02-16,18.280001,18.280001,17.410000,17.879999,133100,0.000000,0.000000,18.280001,18.280001,17.410000,17.879999,18.026000,21.547200,25.149900,28.900400,18.450552,19.253163,-0.802611,-1.107640,0.305029,42.502783,18.026000,19.989760,16.062240,0.462826,1.538003,0.086018,-0.027203,-0.128230,-0.048430,-0.488119,-0.576404,-0.642185,0.741574,-0.737136,-0.737136,0.097606,242725.000000,2379827.866900,-0.372319
2022-02-17,17.600000,18.000000,16.070000,16.480000,171700,0.000000,0.000000,17.600000,18.000000,16.070000,16.480000,17.953500,21.358000,24.988400,28.836450,18.147390,19.047743,-0.900354,-1.066183,0.165829,37.138458,17.953500,20.035678,15.871322,0.146164,1.566003,0.095024,-0.078300,-0.149200,-0.108225,-0.520093,-0.563328,-0.681792,0.787017,-0.757718,-0.757718,0.011664,242090.000000,2829616.000000,-0.381611
2022-02-18,16.490000,17.180000,16.240000,16.830000,205800,0.000000,0.000000,16.490000,17.180000,16.240000,16.830000,17.907000,21.174600,24.838200,28.772650,17.944714,18.883466,-0.938752,-1.040697,0.101945,39.204293,17.907000,20.048078,15.765922,0.248491,1.521289,0.090391,0.021238,-0.118848,-0.061350,-0.434856,-0.563990,-0.657230,0.786030,-0.752573,-0.752573,0.033149,242005.000000,3463614.000000,-0.281943
2022-02-22,16.620001,17.139999,15.970000,16.719999,130600,0.000000,0.000000,16.620001,17.139999,15.970000,16.719999,17.816000,21.001600,24.691900,28.702850,17.756297,18.723209,-0.966913,-1.025940,0.059027,38.773019,17.816000,19.998113,15.633887,0.248867,1.496196,0.089485,-0.006536,-0.075221,-0.058559,-0.433988,-0.595255,-0.661333,0.785735,-0.754190,-0.754190,0.026396,236710.000000,2183631.869400,-0.267341
2022-02-23,16.980000,17.059999,16.190001,16.219999,184900,0.000000,0.000000,16.980000,17.059999,16.190001,16.219999,17.717500,20.824000,24.523900,28.642500,17.519943,18.537786,-1.017843,-1.024320,0.006477,36.791815,17.717500,20.003889,15.431111,0.172518,1.451468,0.089486,-0.029904,-0.117519,-0.125135,-0.416547,-0.592667,-0.683821,0.773248,-0.761541,-0.761541,0.000000,239105.000000,2999077.815100,-0.238854
2022-02-24,15.740000,16.400000,15.590000,16.400000,359100,0.000000,0.000000,15.740000,16.400000,15.590000,16.400000,17.687500,20.642000,24.367900,28.575400,17.347644,18.379432,-1.031788,-1.025814,-0.005974,38.019659,17.687500,20.028619,15.346381,0.225025,1.405649,0.085710,0.011097,-0.082774,-0.098406,-0.424965,-0.585545,-0.676592,0.773546,-0.758894,-0.758894,0.011097,232070.000000,5889240.000000,-0.279068
2022-02-25,16.469999,17.190001,16.299999,17.170000,264500,0.000000,0.000000,16.469999,17.190001,16.299999,17.170000,17.731500,20.486000,24.243300,28.518250,17.320314,18.289844,-0.969530,-1.014557,0.045027,43.110638,17.731500,19.993779,15.469220,0.375900,1.368817,0.079721,0.046951,0.041869,0.010000,-0.369445,-0.561206,-0.682625,0.758532,-0.747574,-0.747574,0.058570,226235.000000,4541465.000000,-0.233719
2022-02-28,16.830000,17.510000,16.795000,17.400000,222300,0.000000,0.000000,16.830000,17.510000,16.795000,17.400000,17.769500,20.317400,24.124600,28.463000,17.332574,18.223930,-0.891356,-0.989917,0.098561,44.575087,17.769500,19.979511,15.559489,0.416403,1.322116,0.075984,0.013395,0.033868,0.068140,-0.354839,-0.566409,-0.693662,0.742734,-0.744193,-0.744193,0.072750,220605.000000,3868020.000000,-0.242503
2022-03-01,17.290001,17.695000,16.670000,16.920000,202800,0.000000,0.000000,17.290001,17.695000,16.670000,16.920000,17.725000,20.173000,23.986800,28.408000,17.269101,18.127342,-0.858242,-0.963582,0.105340,42.137235,17.725000,19.967184,15.482815,0.320488,1.300893,0.076885,-0.027586,0.011962,0.016827,-0.336731,-0.560177,-0.682849,0.747772,-0.751250,-0.751250,0.043157,210270.000000,3431376.000000,-0.194147
2022-03-02,17.059999,17.559999,16.530001,17.110001,150500,0.000000,0.000000,17.059999,17.559999,16.530001,17.110001,17.650500,20.012600,23.870200,28.351500,17.244624,18.051984,-0.807360,-0.932337,0.124978,43.455506,17.650500,19.869162,15.431837,0.378193,1.281544,0.074900,0.011229,0.054871,-0.039304,-0.355555,-0.567164,-0.667638,0.706488,-0.748456,-0.748456,0.054871,201475.000000,2575055.150500,-0.240630
2022-03-03,17.100000,17.100000,15.835000,15.910000,108100,0.000000,0.000000,17.100000,17.100000,15.835000,15.910000,17.595000,19.807400,23.754200,28.287850,17.039297,17.893318,-0.854021,-0.916674,0.062653,37.625161,17.595000,19.932426,15.257574,0.139561,1.281076,0.080520,-0.070134,-0.029878,-0.144624,-0.372634,-0.598334,-0.685573,0.725037,-0.766098,-0.766098,0.000000,196115.000000,1719871.000000,-0.260132
2022-03-04,15.640000,16.049999,15.180000,15.280000,107200,0.000000,0.000000,15.640000,16.049999,15.180000,15.280000,17.496500,19.579800,23.626800,28.226800,16.768636,17.699739,-0.931103,-0.919560,-0.011543,34.972284,17.496500,20.051085,14.941914,0.066172,1.251714,0.081918,-0.039598,-0.110076,-0.102233,-0.406832,-0.606287,-0.714553,0.678681,-0.775360,-0.775360,0.000000,191320.000000,1638016.000000,-0.272391
2022-03-07,15.500000,16.325001,15.085000,15.840000,159100,0.000000,0.000000,15.500000,16.325001,15.085000,15.840000,17.414000,19.413600,23.508400,28.169750,16.625769,17.561981,-0.936212,-0.922890,-0.013321,39.083815,17.414000,20.073873,14.754127,0.204121,1.250877,0.078970,0.036649,-0.089655,-0.081739,-0.368924,-0.564955,-0.702088,0.690933,-0.767127,-0.767127,0.036649,191275.000000,2520144.000000,-0.219475
2022-03-08,15.740000,15.990000,14.300000,14.500000,319800,0.000000,0.000000,15.740000,15.990000,14.300000,14.500000,17.238000,19.195800,23.373700,28.110550,16.298728,17.335167,-1.036440,-0.945600,-0.090840,33.607995,17.238000,20.179912,14.296088,0.034656,1.282243,0.088431,-0.084596,-0.143026,-0.170955,-0.425287,-0.590973,-0.747211,0.742616,-0.786827,-0.786827,0.000000,197780.000000,4637100.000000,-0.265709
2022-03-09,15.010000,15.710000,14.080000,15.150000,648200,0.000000,0.000000,15.010000,15.710000,14.080000,15.150000,17.062500,18.990400,23.250500,28.052500,16.122000,17.173303,-1.051303,-0.966741,-0.084562,38.135772,17.062500,20.065382,14.059618,0.181556,1.307083,0.086276,0.044828,-0.114553,-0.159267,-0.415960,-0.584248,-0.756078,0.753639,-0.777271,-0.777271,0.044828,224040.000000,9820230.000000,-0.260966
2022-03-10,14.790000,15.340000,14.395000,14.630000,218600,0.000000,0.000000,14.790000,15.340000,14.395000,14.630000,16.768500,18.781400,23.124100,27.993050,15.892462,16.984910,-1.092449,-0.991882,-0.100566,36.019454,16.768500,19.488223,14.048776,0.106853,1.281220,0.087575,-0.034323,-0.080453,-0.215970,-0.437308,-0.616815,-0.765432,0.742571,-0.784916,-0.784916,0.008966,222915.000000,3198118.000000,-0.269003
2022-03-11,14.640000,14.785000,13.730000,13.830000,125800,0.000000,0.000000,14.640000,14.785000,13.730000,13.830000,16.491500,18.542400,22.997200,27.924650,15.575160,16.751213,-1.176053,-1.028717,-0.147337,32.986562,16.491500,19.224058,13.758942,0.013002,1.265061,0.091472,-0.054682,-0.094895,-0.325695,-0.454868,-0.632864,-0.785781,0.640653,-0.796677,-0.796677,0.000000,219550.000000,1739814.000000,-0.282573
2022-03-14,14.040000,14.100000,12.280000,12.430000,362000,0.000000,0.000000,14.040000,14.100000,12.280000,12.430000,16.158000,18.270000,22.856500,27.852900,15.091289,16.431123,-1.339834,-1.090940,-0.248894,28.468905,16.158000,19.164474,13.151526,-0.119995,1.304700,0.104964,-0.101229,-0.215278,-0.358286,-0.504781,-0.680463,-0.817260,0.692026,-0.817260,-0.812829,0.000000,224960.000000,4499660.000000,-0.309690
2022-03-15,12.580000,12.740000,11.860000,12.050000,305800,0.000000,0.000000,12.580000,12.740000,11.860000,12.050000,15.856500,18.014200,22.711300,27.778800,14.623399,16.106596,-1.483197,-1.169391,-0.313806,27.373083,15.856500,19.237507,12.475493,-0.062924,1.274364,0.105756,-0.030571,-0.168966,-0.369110,-0.527451,-0.703348,-0.818551,0.692597,-0.822846,-0.814872,0.000000,225395.000000,3684890.000000,-0.367546
2022-03-16,12.140000,12.320000,11.350000,11.890000,388400,0.000000,0.000000,12.140000,12.320000,11.350000,11.890000,15.532000,17.758400,22.565700,27.702150,14.202876,15.794255,-1.591380,-1.253789,-0.337591,26.903514,15.532000,19.131921,11.932078,-0.005844,1.252624,0.105351,-0.013278,-0.215182,-0.342367,-0.523829,-0.703047,-0.817330,0.682649,-0.825198,-0.809912,0.000000,238415.000000,4618076.000000,-0.405629
2022-03-17,12.040000,12.280000,11.740000,12.070000,710400,0.000000,0.000000,12.040000,12.280000,11.740000,12.070000,15.241500,17.515400,22.424500,27.626300,13.874741,15.518385,-1.643644,-1.331760,-0.311884,28.391764,15.241500,18.978706,11.504294,0.075686,1.201722,0.099563,0.015139,-0.174983,-0.343308,-0.532714,-0.692249,-0.801219,0.681715,-0.822552,-0.807034,0.015139,267280.000000,8574528.000000,-0.407386
2022-03-18,11.970000,12.785000,11.650000,12.510000,1196700,0.000000,0.000000,11.970000,12.785000,11.650000,12.510000,15.043000,17.310800,22.284600,27.553250,13.664781,15.295541,-1.630760,-1.391560,-0.239200,32.034541,15.043000,18.922257,11.163743,0.173520,1.196956,0.095680,0.036454,-0.095445,-0.300336,-0.481773,-0.691111,-0.800000,0.707165,-0.816083,-0.794446,0.052145,318530.000000,14970717.000000,-0.397020
2022-03-21,12.380000,12.510000,11.955000,12.100000,540200,0.000000,0.000000,12.380000,12.510000,11.955000,12.100000,14.806500,17.085800,22.145100,27.480450,13.424045,15.058834,-1.634789,-1.440206,-0.194583,30.478643,14.806500,18.802030,10.810969,0.161309,1.151102,0.095132,-0.032774,-0.026549,-0.265777,-0.518504,-0.645057,-0.801183,0.673318,-0.822111,-0.783967,0.017662,335250.000000,6536420.000000,-0.430748
2022-03-22,12.220000,13.260000,12.060000,12.990000,484400,0.000000,0.000000,12.220000,13.260000,12.060000,12.990000,14.620000,16.917400,22.015000,27.402900,13.357269,14.905587,-1.548318,-1.461828,-0.086490,37.567323,14.620000,18.587574,10.652426,0.294585,1.154595,0.088883,0.073554,0.078008,-0.228164,-0.503630,-0.620619,-0.768077,0.729585,-0.809027,-0.758819,0.092515,352940.000000,6292356.000000,-0.445415
2022-03-23,13.580000,14.780000,13.010000,14.190000,532600,0.000000,0.000000,13.580000,14.780000,13.010000,14.190000,14.518500,16.763400,21.883500,27.333250,13.485382,14.852581,-1.367199,-1.442903,0.075703,45.618739,14.518500,18.416993,10.620007,0.457868,1.199981,0.084565,0.092379,0.193440,-0.151316,-0.467742,-0.543142,-0.723392,0.813274,-0.791385,-0.736539,0.193440,370325.000000,7557594.000000,-0.375278
2022-03-24,14.150000,15.780000,13.500000,15.570000,432900,0.000000,0.000000,14.150000,15.780000,13.500000,15.570000,14.477000,16.633400,21.776200,27.268600,13.806092,14.905723,-1.099631,-1.374248,0.274617,53.108040,14.477000,18.308252,10.645748,0.642643,1.277125,0.082025,0.097252,0.289975,-0.040074,-0.355280,-0.533273,-0.710917,0.883470,-0.771097,-0.693142,0.309504,374015.000000,6740253.000000,-0.269591
2022-03-25,15.430000,15.430000,14.240000,14.270000,213200,0.000000,0.000000,15.430000,15.430000,14.240000,14.270000,14.332000,16.487200,21.649900,27.191500,13.877463,14.858633,-0.981170,-1.295633,0.314463,46.597677,14.332000,17.947549,10.716451,0.491426,1.280902,0.089762,-0.083494,0.140687,-0.129878,-0.437968,-0.566393,-0.718762,0.927534,-0.790209,-0.718318,0.200168,371450.000000,3042364.000000,-0.343159
2022-03-28,14.210000,14.530000,13.220000,13.400000,187600,0.000000,0.000000,14.210000,14.530000,13.220000,13.400000,14.132000,16.357600,21.506000,27.100300,13.804007,14.750586,-0.946579,-1.225822,0.279243,42.814982,14.132000,17.464422,10.799578,0.390170,1.282980,0.095745,-0.060967,0.107438,-0.219569,-0.472856,-0.589335,-0.721703,0.926750,-0.802999,-0.735492,0.126997,369715.000000,2513840.000000,-0.377315
2022-03-29,13.400000,13.900000,13.210000,13.710000,199500,0.000000,0.000000,13.400000,13.900000,13.210000,13.710000,13.971500,16.227200,21.358600,27.008500,13.789544,14.673505,-0.883961,-1.157450,0.273489,44.542507,13.971500,17.037060,10.905941,0.457349,1.240625,0.090490,0.023134,0.055427,-0.212069,-0.453349,-0.569545,-0.714791,0.930469,-0.798442,-0.729372,0.153070,369550.000000,2735145.000000,-0.379715
2022-03-30,13.580000,13.860000,12.820000,12.920000,160500,0.000000,0.000000,13.580000,13.860000,12.820000,12.920000,13.762000,16.109800,21.205800,26.921450,13.655768,14.543616,-0.887848,-1.103529,0.215682,41.132341,13.762000,16.477124,11.046876,0.344943,1.226294,0.094914,-0.057622,-0.089500,-0.236407,-0.498836,-0.587879,-0.744966,0.943491,-0.810056,-0.722866,0.086627,370050.000000,2073660.000000,-0.414862
2022-03-31,12.900000,13.580000,12.760000,12.890000,165600,0.000000,0.000000,12.900000,13.580000,12.760000,12.890000,13.611000,15.998000,21.050700,26.829100,13.537958,14.421126,-0.883168,-1.059457,0.176289,41.003958,13.611000,16.153563,11.068437,0.358214,1.197273,0.092884,-0.002322,-0.172126,-0.246639,-0.505182,-0.609631,-0.723509,0.940618,-0.810497,-0.714381,0.084104,372925.000000,2134584.000000,-0.408557
2022-04-01,13.080000,13.710000,12.870000,13.410000,254200,0.000000,0.000000,13.080000,13.710000,12.870000,13.410000,13.517500,15.907600,20.901600,26.741950,13.518272,14.346228,-0.827956,-1.013157,0.185201,44.251976,13.517500,15.936154,11.098846,0.477777,1.171754,0.087379,0.040341,-0.060266,-0.157134,-0.460145,-0.580937,-0.702858,0.931990,-0.802852,-0.682303,0.127839,380275.000000,3408822.000000,-0.371716
2022-04-04,13.420000,14.000000,13.380000,13.760000,467200,0.000000,0.000000,13.420000,14.000000,13.380000,13.760000,13.413500,15.827600,20.745100,26.655750,13.555461,14.302803,-0.747343,-0.959994,0.212651,46.391317,13.413500,15.577096,11.249904,0.580075,1.132343,0.082292,0.026100,0.026866,-0.099476,-0.442464,-0.535606,-0.617459,0.930346,-0.797707,-0.674011,0.157275,395680.000000,6428672.000000,-0.360340
2022-04-05,13.760000,15.320000,13.550000,13.590000,770300,0.000000,0.000000,13.760000,15.320000,13.550000,13.590000,13.368000,15.728600,20.550200,26.565950,13.560775,14.250003,-0.689229,-0.905841,0.216612,45.478421,13.368000,15.472868,11.263132,0.552735,1.177890,0.086673,-0.012355,-0.008753,-0.142045,-0.438893,-0.535702,-0.592014,0.919230,-0.800206,-0.678038,0.142977,418205.000000,10468377.000000,-0.348093
2022-04-06,13.300000,14.050000,13.000000,13.960000,438300,0.000000,0.000000,13.300000,14.050000,13.000000,13.960000,13.308500,15.644000,20.344000,26.485850,13.622194,14.228521,-0.606328,-0.845938,0.239611,47.882273,13.308500,15.263190,11.353810,0.666650,1.168755,0.083722,0.027226,0.080495,-0.037241,-0.386104,-0.545277,-0.561006,0.878989,-0.794766,-0.669273,0.174096,407710.000000,6118668.000000,-0.305883
2022-04-07,13.990000,14.300000,13.200000,13.350000,332300,0.000000,0.000000,13.990000,14.300000,13.200000,13.350000,13.244500,15.571000,20.125700,26.408800,13.580318,14.163446,-0.583128,-0.793376,0.210248,44.406149,13.244500,15.098219,11.390781,0.528456,1.163844,0.087179,-0.043696,0.035687,-0.118812,-0.428266,-0.535975,-0.554108,0.875153,-0.803734,-0.683724,0.122792,413395.000000,4436205.000000,-0.349785
2022-04-08,13.330000,13.420000,12.460000,12.620000,233300,0.000000,0.000000,13.330000,13.420000,12.460000,12.620000,13.184000,15.497600,19.900500,26.324750,13.432577,14.049116,-0.616540,-0.758009,0.141469,40.606898,13.184000,15.036241,11.331759,0.347752,1.149283,0.091068,-0.054682,-0.058911,-0.137389,-0.410556,-0.541258,-0.546695,0.886643,-0.814466,-0.701019,0.061396,418770.000000,2944246.000000,-0.328545
2022-04-11,12.350000,12.760000,11.180000,11.200000,480100,0.000000,0.000000,12.350000,12.760000,11.180000,11.200000,13.122500,15.388800,19.663200,26.229650,13.089103,13.838071,-0.748967,-0.756201,0.007233,34.435164,13.122500,15.153231,11.091769,0.026648,1.180049,0.105362,-0.112520,-0.186047,-0.190166,-0.488351,-0.600286,-0.604520,0.947587,-0.835343,-0.734660,0.000000,424675.000000,5377120.000000,-0.385902
2022-04-12,11.490000,11.490000,10.170000,10.300000,515000,0.000000,0.000000,11.490000,11.490000,10.170000,10.300000,13.035000,15.238600,19.422800,26.127100,12.660011,13.575991,-0.915981,-0.788157,-0.127824,31.198619,13.035000,15.385879,10.684121,-0.081697,1.190045,0.115538,-0.080357,-0.242090,-0.171360,-0.533303,-0.627890,-0.657124,0.924262,-0.848574,-0.755982,0.000000,435135.000000,5304500.000000,-0.415714
2022-04-13,10.280000,10.880000,10.000000,10.590000,501800,0.000000,0.000000,10.280000,10.880000,10.000000,10.590000,12.970000,15.078400,19.230900,26.037550,12.341547,13.354807,-1.013260,-0.833177,-0.180082,33.371712,12.970000,15.517816,10.422184,0.032933,1.167899,0.110283,0.028155,-0.241404,-0.121162,-0.509268,-0.621380,-0.657282,0.928003,-0.844310,-0.749112,0.028155,440805.000000,5314062.000000,-0.407559
2022-04-14,10.640000,10.770000,9.500000,9.900000,353300,0.000000,0.000000,10.640000,10.770000,9.500000,9.900000,12.861500,14.936000,19.034500,25.942550,11.965925,13.098895,-1.132971,-0.893136,-0.239835,30.873109,12.861500,15.734732,9.988268,-0.015360,1.175192,0.118706,-0.065156,-0.258427,-0.167368,-0.502012,-0.639607,-0.678258,0.951300,-0.854455,-0.765458,0.000000,422950.000000,3497670.000000,-0.403697
2022-04-18,9.930000,10.550000,9.750000,10.080000,406900,0.000000,0.000000,9.930000,10.550000,9.750000,10.080000,12.740000,14.792600,18.857300,25.845300,11.675782,12.875273,-1.199491,-0.954407,-0.245084,32.297186,12.740000,15.869870,9.610130,0.075062,1.148393,0.113928,0.018182,-0.201268,-0.164872,-0.501730,-0.630363,-0.675884,0.952249,-0.851808,-0.761194,0.018182,383460.000000,4101552.000000,-0.396895
2022-04-19,10.150000,10.580000,9.910000,10.440000,566500,0.000000,0.000000,10.150000,10.580000,9.910000,10.440000,12.657000,14.651600,18.676500,25.751800,11.485662,12.694883,-1.209221,-1.005370,-0.203851,35.173611,12.657000,15.942503,9.371497,0.162609,1.114222,0.106726,0.035714,-0.067857,-0.165468,-0.444385,-0.606335,-0.674564,0.951828,-0.846516,-0.752665,0.054545,384775.000000,5914260.000000,-0.383225
2022-04-20,10.270000,10.530000,9.610000,9.700000,665300,0.000000,0.000000,10.270000,10.530000,9.610000,9.700000,12.492500,14.485200,18.501200,25.663400,11.210945,12.473040,-1.262095,-1.056715,-0.205380,32.149903,12.492500,16.027759,8.957241,0.105050,1.100349,0.113438,-0.070881,-0.058252,-0.198347,-0.475108,-0.633962,-0.713611,0.973805,-0.857395,-0.770197,0.000000,393820.000000,6453410.000000,-0.413241
2022-04-21,9.860000,9.940000,8.910000,8.970000,490100,0.000000,0.000000,9.860000,9.940000,8.910000,8.970000,12.231500,14.291400,18.321200,25.565850,10.866184,12.213555,-1.347371,-1.114846,-0.232525,29.459461,12.231500,16.002019,8.460981,0.067500,1.095324,0.122110,-0.075258,-0.152975,-0.309469,-0.499721,-0.662401,-0.744735,0.951683,-0.868127,-0.787491,0.000000,391695.000000,4396197.000000,-0.430527
2022-04-22,9.020000,9.210000,8.620000,8.880000,418800,0.000000,0.000000,9.020000,9.210000,8.620000,8.880000,11.897000,14.058800,18.154900,25.465200,10.560617,11.966625,-1.406008,-1.173078,-0.232930,29.135738,11.897000,15.606987,8.187013,0.093395,1.059229,0.119283,-0.010033,-0.103030,-0.374207,-0.500000,-0.664272,-0.742310,0.867464,-0.869450,-0.789623,0.000000,390990.000000,3718944.000000,-0.432483
2022-04-25,8.820000,9.200000,8.805000,8.910000,350700,0.000000,0.000000,8.820000,9.200000,8.805000,8.910000,11.629000,13.849600,17.978500,25.360700,10.306676,11.740209,-1.433532,-1.225169,-0.208363,29.414177,11.629000,15.391238,7.866762,0.138646,1.011784,0.113556,0.003378,-0.116071,-0.427746,-0.519418,-0.659794,-0.752775,0.761168,-0.869009,-0.788913,0.003378,397865.000000,3124737.000000,-0.458048
2022-04-26,8.760000,9.000000,7.980000,8.030000,523700,0.000000,0.000000,8.760000,9.000000,7.980000,8.030000,11.360500,13.628200,17.805200,25.253700,9.956418,11.465378,-1.508960,-1.281927,-0.227033,26.166353,11.360500,15.350173,7.370827,0.082610,1.012371,0.126074,-0.098765,-0.230843,-0.437281,-0.558549,-0.696981,-0.773356,0.777591,-0.881946,-0.809761,0.000000,414670.000000,4205311.000000,-0.481104
2022-04-27,8.040000,8.175000,7.590000,7.620000,319200,0.000000,0.000000,8.040000,8.175000,7.590000,7.620000,11.056000,13.419000,17.623800,25.143100,9.596969,11.180535,-1.583566,-1.342255,-0.241311,24.792795,11.056000,15.216589,6.895411,0.087078,0.981845,0.128851,-0.051059,-0.214433,-0.431343,-0.551765,-0.707486,-0.787921,0.772692,-0.887974,-0.819474,0.000000,420655.000000,2432304.000000,-0.473993
2022-04-28,7.820000,7.820000,7.150000,7.590000,328700,0.000000,0.000000,7.820000,7.820000,7.150000,7.590000,10.789500,13.203200,17.448700,25.038050,9.288205,10.914570,-1.626365,-1.399077,-0.227288,24.690664,10.789500,15.126443,6.452557,0.131134,0.959570,0.126426,-0.003937,-0.153846,-0.446389,-0.534070,-0.708077,-0.783205,0.756813,-0.888415,-0.820185,0.000000,429065.000000,2494833.000000,-0.498029
2022-04-29,7.510000,7.810000,7.020000,7.070000,458700,0.000000,0.000000,7.510000,7.810000,7.020000,7.070000,10.498500,12.987000,17.267100,24.927350,8.946943,10.629787,-1.682844,-1.455831,-0.227014,22.927635,10.498500,15.019144,5.977856,0.120795,0.947458,0.134011,-0.068511,-0.203829,-0.452786,-0.575120,-0.741405,-0.781453,0.763341,-0.896060,-0.832504,0.000000,443720.000000,3243009.000000,-0.470845
2022-05-02,7.110000,7.690000,7.060000,7.640000,563200,0.000000,0.000000,7.110000,7.690000,7.060000,7.640000,10.210000,12.810200,17.084100,24.813550,8.745874,10.408321,-1.662447,-1.497154,-0.165293,28.919134,10.210000,14.684527,5.735473,0.212819,0.924782,0.121045,0.080622,-0.142536,-0.407292,-0.571027,-0.709506,-0.764923,0.846859,-0.887680,-0.819000,0.080622,459170.000000,4302848.000000,-0.451373
2022-05-03,7.740000,7.740000,7.030000,7.290000,289700,0.000000,0.000000,7.740000,7.740000,7.030000,7.290000,9.886500,12.619400,16.897000,24.692750,8.521894,10.177334,-1.655441,-1.528811,-0.126630,27.505199,9.886500,14.213465,5.559535,0.199963,0.909441,0.124752,-0.045812,-0.092154,-0.456376,-0.608065,-0.728996,-0.755040,0.817470,-0.892826,-0.827292,0.031117,450295.000000,2111913.000000,-0.483832
2022-05-04,7.250000,7.290000,6.470000,6.990000,676000,0.000000,0.000000,7.250000,7.290000,6.470000,6.990000,9.556500,12.424800,16.713200,24.564250,8.286218,9.941236,-1.655018,-1.554052,-0.100965,26.317447,9.556500,13.696885,5.416115,0.190065,0.903052,0.129192,-0.041152,-0.082677,-0.492006,-0.589307,-0.748471,-0.761189,0.794986,-0.897236,-0.834399,0.000000,445580.000000,4725240.000000,-0.488548
2022-05-05,6.820000,7.180000,6.440000,6.610000,531000,0.000000,0.000000,6.820000,7.180000,6.440000,6.610000,9.189000,12.232600,16.528300,24.432800,8.028338,9.694477,-1.666139,-1.576470,-0.089669,24.853435,9.189000,12.973127,5.404873,0.159234,0.891406,0.134857,-0.054363,-0.129117,-0.513613,-0.616812,-0.767663,-0.776614,0.796211,-0.902823,-0.843402,0.000000,450215.000000,3509910.000000,-0.504329
2022-05-06,6.480000,6.670000,5.980000,6.220000,851400,0.000000,0.000000,6.480000,6.670000,5.980000,6.220000,8.832500,12.029000,16.335500,24.298650,7.750132,9.437109,-1.686976,-1.598571,-0.088405,23.413844,8.832500,12.295914,5.369086,0.122843,0.877019,0.141000,-0.059002,-0.120226,-0.554441,-0.644368,-0.779433,-0.797262,0.770293,-0.908556,-0.852642,0.000000,476170.000000,5295708.000000,-0.505813
2022-05-09,6.130000,6.190000,5.450000,5.810000,1514800,0.000000,0.000000,6.130000,6.190000,5.450000,5.810000,8.492000,11.801800,16.143900,24.164450,7.451650,9.168434,-1.716784,-1.622214,-0.094570,21.972910,8.492000,11.718499,5.265501,0.084379,0.869375,0.149634,-0.065916,-0.239529,-0.564794,-0.677580,-0.795423,-0.794627,0.776682,-0.914584,-0.862355,0.000000,540245.000000,8800988.000000,-0.506884
2022-05-10,6.170000,6.790000,6.010000,6.120000,509400,0.000000,0.000000,6.170000,6.790000,6.010000,6.120000,8.238000,11.576200,15.946800,24.034350,7.246781,8.942624,-1.695843,-1.636940,-0.058903,25.696348,8.238000,11.365189,5.110811,0.161357,0.877277,0.143346,0.053356,-0.160494,-0.515055,-0.672026,-0.783898,-0.794769,0.834879,-0.910026,-0.855011,0.053356,541710.000000,3117528.000000,-0.498945
2022-05-11,6.010000,6.175000,5.700000,5.790000,1038700,0.000000,0.000000,6.010000,6.175000,5.700000,5.790000,8.012500,11.353600,15.763300,23.902800,7.022661,8.709096,-1.686435,-1.646839,-0.039597,24.363516,8.012500,11.163960,4.861040,0.147386,0.848543,0.146553,-0.053922,-0.171674,-0.483036,-0.717699,-0.803128,-0.797552,0.787478,-0.914878,-0.862829,0.000000,567895.000000,6014073.000000,-0.501960
2022-05-12,5.680000,6.590000,5.680000,6.210000,564600,0.000000,0.000000,5.680000,6.590000,5.680000,6.210000,7.793500,11.135600,15.574100,23.758900,6.897636,8.523978,-1.626342,-1.642739,0.016397,29.383803,7.793500,10.796020,4.790980,0.236305,0.852933,0.137348,0.072539,-0.060514,-0.397087,-0.679401,-0.812273,-0.781722,0.840032,-0.908703,-0.852878,0.072539,571035.000000,3506166.000000,-0.480984
2022-05-13,6.480000,6.900000,5.505000,5.580000,801700,0.000000,0.000000,6.480000,6.900000,5.505000,5.580000,7.577500,10.929000,15.368200,23.624650,6.694923,8.305906,-1.610983,-1.636388,0.025405,26.538375,7.577500,10.563466,4.591534,0.165519,0.891652,0.159794,-0.101449,-0.102894,-0.473088,-0.707853,-0.838635,-0.800143,0.861328,-0.917965,-0.867804,0.000000,593455.000000,4473486.000000,-0.563837
2022-05-16,5.510000,5.740000,5.115000,5.210000,569400,0.000000,0.000000,5.510000,5.740000,5.115000,5.210000,7.334000,10.727600,15.153700,23.494450,6.466473,8.076579,-1.610106,-1.631132,0.021026,25.006783,7.334000,10.254262,4.413738,0.136334,0.872605,0.167487,-0.066308,-0.103270,-0.473737,-0.711836,-0.851904,-0.816614,0.861952,-0.923405,-0.876570,0.000000,601580.000000,2966574.000000,-0.557522
2022-05-17,5.390000,6.720000,5.370000,5.990000,1757700,0.000000,0.000000,5.390000,6.720000,5.370000,5.990000,7.111500,10.530600,14.972100,23.352700,6.393170,7.922018,-1.528848,-1.610675,0.081827,33.694329,7.111500,9.693896,4.529104,0.282857,0.918133,0.153278,0.149712,-0.021242,-0.405754,-0.674102,-0.829539,-0.790852,1.051636,-0.911938,-0.858090,0.149712,661140.000000,10528623.000000,-0.521678
2022-05-18,5.800000,5.866000,5.020000,5.280000,663500,0.000000,0.000000,5.800000,5.866000,5.020000,5.280000,6.890500,10.346200,14.771000,23.227750,6.221913,7.726313,-1.504400,-1.589420,0.085020,30.258220,6.890500,9.290232,4.490768,0.164442,0.921838,0.174591,-0.118531,-0.088083,-0.494253,-0.704698,-0.848841,-0.807930,1.079550,-0.922376,-0.874911,0.013436,661050.000000,3503280.000000,-0.513115
2022-05-19,5.210000,5.300000,4.935000,5.100000,627800,0.000000,0.000000,5.210000,5.300000,4.935000,5.100000,6.697000,10.145200,14.567800,23.091550,6.049311,7.531771,-1.482460,-1.568028,0.085568,29.438575,6.697000,9.013377,4.380623,0.155281,0.882064,0.172954,-0.034091,-0.178744,-0.474227,-0.690534,-0.851485,-0.812844,1.069374,-0.925022,-0.879176,0.000000,667935.000000,3201780.000000,-0.520798
2022-05-20,5.110000,5.320000,4.840000,5.290000,659900,0.000000,0.000000,5.110000,5.320000,4.840000,5.290000,6.517500,9.958400,14.369900,22.931100,5.932494,7.365714,-1.433220,-1.541066,0.107846,31.546446,6.517500,8.672366,4.362634,0.215180,0.853345,0.161313,0.037255,-0.051971,-0.410256,-0.685680,-0.822364,-0.799165,1.077751,-0.922229,-0.874674,0.037255,679990.000000,3490871.000000,-0.523779
2022-05-23,5.360000,5.370000,5.095000,5.180000,514500,0.000000,0.000000,5.360000,5.370000,5.095000,5.180000,6.331000,9.785400,14.163900,22.777050,5.816725,7.203809,-1.387084,-1.510270,0.123186,30.969631,6.331000,8.246344,4.415656,0.199532,0.812035,0.156763,-0.020794,-0.005758,-0.416667,-0.690191,-0.824645,-0.806428,1.076806,-0.923846,-0.877280,0.015686,688180.000000,2665110.000000,-0.552221
2022-05-24,5.010000,5.155000,4.840000,5.050000,489600,0.000000,0.000000,5.010000,5.155000,4.840000,5.050000,6.182000,9.637800,13.953900,22.619800,5.698768,7.044268,-1.345500,-1.477316,0.131816,30.265317,6.182000,8.002117,4.361883,0.189031,0.778318,0.154122,-0.025097,-0.156928,-0.433221,-0.688656,-0.818345,-0.809578,1.072467,-0.925757,-0.880360,0.000000,686475.000000,2472480.000000,-0.552660
2022-05-25,5.000000,5.145000,4.890000,4.990000,398600,0.000000,0.000000,5.000000,5.145000,4.890000,4.990000,6.050500,9.496600,13.755400,22.459950,5.589727,6.892100,-1.302373,-1.442327,0.139954,29.927028,6.050500,7.812263,4.288737,0.199023,0.740938,0.148485,-0.011881,-0.054924,-0.378580,-0.695732,-0.825035,-0.818611,1.038385,-0.926639,-0.881782,0.000000,690445.000000,1989014.000000,-0.544410
2022-05-26,4.980000,5.150000,4.700000,4.750000,635300,0.000000,0.000000,4.980000,5.150000,4.700000,4.750000,5.908500,9.353800,13.556100,22.292450,5.460538,6.733426,-1.272888,-1.408440,0.135552,28.552268,5.908500,7.604381,4.212619,0.158437,0.720157,0.151612,-0.048096,-0.068627,-0.376640,-0.723355,-0.825560,-0.822629,1.037333,-0.930168,-0.887467,0.000000,705775.000000,3017675.000000,-0.580673
2022-05-27,4.740000,5.030000,4.570000,4.920000,573300,0.000000,0.000000,4.740000,5.030000,4.570000,4.920000,5.801000,9.210800,13.363100,22.119600,5.377378,6.599098,-1.221720,-1.371096,0.149376,30.971159,5.801000,7.459025,4.142975,0.234323,0.701574,0.142596,0.035789,-0.069943,-0.351779,-0.717241,-0.817575,-0.816896,1.054199,-0.927668,-0.883440,0.035789,711505.000000,2820636.000000,-0.599416
2022-05-31,4.890000,5.060000,4.780000,5.020000,670600,0.000000,0.000000,4.890000,5.060000,4.780000,5.020000,5.670000,9.061000,13.185900,21.948600,5.322397,6.482128,-1.159731,-1.328823,0.169092,32.420526,5.670000,7.116797,4.223203,0.275366,0.671462,0.133757,0.020325,-0.030888,-0.289958,-0.703310,-0.803214,-0.815577,1.045837,-0.926198,-0.881071,0.056842,716875.000000,3366412.000000,-0.596081
2022-06-01,5.040000,5.260000,4.580000,4.660000,625700,0.000000,0.000000,5.040000,5.260000,4.580000,4.660000,5.538500,8.912200,12.999000,21.777450,5.220490,6.347155,-1.126666,-1.288391,0.161726,29.980088,5.538500,6.835675,4.241325,0.161380,0.672072,0.144221,-0.071713,-0.077228,-0.390052,-0.727645,-0.824482,-0.828928,1.004237,-0.931491,-0.889600,0.000000,733675.000000,2915762.000000,-0.599841
2022-06-02,4.730000,4.750000,4.325000,4.710000,653500,0.000000,0.000000,4.730000,4.750000,4.325000,4.710000,5.424500,8.746600,12.832000,21.593850,5.141953,6.225885,-1.083932,-1.247499,0.163568,30.759665,5.424500,6.577281,4.271719,0.190097,0.654424,0.138943,0.010730,-0.056112,-0.353909,-0.703960,-0.814274,-0.826327,1.006010,-0.930756,-0.888415,0.010730,732550.000000,3077985.000000,-0.613766
2022-06-03,4.700000,5.170000,4.680000,5.080000,562500,0.000000,0.000000,4.700000,5.170000,4.680000,5.080000,5.348000,8.564400,12.663900,21.408200,5.132422,6.141004,-1.008583,-1.199716,0.191133,36.402461,5.348000,6.364549,4.331451,0.368182,0.642679,0.126512,0.078556,0.069474,-0.273247,-0.667539,-0.802795,-0.809452,1.056539,-0.925316,-0.879649,0.090129,734125.000000,2857500.000000,-0.569840
2022-06-06,5.090000,5.267000,4.840000,5.060000,753200,0.000000,0.000000,5.090000,5.267000,4.840000,5.060000,5.290000,8.354200,12.493800,21.244800,5.121280,6.060930,-0.939650,-1.147703,0.208053,36.230582,5.290000,6.226264,4.353736,0.377171,0.627273,0.123967,-0.003937,0.028455,-0.234493,-0.680556,-0.798406,-0.822456,1.046050,-0.925610,-0.880123,0.085837,729215.000000,3811192.000000,-0.620576
2022-06-07,5.030000,6.360000,5.030000,6.200000,852600,0.000000,0.000000,5.030000,6.360000,5.030000,6.200000,5.309500,8.192800,12.340000,21.082800,5.287237,6.071231,-0.783995,-1.074961,0.290967,50.560055,5.309500,6.305692,4.313308,0.946952,0.677468,0.109269,0.225296,0.235060,-0.003215,-0.572414,-0.754261,-0.779516,1.310465,-0.908850,-0.853115,0.330472,696105.000000,5286120.000000,-0.523934
2022-06-08,6.130000,6.450000,5.950000,6.150000,674300,0.000000,0.000000,6.130000,6.450000,5.950000,6.150000,5.311000,8.047800,12.202700,20.907000,5.419970,6.077066,-0.657096,-0.991388,0.334292,50.029060,5.311000,6.312407,4.309593,0.918910,0.664792,0.108096,-0.008065,0.319742,0.058520,-0.594059,-0.762914,-0.784211,1.287280,-0.909585,-0.854300,0.319742,704350.000000,4146945.000000,-0.505849
2022-06-09,6.100000,6.100000,5.750000,5.790000,468700,0.000000,0.000000,6.100000,6.100000,5.750000,5.790000,5.311000,7.889400,12.058300,20.736850,5.476897,6.055802,-0.578905,-0.908891,0.329987,46.261828,5.311000,6.312407,4.309593,0.739163,0.645878,0.111551,-0.058537,0.229299,-0.053922,-0.604238,-0.777308,-0.804985,1.293426,-0.914878,-0.862829,0.242489,675850.000000,2713773.000000,-0.499460
2022-06-10,5.740000,5.740000,5.000000,5.010000,397800,0.000000,0.000000,5.740000,5.740000,5.000000,5.010000,5.251000,7.731200,11.920500,20.564050,5.405067,5.978335,-0.573268,-0.841767,0.268499,39.348259,5.251000,6.165650,4.336350,0.368256,0.656173,0.130973,-0.134715,-0.013780,-0.134715,-0.637744,-0.802523,-0.841656,1.364485,-0.926345,-0.881308,0.075107,667510.000000,1992978.000000,-0.520661
2022-06-13,4.780000,5.100000,4.710000,4.860000,835700,0.000000,0.000000,4.780000,5.100000,4.710000,4.860000,5.215000,7.570600,11.784300,20.392700,5.321211,5.895495,-0.574285,-0.788270,0.213986,38.166990,5.215000,6.131802,4.298198,0.306392,0.637160,0.131103,-0.029940,-0.039526,-0.217391,-0.609010,-0.806375,-0.848457,1.338483,-0.928550,-0.884861,0.042918,669210.000000,4061502.000000,-0.468166
2022-06-14,4.830000,5.080000,4.745000,5.000000,574500,0.000000,0.000000,4.830000,5.080000,4.745000,5.000000,5.204500,7.402400,11.655000,20.217050,5.271794,5.829162,-0.557369,-0.742090,0.184721,39.978139,5.204500,6.126340,4.282660,0.389080,0.615577,0.123115,0.028807,-0.193548,-0.103943,-0.585062,-0.803922,-0.835147,1.299832,-0.926492,-0.881545,0.072961,669465.000000,2872500.000000,-0.421317
2022-06-15,5.160000,5.240000,4.860000,5.040000,597600,0.000000,0.000000,5.160000,5.240000,4.860000,5.040000,5.157000,7.228000,11.527800,20.049900,5.236133,5.770706,-0.534573,-0.700587,0.166014,40.514260,5.157000,6.003220,4.310780,0.430869,0.598750,0.118800,0.008000,-0.180488,-0.032630,-0.576114,-0.798158,-0.839286,1.278941,-0.925904,-0.880597,0.081545,611460.000000,3011904.000000,-0.402156
2022-06-16,4.810000,4.870000,4.473000,4.860000,784400,0.000000,0.000000,4.810000,4.870000,4.473000,4.860000,5.136000,7.053400,11.391000,19.876550,5.178266,5.703246,-0.524980,-0.665465,0.140485,38.833308,5.136000,5.990176,4.281824,0.338441,0.596483,0.122733,-0.035714,-0.160622,-0.188648,-0.597349,-0.811847,-0.842412,1.164126,-0.928550,-0.884861,0.042918,617505.000000,3812184.000000,-0.379300
2022-06-17,5.060000,8.780000,5.050000,5.390000,32411700,0.000000,0.000000,5.060000,8.780000,5.050000,5.390000,5.150500,6.882000,11.263000,19.705450,5.210841,5.680043,-0.469202,-0.626213,0.157011,45.944978,5.150500,6.011918,4.289082,0.639015,0.833877,0.154708,0.109053,0.075848,0.020833,-0.569145,-0.776719,-0.826129,1.157426,-0.920759,-0.872305,0.156652,2206700.000000,174699063.000000,-0.346349
2022-06-21,5.210000,5.500000,4.440000,4.840000,3352800,0.000000,0.000000,5.210000,5.500000,4.440000,4.840000,5.128000,6.711800,11.141400,19.535600,5.153788,5.617817,-0.464029,-0.593776,0.129747,40.661590,5.128000,5.997546,4.258454,0.334396,0.850028,0.175626,-0.102041,-0.004115,-0.050980,-0.600000,-0.807402,-0.846593,1.207984,-0.928844,-0.885335,0.038627,2341345.000000,16227552.000000,-0.399894
2022-06-22,4.680000,5.815000,4.680000,5.460000,1616300,0.000000,0.000000,4.680000,5.815000,4.680000,5.460000,5.142000,6.568600,11.033100,19.380850,5.200898,5.606127,-0.405229,-0.556067,0.150837,47.930533,5.142000,6.023998,4.260002,0.680273,0.870383,0.159411,0.128099,0.092000,0.032136,-0.579677,-0.791364,-0.817879,1.281868,-0.919729,-0.870647,0.171674,2396435.000000,8824998.000000,-0.363093
2022-06-23,5.350000,6.265000,5.260000,6.230000,1305300,0.000000,0.000000,5.350000,6.265000,5.260000,6.230000,5.201000,6.469200,10.929000,19.234750,5.359221,5.652340,-0.293119,-0.503477,0.210358,55.260619,5.201000,6.206331,4.195669,1.011772,0.879999,0.141252,0.141026,0.236111,0.202703,-0.560958,-0.766317,-0.783380,1.361741,-0.908409,-0.852405,0.336910,2437220.000000,8132019.000000,-0.367718
2022-06-24,6.220000,6.230000,5.591000,5.960000,4420500,0.000000,0.000000,6.220000,6.230000,5.591000,5.960000,5.249500,6.382400,10.810500,19.082350,5.451649,5.675130,-0.223481,-0.447478,0.223997,52.471255,5.249500,6.304343,4.194657,0.836780,0.862785,0.144763,-0.043339,0.226337,0.180198,-0.617213,-0.753209,-0.797486,1.369479,-0.912379,-0.858801,0.278970,2638315.000000,26346180.000000,-0.435121
2022-06-27,6.410000,8.050000,6.330000,7.340000,4314600,0.000000,0.000000,6.410000,8.050000,6.330000,7.340000,5.379000,6.317400,10.697900,18.928150,5.742164,5.798453,-0.056289,-0.369240,0.312951,62.805301,5.379000,6.760881,3.997119,1.209540,0.950443,0.129488,0.231544,0.361781,0.470942,-0.485634,-0.710910,-0.757114,1.563401,-0.892091,-0.826108,0.575107,2822280.000000,31669164.000000,-0.298981
2022-06-28,7.240000,7.240000,5.640000,5.760000,1812000,0.000000,0.000000,7.240000,7.240000,5.640000,5.760000,5.421000,6.234600,10.585300,18.768600,5.744908,5.795605,-0.050697,-0.305531,0.254835,49.527573,5.421000,6.795181,4.046819,0.623346,1.003983,0.174303,-0.215259,0.190083,0.212632,-0.570149,-0.773407,-0.813048,1.754611,-0.915319,-0.863539,0.236052,2884215.000000,10437120.000000,-0.349085
2022-06-29,5.665000,5.730000,5.130000,5.420000,1056700,0.000000,0.000000,5.665000,5.730000,5.130000,5.420000,5.441000,6.141400,10.467000,18.601200,5.694922,5.767782,-0.072860,-0.258997,0.186137,47.214398,5.441000,6.802190,4.079810,0.492286,0.977270,0.180308,-0.059028,-0.007326,0.101626,-0.604668,-0.783892,-0.809825,1.771088,-0.920318,-0.871594,0.163090,2903520.000000,5727314.000000,-0.369249
2022-06-30,5.290000,5.490000,5.010000,5.490000,824100,0.000000,0.000000,5.290000,5.490000,5.010000,5.490000,5.482500,6.042400,10.347000,18.425550,5.663396,5.747206,-0.083810,-0.223960,0.140150,47.755410,5.482500,6.793103,4.171897,0.502861,0.941750,0.171539,0.012915,-0.118780,0.093625,-0.575077,-0.787044,-0.810035,1.770752,-0.919288,-0.869936,0.178112,2913440.000000,4524309.000000,-0.338721
2022-07-01,5.390000,5.570000,5.112000,5.330000,869100,0.000000,0.000000,5.390000,5.570000,5.112000,5.330000,5.513500,5.955000,10.220100,18.252000,5.612104,5.716302,-0.104198,-0.200007,0.095810,46.580243,5.513500,6.775600,4.251400,0.427304,0.907197,0.170206,-0.029144,-0.105705,0.143777,-0.586501,-0.795393,-0.819506,1.752017,-0.921641,-0.873727,0.143777,2924220.000000,4632303.000000,-0.369022
2022-07-05,5.270000,6.070000,5.270000,5.880000,957900,0.000000,0.000000,5.270000,6.070000,5.270000,5.880000,5.553500,5.893200,10.092300,18.085300,5.653319,5.728428,-0.075109,-0.175028,0.099919,51.040325,5.553500,6.808440,4.298560,0.630086,0.899540,0.152983,0.103189,-0.198910,0.248408,-0.561521,-0.763285,-0.798216,1.780150,-0.913555,-0.860697,0.261803,2943990.000000,5632452.000000,-0.355424
2022-07-06,5.830000,7.340000,5.620000,7.160000,2153900,0.000000,0.000000,5.830000,7.340000,5.620000,7.160000,5.658500,5.858800,9.958800,17.918600,5.885116,5.834470,0.050646,-0.129893,0.180539,59.512482,5.658500,7.079949,4.237051,1.028158,0.958144,0.133819,0.217687,0.243056,0.409449,-0.479651,-0.709887,-0.738495,1.902302,-0.894737,-0.830372,0.536481,3014025.000000,15421924.000000,-0.261472
2022-07-07,7.210000,7.480000,6.829000,7.210000,1108400,0.000000,0.000000,7.210000,7.480000,6.829000,7.210000,5.709000,5.824800,9.837200,17.784200,6.088944,5.936361,0.152583,-0.073398,0.225981,59.805080,5.709000,7.275786,4.142214,0.979006,0.936205,0.129848,0.006983,0.330258,0.424901,-0.469463,-0.702312,-0.746840,1.900719,-0.894002,-0.829187,0.547210,3026815.000000,7991564.000000,-0.287627
2022-07-08,7.110000,8.400000,7.030000,8.380000,845700,0.000000,0.000000,7.110000,8.400000,7.030000,8.380000,5.820500,5.831800,9.730000,17.654900,6.441414,6.117371,0.324043,0.006090,0.317953,65.997514,5.820500,7.786072,3.854928,1.151083,0.967191,0.115417,0.162275,0.526412,0.351613,-0.399713,-0.631486,-0.711134,1.827611,-0.876801,-0.801469,0.798283,3035385.000000,7086966.000000,-0.237460
2022-07-11,8.290000,8.490000,7.800000,8.090000,927800,0.000000,0.000000,8.290000,8.490000,7.800000,8.090000,5.935500,5.841200,9.630100,17.540050,6.695043,6.263492,0.431551,0.091183,0.340368,63.390685,5.935500,8.147272,3.723728,0.987053,0.947391,0.117106,-0.034606,0.517824,0.315447,-0.394007,-0.653533,-0.728615,1.835164,-0.881064,-0.808339,0.736052,3058340.000000,7505902.000000,-0.212339
2022-07-12,8.410000,8.410000,7.440000,8.000000,751700,0.000000,0.000000,8.410000,8.410000,7.440000,8.000000,6.085000,5.849400,9.526300,17.413250,6.895806,6.392122,0.503683,0.173683,0.330001,62.564754,6.085000,8.433361,3.736639,0.907731,0.949006,0.118626,-0.011125,0.360544,0.381693,-0.366086,-0.626343,-0.728169,1.817056,-0.882388,-0.810471,0.716738,3076035.000000,6013600.000000,-0.187669
2022-07-13,7.810000,8.690000,7.680000,8.430000,675400,0.000000,0.000000,7.810000,8.690000,7.680000,8.430000,6.263500,5.876600,9.431800,17.290850,7.131836,6.543076,0.588759,0.256698,0.332061,64.916711,6.263500,8.757976,3.769024,0.934260,0.953363,0.113092,0.053750,0.177374,0.682635,-0.247321,-0.614893,-0.716543,1.727799,-0.876066,-0.800284,0.809013,3068020.000000,5693622.000000,-0.085945
2022-07-14,8.300000,8.390000,7.940000,8.030000,414200,0.000000,0.000000,8.300000,8.390000,7.940000,8.030000,6.415000,5.884400,9.347300,17.167850,7.270015,6.653219,0.616796,0.328718,0.288078,61.072805,6.415000,8.954022,3.875978,0.818036,0.920266,0.114603,-0.047450,0.113731,0.652263,-0.220388,-0.636158,-0.719231,1.736575,-0.881946,-0.809761,0.723176,3060005.000000,3326026.000000,-0.061815
2022-07-15,8.110000,8.140000,7.690000,7.980000,451800,0.000000,0.000000,8.110000,8.140000,7.690000,7.980000,6.562000,5.898200,9.258800,17.048500,7.379243,6.751499,0.627744,0.388523,0.239221,60.589845,6.562000,9.106258,4.017742,0.778667,0.886675,0.111112,-0.006227,-0.047733,0.596000,-0.246459,-0.630213,-0.726806,1.741060,-0.882682,-0.810945,0.712446,3052715.000000,3605364.000000,-0.085858
2022-07-18,8.020000,8.455000,7.752000,7.800000,479700,0.000000,0.000000,8.020000,8.455000,7.752000,7.800000,6.709000,5.914400,9.169600,16.930750,7.443975,6.829166,0.614809,0.433780,0.181029,58.787512,6.709000,9.177819,4.240181,0.720956,0.873556,0.111994,-0.022556,-0.035847,0.547619,-0.212121,-0.607646,-0.743421,1.748711,-0.885328,-0.815210,0.673820,3037480.000000,3741660.000000,-0.062992
2022-07-19,7.860000,8.900000,7.821000,8.390000,631200,0.000000,0.000000,7.860000,8.900000,7.821000,8.390000,6.859000,5.950000,9.091300,16.807600,7.589517,6.944783,0.644734,0.475971,0.168763,62.703714,6.859000,9.354789,4.363211,0.806717,0.889730,0.106046,0.075641,0.048750,0.726337,-0.167659,-0.585269,-0.733227,1.741187,-0.876654,-0.801232,0.800429,1448455.000000,5295768.000000,-0.046209
2022-07-20,8.610000,9.180000,8.154000,8.920000,664500,0.000000,0.000000,8.610000,9.180000,8.154000,8.920000,7.063000,6.004000,9.016500,16.692200,7.794207,7.091095,0.703112,0.521399,0.181712,65.843620,7.063000,9.530755,4.595245,0.876253,0.899464,0.100837,0.063170,0.058126,0.654917,-0.145594,-0.525279,-0.727134,1.722751,-0.868862,-0.788676,0.914163,1314040.000000,5927340.000000,-0.019158
2022-07-21,8.850000,8.950000,8.400000,8.520000,302200,0.000000,0.000000,8.850000,8.950000,8.400000,8.520000,7.216000,6.058200,8.930000,16.586650,7.905867,7.196940,0.708927,0.558905,0.150023,61.626760,7.216000,9.644414,4.787586,0.768488,0.874502,0.102641,-0.044843,0.061021,0.760331,-0.121649,-0.538961,-0.741033,1.678427,-0.874743,-0.798152,0.828326,1248335.000000,2574744.000000,-0.018070
2022-07-22,8.550000,8.720000,7.820000,7.990000,355700,0.000000,0.000000,8.550000,8.720000,7.820000,7.990000,7.304000,6.095600,8.835900,16.480250,7.918811,7.255685,0.663126,0.579749,0.083377,56.466550,7.304000,9.709418,4.898582,0.642595,0.876323,0.109678,-0.062207,0.001253,0.463370,-0.109253,-0.554378,-0.758245,1.671315,-0.882535,-0.810708,0.714592,1200855.000000,2842043.000000,-0.007502
2022-07-25,8.130000,8.130000,7.000000,7.150000,408700,0.000000,0.000000,8.130000,8.130000,7.000000,7.150000,7.363500,6.122800,8.738200,16.362500,7.800532,7.247857,0.552676,0.574334,-0.021659,49.405613,7.363500,9.686395,5.040605,0.454044,0.894443,0.125097,-0.105131,-0.083333,0.147673,-0.194820,-0.597410,-0.781011,1.670645,-0.894884,-0.830609,0.534335,1000265.000000,2922205.000000,-0.112524
2022-07-26,7.020000,7.640000,7.013000,7.370000,420200,0.000000,0.000000,7.020000,7.640000,7.013000,7.370000,7.365000,6.146000,8.640800,16.255500,7.734297,7.256904,0.477392,0.554946,-0.077554,51.129259,7.365000,9.687870,5.042130,0.501076,0.875340,0.118771,0.030769,-0.121573,0.236577,-0.172840,-0.602481,-0.770691,1.659556,-0.891650,-0.825397,0.581545,805545.000000,3096874.000000,-0.061936
2022-07-27,7.430000,7.640000,7.030000,7.550000,309100,0.000000,0.000000,7.430000,7.640000,7.030000,7.550000,7.454500,6.185400,8.557200,16.155700,7.705943,7.278615,0.427328,0.529422,-0.102094,52.553503,7.454500,9.651517,5.257483,0.521734,0.856387,0.113429,0.024423,-0.153587,0.028610,-0.059776,-0.584937,-0.764797,1.462876,-0.889003,-0.821132,0.620172,730400.000000,2333705.000000,-0.023083
2022-07-28,7.560000,7.600000,7.160000,7.410000,253200,0.000000,0.000000,7.560000,7.600000,7.160000,7.410000,7.554000,6.229400,8.478500,16.052650,7.660414,7.288347,0.372066,0.497951,-0.125885,51.301218,7.554000,9.532435,5.575565,0.463608,0.826645,0.111558,-0.018543,-0.130282,0.286458,-0.027559,-0.564118,-0.788225,1.229046,-0.891061,-0.824449,0.590129,690225.000000,1876212.000000,-0.001429
2022-07-29,7.390000,7.510000,6.710000,6.860000,302200,0.000000,0.000000,7.390000,7.510000,6.710000,6.860000,7.622500,6.246800,8.388700,15.948550,7.537273,7.256618,0.280655,0.454492,-0.173837,46.602982,7.622500,9.382893,5.862107,0.283429,0.824742,0.120225,-0.074224,-0.141427,0.265683,-0.096179,-0.578883,-0.788467,1.241604,-0.899147,-0.837479,0.472103,664130.000000,2073092.000000,-0.058822
2022-08-01,6.780000,6.780000,6.200000,6.280000,520100,0.000000,0.000000,6.780000,6.780000,6.200000,6.280000,7.670000,6.266800,8.306500,15.840100,7.343846,7.184276,0.159571,0.395508,-0.235937,42.212629,7.670000,9.207037,6.132963,0.047831,0.812975,0.129455,-0.084548,-0.121678,0.143898,-0.111740,-0.622596,-0.799040,1.287759,-0.907674,-0.851220,0.347639,646680.000000,3266228.000000,-0.114524
2022-08-02,6.200000,6.795000,6.200000,6.490000,455700,0.000000,0.000000,6.200000,6.795000,6.200000,6.490000,7.700500,6.294600,8.219900,15.735200,7.212485,7.132848,0.079637,0.332334,-0.252696,44.260146,7.700500,9.106614,6.294386,0.069558,0.797405,0.122867,0.033439,-0.119403,0.217636,-0.150524,-0.635598,-0.811008,1.282398,-0.904587,-0.846245,0.392704,621570.000000,2957493.000000,-0.135586
2022-08-03,6.640000,7.350000,6.590000,6.750000,614400,0.000000,0.000000,6.640000,7.350000,6.590000,6.750000,7.680000,6.323800,8.141100,15.632600,7.141334,7.104489,0.036845,0.273236,-0.236391,46.774648,7.680000,9.130546,6.229454,0.179431,0.801876,0.118796,0.040062,-0.105960,0.147959,-0.074074,-0.637097,-0.777007,1.244144,-0.900764,-0.840085,0.448498,544595.000000,4147200.000000,-0.082384
2022-08-04,6.810000,7.220000,6.660000,7.010000,578500,0.000000,0.000000,6.810000,7.220000,6.660000,7.010000,7.670000,6.360400,8.072900,15.535050,7.121129,7.097490,0.023639,0.223316,-0.199678,49.240614,7.670000,9.136855,6.203145,0.275029,0.784599,0.111926,0.038519,-0.053981,-0.020950,0.002861,-0.588132,-0.783241,0.996265,-0.896942,-0.833926,0.504292,518100.000000,4055285.000000,0.021703
2022-08-05,6.930000,8.640000,6.680000,8.500000,635100,0.000000,0.000000,6.930000,8.640000,6.680000,8.500000,7.676000,6.429400,8.033600,15.445050,7.333263,7.201379,0.131883,0.205030,-0.073147,60.527231,7.676000,9.156006,6.195994,0.778377,0.868556,0.102183,0.212553,0.239067,0.178918,0.285930,-0.507246,-0.772606,1.237535,-0.875037,-0.798626,0.824034,507570.000000,5398350.000000,0.258339
2022-08-08,8.500000,8.740000,8.170000,8.520000,350300,0.000000,0.000000,8.500000,8.740000,8.170000,8.520000,7.697500,6.500000,7.998300,15.354800,7.515838,7.299055,0.216783,0.207380,0.009402,60.653699,7.697500,9.214851,6.180149,0.771032,0.847231,0.099440,0.002353,0.356688,0.016706,0.369775,-0.512864,-0.763268,1.107811,-0.874743,-0.798152,0.828326,478695.000000,2984556.000000,0.328621
2022-08-09,8.570000,9.560000,8.180000,9.090000,598600,0.000000,0.000000,8.570000,9.560000,8.180000,9.090000,7.752000,6.586800,7.970300,15.268000,7.758016,7.431718,0.326299,0.231164,0.095135,64.176438,7.752000,9.388705,6.115295,0.908748,0.885286,0.097391,0.066901,0.400616,0.123609,0.564544,-0.495560,-0.750959,1.120119,-0.866363,-0.784648,0.950644,471040.000000,5441274.000000,0.489635
2022-08-10,9.210000,10.220000,8.950000,10.110000,657700,0.000000,0.000000,9.210000,10.220000,8.950000,10.110000,7.836000,6.690600,7.950700,15.187600,8.119860,7.630109,0.489751,0.282882,0.206870,69.447864,7.836000,9.765477,5.906523,1.089279,0.912765,0.090283,0.112211,0.497778,0.263750,0.651961,-0.458199,-0.726461,1.173990,-0.851367,-0.760483,1.169528,470155.000000,6649347.000000,0.556786
2022-08-11,10.180000,10.510000,9.790000,10.220000,383200,0.000000,0.000000,10.180000,10.510000,9.790000,10.220000,7.945500,6.794600,7.927800,15.106200,8.442959,7.821953,0.621006,0.350506,0.270499,69.961221,7.945500,10.150265,5.740735,1.015815,0.898997,0.087964,0.010880,0.457917,0.212337,0.765112,-0.501706,-0.732810,1.164928,-0.849750,-0.757877,1.193133,468605.000000,3916304.000000,0.640540
2022-08-12,10.350000,11.590000,10.350000,11.300000,518100,0.000000,0.000000,10.350000,11.590000,10.350000,11.300000,8.111500,6.927400,7.919800,15.032450,8.882503,8.079586,0.802918,0.440989,0.361929,74.492855,8.111500,10.778651,5.444349,1.097735,0.932640,0.082534,0.105675,0.329412,0.407223,0.819646,-0.416624,-0.713852,1.187549,-0.833872,-0.732291,1.424893,471920.000000,5854530.000000,0.672232
2022-08-15,11.140000,11.500000,11.016000,11.290000,692400,0.000000,0.000000,11.140000,11.500000,11.016000,11.290000,8.286000,7.059000,7.902800,14.958900,9.252887,8.317394,0.935493,0.539890,0.395604,74.380964,8.286000,11.301290,5.270710,0.998128,0.900594,0.079769,-0.000885,0.325117,0.414787,1.023297,-0.408901,-0.712137,1.186265,-0.834019,-0.732528,1.422747,482555.000000,7817196.000000,0.911222
2022-08-16,11.340000,11.340000,9.560000,9.720000,321400,0.000000,0.000000,11.340000,11.340000,9.560000,9.720000,8.352500,7.151800,7.858100,14.870800,9.324751,8.421291,0.903460,0.612604,0.290856,59.316863,8.352500,11.435355,5.269645,0.721791,0.963409,0.099116,-0.139061,0.069307,0.246154,0.865643,-0.462389,-0.750064,1.301062,-0.857101,-0.769723,1.085837,467065.000000,3124008.000000,0.742194
2022-08-17,9.560000,10.030000,9.180000,9.250000,269300,0.000000,0.000000,9.560000,10.030000,9.180000,9.250000,8.369000,7.235600,7.794900,14.785550,9.313251,8.482677,0.830574,0.656198,0.174376,55.681284,8.369000,11.468133,5.269867,0.642137,0.955308,0.103277,-0.048354,-0.085064,0.102503,0.544240,-0.496736,-0.776732,1.297549,-0.864011,-0.780858,0.984979,447305.000000,2491025.000000,0.464671
2022-08-18,9.250000,9.800000,9.040000,9.700000,373200,0.000000,0.000000,9.250000,9.800000,9.040000,9.700000,8.428000,7.305600,7.749200,14.699550,9.372751,8.572849,0.799902,0.684939,0.114963,58.315603,8.428000,11.583651,5.272349,0.701543,0.941357,0.097047,0.048649,-0.050881,0.087444,0.837121,-0.457494,-0.770197,1.290693,-0.857395,-0.765190,1.081545,450855.000000,3620040.000000,0.701619
2022-08-19,9.580000,9.660000,9.060000,9.440000,253200,0.000000,0.000000,9.580000,9.660000,9.060000,9.440000,8.500500,7.371400,7.709600,14.607800,9.383097,8.637082,0.746014,0.697154,0.048861,56.235720,8.500500,11.680314,5.320686,0.647729,0.919832,0.097440,-0.026804,-0.164602,0.107981,0.850980,-0.427184,-0.749868,1.283040,-0.861217,-0.771484,1.025751,445730.000000,2390208.000000,0.735362
2022-08-22,9.240000,9.560000,9.180000,9.220000,373100,0.000000,0.000000,9.240000,9.560000,9.180000,9.220000,8.604000,7.440000,7.664700,14.511650,9.358005,8.680261,0.677744,0.693272,-0.015528,54.465570,8.604000,11.733079,5.474921,0.598432,0.881273,0.095583,-0.023305,-0.183348,0.153942,0.742911,-0.452169,-0.761140,1.263166,-0.864452,-0.776809,0.978541,443950.000000,3439982.000000,0.652468
2022-08-23,9.220000,9.520000,8.910000,9.310000,244000,0.000000,0.000000,9.220000,9.520000,8.910000,9.310000,8.701000,7.526000,7.628600,14.417200,9.350620,8.726909,0.623711,0.679359,-0.055649,55.088387,8.701000,11.789020,5.612980,0.598607,0.861896,0.092577,0.009761,-0.042181,0.302098,0.797297,-0.443182,-0.774631,1.192167,-0.863128,-0.770803,0.997854,435140.000000,2271640.000000,0.723954
2022-08-24,9.240000,9.865000,9.190000,9.480000,138300,0.000000,0.000000,9.240000,9.865000,9.190000,9.480000,8.797500,7.618400,7.594500,14.322600,9.370524,8.782693,0.587831,0.661054,-0.073223,56.304160,8.797500,11.854543,5.740457,0.611627,0.848546,0.089509,0.018260,0.024865,0.286296,0.877228,-0.415536,-0.761929,1.190904,-0.860629,-0.766617,1.034335,426600.000000,1311084.000000,0.773620
2022-08-25,9.570000,9.640000,9.230000,9.290000,143500,0.000000,0.000000,9.570000,9.640000,9.230000,9.290000,8.891500,7.704200,7.553300,14.227450,9.358136,8.820272,0.537864,0.636416,-0.098552,54.527522,8.891500,11.883836,5.899164,0.566587,0.817221,0.087968,-0.020042,-0.042268,0.230464,0.861723,-0.433537,-0.765226,1.196262,-0.863423,-0.771295,0.993562,421115.000000,1333115.000000,0.756384
2022-08-26,9.290000,9.370000,9.000000,9.070000,321900,0.000000,0.000000,9.290000,9.370000,9.000000,9.070000,9.002000,7.784800,7.506400,14.125750,9.313807,8.838770,0.475037,0.604140,-0.129103,52.463249,9.002000,11.837583,6.166417,0.511990,0.785277,0.086580,-0.023681,-0.039195,0.224022,0.909474,-0.471753,-0.768209,1.198076,-0.866657,-0.776711,0.946352,422100.000000,2919633.000000,0.875314
2022-08-29,8.790000,9.360000,8.780000,9.290000,336700,0.000000,0.000000,8.790000,9.360000,8.780000,9.290000,9.152500,7.873400,7.463400,14.006800,9.310145,8.872194,0.437950,0.570902,-0.132952,54.325384,9.152500,11.682870,6.622130,0.527170,0.770614,0.082951,0.024256,0.007592,0.354227,0.888211,-0.466092,-0.768502,1.156301,-0.863423,-0.771295,0.993562,412930.000000,3127943.000000,0.897564
2022-08-30,9.400000,9.450000,7.805000,8.050000,346100,0.000000,0.000000,9.400000,9.450000,7.805000,8.050000,9.230500,7.926600,7.404300,13.874150,9.116276,8.811291,0.304985,0.517719,-0.212734,43.889564,9.230500,11.497801,6.963199,0.239668,0.833071,0.103487,-0.133477,-0.135338,0.281847,0.603586,-0.524232,-0.790746,1.221049,-0.881652,-0.801822,0.727468,407450.000000,2786105.000000,0.619995
2022-08-31,7.890000,8.480000,7.800000,8.340000,247600,0.000000,0.000000,7.890000,8.480000,7.800000,8.340000,9.310000,7.996600,7.354200,13.739950,8.996849,8.776381,0.220468,0.458269,-0.237800,46.479022,9.310000,11.306407,7.313593,0.257064,0.822137,0.098578,0.036025,-0.120253,0.285054,0.789700,-0.512566,-0.789021,1.221583,-0.877389,-0.794682,0.789700,389110.000000,2064984.000000,0.804561
2022-09-01,8.300000,8.770000,8.060000,8.690000,171500,0.000000,0.000000,8.300000,8.770000,8.060000,8.690000,9.394000,8.061200,7.314900,13.607700,8.949642,8.769982,0.179659,0.402547,-0.222887,49.507647,9.394000,11.103729,7.684271,0.294119,0.814127,0.093686,0.041966,-0.064586,0.287407,0.845011,-0.453803,-0.780611,1.222097,-0.872243,-0.786066,0.864807,368760.000000,1490335.000000,0.888185
2022-09-02,8.760000,9.200000,8.550000,9.010000,204700,0.000000,0.000000,8.760000,9.200000,8.550000,9.010000,9.419500,8.116800,7.293000,13.478100,8.958927,8.787761,0.171166,0.356271,-0.185104,52.172456,9.419500,11.087799,7.751201,0.377270,0.802404,0.089057,0.036824,-0.006615,0.285307,0.773622,-0.410340,-0.767843,1.221698,-0.867539,-0.778188,0.933476,347240.000000,1844347.000000,0.805411
2022-09-06,9.050000,9.170000,8.630000,8.670000,261700,0.000000,0.000000,9.050000,9.170000,8.630000,8.670000,9.427000,8.171000,7.276700,13.349750,8.914477,8.779038,0.135439,0.312104,-0.176665,49.201266,9.427000,11.079546,7.774454,0.270960,0.783661,0.090388,-0.037736,-0.066738,0.020000,0.713439,-0.452652,-0.761879,0.998482,-0.872537,-0.786558,0.860515,342810.000000,2268939.000000,0.756258
2022-09-07,8.410000,9.070000,8.335000,8.940000,178500,0.000000,0.000000,8.410000,9.070000,8.335000,8.940000,9.419500,8.203000,7.260200,13.245550,8.918404,8.790961,0.127442,0.275172,-0.147730,51.560434,9.419500,11.079829,7.759171,0.355601,0.780185,0.087269,0.031142,0.110559,0.049296,0.441935,-0.383448,-0.747814,1.003260,-0.868568,-0.779911,0.918455,321805.000000,1595790.000000,0.473420
2022-09-08,8.830000,9.440000,8.780000,9.380000,164100,0.000000,0.000000,8.830000,9.440000,8.780000,9.380000,9.383000,8.275400,7.255000,13.144750,8.989419,8.834594,0.154825,0.251103,-0.096278,55.210929,9.383000,11.011200,7.754800,0.499079,0.771600,0.082260,0.049217,0.124700,0.031903,0.525203,-0.380858,-0.742591,0.991142,-0.862099,-0.769079,1.012876,297125.000000,1539258.000000,0.543748
2022-09-09,9.500000,9.530000,9.160000,9.180000,174000,0.000000,0.000000,9.500000,9.530000,9.160000,9.180000,9.331000,8.350600,7.246000,13.051650,9.018739,8.860179,0.158559,0.232594,-0.074035,53.246638,9.331000,10.912404,7.749596,0.452258,0.742915,0.080928,-0.021322,0.056387,-0.091988,0.585492,-0.372522,-0.759560,0.911154,-0.865040,-0.774003,0.969957,286665.000000,1597320.000000,0.555028
2022-09-12,9.220000,9.430000,8.865000,9.360000,182800,0.000000,0.000000,9.220000,9.430000,8.865000,9.360000,9.234000,8.428000,7.235200,12.955850,9.071240,8.897203,0.174037,0.220883,-0.046845,54.805104,9.234000,10.516652,7.951348,0.549117,0.730206,0.078013,0.019608,0.038846,-0.084149,0.868263,-0.323210,-0.751526,0.913322,-0.862393,-0.769572,1.008584,269900.000000,1711008.000000,0.786571
2022-09-13,9.230000,9.600000,9.070000,9.260000,236700,0.000000,0.000000,9.230000,9.600000,9.070000,9.260000,9.132500,8.506600,7.230800,12.866000,9.100280,8.924077,0.176203,0.211947,-0.035743,53.733482,9.132500,9.976323,8.288677,0.575549,0.715906,0.077312,-0.010684,0.068051,-0.180531,0.905350,-0.255028,-0.761954,0.824212,-0.863864,-0.772033,0.987124,247115.000000,2191842.000000,0.829087
2022-09-14,9.380000,9.540000,9.020000,9.450000,234100,0.000000,0.000000,9.380000,9.540000,9.020000,9.450000,9.119000,8.578000,7.235600,12.778400,9.154083,8.963034,0.191049,0.207767,-0.016718,55.513353,9.119000,9.931298,8.306702,0.703743,0.701913,0.074276,0.020518,0.057047,-0.162976,0.890000,-0.215768,-0.767356,0.829881,-0.861070,-0.766667,1.027897,242750.000000,2212245.000000,0.807686
2022-09-15,9.360000,9.560000,8.960000,9.280000,255200,0.000000,0.000000,9.360000,9.560000,8.960000,9.280000,9.120500,8.620400,7.239600,12.697250,9.173455,8.986513,0.186942,0.203602,-0.016660,53.529124,9.120500,9.933926,8.307074,0.598042,0.694633,0.074853,-0.017989,-0.010661,-0.045267,0.841270,-0.219512,-0.768232,0.679605,-0.863570,-0.770864,0.991416,242045.000000,2368256.000000,0.800437
2022-09-16,9.070000,9.280000,8.460000,8.910000,828900,0.000000,0.000000,9.070000,9.280000,8.460000,8.910000,9.081000,8.654400,7.239600,12.609050,9.132924,8.980846,0.152078,0.193297,-0.041219,49.391210,9.081000,9.851534,8.310466,0.389038,0.703588,0.078966,-0.039871,-0.029412,-0.036757,0.833333,-0.261806,-0.772820,0.672805,-0.869009,-0.780000,0.912017,264830.000000,7385499.000000,0.757972
2022-09-19,8.980000,9.190000,8.505000,8.920000,272300,0.000000,0.000000,8.980000,9.190000,8.505000,8.920000,9.055000,8.665200,7.248500,12.526850,9.100166,8.976338,0.123828,0.179403,-0.055576,49.504822,9.055000,9.809453,8.300547,0.410531,0.702260,0.078729,0.001122,-0.047009,-0.080412,0.654917,-0.286970,-0.779753,0.648414,-0.868862,-0.746447,0.914163,265785.000000,2428916.000000,0.586696
2022-09-20,8.700000,8.900000,8.560000,8.850000,231500,0.000000,0.000000,8.700000,8.900000,8.560000,8.850000,9.036500,8.680400,7.260800,12.442300,9.061679,8.966980,0.094699,0.162463,-0.067764,48.680987,9.036500,9.792063,8.280937,0.376582,0.677813,0.076589,-0.007848,-0.044276,-0.062500,0.828512,-0.268595,-0.740393,0.643005,-0.869891,-0.748437,0.899142,258705.000000,2048775.000000,0.796374
2022-09-21,8.860000,9.010000,8.620000,8.680000,249100,0.000000,0.000000,8.860000,9.010000,8.620000,8.680000,9.005000,8.694000,7.271700,12.360200,9.002959,8.945722,0.057237,0.141417,-0.084181,46.650569,9.005000,9.765069,8.244931,0.286204,0.657255,0.075721,-0.019209,-0.081481,-0.058568,0.589744,-0.331794,-0.746495,0.641469,-0.872390,-0.753269,0.862661,258960.000000,2162188.000000,0.574625
2022-09-22,8.700000,8.700000,7.150000,7.420000,281400,0.000000,0.000000,8.700000,8.700000,7.150000,7.420000,8.902000,8.673800,7.275200,12.271150,8.759427,8.832706,-0.073279,0.098478,-0.171757,34.998929,8.902000,9.909187,7.894813,-0.235713,0.721022,0.097173,-0.145161,-0.200431,-0.203008,0.191011,-0.477097,-0.761108,0.808309,-0.890914,-0.789085,0.592275,266115.000000,2087988.000000,0.205735
2022-09-23,7.320000,7.320000,6.410000,6.450000,444100,0.000000,0.000000,7.320000,7.320000,6.410000,6.450000,8.760000,8.642200,7.263300,12.173700,8.404131,8.656209,-0.252079,0.028367,-0.280445,28.994960,8.760000,10.230911,7.289089,-0.285228,0.741664,0.114987,-0.130728,-0.276094,-0.319620,0.082215,-0.585742,-0.806655,0.903194,-0.905175,-0.816657,0.384120,281145.000000,2864445.000000,0.145939
2022-09-26,6.440000,6.710000,6.190000,6.520000,301300,0.000000,0.000000,6.440000,6.710000,6.190000,6.520000,8.632500,8.613000,7.255600,12.076300,8.114264,8.497971,-0.383707,-0.054048,-0.329659,29.929143,8.632500,10.402030,6.862970,-0.096910,0.725831,0.111324,0.010853,-0.269058,-0.298170,-0.111717,-0.543097,-0.801884,0.908007,-0.904146,-0.814667,0.399142,280115.000000,1964476.000000,-0.049100
2022-09-27,6.700000,6.910000,6.540000,6.780000,291900,0.000000,0.000000,6.700000,6.910000,6.540000,6.780000,8.507000,8.592600,7.253500,11.983350,7.908993,8.370714,-0.461721,-0.135583,-0.326139,33.432353,8.507000,10.429598,6.584402,0.050868,0.701843,0.103517,0.039877,-0.233898,-0.252481,0.177083,-0.494030,-0.792216,0.926897,-0.900323,-0.807277,0.454936,277875.000000,1979082.000000,0.208567
2022-09-28,6.770000,7.260000,6.770000,7.190000,296100,0.000000,0.000000,6.770000,7.260000,6.770000,7.190000,8.464000,8.568600,7.259300,11.893800,7.798379,8.283254,-0.484875,-0.205441,-0.279434,38.641854,8.464000,10.466445,6.461555,0.181889,0.686711,0.095509,0.060472,-0.171659,-0.226050,0.326568,-0.475565,-0.774254,0.952887,-0.894296,-0.795623,0.542918,275375.000000,2128959.000000,0.337863
2022-09-29,6.970000,7.240000,6.950000,7.080000,190700,0.000000,0.000000,6.970000,7.240000,6.950000,7.080000,8.401000,8.531800,7.267900,11.801700,7.687859,8.194124,-0.506265,-0.265606,-0.240659,37.787430,8.401000,10.496970,6.305030,0.184871,0.658375,0.092991,-0.015299,-0.045822,-0.120497,0.289617,-0.452012,-0.774163,0.841884,-0.895913,-0.798749,0.519313,272530.000000,1350156.000000,0.316024
2022-09-30,7.000000,7.460000,6.930000,6.930000,192200,0.000000,0.000000,7.000000,7.460000,6.930000,6.930000,8.313000,8.500000,7.279100,11.711500,7.571265,8.100485,-0.529220,-0.318329,-0.210891,36.599014,8.313000,10.503536,6.122464,0.184324,0.649205,0.093680,-0.021186,0.074419,-0.169065,0.300188,-0.462374,-0.790127,0.830280,-0.898118,-0.803013,0.487124,273565.000000,1331946.000000,0.349814
2022-10-03,7.100000,7.240000,6.770000,7.090000,185100,0.000000,0.000000,7.100000,7.240000,6.770000,7.090000,8.217000,8.482000,7.288800,11.617800,7.497224,8.025634,-0.528410,-0.360345,-0.168065,38.809651,8.217000,10.446856,5.987144,0.247293,0.636405,0.089761,0.023088,0.087423,-0.184120,0.205782,-0.471290,-0.778438,0.818631,-0.895766,-0.798465,0.521459,272585.000000,1312359.000000,0.250545
2022-10-04,7.290000,8.110000,7.060000,7.970000,319600,0.000000,0.000000,7.290000,8.110000,7.060000,7.970000,8.182000,8.498400,7.310600,11.536950,7.569959,8.021513,-0.451554,-0.378587,-0.072967,49.283736,8.182000,10.403878,5.960122,0.452293,0.665947,0.083557,0.124118,0.175516,-0.115427,0.113128,-0.420785,-0.731016,0.927829,-0.882829,-0.773451,0.710300,275480.000000,2547212.000000,0.129450
2022-10-05,7.590000,8.170000,7.590000,8.010000,309700,0.000000,0.000000,7.590000,8.170000,7.590000,8.010000,8.135500,8.511200,7.328600,11.451350,7.637658,8.020661,-0.383003,-0.379470,-0.003533,49.705159,8.135500,10.329333,5.941667,0.471397,0.659808,0.082373,0.005019,0.114047,-0.076125,0.110957,-0.410596,-0.726341,0.920113,-0.882241,-0.772314,0.718884,282040.000000,2480697.000000,0.151633
2022-10-06,8.070000,8.690000,8.025000,8.080000,377500,0.000000,0.000000,8.070000,8.690000,8.025000,8.080000,8.070500,8.521800,7.353600,11.360900,7.705710,8.025056,-0.319346,-0.367445,0.048100,50.480636,8.070500,10.184667,5.956333,0.502247,0.661250,0.081838,0.008739,0.141243,-0.096197,-0.035800,-0.421203,-0.736808,0.913159,-0.881211,-0.770324,0.733906,292710.000000,3050200.000000,0.012502
2022-10-07,7.950000,8.045000,7.260000,7.740000,311400,0.000000,0.000000,7.950000,8.045000,7.260000,7.740000,7.998500,8.528400,7.378900,11.266300,7.710986,8.003941,-0.292955,-0.352547,0.059592,46.713160,7.998500,10.050747,5.946253,0.437020,0.672590,0.086898,-0.042079,0.116883,-0.174840,-0.043263,-0.420225,-0.730970,0.901856,-0.886210,-0.779989,0.660944,299580.000000,2410236.000000,0.020064
2022-10-10,7.940000,8.340000,7.620000,7.620000,258600,0.000000,0.000000,7.940000,8.340000,7.620000,7.620000,7.911500,8.543600,7.395200,11.183650,7.696988,7.975501,-0.278513,-0.337740,0.059227,45.424603,7.911500,9.865920,5.957080,0.425425,0.675976,0.088711,-0.015504,0.074753,-0.169935,-0.047500,-0.396197,-0.723010,0.900959,-0.887974,-0.783400,0.635193,303370.000000,1970532.000000,0.016650
2022-10-11,7.640000,7.990000,7.280000,7.640000,201600,0.000000,0.000000,7.640000,7.990000,7.280000,7.640000,7.830500,8.570800,7.418800,11.094900,7.688221,7.950649,-0.262428,-0.322678,0.060250,45.693478,7.830500,9.681127,5.979873,0.448531,0.678406,0.088797,0.002625,-0.041405,-0.183761,-0.093713,-0.317857,-0.727338,0.896491,-0.887680,-0.782831,0.639485,301615.000000,1540224.000000,-0.020685
2022-10-12,7.620000,7.750000,7.230000,7.420000,160500,0.000000,0.000000,7.620000,7.750000,7.230000,7.420000,7.729000,8.589400,7.442000,11.004900,7.646956,7.911341,-0.264386,-0.311019,0.046634,43.173768,7.729000,9.421558,6.036442,0.408718,0.667092,0.089905,-0.028796,-0.073658,-0.198704,-0.075965,-0.279612,-0.731936,0.899352,-0.890914,-0.789085,0.592275,297935.000000,1190910.000000,-0.001832
2022-10-13,7.190000,7.400000,7.000000,7.280000,138800,0.000000,0.000000,7.190000,7.400000,7.000000,7.280000,7.629000,8.600000,7.461900,10.915900,7.590501,7.864575,-0.274074,-0.303630,0.029556,41.601610,7.629000,9.164789,6.093211,0.386378,0.649442,0.089209,-0.018868,-0.099010,-0.229630,-0.087719,-0.312559,-0.739721,0.893439,-0.892973,-0.793064,0.562232,292115.000000,1010464.000000,-0.017580
2022-10-14,7.280000,7.591000,7.000000,7.020000,89000,0.000000,0.000000,7.280000,7.591000,7.000000,7.020000,7.534500,8.600200,7.480300,10.822100,7.502732,7.802014,-0.299283,-0.302761,0.003478,38.777472,7.534500,8.967560,6.101440,0.320489,0.645268,0.091918,-0.035714,-0.093023,-0.243534,-0.100000,-0.290909,-0.744448,0.897340,-0.896795,-0.800455,0.506438,255120.000000,624780.000000,-0.008569
2022-10-17,7.080000,7.340000,7.000000,7.200000,134400,0.000000,0.000000,7.080000,7.340000,7.000000,7.200000,7.448500,8.574200,7.501800,10.727850,7.456158,7.757421,-0.301263,-0.302461,0.001198,41.726835,7.448500,8.729885,6.167115,0.403035,0.623463,0.086592,0.025641,-0.055118,-0.191919,-0.141836,-0.285714,-0.735974,0.900060,-0.894149,-0.795338,0.545064,248225.000000,967680.000000,-0.053273
2022-10-18,7.330000,7.580000,7.160000,7.290000,169800,0.000000,0.000000,7.330000,7.580000,7.160000,7.290000,7.370500,8.549600,7.524800,10.640100,7.430595,7.722797,-0.292202,-0.300409,0.008207,43.200226,7.370500,8.469638,6.271362,0.463380,0.608930,0.083529,0.012500,-0.045812,-0.182735,-0.182735,-0.301724,-0.725113,0.902455,-0.892826,-0.792780,0.564378,245140.000000,1237842.000000,-0.088158
2022-10-19,7.160000,7.180000,6.950000,7.060000,135700,0.000000,0.000000,7.160000,7.180000,6.950000,7.060000,7.289500,8.509000,7.547900,10.552000,7.373580,7.673701,-0.300121,-0.300352,0.000231,40.389684,7.289500,8.205888,6.373112,0.374780,0.589721,0.083530,-0.031550,-0.048518,-0.202260,-0.171362,-0.272165,-0.733585,0.906140,-0.896207,-0.799318,0.515021,239470.000000,958042.000000,-0.057005
2022-10-20,7.130000,7.560000,7.050000,7.140000,111400,0.000000,0.000000,7.130000,7.560000,7.050000,7.140000,7.275500,8.449600,7.570100,10.466600,7.337645,7.634167,-0.296523,-0.299586,0.003063,41.807813,7.275500,8.192049,6.358951,0.426081,0.584026,0.081796,0.011331,-0.019231,-0.177419,-0.106383,-0.204013,-0.731276,0.908023,-0.895031,-0.797044,0.532189,230970.000000,795396.000000,-0.003353
2022-10-21,7.180000,7.450000,7.030000,7.360000,120100,0.000000,0.000000,7.180000,7.450000,7.030000,7.360000,7.321000,8.392400,7.593500,10.389700,7.341084,7.613859,-0.272775,-0.294224,0.021449,45.637893,7.321000,8.151292,6.490708,0.523486,0.572310,0.077760,0.030812,0.048433,-0.008086,0.029371,-0.171171,-0.721739,0.765703,-0.891797,-0.790790,0.579399,214770.000000,883936.000000,0.107702
2022-10-24,7.550000,7.550000,6.665000,7.340000,223600,0.000000,0.000000,7.550000,7.550000,6.665000,7.340000,7.362000,8.313200,7.620300,10.309650,7.340917,7.593573,-0.252656,-0.285910,0.033254,45.345699,7.362000,8.101804,6.622196,0.485131,0.594645,0.081014,-0.002717,0.019444,0.137984,-0.004071,-0.176207,-0.719740,0.599060,-0.892091,-0.791359,0.575107,210885.000000,1641224.000000,0.048682
2022-10-25,7.390000,8.410000,7.390000,8.100000,333600,0.000000,0.000000,7.390000,8.410000,7.390000,8.100000,7.428000,8.249400,7.654200,10.243100,7.457699,7.631086,-0.173387,-0.263405,0.090019,56.692575,7.428000,8.184518,6.671482,0.944140,0.628599,0.077605,0.103542,0.111111,0.242331,0.072848,0.008717,-0.694340,0.686566,-0.880917,-0.769756,0.738197,212970.000000,2702160.000000,0.142102
2022-10-26,8.040000,8.360000,7.870000,8.000000,118200,0.000000,0.000000,8.040000,8.360000,7.870000,8.000000,7.468500,8.215000,7.683400,10.173650,7.541130,7.658413,-0.117283,-0.234181,0.116898,55.072418,7.468500,8.257404,6.679596,0.836860,0.618699,0.077337,-0.012346,0.133144,0.179941,0.079622,0.049869,-0.692898,0.682945,-0.882388,-0.772598,0.716738,204075.000000,945600.000000,0.177595
2022-10-27,8.140000,8.180000,7.670000,7.740000,73900,0.000000,0.000000,8.140000,8.180000,7.670000,7.740000,7.501500,8.184800,7.710200,10.102000,7.571726,7.664456,-0.092731,-0.205891,0.113160,50.992118,7.501500,8.277082,6.725918,0.653756,0.610935,0.078932,-0.032500,0.084034,0.076495,0.128280,0.019763,-0.702308,0.670051,-0.886210,-0.779989,0.660944,198235.000000,571986.000000,0.257249
2022-10-28,8.100000,9.320000,8.070000,9.260000,366200,0.000000,0.000000,8.100000,9.320000,8.070000,9.260000,7.618000,8.176000,7.740800,10.040400,7.831460,7.782645,0.048815,-0.154950,0.203765,66.580788,7.618000,8.679431,6.556569,1.273484,0.680154,0.073451,0.196382,0.258152,0.307910,0.474522,0.309760,-0.661302,0.939142,-0.863864,-0.736782,0.987124,206935.000000,3391012.000000,0.576918
2022-10-31,9.320000,10.250000,9.240000,9.760000,338100,0.000000,0.000000,9.320000,10.250000,9.240000,9.760000,7.751500,8.182400,7.776900,9.989800,8.128159,7.929116,0.199043,-0.084151,0.283194,69.965171,7.751500,9.151083,6.351917,1.217535,0.703714,0.072102,0.053996,0.329700,0.408369,0.503852,0.277487,-0.628897,0.939352,-0.856513,-0.722570,1.094421,214585.000000,3299856.000000,0.614034
2022-11-01,9.810000,10.070000,9.175000,9.260000,325400,0.000000,0.000000,9.810000,10.070000,9.175000,9.260000,7.816000,8.183200,7.811600,9.934950,8.302288,8.027700,0.274588,-0.012403,0.286992,63.085074,7.816000,9.368525,6.263475,0.965049,0.717378,0.077471,-0.051230,0.143210,0.306065,0.371852,0.270233,-0.655762,0.969074,-0.863864,-0.736782,0.987124,214875.000000,3013204.000000,0.512149
2022-11-02,9.350000,9.710000,8.780000,9.290000,374500,0.000000,0.000000,9.350000,9.710000,8.780000,9.290000,7.880000,8.182800,7.854400,9.887450,8.454244,8.121203,0.333040,0.056685,0.276355,63.318152,7.880000,9.565992,6.194008,0.918151,0.732565,0.078855,0.003240,0.161250,0.165621,0.325250,0.329041,-0.665707,0.883387,-0.863423,-0.735930,0.993562,218115.000000,3479105.000000,0.497866
2022-11-03,9.120000,9.260000,8.610000,8.810000,105000,0.000000,0.000000,9.120000,9.260000,8.610000,8.810000,7.916500,8.169400,7.893900,9.839100,8.508975,8.172225,0.336750,0.112698,0.224052,57.105456,7.916500,9.651614,6.181386,0.757476,0.728810,0.082725,-0.051668,0.138243,0.099875,0.036471,0.332829,-0.690334,0.907844,-0.870479,-0.749574,0.890558,204490.000000,925050.000000,0.219335
2022-11-04,8.840000,9.020000,7.830000,8.280000,150200,0.000000,0.000000,8.840000,9.020000,7.830000,8.280000,7.943500,8.149200,7.926700,9.790850,8.473748,8.180209,0.293540,0.148867,0.144673,51.138915,7.943500,9.683848,6.203152,0.596676,0.761752,0.091999,-0.060159,-0.105832,0.024752,-0.028169,0.331190,-0.706383,0.936148,-0.878271,-0.764639,0.776824,196430.000000,1243656.000000,0.143385
2022-11-07,8.280000,8.560000,8.030000,8.140000,92700,0.000000,0.000000,8.280000,8.560000,8.030000,8.140000,7.969500,8.130600,7.957700,9.742750,8.422403,8.177230,0.245172,0.168128,0.077044,49.662824,7.969500,9.705029,6.233971,0.549120,0.745199,0.091548,-0.016908,-0.165984,0.051680,-0.104510,0.401033,-0.713380,0.924968,-0.880329,-0.768619,0.746781,188135.000000,754578.000000,0.049917
2022-11-08,8.100000,8.370000,7.930000,8.140000,104300,0.000000,0.000000,8.100000,8.370000,7.930000,8.140000,7.994500,8.107600,7.990500,9.690750,8.378956,8.174472,0.204484,0.175399,0.029085,49.662824,7.994500,9.724440,6.264560,0.542053,0.723399,0.088870,0.000000,-0.120950,0.068241,-0.194857,0.330065,-0.712571,0.922424,-0.880329,-0.768619,0.746781,183270.000000,849002.000000,-0.020712
2022-11-09,8.190000,8.190000,7.420000,7.660000,101000,0.000000,0.000000,8.190000,8.190000,7.420000,7.660000,8.006500,8.099800,8.013200,9.638100,8.268347,8.136363,0.131984,0.166716,-0.034732,44.549670,8.006500,9.722938,6.290062,0.399064,0.726727,0.094873,-0.058968,-0.175457,0.002618,-0.250489,0.322971,-0.739544,0.948436,-0.887386,-0.782263,0.643777,180295.000000,773660.000000,-0.060602
2022-11-10,7.720000,8.395000,7.200000,7.990000,165800,0.000000,0.000000,7.720000,8.395000,7.200000,7.990000,8.042000,8.092800,8.044700,9.593050,8.225525,8.125522,0.100003,0.153373,-0.053370,48.477156,8.042000,9.724199,6.359801,0.484544,0.760175,0.095141,0.043081,-0.093076,0.076819,-0.292920,0.286634,-0.758464,0.951977,-0.882535,-0.772882,0.714592,181645.000000,1324742.000000,-0.144763
2022-11-11,8.040000,8.690000,7.700000,8.500000,130300,0.000000,0.000000,8.040000,8.690000,7.700000,8.500000,8.116000,8.089000,8.075100,9.554100,8.267752,8.153261,0.114491,0.145597,-0.031106,53.910346,8.116000,9.738038,6.493962,0.618370,0.776591,0.091364,0.063830,0.026570,0.167582,-0.247121,0.523297,-0.754193,0.968659,-0.875037,-0.758385,0.824034,183710.000000,1107550.000000,-0.109651
2022-11-14,8.500000,9.150000,8.260000,8.590000,1484000,0.000000,0.000000,8.500000,9.150000,8.260000,8.590000,8.185500,8.080600,8.098700,9.513850,8.317328,8.185612,0.131716,0.142821,-0.011104,54.815866,8.185500,9.760722,6.610278,0.628395,0.784692,0.091349,0.010588,0.055283,0.223647,-0.116255,0.648752,-0.755827,0.954864,-0.873714,-0.755549,0.843348,251190.000000,12747560.000000,0.029238
2022-11-15,8.900000,10.000000,8.690000,9.430000,234000,0.000000,0.000000,8.900000,10.000000,8.690000,9.430000,8.292500,8.095800,8.133400,9.471950,8.488509,8.277789,0.210720,0.156401,0.054319,62.267215,8.292500,9.901957,6.683043,0.853380,0.829357,0.087949,0.097788,0.158477,0.309722,0.019459,0.574290,-0.731645,1.000168,-0.861364,-0.730031,1.023605,254400.000000,2206620.000000,0.141557
2022-11-16,9.400000,9.560000,8.980000,9.050000,93700,0.000000,0.000000,9.400000,9.560000,8.980000,9.050000,8.392000,8.098000,8.150500,9.424200,8.574892,8.334990,0.239902,0.173101,0.066801,57.636623,8.392000,9.924862,6.859138,0.714631,0.811546,0.089674,-0.040297,0.181462,0.241427,-0.067010,0.714015,-0.740910,1.018202,-0.866951,-0.736459,0.942060,252300.000000,847985.000000,0.070408
2022-11-17,8.870000,9.500000,8.100000,9.060000,312200,0.000000,0.000000,8.870000,9.500000,8.100000,9.060000,8.488000,8.091600,8.183500,9.384400,8.649524,8.388694,0.260830,0.190647,0.070183,57.725719,8.488000,9.928418,7.047582,0.698553,0.853578,0.094214,0.001105,0.133917,0.283286,-0.040254,0.776471,-0.736168,1.006741,-0.866804,-0.695769,0.944206,262340.000000,2828532.000000,0.082550
2022-11-18,9.080000,9.280000,8.510000,8.520000,147800,0.000000,0.000000,9.080000,9.280000,8.510000,8.520000,8.546000,8.078400,8.214500,9.340750,8.629597,8.398420,0.231177,0.198753,0.032424,51.434991,8.546000,9.885024,7.206976,0.490291,0.847608,0.099485,-0.059603,0.002353,0.193277,-0.075922,0.610586,-0.713902,1.038385,-0.874743,-0.711578,0.828326,263725.000000,1259256.000000,0.023864
2022-11-21,8.260000,8.425000,7.580000,7.940000,166800,0.000000,0.000000,8.260000,8.425000,7.580000,7.940000,8.576000,8.050000,8.239000,9.293000,8.523505,8.364463,0.159042,0.190811,-0.031769,45.677270,8.576000,9.825124,7.326876,0.245422,0.854208,0.107583,-0.068075,-0.075669,0.078804,-0.147154,0.532819,-0.731212,1.069892,-0.883270,-0.721599,0.703863,260885.000000,1324392.000000,-0.037570
2022-11-22,7.900000,8.030000,7.540000,7.960000,133500,0.000000,0.000000,7.900000,8.030000,7.540000,7.960000,8.569000,8.024000,8.265300,9.242700,8.436812,8.334503,0.102309,0.173110,-0.070801,45.902154,8.569000,9.830860,7.307140,0.258690,0.828193,0.104044,0.002519,-0.155885,0.084469,-0.160338,0.576238,-0.713669,1.069529,-0.882976,-0.720898,0.708155,250880.000000,1062660.000000,-0.059214
2022-11-23,7.940000,8.340000,7.550000,7.870000,104000,0.000000,0.000000,7.940000,8.340000,7.550000,7.870000,8.562500,7.992400,8.285200,9.188750,8.349610,8.300095,0.049515,0.148391,-0.098876,44.999377,8.562500,9.837967,7.287033,0.228531,0.825465,0.104888,-0.011307,-0.130387,-0.028395,-0.152853,0.577154,-0.724053,1.009771,-0.884299,-0.710981,0.688841,250170.000000,818480.000000,-0.045730
2022-11-25,7.910000,8.250000,7.800000,7.930000,54700,0.000000,0.000000,7.910000,8.250000,7.800000,7.930000,8.572000,7.965400,8.292900,9.125850,8.285055,8.272681,0.012374,0.121188,-0.108814,45.765184,8.572000,9.824292,7.319708,0.243670,0.798646,0.100712,0.007624,-0.124724,-0.008750,-0.125689,0.669474,-0.708777,1.008951,-0.883417,-0.705970,0.701717,249210.000000,433771.000000,-0.050300
2022-11-28,7.850000,7.980000,7.370000,7.510000,118500,0.000000,0.000000,7.850000,7.980000,7.370000,7.510000,8.484500,7.937400,8.295900,9.066550,8.165816,8.216186,-0.050370,0.086876,-0.137247,41.417860,8.484500,9.778250,7.190750,0.123382,0.785171,0.104550,-0.052963,-0.118545,-0.029716,-0.191604,0.526423,-0.721542,1.020044,-0.889591,-0.718305,0.611588,236825.000000,889935.000000,-0.111042
2022-11-29,7.500000,7.710000,7.410000,7.590000,91200,0.000000,0.000000,7.500000,7.710000,7.410000,7.590000,8.376000,7.910800,8.288000,9.009000,8.077229,8.169802,-0.092573,0.050986,-0.143560,42.537546,8.376000,9.580228,7.171772,0.173650,0.750516,0.098882,0.010652,-0.044081,-0.180346,-0.057143,0.511952,-0.702470,0.733001,-0.888415,-0.715304,0.628755,224480.000000,692208.000000,0.018541
2022-11-30,7.650000,7.920000,7.340000,7.770000,114600,0.000000,0.000000,7.650000,7.920000,7.340000,7.770000,8.301500,7.889200,8.284800,8.957450,8.029963,8.140187,-0.110224,0.018744,-0.128968,45.080983,8.301500,9.458907,7.144093,0.270392,0.738336,0.095024,0.023715,-0.023869,-0.203893,-0.068345,0.667382,-0.707345,0.707579,-0.885769,-0.708552,0.667382,213940.000000,890442.000000,-0.038877
2022-12-01,7.920000,8.040000,7.780000,7.870000,84000,0.000000,0.000000,7.920000,8.040000,7.780000,7.870000,8.230500,7.873000,8.283500,8.904900,8.005353,8.120173,-0.114820,-0.007969,-0.106851,46.497822,8.230500,9.303743,7.157257,0.332051,0.704884,0.089566,0.012870,0.000000,-0.150108,-0.094361,0.670913,-0.689669,0.695088,-0.884299,-0.704801,0.688841,199415.000000,661080.000000,-0.068678
2022-12-02,7.690000,8.030000,7.270000,7.870000,124500,0.000000,0.000000,7.690000,8.030000,7.270000,7.870000,8.183500,7.882000,8.277900,8.854850,7.984529,8.101642,-0.117112,-0.029797,-0.087315,46.497822,8.183500,9.231933,7.135067,0.350491,0.708821,0.090066,0.000000,-0.007566,-0.152853,-0.126526,0.549213,-0.694488,0.694588,-0.884299,-0.704801,0.688841,200390.000000,979815.000000,-0.111965
2022-12-05,7.900000,8.120000,7.590000,7.670000,82900,0.000000,0.000000,7.900000,8.120000,7.590000,7.670000,8.153000,7.906400,8.274300,8.810800,7.936140,8.069668,-0.133528,-0.050544,-0.082984,43.872461,8.153000,9.224842,7.081158,0.274687,0.696048,0.090749,-0.025413,0.021305,-0.129398,-0.115340,0.515810,-0.694422,0.679076,-0.887239,-0.712303,0.645923,197025.000000,635843.000000,-0.088924
2022-12-06,7.660000,7.780000,7.463000,7.630000,102700,0.000000,0.000000,7.660000,7.780000,7.463000,7.630000,8.127500,7.928600,8.270800,8.764800,7.889042,8.037100,-0.148058,-0.070047,-0.078012,43.345336,8.127500,9.224613,7.030387,0.273269,0.668973,0.087677,-0.005215,0.005270,-0.078502,-0.146532,0.230645,-0.697582,0.649602,-0.887827,-0.713803,0.637339,197525.000000,783601.000000,-0.080639
2022-12-07,7.660000,7.810000,7.585000,7.700000,107900,0.000000,0.000000,7.660000,7.810000,7.585000,7.700000,8.105500,7.947000,8.269800,8.719700,7.859958,8.012130,-0.152171,-0.086472,-0.065700,44.599793,8.105500,9.219081,6.991919,0.317930,0.637261,0.082761,0.009174,-0.009009,-0.054054,-0.179104,0.252033,-0.703161,0.648896,-0.886798,-0.711178,0.652361,197705.000000,830830.000000,-0.102931
2022-12-08,7.710000,7.920000,7.470000,7.800000,81200,0.000000,0.000000,7.710000,7.920000,7.470000,7.800000,8.112500,7.959200,8.263900,8.677600,7.850734,7.996417,-0.145682,-0.098314,-0.047369,46.424824,8.112500,9.216004,7.008996,0.358406,0.623885,0.079985,0.012987,-0.008895,-0.041769,-0.150327,0.347150,-0.700000,0.650919,-0.885328,-0.707427,0.673820,196715.000000,633360.000000,-0.065264
2022-12-09,7.760000,7.910000,7.650000,7.750000,107400,0.000000,0.000000,7.760000,7.910000,7.650000,7.750000,8.100500,7.972600,8.252200,8.634350,7.835237,7.978164,-0.142927,-0.107236,-0.035691,45.615676,8.100500,9.214780,6.986220,0.342724,0.597893,0.077147,-0.006410,-0.015248,0.011749,-0.172009,0.546906,-0.694521,0.616747,-0.886063,-0.709302,0.663090,193795.000000,832350.000000,-0.069143
2022-12-12,7.840000,8.150000,7.750000,8.100000,98400,0.000000,0.000000,7.840000,8.150000,7.750000,8.100000,8.080500,7.996000,8.248000,8.589000,7.875969,7.987188,-0.111219,-0.108033,-0.003186,51.931381,8.080500,9.178833,6.982167,0.508877,0.583758,0.072069,0.045161,0.056063,0.013767,-0.125270,0.666667,-0.677291,0.618564,-0.880917,-0.696174,0.738197,192200.000000,797040.000000,-0.083165
2022-12-13,8.430000,8.630000,8.070000,8.420000,128200,0.000000,0.000000,8.430000,8.630000,8.070000,8.420000,8.072000,8.022600,8.252300,8.544100,7.959666,8.019249,-0.059582,-0.098343,0.038761,56.863765,8.072000,9.156272,6.987728,0.660476,0.582061,0.069128,0.039506,0.103539,-0.009412,-0.108995,0.684000,-0.669804,0.592819,-0.876213,-0.684171,0.806867,124410.000000,1079444.000000,-0.069500
2022-12-14,8.410000,8.850000,8.360000,8.630000,171700,0.000000,0.000000,8.410000,8.850000,8.360000,8.630000,8.032000,8.035800,8.267100,8.502650,8.062795,8.064489,-0.001695,-0.079013,0.077318,59.780431,8.032000,8.951899,7.112101,0.825036,0.575485,0.066684,0.024941,0.120779,0.004657,-0.070043,0.712302,-0.654385,0.598047,-0.873126,-0.676294,0.851931,121295.000000,1481771.000000,-0.037022
2022-12-15,8.460000,8.550000,8.120000,8.170000,81900,0.000000,0.000000,8.460000,8.550000,8.120000,8.170000,7.988000,8.039000,8.275100,8.457950,8.079288,8.072305,0.006983,-0.061814,0.068797,51.556963,7.988000,8.777873,7.198127,0.615208,0.570808,0.069866,-0.053302,0.047436,-0.133616,-0.083053,0.681070,-0.683701,0.512519,-0.879888,-0.693548,0.753219,120705.000000,669123.000000,-0.027336
2022-12-16,8.170000,8.210000,7.530000,7.720000,1470500,0.000000,0.000000,8.170000,8.210000,7.530000,7.720000,7.921000,8.031800,8.276800,8.417000,8.024013,8.046208,-0.022196,-0.053890,0.031695,45.030970,7.921000,8.535968,7.306032,0.336577,0.578607,0.074949,-0.055080,-0.003871,-0.146961,-0.134529,0.432282,-0.680199,0.527221,-0.886504,-0.710428,0.656652,178620.000000,11352260.000000,-0.062608
2022-12-19,7.750000,7.960000,7.320000,7.830000,198800,0.000000,0.000000,7.750000,7.960000,7.320000,7.830000,7.886500,8.033600,8.281000,8.379750,7.994165,8.030193,-0.036028,-0.050318,0.014290,46.803554,7.886500,8.433656,7.339344,0.448369,0.582992,0.074456,0.014249,-0.033333,-0.135762,-0.115254,0.617769,-0.688420,0.531715,-0.884887,-0.706302,0.680258,181170.000000,1556604.000000,-0.038316
2022-12-20,7.790000,8.080000,7.730000,7.800000,153500,0.000000,0.000000,7.790000,8.080000,7.730000,7.800000,7.879500,8.037200,8.290400,8.339550,7.964293,8.013142,-0.048848,-0.050024,0.001176,46.364430,7.879500,8.427356,7.331644,0.427444,0.566350,0.072609,-0.003831,-0.073634,-0.084507,-0.101382,0.428571,-0.701949,0.495222,-0.885328,-0.707427,0.673820,180505.000000,1197300.000000,-0.041394
2022-12-21,7.900000,8.485000,7.770000,8.160000,135800,0.000000,0.000000,7.900000,8.485000,7.770000,8.160000,7.889500,8.047600,8.309200,8.307850,7.994402,8.024020,-0.029618,-0.045943,0.016325,52.164393,7.889500,8.450682,7.328318,0.741009,0.576968,0.070707,0.046154,-0.054461,0.027708,0.099730,0.309791,-0.693923,0.465386,-0.880035,-0.686756,0.751073,180620.000000,1108128.000000,0.132029
2022-12-22,8.170000,8.260000,7.710000,8.210000,189300,0.000000,0.000000,8.170000,8.260000,7.710000,8.210000,7.906500,8.063400,8.326400,8.273150,8.027571,8.037796,-0.010225,-0.038799,0.028574,52.925784,7.906500,8.485511,7.327489,0.762085,0.575042,0.070042,0.006127,0.004896,0.031407,0.272868,0.377517,-0.660041,0.465632,-0.879300,-0.684837,0.761803,184885.000000,1554153.000000,0.308920
2022-12-23,8.200000,8.407000,7.780000,7.970000,94700,0.000000,0.000000,8.200000,8.407000,7.780000,7.970000,7.908500,8.077200,8.338600,8.239850,8.018714,8.032774,-0.014061,-0.033852,0.019791,48.902221,7.908500,8.488129,7.328871,0.553051,0.578753,0.072616,-0.029233,0.032383,0.012706,0.222393,0.085831,-0.686097,0.476056,-0.882829,-0.694050,0.710300,186885.000000,754759.000000,0.250631
2022-12-27,7.920000,8.120000,7.530000,7.730000,336200,0.000000,0.000000,7.920000,8.120000,7.530000,7.730000,7.919500,8.091400,8.345800,8.209350,7.974296,8.010347,-0.036050,-0.034291,-0.001759,45.201541,7.919500,8.475140,7.363860,0.329476,0.579556,0.074975,-0.030113,-0.012771,-0.025221,0.140118,0.342014,-0.695909,0.487290,-0.886357,-0.703263,0.658798,197770.000000,2598826.000000,0.184097
2022-12-28,7.660000,7.970000,7.660000,7.790000,143400,0.000000,0.000000,7.660000,7.970000,7.660000,7.790000,7.929500,8.103200,8.338700,8.186150,7.945943,7.994025,-0.048082,-0.037049,-0.011032,46.295716,7.929500,8.467076,7.391924,0.370251,0.560302,0.071926,0.007762,-0.001282,0.037284,0.083449,0.437269,-0.689394,0.449245,-0.885475,-0.700960,0.671674,200380.000000,1117086.000000,0.159307
2022-12-29,7.900000,8.360000,7.770000,8.070000,229400,0.000000,0.000000,7.900000,8.360000,7.770000,8.070000,7.944500,8.118800,8.334200,8.166250,7.965029,7.999652,-0.034624,-0.036564,0.001941,51.193373,7.944500,8.480075,7.408925,0.617164,0.562423,0.069693,0.035944,-0.011029,0.063241,0.139831,0.469945,-0.686967,0.463605,-0.881358,-0.690211,0.731760,206120.000000,1851258.000000,0.163991
2022-12-30,8.340000,9.880000,8.150000,9.050000,444700,0.000000,0.000000,8.340000,9.880000,8.150000,9.050000,8.003500,8.158600,8.333800,8.152050,8.131947,8.077456,0.054491,-0.018353,0.072845,63.678565,8.003500,8.730347,7.276653,1.219890,0.651536,0.071993,0.121437,0.102314,0.164736,0.305916,0.697936,-0.652591,0.616213,-0.866951,-0.635668,0.942060,224155.000000,4024535.000000,0.316236
