Date,Open,High,Low,Close,Volume,Dividends,Splits,AdjOpen,AdjHigh,AdjLow,AdjClose
2021-01-03,24.700001,24.820000,24.700001,24.799999,300828,0.000000,0.000000,19.199021,19.292295,19.199021,19.276749
2021-01-04,24.940001,24.940001,24.719999,24.719999,715970,0.000000,0.000000,19.385568,19.385568,19.214563,19.214563
2021-01-05,24.780001,24.940001,24.639999,24.940001,1898483,0.000000,0.000000,19.261203,19.385569,19.152381,19.385569
2021-01-06,24.940001,24.940001,24.740000,24.780001,357487,0.000000,0.000000,19.385568,19.385568,19.230110,19.261202
2021-01-07,24.799999,24.879999,24.719999,24.840000,789659,0.000000,0.000000,19.276748,19.338931,19.214565,19.307840
2021-01-10,24.860001,25.100000,24.820000,25.049999,1206397,0.000000,0.000000,19.323384,19.509933,19.292292,19.471067
2021-01-11,25.000000,25.250000,24.920000,25.250000,1633682,0.000000,0.000000,19.432204,19.626526,19.370021,19.626526
2021-01-12,25.250000,25.299999,25.049999,25.299999,742336,0.000000,0.000000,19.626528,19.665392,19.471070,19.665392
2021-01-13,25.200001,25.450001,25.100000,25.400000,882423,0.000000,0.000000,19.587663,19.781985,19.509934,19.743120
2021-01-14,25.400000,25.400000,25.150000,25.400000,596190,0.000000,0.000000,19.743120,19.743120,19.548798,19.743120
2021-01-17,25.299999,25.549999,25.299999,25.450001,570710,0.000000,0.000000,19.665388,19.859710,19.665388,19.781982
2021-01-18,25.450001,25.799999,25.400000,25.799999,815569,0.000000,0.000000,19.781985,20.054035,19.743120,20.054035
2021-01-19,25.799999,26.650000,25.799999,26.250000,1172401,0.000000,0.000000,20.054032,20.714727,20.054032,20.403812
2021-01-20,26.299999,27.000000,26.299999,26.799999,1210517,0.000000,0.000000,20.442678,20.986780,20.442678,20.831322
2021-01-21,26.850000,27.200001,26.799999,27.200001,1348094,0.000000,0.000000,20.870187,21.142239,20.831322,21.142239
2021-01-24,27.000000,27.200001,26.900000,27.000000,438988,0.000000,0.000000,20.986782,21.142240,20.909053,20.986782
2021-01-25,27.000000,27.150000,26.900000,27.049999,453992,0.000000,0.000000,20.986782,21.103375,20.909053,21.025646
2021-01-26,26.950001,27.000000,26.650000,26.700001,569903,0.000000,0.000000,20.947917,20.986781,20.714730,20.753595
2021-01-27,26.850000,26.900000,26.150000,26.150000,509757,0.000000,0.000000,20.870188,20.909052,20.326086,20.326086
2021-01-28,25.799999,26.799999,25.799999,26.799999,785635,0.000000,0.000000,20.054034,20.831322,20.054034,20.831322
2021-01-31,26.400000,26.600000,26.150000,26.200001,639094,0.000000,0.000000,20.520407,20.675865,20.326085,20.364950
2021-02-01,26.450001,26.700001,26.000000,26.000000,649215,0.000000,0.000000,20.559272,20.753594,20.209492,20.209492
2021-02-02,26.200001,26.350000,25.500000,25.500000,785975,0.000000,0.000000,20.364949,20.481542,19.820847,19.820847
2021-02-03,25.549999,25.650000,25.049999,25.049999,634546,0.000000,0.000000,19.859712,19.937441,19.471067,19.471067
2021-02-04,25.000000,25.549999,25.000000,25.299999,553020,0.000000,0.000000,19.432206,19.859714,19.432206,19.665392
2021-02-07,25.700001,25.850000,25.400000,25.400000,705355,0.000000,0.000000,19.976308,20.092900,19.743120,19.743120
2021-02-08,25.400000,25.850000,25.400000,25.450001,570242,0.000000,0.000000,19.743117,20.092897,19.743117,19.781982
2021-02-09,25.700001,25.900000,25.549999,25.549999,839123,0.000000,0.000000,19.976305,20.131762,19.859711,19.859711
2021-02-10,25.650000,26.000000,25.549999,25.600000,1029296,0.000000,0.000000,19.937442,20.209494,19.859713,19.898579
2021-02-11,25.500000,25.850000,25.500000,25.750000,693356,0.000000,0.000000,19.820849,20.092900,19.820849,20.015171
2021-02-14,25.750000,25.750000,25.650000,25.650000,292399,0.000000,0.000000,20.015170,20.015170,19.937441,19.937441
2021-02-15,25.750000,25.799999,25.600000,25.650000,630640,0.000000,0.000000,20.015170,20.054034,19.898577,19.937441
2021-02-16,25.650000,25.950001,25.400000,25.750000,943787,0.000000,0.000000,19.937442,20.170629,19.743120,20.015171
2021-02-17,25.799999,25.900000,25.500000,25.700001,474871,0.000000,0.000000,20.054035,20.131764,19.820849,19.976307
2021-02-18,25.650000,25.850000,25.000000,25.000000,1445422,0.000000,0.000000,19.937444,20.092902,19.432207,19.432207
2021-02-21,25.450001,25.500000,25.200001,25.250000,252410,0.000000,0.000000,19.781984,19.820848,19.587662,19.626526
2021-02-22,25.200001,25.250000,24.980000,25.000000,1126455,0.000000,0.000000,19.587665,19.626529,19.416661,19.432207
2021-02-23,25.150000,25.299999,24.760000,24.760000,2272777,0.000000,0.000000,19.548797,19.665390,19.245655,19.245655
2021-02-24,24.940001,25.000000,24.520000,24.520000,957763,0.000000,0.000000,19.385564,19.432201,19.059103,19.059103
2021-02-25,24.600000,24.740000,24.160000,24.160000,2912074,0.000000,0.000000,19.121287,19.230107,18.779280,18.779280
2021-02-28,24.160000,24.400000,24.020000,24.299999,441044,0.000000,0.000000,18.779282,18.965831,18.670462,18.888102
2021-03-01,24.299999,24.540001,24.139999,24.139999,1995208,0.000000,0.000000,18.888101,19.074651,18.763735,18.763735
2021-03-02,24.200001,24.440001,24.120001,24.139999,2136216,0.000000,0.000000,18.810373,18.996922,18.748190,18.763735
2021-03-03,24.240000,24.400000,24.180000,24.280001,1367975,0.000000,0.000000,18.841464,18.965830,18.794828,18.872557
2021-03-04,24.260000,24.400000,24.040001,24.040001,1717807,0.000000,0.000000,18.857009,18.965829,18.686007,18.686007
2021-03-07,24.280001,24.340000,24.120001,24.240000,717920,0.000000,0.000000,18.872553,18.919190,18.748187,18.841461
2021-03-08,24.219999,24.320000,24.180000,24.200001,1395033,0.000000,0.000000,18.825922,18.903651,18.794831,18.810377
2021-03-09,24.200001,24.660000,24.200001,24.600000,2683137,0.000000,0.000000,18.810375,19.167927,18.810375,19.121290
2021-03-10,24.600000,25.549999,24.540001,25.250000,3158413,0.000000,0.000000,19.121289,19.859712,19.074652,19.626526
2021-03-11,25.450001,25.700001,25.299999,25.500000,1450812,0.000000,0.000000,19.781983,19.976305,19.665388,19.820847
2021-03-14,25.500000,26.150000,25.500000,26.049999,1270343,0.000000,0.000000,19.820850,20.326087,19.820850,20.248358
2021-03-15,26.200001,26.200001,25.750000,25.799999,1173552,0.000000,0.000000,20.364952,20.364952,20.015171,20.054035
2021-03-16,25.700001,26.000000,25.200001,25.400000,1910808,0.000000,0.000000,19.976308,20.209493,19.587663,19.743120
2021-03-17,25.650000,25.650000,25.200001,25.450001,1315052,0.000000,0.000000,19.937439,19.937439,19.587660,19.781982
2021-03-18,25.549999,25.700001,25.200001,25.250000,5283266,0.000000,0.000000,19.859712,19.976306,19.587662,19.626526
2021-03-21,25.250000,25.450001,25.150000,25.299999,608126,0.000000,0.000000,19.626528,19.781986,19.548799,19.665392
2021-03-22,25.299999,25.549999,25.200001,25.500000,1617160,0.000000,0.000000,19.665388,19.859710,19.587661,19.820847
2021-03-23,25.700001,25.700001,25.200001,25.200001,932577,0.000000,0.000000,19.976308,19.976308,19.587664,19.587664
2021-03-24,25.200001,25.450001,25.049999,25.100000,707324,0.000000,0.000000,19.587663,19.781985,19.471068,19.509933
2021-03-25,25.100000,25.299999,24.920000,24.920000,687697,0.000000,0.000000,19.509934,19.665391,19.370022,19.370022
2021-03-28,25.200001,25.200001,24.980000,25.150000,576908,0.000000,0.000000,19.587663,19.587663,19.416659,19.548798
2021-03-29,25.100000,25.500000,25.049999,25.500000,575306,0.000000,0.000000,19.509932,19.820847,19.471066,19.820847
2021-03-30,25.500000,25.600000,25.150000,25.450001,665415,0.000000,0.000000,19.820846,19.898575,19.548795,19.781982
2021-03-31,27.000000,27.049999,25.799999,26.350000,5462846,0.000000,0.000000,20.986782,21.025645,20.054035,20.481544
2021-04-01,26.500000,27.150000,26.150000,26.900000,2572256,0.000000,0.000000,20.598139,21.103376,20.326088,20.909054
2021-04-04,26.650000,27.500000,26.650000,27.000000,1211083,0.000000,0.000000,20.714731,21.375426,20.714731,20.986782
2021-04-05,27.100000,27.150000,26.900000,27.000000,770491,0.000000,0.000000,21.064511,21.103375,20.909053,20.986782
2021-04-06,27.049999,27.299999,27.000000,27.250000,1598786,0.000000,0.000000,21.025643,21.219965,20.986779,21.181101
2021-04-07,27.250000,27.250000,27.250000,27.250000,0,0.000000,0.000000,21.181101,21.181101,21.181101,21.181101
2021-04-08,28.549999,28.549999,27.950001,28.100000,1939190,0.000000,0.000000,22.191576,22.191576,21.725204,21.841797
2021-04-11,28.100000,28.100000,28.100000,28.100000,0,0.000000,0.000000,21.841797,21.841797,21.841797,21.841797
2021-04-12,27.500000,27.500000,27.000000,27.500000,2231902,0.000000,0.000000,21.375423,21.375423,20.986779,21.375423
2021-04-13,27.500000,28.100000,27.500000,27.700001,1404695,0.000000,0.000000,21.375424,21.841797,21.375424,21.530882
2021-04-14,27.700001,27.900000,27.400000,27.799999,813861,0.000000,0.000000,21.530884,21.686341,21.297697,21.608612
2021-04-15,27.850000,28.450001,27.650000,28.450001,1199211,0.000000,0.000000,21.647475,22.113848,21.492016,22.113848
2021-04-18,28.500000,28.700001,28.299999,28.549999,839251,0.000000,0.000000,22.152714,22.308172,21.997256,22.191578
2021-04-19,28.549999,29.000000,28.299999,28.950001,1207177,0.000000,0.000000,22.191575,22.541355,21.997253,22.502491
2021-04-20,29.049999,29.900000,29.049999,29.799999,1135385,0.000000,0.000000,22.580221,23.240916,22.580221,23.163187
2021-04-21,29.799999,29.799999,29.350000,29.600000,612650,0.000000,0.000000,23.163185,23.163185,22.813407,23.007729
2021-04-22,29.549999,29.549999,28.799999,28.900000,1125737,0.000000,0.000000,22.968864,22.968864,22.385898,22.463627
2021-04-25,28.950001,29.400000,28.900000,29.049999,809753,0.000000,0.000000,22.502494,22.852272,22.463628,22.580221
2021-04-26,29.250000,29.250000,28.750000,29.200001,1225099,0.000000,0.000000,22.735677,22.735677,22.347033,22.696814
2021-04-27,29.049999,29.600000,28.850000,29.600000,1276765,0.000000,0.000000,22.580219,23.007729,22.424762,23.007729
2021-04-28,29.950001,31.700001,29.650000,31.100000,4242894,0.000000,0.000000,23.279781,24.640035,23.046594,24.173662
2021-04-29,30.500000,30.850000,30.400000,30.750000,935083,0.000000,0.000000,23.707289,23.979340,23.629560,23.901611
2021-05-02,30.500000,30.750000,29.900000,30.049999,929526,0.000000,0.000000,23.707292,23.901614,23.240919,23.357512
2021-05-03,30.150000,30.150000,29.250000,29.250000,618398,0.000000,0.000000,23.435239,23.435239,22.735680,22.735680
2021-05-04,29.250000,29.650000,28.600000,29.400000,1211015,0.000000,0.000000,22.735681,23.046596,22.230444,22.852274
2021-05-05,29.450001,29.549999,28.600000,29.350000,1205259,0.000000,0.000000,22.891133,22.968861,22.230438,22.813404
2021-05-06,29.350000,29.350000,28.000000,28.500000,1741281,0.000000,0.000000,22.813407,22.813407,21.764068,22.152712
2021-05-09,28.850000,29.049999,28.700001,28.900000,545506,0.000000,0.000000,22.424763,22.580220,22.308170,22.463627
2021-05-10,29.100000,29.900000,28.950001,29.900000,936998,0.000000,0.000000,22.619089,23.240919,22.502496,23.240919
2021-05-17,29.900000,30.500000,29.750000,30.400000,1276586,0.000000,0.000000,23.240916,23.707290,23.124323,23.629560
2021-05-18,30.350000,30.600000,29.900000,29.950001,542843,0.000000,0.000000,23.590696,23.785018,23.240916,23.279781
2021-05-19,29.850000,30.049999,29.350000,29.450001,760649,0.000000,0.000000,23.202051,23.357508,22.813407,22.891136
2021-05-20,29.450001,29.549999,28.900000,29.049999,946412,0.000000,0.000000,22.891138,22.968865,22.463628,22.580221
2021-05-23,29.299999,29.600000,29.049999,29.549999,440385,0.000000,0.000000,22.774542,23.007730,22.580220,22.968864
2021-05-24,29.549999,29.650000,29.299999,29.299999,306718,0.000000,0.000000,22.968866,23.046595,22.774544,22.774544
2021-05-25,29.350000,30.600000,29.350000,30.450001,1115693,0.000000,0.000000,22.813407,23.785018,22.813407,23.668425
2021-05-26,30.100000,31.000000,30.100000,30.650000,1348323,0.000000,0.000000,23.396373,24.095932,23.396373,23.823881
2021-05-27,30.350000,31.200001,30.350000,31.200001,1879940,0.000000,0.000000,23.590693,24.251389,23.590693,24.251389
2021-05-30,31.250000,31.250000,30.500000,30.549999,668299,0.000000,0.000000,24.290253,24.290253,23.707287,23.746151
2021-05-31,30.850000,30.850000,30.250000,30.549999,878430,0.000000,0.000000,23.979338,23.979338,23.512965,23.746151
2021-06-01,30.500000,30.900000,30.350000,30.350000,1681415,0.000000,0.000000,23.707291,24.018206,23.590698,23.590698
2021-06-02,30.450001,30.850000,30.350000,30.850000,637065,0.000000,0.000000,23.668425,23.979340,23.590696,23.979340
2021-06-03,30.600000,31.000000,30.600000,30.950001,703949,0.000000,0.000000,23.785017,24.095932,23.785017,24.057068
2021-06-06,30.950001,31.049999,30.450001,30.650000,467243,0.000000,0.000000,24.057068,24.134796,23.668424,23.823881
2021-06-07,30.700001,30.850000,30.500000,30.799999,885581,0.000000,0.000000,23.862748,23.979341,23.707290,23.940475
2021-06-08,30.799999,31.200001,30.700001,31.200001,1916273,0.000000,0.000000,23.940472,24.251389,23.862745,24.251389
2021-06-09,31.200001,31.450001,31.150000,31.450001,1050704,0.000000,0.000000,24.251389,24.445711,24.212524,24.445711
2021-06-10,31.450001,31.600000,31.350000,31.350000,1813989,0.000000,0.000000,24.445712,24.562305,24.367983,24.367983
2021-06-13,31.600000,31.600000,30.900000,30.900000,1206783,0.000000,0.000000,24.562308,24.562308,24.018206,24.018206
2021-06-14,31.150000,31.350000,30.950001,31.350000,1335699,0.000000,0.000000,24.212525,24.367983,24.057068,24.367983
2021-06-15,31.400000,31.500000,31.049999,31.150000,874960,0.000000,0.000000,24.406846,24.484576,24.134795,24.212524
2021-06-16,31.250000,31.700001,31.250000,31.700001,943814,0.000000,0.000000,24.290253,24.640034,24.290253,24.640034
2021-06-17,31.650000,32.500000,31.650000,32.500000,3231756,0.000000,0.000000,24.601167,25.261862,24.601167,25.261862
2021-06-20,32.400002,32.400002,31.700001,31.700001,473871,0.000000,0.000000,25.184136,25.184136,24.640034,24.640034
2021-06-21,31.700001,31.700001,31.299999,31.549999,983100,0.000000,0.000000,24.640036,24.640036,24.329119,24.523441
2021-06-22,31.450001,31.799999,31.400000,31.500000,1159683,0.000000,0.000000,24.445713,24.717763,24.406848,24.484577
2021-06-23,31.700001,31.750000,31.350000,31.500000,1164165,0.000000,0.000000,24.640035,24.678899,24.367984,24.484577
2021-06-24,31.600000,31.700001,31.400000,31.500000,690522,0.000000,0.000000,24.562306,24.640035,24.406848,24.484577
2021-06-27,31.500000,31.500000,31.500000,31.500000,0,0.000000,0.000000,24.484577,24.484577,24.484577,24.484577
2021-06-28,31.549999,31.700001,31.400000,31.700001,1004645,0.000000,0.000000,24.523439,24.640034,24.406846,24.640034
2021-06-29,31.500000,31.650000,31.400000,31.549999,312457,0.000000,0.000000,24.484577,24.601170,24.406848,24.523441
2021-06-30,31.500000,31.549999,31.100000,31.500000,585728,0.000000,0.000000,24.484577,24.523441,24.173662,24.484577
2021-07-01,31.400000,31.600000,31.250000,31.299999,438135,0.000000,0.000000,24.406848,24.562306,24.290255,24.329119
2021-07-04,31.500000,31.700001,31.450001,31.650000,565357,0.000000,0.000000,24.484579,24.640037,24.445715,24.601171
2021-07-05,31.650000,31.700001,31.299999,31.600000,424547,0.000000,0.000000,24.601169,24.640035,24.329118,24.562305
2021-07-06,31.600000,31.600000,31.049999,31.100000,684839,0.000000,0.000000,24.562306,24.562306,24.134797,24.173662
2021-07-07,31.100000,31.350000,30.850000,31.250000,921953,0.000000,0.000000,24.173662,24.367984,23.979340,24.290255
2021-07-08,31.299999,31.299999,30.400000,30.900000,1437526,0.000000,0.000000,24.329121,24.329121,23.629562,24.018206
2021-07-11,31.250000,31.250000,29.900000,29.900000,572977,0.000000,0.000000,24.290259,24.290259,23.240919,23.240919
2021-07-12,29.799999,30.450001,29.799999,30.000000,646017,0.000000,0.000000,23.163185,23.668424,23.163185,23.318644
2021-07-13,30.000000,30.200001,29.950001,30.150000,289162,0.000000,0.000000,23.318641,23.474099,23.279777,23.435234
2021-07-14,30.100000,30.150000,29.850000,29.950001,681826,0.000000,0.000000,23.396374,23.435238,23.202052,23.279781
2021-07-15,29.950001,30.400000,29.900000,30.350000,1030890,0.000000,0.000000,23.279783,23.629562,23.240918,23.590698
2021-07-25,30.400000,30.900000,30.100000,30.100000,555928,0.000000,0.000000,23.629558,24.018202,23.396372,23.396372
2021-07-26,30.299999,30.400000,30.000000,30.200001,633412,0.000000,0.000000,23.551833,23.629563,23.318648,23.474106
2021-07-27,30.350000,30.450001,30.150000,30.400000,448070,0.000000,0.000000,23.590697,23.668426,23.435238,23.629560
2021-07-28,30.200001,30.450001,30.200001,30.250000,135190,0.000000,0.000000,23.474104,23.668426,23.474104,23.512968
2021-07-29,30.200001,30.850000,30.100000,30.799999,505743,0.000000,0.000000,23.474104,23.979341,23.396375,23.940475
2021-08-01,31.000000,31.000000,30.700001,30.700001,186455,0.000000,0.000000,24.095933,24.095933,23.862747,23.862747
2021-08-02,30.799999,31.299999,30.700001,31.200001,806948,0.000000,0.000000,23.940472,24.329116,23.862745,24.251389
2021-08-03,31.250000,31.750000,31.000000,31.750000,440859,0.000000,0.000000,24.290254,24.678898,24.095932,24.678898
2021-08-04,31.750000,31.750000,31.250000,31.600000,333604,0.000000,0.000000,24.678898,24.678898,24.290254,24.562305
2021-08-05,31.750000,32.000000,31.400000,32.000000,708427,0.000000,0.000000,24.678898,24.873220,24.406847,24.873220
2021-08-08,31.500000,31.700001,31.400000,31.549999,739115,0.500000,0.000000,24.873218,25.031144,24.794255,24.912699
2021-08-09,31.549999,31.600000,31.299999,31.600000,242895,0.000000,0.000000,24.912701,24.952183,24.715294,24.952183
2021-08-10,31.600000,31.750000,31.500000,31.750000,836395,0.000000,0.000000,24.952182,25.070625,24.873219,25.070625
2021-08-11,31.750000,32.500000,31.700001,32.500000,1456853,0.000000,0.000000,25.070628,25.662848,25.031147,25.662848
2021-08-12,32.599998,33.200001,32.599998,33.150002,1000211,0.000000,0.000000,25.741807,26.215584,25.741807,26.176104
2021-08-15,33.200001,33.700001,33.150002,33.599998,322760,0.000000,0.000000,26.215585,26.610398,26.176104,26.531433
2021-08-16,33.349998,33.799999,33.349998,33.750000,531158,0.000000,0.000000,26.334030,26.689362,26.334030,26.649881
2021-08-17,33.799999,34.599998,33.250000,34.599998,1077181,0.000000,0.000000,26.689356,27.321056,26.255063,27.321056
2021-08-18,34.799999,34.799999,34.250000,34.799999,576483,0.000000,0.000000,27.478985,27.478985,27.044691,27.478985
2021-08-19,34.599998,34.599998,33.500000,34.200001,727936,0.000000,0.000000,27.321058,27.321058,26.452470,27.005209
2021-08-22,33.750000,34.000000,33.200001,33.200001,280410,0.000000,0.000000,26.649881,26.847288,26.215588,26.215588
2021-08-23,32.750000,33.700001,32.750000,33.700001,504307,0.000000,0.000000,25.860256,26.610401,25.860256,26.610401
2021-08-24,33.599998,33.599998,33.200001,33.400002,342111,0.000000,0.000000,26.531433,26.531433,26.215585,26.373510
2021-08-25,33.400002,34.099998,33.349998,34.099998,400465,0.000000,0.000000,26.373511,26.926247,26.334027,26.926247
2021-08-26,34.150002,34.450001,33.950001,34.450001,261583,0.000000,0.000000,26.965730,27.202618,26.807805,27.202618
2021-08-29,34.349998,34.400002,34.099998,34.299999,81501,0.000000,0.000000,27.123654,27.163138,26.926247,27.084173
2021-08-30,34.299999,34.500000,33.950001,34.400002,1188723,0.000000,0.000000,27.084169,27.242095,26.807801,27.163134
2021-08-31,34.450001,34.599998,34.200001,34.450001,1592589,0.000000,0.000000,27.202618,27.321060,27.005211,27.202618
2021-09-01,34.400002,34.450001,34.200001,34.400002,461355,0.000000,0.000000,27.163134,27.202614,27.005208,27.163134
2021-09-02,34.099998,34.400002,34.099998,34.400002,261502,0.000000,0.000000,26.926243,27.163134,26.926243,27.163134
2021-09-05,34.200001,34.299999,33.900002,34.000000,319492,0.000000,0.000000,27.005212,27.084173,26.768325,26.847286
2021-09-06,33.799999,34.299999,33.799999,34.200001,523653,0.000000,0.000000,26.689357,27.084170,26.689357,27.005209
2021-09-07,34.250000,34.500000,33.799999,33.799999,466157,0.000000,0.000000,27.044698,27.242104,26.689365,26.689365
2021-09-08,33.950001,34.150002,33.900002,34.000000,562427,0.000000,0.000000,26.807806,26.965731,26.768325,26.847286
2021-09-09,34.000000,34.200001,33.700001,33.900002,793546,0.000000,0.000000,26.847285,27.005211,26.610398,26.768324
2021-09-12,34.299999,34.299999,33.299999,33.349998,509814,0.000000,0.000000,27.084174,27.084174,26.294548,26.334028
2021-09-13,33.400002,33.650002,32.799999,33.650002,456896,0.000000,0.000000,26.373513,26.570919,25.899735,26.570919
2021-09-14,33.650002,33.700001,33.000000,33.250000,633390,0.000000,0.000000,26.570919,26.610400,26.057661,26.255068
2021-09-15,33.099998,33.250000,32.849998,33.000000,1253442,0.000000,0.000000,26.136624,26.255070,25.939218,26.057663
2021-09-16,33.000000,33.349998,32.750000,33.349998,1398915,0.000000,0.000000,26.057660,26.334028,25.860254,26.334028
2021-09-19,33.099998,33.099998,32.599998,32.599998,511440,0.000000,0.000000,26.136623,26.136623,25.741810,25.741810
2021-09-20,32.549999,32.700001,32.349998,32.549999,456735,0.000000,0.000000,25.702330,25.820775,25.544404,25.702330
2021-09-21,32.450001,32.500000,31.500000,32.000000,650012,0.000000,0.000000,25.623364,25.662845,24.873219,25.268032
2021-09-22,32.400002,32.400002,32.000000,32.000000,185811,0.000000,0.000000,25.583884,25.583884,25.268032,25.268032
2021-09-26,32.650002,32.650002,31.900000,32.049999,220535,0.000000,0.000000,25.781292,25.781292,25.189071,25.307514
2021-09-27,32.200001,32.200001,31.850000,31.850000,276008,0.000000,0.000000,25.425957,25.425957,25.149588,25.149588
2021-09-28,31.799999,32.450001,31.750000,31.799999,482755,0.000000,0.000000,25.110107,25.623366,25.070627,25.110107
2021-09-29,31.850000,32.500000,31.799999,32.500000,554242,0.000000,0.000000,25.149591,25.662848,25.110109,25.662848
2021-09-30,32.500000,33.150002,32.250000,33.150002,700763,0.000000,0.000000,25.662845,26.176104,25.465439,26.176104
2021-10-03,33.000000,33.150002,32.799999,32.799999,256073,0.000000,0.000000,26.057660,26.176105,25.899734,25.899734
2021-10-04,33.049999,33.450001,32.750000,33.299999,954437,0.000000,0.000000,26.097143,26.412995,25.860256,26.294550
2021-10-05,33.000000,33.900002,33.000000,33.900002,609155,0.000000,0.000000,26.057659,26.768324,26.057659,26.768324
2021-10-06,33.900002,34.099998,33.450001,33.500000,753927,0.000000,0.000000,26.768320,26.926243,26.412988,26.452469
2021-10-07,33.900002,33.900002,33.599998,33.849998,634994,0.000000,0.000000,26.768325,26.768325,26.531435,26.728842
2021-10-10,33.799999,33.799999,33.150002,33.200001,634932,0.000000,0.000000,26.689362,26.689362,26.176107,26.215588
2021-10-11,33.200001,33.200001,33.200001,33.200001,0,0.000000,0.000000,26.215588,26.215588,26.215588,26.215588
2021-10-12,33.299999,33.400002,33.200001,33.299999,1849879,0.000000,0.000000,26.294550,26.373514,26.215589,26.294550
2021-10-13,33.349998,33.700001,33.349998,33.500000,749065,0.000000,0.000000,26.334024,26.610395,26.334024,26.452469
2021-10-14,33.650002,33.700001,33.250000,33.700001,523462,0.000000,0.000000,26.570920,26.610401,26.255069,26.610401
2021-10-17,33.750000,33.750000,33.450001,33.750000,460547,0.000000,0.000000,26.649881,26.649881,26.412994,26.649881
2021-10-18,33.700001,33.750000,33.400002,33.650002,281557,0.000000,0.000000,26.610400,26.649880,26.373513,26.570919
2021-10-19,33.400002,33.599998,33.099998,33.500000,517781,0.000000,0.000000,26.373507,26.531430,26.136617,26.452469
2021-10-20,33.500000,33.950001,33.200001,33.900002,876426,0.000000,0.000000,26.452472,26.807805,26.215585,26.768324
2021-10-21,33.950001,33.950001,33.650002,33.900002,326096,0.000000,0.000000,26.807805,26.807805,26.570917,26.768324
2021-10-24,33.950001,34.099998,33.599998,33.950001,590608,0.000000,0.000000,26.807802,26.926244,26.531431,26.807802
2021-10-25,33.950001,34.000000,33.799999,34.000000,390630,0.000000,0.000000,26.807806,26.847286,26.689360,26.847286
2021-10-26,33.700001,34.000000,33.400002,33.400002,571965,0.000000,0.000000,26.610398,26.847285,26.373510,26.373510
2021-10-27,33.549999,34.000000,33.450001,33.900002,1243482,0.000000,0.000000,26.491953,26.847285,26.412992,26.768324
2021-10-28,33.650002,33.650002,33.150002,33.150002,1082739,0.000000,0.000000,26.570917,26.570917,26.176104,26.176104
2021-10-31,33.150002,33.299999,32.549999,32.549999,255166,0.000000,0.000000,26.176107,26.294549,25.702330,25.702330
2021-11-01,32.549999,32.650002,32.250000,32.400002,384095,0.000000,0.000000,25.702327,25.781292,25.465440,25.583885
2021-11-02,32.500000,32.599998,32.349998,32.549999,920916,0.000000,0.000000,25.662849,25.741810,25.544404,25.702330
2021-11-03,32.599998,32.700001,32.299999,32.549999,287271,0.000000,0.000000,25.741810,25.820775,25.504923,25.702330
2021-11-04,32.549999,32.900002,32.500000,32.900002,703559,0.000000,0.000000,25.702328,25.978699,25.662847,25.978699
2021-11-07,33.349998,33.349998,32.700001,33.150002,437504,0.000000,0.000000,26.334026,26.334026,25.820771,26.176104
2021-11-08,32.950001,33.799999,32.950001,33.799999,1652708,0.000000,0.000000,26.018184,26.689365,26.018184,26.689365
2021-11-09,33.900002,33.950001,33.049999,33.049999,868392,0.000000,0.000000,26.768323,26.807804,26.097139,26.097139
2021-11-10,33.099998,33.799999,33.099998,33.750000,525639,0.000000,0.000000,26.136623,26.689362,26.136623,26.649881
2021-11-11,33.650002,34.450001,33.650002,34.400002,1102581,0.000000,0.000000,26.570914,27.202614,26.570914,27.163134
2021-11-14,34.700001,34.700001,34.200001,34.500000,555353,0.000000,0.000000,27.400024,27.400024,27.005211,27.242098
2021-11-15,34.099998,34.500000,33.900002,33.900002,339402,0.000000,0.000000,26.926247,27.242098,26.768324,26.768324
2021-11-16,33.799999,34.000000,33.450001,33.750000,536809,0.000000,0.000000,26.689362,26.847288,26.412994,26.649881
2021-11-17,33.500000,33.799999,33.200001,33.200001,414561,0.000000,0.000000,26.452475,26.689362,26.215588,26.215588
2021-11-18,33.200001,33.200001,33.200001,33.200001,0,0.000000,0.000000,26.215588,26.215588,26.215588,26.215588
2021-11-21,32.500000,32.500000,31.500000,32.000000,660840,0.000000,0.000000,25.662845,25.662845,24.873219,25.268032
2021-11-22,32.000000,32.000000,31.049999,31.549999,1146896,0.000000,0.000000,25.268031,25.268031,24.517886,24.912699
2021-11-23,31.100000,31.500000,30.400000,30.799999,844457,0.000000,0.000000,24.557369,24.873219,24.004630,24.320480
2021-11-24,30.600000,31.200001,30.600000,30.799999,845581,0.000000,0.000000,24.162556,24.636332,24.162556,24.320480
2021-11-25,30.600000,31.299999,30.600000,30.799999,815435,0.000000,0.000000,24.162556,24.715293,24.162556,24.320480
2021-11-28,30.799999,30.799999,30.799999,30.799999,0,0.000000,0.000000,24.320480,24.320480,24.320480,24.320480
2021-11-29,29.799999,30.100000,29.500000,29.750000,1256176,0.000000,0.000000,23.530856,23.767744,23.293968,23.491375
2021-11-30,29.549999,30.000000,28.799999,30.000000,3239345,0.000000,0.000000,23.333449,23.688782,22.741230,23.688782
2021-12-01,29.799999,30.000000,29.500000,29.950001,684170,0.000000,0.000000,23.530856,23.688782,23.293969,23.649302
2021-12-02,29.750000,30.299999,29.650000,29.650000,531204,0.000000,0.000000,23.491374,23.925667,23.412411,23.412411
2021-12-05,30.000000,30.700001,29.950001,30.700001,228611,0.000000,0.000000,23.688781,24.241520,23.649300,24.241520
2021-12-06,30.700001,31.350000,29.900000,29.900000,608796,0.000000,0.000000,24.241521,24.754778,23.609819,23.609819
2021-12-07,30.150000,30.299999,29.900000,29.900000,379463,0.000000,0.000000,23.807226,23.925670,23.609819,23.609819
2021-12-08,29.950001,30.000000,29.000000,29.000000,657608,0.000000,0.000000,23.649302,23.688783,22.899157,22.899157
2021-12-09,29.200001,29.549999,29.200001,29.500000,251649,0.000000,0.000000,23.057081,23.333449,23.057081,23.293968
2021-12-12,29.500000,29.500000,29.200001,29.350000,185084,0.000000,0.000000,23.293965,23.293965,23.057078,23.175522
2021-12-13,29.400000,29.700001,29.400000,29.450001,341949,0.000000,0.000000,23.215004,23.451893,23.215004,23.254486
2021-12-14,29.500000,29.500000,28.750000,29.000000,502561,0.000000,0.000000,23.293970,23.293970,22.701750,22.899157
2021-12-15,29.000000,29.150000,28.799999,28.850000,420488,0.000000,0.000000,22.899154,23.017597,22.741228,22.780710
2021-12-16,28.900000,31.000000,28.900000,31.000000,2094588,0.000000,0.000000,22.820190,24.478405,22.820190,24.478405
2021-12-19,30.700001,31.100000,30.350000,30.549999,399576,0.000000,0.000000,24.241521,24.557371,23.965151,24.123075
2021-12-20,30.350000,31.000000,30.350000,31.000000,513836,0.000000,0.000000,23.965148,24.478405,23.965148,24.478405
2021-12-21,31.100000,31.200001,30.750000,31.200001,296136,0.000000,0.000000,24.557372,24.636335,24.281003,24.636335
2021-12-22,31.400000,31.799999,30.850000,31.250000,644553,0.000000,0.000000,24.794259,25.110109,24.359965,24.675816
2021-12-23,31.750000,31.900000,31.500000,31.900000,613270,0.000000,0.000000,25.070628,25.189072,24.873222,25.189072
2021-12-26,31.750000,31.950001,31.700001,31.700001,154922,0.000000,0.000000,25.070630,25.228555,25.031149,25.031149
2021-12-27,31.750000,31.900000,31.100000,31.900000,508176,0.000000,0.000000,25.070628,25.189072,24.557371,25.189072
2021-12-28,31.950001,32.299999,31.850000,32.299999,1532498,0.000000,0.000000,25.228553,25.504921,25.149590,25.504921
2021-12-29,32.299999,32.299999,31.850000,32.150002,485315,0.000000,0.000000,25.504924,25.504924,25.149593,25.386482
2021-12-30,32.200001,33.150002,32.049999,33.000000,656615,0.000000,0.000000,25.425963,26.176108,25.307518,26.057663
2022-01-02,33.150002,33.750000,32.950001,33.599998,325044,0.000000,0.000000,26.176104,26.649878,26.018178,26.531433
2022-01-03,33.349998,33.950001,33.349998,33.950001,400340,0.000000,0.000000,26.334025,26.807802,26.334025,26.807802
2022-01-04,34.000000,34.299999,33.799999,34.150002,473148,0.000000,0.000000,26.847286,27.084173,26.689360,26.965731
2022-01-05,34.150002,34.400002,33.799999,34.400002,661148,0.000000,0.000000,26.965727,27.163134,26.689356,27.163134
2022-01-06,34.400002,34.400002,33.750000,34.400002,480622,0.000000,0.000000,27.163134,27.163134,26.649876,27.163134
2022-01-09,34.500000,34.799999,34.299999,34.799999,378996,0.000000,0.000000,27.242098,27.478985,27.084172,27.478985
2022-01-10,34.950001,36.400002,34.750000,36.400002,1460758,0.000000,0.000000,27.597435,28.742393,27.439509,28.742393
2022-01-11,36.349998,37.900002,36.200001,37.900002,2125818,0.000000,0.000000,28.702902,29.926825,28.584460,29.926825
2022-01-12,37.599998,38.900002,37.400002,38.799999,1178113,0.000000,0.000000,29.689936,30.716452,29.532013,30.637487
2022-01-13,38.700001,39.650002,38.200001,39.099998,2346731,0.000000,0.000000,30.558528,31.308673,30.163715,30.874376
2022-01-16,39.799999,41.599998,38.750000,39.049999,1151247,0.000000,0.000000,31.427116,32.848442,30.598009,30.834896
2022-01-17,39.150002,39.799999,38.700001,39.799999,746176,0.000000,0.000000,30.913861,31.427116,30.558529,31.427116
2022-01-18,39.750000,42.099998,39.700001,41.750000,1941092,0.000000,0.000000,31.387636,33.243256,31.348156,32.966888
2022-01-19,41.750000,42.099998,41.000000,41.549999,770034,0.000000,0.000000,32.966890,33.243258,32.374670,32.808964
2022-01-20,41.200001,42.000000,41.099998,42.000000,1047176,0.000000,0.000000,32.532587,33.164288,32.453623,33.164288
2022-01-23,41.650002,41.650002,41.299999,41.500000,120303,0.000000,0.000000,32.887923,32.887923,32.611552,32.769478
2022-01-24,41.650002,41.650002,40.099998,40.849998,598245,0.000000,0.000000,32.887925,32.887925,31.664002,32.256222
2022-01-25,40.299999,40.799999,39.750000,40.500000,709155,0.000000,0.000000,31.821923,32.216736,31.387629,31.979849
2022-01-26,40.500000,40.500000,40.500000,40.500000,0,0.000000,0.000000,31.979849,31.979849,31.979849,31.979849
2022-01-27,40.500000,40.500000,40.500000,40.500000,0,0.000000,0.000000,31.979849,31.979849,31.979849,31.979849
2022-01-30,40.299999,40.599998,40.000000,40.599998,595982,0.000000,0.000000,31.821932,32.058819,31.585044,32.058819
2022-01-31,40.799999,41.049999,40.099998,40.099998,1170359,0.000000,0.000000,32.216744,32.414151,31.664005,31.664005
2022-02-01,40.349998,41.299999,40.349998,40.799999,739154,0.000000,0.000000,31.861407,32.611553,31.861407,32.216740
2022-02-02,40.549999,41.200001,40.250000,40.250000,439286,0.000000,0.000000,32.019337,32.532595,31.782450,31.782450
2022-02-03,40.349998,40.599998,40.000000,40.000000,584762,0.000000,0.000000,31.861411,32.058817,31.585043,31.585043
2022-02-06,40.349998,41.200001,40.150002,40.700001,214332,0.000000,0.000000,31.861412,32.532596,31.703489,32.137783
2022-02-07,40.650002,40.849998,40.299999,40.750000,794011,0.000000,0.000000,32.098304,32.256227,31.821933,32.177265
2022-02-08,40.750000,40.750000,40.099998,40.250000,291206,0.000000,0.000000,32.177263,32.177263,31.664005,31.782450
2022-02-09,40.500000,40.500000,39.900002,40.000000,290405,0.000000,0.000000,31.979856,31.979856,31.506082,31.585043
2022-02-10,40.000000,40.099998,39.150002,39.200001,1148286,0.000000,0.000000,31.585043,31.664004,30.913862,30.953342
2022-02-13,39.200001,39.200001,38.400002,38.849998,519586,0.000000,0.000000,30.953346,30.953346,30.321646,30.676975
2022-02-14,38.450001,39.549999,38.450001,39.349998,1291751,0.000000,0.000000,30.361120,31.229707,30.361120,31.071781
2022-02-15,39.299999,39.799999,38.950001,39.650002,1177009,0.000000,0.000000,31.032309,31.427122,30.755941,31.308680
2022-02-16,39.650002,40.200001,39.099998,39.650002,1851804,0.000000,0.000000,31.308680,31.742973,30.874383,31.308680
2022-02-17,40.500000,40.500000,39.400002,39.549999,1302592,0.000000,0.000000,31.979857,31.979857,31.111269,31.229712
2022-02-20,39.549999,39.950001,39.000000,39.500000,1088122,0.000000,0.000000,31.229702,31.545554,30.795409,31.190222
2022-02-21,39.750000,40.500000,39.549999,40.500000,2363475,0.000000,0.000000,31.387629,31.979849,31.229704,31.979849
2022-02-23,40.500000,40.500000,39.650002,39.650002,1734578,0.000000,0.000000,31.979861,31.979861,31.308680,31.308680
2022-02-24,39.000000,39.200001,37.950001,38.400002,15421080,0.000000,0.000000,30.795416,30.953342,29.966310,30.321642
2022-02-27,39.200001,39.299999,37.950001,37.950001,911681,0.000000,0.000000,30.953345,31.032306,29.966312,29.966312
2022-02-28,37.299999,38.700001,37.299999,38.700001,2802785,0.000000,0.000000,29.453053,30.558531,29.453053,30.558531
2022-03-01,38.400002,39.000000,38.200001,38.599998,1590588,0.000000,0.000000,30.321640,30.795414,30.163714,30.479563
2022-03-02,38.900002,38.900002,37.549999,37.599998,2124682,0.000000,0.000000,30.716452,30.716452,29.650455,29.689936
2022-03-03,38.000000,38.500000,37.299999,38.099998,905230,0.000000,0.000000,30.005788,30.400601,29.453049,30.084749
2022-03-06,38.150002,38.400002,37.900002,38.000000,527670,0.000000,0.000000,30.124236,30.321642,29.926829,30.005791
2022-03-07,38.049999,38.650002,37.200001,38.650002,1101126,0.000000,0.000000,30.045273,30.519051,29.374092,30.519051
2022-03-08,37.700001,39.000000,37.700001,38.700001,873981,0.000000,0.000000,29.768905,30.795418,29.768905,30.558531
2022-03-09,38.500000,38.950001,38.400002,38.400002,1076072,0.000000,0.000000,30.400603,30.755936,30.321642,30.321642
2022-03-10,38.799999,39.049999,38.400002,38.400002,1639353,0.000000,0.000000,30.637491,30.834897,30.321642,30.321642
2022-03-13,38.049999,39.500000,38.049999,38.950001,1251858,0.000000,0.000000,30.045269,31.190227,30.045269,30.755934
2022-03-14,38.500000,39.150002,38.349998,38.349998,1394747,0.000000,0.000000,30.400607,30.913865,30.282162,30.282162
2022-03-15,38.299999,38.750000,38.000000,38.000000,671280,0.000000,0.000000,30.242678,30.598010,30.005791,30.005791
2022-03-16,38.250000,38.500000,38.000000,38.500000,3988391,0.000000,0.000000,30.203196,30.400602,30.005789,30.400602
2022-03-17,38.650002,39.450001,37.299999,37.299999,9306865,0.000000,0.000000,30.519048,31.150748,29.453051,29.453051
2022-03-20,37.950001,38.250000,37.500000,37.750000,1198119,0.000000,0.000000,29.966308,30.203195,29.610976,29.808382
2022-03-21,38.099998,38.150002,37.400002,37.700001,1337777,0.000000,0.000000,30.084747,30.124230,29.532011,29.768898
2022-03-22,37.750000,38.200001,37.650002,37.900002,591975,0.000000,0.000000,29.808379,30.163712,29.729418,29.926825
2022-03-23,37.900002,37.950001,37.500000,37.700001,808283,0.000000,0.000000,29.926824,29.966304,29.610972,29.768898
2022-03-24,37.900002,38.450001,37.700001,38.250000,5088146,0.000000,0.000000,29.926831,30.361125,29.768906,30.203199
2022-03-27,38.299999,38.450001,38.049999,38.349998,934737,0.000000,0.000000,30.242681,30.361126,30.045274,30.282162
2022-03-28,38.450001,38.599998,35.450001,38.599998,1857778,0.000000,0.000000,30.361121,30.479563,27.992243,30.479563
2022-03-29,38.349998,39.500000,38.250000,39.250000,2793872,0.000000,0.000000,30.282154,31.190225,30.203193,30.992819
2022-03-30,39.200001,39.750000,39.200001,39.450001,1528718,0.000000,0.000000,30.953343,31.387636,30.953343,31.150749
2022-03-31,39.150002,40.099998,38.599998,39.799999,2985153,0.000000,0.000000,30.913861,31.664004,30.479565,31.427116
2022-04-03,40.000000,40.000000,39.450001,39.799999,1064588,0.000000,0.000000,31.585042,31.585042,31.150748,31.427116
2022-04-04,39.799999,39.799999,39.799999,39.799999,0,0.000000,0.000000,31.427116,31.427116,31.427116,31.427116
2022-04-05,40.000000,40.250000,39.750000,40.200001,1949107,0.000000,0.000000,31.585044,31.782450,31.387637,31.742970
2022-04-06,40.200001,41.500000,39.900002,41.500000,3018191,0.000000,0.000000,31.742965,32.769478,31.506077,32.769478
2022-04-07,41.400002,41.599998,41.099998,41.099998,777930,0.000000,0.000000,32.690519,32.848442,32.453629,32.453629
2022-04-10,41.549999,41.750000,41.299999,41.549999,842654,0.000000,0.000000,32.808964,32.966890,32.611557,32.808964
2022-04-11,41.599998,43.700001,41.599998,43.700001,2525663,0.000000,0.000000,32.848444,34.506660,32.848444,34.506660
2022-04-12,43.750000,45.950001,43.750000,45.950001,3458155,0.000000,0.000000,34.546143,36.283321,34.546143,36.283321
2022-04-13,45.950001,46.099998,45.200001,46.099998,1604227,0.000000,0.000000,36.283322,36.401764,35.691102,36.401764
2022-04-14,45.750000,45.750000,45.200001,45.500000,928855,0.000000,0.000000,36.125385,36.125385,35.691091,35.927979
2022-04-17,45.049999,45.150002,44.599998,44.700001,319018,0.000000,0.000000,35.572655,35.651620,35.217323,35.296288
2022-04-18,44.599998,45.000000,44.099998,44.349998,223833,0.360000,0.000000,35.503254,35.821670,35.105236,35.304245
2022-04-19,44.349998,45.750000,42.400002,42.400002,1604310,0.000000,0.000000,35.304238,36.418691,33.751968,33.751968
2022-04-20,42.500000,44.900002,42.500000,44.549999,1929291,0.000000,0.000000,33.831583,35.742074,33.831583,35.463459
2022-04-21,44.400002,45.000000,44.250000,44.349998,726989,0.000000,0.000000,35.344049,35.821670,35.224642,35.304245
2022-04-24,44.799999,44.799999,43.900002,44.599998,162212,0.000000,0.000000,35.662462,35.662462,34.946030,35.503254
2022-04-25,44.049999,45.750000,44.000000,45.750000,1369053,0.000000,0.000000,35.065437,36.418701,35.025636,36.418701
2022-04-26,45.950001,45.950001,44.000000,44.700001,819062,0.000000,0.000000,36.577905,36.577905,35.025632,35.582859
2022-04-27,44.500000,45.200001,43.599998,44.150002,701732,0.000000,0.000000,35.423654,35.980881,34.707220,35.145042
2022-04-28,44.900002,45.450001,44.700001,44.849998,1106334,0.000000,0.000000,35.742067,36.179887,35.582859,35.702263
2022-05-08,44.500000,46.049999,44.500000,45.950001,508470,0.000000,0.000000,35.423653,36.657510,35.423653,36.577908
2022-05-09,46.000000,46.500000,45.750000,46.299999,2775796,0.000000,0.000000,36.617711,37.015730,36.418702,36.856522
2022-05-10,45.000000,45.200001,42.400002,43.000000,4165651,0.000000,0.000000,35.821673,35.980881,33.751978,34.229599
2022-05-11,43.000000,43.150002,41.500000,41.500000,2025813,0.000000,0.000000,34.229593,34.349000,33.035538,33.035538
2022-05-12,41.650002,41.650002,38.250000,38.400002,2069615,0.000000,0.000000,33.154946,33.154946,30.448419,30.567825
2022-05-15,38.900002,40.200001,38.849998,39.599998,1102088,0.000000,0.000000,30.965842,32.000690,30.926038,31.523066
2022-05-16,40.250000,42.000000,39.750000,40.400002,2714911,0.000000,0.000000,32.040490,33.433555,31.642472,32.159897
2022-05-17,40.450001,40.450001,38.500000,40.000000,1658278,0.000000,0.000000,32.199703,32.199703,30.647430,31.841486
2022-05-18,40.000000,40.000000,40.000000,40.000000,0,0.000000,0.000000,31.841486,31.841486,31.841486,31.841486
2022-05-19,41.250000,42.500000,40.500000,42.500000,2729055,0.000000,0.000000,32.836531,33.831577,32.239503,33.831577
2022-05-22,42.099998,42.650002,40.349998,40.349998,511105,0.000000,0.000000,33.513159,33.950982,32.120094,32.120094
2022-05-23,41.349998,42.599998,41.049999,41.750000,2860394,0.000000,0.000000,32.916134,33.911181,32.677324,33.234550
2022-05-24,41.750000,42.400002,40.900002,41.700001,1831732,0.000000,0.000000,33.234553,33.751978,32.557923,33.194752
2022-05-25,41.950001,42.900002,41.549999,42.650002,4196445,0.000000,0.000000,33.393758,34.149994,33.075342,33.950985
2022-05-26,42.900002,43.299999,41.750000,42.500000,1850043,0.000000,0.000000,34.149993,34.468406,33.234549,33.831577
2022-05-29,42.549999,43.099998,41.700001,41.700001,703205,0.000000,0.000000,33.871382,34.309202,33.194752,33.194752
2022-05-30,41.950001,42.400002,41.549999,42.099998,3296142,0.000000,0.000000,33.393757,33.751974,33.075341,33.513161
2022-05-31,42.299999,42.799999,41.250000,41.700001,9992908,0.000000,0.000000,33.672373,34.070391,32.836534,33.194752
2022-06-01,41.700001,42.049999,41.099998,41.349998,693295,0.000000,0.000000,33.194753,33.473364,32.717128,32.916138
2022-06-02,41.750000,41.750000,41.049999,41.200001,1079074,0.000000,0.000000,33.234550,33.234550,32.677323,32.796730
2022-06-05,41.000000,41.049999,40.599998,41.000000,241323,0.000000,0.000000,32.637524,32.677325,32.319108,32.637524
2022-06-06,40.650002,42.299999,40.650002,41.799999,2679126,0.000000,0.000000,32.358912,33.672372,32.358912,33.274353
2022-06-07,41.700001,41.799999,41.000000,41.400002,956862,0.000000,0.000000,33.194747,33.274349,32.637520,32.955936
2022-06-08,41.400002,42.000000,40.900002,41.500000,636443,0.000000,0.000000,32.955935,33.433556,32.557917,33.035538
2022-06-09,41.400002,41.650002,40.799999,41.400002,1025125,0.000000,0.000000,32.955936,33.154946,32.478312,32.955936
2022-06-12,41.349998,41.349998,40.150002,40.150002,179527,0.000000,0.000000,32.916134,32.916134,31.960892,31.960892
2022-06-13,40.200001,40.400002,38.000000,39.000000,2090116,0.000000,0.000000,32.000692,32.159900,30.249409,31.045446
2022-06-14,38.599998,39.500000,37.500000,38.700001,1275927,0.000000,0.000000,30.727033,31.443468,29.851394,30.806639
2022-06-15,38.849998,39.799999,38.700001,39.549999,1265785,0.000000,0.000000,30.926044,31.682280,30.806640,31.483271
2022-06-16,39.549999,40.299999,39.400002,39.750000,6479710,0.000000,0.000000,31.483275,32.080303,31.363871,31.642483
2022-06-19,39.099998,39.750000,37.099998,38.000000,656226,0.000000,0.000000,31.125048,31.642474,29.532974,30.249409
2022-06-20,38.700001,39.700001,37.549999,38.799999,915547,0.000000,0.000000,30.806636,31.602673,29.891192,30.886238
2022-06-21,38.900002,39.500000,38.900002,39.200001,395592,0.000000,0.000000,30.965846,31.443467,30.965846,31.204657
2022-06-22,38.549999,39.849998,38.049999,38.049999,429289,0.000000,0.000000,30.687228,31.722075,30.289209,30.289209
2022-06-23,38.849998,39.200001,37.650002,38.500000,995595,0.000000,0.000000,30.926038,31.204653,29.970796,30.647427
2022-06-26,39.200001,39.200001,38.400002,38.650002,225791,0.000000,0.000000,31.204658,31.204658,30.567829,30.766838
2022-06-27,39.000000,39.000000,37.650002,38.200001,383112,0.000000,0.000000,31.045450,31.045450,29.970801,30.408621
2022-06-28,38.500000,39.849998,37.700001,39.849998,1062574,0.000000,0.000000,30.647431,31.722080,30.010602,31.722080
2022-06-29,39.950001,41.000000,39.750000,40.950001,672414,0.000000,0.000000,31.801684,32.637522,31.642476,32.597721
2022-06-30,40.349998,41.099998,40.299999,40.700001,2162869,0.000000,0.000000,32.120097,32.717125,32.080296,32.398712
2022-07-03,40.750000,41.000000,40.000000,40.599998,280602,0.000000,0.000000,32.438514,32.637523,31.841486,32.319107
2022-07-04,40.650002,41.000000,39.900002,41.000000,791354,0.000000,0.000000,32.358912,32.637524,31.761884,32.637524
2022-07-05,40.549999,41.250000,40.150002,40.900002,965443,0.000000,0.000000,32.279304,32.836530,31.960891,32.557919
2022-07-06,40.549999,41.750000,40.299999,41.549999,934045,0.000000,0.000000,32.279307,33.234552,32.080298,33.075344
2022-07-13,41.500000,42.950001,41.349998,41.650002,2052482,0.000000,0.000000,33.035539,34.189793,32.916132,33.154945
2022-07-14,41.349998,41.799999,40.799999,41.750000,1645203,0.550000,0.000000,33.356617,33.719628,32.912939,33.679295
2022-07-17,42.500000,42.500000,41.299999,42.299999,689402,0.000000,0.000000,34.284313,34.284313,33.316285,34.122974
2022-07-18,41.599998,42.650002,41.500000,42.000000,686766,0.000000,0.000000,33.558285,34.405312,33.477618,33.880962
2022-07-19,42.099998,42.099998,41.349998,41.650002,1262183,0.000000,0.000000,33.961633,33.961633,33.356616,33.598625
2022-07-20,41.900002,42.349998,41.849998,42.200001,2487438,0.000000,0.000000,33.800302,34.163310,33.759966,34.042309
2022-07-21,42.400002,42.450001,41.700001,42.000000,916044,0.000000,0.000000,34.203639,34.243973,33.638956,33.880962
2022-07-24,42.299999,42.500000,42.000000,42.299999,278277,0.000000,0.000000,34.122974,34.284313,33.880968,34.122974
2022-07-25,42.349998,42.349998,41.049999,41.400002,1292866,0.000000,0.000000,34.163310,34.163310,33.114614,33.396957
2022-07-26,41.950001,42.099998,41.900002,42.000000,1170882,0.000000,0.000000,33.840629,33.961630,33.800295,33.880962
2022-07-27,41.900002,42.349998,41.500000,41.900002,714028,0.000000,0.000000,33.800301,34.163309,33.477623,33.800301
2022-07-28,41.900002,42.450001,41.900002,42.000000,999241,0.000000,0.000000,33.800295,34.243973,33.800295,33.880962
2022-07-31,42.400002,42.400002,42.049999,42.200001,156194,0.000000,0.000000,34.203647,34.203647,33.921304,34.042309
2022-08-01,41.950001,42.400002,41.700001,42.000000,1354505,0.000000,0.000000,33.840629,34.203639,33.638956,33.880962
2022-08-02,42.299999,42.299999,41.650002,41.900002,1353173,0.000000,0.000000,34.122975,34.122975,33.598628,33.800301
2022-08-03,42.400002,42.400002,41.750000,42.200001,970048,0.000000,0.000000,34.203647,34.203647,33.679298,34.042309
2022-08-04,42.049999,42.299999,41.700001,42.000000,502769,0.000000,0.000000,33.921296,34.122969,33.638956,33.880962
2022-08-07,42.200001,42.200001,41.500000,41.599998,512376,0.000000,0.000000,34.042308,34.042308,33.477625,33.558292
2022-08-08,41.900002,42.400002,41.900002,42.200001,1677988,0.000000,0.000000,33.800302,34.203647,33.800302,34.042309
2022-08-09,42.349998,42.349998,41.700001,41.700001,263510,0.000000,0.000000,34.163312,34.163312,33.638966,33.638966
2022-08-10,41.950001,42.349998,41.900002,42.299999,879130,0.000000,0.000000,33.840634,34.163308,33.800300,34.122974
2022-08-11,42.349998,42.500000,42.299999,42.500000,807884,0.000000,0.000000,34.163305,34.284309,34.122971,34.284309
2022-08-14,42.500000,42.599998,42.150002,42.200001,205977,0.000000,0.000000,34.284315,34.364983,34.001975,34.042309
2022-08-15,42.250000,42.400002,42.000000,42.299999,492526,0.000000,0.000000,34.082641,34.203645,33.880968,34.122974
2022-08-16,42.200001,42.700001,42.150002,42.150002,1205801,0.000000,0.000000,34.042306,34.445651,34.001972,34.001972
2022-08-17,42.349998,43.750000,42.349998,43.549999,983934,0.000000,0.000000,34.163304,35.292671,34.163304,35.131332
2022-08-18,43.299999,43.799999,42.450001,42.450001,787488,0.000000,0.000000,34.929662,35.333006,34.243977,34.243977
2022-08-21,42.400002,42.849998,42.000000,42.000000,174183,0.000000,0.000000,34.203639,34.566647,33.880962,33.880962
2022-08-22,41.900002,42.250000,41.700001,41.700001,748182,0.000000,0.000000,33.800304,34.082644,33.638966,33.638966
2022-08-23,41.950001,42.000000,41.200001,41.750000,528511,0.000000,0.000000,33.840633,33.880967,33.235616,33.679295
2022-08-24,41.849998,42.000000,41.599998,42.000000,1083328,0.000000,0.000000,33.759958,33.880962,33.558285,33.880962
2022-08-25,41.750000,42.000000,41.700001,41.950001,411732,0.000000,0.000000,33.679295,33.880967,33.638961,33.840633
2022-08-28,41.400002,41.799999,41.400002,41.500000,337607,0.000000,0.000000,33.396951,33.719625,33.396951,33.477619
2022-08-29,41.450001,41.650002,40.950001,40.950001,640421,0.000000,0.000000,33.437284,33.598623,33.033939,33.033939
2022-08-30,41.049999,41.299999,40.700001,40.799999,600385,0.000000,0.000000,33.114613,33.316286,32.832273,32.912941
2022-08-31,40.799999,41.200001,39.549999,39.950001,1342091,0.000000,0.000000,32.912934,33.235611,31.904572,32.227249
2022-09-01,39.400002,40.150002,39.299999,39.650002,798934,0.000000,0.000000,31.783576,32.388593,31.702905,31.985249
2022-09-04,39.650002,40.000000,39.150002,39.700001,432758,0.000000,0.000000,31.985247,32.267588,31.581903,32.025581
2022-09-05,39.599998,40.500000,38.400002,39.400002,202469,0.000000,0.000000,31.944912,32.670934,30.976887,31.783577
2022-09-06,40.500000,40.650002,39.549999,39.750000,568707,0.000000,0.000000,32.670935,32.791940,31.904579,32.065918
2022-09-07,40.200001,40.799999,40.099998,40.400002,1225825,0.000000,0.000000,32.428925,32.912937,32.348254,32.590263
2022-09-08,40.400002,40.750000,39.200001,40.450001,1059594,0.000000,0.000000,32.590262,32.872602,31.622234,32.630596
2022-09-11,39.950001,40.500000,39.950001,40.000000,276822,0.000000,0.000000,32.227256,32.670934,32.227256,32.267590
2022-09-12,40.000000,40.500000,39.599998,40.000000,417307,0.000000,0.000000,32.267590,32.670934,31.944912,32.267590
2022-09-13,40.000000,40.500000,39.799999,40.000000,519104,0.000000,0.000000,32.267590,32.670934,32.106251,32.267590
2022-09-14,39.650002,39.849998,39.099998,39.349998,600816,0.000000,0.000000,31.985246,32.146581,31.541564,31.743237
2022-09-15,39.750000,40.099998,39.400002,40.099998,1888880,0.000000,0.000000,32.065911,32.348251,31.783571,32.348251
2022-09-18,39.299999,39.599998,38.950001,39.299999,823618,0.000000,0.000000,31.702904,31.944910,31.420564,31.702904
2022-09-19,39.299999,39.650002,38.049999,38.049999,839400,0.000000,0.000000,31.702906,31.985249,30.694544,30.694544
2022-09-20,38.549999,39.099998,38.549999,38.599998,912892,0.000000,0.000000,31.097886,31.541565,31.097886,31.138220
2022-09-21,37.900002,39.250000,37.900002,39.250000,1046128,0.000000,0.000000,30.573541,31.662571,30.573541,31.662571
2022-09-25,38.750000,38.750000,37.500000,37.500000,810341,0.000000,0.000000,31.259226,31.259226,30.250864,30.250864
2022-09-26,37.299999,38.150002,36.599998,36.849998,1516733,0.000000,0.000000,30.089526,30.775214,29.524842,29.726515
2022-09-27,37.200001,37.799999,36.099998,36.700001,1261347,0.000000,0.000000,30.008856,30.492868,29.121495,29.605511
2022-09-28,37.200001,37.900002,35.849998,37.049999,934527,0.000000,0.000000,30.008856,30.573540,28.919823,29.887852
2022-09-29,37.849998,39.900002,37.849998,39.150002,974994,0.000000,0.000000,30.533206,32.186923,30.533206,31.581905
2022-10-02,40.000000,40.500000,38.700001,40.099998,950465,0.000000,0.000000,32.267584,32.670928,31.218888,32.348251
2022-10-03,41.000000,41.000000,39.000000,40.400002,1144554,0.000000,0.000000,33.074276,33.074276,31.460897,32.590263
2022-10-04,40.400002,40.400002,40.400002,40.400002,0,0.000000,0.000000,32.590263,32.590263,32.590263,32.590263
2022-10-05,41.599998,41.599998,40.750000,41.049999,564358,0.000000,0.000000,33.558287,33.558287,32.872602,33.114609
2022-10-06,41.299999,41.299999,40.099998,40.099998,554594,0.000000,0.000000,33.316279,33.316279,32.348251,32.348251
2022-10-09,40.099998,40.200001,39.599998,40.000000,169966,0.000000,0.000000,32.348257,32.428928,31.944912,32.267590
2022-10-10,40.000000,40.349998,39.700001,40.000000,535424,0.000000,0.000000,32.267590,32.549930,32.025583,32.267590
2022-10-11,40.750000,40.750000,39.549999,40.500000,727845,0.000000,0.000000,32.872605,32.872605,31.904577,32.670933
2022-10-12,40.549999,40.549999,39.849998,40.250000,488927,0.000000,0.000000,32.711267,32.711267,32.146584,32.469261
2022-10-13,40.500000,40.500000,39.549999,39.549999,645039,0.000000,0.000000,32.670935,32.670935,31.904579,31.904579
2022-10-16,39.700001,40.400002,39.400002,40.200001,529675,0.000000,0.000000,32.025584,32.590267,31.783577,32.428928
2022-10-17,40.250000,42.000000,40.150002,41.950001,1006542,0.000000,0.000000,32.469260,33.880967,32.388593,33.840633
2022-10-18,41.750000,43.500000,41.650002,43.500000,1733818,0.000000,0.000000,33.679289,35.090996,33.598621,35.090996
2022-10-19,43.299999,43.700001,43.000000,43.200001,582716,0.000000,0.000000,34.929663,35.252340,34.687657,34.848995
2022-10-20,43.000000,43.700001,41.799999,42.299999,2612001,0.000000,0.000000,34.687658,35.252341,33.719630,34.122974
2022-10-23,42.450001,42.549999,40.250000,40.500000,1216429,0.000000,0.000000,34.243978,34.324646,32.469260,32.670933
2022-10-24,40.650002,42.200001,40.500000,42.200001,817854,0.000000,0.000000,32.791940,34.042309,32.670936,34.042309
2022-10-25,41.700001,42.650002,41.700001,42.250000,1023805,0.000000,0.000000,33.638963,34.405319,33.638963,34.082642
2022-10-26,41.950001,42.599998,40.950001,41.799999,843145,0.000000,0.000000,33.840636,34.364982,33.033946,33.719631
2022-10-27,42.000000,43.000000,41.299999,42.900002,914473,0.000000,0.000000,33.880961,34.687651,33.316278,34.606983
2022-10-30,42.900002,43.099998,41.000000,41.700001,144668,0.000000,0.000000,34.606994,34.768329,33.074282,33.638966
2022-10-31,41.700001,41.700001,41.700001,41.700001,0,0.000000,0.000000,33.638966,33.638966,33.638966,33.638966
2022-11-01,43.299999,43.500000,42.450001,42.900002,1178279,0.000000,0.000000,34.929657,35.090996,34.243972,34.606983
2022-11-02,42.200001,43.500000,42.099998,43.400002,1609836,0.000000,0.000000,34.042306,35.091002,33.961635,35.010334
2022-11-03,42.799999,43.450001,42.450001,43.450001,557682,0.000000,0.000000,34.526314,35.050663,34.243973,35.050663
2022-11-06,43.650002,43.650002,42.799999,43.150002,503342,0.000000,0.000000,35.212007,35.212007,34.526319,34.808662
2022-11-07,42.750000,43.450001,42.750000,43.400002,1575775,0.000000,0.000000,34.485984,35.050668,34.485984,35.010334
2022-11-08,43.200001,43.450001,42.900002,43.450001,819902,0.000000,0.000000,34.848991,35.050663,34.606984,35.050663
2022-11-09,43.049999,43.450001,42.799999,43.000000,1325566,0.000000,0.000000,34.727983,35.050660,34.526310,34.687649
2022-11-10,42.799999,42.799999,41.599998,42.000000,677034,0.000000,0.000000,34.526313,34.526313,33.558285,33.880962
2022-11-13,43.000000,43.000000,41.500000,41.500000,142838,0.000000,0.000000,34.687654,34.687654,33.477619,33.477619
2022-11-14,41.299999,42.900002,40.000000,41.950001,528664,0.000000,0.000000,33.316284,34.606989,32.267588,33.840633
2022-11-15,41.599998,42.099998,41.000000,41.450001,621147,0.000000,0.000000,33.558292,33.961637,33.074279,33.437290
2022-11-16,41.000000,42.599998,40.500000,42.599998,380175,0.000000,0.000000,33.074277,34.364979,32.670932,34.364979
2022-11-17,41.700001,42.299999,41.500000,42.049999,250194,0.000000,0.000000,33.638963,34.122975,33.477624,33.921303
2022-11-20,42.049999,42.049999,40.750000,41.200001,118626,0.000000,0.000000,33.921304,33.921304,32.872608,33.235619
2022-11-21,40.799999,40.900002,40.400002,40.599998,515938,0.000000,0.000000,32.912933,32.993604,32.590259,32.751595
2022-11-22,40.299999,40.750000,39.799999,40.750000,521266,0.000000,0.000000,32.509590,32.872601,32.106245,32.872601
2022-11-24,39.500000,41.400002,39.500000,41.400002,711786,0.000000,0.000000,31.864246,33.396957,31.864246,33.396957
2022-11-27,41.849998,41.849998,39.700001,39.700001,139875,0.000000,0.000000,33.759962,33.759962,32.025581,32.025581
2022-11-28,39.599998,39.700001,38.250000,39.349998,836850,0.000000,0.000000,31.944909,32.025580,30.855879,31.743237
2022-11-29,39.500000,40.000000,38.900002,39.950001,598763,0.000000,0.000000,31.864238,32.267583,31.380226,32.227249
2022-11-30,39.950001,41.150002,38.849998,41.150002,1951936,0.000000,0.000000,32.227254,33.195282,31.339893,33.195282
2022-12-01,41.450001,41.450001,39.099998,39.099998,4075260,0.000000,0.000000,33.437288,33.437288,31.541565,31.541565
2022-12-04,39.799999,39.799999,38.400002,38.400002,426495,0.000000,0.000000,32.106251,32.106251,30.976887,30.976887
2022-12-05,38.049999,38.200001,36.549999,36.900002,859297,0.000000,0.000000,30.694539,30.815543,29.484504,29.766848
2022-12-06,37.000000,37.450001,34.700001,36.349998,1729498,0.000000,0.000000,29.847515,30.210526,27.992130,29.323166
2022-12-07,36.000000,36.150002,35.150002,35.549999,1852455,0.000000,0.000000,29.040825,29.161830,28.355140,28.677814
2022-12-08,35.549999,36.849998,34.900002,36.849998,1524159,0.000000,0.000000,28.677819,29.726515,28.153472,29.726515
2022-12-11,36.349998,38.000000,36.349998,36.450001,510405,0.000000,0.000000,29.323168,30.654207,29.323168,29.403839
2022-12-12,39.650002,39.650002,35.200001,36.500000,928172,0.000000,0.000000,31.985248,31.985248,28.395478,29.444174
2022-12-13,36.250000,38.400002,35.950001,37.650002,1222792,0.000000,0.000000,29.242498,30.976882,29.000491,30.371864
2022-12-14,38.349998,38.500000,36.500000,37.799999,2542426,0.000000,0.000000,30.936547,31.057552,29.444172,30.492868
2022-12-15,37.049999,38.299999,36.900002,38.299999,3433726,0.000000,0.000000,29.887851,30.896214,29.766850,30.896214
2022-12-18,38.299999,38.299999,37.200001,37.500000,378014,0.000000,0.000000,30.896215,30.896215,30.008858,30.250864
2022-12-19,37.799999,38.299999,37.000000,38.299999,823373,0.000000,0.000000,30.492869,30.896214,29.847518,30.896214
2022-12-20,37.400002,38.500000,36.700001,38.049999,809223,0.000000,0.000000,30.170197,31.057555,29.605514,30.694544
2022-12-21,38.150002,38.150002,37.450001,37.950001,985890,0.000000,0.000000,30.775213,30.775213,30.210530,30.613874
2022-12-22,38.099998,38.099998,37.400002,37.500000,640369,0.000000,0.000000,30.734877,30.734877,30.170196,30.250864
2022-12-25,37.299999,37.849998,37.200001,37.849998,160412,0.000000,0.000000,30.089526,30.533205,30.008859,30.533205
2022-12-26,38.000000,38.000000,37.400002,37.400002,140214,0.000000,0.000000,30.654205,30.654205,30.170193,30.170193
2022-12-27,37.349998,38.000000,37.000000,37.849998,254427,0.000000,0.000000,30.129860,30.654210,29.847520,30.533205
2022-12-28,37.799999,38.500000,37.549999,38.349998,391194,0.000000,0.000000,30.492870,31.057553,30.291197,30.936548
2022-12-29,38.000000,38.950001,38.000000,38.950001,558929,0.000000,0.000000,30.654211,31.420567,30.654211,31.420567
2023-01-01,39.000000,39.150002,38.650002,38.950001,188123,0.000000,0.000000,31.460900,31.581905,31.178560,31.420567
2023-01-02,38.799999,39.200001,38.150002,39.000000,237899,0.000000,0.000000,31.299557,31.622234,30.775211,31.460896
2023-01-03,39.000000,39.000000,39.000000,39.000000,0,0.000000,0.000000,31.460896,31.460896,31.460896,31.460896
2023-01-04,38.950001,39.099998,38.500000,38.900002,647527,0.000000,0.000000,31.420564,31.541565,31.057553,31.380230
2023-01-05,38.500000,39.250000,38.400002,39.250000,1546141,0.000000,0.000000,31.057554,31.662571,30.976886,31.662571
2023-01-08,39.049999,39.650002,38.599998,38.599998,662403,0.000000,0.000000,31.501231,31.985246,31.138220,31.138220
2023-01-09,38.500000,38.549999,37.650002,38.500000,709313,0.000000,0.000000,31.057552,31.097886,30.371867,31.057552
2023-01-10,38.299999,38.299999,37.250000,37.500000,1610175,0.000000,0.000000,30.896215,30.896215,30.049192,30.250864
2023-01-11,37.450001,37.549999,36.900002,37.000000,1155467,0.000000,0.000000,30.210526,30.291194,29.766847,29.847515
2023-01-12,37.099998,38.000000,36.799999,38.000000,1188269,0.000000,0.000000,29.928187,30.654209,29.686181,30.654209
2023-01-15,38.000000,38.000000,38.000000,38.000000,0,0.000000,0.000000,30.654209,30.654209,30.654209,30.654209
2023-01-16,37.299999,37.400002,36.799999,36.900002,1642444,0.000000,0.000000,30.089522,30.170192,29.686177,29.766848
2023-01-17,36.799999,36.799999,35.200001,35.849998,1573617,0.000000,0.000000,29.686178,29.686178,28.395476,28.919823
2023-01-18,36.799999,36.799999,35.200001,35.849998,1573617,0.000000,0.000000,29.686178,29.686178,28.395476,28.919823
2023-01-19,35.049999,36.049999,35.049999,35.900002,604736,0.000000,0.000000,28.274473,29.081163,28.274473,28.960161
2023-01-22,35.900002,35.900002,35.900002,35.900002,0,0.000000,0.000000,28.960161,28.960161,28.960161,28.960161
2023-01-23,35.849998,35.849998,35.049999,35.500000,548885,0.000000,0.000000,28.919826,28.919826,28.274475,28.637486
2023-01-24,35.799999,35.849998,35.349998,35.700001,949615,0.000000,0.000000,28.879490,28.919824,28.516479,28.798822
2023-01-25,35.700001,35.700001,35.150002,35.250000,944678,0.000000,0.000000,28.798821,28.798821,28.355142,28.435810
2023-01-26,35.250000,35.599998,34.799999,35.599998,395768,0.000000,0.000000,28.435811,28.718151,28.072800,28.718151
2023-01-29,35.700001,35.700001,35.349998,35.549999,116003,0.000000,0.000000,28.798819,28.798819,28.516476,28.677814
2023-01-30,35.650002,35.650002,34.900002,35.549999,1204473,0.000000,0.000000,28.758485,28.758485,28.153468,28.677814
2023-01-31,35.450001,36.599998,35.049999,36.299999,1219095,0.000000,0.000000,28.597150,29.524841,28.274473,29.282835
2023-02-01,36.599998,36.950001,35.900002,36.250000,788152,0.000000,0.000000,29.524846,29.807190,28.960166,29.242506
2023-02-02,36.200001,36.200001,35.000000,35.650002,931503,0.000000,0.000000,29.202164,29.202164,28.234136,28.758486
2023-02-05,35.400002,35.400002,34.950001,35.250000,445896,0.000000,0.000000,28.556815,28.556815,28.193804,28.435810
2023-02-06,35.250000,35.250000,34.549999,34.549999,1368466,0.000000,0.000000,28.435815,28.435815,27.871132,27.871132
2023-02-07,34.650002,34.650002,33.250000,33.549999,1198602,0.000000,0.000000,27.951800,27.951800,26.822433,27.064440
2023-02-08,33.599998,33.599998,32.250000,32.450001,1871014,0.000000,0.000000,27.104769,27.104769,26.015740,26.177078
2023-02-09,33.049999,33.349998,32.299999,32.299999,2679687,0.000000,0.000000,26.661091,26.903098,26.056074,26.056074
2023-02-12,32.299999,32.299999,32.299999,32.299999,0,0.000000,0.000000,26.056074,26.056074,26.056074,26.056074
2023-02-13,32.950001,33.950001,32.799999,33.650002,886923,0.000000,0.000000,26.580426,27.387115,26.459421,27.145109
2023-02-14,34.150002,34.150002,33.299999,33.349998,622824,0.000000,0.000000,27.548455,27.548455,26.862767,26.903101
2023-02-15,33.099998,34.400002,33.099998,34.400002,951137,0.000000,0.000000,26.701427,27.750126,26.701427,27.750126
2023-02-16,34.200001,34.900002,34.200001,34.849998,1125554,0.000000,0.000000,27.588788,28.153471,27.588788,28.113134
2023-02-19,35.000000,35.000000,34.450001,34.700001,42814,0.000000,0.000000,28.234140,28.234140,27.790462,27.992134
2023-02-20,34.349998,35.250000,34.349998,34.900002,243787,0.000000,0.000000,27.709791,28.435813,27.709791,28.153473
2023-02-21,34.299999,34.400002,33.849998,34.099998,523167,0.000000,0.000000,27.669454,27.750125,27.306443,27.508116
2023-02-23,33.750000,34.400002,33.650002,34.000000,1694054,0.000000,0.000000,27.225778,27.750127,27.145110,27.427450
2023-02-26,34.349998,34.500000,33.299999,33.299999,129938,0.000000,0.000000,27.709790,27.830795,26.862766,26.862766
2023-02-27,33.299999,33.299999,32.450001,33.000000,3083185,0.000000,0.000000,26.862768,26.862768,26.177083,26.620762
2023-02-28,32.299999,33.599998,32.299999,33.150002,2042923,0.000000,0.000000,26.056078,27.104774,26.056078,26.741766
2023-03-01,32.849998,34.799999,32.849998,34.799999,807,0.000000,0.000000,26.499758,28.072803,26.499758,28.072803
2023-03-02,34.450001,36.400002,34.450001,36.000000,2746,0.000000,0.000000,27.790460,29.363506,27.790460,29.040829
2023-03-05,36.750000,36.950001,36.349998,36.549999,732,0.000000,0.000000,29.645843,29.807182,29.323166,29.484505
2023-03-06,36.549999,36.549999,36.549999,36.549999,0,0.000000,0.000000,29.484505,29.484505,29.484505,29.484505
2023-03-07,36.549999,36.549999,36.549999,36.549999,0,0.000000,0.000000,29.484505,29.484505,29.484505,29.484505
2023-03-08,35.349998,35.650002,35.099998,35.400002,1801,0.000000,0.000000,28.516481,28.758490,28.314809,28.556818
2023-03-09,35.400002,35.400002,35.400002,35.400002,0,0.000000,0.000000,28.556818,28.556818,28.556818,28.556818
2023-03-12,35.400002,35.400002,35.400002,35.400002,0,0.000000,0.000000,28.556818,28.556818,28.556818,28.556818
2023-03-13,35.400002,35.400002,35.400002,35.400002,0,0.000000,0.000000,28.556818,28.556818,28.556818,28.556818
2023-03-14,34.299999,34.750000,33.700001,33.700001,657,0.000000,0.000000,27.669456,28.032467,27.185444,27.185444
2023-03-15,33.200001,33.200001,32.099998,32.400002,1640,0.000000,0.000000,26.782097,26.782097,25.894736,26.136745
2023-03-16,32.400002,33.650002,32.099998,33.650002,572,0.000000,0.000000,26.136747,27.145109,25.894738,27.145109
2023-03-19,33.650002,33.650002,33.650002,33.650002,0,0.000000,0.000000,27.145109,27.145109,27.145109,27.145109
2023-03-20,34.349998,34.349998,33.700001,34.150002,15332,0.000000,0.000000,27.709788,27.709788,27.185441,27.548452
2023-03-21,34.650002,34.650002,33.650002,34.299999,5040,0.000000,0.000000,27.951796,27.951796,27.145106,27.669453
2023-03-22,34.250000,35.099998,34.200001,35.049999,3180,0.000000,0.000000,27.629120,28.314805,27.588786,28.274471
2023-03-23,34.750000,35.099998,34.500000,35.099998,3000,0.000000,0.000000,28.032464,28.314804,27.830792,28.314804
2023-03-26,35.099998,35.099998,35.099998,35.099998,0,0.000000,0.000000,28.314804,28.314804,28.314804,28.314804
2023-03-27,35.099998,35.099998,35.099998,35.099998,0,0.000000,0.000000,28.314804,28.314804,28.314804,28.314804
2023-03-28,35.099998,35.099998,35.099998,35.099998,0,0.000000,0.000000,28.314804,28.314804,28.314804,28.314804
2023-03-29,33.900002,34.599998,33.849998,34.599998,2344,0.000000,0.000000,27.346781,27.911461,27.306444,27.911461
2023-03-30,34.700001,35.299999,34.549999,35.250000,1949,0.000000,0.000000,27.992131,28.476144,27.871127,28.435810
2023-04-02,35.250000,35.250000,35.250000,35.250000,0,0.000000,0.000000,28.435810,28.435810,28.435810,28.435810
2023-04-03,36.500000,37.500000,36.299999,36.900002,500,0.000000,0.000000,29.444171,30.250860,29.282832,29.766848
2023-04-04,37.000000,37.450001,36.400002,37.000000,38746,0.000000,0.000000,29.847515,30.210526,29.363503,29.847515
2023-04-05,37.299999,37.400002,36.250000,36.700001,819,0.000000,0.000000,30.089523,30.170194,29.242500,29.605511
2023-04-06,36.700001,36.700001,36.099998,36.549999,4637,0.000000,0.000000,29.605509,29.605509,29.121494,29.484505
2023-04-09,36.750000,36.799999,36.400002,36.549999,498,0.000000,0.000000,29.645843,29.686177,29.363503,29.484505
2023-04-10,36.549999,36.700001,36.099998,36.200001,1099,0.000000,0.000000,29.484508,29.605512,29.121497,29.202168
2023-04-11,36.049999,36.349998,35.750000,36.200001,524,0.000000,0.000000,29.081163,29.323169,28.839157,29.202168
2023-04-12,36.200001,36.950001,36.150002,36.400002,2000,0.000000,0.000000,29.202170,29.807187,29.161836,29.363508
2023-04-13,36.500000,36.750000,36.000000,36.000000,823,0.000000,0.000000,29.444174,29.645846,29.040829,29.040829
2023-04-16,36.150002,36.349998,36.000000,36.200001,1815,0.000000,0.000000,29.161834,29.323169,29.040829,29.202168
2023-04-17,36.200001,36.650002,36.099998,36.650002,2038,0.000000,0.000000,29.202165,29.565176,29.121494,29.565176
2023-04-25,36.700001,36.900002,35.099998,35.750000,629,0.000000,0.000000,29.605513,29.766852,28.314808,28.839157
2023-04-26,35.849998,36.049999,35.650002,35.700001,500,0.000000,0.000000,28.919824,29.081163,28.758489,28.798822
2023-04-27,35.900002,36.150002,35.750000,36.150002,1000,0.000000,0.000000,28.960160,29.161833,28.839156,29.161833
2023-04-30,36.150002,36.150002,36.150002,36.150002,0,0.000000,0.000000,29.161833,29.161833,29.161833,29.161833
2023-05-01,36.150002,36.150002,36.150002,36.150002,0,0.000000,0.000000,29.161833,29.161833,29.161833,29.161833
2023-05-02,36.299999,36.450001,35.799999,36.200001,1078,0.000000,0.000000,29.282835,29.403840,28.879490,29.202168
2023-05-03,35.700001,36.200001,35.299999,35.500000,432,0.000000,0.000000,28.798824,29.202169,28.476147,28.637486
2023-05-04,34.200001,34.849998,34.099998,34.750000,520,0.740000,0.000000,28.176116,28.711625,28.093728,28.629240
2023-05-07,35.549999,37.000000,35.549999,36.849998,500,0.000000,0.000000,29.288334,30.482937,29.288334,30.359356
2023-05-08,36.849998,37.200001,36.299999,37.200001,2351,0.000000,0.000000,30.359355,30.647709,29.906231,30.647709
2023-05-09,37.200001,37.500000,36.700001,37.500000,5000,0.000000,0.000000,30.647711,30.894869,30.235779,30.894869
2023-05-10,37.700001,38.400002,37.400002,38.299999,797,0.000000,0.000000,31.059644,31.636349,30.812486,31.553961
2023-05-11,38.000000,39.599998,37.900002,38.599998,2000,0.000000,0.000000,31.306798,32.624978,31.224413,31.801115
2023-05-14,42.000000,42.000000,38.500000,38.500000,13877,0.000000,0.000000,34.602256,34.602256,31.718735,31.718735
2023-05-15,38.500000,38.849998,37.500000,37.750000,2147,0.000000,0.000000,31.718731,32.007082,30.894868,31.100834
2023-05-16,37.750000,38.400002,37.650002,37.950001,1000,0.000000,0.000000,31.100835,31.636347,31.018450,31.265608
2023-05-17,37.750000,38.650002,37.700001,38.599998,696,0.000000,0.000000,31.100833,31.842311,31.059640,31.801115
2023-05-18,37.900002,38.900002,37.900002,38.500000,596,0.000000,0.000000,31.224418,32.048281,31.224418,31.718735
2023-05-21,38.849998,39.099998,38.549999,39.049999,2543,0.000000,0.000000,32.007079,32.213045,31.759921,32.171852
2023-05-22,38.799999,38.799999,37.849998,38.400002,19163,0.000000,0.000000,31.965892,31.965892,31.183221,31.636349
2023-05-23,38.299999,38.549999,37.599998,37.599998,906,0.000000,0.000000,31.553960,31.759926,30.977255,30.977255
2023-05-24,37.750000,38.250000,37.500000,38.000000,986,0.000000,0.000000,31.100831,31.512763,30.894865,31.306797
2023-05-25,38.200001,38.200001,37.549999,37.650002,600,0.000000,0.000000,31.471572,31.471572,30.936060,31.018448
2023-05-28,37.650002,38.250000,37.650002,38.250000,1148,0.000000,0.000000,31.018447,31.512764,31.018447,31.512764
2023-05-29,38.150002,38.799999,37.950001,38.349998,20771,0.000000,0.000000,31.430378,31.965887,31.265605,31.595148
2023-05-30,38.700001,39.200001,38.549999,38.549999,1300,0.000000,0.000000,31.883505,32.295436,31.759924,31.759924
2023-05-31,38.099998,38.099998,37.000000,37.000000,7596,0.000000,0.000000,31.389183,31.389183,30.482935,30.482935
2023-06-01,37.250000,37.599998,36.049999,36.049999,1205,0.000000,0.000000,30.688906,30.977257,29.700270,29.700270
2023-06-04,36.299999,37.099998,36.299999,37.000000,425,0.000000,0.000000,29.906230,30.565320,29.906230,30.482935
2023-06-05,37.000000,37.349998,36.549999,37.000000,2639,0.000000,0.000000,30.482935,30.771286,30.112196,30.482935
2023-06-06,36.650002,36.950001,36.299999,36.799999,4487,0.000000,0.000000,30.194585,30.441744,29.906231,30.318163
2023-06-07,36.799999,37.549999,36.599998,37.549999,831,0.000000,0.000000,30.318163,30.936060,30.153389,30.936060
2023-06-08,37.250000,37.599998,36.049999,36.049999,3905,0.000000,0.000000,30.688906,30.977257,29.700270,29.700270
2023-06-11,37.450001,38.299999,37.450001,37.849998,1489,0.000000,0.000000,30.853678,31.553961,30.853678,31.183222
2023-06-12,37.950001,38.299999,37.650002,37.650002,11152,0.000000,0.000000,31.265606,31.553957,31.018448,31.018448
2023-06-13,37.950001,38.299999,37.750000,38.000000,3650,0.000000,0.000000,31.265605,31.553955,31.100831,31.306797
2023-06-14,37.849998,38.700001,37.849998,38.450001,2170,0.000000,0.000000,31.183222,31.883508,31.183222,31.677542
2023-06-15,38.450001,38.700001,37.500000,37.700001,1202,0.000000,0.000000,31.677538,31.883504,30.894868,31.059641
2023-06-18,37.950001,38.000000,37.599998,37.849998,2985,0.000000,0.000000,31.265610,31.306803,30.977256,31.183222
2023-06-19,37.700001,38.150002,37.450001,37.950001,672508,0.000000,0.000000,31.059642,31.430381,30.853676,31.265608
2023-06-20,37.950001,38.200001,37.500000,38.049999,560840,0.000000,0.000000,31.265609,31.471575,30.894870,31.347994
2023-06-21,38.250000,38.700001,37.950001,38.500000,701840,0.000000,0.000000,31.512769,31.883508,31.265611,31.718735
2023-06-22,38.700001,38.849998,37.500000,38.150002,5123692,0.000000,0.000000,31.883502,32.007080,30.894866,31.430378
2023-07-02,38.200001,38.400002,38.000000,38.000000,173548,0.000000,0.000000,31.471570,31.636344,31.306797,31.306797
2023-07-03,38.299999,38.500000,37.900002,38.400002,920957,0.000000,0.000000,31.553961,31.718734,31.224417,31.636349
2023-07-04,38.500000,39.849998,38.400002,39.700001,811877,0.000000,0.000000,31.718731,32.830945,31.636346,32.707367
2023-07-05,39.900002,39.900002,39.250000,39.700001,1063553,0.000000,0.000000,32.872140,32.872140,32.336628,32.707367
2023-07-06,39.950001,39.950001,38.400002,38.849998,524821,0.000000,0.000000,32.913339,32.913339,31.636352,32.007088
2023-07-09,38.950001,39.700001,38.750000,39.549999,217640,0.000000,0.000000,32.089473,32.707371,31.924700,32.583790
2023-07-10,39.549999,39.549999,38.450001,38.849998,1301405,0.000000,0.000000,32.583793,32.583793,31.677544,32.007088
2023-07-11,39.000000,39.099998,38.299999,38.650002,1408025,0.000000,0.000000,32.130663,32.213048,31.553958,31.842312
2023-07-12,38.900002,41.200001,38.900002,40.000000,2330796,0.000000,0.000000,32.048281,33.943165,32.048281,32.954529
2023-07-13,40.000000,40.700001,39.900002,40.250000,1099739,0.000000,0.000000,32.954526,33.531231,32.872141,33.160492
2023-07-16,41.099998,41.099998,39.750000,39.750000,423862,0.000000,0.000000,33.860776,33.860776,32.748562,32.748562
2023-07-17,40.000000,41.900002,39.500000,41.849998,2226101,0.000000,0.000000,32.954523,34.519864,32.542591,34.478668
2023-07-18,41.900002,42.700001,41.599998,42.250000,1370325,0.000000,0.000000,34.519869,35.178959,34.272708,34.808220
2023-07-19,42.299999,42.450001,41.500000,41.500000,3490011,0.000000,0.000000,34.849409,34.972990,34.190319,34.190319
2023-07-20,42.000000,42.000000,40.700001,40.700001,633771,0.000000,0.000000,34.602252,34.602252,33.531231,33.531231
2023-07-23,41.150002,41.450001,40.400002,40.700001,268363,0.000000,0.000000,33.901970,34.149128,33.284073,33.531231
2023-07-24,40.500000,40.799999,40.000000,40.799999,865201,0.000000,0.000000,33.366462,33.613621,32.954531,33.613621
2023-07-25,41.150002,41.500000,40.349998,40.349998,1142433,0.000000,0.000000,33.901971,34.190322,33.242878,33.242878
2023-07-26,40.700001,41.049999,40.250000,41.000000,759027,0.000000,0.000000,33.531234,33.819585,33.160495,33.778393
2023-07-27,40.500000,41.500000,40.500000,40.849998,4632048,0.000000,0.000000,33.366457,34.190320,33.366457,33.654808
2023-07-30,40.549999,41.000000,39.150002,39.299999,811710,0.000000,0.000000,33.407652,33.778391,32.254245,32.377823
2023-07-31,39.200001,39.349998,37.599998,38.099998,2162054,0.000000,0.000000,32.295432,32.419010,30.977250,31.389181
2023-08-01,38.000000,38.099998,37.299999,37.549999,1472810,0.000000,0.000000,31.306799,31.389184,30.730094,30.936060
2023-08-02,37.299999,37.450001,36.099998,36.150002,2148197,0.000000,0.000000,30.730095,30.853675,29.741458,29.782654
2023-08-03,36.150002,36.150002,34.650002,34.799999,4507798,0.000000,0.000000,29.782654,29.782654,28.546859,28.670437
2023-08-06,35.049999,36.099998,35.000000,36.049999,1300474,0.000000,0.000000,28.876406,29.741462,28.835214,29.700270
2023-08-07,35.700001,36.349998,35.700001,36.200001,900913,0.000000,0.000000,29.411913,29.947422,29.411913,29.823845
2023-08-08,36.400002,37.150002,35.900002,35.900002,4778236,0.000000,0.000000,29.988618,30.606516,29.576687,29.576687
2023-08-09,36.400002,36.400002,35.650002,36.000000,4621733,0.000000,0.000000,29.988621,29.988621,29.370724,29.659075
2023-08-10,36.000000,36.750000,36.000000,36.599998,2061581,0.000000,0.000000,29.659078,30.276975,29.659078,30.153395
2023-08-13,36.500000,37.299999,36.500000,37.250000,419579,0.000000,0.000000,30.071008,30.730098,30.071008,30.688906
2023-08-14,36.000000,36.500000,36.000000,36.349998,1351944,0.880000,0.000000,30.376696,30.798595,30.376696,30.672024
2023-08-15,36.349998,36.349998,35.450001,35.549999,2288936,0.000000,0.000000,30.672021,30.672021,29.912606,29.996984
2023-08-16,35.349998,35.900002,34.849998,34.849998,737388,0.000000,0.000000,29.828227,30.292318,29.406328,29.406328
2023-08-17,34.900002,35.750000,34.750000,35.299999,2300773,0.000000,0.000000,29.448522,30.165749,29.321952,29.786039
2023-08-20,35.299999,36.200001,35.299999,36.000000,323262,0.000000,0.000000,29.786039,30.545458,29.786039,30.376698
2023-08-21,36.250000,36.349998,35.500000,35.549999,3568953,0.000000,0.000000,30.587643,30.672021,29.954795,29.996984
2023-08-22,35.549999,35.849998,35.450001,35.450001,723555,0.000000,0.000000,29.996991,30.250130,29.912613,29.912613
2023-08-23,35.299999,35.799999,34.900002,34.950001,967281,0.000000,0.000000,29.786037,30.207936,29.448520,29.490709
2023-08-24,35.000000,35.400002,34.799999,35.349998,1556899,0.000000,0.000000,29.532902,29.870422,29.364142,29.828230
2023-08-27,35.049999,35.599998,35.049999,35.549999,133910,0.000000,0.000000,29.575086,30.039174,29.575086,29.996984
2023-08-28,35.650002,35.799999,35.099998,35.450001,1033164,0.000000,0.000000,30.081373,30.207941,29.617282,29.912613
2023-08-29,35.549999,35.650002,35.250000,35.500000,1285806,0.000000,0.000000,29.996989,30.081371,29.743850,29.954800
2023-08-30,35.750000,35.950001,35.599998,35.799999,2409033,0.000000,0.000000,30.165750,30.334510,30.039179,30.207939
2023-08-31,35.849998,36.099998,35.349998,35.849998,1605428,0.000000,0.000000,30.250128,30.461077,29.828229,30.250128
2023-09-03,35.200001,35.750000,35.200001,35.599998,322563,0.000000,0.000000,29.701662,30.165750,29.701662,30.039179
2023-09-04,35.849998,35.849998,34.900002,35.000000,677030,0.000000,0.000000,30.250128,30.250128,29.448523,29.532902
2023-09-05,35.049999,35.200001,34.599998,35.000000,1605281,0.000000,0.000000,29.575091,29.701662,29.195382,29.532902
2023-09-06,34.750000,34.849998,34.200001,34.750000,888379,0.000000,0.000000,29.321949,29.406327,28.857861,29.321949
2023-09-07,34.750000,34.750000,34.150002,34.549999,861750,0.000000,0.000000,29.321955,29.321955,28.815677,29.153194
2023-09-10,34.549999,34.549999,34.549999,34.549999,0,0.000000,0.000000,29.153194,29.153194,29.153194,29.153194
2023-09-11,34.599998,34.950001,33.700001,34.299999,1817876,0.000000,0.000000,29.195378,29.490709,28.435963,28.942240
2023-09-12,34.349998,34.349998,33.750000,34.250000,1501840,0.000000,0.000000,28.984431,28.984431,28.478154,28.900053
2023-09-13,34.049999,34.200001,33.599998,34.000000,937436,0.000000,0.000000,28.731293,28.857864,28.351584,28.689104
2023-09-14,33.700001,34.150002,33.599998,34.150002,1752031,0.000000,0.000000,28.435968,28.815678,28.351587,28.815678
2023-09-17,34.150002,34.150002,34.150002,34.150002,0,0.000000,0.000000,28.815678,28.815678,28.815678,28.815678
2023-09-18,33.750000,33.950001,33.349998,33.599998,678354,0.000000,0.000000,28.478152,28.646912,28.140632,28.351582
2023-09-19,33.599998,34.049999,33.299999,34.049999,802854,0.000000,0.000000,28.351587,28.731297,28.098449,28.731297
2023-09-20,34.049999,34.200001,33.599998,34.200001,1802205,0.000000,0.000000,28.731292,28.857862,28.351582,28.857862
2023-09-21,34.400002,34.450001,33.599998,34.450001,889984,0.000000,0.000000,29.026626,29.068815,28.351586,29.068815
2023-09-25,34.000000,35.299999,34.000000,35.049999,1502706,0.000000,0.000000,28.689100,29.786036,28.689100,29.575087
2023-09-26,34.700001,34.950001,34.099998,34.500000,2424072,0.000000,0.000000,29.279762,29.490711,28.773482,29.111002
2023-09-27,34.549999,35.200001,34.099998,34.950001,2533148,0.000000,0.000000,29.153189,29.701659,28.773480,29.490709
2023-09-28,34.950001,35.099998,34.400002,34.500000,1590821,0.000000,0.000000,29.490711,29.617279,29.026624,29.111002
2023-10-01,34.500000,34.500000,34.500000,34.500000,0,0.000000,0.000000,29.111002,29.111002,29.111002,29.111002
2023-10-02,33.799999,35.049999,33.799999,34.400002,1049957,0.000000,0.000000,28.520344,29.575091,28.520344,29.026625
2023-10-03,34.450001,34.599998,33.650002,33.900002,704893,0.000000,0.000000,29.068813,29.195380,28.393776,28.604725
2023-10-04,33.799999,34.000000,33.150002,33.900002,816390,0.000000,0.000000,28.520343,28.689103,27.971877,28.604725
2023-10-05,34.200001,34.200001,32.849998,32.849998,1458077,0.000000,0.000000,28.857865,28.857865,27.718737,27.718737
2023-10-08,32.900002,33.650002,32.599998,33.400002,443277,0.000000,0.000000,27.760928,28.393776,27.507787,28.182827
2023-10-09,32.799999,33.299999,32.200001,32.200001,1432303,0.000000,0.000000,27.676546,28.098445,27.170269,27.170269
2023-10-10,32.450001,33.799999,32.150002,33.650002,1262839,0.000000,0.000000,27.381219,28.520344,27.128080,28.393776
2023-10-11,34.000000,34.000000,32.549999,33.099998,1772984,0.000000,0.000000,28.689106,28.689106,27.465600,27.929688
2023-10-12,32.650002,32.950001,31.900000,32.299999,2908019,0.000000,0.000000,27.549979,27.803118,26.917130,27.254648
2023-10-15,32.349998,32.349998,31.400000,31.500000,1105922,0.000000,0.000000,27.296835,27.296835,26.495229,26.579609
2023-10-16,31.200001,32.150002,31.150000,32.000000,2584836,0.000000,0.000000,26.326472,27.128080,26.284281,27.001509
2023-10-17,31.900000,32.750000,31.799999,32.200001,1180340,0.000000,0.000000,26.917129,27.634357,26.832749,27.170269
2023-10-18,32.150002,32.400002,31.950001,32.150002,1344671,0.000000,0.000000,27.128080,27.339030,26.959320,27.128080
2023-10-19,31.950001,32.299999,31.650000,32.000000,2083729,0.000000,0.000000,26.959319,27.254647,26.706179,27.001509
2023-10-22,31.950001,31.950001,31.049999,31.450001,683418,0.000000,0.000000,26.959319,26.959319,26.199900,26.537420
2023-10-23,31.100000,31.400000,30.600000,30.799999,1953802,0.000000,0.000000,26.242091,26.495229,25.820192,25.988951
2023-10-24,31.150000,31.950001,30.900000,31.950001,939336,0.000000,0.000000,26.284283,26.959322,26.073334,26.959322
2023-10-25,31.950001,32.599998,31.549999,32.500000,1047072,0.000000,0.000000,26.959321,27.507787,26.621801,27.423409
2023-10-26,32.500000,32.750000,31.750000,32.000000,1467524,0.000000,0.000000,27.423407,27.634357,26.790559,27.001509
2023-10-29,32.200001,32.849998,31.700001,32.700001,2459991,0.000000,0.000000,27.170268,27.718735,26.748370,27.592167
2023-10-30,32.450001,33.650002,32.450001,33.000000,1025997,0.000000,0.000000,27.381220,28.393778,27.381220,27.845308
2023-10-31,33.900002,33.900002,33.000000,33.450001,1691761,0.000000,0.000000,28.604729,28.604729,27.845310,28.225019
2023-11-01,33.700001,35.099998,33.200001,35.000000,2074449,0.000000,0.000000,28.435966,29.617280,28.014067,29.532902
2023-11-02,35.000000,35.900002,34.799999,34.849998,1116930,0.000000,0.000000,29.532899,30.292318,29.364139,29.406328
2023-11-05,34.900002,35.299999,34.650002,35.250000,422411,0.000000,0.000000,29.448523,29.786040,29.237574,29.743851
2023-11-06,34.900002,36.150002,34.900002,36.000000,1181396,0.000000,0.000000,29.448522,30.503268,29.448522,30.376698
2023-11-07,36.000000,36.150002,35.000000,35.799999,1338550,0.000000,0.000000,30.376699,30.503270,29.532902,30.207939
2023-11-08,35.500000,36.250000,35.500000,35.500000,1064919,0.000000,0.000000,29.954800,30.587648,29.954800,29.954800
2023-11-09,35.599998,35.599998,34.599998,34.700001,767774,0.000000,0.000000,30.039178,30.039178,29.195381,29.279762
2023-11-12,34.700001,34.950001,34.000000,34.500000,495452,0.000000,0.000000,29.279762,29.490711,28.689103,29.111002
2023-11-13,34.900002,34.900002,33.849998,34.200001,1227607,0.000000,0.000000,29.448521,29.448521,28.562532,28.857862
2023-11-14,34.250000,34.599998,34.099998,34.200001,1055028,0.000000,0.000000,28.900052,29.195379,28.773481,28.857862
2023-11-15,34.549999,34.849998,34.099998,34.750000,1032374,0.000000,0.000000,29.153189,29.406327,28.773480,29.321949
2023-11-16,34.400002,35.599998,34.349998,35.599998,1544003,0.000000,0.000000,29.026625,30.039179,28.984432,30.039179
2023-11-19,35.799999,35.799999,34.900002,35.200001,540197,0.000000,0.000000,30.207937,30.207937,29.448522,29.701660
2023-11-20,35.000000,35.299999,34.450001,34.599998,2320377,0.000000,0.000000,29.532899,29.786038,29.068812,29.195379
2023-11-21,34.700001,35.000000,34.500000,34.500000,1542201,0.000000,0.000000,29.279762,29.532901,29.111002,29.111002
2023-11-22,34.750000,34.750000,34.150002,34.349998,567487,0.000000,0.000000,29.321952,29.321952,28.815675,28.984432
2023-11-23,34.750000,34.750000,34.150002,34.349998,567487,0.000000,0.000000,29.321952,29.321952,28.815675,28.984432
2023-11-26,34.150002,34.400002,34.000000,34.099998,117894,0.000000,0.000000,28.815678,29.026627,28.689107,28.773485
2023-11-27,33.799999,34.400002,33.799999,34.099998,204033,0.000000,0.000000,28.520347,29.026627,28.520347,28.773485
2023-11-28,34.400002,34.599998,33.900002,34.549999,634211,0.000000,0.000000,29.026627,29.195384,28.604728,29.153194
2023-11-29,34.500000,34.750000,34.150002,34.650002,607084,0.000000,0.000000,29.110999,29.321948,28.815671,29.237570
2023-11-30,34.400002,34.799999,34.299999,34.750000,2255373,0.000000,0.000000,29.026621,29.364138,28.942240,29.321949
2023-12-03,34.549999,34.849998,34.549999,34.700001,277997,0.000000,0.000000,29.153191,29.406330,29.153191,29.279762
2023-12-04,35.000000,35.000000,34.150002,34.150002,1079450,0.000000,0.000000,29.532904,29.532904,28.815678,28.815678
2023-12-05,34.299999,34.299999,33.549999,33.650002,898083,0.000000,0.000000,28.942242,28.942242,28.309394,28.393776
2023-12-06,33.700001,33.849998,33.400002,33.700001,747650,0.000000,0.000000,28.435966,28.562534,28.182828,28.435966
2023-12-07,33.500000,33.900002,33.200001,33.650002,1354599,0.000000,0.000000,28.267205,28.604725,28.014067,28.393776
2023-12-10,33.400002,34.200001,33.400002,34.099998,201356,0.000000,0.000000,28.182830,28.857867,28.182830,28.773485
2023-12-11,34.099998,34.099998,33.450001,33.849998,1717876,0.000000,0.000000,28.773480,28.773480,28.225014,28.562531
2023-12-12,33.849998,33.950001,33.599998,33.950001,1664544,0.000000,0.000000,28.562532,28.646914,28.351583,28.646914
2023-12-13,33.950001,34.349998,33.750000,34.299999,622544,0.000000,0.000000,28.646912,28.984429,28.478152,28.942240
2023-12-14,34.299999,35.000000,34.299999,34.849998,2782296,0.000000,0.000000,28.942240,29.532899,28.942240,29.406328
2023-12-17,35.000000,35.950001,35.000000,35.400002,1059084,0.000000,0.000000,29.532902,30.334510,29.532902,29.870422
2023-12-18,35.349998,37.549999,35.349998,37.400002,2769539,0.000000,0.000000,29.828227,31.684582,29.828227,31.558014
2023-12-19,37.299999,37.299999,36.400002,36.599998,1255767,0.000000,0.000000,31.473637,31.473637,30.714222,30.882978
2023-12-20,36.700001,36.799999,35.799999,36.200001,1646507,0.000000,0.000000,30.967356,31.051735,30.207938,30.545458
2023-12-21,36.000000,36.049999,35.549999,35.849998,597591,0.000000,0.000000,30.376699,30.418888,29.996989,30.250128
2023-12-24,35.849998,35.849998,35.549999,35.750000,465123,0.000000,0.000000,30.250125,30.250125,29.996987,30.165747
2023-12-25,35.799999,36.400002,35.799999,36.400002,1531993,0.000000,0.000000,30.207940,30.714220,30.207940,30.714220
2023-12-26,36.500000,36.799999,36.400002,36.549999,1262912,0.000000,0.000000,30.798599,31.051737,30.714220,30.840788
2023-12-27,36.750000,37.299999,36.599998,37.000000,2379341,0.000000,0.000000,31.009542,31.473630,30.882971,31.220491
2023-12-28,36.900002,37.750000,36.900002,37.599998,853997,0.000000,0.000000,31.136117,31.853343,31.136117,31.726772
2023-12-31,37.400002,37.900002,37.299999,37.900002,148837,0.000000,0.000000,31.558017,31.979916,31.473635,31.979916
2024-01-01,37.650002,38.150002,37.650002,37.900002,145917,0.000000,0.000000,31.768966,32.190865,31.768966,31.979916
2024-01-02,38.000000,38.250000,37.500000,38.250000,864669,0.000000,0.000000,32.064293,32.275242,31.642394,32.275242
2024-01-03,38.150002,38.150002,37.000000,37.000000,918758,0.000000,0.000000,32.190859,32.190859,31.220491,31.220491
2024-01-04,37.000000,38.299999,36.500000,37.849998,1836411,0.000000,0.000000,31.220497,32.317433,30.798598,31.937723
2024-01-07,38.900002,39.200001,38.200001,38.950001,804887,0.000000,0.000000,32.823713,33.076851,32.233054,32.865902
2024-01-08,39.250000,39.250000,37.900002,37.900002,1028666,0.000000,0.000000,33.119041,33.119041,31.979916,31.979916
2024-01-09,38.200001,38.500000,37.250000,37.299999,1077031,0.000000,0.000000,32.233053,32.486192,31.431446,31.473635
2024-01-10,37.549999,37.700001,36.549999,36.700001,2246112,0.000000,0.000000,31.684580,31.811151,30.840783,30.967354
2024-01-11,36.900002,37.250000,35.950001,36.250000,2424205,0.000000,0.000000,31.136118,31.431446,30.334510,30.587648
2024-01-14,36.150002,36.200001,35.750000,35.849998,553028,0.000000,0.000000,30.503270,30.545459,30.165749,30.250128
2024-01-15,36.049999,37.049999,36.000000,36.900002,2412387,0.000000,0.000000,30.418883,31.262680,30.376694,31.136112
2024-01-16,36.750000,37.099998,36.450001,36.450001,924765,0.000000,0.000000,31.009545,31.304873,30.756407,30.756407
2024-01-17,36.049999,37.049999,36.049999,36.750000,979395,0.000000,0.000000,30.418888,31.262685,30.418888,31.009546
2024-01-18,36.950001,36.950001,35.849998,36.000000,1269752,0.000000,0.000000,31.178305,31.178305,30.250127,30.376698
2024-01-21,36.250000,36.400002,36.000000,36.349998,237025,0.000000,0.000000,30.587645,30.714216,30.376696,30.672024
2024-01-22,36.349998,36.349998,36.349998,36.349998,0,0.000000,0.000000,30.672024,30.672024,30.672024,30.672024
2024-01-23,37.750000,37.750000,36.549999,36.799999,1263820,0.000000,0.000000,31.853341,31.853341,30.840784,31.051733
2024-01-24,36.849998,37.849998,36.750000,37.200001,1350712,0.000000,0.000000,31.093925,31.937722,31.009546,31.389256
2024-01-25,37.099998,37.700001,36.950001,37.700001,1319510,0.000000,0.000000,31.304871,31.811152,31.178304,31.811152
2024-01-28,37.700001,38.299999,37.349998,38.000000,556528,0.000000,0.000000,31.811154,32.317431,31.515823,32.064293
2024-01-29,37.849998,38.400002,37.849998,38.049999,663401,0.000000,0.000000,31.937720,32.401811,31.937720,32.106480
2024-01-30,38.000000,38.099998,36.200001,36.349998,1697716,0.000000,0.000000,32.064290,32.148669,30.545456,30.672024
2024-01-31,36.349998,36.900002,35.700001,35.950001,1355434,0.000000,0.000000,30.672028,31.136119,30.123561,30.334511
2024-02-01,35.950001,36.299999,35.500000,35.650002,1216808,0.000000,0.000000,30.334506,30.629834,29.954797,30.081367
2024-02-04,35.849998,35.849998,35.150002,35.599998,390691,0.000000,0.000000,30.250128,30.250128,29.659473,30.039179
2024-02-05,35.599998,36.450001,35.400002,36.200001,1329928,0.000000,0.000000,30.039178,30.756407,29.870421,30.545458
2024-02-06,36.450001,36.450001,35.099998,35.549999,2015523,0.000000,0.000000,30.756403,30.756403,29.617275,29.996984
2024-02-07,35.950001,36.849998,35.349998,36.650002,1409782,0.000000,0.000000,30.334512,31.093928,29.828232,30.925171
2024-02-08,35.950001,36.849998,35.349998,36.650002,1409782,0.000000,0.000000,30.334512,31.093928,29.828232,30.925171
2024-02-11,37.900002,38.099998,37.549999,37.849998,421394,0.000000,0.000000,31.979916,32.148672,31.684585,31.937723
2024-02-12,38.049999,38.049999,37.349998,37.849998,587406,0.000000,0.000000,32.106483,32.106483,31.515825,31.937723
2024-02-13,38.000000,38.450001,37.849998,38.000000,1808555,0.000000,0.000000,32.064293,32.444002,31.937722,32.064293
2024-02-14,38.000000,38.000000,37.400002,37.799999,1293103,0.000000,0.000000,32.064293,32.064293,31.558016,31.895533
2024-02-15,37.950001,38.200001,37.799999,38.099998,638864,0.000000,0.000000,32.022103,32.233052,31.895532,32.148670
2024-02-18,38.150002,38.150002,37.650002,37.950001,1010671,0.000000,0.000000,32.190862,32.190862,31.768964,32.022102
2024-02-19,37.799999,38.950001,37.000000,38.950001,2718531,0.000000,0.000000,31.895534,32.865902,31.220497,32.865902
2024-02-20,38.950001,38.950001,37.849998,38.049999,1550977,0.000000,0.000000,32.865898,32.865898,31.937720,32.106480
2024-02-21,37.900002,39.099998,37.750000,39.000000,2566972,0.000000,0.000000,31.979917,32.992471,31.853346,32.908092
2024-02-25,39.000000,39.500000,38.900002,38.950001,674420,0.000000,0.000000,32.908091,33.329990,32.823713,32.865902
2024-02-26,38.900002,40.450001,38.700001,40.299999,2129636,0.000000,0.000000,32.823710,34.131595,32.654950,34.005024
2024-02-27,40.400002,41.000000,40.150002,40.750000,2181493,0.000000,0.000000,34.089407,34.595684,33.878458,34.384735
2024-02-28,40.849998,41.400002,40.299999,40.900002,1271882,0.000000,0.000000,34.469118,34.933209,34.005030,34.511311
2024-02-29,41.000000,41.950001,40.700001,41.250000,2714009,0.000000,0.000000,34.595687,35.397296,34.342549,34.806637
2024-03-03,40.049999,41.250000,40.049999,40.799999,313482,0.000000,0.000000,33.794078,34.806635,33.794078,34.426926
2024-03-04,40.549999,41.599998,40.150002,40.900002,1042472,0.000000,0.000000,34.215980,35.101966,33.878463,34.511311
2024-03-05,40.900002,40.900002,40.900002,40.900002,0,0.000000,0.000000,34.511311,34.511311,34.511311,34.511311
2024-03-06,40.000000,40.950001,39.950001,40.799999,585371,0.000000,0.000000,33.751889,34.553497,33.709699,34.426926
2024-03-07,40.849998,42.000000,40.799999,41.500000,906561,0.000000,0.000000,34.469113,35.439481,34.426923,35.017582
2024-03-10,41.500000,42.000000,41.049999,41.200001,695347,0.000000,0.000000,35.017577,35.439476,34.637868,34.764439
2024-03-11,41.500000,42.000000,40.650002,41.000000,1380218,0.000000,0.000000,35.017583,35.439481,34.300356,34.595684
2024-03-12,41.299999,42.349998,41.150002,41.900002,1328253,0.000000,0.000000,34.848822,35.734809,34.722255,35.355103
2024-03-13,41.900002,42.400002,41.049999,41.299999,1404639,0.000000,0.000000,35.355104,35.777002,34.637874,34.848824
2024-03-14,41.599998,41.900002,41.150002,41.750000,2512978,0.000000,0.000000,35.101960,35.355102,34.722254,35.228531
2024-03-17,42.000000,42.250000,41.299999,41.400002,323171,0.000000,0.000000,35.439482,35.650431,34.848823,34.933205
2024-03-18,41.400002,42.450001,40.900002,42.450001,1104142,0.000000,0.000000,34.933205,35.819191,34.511306,35.819191
2024-03-19,42.450001,42.450001,40.700001,41.400002,1267239,0.000000,0.000000,35.819191,35.819191,34.342546,34.933205
2024-03-20,41.549999,41.549999,40.750000,41.000000,935727,0.000000,0.000000,35.059772,35.059772,34.384735,34.595684
2024-03-21,41.200001,41.900002,41.200001,41.450001,1281000,0.000000,0.000000,34.764446,35.355105,34.764446,34.975395
2024-03-24,41.500000,41.849998,40.700001,40.700001,439970,0.000000,0.000000,35.017586,35.312913,34.342548,34.342548
2024-03-25,40.900002,41.950001,40.799999,41.250000,890153,0.000000,0.000000,34.511309,35.397296,34.426927,34.806637
2024-03-26,41.549999,42.650002,41.450001,41.549999,1546058,0.000000,0.000000,35.059769,35.987947,34.975390,35.059769
2024-03-27,41.599998,42.150002,41.349998,41.950001,675950,0.000000,0.000000,35.101962,35.566053,34.891013,35.397293
2024-03-28,42.200001,42.200001,41.099998,41.500000,990309,0.000000,0.000000,35.608241,35.608241,34.680062,35.017582
2024-03-31,41.200001,41.400002,39.900002,40.000000,708658,0.000000,0.000000,34.764446,34.933206,33.667510,33.751888
2024-04-01,40.000000,41.250000,39.750000,40.750000,1126811,0.000000,0.000000,33.751887,34.806634,33.540938,34.384735
2024-04-02,40.250000,40.950001,40.000000,40.650002,1404784,0.000000,0.000000,33.962834,34.553492,33.751885,34.300354
2024-04-03,40.650002,41.950001,40.500000,41.849998,980577,0.000000,0.000000,34.300354,35.397290,34.173783,35.312908
2024-04-04,41.849998,42.599998,41.299999,42.200001,1016932,0.000000,0.000000,35.312907,35.945755,34.848820,35.608238
2024-04-15,41.150002,41.650002,40.200001,40.599998,1181414,0.000000,0.000000,34.722258,35.144157,33.920650,34.258167
2024-04-16,40.599998,41.000000,40.000000,40.099998,1711291,0.000000,0.000000,34.258164,34.595684,33.751887,33.836266
2024-04-17,40.099998,40.349998,39.000000,40.000000,2856370,0.000000,0.000000,33.836267,34.047216,32.908091,33.751888
2024-04-18,40.200001,40.549999,39.599998,39.700001,1248263,0.000000,0.000000,33.920647,34.215975,33.414367,33.498749
2024-04-21,40.299999,40.299999,38.900002,39.000000,513105,0.000000,0.000000,34.005028,34.005028,32.823714,32.908092
2024-04-22,39.000000,39.849998,38.650002,39.700001,1509145,0.000000,0.000000,32.908090,33.625316,32.612762,33.498749
2024-04-23,39.700001,40.549999,39.150002,39.650002,1572324,0.000000,0.000000,33.498751,34.215978,33.034663,33.456562
2024-04-24,39.950001,40.000000,39.200001,39.299999,792951,0.000000,0.000000,33.709702,33.751891,33.076854,33.161232
2024-04-25,39.349998,40.799999,39.349998,40.049999,1574092,0.000000,0.000000,33.203416,34.426923,33.203416,33.794075
2024-04-28,40.049999,40.049999,40.049999,40.049999,0,0.980000,0.000000,34.641739,34.641739,34.641739,34.641739
2024-04-29,40.000000,41.349998,39.900002,40.950001,2157013,0.000000,0.000000,34.598489,35.766187,34.511994,35.420204
2024-04-30,40.950001,41.049999,40.349998,40.799999,1141967,0.000000,0.000000,35.420208,35.506703,34.901229,35.290462
2024-05-01,40.349998,41.250000,40.150002,40.549999,940566,0.000000,0.000000,34.901229,35.679697,34.728240,35.074223
2024-05-02,40.299999,41.500000,40.299999,41.400002,1028024,0.000000,0.000000,34.857980,35.895936,34.857980,35.809441
2024-05-05,41.500000,41.500000,40.549999,40.750000,326543,0.000000,0.000000,35.895937,35.895937,35.074222,35.247215
2024-05-06,41.400002,41.400002,39.849998,40.450001,1648156,0.000000,0.000000,35.809443,35.809443,34.468749,34.987728
2024-05-07,40.950001,41.000000,39.750000,40.900002,1252579,0.000000,0.000000,35.420208,35.463456,34.382253,35.376961
2024-05-08,40.799999,40.900002,40.000000,40.400002,616863,0.000000,0.000000,35.290460,35.376958,34.598491,34.944477
2024-05-09,40.500000,40.700001,40.000000,40.400002,1230202,0.000000,0.000000,35.030972,35.203965,34.598491,34.944477
2024-05-12,40.400002,40.849998,40.299999,40.500000,241625,0.000000,0.000000,34.944477,35.333707,34.857978,35.030972
2024-05-13,40.200001,41.549999,40.000000,41.099998,2199629,0.000000,0.000000,34.771486,35.939183,34.598492,35.549950
2024-05-14,41.000000,41.799999,40.599998,40.700001,1082761,0.000000,0.000000,35.463456,36.155425,35.117470,35.203968
2024-05-15,40.549999,41.000000,39.900002,40.000000,766041,0.000000,0.000000,35.074224,35.463458,34.512001,34.598495
2024-05-16,40.000000,41.700001,39.549999,40.549999,1891525,0.000000,0.000000,34.598494,36.068931,34.209260,35.074223
2024-05-19,40.549999,40.549999,40.549999,40.549999,0,0.000000,0.000000,35.074223,35.074223,35.074223,35.074223
2024-05-20,40.599998,40.599998,39.500000,39.799999,1708442,0.000000,0.000000,35.117468,35.117468,34.166011,34.425499
2024-05-21,39.700001,40.000000,39.549999,40.000000,643503,0.000000,0.000000,34.339007,34.598495,34.209262,34.598495
2024-05-22,39.650002,40.549999,39.650002,40.200001,728144,0.000000,0.000000,34.295763,35.074228,34.295763,34.771492
2024-05-23,40.599998,40.650002,39.150002,39.150002,1898840,0.000000,0.000000,35.117462,35.160713,33.863270,33.863270
2024-05-26,39.450001,39.450001,38.599998,38.650002,430378,0.000000,0.000000,34.122767,34.122767,33.387547,33.430798
2024-05-27,39.950001,39.950001,37.500000,38.000000,1983684,0.000000,0.000000,34.555246,34.555246,32.436087,32.868568
2024-05-28,37.950001,38.150002,37.299999,37.349998,1213446,0.000000,0.000000,32.825315,32.998308,32.263088,32.306335
2024-05-29,37.500000,39.000000,37.000000,38.000000,2877547,0.000000,0.000000,32.436087,33.733531,32.003606,32.868568
2024-05-30,38.000000,38.000000,38.000000,38.000000,0,0.000000,0.000000,32.868568,32.868568,32.868568,32.868568
2024-06-02,38.000000,38.000000,38.000000,38.000000,0,0.000000,0.000000,32.868568,32.868568,32.868568,32.868568
2024-06-03,38.799999,39.349998,38.049999,39.099998,1754611,0.000000,0.000000,33.560542,34.036271,32.911820,33.820030
2024-06-04,38.599998,39.349998,38.599998,38.750000,929937,0.000000,0.000000,33.387546,34.036268,33.387546,33.517292
2024-06-05,38.750000,38.950001,37.799999,38.400002,1342874,0.000000,0.000000,33.517293,33.690286,32.695578,33.214558
2024-06-06,38.450001,39.000000,38.000000,38.400002,1007951,0.000000,0.000000,33.257805,33.733534,32.868571,33.214558
2024-06-09,38.700001,39.900002,38.700001,39.000000,501225,0.000000,0.000000,33.474044,34.511999,33.474044,33.733532
2024-06-10,38.849998,39.500000,38.500000,39.049999,1193604,0.000000,0.000000,33.603782,34.166009,33.301047,33.776775
2024-06-11,38.750000,39.150002,38.200001,38.200001,1161889,0.000000,0.000000,33.517290,33.863276,33.041561,33.041561
2024-06-12,38.549999,39.349998,38.500000,38.700001,1420038,0.000000,0.000000,33.344295,34.036264,33.301048,33.474041
2024-06-13,39.299999,39.349998,37.849998,37.849998,2788887,0.000000,0.000000,33.993023,34.036270,32.738827,32.738827
2024-06-23,38.549999,39.250000,38.049999,38.400002,1006995,0.000000,0.000000,33.344300,33.949774,32.911819,33.214558
2024-06-24,38.400002,39.700001,38.299999,39.000000,2582813,0.000000,0.000000,33.214556,34.339006,33.128058,33.733532
2024-06-25,38.750000,39.099998,38.099998,38.099998,1110018,0.000000,0.000000,33.517290,33.820025,32.955063,32.955063
2024-06-26,38.099998,38.400002,37.799999,38.299999,1494730,0.000000,0.000000,32.955066,33.214558,32.695578,33.128059
2024-06-27,38.000000,38.950001,37.950001,38.650002,1464464,0.000000,0.000000,32.868571,33.690286,32.825323,33.430798
2024-06-30,38.650002,38.650002,38.650002,38.650002,0,0.000000,0.000000,33.430798,33.430798,33.430798,33.430798
2024-07-01,38.450001,38.750000,37.750000,37.799999,788552,0.000000,0.000000,33.257799,33.517287,32.652324,32.695572
2024-07-02,37.700001,38.200001,37.650002,37.650002,1268434,0.000000,0.000000,32.609082,33.041563,32.565834,32.565834
2024-07-03,37.700001,38.049999,37.450001,37.950001,1392374,0.000000,0.000000,32.609081,32.911816,32.392840,32.825321
2024-07-04,37.950001,37.950001,37.299999,37.650002,666747,0.000000,0.000000,32.825322,32.825322,32.263095,32.565834
2024-07-07,37.650002,37.700001,37.000000,37.049999,558420,0.000000,0.000000,32.565835,32.609083,32.003608,32.046856
2024-07-08,36.950001,38.250000,36.950001,38.250000,2339199,0.000000,0.000000,31.960358,33.084808,31.960358,33.084808
2024-07-09,38.450001,39.150002,38.200001,38.599998,1147838,0.000000,0.000000,33.257797,33.863271,33.041556,33.387539
2024-07-10,38.099998,38.950001,37.900002,38.150002,803155,0.000000,0.000000,32.955063,33.690283,32.782073,32.998314
2024-07-11,38.150002,38.200001,37.650002,37.799999,1631008,0.000000,0.000000,32.998311,33.041558,32.565830,32.695572
2024-07-14,38.000000,39.000000,37.849998,38.250000,619540,0.000000,0.000000,32.868568,33.733530,32.738822,33.084808
2024-07-15,38.750000,38.849998,37.849998,38.299999,1580224,0.000000,0.000000,33.517293,33.603788,32.738826,33.128059
2024-07-16,38.200001,38.599998,37.950001,38.450001,2208093,0.000000,0.000000,33.041560,33.387543,32.825320,33.257801
2024-07-17,38.500000,38.750000,38.150002,38.349998,1458383,0.000000,0.000000,33.301048,33.517289,32.998313,33.171303
2024-07-18,38.349998,38.799999,38.150002,38.700001,2161337,0.000000,0.000000,33.171302,33.560536,32.998312,33.474041
2024-07-21,38.700001,39.000000,38.450001,39.000000,343028,0.000000,0.000000,33.474044,33.733532,33.257803,33.733532
2024-07-22,39.000000,39.349998,38.599998,38.750000,1259374,0.000000,0.000000,33.733533,34.036268,33.387546,33.517292
2024-07-23,38.549999,38.599998,37.650002,38.099998,1445791,0.000000,0.000000,33.344297,33.387544,32.565832,32.955063
2024-07-24,38.400002,38.400002,37.750000,37.900002,1079064,0.000000,0.000000,33.214551,33.214551,32.652325,32.782070
2024-07-25,38.099998,38.450001,37.700001,38.250000,2159744,0.000000,0.000000,32.955063,33.257801,32.609080,33.084808
2024-07-28,38.599998,39.000000,37.849998,39.000000,420494,0.000000,0.000000,33.387546,33.733532,32.738824,33.733532
2024-07-29,38.599998,39.400002,38.599998,39.099998,739866,0.000000,0.000000,33.387549,34.079522,33.387549,33.820030
2024-07-30,38.900002,39.150002,38.200001,38.400002,1173361,0.000000,0.000000,33.647039,33.863279,33.041565,33.214558
2024-07-31,38.400002,39.349998,38.250000,39.349998,1560777,0.000000,0.000000,33.214551,34.036263,33.084805,34.036263
2024-08-01,38.650002,39.549999,38.150002,38.750000,935000,0.000000,0.000000,33.430797,34.209261,32.998316,33.517292
2024-08-04,38.000000,38.000000,37.200001,37.500000,451531,0.000000,0.000000,32.868566,32.868566,32.176597,32.436085
2024-08-05,37.500000,37.750000,35.200001,35.599998,1758645,0.000000,0.000000,32.436088,32.652328,30.446675,30.792658
2024-08-06,35.849998,37.450001,35.849998,36.349998,1539887,0.000000,0.000000,31.008896,32.392838,31.008896,31.441378
2024-08-07,37.799999,37.799999,35.900002,36.549999,1608564,0.000000,0.000000,32.695573,32.695573,31.052147,31.614370
2024-08-08,36.500000,36.650002,36.000000,36.250000,800965,0.000000,0.000000,31.571126,31.700871,31.138645,31.354885
2024-08-11,36.299999,37.450001,36.299999,37.000000,375467,0.000000,0.000000,31.398127,32.392835,31.398127,32.003601
2024-08-12,37.000000,37.400002,36.799999,36.799999,996956,0.000000,0.000000,32.003605,32.349592,31.830612,31.830612
2024-08-13,37.250000,37.400002,36.650002,37.000000,1234797,0.000000,0.000000,32.219842,32.349587,31.700866,32.003601
2024-08-14,37.000000,37.349998,36.700001,37.150002,2495020,0.000000,0.000000,32.003609,32.306344,31.744120,32.133354
2024-08-15,37.349998,37.700001,37.250000,37.450001,2796665,0.000000,0.000000,32.306339,32.609078,32.219844,32.392838
2024-08-18,36.599998,37.250000,36.599998,37.200001,617345,1.000000,0.000000,32.526139,33.103791,32.526139,33.059357
2024-08-19,37.150002,37.200001,36.549999,36.650002,1011999,0.000000,0.000000,33.014926,33.059360,32.481708,32.570580
2024-08-20,36.700001,36.950001,35.900002,36.000000,2753140,0.000000,0.000000,32.615013,32.837186,31.904060,31.992928
2024-08-21,36.000000,36.599998,35.950001,36.299999,3273587,0.000000,0.000000,31.992930,32.526144,31.948496,32.259537
2024-08-22,36.549999,36.849998,36.049999,36.250000,6898044,0.000000,0.000000,32.481710,32.748317,32.037364,32.215103
2024-08-25,36.250000,36.549999,35.900002,35.950001,2749676,0.000000,0.000000,32.215099,32.481706,31.904058,31.948492
2024-08-26,36.150002,36.150002,35.150002,35.650002,4193443,0.000000,0.000000,32.126231,32.126231,31.237539,31.681885
2024-08-27,35.799999,35.799999,34.950001,35.049999,8225177,0.000000,0.000000,31.815186,31.815186,31.059799,31.148666
2024-08-28,35.099998,35.299999,34.400002,34.750000,7610108,0.000000,0.000000,31.193100,31.370839,30.571018,30.882059
2024-08-29,34.900002,35.099998,34.500000,34.849998,8098190,0.000000,0.000000,31.015364,31.193099,30.659885,30.970926
2024-09-01,35.200001,35.400002,34.849998,35.299999,820898,0.000000,0.000000,31.281974,31.459713,30.970930,31.370842
2024-09-02,35.299999,35.700001,34.650002,34.799999,2648667,0.000000,0.000000,31.370843,31.726321,30.793195,30.926497
2024-09-03,34.900002,34.900002,34.200001,34.500000,2234012,0.000000,0.000000,31.015366,31.015366,30.393280,30.659887
2024-09-04,34.000000,34.450001,33.500000,34.450001,3558529,0.000000,0.000000,30.215545,30.615458,29.771199,30.615458
2024-09-05,34.500000,35.250000,34.349998,34.900002,7803155,0.000000,0.000000,30.659891,31.326410,30.526586,31.015369
2024-09-08,34.900002,35.200001,34.250000,35.200001,1000783,0.000000,0.000000,31.015366,31.281973,30.437714,31.281973
2024-09-09,34.950001,35.000000,34.200001,34.500000,3885966,0.000000,0.000000,31.059800,31.104234,30.393280,30.659887
2024-09-10,34.500000,34.599998,33.849998,34.150002,2059055,0.000000,0.000000,30.659891,30.748759,30.082240,30.348850
2024-09-11,34.200001,34.200001,33.099998,33.299999,1978633,0.000000,0.000000,30.393285,30.393285,29.415721,29.593460
2024-09-12,33.500000,33.599998,33.049999,33.150002,4081628,0.000000,0.000000,29.771196,29.860064,29.371284,29.460155
2024-09-15,33.150002,33.349998,32.700001,33.349998,1176354,0.000000,0.000000,29.460156,29.637892,29.060244,29.637892
2024-09-16,33.400002,33.750000,33.150002,33.500000,3363853,0.000000,0.000000,29.682328,29.993369,29.460155,29.771196
2024-09-17,33.650002,33.650002,33.099998,33.599998,1157724,0.000000,0.000000,29.904501,29.904501,29.415717,29.860064
2024-09-18,33.299999,35.099998,33.299999,35.049999,3037455,0.000000,0.000000,29.593455,31.193100,29.593455,31.148666
2024-09-19,35.250000,35.349998,34.650002,35.150002,2943072,0.000000,0.000000,31.326409,31.415277,30.793195,31.237541
2024-09-22,35.599998,35.750000,35.299999,35.750000,785882,0.000000,0.000000,31.637447,31.770752,31.370840,31.770752
2024-09-24,35.500000,35.900002,35.250000,35.900002,2244441,0.000000,0.000000,31.548582,31.904060,31.326409,31.904060
2024-09-25,35.799999,35.799999,35.349998,35.549999,1533261,0.000000,0.000000,31.815187,31.815187,31.415275,31.593014
2024-09-26,35.349998,35.950001,35.349998,35.950001,1961041,0.000000,0.000000,31.415275,31.948492,31.415275,31.948492
2024-09-29,35.900002,35.900002,35.000000,35.000000,953984,0.000000,0.000000,31.904059,31.904059,31.104235,31.104235
2024-09-30,36.000000,36.000000,34.400002,34.650002,2634887,0.000000,0.000000,31.992925,31.992925,30.571019,30.793192
2024-10-01,34.400002,35.049999,34.349998,34.900002,1618907,0.000000,0.000000,30.571023,31.148671,30.526586,31.015369
2024-10-02,34.900002,34.900002,34.900002,34.900002,0,0.000000,0.000000,31.015369,31.015369,31.015369,31.015369
2024-10-03,33.900002,34.150002,33.349998,33.700001,2139219,0.000000,0.000000,30.126674,30.348847,29.637890,29.948935
2024-10-06,34.000000,34.099998,33.349998,34.000000,449346,0.000000,0.000000,30.215542,30.304410,29.637890,30.215542
2024-10-07,33.750000,34.450001,33.500000,34.000000,1952177,0.000000,0.000000,29.993369,30.615454,29.771196,30.215542
2024-10-08,34.000000,34.400002,33.700001,34.099998,2055629,0.000000,0.000000,30.215543,30.571021,29.948936,30.304411
2024-10-09,34.150002,34.349998,33.849998,34.150002,762259,0.000000,0.000000,30.348850,30.526586,30.082240,30.348850
2024-10-10,34.000000,34.900002,33.799999,34.750000,895259,0.000000,0.000000,30.215540,31.015364,30.037801,30.882059
2024-10-13,34.950001,35.200001,34.500000,35.099998,837949,0.000000,0.000000,31.059800,31.281973,30.659888,31.193102
2024-10-14,35.000000,35.099998,34.450001,34.650002,1608372,0.000000,0.000000,31.104233,31.193101,30.615453,30.793192
2024-10-15,34.700001,35.150002,34.150002,35.150002,1666238,0.000000,0.000000,30.837629,31.237541,30.348849,31.237541
2024-10-16,35.000000,35.400002,34.900002,34.900002,1803126,0.000000,0.000000,31.104237,31.459716,31.015369,31.015369
2024-10-17,35.099998,35.099998,34.349998,34.450001,1270298,0.000000,0.000000,31.193106,31.193106,30.526586,30.615458
2024-10-20,34.450001,34.650002,34.099998,34.250000,428951,0.000000,0.000000,30.615457,30.793196,30.304412,30.437717
2024-10-21,34.299999,35.099998,34.299999,34.900002,860056,0.000000,0.000000,30.482152,31.193105,30.482152,31.015369
2024-10-22,35.000000,35.099998,34.599998,34.900002,1260275,0.000000,0.000000,31.104237,31.193105,30.748759,31.015369
2024-10-23,34.900002,35.150002,34.700001,35.000000,646265,0.000000,0.000000,31.015367,31.237540,30.837628,31.104235
2024-10-24,34.599998,35.000000,34.299999,35.000000,1491546,0.000000,0.000000,30.748756,31.104235,30.482149,31.104235
2024-10-27,35.900002,36.349998,35.500000,36.000000,761051,0.000000,0.000000,31.904060,32.303969,31.548581,31.992928
2024-10-28,36.299999,36.299999,35.250000,35.400002,1165208,0.000000,0.000000,32.259534,32.259534,31.326408,31.459713
2024-10-29,35.400002,35.549999,34.900002,35.450001,1464626,0.000000,0.000000,31.459715,31.593016,31.015368,31.504148
2024-10-30,34.700001,34.799999,33.950001,34.400002,2719616,0.000000,0.000000,30.837627,30.926495,30.171108,30.571020
2024-10-31,34.349998,34.599998,33.599998,33.799999,2299842,0.000000,0.000000,30.526584,30.748757,29.860064,30.037804
2024-11-03,34.000000,34.099998,33.500000,33.599998,268581,0.000000,0.000000,30.215542,30.304410,29.771196,29.860064
2024-11-04,33.799999,33.849998,33.250000,33.700001,1435205,0.000000,0.000000,30.037802,30.082236,29.549022,29.948935
2024-11-05,33.750000,33.799999,33.200001,33.549999,582589,0.000000,0.000000,29.993369,30.037803,29.504589,29.815630
2024-11-06,33.750000,34.200001,33.650002,33.849998,1134990,0.000000,0.000000,29.993367,30.393280,29.904500,30.082235
2024-11-07,33.849998,34.549999,33.500000,34.450001,1736231,0.000000,0.000000,30.082240,30.704325,29.771199,30.615458
2024-11-10,34.549999,34.549999,34.000000,34.250000,621739,0.000000,0.000000,30.704325,30.704325,30.215544,30.437717
2024-11-11,34.250000,34.700001,34.099998,34.099998,914751,0.000000,0.000000,30.437716,30.837628,30.304411,30.304411
2024-11-12,34.200001,34.400002,33.650002,33.900002,1118374,0.000000,0.000000,30.393282,30.571021,29.904502,30.126675
2024-11-13,33.650002,33.650002,32.799999,32.900002,2261676,0.000000,0.000000,29.904501,29.904501,29.149111,29.237982
2024-11-14,32.900002,32.950001,31.750000,31.750000,3076139,0.000000,0.000000,29.237982,29.282416,28.215984,28.215984
2024-11-17,31.750000,31.750000,31.750000,31.750000,0,0.000000,0.000000,28.215984,28.215984,28.215984,28.215984
2024-11-18,32.049999,32.250000,31.350000,31.700001,2090691,0.000000,0.000000,28.482592,28.660331,27.860508,28.171551
2024-11-19,31.750000,31.750000,31.350000,31.500000,1513090,0.000000,0.000000,28.215984,28.215984,27.860507,27.993811
2024-11-20,31.450001,31.850000,31.400000,31.700001,1455481,0.000000,0.000000,27.949378,28.304854,27.904942,28.171551
2024-11-21,31.400000,31.799999,31.400000,31.500000,1393622,0.000000,0.000000,27.904941,28.260418,27.904941,27.993811
2024-11-24,31.750000,31.850000,31.450001,31.750000,804101,0.000000,0.000000,28.215984,28.304854,27.949377,28.215984
2024-11-25,31.600000,32.650002,31.299999,32.650002,7488134,0.000000,0.000000,28.082680,29.015808,27.816071,29.015808
2024-11-26,32.400002,32.400002,31.750000,32.150002,1260604,0.000000,0.000000,28.793636,28.793636,28.215984,28.571463
2024-11-27,32.150002,32.150002,31.200001,31.200001,1260472,0.000000,0.000000,28.571464,28.571464,27.727205,27.727205
2024-11-28,31.299999,31.400000,31.000000,31.049999,2155585,0.000000,0.000000,27.816074,27.904943,27.549467,27.593901
2024-12-01,31.299999,31.400000,31.000000,31.049999,2155585,0.000000,0.000000,27.816074,27.904943,27.549467,27.593901
2024-12-02,31.200001,31.350000,30.850000,31.049999,1384509,0.000000,0.000000,27.727206,27.860509,27.416163,27.593901
2024-12-03,31.100000,31.750000,31.100000,31.700001,1323054,0.000000,0.000000,27.638335,28.215985,27.638335,28.171551
2024-12-04,31.750000,31.950001,31.400000,31.650000,2514170,0.000000,0.000000,28.215983,28.393722,27.904940,28.127113
2024-12-05,31.799999,31.900000,31.549999,31.799999,7157859,0.000000,0.000000,28.260418,28.349288,28.038245,28.260418
2024-12-08,32.000000,32.250000,31.900000,32.099998,2054063,0.000000,0.000000,28.438159,28.660332,28.349290,28.527027
2024-12-09,32.200001,32.549999,32.200001,32.400002,2618971,0.000000,0.000000,28.615895,28.926936,28.615895,28.793634
2024-12-10,32.500000,32.950001,32.349998,32.650002,3597185,0.000000,0.000000,28.882503,29.282415,28.749198,29.015808
2024-12-11,32.900002,32.950001,32.599998,32.799999,2120173,0.000000,0.000000,29.237982,29.282416,28.971372,29.149111
2024-12-12,32.950001,33.099998,32.450001,32.450001,1292451,0.000000,0.000000,29.282416,29.415718,28.838070,28.838070
2024-12-15,32.500000,32.700001,32.099998,32.150002,533538,0.000000,0.000000,28.882504,29.060243,28.527025,28.571463
2024-12-16,32.349998,32.400002,31.900000,31.950001,2398978,0.000000,0.000000,28.749197,28.793635,28.349287,28.393723
2024-12-17,31.950001,32.099998,31.299999,31.299999,3279896,0.000000,0.000000,28.393726,28.527028,27.816074,27.816074
2024-12-18,31.450001,31.750000,31.299999,31.750000,1041084,0.000000,0.000000,27.949377,28.215984,27.816072,28.215984
2024-12-19,30.799999,32.099998,30.799999,31.900000,2639212,0.000000,0.000000,27.371725,28.527024,27.371725,28.349287
2024-12-22,32.099998,32.549999,31.950001,32.200001,753746,0.000000,0.000000,28.527027,28.926939,28.393725,28.615898
2024-12-23,32.200001,32.650002,31.900000,32.200001,2477878,0.000000,0.000000,28.615898,29.015810,28.349289,28.615898
2024-12-24,32.150002,33.000000,32.150002,32.900002,2707996,0.000000,0.000000,28.571462,29.326850,28.571462,29.237982
2024-12-25,32.799999,33.150002,32.549999,33.000000,378907,0.000000,0.000000,29.149112,29.460156,28.926939,29.326851
2024-12-26,33.000000,33.099998,32.700001,32.849998,597254,0.000000,0.000000,29.326852,29.415719,29.060244,29.193546
2024-12-29,32.900002,33.200001,32.900002,33.150002,2670678,0.000000,0.000000,29.237982,29.504589,29.237982,29.460155
2024-12-30,33.200001,33.900002,33.150002,33.750000,2099634,0.000000,0.000000,29.504586,30.126671,29.460152,29.993366
2024-12-31,33.900002,33.950001,33.599998,33.650002,2032473,0.000000,0.000000,30.126676,30.171110,29.860066,29.904503
2025-01-01,33.549999,33.750000,33.500000,33.549999,239775,0.000000,0.000000,29.815630,29.993369,29.771196,29.815630
2025-01-02,33.599998,33.599998,32.799999,32.950001,1314796,0.000000,0.000000,29.860065,29.860065,29.149112,29.282417
2025-01-05,32.950001,33.200001,32.700001,32.900002,314219,0.000000,0.000000,29.282416,29.504589,29.060243,29.237982
2025-01-06,32.900002,33.500000,32.900002,33.400002,3112656,0.000000,0.000000,29.237983,29.771197,29.237983,29.682329
2025-01-07,33.549999,33.950001,33.349998,33.700001,3814893,0.000000,0.000000,29.815629,30.171108,29.637890,29.948935
2025-01-08,33.700001,34.099998,33.349998,33.349998,1016740,0.000000,0.000000,29.948936,30.304411,29.637892,29.637892
2025-01-09,33.349998,33.349998,33.349998,33.349998,0,0.000000,0.000000,29.637892,29.637892,29.637892,29.637892
2025-01-12,33.549999,33.549999,33.200001,33.299999,261265,0.000000,0.000000,29.815633,29.815633,29.504592,29.593460
2025-01-13,33.400002,33.650002,33.049999,33.450001,2174850,0.000000,0.000000,29.682329,29.904502,29.371284,29.726763
2025-01-14,33.299999,34.000000,33.000000,34.000000,3793402,0.000000,0.000000,29.593456,30.215542,29.326849,30.215542
2025-01-15,34.000000,35.349998,33.950001,35.349998,6135642,0.000000,0.000000,30.215544,31.415277,30.171110,31.415277
2025-01-16,35.349998,35.950001,34.900002,35.450001,1976810,0.000000,0.000000,31.415277,31.948495,31.015368,31.504148
2025-01-19,36.000000,36.000000,35.200001,35.450001,612074,0.000000,0.000000,31.992929,31.992929,31.281975,31.504148
2025-01-20,35.549999,36.099998,35.500000,35.849998,1628512,0.000000,0.000000,31.593014,32.081794,31.548580,31.859621
2025-01-21,35.849998,35.950001,35.549999,35.799999,935985,0.000000,0.000000,31.859623,31.948495,31.593016,31.815189
2025-01-22,35.549999,36.400002,35.049999,35.950001,3003533,0.000000,0.000000,31.593014,32.348404,31.148668,31.948492
2025-01-23,36.200001,36.200001,35.500000,35.750000,1214148,0.000000,0.000000,32.170664,32.170664,31.548579,31.770752
2025-01-26,36.049999,36.200001,35.799999,36.000000,262896,0.000000,0.000000,32.037361,32.170667,31.815188,31.992928
2025-01-27,36.000000,36.349998,35.750000,36.000000,3144780,0.000000,0.000000,31.992928,32.303969,31.770754,31.992928
2025-01-28,36.000000,36.000000,36.000000,36.000000,0,0.000000,0.000000,31.992928,31.992928,31.992928,31.992928
2025-01-29,36.000000,36.000000,36.000000,36.000000,0,0.000000,0.000000,31.992928,31.992928,31.992928,31.992928
2025-01-30,35.799999,36.200001,35.500000,35.950001,1390474,0.000000,0.000000,31.815187,32.170665,31.548580,31.948492
2025-02-02,36.400002,36.650002,35.650002,36.650002,268729,0.000000,0.000000,32.348406,32.570580,31.681887,32.570580
2025-02-03,36.000000,36.500000,35.450001,35.750000,1434973,0.000000,0.000000,31.992925,32.437271,31.504145,31.770752
2025-02-04,35.650002,35.849998,35.349998,35.500000,1227817,0.000000,0.000000,31.681887,31.859623,31.415277,31.548582
2025-02-05,35.349998,35.900002,35.299999,35.500000,1676231,0.000000,0.000000,31.415277,31.904060,31.370843,31.548582
2025-02-06,35.299999,35.700001,35.099998,35.349998,1463491,0.000000,0.000000,31.370844,31.726322,31.193104,31.415277
2025-02-09,35.349998,35.650002,35.250000,35.299999,394485,0.000000,0.000000,31.415276,31.681886,31.326408,31.370842
2025-02-10,35.099998,36.549999,35.099998,36.299999,2593138,0.000000,0.000000,31.193105,32.481710,31.193105,32.259537
2025-02-11,36.150002,36.299999,35.950001,36.099998,1918336,0.000000,0.000000,32.126236,32.259538,31.948497,32.081799
2025-02-12,36.200001,36.349998,35.650002,35.900002,2425812,0.000000,0.000000,32.170667,32.303969,31.681887,31.904060
2025-02-13,35.700001,36.000000,35.549999,35.799999,1011671,0.000000,0.000000,31.726321,31.992929,31.593016,31.815189
2025-02-16,35.950001,36.549999,35.750000,36.099998,494316,0.000000,0.000000,31.948497,32.481711,31.770758,32.081799
2025-02-17,35.799999,35.849998,35.200001,35.500000,1218223,0.000000,0.000000,31.815189,31.859623,31.281975,31.548582
2025-02-18,35.400002,36.500000,35.400002,36.349998,1665117,0.000000,0.000000,31.459711,32.437272,31.459711,32.303967
2025-02-19,36.349998,36.349998,36.349998,36.349998,0,0.000000,0.000000,32.303967,32.303967,32.303967,32.303967
2025-02-20,36.400002,37.500000,36.299999,37.250000,3174090,0.000000,0.000000,32.348403,33.325963,32.259532,33.103790
2025-02-24,37.450001,37.700001,36.299999,36.599998,2793862,0.000000,0.000000,33.281537,33.503710,32.259539,32.526146
2025-02-25,36.599998,36.700001,36.250000,36.650002,1166585,0.000000,0.000000,32.526142,32.615013,32.215101,32.570580
2025-02-26,36.700001,36.700001,35.799999,36.099998,1547162,0.000000,0.000000,32.615016,32.615016,31.815191,32.081799
2025-02-27,36.049999,36.049999,35.400002,35.400002,2886701,0.000000,0.000000,32.037361,32.037361,31.459713,31.459713
2025-03-02,35.400002,35.900002,35.200001,35.700001,369520,0.000000,0.000000,31.459717,31.904063,31.281978,31.726324
2025-03-03,35.700001,36.750000,35.700001,36.500000,2811878,0.000000,0.000000,31.726322,32.659448,31.726322,32.437275
2025-03-04,36.000000,36.450001,35.950001,36.200001,1842986,0.000000,0.000000,31.992927,32.392839,31.948493,32.170666
2025-03-05,36.450001,36.549999,35.650002,36.000000,1786220,0.000000,0.000000,32.392840,32.481708,31.681887,31.992928
2025-03-06,36.000000,36.000000,34.900002,35.450001,1656996,0.000000,0.000000,31.992929,31.992929,31.015368,31.504148
2025-03-09,35.150002,36.299999,35.150002,35.599998,557534,0.000000,0.000000,31.237540,32.259535,31.237540,31.637449
2025-03-10,35.500000,35.950001,35.049999,35.500000,1262445,0.000000,0.000000,31.548582,31.948494,31.148670,31.548582
2025-03-11,35.150002,35.650002,34.900002,35.049999,1741671,0.000000,0.000000,31.237538,31.681884,31.015365,31.148666
2025-03-12,35.349998,35.400002,34.900002,35.349998,1850331,0.000000,0.000000,31.415277,31.459715,31.015369,31.415277
2025-03-13,35.349998,35.450001,35.150002,35.250000,1370985,0.000000,0.000000,31.415274,31.504146,31.237539,31.326406
2025-03-16,35.250000,35.599998,35.000000,35.150002,751708,0.000000,0.000000,31.326409,31.637450,31.104236,31.237541
2025-03-17,35.349998,35.750000,35.349998,35.650002,1487377,0.000000,0.000000,31.415274,31.770753,31.415274,31.681885
2025-03-18,35.750000,36.000000,35.500000,35.900002,868240,0.000000,0.000000,31.770755,31.992928,31.548582,31.904060
2025-03-19,35.900002,36.349998,35.650002,36.299999,1481635,0.000000,0.000000,31.904062,32.303971,31.681889,32.259537
2025-03-20,36.299999,36.299999,36.299999,36.299999,0,0.000000,0.000000,32.259537,32.259537,32.259537,32.259537
2025-03-23,35.950001,36.250000,35.650002,35.650002,521006,0.000000,0.000000,31.948492,32.215099,31.681885,31.681885
2025-03-24,35.599998,36.599998,35.599998,36.599998,1488790,0.000000,0.000000,31.637453,32.526146,31.637453,32.526146
2025-03-25,36.599998,36.599998,36.150002,36.150002,845346,0.000000,0.000000,32.526141,32.526141,32.126232,32.126232
2025-03-26,36.150002,37.750000,36.150002,37.549999,2894877,0.000000,0.000000,32.126232,33.548139,32.126232,33.370399
2025-03-27,37.349998,38.000000,37.349998,37.500000,2081041,0.000000,0.000000,33.192661,33.770312,33.192661,33.325966
2025-04-03,37.000000,37.549999,36.650002,36.799999,2293527,0.000000,0.000000,32.881619,33.370400,32.570578,32.703880
2025-04-06,35.000000,35.299999,33.250000,33.500000,1315967,0.000000,0.000000,31.104235,31.370842,29.549023,29.771196
2025-04-07,32.150002,33.349998,31.900000,32.799999,4585255,0.000000,0.000000,28.571463,29.637891,28.349288,29.149111
2025-04-08,33.200001,33.900002,32.799999,32.799999,4862669,0.000000,0.000000,29.504589,30.126674,29.149111,29.149111
2025-04-09,32.650002,33.150002,32.000000,32.400002,4081793,0.000000,0.000000,29.015808,29.460154,28.438156,28.793634
2025-04-10,32.400002,32.400002,32.400002,32.400002,0,0.000000,0.000000,28.793634,28.793634,28.793634,28.793634
2025-04-13,35.000000,35.150002,34.549999,34.750000,503622,0.000000,0.000000,31.104232,31.237537,30.704320,30.882059
2025-04-14,34.549999,34.799999,34.349998,34.700001,1923334,0.000000,0.000000,30.704324,30.926497,30.526585,30.837629
2025-04-15,34.700001,34.700001,34.299999,34.349998,2239228,0.000000,0.000000,30.837631,30.837631,30.482153,30.526587
2025-04-16,34.299999,34.650002,34.299999,34.650002,1576270,0.000000,0.000000,30.482148,30.793192,30.482148,30.793192
2025-04-17,34.650002,34.650002,34.650002,34.650002,0,0.000000,0.000000,30.793192,30.793192,30.793192,30.793192
2025-04-20,34.400002,34.799999,34.400002,34.650002,578742,0.000000,0.000000,30.571019,30.926494,30.571019,30.793192
2025-04-21,35.000000,35.000000,34.150002,34.200001,2053307,0.000000,0.000000,31.104233,31.104233,30.348846,30.393280
2025-04-22,34.250000,34.799999,34.200001,34.500000,3564834,0.000000,0.000000,30.437714,30.926494,30.393280,30.659887
2025-04-23,34.900002,35.750000,34.849998,35.700001,3353117,0.000000,0.000000,31.015371,31.770758,30.970933,31.726324
2025-04-24,35.750000,36.299999,35.299999,35.400002,4339412,0.000000,0.000000,31.770754,32.259534,31.370842,31.459713
2025-04-27,35.900002,36.000000,35.500000,35.500000,802165,0.000000,0.000000,31.904060,31.992928,31.548582,31.548582
2025-04-28,35.500000,35.650002,35.200001,35.250000,1638205,0.000000,0.000000,31.548580,31.681885,31.281973,31.326406
2025-04-29,35.349998,35.700001,35.200001,35.200001,1156026,0.000000,0.000000,31.415275,31.726319,31.281973,31.281973
2025-04-30,35.250000,35.349998,35.000000,35.000000,2782045,0.000000,0.000000,31.326408,31.415276,31.104235,31.104235
2025-05-01,34.000000,34.049999,33.200001,33.200001,2171940,1.000000,0.000000,31.104237,31.149978,30.372374,30.372374
2025-05-04,33.549999,33.599998,33.299999,33.349998,480390,0.000000,0.000000,30.692561,30.738302,30.463853,30.509594
2025-05-05,33.250000,33.500000,33.099998,33.349998,912040,0.000000,0.000000,30.418112,30.646820,30.280886,30.509594
2025-05-06,33.400002,33.650002,33.250000,33.500000,1368986,0.000000,0.000000,30.555338,30.784046,30.418112,30.646820
2025-05-07,33.700001,34.200001,33.400002,34.099998,1954352,0.000000,0.000000,30.829787,31.287202,30.555338,31.195717
2025-05-08,34.299999,34.599998,33.950001,34.500000,1494928,0.000000,0.000000,31.378683,31.653131,31.058493,31.561649
2025-05-11,34.299999,34.599998,34.049999,34.200001,1002645,0.000000,0.000000,31.378681,31.653129,31.149973,31.287199
2025-05-12,34.500000,34.950001,34.150002,34.950001,4013605,0.000000,0.000000,31.561648,31.973322,31.241458,31.973322
2025-05-13,34.950001,35.299999,34.849998,35.049999,1563245,0.000000,0.000000,31.973322,32.293512,31.881837,32.064804
2025-05-14,34.950001,35.150002,34.299999,34.450001,1498334,0.000000,0.000000,31.973328,32.156295,31.378687,31.515913
2025-05-15,34.400002,34.900002,34.099998,34.900002,1762436,0.000000,0.000000,31.470170,31.927586,31.195718,31.927586
2025-05-18,34.900002,34.900002,34.900002,34.900002,0,0.000000,0.000000,31.927586,31.927586,31.927586,31.927586
2025-05-19,34.599998,34.900002,34.000000,34.000000,2815361,0.000000,0.000000,31.653132,31.927583,31.104235,31.104235
2025-05-20,34.000000,34.400002,33.549999,34.049999,2497626,0.000000,0.000000,31.104236,31.470169,30.692561,31.149977
2025-05-21,34.049999,34.349998,33.950001,33.950001,740210,0.000000,0.000000,31.149974,31.424423,31.058493,31.058493
2025-05-22,33.950001,34.000000,33.500000,33.599998,1020457,0.000000,0.000000,31.058493,31.104234,30.646819,30.738300
2025-05-25,33.599998,33.599998,33.299999,33.299999,315767,0.000000,0.000000,30.738304,30.738304,30.463856,30.463856
2025-05-26,33.500000,33.500000,33.000000,33.500000,2069083,0.000000,0.000000,30.646820,30.646820,30.189405,30.646820
2025-05-27,33.500000,33.599998,33.049999,33.450001,1685598,0.000000,0.000000,30.646821,30.738302,30.235146,30.601080
2025-05-28,33.250000,33.900002,33.250000,33.500000,1672299,0.000000,0.000000,30.418112,31.012754,30.418112,30.646820
2025-05-29,33.650002,33.900002,33.250000,33.750000,3399782,0.000000,0.000000,30.784043,31.012750,30.418109,30.875525
2025-06-01,33.450001,33.750000,33.099998,33.400002,375870,0.000000,0.000000,30.601079,30.875527,30.280886,30.555338
2025-06-02,33.299999,33.299999,32.599998,32.599998,1970095,0.000000,0.000000,30.463853,30.463853,29.823471,29.823471
2025-06-03,32.650002,32.849998,32.000000,32.099998,2351912,0.000000,0.000000,29.869216,30.052179,29.274575,29.366056
2025-06-04,32.099998,32.900002,32.049999,32.299999,3436570,0.000000,0.000000,29.366054,30.097921,29.320313,29.549021
2025-06-11,32.299999,32.799999,31.850000,32.200001,3275413,0.000000,0.000000,29.549024,30.006439,29.137351,29.457542
2025-06-12,32.000000,32.000000,31.350000,31.700001,3651834,0.000000,0.000000,29.274574,29.274574,28.679935,29.000126
2025-06-15,31.000000,31.950001,30.549999,31.950001,998965,0.000000,0.000000,28.359743,29.228832,27.948068,29.228832
2025-06-16,31.700001,32.250000,31.700001,31.850000,1352868,0.000000,0.000000,29.000124,29.503280,29.000124,29.137348
2025-06-17,31.900000,32.049999,31.650000,31.850000,1937614,0.000000,0.000000,29.183089,29.320313,28.954381,29.137348
2025-06-18,32.000000,32.000000,31.150000,31.299999,1282753,0.000000,0.000000,29.274575,29.274575,28.496969,28.634193
2025-06-19,31.100000,31.350000,30.900000,31.150000,3935378,0.000000,0.000000,28.451228,28.679936,28.268262,28.496969
2025-06-22,31.049999,31.799999,31.049999,31.250000,462471,0.000000,0.000000,28.405486,29.091609,28.405486,28.588453
2025-06-23,31.299999,31.700001,31.250000,31.600000,1172310,0.000000,0.000000,28.634192,29.000125,28.588451,28.908642
2025-06-24,32.000000,32.849998,32.000000,32.599998,2335198,0.000000,0.000000,29.274574,30.052179,29.274574,29.823471
2025-06-25,32.650002,32.950001,32.450001,32.750000,1343342,0.000000,0.000000,29.869216,30.143664,29.686249,29.960697
2025-06-26,32.750000,33.250000,32.549999,33.250000,1860743,0.000000,0.000000,29.960697,30.418112,29.777730,30.418112
2025-06-29,33.259998,33.900002,33.200001,33.900002,354116,0.000000,0.000000,30.427258,31.012753,30.372371,31.012753
2025-06-30,33.900002,33.980000,33.599998,33.700001,2104966,0.000000,0.000000,31.012753,31.085938,30.738301,30.829786
2025-07-01,33.700001,33.959999,33.599998,33.959999,1012040,0.000000,0.000000,30.829788,31.067642,30.738303,31.067642
2025-07-02,33.799999,34.119999,33.599998,33.639999,2500236,0.000000,0.000000,30.921267,31.214013,30.738301,30.774895
2025-07-03,33.820000,34.599998,33.680000,34.520000,1774849,0.000000,0.000000,30.939566,31.653133,30.811491,31.579948
2025-07-06,34.520000,34.639999,34.360001,34.599998,276889,0.000000,0.000000,31.579947,31.689726,31.433574,31.653131
2025-07-07,34.520000,34.900002,34.459999,34.560001,918546,0.000000,0.000000,31.579945,31.927581,31.525054,31.616539
2025-07-08,34.400002,34.619999,34.299999,34.320000,1375469,0.000000,0.000000,31.470168,31.671429,31.378683,31.396980
2025-07-09,34.320000,34.520000,33.840000,33.860001,1258380,0.000000,0.000000,31.396981,31.579948,30.957863,30.976160
2025-07-10,33.840000,34.020000,33.820000,33.840000,1426920,0.000000,0.000000,30.957863,31.122533,30.939566,30.957863
2025-07-13,33.840000,34.099998,33.599998,33.599998,513386,0.000000,0.000000,30.957861,31.195716,30.738300,30.738300
2025-07-14,33.799999,33.820000,33.320000,33.380001,1588654,0.000000,0.000000,30.921266,30.939563,30.482148,30.537039
2025-07-15,33.320000,33.419998,33.119999,33.200001,1495300,0.000000,0.000000,30.482152,30.573634,30.299185,30.372374
2025-07-16,33.160000,33.540001,33.000000,33.459999,1421809,0.000000,0.000000,30.335775,30.683412,30.189403,30.610224
2025-07-17,33.459999,33.459999,33.459999,33.459999,0,0.000000,0.000000,30.610224,30.610224,30.610224,30.610224
2025-07-20,33.139999,33.500000,32.860001,32.880001,727571,0.000000,0.000000,30.317480,30.646820,30.061329,30.079626
2025-07-21,33.000000,33.180000,32.860001,32.880001,1131148,0.000000,0.000000,30.189405,30.354075,30.061329,30.079626
2025-07-22,33.000000,33.099998,32.119999,32.119999,1735000,0.000000,0.000000,30.189405,30.280887,29.384354,29.384354
2025-07-23,32.119999,33.000000,31.900000,32.759998,1566590,0.000000,0.000000,29.384352,30.189404,29.183090,29.969843
2025-07-24,32.759998,33.040001,32.439999,32.580002,882508,0.000000,0.000000,29.969844,30.225999,29.677098,29.805178
2025-07-27,32.799999,32.820000,32.599998,32.700001,325824,0.000000,0.000000,30.006437,30.024734,29.823470,29.914955
2025-07-28,32.700001,32.779999,32.240002,32.439999,1173641,0.000000,0.000000,29.914955,29.988140,29.494134,29.677097
2025-07-29,32.439999,32.439999,31.860001,32.060001,2605693,0.000000,0.000000,29.677099,29.677099,29.146499,29.329466
2025-07-30,32.119999,32.360001,31.900000,32.220001,1521334,0.000000,0.000000,29.384353,29.603913,29.183091,29.475838
2025-07-31,32.340000,32.540001,31.980000,32.400002,2051427,0.000000,0.000000,29.585616,29.768582,29.256276,29.640507
2025-08-03,32.580002,32.580002,31.879999,32.160000,1067903,0.000000,0.000000,29.805179,29.805179,29.164795,29.420948
2025-08-04,32.000000,32.180000,31.780001,31.799999,2567215,0.000000,0.000000,29.274573,29.439243,29.073311,29.091606
2025-08-05,31.840000,32.000000,31.719999,31.920000,2847678,0.000000,0.000000,29.128201,29.274574,29.018421,29.201387
2025-08-06,31.840000,32.259998,31.840000,32.259998,1035363,0.000000,0.000000,29.128201,29.512428,29.128201,29.512428
2025-08-07,32.299999,32.299999,31.900000,31.900000,842110,0.000000,0.000000,29.549022,29.549022,29.183090,29.183090
2025-08-10,32.060001,32.400002,31.940001,32.279999,1022730,0.000000,0.000000,29.329463,29.640506,29.219683,29.530724
2025-08-11,32.220001,32.340000,32.119999,32.259998,1736420,0.000000,0.000000,29.475838,29.585616,29.384353,29.512428
2025-08-12,32.259998,32.279999,31.900000,31.900000,2125501,0.000000,0.000000,29.512428,29.530725,29.183090,29.183090
2025-08-13,31.920000,32.119999,31.799999,31.820000,1955120,0.000000,0.000000,29.201387,29.384352,29.091606,29.109903
2025-08-14,31.940001,32.099998,31.900000,31.959999,3313800,0.000000,0.000000,29.219685,29.366056,29.183091,29.237980
2025-08-17,32.060001,32.299999,31.940001,32.279999,667730,0.000000,0.000000,29.329463,29.549021,29.219683,29.530724
2025-08-18,32.279999,32.299999,31.760000,31.760000,2297311,0.000000,0.000000,29.530726,29.549023,29.055016,29.055016
2025-08-19,31.920000,32.220001,31.660000,32.099998,2442231,0.000000,0.000000,29.201388,29.475839,28.963532,29.366056
2025-08-20,32.080002,32.240002,31.980000,32.160000,2215800,0.000000,0.000000,29.347763,29.494136,29.256278,29.420948
2025-08-21,31.200001,31.200001,30.959999,30.959999,2565676,1.000000,0.000000,29.458714,29.458714,29.232107,29.232107
2025-08-24,31.260000,31.260000,30.879999,30.900000,927586,0.000000,0.000000,29.515368,29.515368,29.156575,29.175459
2025-08-25,30.980000,31.420000,30.799999,30.799999,2582349,0.000000,0.000000,29.250994,29.666438,29.081039,29.081039
2025-08-26,30.840000,30.860001,30.639999,30.700001,3769065,0.000000,0.000000,29.118808,29.137692,28.929969,28.986622
2025-08-27,30.700001,30.700001,30.120001,30.320000,3076244,0.000000,0.000000,28.986622,28.986622,28.438992,28.627829
2025-08-28,30.320000,30.480000,30.160000,30.160000,980088,0.000000,0.000000,28.627827,28.778897,28.476757,28.476757
2025-08-31,30.420000,30.740000,30.219999,30.680000,1008707,0.000000,0.000000,28.722248,29.024388,28.533409,28.967737
2025-09-01,30.520000,30.660000,30.200001,30.240000,1328751,0.000000,0.000000,28.816666,28.948852,28.514525,28.552292
2025-09-02,30.400000,30.420000,30.100000,30.260000,1546356,0.000000,0.000000,28.703362,28.722247,28.420106,28.571177
2025-09-03,30.340000,30.420000,30.100000,30.100000,2556902,0.000000,0.000000,28.646712,28.722247,28.420107,28.420107
2025-09-04,30.260000,30.400000,30.000000,30.000000,2954602,0.000000,0.000000,28.571177,28.703363,28.325687,28.325687
2025-09-07,30.120001,30.340000,30.100000,30.280001,747882,0.000000,0.000000,28.438991,28.646712,28.420107,28.590061
2025-09-08,30.280001,30.379999,30.100000,30.180000,1200822,0.000000,0.000000,28.590061,28.684479,28.420107,28.495642
2025-09-09,30.299999,30.459999,29.900000,30.299999,1991088,0.000000,0.000000,28.608944,28.760014,28.231268,28.608944
2025-09-10,30.400000,30.700001,30.219999,30.700001,2459322,0.000000,0.000000,28.703364,28.986622,28.533409,28.986622
2025-09-11,30.620001,30.820000,30.440001,30.700001,1968709,0.000000,0.000000,28.911087,29.099924,28.741132,28.986622
2025-09-14,30.760000,30.820000,30.480000,30.799999,1434291,0.000000,0.000000,29.043273,29.099924,28.778899,29.081039
2025-09-15,30.799999,30.799999,30.280001,30.620001,1556267,0.000000,0.000000,29.081038,29.081038,28.590061,28.911085
2025-09-16,30.620001,30.660000,30.240000,30.559999,2155189,0.000000,0.000000,28.911086,28.948852,28.552293,28.854433
2025-09-17,30.559999,30.760000,30.420000,30.680000,1516642,0.000000,0.000000,28.854434,29.043272,28.722248,28.967737
2025-09-18,30.719999,30.780001,30.559999,30.700001,3623955,0.000000,0.000000,29.005504,29.062157,28.854434,28.986622
2025-09-21,30.719999,30.840000,30.620001,30.660000,840412,0.000000,0.000000,29.005503,29.118807,28.911086,28.948853
2025-09-22,30.760000,31.040001,30.580000,30.799999,5185099,0.000000,0.000000,29.043273,29.307647,28.873318,29.081039
2025-09-24,31.980000,32.860001,31.500000,32.540001,11740546,0.000000,0.000000,30.195183,31.026071,29.741972,30.723930
2025-09-25,32.540001,32.540001,32.540001,32.540001,0,0.000000,0.000000,30.723930,30.723930,30.723930,30.723930
2025-09-28,31.620001,31.980000,31.620001,31.980000,839036,0.000000,0.000000,29.855276,30.195183,29.855276,30.195183
2025-09-29,31.959999,32.200001,31.480000,31.959999,4286026,0.000000,0.000000,30.176298,30.402905,29.723088,30.176298
2025-09-30,31.959999,32.520000,31.900000,32.080002,3393847,0.000000,0.000000,30.176299,30.705046,30.119648,30.289604
2025-10-01,31.959999,32.520000,31.900000,32.080002,3393847,0.000000,0.000000,30.176299,30.705046,30.119648,30.289604
2025-10-02,32.980000,32.980000,32.459999,32.500000,2060347,0.000000,0.000000,31.139372,31.139372,30.648393,30.686161
2025-10-05,32.700001,32.820000,32.540001,32.700001,949896,0.000000,0.000000,30.875000,30.988302,30.723930,30.875000
2025-10-06,32.700001,32.799999,32.520000,32.619999,1018909,0.000000,0.000000,30.875000,30.969418,30.705046,30.799463
2025-10-07,32.639999,32.740002,32.419998,32.500000,1240531,0.000000,0.000000,30.818347,30.912768,30.610624,30.686161
2025-10-08,32.500000,32.639999,32.340000,32.400002,921671,0.000000,0.000000,30.686161,30.818347,30.535091,30.591743
2025-10-09,32.419998,32.599998,32.340000,32.400002,928106,0.000000,0.000000,30.610624,30.780579,30.535091,30.591743
2025-10-12,32.000000,32.299999,31.860001,32.160000,537048,0.000000,0.000000,30.214067,30.497323,30.081881,30.365137
2025-10-13,32.299999,32.419998,32.099998,32.200001,980998,0.000000,0.000000,30.497324,30.610626,30.308485,30.402906
2025-10-14,32.220001,32.520000,32.200001,32.360001,1301079,0.000000,0.000000,30.421790,30.705046,30.402906,30.553976
2025-10-15,32.299999,32.680000,32.299999,32.520000,1807846,0.000000,0.000000,30.497323,30.856116,30.497323,30.705046
2025-10-16,32.560001,32.740002,32.380001,32.560001,1302877,0.000000,0.000000,30.742815,30.912769,30.572861,30.742815
2025-10-19,32.599998,32.720001,32.419998,32.439999,521551,0.000000,0.000000,30.780579,30.893885,30.610625,30.629509
2025-10-20,32.520000,32.779999,32.459999,32.660000,1003713,0.000000,0.000000,30.705045,30.950532,30.648392,30.837231
2025-10-21,32.700001,32.799999,32.340000,32.360001,1455335,0.000000,0.000000,30.875001,30.969418,30.535092,30.553976
2025-10-22,32.320000,32.520000,32.240002,32.299999,723970,0.000000,0.000000,30.516206,30.705045,30.440673,30.497322
2025-10-23,32.380001,32.439999,31.920000,31.920000,2096434,0.000000,0.000000,30.572859,30.629508,30.138531,30.138531
2025-10-26,32.080002,32.400002,32.040001,32.240002,538680,0.000000,0.000000,30.289604,30.591744,30.251835,30.440674
2025-10-27,32.259998,32.619999,32.060001,32.080002,2477138,0.000000,0.000000,30.459555,30.799464,30.270720,30.289604
2025-10-28,32.220001,32.700001,32.200001,32.500000,2567429,0.000000,0.000000,30.421789,30.875000,30.402905,30.686161
2025-10-29,32.580002,32.959999,32.580002,32.959999,2424085,0.000000,0.000000,30.761700,31.120489,30.761700,31.120489
2025-10-30,32.939999,33.000000,32.360001,32.360001,1822661,0.000000,0.000000,31.101604,31.158257,30.553976,30.553976
2025-11-02,32.340000,32.459999,32.299999,32.360001,354301,0.000000,0.000000,30.535092,30.648394,30.497323,30.553976
2025-11-03,32.360001,32.500000,32.119999,32.320000,1135970,0.000000,0.000000,30.553975,30.686161,30.327368,30.516207
2025-11-04,32.299999,32.439999,32.080002,32.080002,1432175,0.000000,0.000000,30.497323,30.629509,30.289604,30.289604
2025-11-05,32.080002,32.119999,31.600000,31.620001,1232275,0.000000,0.000000,30.289604,30.327369,29.836392,29.855276
2025-11-06,31.580000,32.099998,31.580000,32.080002,1319704,0.000000,0.000000,29.817508,30.308485,29.817508,30.289604
2025-11-09,32.000000,32.200001,31.840000,32.160000,587083,0.000000,0.000000,30.214067,30.402906,30.062997,30.365137
2025-11-10,32.080002,32.080002,31.740000,31.740000,1483305,0.000000,0.000000,30.289605,30.289605,29.968578,29.968578
2025-11-11,31.879999,31.980000,31.680000,31.799999,905587,0.000000,0.000000,30.100762,30.195181,29.911925,30.025227
2025-11-12,31.900000,32.099998,31.820000,31.940001,1471701,0.000000,0.000000,30.119647,30.308484,30.044112,30.157415
2025-11-13,31.959999,31.959999,31.400000,31.400000,1356294,0.000000,0.000000,30.176298,30.176298,29.647552,29.647552
2025-11-16,31.340000,31.580000,31.299999,31.500000,406374,0.000000,0.000000,29.590902,29.817507,29.553133,29.741972
2025-11-17,31.299999,31.400000,31.120001,31.200001,1187261,0.000000,0.000000,29.553133,29.647552,29.383180,29.458715
2025-11-18,31.100000,31.480000,31.100000,31.400000,1754095,0.000000,0.000000,29.364296,29.723088,29.364296,29.647552
2025-11-19,31.360001,31.600000,31.320000,31.320000,1171062,0.000000,0.000000,29.609786,29.836391,29.572018,29.572018
2025-11-20,31.299999,31.400000,31.139999,31.400000,1082979,0.000000,0.000000,29.553133,29.647552,29.402063,29.647552
2025-11-23,31.219999,31.500000,31.219999,31.340000,384248,0.000000,0.000000,29.477599,29.741973,29.477599,29.590902
2025-11-24,31.420000,31.420000,30.700001,30.700001,3877187,0.000000,0.000000,29.666438,29.666438,28.986622,28.986622
2025-11-25,30.879999,31.080000,30.600000,30.600000,863225,0.000000,0.000000,29.156572,29.345411,28.892200,28.892200
2025-11-26,30.719999,30.719999,30.200001,30.600000,1398064,0.000000,0.000000,29.005502,29.005502,28.514525,28.892200
2025-11-27,30.600000,30.860001,30.559999,30.620001,1020544,0.000000,0.000000,28.892201,29.137690,28.854432,28.911085
2025-11-30,30.740000,30.820000,30.620001,30.760000,487108,0.000000,0.000000,29.024388,29.099923,28.911086,29.043272
2025-12-01,30.700001,30.740000,30.400000,30.559999,1132123,0.000000,0.000000,28.986621,29.024387,28.703363,28.854433
2025-12-02,30.459999,30.559999,30.320000,30.320000,1732370,0.000000,0.000000,28.760015,28.854434,28.627829,28.627829
2025-12-03,30.340000,30.459999,30.219999,30.459999,1593151,0.000000,0.000000,28.646714,28.760015,28.533410,28.760015
2025-12-04,30.459999,30.860001,30.459999,30.799999,2022361,0.000000,0.000000,28.760015,29.137692,28.760015,29.081039
2025-12-07,31.000000,31.760000,30.959999,31.420000,1787693,0.000000,0.000000,29.269877,29.987462,29.232109,29.666437
2025-12-08,31.240000,31.600000,31.240000,31.440001,852091,0.000000,0.000000,29.496481,29.836390,29.496481,29.685320
2025-12-09,31.440001,31.879999,31.440001,31.820000,2316399,0.000000,0.000000,29.685320,30.100762,29.685320,30.044111
2025-12-10,31.840000,32.160000,31.840000,32.099998,1678548,0.000000,0.000000,30.062997,30.365138,30.062997,30.308485
2025-12-11,32.200001,33.020000,32.099998,32.939999,2965017,0.000000,0.000000,30.402906,31.177141,30.308485,31.101604
2025-12-14,32.860001,32.880001,32.220001,32.360001,716739,0.000000,0.000000,31.026071,31.044955,30.421790,30.553976
2025-12-15,32.360001,32.500000,32.119999,32.380001,1228459,0.000000,0.000000,30.553975,30.686161,30.327368,30.572859
2025-12-16,32.720001,32.720001,32.080002,32.220001,806177,0.000000,0.000000,30.893884,30.893884,30.289603,30.421789
2025-12-17,32.139999,32.200001,31.740000,32.000000,2033309,0.000000,0.000000,30.346253,30.402906,29.968578,30.214067
2025-12-18,32.000000,32.200001,31.840000,32.200001,2172006,0.000000,0.000000,30.214068,30.402906,30.062998,30.402906
2025-12-21,32.299999,32.400002,32.139999,32.160000,548001,0.000000,0.000000,30.497323,30.591744,30.346253,30.365137
2025-12-22,32.200001,32.500000,31.940001,32.500000,1592233,0.000000,0.000000,30.402905,30.686161,30.157415,30.686161
2025-12-23,32.380001,32.599998,32.340000,32.599998,1081048,0.000000,0.000000,30.572861,30.780581,30.535093,30.780581
2025-12-24,32.599998,32.599998,32.279999,32.439999,613800,0.000000,0.000000,30.780579,30.780579,30.478439,30.629509
2025-12-25,32.480000,32.480000,32.180000,32.279999,138838,0.000000,0.000000,30.667276,30.667276,30.384020,30.478437
2025-12-28,32.279999,32.340000,31.840000,32.340000,963825,0.000000,0.000000,30.478439,30.535091,30.062997,30.535091
2025-12-29,32.060001,32.360001,32.060001,32.299999,915878,0.000000,0.000000,30.270719,30.553975,30.270719,30.497322
2025-12-30,32.200001,32.360001,32.099998,32.119999,844064,0.000000,0.000000,30.402907,30.553977,30.308485,30.327370
2025-12-31,32.320000,32.500000,32.320000,32.380001,687741,0.000000,0.000000,30.516206,30.686161,30.516206,30.572859
2026-01-01,32.400002,32.700001,32.400002,32.580002,291324,0.000000,0.000000,30.591745,30.875001,30.591745,30.761700
2026-01-04,32.700001,32.700001,31.959999,31.959999,556863,0.000000,0.000000,30.875000,30.875000,30.176298,30.176298
2026-01-05,32.000000,32.459999,31.879999,32.000000,1486318,0.000000,0.000000,30.214067,30.648394,30.100764,30.214067
2026-01-06,31.940001,32.080002,31.219999,31.299999,2014294,0.000000,0.000000,30.157418,30.289605,29.477600,29.553135
2026-01-07,31.920000,32.080002,31.139999,31.620001,4534184,0.000000,0.000000,30.138532,30.289604,29.402064,29.855276
2026-01-08,31.639999,32.200001,31.360001,32.040001,1957439,0.000000,0.000000,29.874158,30.402905,29.609786,30.251835
2026-01-11,32.200001,33.040001,32.200001,33.000000,1619316,0.000000,0.000000,30.402906,31.196025,30.402906,31.158257
2026-01-12,33.020000,33.180000,32.900002,33.180000,1886729,0.000000,0.000000,31.177143,31.328213,31.063841,31.328213
2026-01-13,33.240002,33.639999,33.160000,33.599998,2012919,0.000000,0.000000,31.384862,31.762536,31.309326,31.724768
2026-01-14,33.680000,34.259998,33.500000,33.619999,2634381,0.000000,0.000000,31.800305,32.347933,31.630351,31.743652
2026-01-15,33.580002,33.660000,33.020000,33.380001,1720477,0.000000,0.000000,31.705887,31.781420,31.177139,31.517048
2026-01-18,33.599998,33.820000,33.580002,33.799999,536023,0.000000,0.000000,31.724770,31.932493,31.705889,31.913609
2026-01-19,33.720001,34.200001,33.580002,34.200001,1237124,0.000000,0.000000,31.838072,32.291283,31.705886,32.291283
2026-01-20,34.040001,34.580002,33.880001,34.580002,2499784,0.000000,0.000000,32.140215,32.650078,31.989144,32.650078
2026-01-21,34.400002,34.700001,34.299999,34.700001,3439016,0.000000,0.000000,32.480122,32.763378,32.385701,32.763378
2026-01-22,34.700001,35.380001,34.580002,35.119999,2772529,0.000000,0.000000,32.763377,33.405426,32.650075,33.159935
2026-01-25,35.000000,35.240002,34.439999,34.799999,1289624,0.000000,0.000000,33.046638,33.273245,32.517891,32.857800
2026-01-26,34.619999,34.959999,34.480000,34.959999,1478645,0.000000,0.000000,32.687845,33.008869,32.555659,33.008869
2026-01-27,35.099998,35.480000,34.939999,35.459999,3090292,0.000000,0.000000,33.141052,33.499845,32.989982,33.480961
2026-01-28,35.320000,35.639999,35.320000,35.619999,1654284,0.000000,0.000000,33.348778,33.650919,33.348778,33.632034
2026-01-29,35.560001,35.779999,35.439999,35.680000,2475706,0.000000,0.000000,33.575385,33.783104,33.462079,33.688686
2026-02-01,36.000000,36.000000,34.439999,35.900002,1418607,0.000000,0.000000,33.990822,33.990822,32.517885,33.896404
2026-02-02,35.500000,35.599998,34.759998,35.599998,2402074,0.000000,0.000000,33.518730,33.613148,32.820028,33.613148
2026-02-03,35.599998,36.240002,35.580002,35.900002,1794485,0.000000,0.000000,33.613145,34.217429,33.594264,33.896404
2026-02-04,35.900002,36.020000,35.619999,35.939999,1382764,0.000000,0.000000,33.896405,34.009707,33.632029,33.934170
2026-02-05,35.799999,35.799999,35.500000,35.799999,1493378,0.000000,0.000000,33.801987,33.801987,33.518731,33.801987
2026-02-08,35.700001,35.900002,34.980000,35.500000,1101742,0.000000,0.000000,33.707569,33.896407,33.027751,33.518730
2026-02-09,35.419998,35.639999,34.580002,34.980000,2121091,0.000000,0.000000,33.443194,33.650917,32.650078,33.027752
2026-02-10,34.939999,35.400002,34.619999,35.400002,2778431,0.000000,0.000000,32.989983,33.424313,32.687842,33.424313
2026-02-11,35.279999,35.320000,34.180000,34.259998,2263129,0.000000,0.000000,33.311005,33.348773,32.272398,32.347931
2026-02-12,34.279999,34.660000,34.200001,34.619999,2140685,0.000000,0.000000,32.366819,32.725612,32.291285,32.687843
2026-02-15,34.619999,34.720001,34.040001,34.099998,1046458,0.000000,0.000000,32.687844,32.782265,32.140216,32.196865
2026-02-16,34.180000,34.180000,33.880001,34.000000,873195,0.000000,0.000000,32.272402,32.272402,31.989146,32.102448
2026-02-17,33.919998,34.020000,33.639999,34.020000,1830307,0.000000,0.000000,32.026909,32.121330,31.762537,32.121330
2026-02-18,33.840000,34.259998,33.799999,34.139999,1177003,0.000000,0.000000,31.951378,32.347936,31.913610,32.234634
2026-02-19,34.060001,34.220001,33.779999,33.820000,843873,0.000000,0.000000,32.159098,32.310169,31.894723,31.932491
2026-02-23,33.860001,34.900002,33.860001,34.740002,2125200,0.000000,0.000000,31.970260,32.952218,31.970260,32.801147
2026-02-24,34.639999,34.860001,34.459999,34.599998,2119676,0.000000,0.000000,32.706725,32.914448,32.536771,32.668957
2026-02-25,34.480000,34.599998,34.020000,34.360001,1381887,0.000000,0.000000,32.555654,32.668956,32.121328,32.442352
2026-02-26,34.360001,34.360001,33.820000,34.220001,2396297,0.000000,0.000000,32.442351,32.442351,31.932488,32.310165
2026-03-01,33.400002,33.400002,32.340000,33.000000,2375088,0.000000,0.000000,31.535934,31.535934,30.535092,31.158257
2026-03-02,32.680000,33.200001,32.340000,32.980000,2153350,0.000000,0.000000,30.856116,31.347095,30.535091,31.139372
2026-03-03,32.779999,33.720001,32.759998,33.419998,3059431,0.000000,0.000000,30.950533,31.838073,30.931648,31.554813
2026-03-04,33.439999,34.380001,33.299999,33.779999,2231592,0.000000,0.000000,31.573699,32.461240,31.441513,31.894724
2026-03-05,33.959999,34.459999,33.939999,34.459999,2609763,0.000000,0.000000,32.064675,32.536770,32.045791,32.536770
2026-03-08,34.459999,34.759998,34.360001,34.540001,1412295,0.000000,0.000000,32.536772,32.820028,32.442354,32.612309
2026-03-09,34.459999,34.880001,34.459999,34.700001,3013591,0.000000,0.000000,32.536771,32.933333,32.536771,32.763378
2026-03-10,34.480000,35.459999,34.480000,35.320000,2227888,0.000000,0.000000,32.555655,33.480960,32.555655,33.348774
2026-03-11,35.320000,35.799999,35.320000,35.799999,2542315,0.000000,0.000000,33.348776,33.801987,33.348776,33.801987
2026-03-12,35.900002,35.959999,35.060001,35.060001,2193924,0.000000,0.000000,33.896406,33.953055,33.103287,33.103287
2026-03-15,35.139999,35.480000,34.619999,35.480000,270099,0.000000,0.000000,33.178823,33.499847,32.687844,33.499847
2026-03-16,35.299999,35.500000,34.680000,35.500000,2574261,0.000000,0.000000,33.329892,33.518730,32.744495,33.518730
2026-03-24,35.779999,36.000000,35.520000,35.720001,4222673,0.000000,0.000000,33.783105,33.990828,33.537617,33.726456
2026-03-25,35.799999,36.080002,35.720001,36.080002,2509777,0.000000,0.000000,33.801985,34.066360,33.726452,34.066360
2026-03-26,35.959999,36.180000,35.820000,36.180000,3926586,0.000000,0.000000,33.953055,34.160778,33.820869,34.160778
2026-03-29,36.080002,36.200001,35.279999,35.400002,810769,0.000000,0.000000,34.066362,34.179664,33.311007,33.424313
2026-03-30,36.080002,36.200001,35.279999,35.400002,810769,0.000000,0.000000,34.066362,34.179664,33.311007,33.424313
2026-03-31,36.400002,37.299999,36.299999,37.299999,5842314,0.000000,0.000000,34.368505,35.218273,34.274084,35.218273
2026-04-01,37.380001,37.439999,36.720001,37.060001,3208508,0.000000,0.000000,35.293809,35.350458,34.670644,34.991669
2026-04-02,37.119999,37.380001,36.580002,36.820000,2263538,0.000000,0.000000,35.048317,35.293808,34.538457,34.765060
2026-04-05,36.939999,36.959999,36.240002,36.500000,527502,0.000000,0.000000,34.878363,34.897248,34.217433,34.462921
2026-04-06,36.619999,37.020000,36.619999,36.779999,686421,0.000000,0.000000,34.576221,34.953898,34.576221,34.727291
2026-04-07,36.720001,36.860001,36.240002,36.380001,1062214,0.000000,0.000000,34.670642,34.802828,34.217431,34.349617
2026-04-08,36.720001,36.980000,36.299999,36.980000,1551715,0.000000,0.000000,34.670642,34.916130,34.274081,34.916130
2026-04-09,37.000000,37.040001,36.759998,37.000000,1828662,0.000000,0.000000,34.935013,34.972781,34.708406,34.935013
2026-04-12,37.000000,37.000000,36.500000,36.599998,566492,0.000000,0.000000,34.935016,34.935016,34.462921,34.557339
2026-04-13,36.599998,37.299999,36.599998,37.299999,3992592,0.000000,0.000000,34.557340,35.218273,34.557340,35.218273
2026-04-14,37.200001,37.340000,36.860001,37.160000,2089908,0.000000,0.000000,35.123855,35.256041,34.802830,35.086086
2026-04-15,37.040001,37.799999,37.040001,37.779999,1716878,0.000000,0.000000,34.972784,35.690366,34.972784,35.671482
2026-04-16,37.779999,37.880001,37.520000,37.880001,1786450,0.000000,0.000000,35.671482,35.765903,35.425995,35.765903
2026-04-19,37.900002,37.919998,36.980000,37.160000,647084,0.000000,0.000000,35.784788,35.803669,34.916132,35.086086
2026-04-20,37.000000,37.180000,36.700001,37.099998,1783440,0.000000,0.000000,34.935013,35.104967,34.651757,35.029430
2026-04-21,37.000000,37.439999,36.880001,36.980000,1907764,0.000000,0.000000,34.935014,35.350456,34.821713,34.916130
2026-04-22,35.919998,36.060001,35.700001,35.759998,1623053,1.000000,0.000000,34.857906,34.993769,34.644413,34.702637
2026-04-23,35.799999,35.799999,35.380001,35.480000,2337032,0.000000,0.000000,34.741454,34.741454,34.333874,34.430916
2026-04-26,35.480000,35.480000,33.959999,34.099998,1435190,0.000000,0.000000,34.430917,34.430917,32.955861,33.091721
2026-04-27,34.020000,34.419998,33.860001,34.380001,2044010,0.000000,0.000000,33.014085,33.402256,32.858817,33.363441
2026-04-28,34.200001,34.480000,34.139999,34.419998,918908,0.000000,0.000000,33.188764,33.460483,33.130536,33.402256
2026-04-29,34.400002,34.480000,34.240002,34.480000,1522237,0.000000,0.000000,33.382851,33.460484,33.227582,33.460484
2026-04-30,34.400002,34.400002,34.000000,34.040001,1681822,0.000000,0.000000,33.382853,33.382853,32.994679,33.033497
2026-05-03,34.160000,34.200001,33.980000,34.000000,556790,0.000000,0.000000,33.149947,33.188766,32.975269,32.994678
2026-05-04,34.000000,34.000000,34.000000,34.000000,0,0.000000,0.000000,32.994678,32.994678,32.994678,32.994678
2026-05-05,34.060001,34.139999,33.820000,33.939999,1098346,0.000000,0.000000,33.052905,33.130538,32.820000,32.936451
2026-05-06,33.900002,34.119999,33.200001,33.759998,3156333,0.000000,0.000000,32.897636,33.111128,32.218333,32.761772
2026-05-07,33.860001,34.180000,33.740002,34.180000,2271574,0.000000,0.000000,32.858816,33.169353,32.742365,33.169353
2026-05-10,34.400002,34.779999,34.020000,34.580002,946659,0.000000,0.000000,33.382851,33.751613,33.014086,33.557529
2026-05-11,34.480000,34.560001,33.900002,33.900002,2181018,0.000000,0.000000,33.460485,33.538121,32.897636,32.897636
2026-05-12,34.000000,34.240002,33.500000,33.500000,1831108,0.000000,0.000000,32.994676,33.227582,32.509460,32.509460
2026-05-13,33.580002,33.939999,33.540001,33.779999,1193620,0.000000,0.000000,32.587098,32.936450,32.548280,32.781181
2026-05-14,33.779999,34.160000,33.779999,34.099998,2199893,0.000000,0.000000,32.781183,33.149948,32.781183,33.091721
2026-05-17,34.139999,34.200001,33.720001,34.080002,982215,0.000000,0.000000,33.130539,33.188766,32.722959,33.072315
2026-05-18,34.000000,34.320000,33.900002,34.160000,2104003,0.000000,0.000000,32.994679,33.305217,32.897637,33.149948
2026-05-19,34.099998,34.520000,34.080002,34.380001,2288985,0.000000,0.000000,33.091718,33.499301,33.072313,33.363441
2026-05-20,34.380001,34.560001,33.980000,34.360001,2050389,0.000000,0.000000,33.363441,33.538119,32.975267,33.344032
2026-05-21,34.400002,34.860001,34.119999,34.119999,4378677,0.000000,0.000000,33.382853,33.829251,33.111130,33.111130
2026-05-24,34.119999,34.119999,34.119999,34.119999,0,0.000000,0.000000,33.111130,33.111130,33.111130,33.111130
2026-05-25,34.119999,34.119999,34.119999,34.119999,0,0.000000,0.000000,33.111130,33.111130,33.111130,33.111130
2026-05-26,34.119999,34.119999,34.119999,34.119999,0,0.000000,0.000000,33.111130,33.111130,33.111130,33.111130
2026-05-27,34.119999,34.119999,34.119999,34.119999,0,0.000000,0.000000,33.111130,33.111130,33.111130,33.111130
2026-05-28,34.119999,34.119999,34.119999,34.119999,0,0.000000,0.000000,33.111130,33.111130,33.111130,33.111130
2026-05-31,34.500000,34.759998,34.279999,34.400002,800621,0.000000,0.000000,33.479892,33.732203,33.266396,33.382851
2026-06-01,34.240002,34.580002,33.840000,33.860001,4923132,0.000000,0.000000,33.227583,33.557530,32.839409,32.858818
2026-06-02,34.340000,34.380001,33.840000,34.119999,5738143,0.000000,0.000000,33.324626,33.363444,32.839410,33.111130
2026-06-03,34.119999,34.160000,33.540001,33.639999,1482861,0.000000,0.000000,33.111128,33.149946,32.548279,32.645321
2026-06-04,33.700001,33.820000,33.360001,33.380001,1509570,0.000000,0.000000,32.703547,32.819998,32.373600,32.393009
2026-06-07,33.400002,33.459999,33.180000,33.279999,859177,0.000000,0.000000,32.412422,32.470645,32.198925,32.295967
2026-06-08,33.220001,33.740002,33.119999,33.599998,1169189,0.000000,0.000000,32.237741,32.742366,32.140696,32.606503
2026-06-09,33.799999,34.119999,33.540001,33.939999,1589799,0.000000,0.000000,32.800591,33.111129,32.548280,32.936451
2026-06-10,33.919998,34.040001,33.139999,33.400002,1551872,0.000000,0.000000,32.917040,33.033494,32.160104,32.412418
2026-06-11,33.299999,33.400002,33.180000,33.380001,653667,0.000000,0.000000,32.315373,32.412418,32.198922,32.393009
2026-06-14,33.660000,33.779999,33.540001,33.680000,659960,0.000000,0.000000,32.664730,32.781181,32.548279,32.684139
2026-06-15,33.900002,34.220001,33.580002,33.580002,1674110,0.000000,0.000000,32.897635,33.208173,32.587097,32.587097
2026-06-16,33.639999,34.020000,33.520000,33.720001,1243410,0.000000,0.000000,32.645321,33.014086,32.528871,32.722958
2026-06-17,33.720001,33.799999,33.619999,33.700001,1068527,0.000000,0.000000,32.722958,32.800590,32.625912,32.703548
2026-06-18,33.799999,33.980000,33.720001,33.720001,3091172,0.000000,0.000000,32.800590,32.975268,32.722958,32.722958
2026-06-21,33.900002,33.939999,33.680000,33.700001,209907,0.000000,0.000000,32.897636,32.936450,32.684139,32.703548
2026-06-22,33.880001,34.040001,33.700001,34.040001,988061,0.000000,0.000000,32.878228,33.033497,32.703550,33.033497
2026-06-23,34.000000,34.200001,33.860001,34.080002,1439489,0.000000,0.000000,32.994679,33.188766,32.858819,33.072315
2026-06-24,33.959999,34.139999,33.740002,33.740002,1117513,0.000000,0.000000,32.955859,33.130537,32.742367,32.742367
2026-06-25,33.720001,33.860001,33.540001,33.540001,811531,0.000000,0.000000,32.722957,32.858817,32.548279,32.548279
2026-06-28,33.680000,33.720001,33.259998,33.360001,485835,0.000000,0.000000,32.684138,32.722956,32.276555,32.373600
2026-06-29,33.380001,33.439999,32.639999,32.639999,1544443,0.000000,0.000000,32.393012,32.451235,31.674891,31.674891
2026-06-30,32.619999,32.900002,32.360001,32.360001,2482121,0.000000,0.000000,31.655480,31.927204,31.403170,31.403170
2026-07-01,32.500000,32.759998,32.200001,32.220001,1733348,0.000000,0.000000,31.539029,31.791339,31.247900,31.267309
2026-07-02,32.220001,32.459999,32.119999,32.380001,925027,0.000000,0.000000,31.267310,31.500211,31.170265,31.422579
2026-07-05,32.400002,32.400002,32.040001,32.180000,467880,0.000000,0.000000,31.441989,31.441989,31.092633,31.228493
2026-07-06,32.099998,32.439999,32.099998,32.279999,2007096,0.000000,0.000000,31.150855,31.480802,31.150855,31.325533
2026-07-07,32.380001,32.400002,32.160000,32.380001,1974443,0.000000,0.000000,31.422579,31.441988,31.209083,31.422579
2026-07-08,32.320000,32.599998,32.160000,32.299999,2490331,0.000000,0.000000,31.364351,31.636071,31.209082,31.344942
2026-07-09,32.340000,32.340000,32.040001,32.099998,1940689,0.000000,0.000000,31.383761,31.383761,31.092632,31.150856
2026-07-12,32.099998,32.200001,31.840000,32.099998,449951,0.000000,0.000000,31.150856,31.247901,30.898545,31.150856
2026-07-13,32.020000,32.299999,31.900000,32.040001,2433538,0.000000,0.000000,31.073223,31.344943,30.956771,31.092632
2026-07-14,32.180000,32.180000,31.639999,31.740000,1194146,0.000000,0.000000,31.228493,31.228493,30.704459,30.801502
2026-07-15,31.799999,32.060001,31.700001,32.040001,1150368,0.000000,0.000000,30.859727,31.112041,30.762685,31.092632
2026-07-16,32.000000,32.180000,31.820000,32.180000,2363149,0.000000,0.000000,31.053815,31.228493,30.879137,31.228493
2026-07-19,32.180000,32.180000,31.900000,32.160000,344118,0.000000,0.000000,31.228493,31.228493,30.956771,31.209084
2026-07-20,32.160000,32.560001,32.060001,32.560001,1841856,0.000000,0.000000,31.209083,31.597258,31.112042,31.597258
2026-07-21,32.660000,32.840000,32.259998,32.299999,1796821,0.000000,0.000000,31.694298,31.868976,31.306124,31.344942
2026-07-22,32.360001,33.040001,32.299999,33.000000,1083616,0.000000,0.000000,31.403171,32.063064,31.344943,32.024246
2026-07-23,33.000000,33.299999,32.740002,33.299999,1371356,0.000000,0.000000,32.024247,32.315376,31.771937,32.315376
2026-07-26,33.520000,33.520000,33.119999,33.279999,470205,0.000000,0.000000,32.528872,32.528872,32.140698,32.295967
2026-07-27,33.320000,33.459999,33.060001,33.220001,1099606,0.000000,0.000000,32.334785,32.470645,32.082474,32.237743
2026-07-28,33.320000,33.380001,33.160000,33.380001,900939,0.000000,0.000000,32.334782,32.393009,32.179513,32.393009
2026-07-29,33.380001,33.419998,32.740002,32.980000,1467973,0.000000,0.000000,32.393011,32.431826,31.771936,32.004837
2026-07-30,33.080002,33.840000,32.919998,33.840000,3620676,0.000000,0.000000,32.101882,32.839409,31.946610,32.839409
2026-08-02,33.840000,34.080002,33.779999,33.820000,1078871,0.000000,0.000000,32.839409,33.072314,32.781182,32.820000
2026-08-03,33.080002,33.080002,32.619999,32.919998,2132813,1.000000,0.000000,33.080002,33.080002,32.619999,32.919998
