Date,Open,High,Low,Close,Volume,Dividends,Splits,AdjOpen,AdjHigh,AdjLow,AdjClose
2021-01-03,64.000000,64.300003,63.400002,63.599998,107069,0.000000,0.000000,48.513876,48.741287,48.059059,48.210663
2021-01-04,63.599998,64.300003,63.400002,63.400002,150703,0.000000,0.000000,48.210663,48.741287,48.059059,48.059059
2021-01-05,63.599998,64.599998,63.400002,64.599998,188209,0.000000,0.000000,48.210671,48.968700,48.059067,48.968700
2021-01-06,64.599998,65.000000,64.199997,65.000000,186042,0.000000,0.000000,48.968691,49.271904,48.665478,49.271904
2021-01-07,64.099998,66.199997,64.099998,66.099998,250040,0.000000,0.000000,48.589685,50.181545,48.589685,50.105743
2021-01-10,66.300003,67.099998,66.300003,67.000000,274634,0.000000,0.000000,50.257346,50.863766,50.257346,50.787964
2021-01-11,67.000000,67.099998,66.599998,67.099998,268835,0.000000,0.000000,50.787964,50.863766,50.484751,50.863766
2021-01-12,66.800003,67.099998,66.800003,67.000000,208525,0.000000,0.000000,50.636360,50.863766,50.636360,50.787964
2021-01-13,66.800003,67.900002,66.800003,67.699997,496300,0.000000,0.000000,50.636366,51.470198,50.636366,51.318588
2021-01-14,67.699997,67.699997,66.800003,66.800003,189807,0.000000,0.000000,51.318582,51.318582,50.636360,50.636360
2021-01-17,66.800003,66.900002,66.300003,66.500000,152395,0.000000,0.000000,50.636362,50.712164,50.257347,50.408951
2021-01-18,66.599998,66.699997,65.900002,66.599998,252566,0.000000,0.000000,50.484756,50.560558,49.954138,50.484756
2021-01-19,66.300003,67.099998,65.900002,65.900002,245435,0.000000,0.000000,50.257345,50.863765,49.954132,49.954132
2021-01-20,66.000000,67.000000,65.199997,67.000000,279632,0.000000,0.000000,50.029935,50.787964,49.423509,50.787964
2021-01-21,67.900002,67.900002,66.000000,66.000000,248732,0.000000,0.000000,51.470199,51.470199,50.029942,50.029942
2021-01-24,66.300003,66.400002,64.300003,64.400002,327713,0.000000,0.000000,50.257350,50.333152,48.741291,48.817093
2021-01-25,64.400002,64.699997,63.799999,63.799999,201577,0.000000,0.000000,48.817090,49.044495,48.362270,48.362270
2021-01-26,64.400002,64.400002,62.500000,62.500000,456754,0.000000,0.000000,48.817092,48.817092,47.376835,47.376835
2021-01-27,62.599998,63.000000,62.099998,62.200001,315930,0.000000,0.000000,47.452639,47.755852,47.073625,47.149429
2021-01-28,62.299999,64.199997,62.099998,64.000000,346093,0.000000,0.000000,47.225231,48.665485,47.073625,48.513882
2021-01-31,63.900002,63.900002,62.299999,62.700001,319821,0.000000,0.000000,48.438074,48.438074,47.225226,47.528439
2021-02-01,62.700001,63.599998,62.400002,62.400002,259988,0.000000,0.000000,47.528441,48.210666,47.301033,47.301033
2021-02-02,62.599998,63.500000,62.599998,63.500000,195869,0.000000,0.000000,47.452637,48.134865,47.452637,48.134865
2021-02-03,63.000000,63.400002,62.500000,63.000000,143837,0.000000,0.000000,47.755852,48.059065,47.376837,47.755852
2021-02-04,62.000000,62.900002,61.799999,62.299999,242840,0.000000,0.000000,46.997819,47.680047,46.846213,47.225227
2021-02-07,62.799999,63.299999,62.500000,62.799999,104066,0.000000,0.000000,47.604244,47.983259,47.376836,47.604244
2021-02-08,63.099998,63.799999,63.000000,63.099998,236429,0.000000,0.000000,47.831650,48.362271,47.755848,47.831650
2021-02-09,63.400002,65.500000,63.299999,64.900002,494724,0.000000,0.000000,48.059066,49.650926,47.983261,49.196110
2021-02-10,64.900002,65.099998,64.000000,64.500000,161152,0.000000,0.000000,49.196111,49.347715,48.513884,48.892899
2021-02-11,65.000000,65.400002,64.500000,65.199997,130330,0.000000,0.000000,49.271908,49.575121,48.892893,49.423512
2021-02-14,65.199997,66.000000,65.199997,65.699997,103714,0.000000,0.000000,49.423510,50.029936,49.423510,49.802525
2021-02-15,65.699997,66.500000,65.699997,66.400002,210515,0.000000,0.000000,49.802525,50.408951,49.802525,50.333149
2021-02-16,66.400002,67.000000,66.099998,66.699997,206768,0.000000,0.000000,50.333149,50.787966,50.105738,50.560555
2021-02-17,66.699997,67.300003,66.699997,67.000000,249056,0.000000,0.000000,50.560553,51.015375,50.560553,50.787964
2021-02-18,67.000000,67.400002,65.800003,65.800003,225442,0.000000,0.000000,50.787975,51.091188,49.878342,49.878342
2021-02-21,66.500000,66.599998,65.900002,66.199997,140914,0.000000,0.000000,50.408956,50.484758,49.954140,50.181545
2021-02-22,66.199997,66.699997,65.500000,65.500000,210385,0.000000,0.000000,50.181539,50.560554,49.650921,49.650921
2021-02-23,65.599998,67.699997,65.599998,66.500000,603183,0.000000,0.000000,49.726723,51.318584,49.726723,50.408951
2021-02-24,67.000000,69.300003,66.000000,68.500000,1219347,0.000000,0.000000,50.787963,52.531433,50.029934,51.925007
2021-02-25,69.800003,71.300003,69.000000,71.300003,1098257,0.000000,0.000000,52.910442,54.047485,52.304016,54.047485
2021-02-28,69.500000,70.199997,68.599998,69.900002,255562,0.000000,0.000000,52.683039,53.213657,52.000811,52.986252
2021-03-01,69.900002,70.300003,69.099998,69.199997,361765,0.000000,0.000000,52.986248,53.289460,52.379822,52.455624
2021-03-02,69.699997,70.000000,69.199997,69.500000,175131,0.000000,0.000000,52.834644,53.062055,52.455629,52.683041
2021-03-03,69.500000,70.300003,69.199997,69.900002,293473,0.000000,0.000000,52.683039,53.289465,52.455628,52.986252
2021-03-04,69.900002,70.000000,67.500000,67.500000,210437,0.000000,0.000000,52.986256,53.062058,51.166985,51.166985
2021-03-07,69.400002,69.900002,68.000000,68.500000,208257,0.000000,0.000000,52.607234,52.986249,51.545992,51.925007
2021-03-08,68.199997,69.800003,68.199997,68.400002,352069,0.000000,0.000000,51.697596,52.910447,51.697596,51.849205
2021-03-09,68.400002,69.500000,68.400002,68.800003,266418,0.000000,0.000000,51.849211,52.683042,51.849211,52.152424
2021-03-10,68.800003,71.099998,68.599998,70.199997,447706,0.000000,0.000000,52.152421,53.895885,52.000812,53.213657
2021-03-11,69.099998,70.500000,68.800003,68.800003,197732,0.000000,0.000000,52.379829,53.441071,52.152424,52.152424
2021-03-14,69.000000,70.000000,69.000000,70.000000,106195,0.000000,0.000000,52.304024,53.062054,52.304024,53.062054
2021-03-15,70.000000,70.000000,69.400002,69.699997,151238,0.000000,0.000000,53.062059,53.062059,52.607243,52.834648
2021-03-16,69.400002,70.400002,69.300003,69.599998,359534,0.000000,0.000000,52.607239,53.365268,52.531437,52.758842
2021-03-17,69.300003,69.400002,68.699997,68.699997,252692,0.000000,0.000000,52.531437,52.607238,52.076614,52.076614
2021-03-18,68.699997,69.099998,66.300003,66.300003,956135,0.000000,0.000000,52.076609,52.379822,50.257343,50.257343
2021-03-21,66.300003,67.300003,66.000000,66.000000,320127,0.000000,0.000000,50.257353,51.015382,50.029942,50.029942
2021-03-22,66.400002,67.000000,66.099998,66.599998,141362,0.000000,0.000000,50.333153,50.787969,50.105742,50.484756
2021-03-23,66.599998,68.400002,66.599998,67.000000,219867,0.000000,0.000000,50.484751,51.849206,50.484751,50.787964
2021-03-24,67.199997,67.900002,66.800003,67.900002,83926,0.000000,0.000000,50.939576,51.470200,50.636368,51.470200
2021-03-25,67.599998,68.000000,67.199997,67.500000,241035,0.000000,0.000000,51.242786,51.545999,50.939573,51.166985
2021-03-28,67.199997,69.800003,67.199997,69.599998,357612,0.000000,0.000000,50.939571,52.910452,50.939571,52.758842
2021-03-29,70.000000,70.099998,69.199997,70.099998,364051,0.000000,0.000000,53.062058,53.137859,52.455632,53.137859
2021-03-30,70.099998,70.300003,69.800003,70.000000,222892,0.000000,0.000000,53.137855,53.289465,52.910450,53.062054
2021-03-31,69.699997,71.000000,68.800003,69.199997,926348,1.250000,0.000000,53.795272,54.798630,53.100647,53.409367
2021-04-01,69.300003,69.699997,69.000000,69.099998,152203,0.000000,0.000000,53.486554,53.795273,53.255008,53.332188
2021-04-04,69.300003,69.400002,69.000000,69.099998,144864,0.000000,0.000000,53.486554,53.563734,53.255008,53.332188
2021-04-05,69.199997,69.300003,68.800003,68.900002,69833,0.000000,0.000000,53.409366,53.486552,53.100646,53.177826
2021-04-06,69.000000,70.400002,68.900002,70.199997,469623,0.000000,0.000000,53.255007,54.335545,53.177827,54.181179
2021-04-07,70.199997,70.199997,70.199997,70.199997,0,0.000000,0.000000,54.181179,54.181179,54.181179,54.181179
2021-04-08,69.900002,70.199997,69.400002,70.000000,126115,0.000000,0.000000,53.949641,54.181181,53.563735,54.026821
2021-04-11,70.000000,70.000000,70.000000,70.000000,0,0.000000,0.000000,54.026821,54.026821,54.026821,54.026821
2021-04-12,69.400002,69.800003,68.900002,69.599998,222195,0.000000,0.000000,53.563730,53.872456,53.177824,53.718090
2021-04-13,69.599998,69.800003,69.000000,69.000000,212328,0.000000,0.000000,53.718091,53.872457,53.255005,53.255005
2021-04-14,69.000000,69.500000,69.000000,69.500000,188537,0.000000,0.000000,53.255001,53.640907,53.255001,53.640907
2021-04-15,69.800003,70.900002,69.500000,70.900002,406912,0.000000,0.000000,53.872459,54.721451,53.640913,54.721451
2021-04-18,71.099998,72.500000,71.099998,71.400002,363252,0.000000,0.000000,54.875811,55.956349,54.875811,55.107357
2021-04-19,72.500000,73.400002,72.199997,73.400002,1024961,0.000000,0.000000,55.956343,56.650974,55.724797,56.650974
2021-04-20,73.500000,74.000000,72.500000,72.500000,409162,0.000000,0.000000,56.728152,57.114058,55.956341,55.956341
2021-04-21,72.500000,73.199997,70.000000,70.099998,507090,0.000000,0.000000,55.956353,56.496619,54.026824,54.104004
2021-04-22,70.400002,70.900002,70.199997,70.699997,319808,0.000000,0.000000,54.335541,54.721447,54.181176,54.567081
2021-04-25,70.699997,71.900002,70.300003,71.099998,344632,0.000000,0.000000,54.567087,55.493264,54.258367,54.875813
2021-04-26,71.400002,73.500000,71.400002,73.199997,558555,0.000000,0.000000,55.107355,56.728158,55.107355,56.496613
2021-04-27,73.400002,73.599998,72.300003,73.000000,257082,0.000000,0.000000,56.650977,56.805337,55.801985,56.342251
2021-04-28,73.099998,74.500000,72.699997,72.699997,569264,0.000000,0.000000,56.419432,57.499970,56.110706,56.110706
2021-04-29,73.300003,73.900002,72.000000,73.099998,404920,0.000000,0.000000,56.573803,57.036889,55.570446,56.419437
2021-05-02,73.199997,73.199997,71.699997,71.800003,214606,0.000000,0.000000,56.496620,56.496620,55.338902,55.416088
2021-05-03,71.800003,72.400002,71.699997,72.000000,203320,0.000000,0.000000,55.416082,55.879168,55.338896,55.570442
2021-05-04,72.099998,72.400002,71.500000,72.000000,171414,0.000000,0.000000,55.647622,55.879168,55.184536,55.570442
2021-05-05,71.699997,71.800003,70.800003,70.800003,204042,0.000000,0.000000,55.338890,55.416076,54.644264,54.644264
2021-05-06,70.699997,70.699997,70.000000,70.400002,394178,0.000000,0.000000,54.567085,54.567085,54.026819,54.335545
2021-05-09,70.500000,70.800003,70.300003,70.800003,63592,0.000000,0.000000,54.412718,54.644264,54.258358,54.644264
2021-05-10,70.800003,71.300003,70.599998,71.199997,166914,0.000000,0.000000,54.644264,55.030170,54.489898,54.952984
2021-05-17,71.400002,71.400002,69.900002,70.199997,784848,0.000000,0.000000,55.107357,55.107357,53.949639,54.181179
2021-05-18,70.199997,70.500000,69.400002,69.699997,855667,0.000000,0.000000,54.181186,54.412732,53.563740,53.795280
2021-05-19,69.800003,69.800003,69.099998,69.300003,401910,0.000000,0.000000,53.872459,53.872459,53.332187,53.486553
2021-05-20,69.000000,69.199997,68.500000,68.500000,613518,0.000000,0.000000,53.255004,53.409364,52.869099,52.869099
2021-05-23,68.500000,69.599998,68.199997,69.400002,354697,0.000000,0.000000,52.869093,53.718084,52.637547,53.563725
2021-05-24,69.300003,69.699997,69.099998,69.300003,398764,0.000000,0.000000,53.486553,53.795273,53.332187,53.486553
2021-05-25,69.300003,69.800003,68.699997,69.500000,709277,0.000000,0.000000,53.486547,53.872453,53.023456,53.640907
2021-05-26,69.599998,69.800003,69.099998,69.800003,234726,0.000000,0.000000,53.718090,53.872456,53.332184,53.872456
2021-05-27,69.800003,69.900002,69.199997,69.500000,1122071,0.000000,0.000000,53.872453,53.949633,53.409361,53.640907
2021-05-30,69.500000,69.800003,69.300003,69.400002,393695,0.000000,0.000000,53.640904,53.872450,53.486545,53.563725
2021-05-31,69.500000,69.599998,69.199997,69.400002,191835,0.000000,0.000000,53.640904,53.718084,53.409359,53.563725
2021-06-01,69.500000,70.199997,69.400002,69.599998,662979,0.000000,0.000000,53.640910,54.181176,53.563730,53.718090
2021-06-02,69.599998,70.099998,69.599998,69.800003,209376,0.000000,0.000000,53.718090,54.103996,53.718090,53.872456
2021-06-03,70.099998,70.199997,69.800003,70.199997,322865,0.000000,0.000000,54.103999,54.181179,53.872459,54.181179
2021-06-06,70.000000,70.800003,69.900002,70.400002,836525,0.000000,0.000000,54.026819,54.644270,53.949639,54.335545
2021-06-07,70.300003,71.300003,70.000000,71.300003,832391,0.000000,0.000000,54.258355,55.030167,54.026809,55.030167
2021-06-08,71.400002,72.699997,70.699997,72.599998,1430701,0.000000,0.000000,55.107348,56.110700,54.567077,56.033520
2021-06-09,72.599998,74.300003,72.599998,74.199997,1971569,0.000000,0.000000,56.033524,57.345607,56.033524,57.268421
2021-06-10,74.099998,74.199997,73.400002,74.000000,799438,0.000000,0.000000,57.191236,57.268416,56.650970,57.114056
2021-06-13,74.000000,75.000000,73.000000,74.400002,585111,0.000000,0.000000,57.114065,57.885876,56.342253,57.422791
2021-06-14,74.300003,74.500000,73.099998,73.599998,371104,0.000000,0.000000,57.345608,57.499968,56.419430,56.805336
2021-06-15,73.500000,73.500000,71.599998,71.599998,579383,0.000000,0.000000,56.728154,56.728154,55.261711,55.261711
2021-06-16,71.699997,72.000000,71.699997,72.000000,249623,0.000000,0.000000,55.338896,55.570442,55.338896,55.570442
2021-06-17,72.300003,72.300003,70.099998,70.099998,1389622,0.000000,0.000000,55.801993,55.801993,54.104004,54.104004
2021-06-20,71.900002,72.000000,70.599998,70.900002,752383,0.000000,0.000000,55.493263,55.570442,54.489905,54.721451
2021-06-21,70.900002,70.900002,70.500000,70.599998,629377,0.000000,0.000000,54.721448,54.721448,54.412723,54.489902
2021-06-22,70.900002,72.000000,70.900002,72.000000,413814,0.000000,0.000000,54.721451,55.570442,54.721451,55.570442
2021-06-23,72.000000,72.300003,71.500000,71.699997,256584,0.000000,0.000000,55.570440,55.801986,55.184534,55.338894
2021-06-24,71.900002,72.000000,71.500000,72.000000,194202,0.000000,0.000000,55.493262,55.570442,55.184536,55.570442
2021-06-27,72.000000,72.000000,72.000000,72.000000,0,0.000000,0.000000,55.570442,55.570442,55.570442,55.570442
2021-06-28,72.900002,73.000000,72.199997,72.300003,375059,0.000000,0.000000,56.265073,56.342253,55.724801,55.801987
2021-06-29,72.400002,72.599998,72.099998,72.599998,340973,0.000000,0.000000,55.879160,56.033520,55.647614,56.033520
2021-06-30,72.599998,72.800003,72.099998,72.599998,391257,0.000000,0.000000,56.033520,56.187886,55.647614,56.033520
2021-07-01,72.599998,72.699997,72.300003,72.699997,374236,0.000000,0.000000,56.033526,56.110706,55.801986,56.110706
2021-07-04,71.500000,71.599998,70.900002,71.300003,715049,1.500000,0.000000,56.347130,56.425936,55.874288,56.189518
2021-07-05,71.300003,71.400002,70.000000,70.099998,528110,0.000000,0.000000,56.189521,56.268327,55.165026,55.243832
2021-07-06,70.199997,71.000000,70.199997,70.300003,232200,0.000000,0.000000,55.322632,55.953091,55.322632,55.401443
2021-07-07,70.500000,70.599998,70.000000,70.000000,433217,0.000000,0.000000,55.559060,55.637866,55.165024,55.165024
2021-07-08,69.900002,70.099998,68.900002,69.199997,576292,0.000000,0.000000,55.086215,55.243827,54.298143,54.534561
2021-07-11,69.699997,69.699997,67.599998,67.800003,428155,0.000000,0.000000,54.928598,54.928598,53.273649,53.431267
2021-07-12,67.500000,68.900002,66.699997,67.900002,727663,0.000000,0.000000,53.194852,54.298154,52.564392,53.510082
2021-07-13,68.000000,68.800003,67.500000,68.800003,271487,0.000000,0.000000,53.588881,54.219341,53.194846,54.219341
2021-07-14,68.300003,68.699997,67.699997,67.900002,480908,0.000000,0.000000,53.825312,54.140536,53.352464,53.510082
2021-07-15,68.000000,68.599998,67.500000,67.500000,511734,0.000000,0.000000,53.588879,54.061721,53.194843,53.194843
2021-07-25,68.500000,69.500000,68.500000,69.000000,450335,0.000000,0.000000,53.982913,54.770985,53.982913,54.376949
2021-07-26,70.000000,70.099998,67.900002,68.300003,1213567,0.000000,0.000000,55.165022,55.243828,53.510072,53.825302
2021-07-27,68.300003,68.300003,67.800003,68.000000,831903,0.000000,0.000000,53.825299,53.825299,53.431263,53.588875
2021-07-28,68.000000,68.300003,67.900002,68.199997,1119057,0.000000,0.000000,53.588875,53.825299,53.510069,53.746487
2021-07-29,68.199997,68.500000,67.800003,68.500000,858496,0.000000,0.000000,53.746494,53.982918,53.431270,53.982918
2021-08-01,68.900002,68.900002,68.099998,68.199997,579520,0.000000,0.000000,54.298140,54.298140,53.667681,53.746487
2021-08-02,68.300003,69.300003,68.300003,69.300003,469675,0.000000,0.000000,53.825309,54.613380,53.825309,54.613380
2021-08-03,69.300003,69.900002,68.500000,69.800003,717989,0.000000,0.000000,54.613372,55.086214,53.982913,55.007408
2021-08-04,69.900002,70.599998,68.800003,70.400002,1059940,0.000000,0.000000,55.086215,55.637863,54.219338,55.480251
2021-08-05,70.300003,70.400002,69.599998,70.400002,480920,0.000000,0.000000,55.401445,55.480251,54.849792,55.480251
2021-08-08,70.400002,70.400002,69.900002,69.900002,198974,0.000000,0.000000,55.480252,55.480252,55.086216,55.086216
2021-08-09,69.500000,70.000000,69.500000,69.599998,246020,0.000000,0.000000,54.770987,55.165022,54.770987,54.849792
2021-08-10,69.599998,70.000000,69.599998,70.000000,308411,0.000000,0.000000,54.849794,55.165024,54.849794,55.165024
2021-08-11,69.900002,70.000000,69.500000,70.000000,177626,0.000000,0.000000,55.086218,55.165024,54.770988,55.165024
2021-08-12,69.599998,69.900002,68.300003,69.699997,237640,0.000000,0.000000,54.849798,55.086222,53.825308,54.928604
2021-08-15,69.099998,69.800003,69.000000,69.699997,204705,0.000000,0.000000,54.455762,55.007416,54.376956,54.928604
2021-08-16,69.099998,69.800003,69.099998,69.500000,180401,0.000000,0.000000,54.455755,55.007409,54.455755,54.770985
2021-08-17,69.099998,69.900002,69.000000,69.900002,253929,0.000000,0.000000,54.455756,55.086216,54.376950,55.086216
2021-08-18,69.800003,69.800003,68.900002,69.000000,372071,0.000000,0.000000,55.007409,55.007409,54.298143,54.376949
2021-08-19,68.599998,68.800003,68.000000,68.099998,471784,0.000000,0.000000,54.061726,54.219344,53.588884,53.667690
2021-08-22,68.099998,68.099998,67.199997,67.300003,209491,0.000000,0.000000,53.667689,53.667689,52.958423,53.037235
2021-08-23,67.300003,67.699997,66.599998,67.000000,709157,0.000000,0.000000,53.037232,53.352456,52.485578,52.800808
2021-08-24,67.000000,67.099998,66.300003,66.500000,626536,0.000000,0.000000,52.800812,52.879618,52.249164,52.406776
2021-08-25,66.699997,66.900002,66.199997,66.599998,376127,0.000000,0.000000,52.564386,52.722004,52.170351,52.485580
2021-08-26,66.699997,66.699997,66.300003,66.500000,120205,0.000000,0.000000,52.564388,52.564388,52.249164,52.406776
2021-08-29,66.500000,67.099998,66.500000,67.000000,326122,0.000000,0.000000,52.406772,52.879614,52.406772,52.800808
2021-08-30,67.000000,67.199997,66.500000,67.199997,352683,0.000000,0.000000,52.800808,52.958420,52.406772,52.958420
2021-08-31,67.400002,67.800003,66.599998,67.800003,787701,0.000000,0.000000,53.116037,53.431267,52.485577,53.431267
2021-09-01,67.800003,68.000000,67.300003,67.699997,403324,0.000000,0.000000,53.431271,53.588883,53.037235,53.352459
2021-09-02,67.699997,67.699997,67.199997,67.699997,353127,0.000000,0.000000,53.352459,53.352459,52.958423,53.352459
2021-09-05,67.699997,67.800003,67.400002,67.599998,232888,0.000000,0.000000,53.352457,53.431269,53.116039,53.273651
2021-09-06,67.699997,68.400002,67.400002,68.300003,324375,0.000000,0.000000,53.352454,53.904108,53.116036,53.825302
2021-09-07,68.500000,68.500000,68.000000,68.400002,174338,0.000000,0.000000,53.982912,53.982912,53.588876,53.904106
2021-09-08,68.300003,68.300003,67.699997,68.300003,195014,0.000000,0.000000,53.825302,53.825302,53.352454,53.825302
2021-09-09,68.000000,68.099998,67.400002,68.099998,294548,0.000000,0.000000,53.588884,53.667690,53.116042,53.667690
2021-09-12,68.099998,68.099998,67.400002,67.699997,181470,0.000000,0.000000,53.667689,53.667689,53.116041,53.352459
2021-09-13,67.599998,67.800003,67.400002,67.800003,223928,0.000000,0.000000,53.273649,53.431267,53.116037,53.431267
2021-09-14,67.800003,67.900002,67.500000,67.699997,253080,0.000000,0.000000,53.431271,53.510077,53.194847,53.352459
2021-09-15,67.599998,68.199997,67.400002,68.199997,440290,0.000000,0.000000,53.273645,53.746487,53.116033,53.746487
2021-09-16,68.500000,69.199997,68.199997,68.900002,1659230,0.000000,0.000000,53.982919,54.534567,53.746495,54.298149
2021-09-19,69.000000,69.099998,68.400002,68.400002,492991,0.000000,0.000000,54.376948,54.455754,53.904106,53.904106
2021-09-20,68.300003,68.300003,67.500000,67.699997,486964,0.000000,0.000000,53.825307,53.825307,53.194847,53.352459
2021-09-21,67.300003,68.300003,66.900002,68.000000,455554,0.000000,0.000000,53.037227,53.825299,52.721997,53.588875
2021-09-22,68.000000,68.199997,67.800003,67.900002,300185,0.000000,0.000000,53.588888,53.746500,53.431276,53.510082
2021-09-26,68.300003,69.099998,68.300003,68.900002,1196801,0.000000,0.000000,53.825307,54.455761,53.825307,54.298149
2021-09-27,69.099998,71.000000,69.000000,70.000000,2677346,0.000000,0.000000,54.455758,55.953096,54.376952,55.165024
2021-09-28,70.199997,72.300003,70.199997,71.300003,3154101,0.000000,0.000000,55.322634,56.977590,55.322634,56.189518
2021-09-29,71.099998,71.699997,70.699997,71.199997,906338,0.000000,0.000000,56.031900,56.504742,55.716670,56.110706
2021-09-30,71.000000,71.900002,70.900002,71.199997,733187,0.000000,0.000000,55.953094,56.662360,55.874288,56.110706
2021-10-03,71.300003,71.500000,70.500000,70.800003,481866,0.000000,0.000000,56.189511,56.347123,55.559051,55.795475
2021-10-04,70.500000,70.699997,70.000000,70.400002,644373,0.000000,0.000000,55.559057,55.716669,55.165021,55.480251
2021-10-05,70.900002,71.900002,70.400002,71.400002,756081,0.000000,0.000000,55.874294,56.662366,55.480258,56.268330
2021-10-06,71.699997,72.900002,71.699997,72.000000,1834508,0.000000,0.000000,56.504745,57.450435,56.504745,56.741169
2021-10-07,72.199997,72.199997,71.400002,72.000000,804244,0.000000,0.000000,56.898781,56.898781,56.268327,56.741169
2021-10-10,71.900002,73.800003,71.500000,73.500000,1515364,0.000000,0.000000,56.662369,58.159707,56.347139,57.923283
2021-10-11,73.500000,73.500000,73.500000,73.500000,0,0.000000,0.000000,57.923283,57.923283,57.923283,57.923283
2021-10-12,74.800003,76.500000,74.199997,75.900002,1595627,0.000000,0.000000,58.947766,60.287486,58.474918,59.814644
2021-10-13,75.900002,79.900002,75.599998,79.300003,2033953,0.000000,0.000000,59.814646,62.966933,59.578222,62.494091
2021-10-14,79.500000,85.500000,79.500000,84.900002,3119875,0.000000,0.000000,62.651706,67.380137,62.651706,66.907295
2021-10-17,85.300003,86.500000,83.500000,84.000000,1117133,0.000000,0.000000,67.222524,68.168208,65.803993,66.198029
2021-10-18,80.900002,81.400002,79.599998,80.000000,2670205,0.000000,0.000000,63.755008,64.149044,62.730512,63.045742
2021-10-19,79.599998,79.699997,77.000000,77.199997,1569262,0.000000,0.000000,62.730511,62.809317,60.681526,60.839138
2021-10-20,77.199997,80.099998,77.199997,79.699997,1937960,0.000000,0.000000,60.839135,63.124545,60.839135,62.809315
2021-10-21,79.599998,80.000000,77.699997,78.400002,929315,0.000000,0.000000,62.730508,63.045738,61.233171,61.784824
2021-10-24,78.300003,79.000000,77.699997,78.099998,829661,0.000000,0.000000,61.706023,62.257670,61.233175,61.548405
2021-10-25,78.099998,78.199997,77.400002,77.699997,383685,0.000000,0.000000,61.548411,61.627217,60.996763,61.233181
2021-10-26,77.400002,78.000000,77.099998,77.099998,347908,0.000000,0.000000,60.996754,61.469596,60.760330,60.760330
2021-10-27,77.099998,77.099998,75.300003,75.900002,532114,0.000000,0.000000,60.760328,60.760328,59.341802,59.814644
2021-10-28,75.500000,77.000000,74.800003,76.099998,442349,0.000000,0.000000,59.499425,60.681533,58.947777,59.972267
2021-10-31,75.900002,77.099998,74.800003,75.099998,216969,0.000000,0.000000,59.814649,60.760332,58.947771,59.184189
2021-11-01,75.000000,75.699997,74.199997,74.500000,475715,0.000000,0.000000,59.105385,59.657033,58.474926,58.711349
2021-11-02,74.199997,75.699997,74.000000,74.699997,354909,0.000000,0.000000,58.474929,59.657037,58.317317,58.868965
2021-11-03,74.699997,74.699997,72.800003,74.000000,392877,0.000000,0.000000,58.868958,58.868958,57.371627,58.317310
2021-11-04,74.000000,74.599998,73.400002,74.400002,313404,0.000000,0.000000,58.317312,58.790154,57.844470,58.632542
2021-11-07,74.500000,75.300003,74.000000,75.000000,406881,0.000000,0.000000,58.711353,59.341813,58.317317,59.105389
2021-11-08,75.000000,75.599998,73.699997,73.900002,358622,0.000000,0.000000,59.105388,59.578230,58.080892,58.238510
2021-11-09,73.699997,73.800003,72.599998,72.599998,338150,0.000000,0.000000,58.080882,58.159694,57.214005,57.214005
2021-11-10,72.800003,73.000000,71.800003,72.800003,391215,0.000000,0.000000,57.371624,57.529236,56.583552,57.371624
2021-11-11,72.400002,73.800003,72.300003,73.099998,310465,0.000000,0.000000,57.056400,58.159701,56.977594,57.608047
2021-11-14,73.500000,73.500000,71.900002,72.000000,430174,0.000000,0.000000,57.923277,57.923277,56.662363,56.741169
2021-11-15,72.199997,72.300003,71.000000,71.000000,515907,0.000000,0.000000,56.898782,56.977594,55.953098,55.953098
2021-11-16,71.000000,71.199997,69.599998,70.099998,634795,0.000000,0.000000,55.953097,56.110709,54.849796,55.243832
2021-11-17,70.099998,70.400002,69.400002,69.500000,387545,0.000000,0.000000,55.243826,55.480250,54.692179,54.770985
2021-11-18,69.500000,69.500000,69.500000,69.500000,0,0.000000,0.000000,54.770985,54.770985,54.770985,54.770985
2021-11-21,68.000000,68.099998,66.099998,67.500000,929923,0.000000,0.000000,53.588879,53.667685,52.091542,53.194843
2021-11-22,67.099998,68.500000,67.000000,67.199997,612152,0.000000,0.000000,52.879614,53.982915,52.800808,52.958420
2021-11-23,67.000000,68.900002,66.800003,68.500000,647560,0.000000,0.000000,52.800810,54.298148,52.643198,53.982918
2021-11-24,68.900002,69.500000,68.199997,68.400002,531110,0.000000,0.000000,54.298142,54.770984,53.746488,53.904106
2021-11-25,68.500000,68.900002,67.000000,67.000000,413975,0.000000,0.000000,53.982916,54.298146,52.800808,52.800808
2021-11-28,67.000000,67.000000,67.000000,67.000000,0,0.000000,0.000000,52.800808,52.800808,52.800808,52.800808
2021-11-29,65.400002,66.800003,64.400002,64.800003,568349,0.000000,0.000000,51.539900,52.643202,50.751829,51.067059
2021-11-30,64.599998,65.199997,63.000000,63.700001,1881647,0.000000,0.000000,50.909439,51.382281,49.648525,50.200176
2021-12-01,63.900002,64.699997,63.500000,64.000000,471351,0.000000,0.000000,50.357790,50.988244,50.042560,50.436596
2021-12-02,64.199997,65.400002,64.000000,64.300003,296502,0.000000,0.000000,50.594204,51.539893,50.436592,50.673016
2021-12-05,64.400002,65.900002,64.400002,65.900002,269558,0.000000,0.000000,50.751822,51.933929,50.751822,51.933929
2021-12-06,66.199997,67.599998,65.000000,65.000000,804083,0.000000,0.000000,52.170350,53.273652,51.224667,51.224667
2021-12-07,65.500000,65.900002,64.500000,64.500000,475124,0.000000,0.000000,51.618703,51.933933,50.830631,50.830631
2021-12-08,64.699997,65.000000,64.000000,64.000000,447380,0.000000,0.000000,50.988244,51.224668,50.436596,50.436596
2021-12-09,64.000000,64.699997,63.500000,64.000000,337523,0.000000,0.000000,50.436596,50.988244,50.042560,50.436596
2021-12-12,64.000000,64.699997,64.000000,64.699997,188402,0.000000,0.000000,50.436599,50.988247,50.436599,50.988247
2021-12-13,64.699997,66.199997,64.699997,65.599998,570724,0.000000,0.000000,50.988240,52.170348,50.988240,51.697506
2021-12-14,65.599998,66.500000,65.400002,66.400002,596817,0.000000,0.000000,51.697509,52.406775,51.539897,52.327969
2021-12-15,66.400002,68.000000,66.300003,67.300003,520304,0.000000,0.000000,52.327969,53.588883,52.249163,53.037235
2021-12-16,68.199997,68.900002,66.500000,66.500000,1003762,0.000000,0.000000,53.746496,54.298150,52.406776,52.406776
2021-12-19,66.500000,67.800003,66.099998,67.199997,410247,0.000000,0.000000,52.406772,53.431268,52.091542,52.958420
2021-12-20,66.500000,68.099998,66.000000,67.800003,593740,0.000000,0.000000,52.406771,53.667685,52.012735,53.431267
2021-12-21,67.800003,70.400002,67.800003,70.000000,1430136,0.000000,0.000000,53.431268,55.480254,53.431268,55.165024
2021-12-22,70.400002,70.400002,68.500000,68.800003,490165,0.000000,0.000000,55.480255,55.480255,53.982917,54.219341
2021-12-23,68.800003,69.500000,68.099998,69.500000,193544,0.000000,0.000000,54.219337,54.770985,53.667683,54.770985
2021-12-26,69.900002,69.900002,67.699997,68.000000,576059,0.000000,0.000000,55.086212,55.086212,53.352451,53.588875
2021-12-27,68.000000,68.000000,66.900002,68.000000,291513,0.000000,0.000000,53.588875,53.588875,52.721997,53.588875
2021-12-28,68.199997,68.599998,67.900002,68.599998,374885,0.000000,0.000000,53.746492,54.061722,53.510074,54.061722
2021-12-29,68.599998,69.000000,67.800003,68.400002,484112,0.000000,0.000000,54.061718,54.376948,53.431264,53.904106
2021-12-30,68.400002,68.699997,67.900002,68.699997,275504,0.000000,0.000000,53.904116,54.140533,53.510080,54.140533
2022-01-02,68.699997,69.099998,68.400002,69.099998,175153,0.000000,0.000000,54.140531,54.455761,53.904113,54.455761
2022-01-03,69.099998,69.199997,67.800003,69.000000,333395,0.000000,0.000000,54.455755,54.534561,53.431266,54.376949
2022-01-04,68.800003,69.000000,68.000000,69.000000,237933,0.000000,0.000000,54.219337,54.376949,53.588878,54.376949
2022-01-05,68.900002,69.199997,68.599998,69.199997,265165,0.000000,0.000000,54.298143,54.534561,54.061719,54.534561
2022-01-06,68.699997,69.300003,68.400002,68.699997,415510,0.000000,0.000000,54.140533,54.613381,53.904116,54.140533
2022-01-09,69.099998,70.000000,69.000000,70.000000,315019,0.000000,0.000000,54.455758,55.165024,54.376952,55.165024
2022-01-10,69.800003,71.400002,69.599998,71.300003,613180,0.000000,0.000000,55.007410,56.268324,54.849792,56.189518
2022-01-11,71.300003,72.300003,70.900002,72.300003,602881,0.000000,0.000000,56.189517,56.977589,55.874287,56.977589
2022-01-12,72.599998,73.500000,72.099998,73.199997,692148,0.000000,0.000000,57.214010,57.923275,56.819974,57.686852
2022-01-13,73.199997,74.099998,72.900002,74.099998,596233,0.000000,0.000000,57.686849,58.396114,57.450431,58.396114
2022-01-16,74.199997,74.900002,73.900002,74.500000,558970,0.000000,0.000000,58.474926,59.026579,58.238508,58.711349
2022-01-17,74.500000,74.500000,73.300003,73.900002,501525,0.000000,0.000000,58.711352,58.711352,57.765668,58.238510
2022-01-18,74.099998,74.199997,72.599998,72.599998,961566,0.000000,0.000000,58.396112,58.474918,57.214005,57.214005
2022-01-19,72.500000,73.000000,71.699997,71.900002,740735,0.000000,0.000000,57.135203,57.529239,56.504743,56.662361
2022-01-20,71.599998,71.599998,69.900002,70.000000,2118380,0.000000,0.000000,56.425937,56.425937,55.086218,55.165024
2022-01-23,70.000000,70.000000,68.699997,68.800003,655838,0.000000,0.000000,55.165025,55.165025,54.140529,54.219341
2022-01-24,68.699997,69.199997,68.300003,68.300003,435090,0.000000,0.000000,54.140526,54.534562,53.825302,53.825302
2022-01-25,68.500000,69.599998,68.099998,69.599998,505398,0.000000,0.000000,53.982915,54.849792,53.667685,54.849792
2022-01-26,69.599998,69.599998,69.599998,69.599998,0,0.000000,0.000000,54.849792,54.849792,54.849792,54.849792
2022-01-27,69.599998,69.599998,69.599998,69.599998,0,0.000000,0.000000,54.849792,54.849792,54.849792,54.849792
2022-01-30,68.800003,69.099998,68.300003,68.400002,694269,0.000000,0.000000,54.219336,54.455754,53.825300,53.904106
2022-01-31,68.599998,68.699997,67.800003,67.800003,983764,0.000000,0.000000,54.061721,54.140527,53.431267,53.431267
2022-02-01,67.800003,68.400002,67.599998,68.000000,488918,0.000000,0.000000,53.431263,53.904105,53.273645,53.588875
2022-02-02,67.900002,68.300003,67.500000,67.500000,469457,0.000000,0.000000,53.510073,53.825303,53.194843,53.194843
2022-02-03,67.500000,67.800003,67.099998,67.099998,374939,0.000000,0.000000,53.194846,53.431270,52.879616,52.879616
2022-02-06,67.099998,68.199997,67.099998,68.000000,509209,0.000000,0.000000,52.879609,53.746487,52.879609,53.588875
2022-02-07,68.099998,69.300003,68.099998,69.000000,820042,0.000000,0.000000,53.667684,54.613373,53.667684,54.376949
2022-02-08,69.000000,69.300003,67.699997,68.300003,607027,0.000000,0.000000,54.376950,54.613374,53.352454,53.825302
2022-02-09,68.099998,68.500000,67.500000,67.599998,468959,0.000000,0.000000,53.667687,53.982917,53.194845,53.273651
2022-02-10,67.699997,68.000000,67.500000,68.000000,332102,0.000000,0.000000,53.352451,53.588875,53.194839,53.588875
2022-02-13,68.000000,68.000000,65.400002,66.400002,733073,0.000000,0.000000,53.588882,53.588882,51.539897,52.327969
2022-02-14,66.400002,67.300003,66.199997,67.099998,579660,0.000000,0.000000,52.327968,53.037234,52.170350,52.879616
2022-02-15,67.000000,67.300003,66.699997,66.800003,726099,0.000000,0.000000,52.800808,53.037232,52.564384,52.643196
2022-02-16,66.900002,67.500000,66.699997,67.400002,726939,0.000000,0.000000,52.722003,53.194845,52.564385,53.116039
2022-02-17,67.400002,67.500000,66.699997,66.699997,589440,0.000000,0.000000,53.116042,53.194848,52.564388,52.564388
2022-02-20,66.599998,66.699997,65.199997,65.599998,590870,0.000000,0.000000,52.485578,52.564384,51.382276,51.697506
2022-02-21,66.000000,67.000000,65.800003,66.900002,924674,0.000000,0.000000,52.012734,52.800806,51.855122,52.722000
2022-02-23,66.699997,67.500000,66.500000,67.099998,738607,0.000000,0.000000,52.564386,53.194846,52.406774,52.879616
2022-02-24,65.699997,66.599998,65.300003,66.599998,750077,0.000000,0.000000,51.776315,52.485580,51.461091,52.485580
2022-02-27,67.500000,67.599998,66.599998,66.800003,987147,0.000000,0.000000,53.194844,53.273650,52.485578,52.643196
2022-02-28,66.699997,68.599998,66.199997,68.599998,944869,0.000000,0.000000,52.564384,54.061722,52.170348,54.061722
2022-03-01,68.599998,70.699997,68.300003,69.800003,1980782,0.000000,0.000000,54.061718,55.716668,53.825301,55.007408
2022-03-02,69.800003,70.800003,69.300003,69.800003,2228622,0.000000,0.000000,55.007408,55.795480,54.613372,55.007408
2022-03-03,70.099998,71.300003,70.099998,70.699997,2962290,0.000000,0.000000,55.243833,56.189523,55.243833,55.716675
2022-03-06,71.500000,73.400002,71.400002,73.199997,4293790,0.000000,0.000000,56.347132,57.844469,56.268326,57.686852
2022-03-07,74.000000,75.500000,71.500000,72.000000,7025322,0.000000,0.000000,58.317313,59.499420,56.347133,56.741169
2022-03-08,72.000000,73.199997,71.599998,72.099998,1814033,0.000000,0.000000,56.741167,57.686851,56.425937,56.819973
2022-03-09,72.400002,73.199997,70.800003,71.000000,1961861,0.000000,0.000000,57.056400,57.686854,55.795486,55.953098
2022-03-10,71.000000,71.300003,69.599998,70.000000,1374758,0.000000,0.000000,55.953096,56.189520,54.849794,55.165024
2022-03-13,70.099998,70.599998,69.500000,69.599998,940833,0.000000,0.000000,55.243828,55.637864,54.770987,54.849792
2022-03-14,69.599998,70.099998,68.800003,68.800003,1010834,0.000000,0.000000,54.849795,55.243831,54.219341,54.219341
2022-03-15,68.199997,68.500000,67.400002,67.500000,949151,0.000000,0.000000,53.746491,53.982915,53.116037,53.194843
2022-03-16,67.599998,68.199997,67.300003,67.599998,1826350,0.000000,0.000000,53.273651,53.746493,53.037233,53.273651
2022-03-17,67.900002,68.800003,66.699997,66.699997,5648006,0.000000,0.000000,53.510078,54.219344,52.564388,52.564388
2022-03-20,67.599998,68.599998,67.500000,67.599998,927338,0.000000,0.000000,53.273651,54.061723,53.194845,53.273651
2022-03-21,67.800003,68.400002,67.500000,67.800003,1570684,0.000000,0.000000,53.431267,53.904109,53.194843,53.431267
2022-03-22,68.000000,68.199997,67.599998,68.000000,734481,0.000000,0.000000,53.588875,53.746487,53.273645,53.588875
2022-03-23,68.099998,68.199997,67.699997,68.000000,916276,0.000000,0.000000,53.667681,53.746487,53.352451,53.588875
2022-03-24,66.900002,67.199997,66.500000,67.000000,1643544,1.500000,0.000000,53.911219,54.152969,53.588878,53.991802
2022-03-27,67.099998,68.000000,67.099998,67.599998,997767,0.000000,0.000000,54.072391,54.797655,54.072391,54.475315
2022-03-28,67.599998,67.699997,67.000000,67.500000,832178,0.000000,0.000000,54.475309,54.555893,53.991802,54.394726
2022-03-29,67.500000,68.099998,67.000000,67.699997,1261011,0.000000,0.000000,54.394733,54.878241,53.991810,54.555901
2022-03-30,67.699997,67.699997,66.800003,67.099998,1311357,0.000000,0.000000,54.555899,54.555899,53.830641,54.072392
2022-03-31,67.400002,67.400002,66.199997,66.900002,864376,0.000000,0.000000,54.314144,54.314144,53.347123,53.911221
2022-04-03,66.300003,67.199997,66.300003,67.099998,496150,0.000000,0.000000,53.427717,54.152975,53.427717,54.072392
2022-04-04,67.099998,67.099998,67.099998,67.099998,0,0.000000,0.000000,54.072392,54.072392,54.072392,54.072392
2022-04-05,68.400002,69.500000,67.500000,67.699997,2065626,0.000000,0.000000,55.119998,56.006429,54.394733,54.555901
2022-04-06,67.900002,68.000000,67.000000,67.599998,1545761,0.000000,0.000000,54.717072,54.797655,53.991808,54.475315
2022-04-07,67.500000,67.599998,67.199997,67.400002,609574,0.000000,0.000000,54.394732,54.475315,54.152975,54.314148
2022-04-10,67.400002,68.300003,67.199997,67.500000,1063314,0.000000,0.000000,54.314142,55.039406,54.152969,54.394726
2022-04-11,67.400002,67.500000,66.800003,66.900002,1708008,0.000000,0.000000,54.314144,54.394728,53.830637,53.911221
2022-04-12,66.900002,67.000000,66.000000,66.000000,1986977,0.000000,0.000000,53.911219,53.991803,53.185955,53.185955
2022-04-13,66.099998,66.199997,65.000000,65.199997,1056759,0.000000,0.000000,53.266539,53.347123,52.380108,52.541275
2022-04-14,65.800003,65.800003,65.000000,65.000000,1821494,0.000000,0.000000,53.024789,53.024789,52.380108,52.380108
2022-04-17,65.000000,65.699997,64.699997,65.199997,694864,0.000000,0.000000,52.380108,52.944199,52.138351,52.541275
2022-04-18,64.500000,64.500000,63.099998,63.900002,1537250,0.000000,0.000000,51.977187,51.977187,50.848998,51.493679
2022-04-19,63.900002,63.900002,63.000000,63.000000,1559600,0.000000,0.000000,51.493682,51.493682,50.768417,50.768417
2022-04-20,63.000000,63.000000,61.299999,61.500000,2197699,0.000000,0.000000,50.768411,50.768411,49.398469,49.559639
2022-04-21,61.500000,61.500000,60.099998,60.099998,1321292,0.000000,0.000000,49.559638,49.559638,48.431450,48.431450
2022-04-24,59.900002,60.900002,58.900002,60.500000,634970,0.000000,0.000000,48.270292,49.076140,47.464444,48.753799
2022-04-25,60.500000,61.599998,60.400002,60.700001,1754735,0.000000,0.000000,48.753793,49.640224,48.673209,48.914963
2022-04-26,61.400002,61.500000,60.200001,60.900002,817017,0.000000,0.000000,49.479058,49.559641,48.512040,49.076134
2022-04-27,61.000000,61.599998,60.900002,61.500000,346873,0.000000,0.000000,49.156715,49.640223,49.076132,49.559639
2022-04-28,61.700001,62.000000,60.700001,61.099998,740009,0.000000,0.000000,49.720811,49.962565,48.914964,49.237301
2022-05-08,61.400002,61.400002,60.200001,60.700001,331225,0.000000,0.000000,49.479057,49.479057,48.512039,48.914963
2022-05-09,60.500000,60.599998,59.000000,59.000000,1807581,0.000000,0.000000,48.753793,48.834376,47.545021,47.545021
2022-05-10,59.000000,59.000000,58.099998,58.200001,1425277,0.000000,0.000000,47.545026,47.545026,46.819762,46.900349
2022-05-11,58.500000,59.299999,57.400002,57.400002,2135073,0.000000,0.000000,47.142100,47.786778,46.255669,46.255669
2022-05-12,57.500000,57.599998,56.799999,57.000000,1336312,0.000000,0.000000,46.336251,46.416834,45.772157,45.933327
2022-05-15,57.099998,58.099998,57.099998,58.000000,608530,0.000000,0.000000,46.013917,46.819765,46.013917,46.739182
2022-05-16,58.200001,58.200001,56.200001,56.299999,2327825,0.000000,0.000000,46.900348,46.900348,45.288652,45.369236
2022-05-17,56.400002,56.599998,55.599998,56.000000,1454317,0.000000,0.000000,45.449816,45.610983,44.805135,45.127476
2022-05-18,56.000000,56.000000,56.000000,56.000000,0,0.000000,0.000000,45.127476,45.127476,45.127476,45.127476
2022-05-19,54.400002,54.500000,53.500000,54.400002,1345149,0.000000,0.000000,43.838127,43.918711,43.112863,43.838127
2022-05-22,54.599998,55.500000,54.000000,55.299999,1164942,0.000000,0.000000,43.999291,44.724555,43.515783,44.563385
2022-05-23,55.400002,55.500000,54.299999,54.599998,692729,0.000000,0.000000,44.643979,44.724563,43.757544,43.999298
2022-05-24,55.000000,55.000000,53.700001,53.700001,662714,0.000000,0.000000,44.321630,44.321630,43.274029,43.274029
2022-05-25,54.000000,55.000000,53.700001,54.200001,1652477,0.000000,0.000000,43.515782,44.321630,43.274028,43.676952
2022-05-26,54.299999,55.099998,53.599998,54.000000,1993723,0.000000,0.000000,43.757539,44.402217,43.193445,43.515785
2022-05-29,54.500000,56.599998,54.400002,55.700001,1454334,0.000000,0.000000,43.918713,45.610992,43.838129,44.885731
2022-05-30,56.000000,56.500000,55.000000,55.000000,2883498,0.000000,0.000000,45.127472,45.530396,44.321625,44.321625
2022-05-31,55.400002,55.700001,54.099998,54.400002,2631715,0.000000,0.000000,44.643975,44.885729,43.596370,43.838127
2022-06-01,54.400002,55.099998,54.000000,54.500000,1677091,0.000000,0.000000,43.838125,44.402216,43.515785,43.918709
2022-06-02,54.500000,54.900002,54.400002,54.500000,1076780,0.000000,0.000000,43.918709,44.241049,43.838125,43.918709
2022-06-05,54.599998,56.099998,54.400002,55.599998,877556,0.000000,0.000000,43.999290,45.208062,43.838123,44.805138
2022-06-06,56.400002,57.599998,56.099998,57.299999,2639478,0.000000,0.000000,45.449818,46.416833,45.208061,46.175079
2022-06-07,57.500000,57.500000,56.000000,56.000000,1814091,0.000000,0.000000,46.336247,46.336247,45.127476,45.127476
2022-06-08,56.299999,57.400002,56.000000,56.900002,1422513,0.000000,0.000000,45.369234,46.255669,45.127481,45.852745
2022-06-09,57.099998,57.099998,56.200001,56.299999,1194971,0.000000,0.000000,46.013914,46.013914,45.288652,45.369236
2022-06-12,56.000000,56.000000,54.599998,55.000000,1680004,0.000000,0.000000,45.127472,45.127472,43.999284,44.321625
2022-06-13,55.000000,55.000000,53.200001,53.700001,1956569,0.000000,0.000000,44.321630,44.321630,42.871105,43.274029
2022-06-14,53.799999,54.200001,52.799999,53.799999,2165932,0.000000,0.000000,43.354610,43.676951,42.548763,43.354610
2022-06-15,54.000000,54.400002,53.500000,54.000000,1718815,0.000000,0.000000,43.515785,43.838126,43.112861,43.515785
2022-06-16,53.400002,53.500000,51.500000,51.500000,1683848,1.500000,0.000000,44.261775,44.344661,42.686916,42.686916
2022-06-19,51.000000,51.000000,49.150002,49.500000,1535724,0.000000,0.000000,42.272475,42.272475,40.739063,41.029167
2022-06-20,49.500000,50.000000,48.750000,49.950001,1107446,0.000000,0.000000,41.029168,41.443604,40.407514,41.402161
2022-06-21,50.200001,51.000000,50.099998,50.599998,834081,0.000000,0.000000,41.609379,42.272476,41.526490,41.940926
2022-06-22,50.700001,50.700001,48.799999,48.799999,942712,0.000000,0.000000,42.023818,42.023818,40.448959,40.448959
2022-06-23,49.099998,49.700001,48.200001,49.700001,615218,0.000000,0.000000,40.697614,41.194939,39.951631,41.194939
2022-06-26,50.500000,51.400002,50.200001,50.799999,738210,0.000000,0.000000,41.858040,42.604026,41.609379,42.106701
2022-06-27,50.799999,51.200001,49.849998,49.849998,712607,0.000000,0.000000,42.106700,42.438250,41.319271,41.319271
2022-06-28,50.200001,50.900002,49.700001,50.900002,659528,0.000000,0.000000,41.609379,42.189590,41.194943,42.189590
2022-06-29,50.900002,52.099998,50.799999,51.599998,1000597,0.000000,0.000000,42.189590,43.184234,42.106701,42.769798
2022-06-30,51.599998,52.000000,50.500000,50.500000,994857,0.000000,0.000000,42.769798,43.101348,41.858040,41.858040
2022-07-03,50.799999,51.299999,50.599998,50.799999,347660,0.000000,0.000000,42.106701,42.521137,41.940926,42.106701
2022-07-04,50.900002,50.900002,49.250000,49.500000,1053910,0.000000,0.000000,42.189589,42.189589,40.821949,41.029167
2022-07-05,49.650002,49.750000,48.599998,48.950001,850889,0.000000,0.000000,41.153495,41.236381,40.283177,40.573284
2022-07-06,48.700001,48.700001,47.400002,47.950001,1284208,0.000000,0.000000,40.366073,40.366073,39.288540,39.744419
2022-07-13,48.000000,48.250000,46.400002,46.400002,1134216,0.000000,0.000000,39.785857,39.993075,38.459663,38.459663
2022-07-14,46.400002,46.599998,45.099998,45.400002,779000,0.000000,0.000000,38.459671,38.625442,37.382134,37.630798
2022-07-17,46.250000,46.299999,44.950001,44.950001,983570,0.000000,0.000000,38.335334,38.376777,37.257801,37.257801
2022-07-18,45.049999,45.849998,44.549999,45.849998,2617669,0.000000,0.000000,37.340680,38.003777,36.926244,38.003777
2022-07-19,46.049999,47.099998,45.099998,47.000000,2304460,0.000000,0.000000,38.169564,39.039879,37.382135,38.956993
2022-07-20,47.500000,48.250000,47.400002,48.000000,1466169,0.000000,0.000000,39.371426,39.993080,39.288540,39.785862
2022-07-21,48.000000,49.500000,47.549999,49.150002,905853,0.000000,0.000000,39.785859,41.029167,39.412866,40.739063
2022-07-24,49.349998,49.950001,48.799999,48.900002,803982,0.000000,0.000000,40.904835,41.402160,40.448956,40.531845
2022-07-25,48.549999,48.750000,48.099998,48.099998,632859,0.000000,0.000000,40.241737,40.407512,39.868744,39.868744
2022-07-26,47.400002,47.700001,47.049999,47.700001,1053617,0.000000,0.000000,39.288540,39.537201,38.998433,39.537201
2022-07-27,47.549999,48.599998,47.400002,48.599998,767085,0.000000,0.000000,39.412869,40.283184,39.288540,40.283184
2022-07-28,48.799999,49.500000,48.650002,49.500000,686562,0.000000,0.000000,40.448956,41.029167,40.324627,41.029167
2022-07-31,49.950001,51.299999,49.900002,51.299999,948614,0.000000,0.000000,41.402157,42.521133,41.360715,42.521133
2022-08-01,51.299999,52.799999,51.299999,52.599998,921341,0.000000,0.000000,42.521138,43.764446,42.521138,43.598671
2022-08-02,52.700001,52.700001,51.500000,52.099998,657858,0.000000,0.000000,43.681556,43.681556,42.686909,43.184231
2022-08-03,52.000000,52.900002,51.299999,52.900002,774320,0.000000,0.000000,43.101346,43.847332,42.521135,43.847332
2022-08-04,53.000000,53.599998,52.400002,52.799999,790233,0.000000,0.000000,43.930221,44.427543,43.432899,43.764446
2022-08-07,53.000000,53.000000,51.799999,51.900002,535688,0.000000,0.000000,43.930217,43.930217,42.935570,43.018459
2022-08-08,51.799999,53.000000,51.799999,52.599998,642510,0.000000,0.000000,42.935574,43.930221,42.935574,43.598671
2022-08-09,52.599998,52.700001,52.099998,52.299999,342778,0.000000,0.000000,43.598675,43.681564,43.184239,43.350014
2022-08-10,52.400002,52.599998,52.099998,52.500000,392906,0.000000,0.000000,43.432899,43.598671,43.184235,43.515785
2022-08-11,52.599998,53.299999,52.200001,53.099998,877217,0.000000,0.000000,43.598671,44.178882,43.267124,44.013107
2022-08-14,53.400002,53.599998,53.000000,53.200001,493397,0.000000,0.000000,44.261768,44.427540,43.930218,44.095993
2022-08-15,53.299999,53.299999,52.500000,53.200001,589013,0.000000,0.000000,44.178879,44.178879,43.515782,44.095993
2022-08-16,53.200001,53.500000,52.900002,53.000000,564428,0.000000,0.000000,44.095993,44.344654,43.847332,43.930218
2022-08-17,53.000000,53.099998,52.700001,53.099998,657268,0.000000,0.000000,43.930221,44.013107,43.681560,44.013107
2022-08-18,53.099998,53.099998,52.400002,52.599998,529423,0.000000,0.000000,44.013107,44.013107,43.432899,43.598671
2022-08-21,52.700001,52.700001,51.700001,51.700001,475859,0.000000,0.000000,43.681556,43.681556,42.852684,42.852684
2022-08-22,51.700001,51.700001,50.799999,51.400002,553815,0.000000,0.000000,42.852684,42.852684,42.106698,42.604023
2022-08-23,51.400002,51.400002,50.500000,50.500000,610725,0.000000,0.000000,42.604026,42.604026,41.858040,41.858040
2022-08-24,50.500000,50.799999,49.900002,50.599998,517940,0.000000,0.000000,41.858040,42.106701,41.360718,41.940926
2022-08-25,51.000000,51.900002,50.799999,51.900002,450808,0.000000,0.000000,42.272473,43.018459,42.106698,43.018459
2022-08-28,50.799999,52.200001,50.799999,52.000000,482772,0.000000,0.000000,42.106705,43.267128,42.106705,43.101353
2022-08-29,52.099998,52.500000,51.799999,51.799999,555310,0.000000,0.000000,43.184238,43.515789,42.935577,42.935577
2022-08-30,51.900002,52.200001,51.500000,51.500000,483899,0.000000,0.000000,43.018466,43.267127,42.686916,42.686916
2022-08-31,51.500000,51.599998,50.000000,50.099998,855472,0.000000,0.000000,42.686915,42.769801,41.443607,41.526493
2022-09-01,50.200001,50.500000,49.849998,49.900002,658456,0.000000,0.000000,41.609375,41.858036,41.319268,41.360714
2022-09-04,50.000000,50.500000,49.750000,50.299999,390450,0.000000,0.000000,41.443607,41.858043,41.236389,41.692268
2022-09-05,50.299999,51.500000,50.299999,50.700001,476212,0.000000,0.000000,41.692265,42.686912,41.692265,42.023815
2022-09-06,50.700001,51.200001,50.400002,50.400002,671646,0.000000,0.000000,42.023815,42.438251,41.775154,41.775154
2022-09-07,50.099998,50.299999,49.150002,49.150002,642148,0.000000,0.000000,41.526489,41.692264,40.739063,40.739063
2022-09-08,49.150002,49.549999,48.150002,49.000000,772498,0.000000,0.000000,40.739067,41.070614,39.910195,40.614735
2022-09-11,49.599998,50.299999,49.450001,49.799999,379897,0.000000,0.000000,41.112053,41.692264,40.987724,41.277828
2022-09-12,49.700001,49.950001,49.549999,49.799999,335688,0.000000,0.000000,41.194942,41.402160,41.070610,41.277828
2022-09-13,49.799999,50.700001,49.549999,50.299999,548686,0.000000,0.000000,41.277832,42.023818,41.070614,41.692268
2022-09-14,48.500000,49.700001,48.400002,49.250000,463973,0.000000,0.000000,40.200295,41.194942,40.117409,40.821949
2022-09-15,49.349998,49.549999,48.599998,48.599998,788788,0.000000,0.000000,40.904838,41.070613,40.283184,40.283184
2022-09-18,48.700001,48.700001,47.549999,47.849998,321504,0.000000,0.000000,40.366069,40.366069,39.412865,39.661526
2022-09-19,47.849998,48.200001,47.299999,47.950001,391068,0.000000,0.000000,39.661530,39.951637,39.205651,39.744419
2022-09-20,48.000000,48.349998,47.450001,47.599998,433527,0.000000,0.000000,39.785858,40.075962,39.329979,39.454308
2022-09-21,47.700001,47.950001,47.299999,47.599998,472463,0.000000,0.000000,39.537197,39.744415,39.205647,39.454308
2022-09-25,46.799999,46.799999,45.900002,46.049999,464074,0.000000,0.000000,38.791217,38.791217,38.045234,38.169563
2022-09-26,46.000000,46.200001,44.000000,44.000000,996470,0.000000,0.000000,38.128111,38.293886,36.470367,36.470367
2022-09-27,44.450001,45.400002,44.450001,45.200001,801395,0.000000,0.000000,36.843365,37.630794,36.843365,37.465019
2022-09-28,46.200001,46.450001,45.200001,45.950001,561266,0.000000,0.000000,38.293896,38.501114,37.465023,38.086678
2022-09-29,46.500000,46.799999,45.849998,46.299999,601385,0.000000,0.000000,38.542549,38.791210,38.003781,38.376774
2022-10-02,46.500000,46.799999,46.000000,46.750000,399110,0.000000,0.000000,38.542553,38.791214,38.128117,38.749771
2022-10-03,46.799999,47.500000,46.799999,47.000000,600871,0.000000,0.000000,38.791218,39.371429,38.791218,38.956993
2022-10-04,47.000000,47.000000,47.000000,47.000000,0,0.000000,0.000000,38.956993,38.956993,38.956993,38.956993
2022-10-05,48.700001,48.700001,47.549999,47.700001,550765,0.000000,0.000000,40.366073,40.366073,39.412869,39.537201
2022-10-06,47.700001,48.700001,47.500000,47.900002,441934,0.000000,0.000000,39.537197,40.366069,39.371422,39.702972
2022-10-09,47.799999,47.950001,47.500000,47.750000,332254,0.000000,0.000000,39.620087,39.744419,39.371426,39.578644
2022-10-10,47.849998,47.950001,46.500000,46.799999,545655,0.000000,0.000000,39.661529,39.744418,38.542553,38.791214
2022-10-11,46.799999,46.799999,46.150002,46.750000,443777,0.000000,0.000000,38.791214,38.791214,38.252449,38.749771
2022-10-12,46.799999,46.799999,46.450001,46.700001,569454,0.000000,0.000000,38.791210,38.791210,38.501106,38.708324
2022-10-13,46.700001,46.700001,46.000000,46.000000,325133,0.000000,0.000000,38.708324,38.708324,38.128113,38.128113
2022-10-16,46.400002,46.400002,45.750000,46.200001,408848,0.000000,0.000000,38.459667,38.459667,37.920899,38.293892
2022-10-17,46.200001,46.650002,46.099998,46.650002,385966,0.000000,0.000000,38.293889,38.666882,38.210999,38.666882
2022-10-18,46.700001,47.400002,46.700001,47.400002,377749,0.000000,0.000000,38.708329,39.288540,38.708329,39.288540
2022-10-19,47.400002,47.400002,46.900002,47.349998,354089,0.000000,0.000000,39.288539,39.288539,38.874103,39.247093
2022-10-20,47.349998,47.799999,47.099998,47.799999,846826,0.000000,0.000000,39.247094,39.620087,39.039876,39.620087
2022-10-23,48.099998,48.200001,46.950001,47.000000,1190872,0.000000,0.000000,39.868751,39.951640,38.915550,38.956993
2022-10-24,46.900002,46.900002,45.950001,46.549999,654380,0.000000,0.000000,38.874103,38.874103,38.086674,38.583996
2022-10-25,46.599998,46.700001,46.299999,46.700001,582578,0.000000,0.000000,38.625435,38.708324,38.376774,38.708324
2022-10-26,46.000000,46.000000,43.950001,44.549999,2225919,0.000000,0.000000,38.128116,38.128116,36.428928,36.926250
2022-10-27,44.549999,44.750000,44.099998,44.650002,4918361,0.000000,0.000000,36.926251,37.092026,36.553258,37.009140
2022-10-30,44.950001,45.049999,44.750000,45.000000,634490,0.000000,0.000000,37.257801,37.340687,37.092026,37.299244
2022-10-31,45.000000,45.000000,45.000000,45.000000,0,0.000000,0.000000,37.299244,37.299244,37.299244,37.299244
2022-11-01,44.650002,44.700001,44.099998,44.349998,474765,0.000000,0.000000,37.009135,37.050578,36.553253,36.760471
2022-11-02,44.200001,44.200001,42.700001,43.950001,791897,0.000000,0.000000,36.636146,36.636146,35.392838,36.428928
2022-11-03,44.000000,44.099998,43.549999,43.950001,603946,0.000000,0.000000,36.470371,36.553257,36.097378,36.428928
2022-11-06,44.400002,44.549999,44.200001,44.349998,361611,0.000000,0.000000,36.801917,36.926246,36.636142,36.760471
2022-11-07,44.349998,44.450001,44.000000,44.250000,387128,0.000000,0.000000,36.760475,36.843364,36.470371,36.677589
2022-11-08,44.250000,44.400002,43.599998,44.000000,492274,0.000000,0.000000,36.677585,36.801917,36.138817,36.470367
2022-11-09,43.900002,44.000000,43.500000,43.750000,367516,0.000000,0.000000,36.387489,36.470375,36.055939,36.263157
2022-11-10,43.750000,43.750000,42.549999,42.799999,455686,0.000000,0.000000,36.263156,36.263156,35.268509,35.475727
2022-11-13,43.700001,43.700001,42.799999,43.200001,311079,0.000000,0.000000,36.221710,36.221710,35.475724,35.807274
2022-11-14,43.099998,43.400002,42.700001,42.900002,417126,0.000000,0.000000,35.724385,35.973049,35.392838,35.558613
2022-11-15,43.000000,43.349998,42.700001,42.900002,397165,0.000000,0.000000,35.641499,35.931603,35.392838,35.558613
2022-11-16,42.849998,43.000000,42.450001,43.000000,559366,0.000000,0.000000,35.517166,35.641499,35.185620,35.641499
2022-11-17,43.000000,43.200001,42.549999,42.700001,472839,0.000000,0.000000,35.641499,35.807274,35.268505,35.392838
2022-11-20,42.900002,42.900002,42.349998,42.599998,333761,0.000000,0.000000,35.558616,35.558616,35.102734,35.309952
2022-11-21,42.400002,42.400002,41.099998,41.950001,890594,0.000000,0.000000,35.144176,35.144176,34.066640,34.771183
2022-11-22,41.950001,41.950001,41.150002,41.650002,712677,0.000000,0.000000,34.771187,34.771187,34.108090,34.522526
2022-11-24,41.700001,41.700001,40.900002,40.900002,639585,0.000000,0.000000,34.563964,34.563964,33.900867,33.900867
2022-11-27,40.950001,40.950001,40.400002,40.849998,319732,0.000000,0.000000,33.942314,33.942314,33.486435,33.859425
2022-11-28,40.750000,41.349998,40.150002,40.650002,399075,0.000000,0.000000,33.776535,34.273857,33.279213,33.693649
2022-11-29,40.950001,40.950001,40.549999,40.549999,418043,0.000000,0.000000,33.942314,33.942314,33.610764,33.610764
2022-11-30,40.549999,40.549999,40.549999,40.549999,0,0.000000,0.000000,33.610764,33.610764,33.610764,33.610764
2022-12-01,40.549999,40.549999,40.549999,40.549999,0,0.000000,0.000000,33.610764,33.610764,33.610764,33.610764
2022-12-04,41.450001,41.450001,41.000000,41.000000,454071,0.000000,0.000000,34.356742,34.356742,33.983749,33.983749
2022-12-05,41.150002,41.150002,40.000000,40.000000,1201567,0.000000,0.000000,34.108089,34.108089,33.154884,33.154884
2022-12-06,40.150002,40.150002,39.500000,40.049999,1104807,0.000000,0.000000,33.279212,33.279212,32.740444,33.196323
2022-12-07,40.049999,40.099998,39.700001,39.700001,660474,0.000000,0.000000,33.196327,33.237770,32.906223,32.906223
2022-12-08,39.950001,40.450001,39.750000,40.049999,941745,0.000000,0.000000,33.113437,33.527873,32.947662,33.196323
2022-12-11,40.099998,40.099998,39.650002,39.799999,472613,0.000000,0.000000,33.237766,33.237766,32.864776,32.989105
2022-12-12,39.799999,39.849998,38.849998,39.349998,764587,0.000000,0.000000,32.989109,33.030552,32.201680,32.616116
2022-12-13,39.400002,39.799999,39.250000,39.299999,829244,0.000000,0.000000,32.657558,32.989105,32.533226,32.574669
2022-12-14,39.450001,39.950001,39.349998,39.349998,861155,0.000000,0.000000,32.699005,33.113441,32.616116,32.616116
2022-12-15,39.700001,40.000000,39.349998,39.700001,1197861,0.000000,0.000000,32.906223,33.154884,32.616116,32.906223
2022-12-18,39.950001,40.049999,39.549999,39.900002,596814,0.000000,0.000000,33.113438,33.196324,32.781888,33.071995
2022-12-19,39.900002,39.950001,39.200001,39.400002,538218,0.000000,0.000000,33.071998,33.113441,32.491787,32.657562
2022-12-20,39.400002,39.849998,38.849998,39.750000,642464,0.000000,0.000000,32.657558,33.030548,32.201676,32.947662
2022-12-21,39.950001,40.150002,39.650002,39.950001,566462,0.000000,0.000000,33.113438,33.279213,32.864777,33.113438
2022-12-22,40.099998,40.099998,39.700001,39.750000,522988,0.000000,0.000000,33.237766,33.237766,32.906219,32.947662
2022-12-25,39.750000,39.750000,39.200001,39.200001,583124,0.000000,0.000000,32.947666,32.947666,32.491787,32.491787
2022-12-26,39.599998,39.700001,39.349998,39.500000,512813,0.000000,0.000000,32.823330,32.906219,32.616112,32.740444
2022-12-27,39.500000,39.950001,39.250000,39.950001,625469,0.000000,0.000000,32.740445,33.113438,32.533227,33.113438
2022-12-28,40.000000,41.500000,39.950001,41.500000,1396074,0.000000,0.000000,33.154881,34.398190,33.113439,34.398190
2022-12-29,41.549999,41.750000,41.000000,41.599998,796079,0.000000,0.000000,34.439632,34.605407,33.983753,34.481075
2023-01-01,41.599998,41.599998,41.349998,41.400002,455253,0.000000,0.000000,34.481076,34.481076,34.273858,34.315304
2023-01-02,41.500000,41.900002,41.200001,41.500000,523886,0.000000,0.000000,34.398190,34.729740,34.149529,34.398190
2023-01-03,41.500000,41.500000,41.500000,41.500000,0,0.000000,0.000000,34.398190,34.398190,34.398190,34.398190
2023-01-04,41.650002,41.700001,40.849998,40.849998,879186,0.000000,0.000000,34.522525,34.563968,33.859425,33.859425
2023-01-05,40.799999,40.849998,40.500000,40.849998,645488,0.000000,0.000000,33.817982,33.859425,33.569321,33.859425
2023-01-08,40.900002,41.299999,40.750000,40.900002,622743,0.000000,0.000000,33.900867,34.232414,33.776535,33.900867
2023-01-09,40.900002,41.450001,40.799999,41.450001,901466,0.000000,0.000000,33.900875,34.356754,33.817986,34.356754
2023-01-10,41.500000,41.799999,41.150002,41.500000,983059,0.000000,0.000000,34.398190,34.646851,34.108086,34.398190
2023-01-11,41.500000,42.750000,41.500000,42.400002,1704890,0.000000,0.000000,34.398194,35.434284,34.398194,35.144180
2023-01-12,42.500000,43.750000,42.450001,43.000000,1115370,0.000000,0.000000,35.227063,36.263153,35.185620,35.641499
2023-01-15,43.000000,43.000000,43.000000,43.000000,0,0.000000,0.000000,35.641499,35.641499,35.641499,35.641499
2023-01-16,42.849998,42.849998,42.250000,42.500000,449143,0.000000,0.000000,35.517162,35.517162,35.019840,35.227058
2023-01-17,42.299999,42.450001,41.650002,42.000000,836905,0.000000,0.000000,35.061291,35.185623,34.522526,34.812630
2023-01-18,42.299999,42.450001,41.650002,42.000000,836905,0.000000,0.000000,35.061291,35.185623,34.522526,34.812630
2023-01-19,42.200001,42.799999,41.900002,42.400002,634255,0.000000,0.000000,34.978405,35.475727,34.729744,35.144180
2023-01-22,42.400002,42.400002,42.400002,42.400002,0,0.000000,0.000000,35.144180,35.144180,35.144180,35.144180
2023-01-23,43.549999,44.299999,43.400002,44.299999,930599,0.000000,0.000000,36.097386,36.719040,35.973057,36.719040
2023-01-24,44.299999,44.500000,44.000000,44.450001,430871,0.000000,0.000000,36.719036,36.884812,36.470375,36.843369
2023-01-25,44.450001,44.750000,44.250000,44.750000,394624,0.000000,0.000000,36.843361,37.092022,36.677586,37.092022
2023-01-26,44.750000,45.750000,44.700001,45.450001,987993,0.000000,0.000000,37.092026,37.920898,37.050583,37.672237
2023-01-29,45.700001,45.900002,44.549999,44.750000,557298,0.000000,0.000000,37.879451,38.045226,36.926247,37.092022
2023-01-30,44.599998,44.599998,43.650002,44.549999,720218,0.000000,0.000000,36.967693,36.967693,36.180267,36.926250
2023-01-31,44.500000,44.650002,44.000000,44.299999,538501,0.000000,0.000000,36.884815,37.009147,36.470379,36.719040
2023-02-01,44.000000,44.049999,43.500000,44.049999,451284,0.000000,0.000000,36.470371,36.511814,36.055935,36.511814
2023-02-02,43.750000,43.849998,43.500000,43.650002,301278,0.000000,0.000000,36.263149,36.346035,36.055931,36.180264
2023-02-05,43.599998,43.599998,42.799999,43.450001,320082,0.000000,0.000000,36.138817,36.138817,35.475720,36.014488
2023-02-06,41.599998,43.299999,41.400002,43.049999,1272446,0.000000,0.000000,34.481073,35.890156,34.315301,35.682938
2023-02-07,42.849998,43.200001,42.750000,42.799999,393456,0.000000,0.000000,35.517170,35.807277,35.434284,35.475727
2023-02-08,42.849998,43.650002,42.549999,43.549999,370906,0.000000,0.000000,35.517167,36.180267,35.268506,36.097378
2023-02-09,43.400002,43.400002,42.599998,42.700001,344801,0.000000,0.000000,35.973049,35.973049,35.309948,35.392838
2023-02-12,42.700001,42.700001,42.700001,42.700001,0,0.000000,0.000000,35.392838,35.392838,35.392838,35.392838
2023-02-13,43.150002,43.549999,42.849998,42.849998,280404,0.000000,0.000000,35.765830,36.097377,35.517166,35.517166
2023-02-14,43.000000,43.299999,42.799999,43.150002,232084,0.000000,0.000000,35.641499,35.890160,35.475724,35.765831
2023-02-15,43.200001,43.299999,42.849998,43.000000,273113,0.000000,0.000000,35.807274,35.890160,35.517166,35.641499
2023-02-16,43.099998,44.400002,43.000000,44.400002,601236,0.000000,0.000000,35.724382,36.801918,35.641496,36.801918
2023-02-19,44.799999,44.900002,44.099998,44.500000,491667,0.000000,0.000000,37.133469,37.216358,36.553257,36.884808
2023-02-20,44.500000,44.500000,43.000000,43.049999,350770,0.000000,0.000000,36.884803,36.884803,35.641495,35.682938
2023-02-21,43.000000,43.000000,42.299999,42.299999,266382,0.000000,0.000000,35.641502,35.641502,35.061291,35.061291
2023-02-23,42.400002,42.400002,41.250000,41.349998,476203,0.000000,0.000000,35.144175,35.144175,34.190971,34.273857
2023-02-26,41.349998,41.599998,41.200001,41.500000,229946,0.000000,0.000000,34.273857,34.481075,34.149529,34.398190
2023-02-27,41.700001,42.250000,41.400002,41.849998,433963,0.000000,0.000000,34.563968,35.019847,34.315307,34.688297
2023-02-28,41.849998,42.349998,41.400002,42.000000,703734,0.000000,0.000000,34.688298,35.102734,34.315308,34.812630
2023-03-01,42.099998,42.599998,41.900002,42.049999,500,0.000000,0.000000,34.895516,35.309952,34.729744,34.854073
2023-03-02,42.450001,42.700001,41.799999,41.799999,1000,0.000000,0.000000,35.185619,35.392837,34.646851,34.646851
2023-03-05,42.000000,42.750000,42.000000,42.650002,588,0.000000,0.000000,34.812623,35.434277,34.812623,35.351391
2023-03-06,42.650002,42.650002,42.650002,42.650002,0,0.000000,0.000000,35.351391,35.351391,35.351391,35.351391
2023-03-07,42.650002,42.650002,42.650002,42.650002,0,0.000000,0.000000,35.351391,35.351391,35.351391,35.351391
2023-03-08,42.549999,42.700001,41.950001,42.000000,1200,1.250000,0.000000,36.333375,36.461461,35.821037,35.863731
2023-03-09,42.000000,42.000000,42.000000,42.000000,0,0.000000,0.000000,35.863731,35.863731,35.863731,35.863731
2023-03-12,42.000000,42.150002,41.650002,41.799999,864,0.000000,0.000000,35.863732,35.991818,35.564868,35.692951
2023-03-13,41.799999,41.799999,41.799999,41.799999,0,0.000000,0.000000,35.692951,35.692951,35.692951,35.692951
2023-03-14,41.900002,42.099998,40.900002,40.900002,5204,0.000000,0.000000,35.778345,35.949122,34.924446,34.924446
2023-03-15,41.200001,41.349998,40.349998,40.349998,600,0.000000,0.000000,35.180611,35.308694,34.454796,34.454796
2023-03-16,40.000000,40.450001,39.950001,40.349998,772,0.000000,0.000000,34.155933,34.540188,34.113238,34.454796
2023-03-19,40.349998,40.349998,40.349998,40.349998,0,0.000000,0.000000,34.454796,34.454796,34.454796,34.454796
2023-03-20,40.700001,40.950001,40.400002,40.950001,1127,0.000000,0.000000,34.753666,34.967140,34.497497,34.967140
2023-03-21,41.000000,41.500000,40.849998,41.500000,500,0.000000,0.000000,35.009830,35.436779,34.881744,35.436779
2023-03-22,41.250000,41.599998,40.950001,40.950001,1000,0.000000,0.000000,35.223309,35.522172,34.967140,34.967140
2023-03-23,40.750000,41.150002,40.750000,41.150002,1000,0.000000,0.000000,34.796360,35.137920,34.796360,35.137920
2023-03-26,41.150002,41.150002,41.150002,41.150002,0,0.000000,0.000000,35.137920,35.137920,35.137920,35.137920
2023-03-27,41.150002,41.150002,41.150002,41.150002,0,0.000000,0.000000,35.137920,35.137920,35.137920,35.137920
2023-03-28,41.150002,41.150002,41.150002,41.150002,0,0.000000,0.000000,35.137920,35.137920,35.137920,35.137920
2023-03-29,41.700001,41.750000,41.349998,41.700001,1579,0.000000,0.000000,35.607559,35.650253,35.308693,35.607559
2023-03-30,41.650002,42.349998,41.599998,42.150002,1090,0.000000,0.000000,35.564868,36.162595,35.522171,35.991817
2023-04-02,42.150002,42.150002,42.150002,42.150002,0,0.000000,0.000000,35.991817,35.991817,35.991817,35.991817
2023-04-03,43.200001,43.849998,43.200001,43.599998,518,0.000000,0.000000,36.888412,37.443444,36.888412,37.229969
2023-04-04,43.599998,44.450001,43.349998,44.450001,1000,0.000000,0.000000,37.229972,37.955788,37.016497,37.955788
2023-04-05,44.400002,44.500000,43.599998,43.849998,473,0.000000,0.000000,37.913090,37.998479,37.229969,37.443443
2023-04-06,43.549999,43.549999,43.049999,43.099998,2000,0.000000,0.000000,37.187275,37.187275,36.760326,36.803020
2023-04-09,43.150002,43.299999,43.099998,43.250000,500,0.000000,0.000000,36.845714,36.973797,36.803017,36.931103
2023-04-10,43.799999,43.849998,43.250000,43.299999,480,0.000000,0.000000,37.400746,37.443440,36.931103,36.973797
2023-04-11,43.400002,43.450001,43.000000,43.150002,500,0.000000,0.000000,37.059189,37.101883,36.717629,36.845715
2023-04-12,43.000000,43.049999,42.750000,42.849998,500,0.000000,0.000000,36.717632,36.760327,36.504158,36.589546
2023-04-13,42.950001,43.150002,42.750000,42.900002,4379,0.000000,0.000000,36.674938,36.845719,36.504158,36.632244
2023-04-16,42.900002,43.150002,42.849998,43.000000,1080,0.000000,0.000000,36.632244,36.845718,36.589546,36.717632
2023-04-17,43.099998,43.799999,43.049999,43.450001,2000,0.000000,0.000000,36.803020,37.400750,36.760326,37.101887
2023-04-25,43.900002,45.349998,43.750000,45.349998,725,0.000000,0.000000,37.486139,38.724289,37.358053,38.724289
2023-04-26,45.349998,45.450001,45.000000,45.299999,2884,0.000000,0.000000,38.724293,38.809685,38.425430,38.681599
2023-04-27,45.299999,45.400002,44.650002,44.700001,350,0.000000,0.000000,38.681596,38.766988,38.126564,38.169258
2023-04-30,44.700001,44.700001,44.700001,44.700001,0,0.000000,0.000000,38.169258,38.169258,38.169258,38.169258
2023-05-01,44.700001,44.700001,44.700001,44.700001,0,0.000000,0.000000,38.169258,38.169258,38.169258,38.169258
2023-05-02,43.500000,43.650002,42.750000,43.150002,500,0.000000,0.000000,37.144578,37.272664,36.504154,36.845715
2023-05-03,43.049999,43.099998,42.500000,42.549999,524,0.000000,0.000000,36.760327,36.803021,36.290684,36.333378
2023-05-04,42.500000,42.750000,42.349998,42.450001,602,0.000000,0.000000,36.290688,36.504162,36.162602,36.247993
2023-05-07,42.799999,43.200001,42.750000,43.000000,1000,0.000000,0.000000,36.546852,36.888413,36.504158,36.717632
2023-05-08,43.099998,43.250000,42.799999,42.849998,483,0.000000,0.000000,36.803021,36.931107,36.546852,36.589546
2023-05-09,42.900002,42.950001,42.500000,42.700001,361,0.000000,0.000000,36.632244,36.674939,36.290684,36.461464
2023-05-10,42.700001,43.000000,42.450001,43.000000,1000,0.000000,0.000000,36.461463,36.717632,36.247989,36.717632
2023-05-11,43.000000,43.299999,42.900002,43.200001,1000,0.000000,0.000000,36.717632,36.973801,36.632244,36.888412
2023-05-14,43.450001,43.500000,43.099998,43.099998,1284,0.000000,0.000000,37.101887,37.144581,36.803020,36.803020
2023-05-15,43.099998,43.099998,42.700001,42.700001,610,0.000000,0.000000,36.803021,36.803021,36.461464,36.461464
2023-05-16,42.700001,42.799999,42.400002,42.549999,500,0.000000,0.000000,36.461464,36.546852,36.205295,36.333378
2023-05-17,42.599998,43.049999,42.400002,42.799999,843,0.000000,0.000000,36.376072,36.760327,36.205295,36.546852
2023-05-18,42.900002,43.049999,42.599998,42.849998,381,0.000000,0.000000,36.632244,36.760327,36.376072,36.589546
2023-05-21,42.900002,43.099998,42.599998,42.849998,692,0.000000,0.000000,36.632244,36.803021,36.376072,36.589546
2023-05-22,43.000000,43.099998,42.750000,42.799999,1797,0.000000,0.000000,36.717632,36.803021,36.504158,36.546852
2023-05-23,42.799999,43.650002,42.799999,42.900002,503,0.000000,0.000000,36.546852,37.272668,36.546852,36.632244
2023-05-24,43.250000,43.250000,42.950001,43.150002,694,0.000000,0.000000,36.931103,36.931103,36.674934,36.845715
2023-05-25,43.200001,43.250000,42.849998,42.849998,450,0.000000,0.000000,36.888413,36.931107,36.589546,36.589546
2023-05-28,43.000000,43.150002,42.900002,42.950001,479,0.000000,0.000000,36.717629,36.845715,36.632240,36.674934
2023-05-29,43.049999,43.200001,42.950001,43.000000,500,0.000000,0.000000,36.760327,36.888413,36.674938,36.717632
2023-05-30,43.049999,43.400002,42.799999,42.950001,500,0.000000,0.000000,36.760323,37.059189,36.546848,36.674934
2023-05-31,42.950001,43.049999,42.450001,42.450001,500,0.000000,0.000000,36.674943,36.760331,36.247993,36.247993
2023-06-01,42.500000,42.900002,42.500000,42.500000,2692,0.000000,0.000000,36.290680,36.632241,36.290680,36.290680
2023-06-04,42.849998,43.450001,42.849998,43.250000,500,0.000000,0.000000,36.589542,37.101883,36.589542,36.931103
2023-06-05,43.599998,44.400002,43.599998,44.200001,500,0.000000,0.000000,37.229972,37.913094,37.229972,37.742313
2023-06-06,44.450001,45.500000,44.299999,45.500000,777,0.000000,0.000000,37.955779,38.852371,37.827693,38.852371
2023-06-07,45.599998,46.750000,45.599998,46.750000,1000,0.000000,0.000000,38.937762,39.919746,38.937762,39.919746
2023-06-08,42.500000,42.900002,42.500000,42.500000,2150,0.000000,0.000000,36.290680,36.632241,36.290680,36.290680
2023-06-11,46.849998,47.099998,46.549999,46.549999,700,0.000000,0.000000,40.005139,40.218614,39.748970,39.748970
2023-06-12,46.500000,46.950001,46.150002,46.900002,391,0.000000,0.000000,39.706276,40.090531,39.407413,40.047836
2023-06-13,46.950001,46.950001,45.599998,46.450001,500,0.000000,0.000000,40.090531,40.090531,38.937766,39.663582
2023-06-14,46.450001,46.650002,46.200001,46.549999,713,0.000000,0.000000,39.663581,39.834362,39.450107,39.748970
2023-06-15,46.549999,46.750000,46.349998,46.750000,957,0.000000,0.000000,39.748966,39.919746,39.578186,39.919746
2023-06-18,46.750000,47.299999,46.450001,46.849998,500,0.000000,0.000000,39.919750,40.389393,39.663581,40.005138
2023-06-19,47.349998,47.349998,46.400002,47.099998,879813,0.000000,0.000000,40.432087,40.432087,39.620886,40.218613
2023-06-20,47.099998,47.299999,46.700001,47.200001,827038,0.000000,0.000000,40.218617,40.389397,39.877059,40.304008
2023-06-21,47.299999,47.299999,46.799999,46.799999,441886,0.000000,0.000000,40.389397,40.389397,39.962448,39.962448
2023-06-22,46.799999,47.500000,46.799999,47.450001,677737,0.000000,0.000000,39.962444,40.560173,39.962444,40.517479
2023-07-02,47.700001,48.299999,47.549999,48.299999,543870,0.000000,0.000000,40.730956,41.243294,40.602870,41.243294
2023-07-03,48.299999,48.700001,47.900002,48.299999,861307,0.000000,0.000000,41.243294,41.584854,40.901736,41.243294
2023-07-04,48.299999,48.450001,47.599998,47.849998,581479,0.000000,0.000000,41.243290,41.371376,40.645561,40.859035
2023-07-05,47.500000,47.849998,46.549999,46.549999,1023214,0.000000,0.000000,40.560174,40.859037,39.748970,39.748970
2023-07-06,46.900002,47.500000,46.650002,47.500000,511922,0.000000,0.000000,40.047839,40.560177,39.834364,40.560177
2023-07-09,47.650002,49.500000,47.250000,49.500000,1387705,0.000000,0.000000,40.688260,42.267971,40.346700,42.267971
2023-07-10,49.500000,49.549999,48.099998,48.150002,966737,0.000000,0.000000,42.267973,42.310667,41.072514,41.115211
2023-07-11,48.150002,48.700001,47.650002,47.700001,781864,0.000000,0.000000,41.115212,41.584855,40.688263,40.730957
2023-07-12,47.950001,47.950001,47.299999,47.349998,467391,0.000000,0.000000,40.944428,40.944428,40.389393,40.432087
2023-07-13,47.799999,47.799999,47.000000,47.000000,683054,0.000000,0.000000,40.816346,40.816346,40.133228,40.133228
2023-07-16,47.250000,47.900002,47.049999,47.250000,330288,0.000000,0.000000,40.346695,40.901730,40.175915,40.346695
2023-07-17,47.150002,47.349998,46.650002,47.349998,515489,0.000000,0.000000,40.261310,40.432087,39.834361,40.432087
2023-07-18,47.349998,47.349998,46.549999,47.000000,567301,0.000000,0.000000,40.432091,40.432091,39.748973,40.133228
2023-07-19,45.900002,46.200001,45.549999,45.900002,747146,1.000000,0.000000,40.045979,40.307716,39.740615,40.045979
2023-07-20,45.900002,45.950001,45.099998,45.150002,1076759,0.000000,0.000000,40.045978,40.089601,39.348006,39.391632
2023-07-23,45.150002,45.150002,44.150002,44.700001,771475,0.000000,0.000000,39.391632,39.391632,38.519170,38.999023
2023-07-24,44.750000,46.799999,44.750000,46.700001,1024890,0.000000,0.000000,39.042649,40.831195,39.042649,40.743950
2023-07-25,46.849998,46.900002,46.049999,46.250000,531780,0.000000,0.000000,40.874813,40.918439,40.176844,40.351337
2023-07-26,46.349998,46.900002,45.799999,46.750000,509769,0.000000,0.000000,40.438585,40.918441,39.958732,40.787571
2023-07-27,46.750000,46.950001,46.400002,46.900002,442184,0.000000,0.000000,40.787571,40.962064,40.482211,40.918442
2023-07-30,46.900002,47.500000,46.849998,46.900002,445955,0.000000,0.000000,40.918442,41.441917,40.874816,40.918442
2023-07-31,46.849998,46.950001,45.799999,45.799999,563566,0.000000,0.000000,40.874813,40.962061,39.958729,39.958729
2023-08-01,45.799999,46.150002,45.099998,45.250000,494718,0.000000,0.000000,39.958731,40.264095,39.348007,39.478878
2023-08-02,45.250000,45.950001,44.950001,45.799999,391732,0.000000,0.000000,39.478876,40.089599,39.217138,39.958729
2023-08-03,45.799999,45.950001,45.400002,45.400002,270122,0.000000,0.000000,39.958731,40.089602,39.609749,39.609749
2023-08-06,45.549999,45.599998,44.849998,45.000000,262160,0.000000,0.000000,39.740618,39.784241,39.129895,39.260765
2023-08-07,45.150002,45.500000,43.900002,44.000000,650742,0.000000,0.000000,39.391634,39.696994,38.301057,38.388302
2023-08-08,44.400002,44.400002,42.799999,42.799999,1415155,0.000000,0.000000,38.737287,38.737287,37.341347,37.341347
2023-08-09,42.950001,44.000000,42.700001,43.799999,585247,0.000000,0.000000,37.472215,38.388299,37.254100,38.213806
2023-08-10,43.950001,44.349998,43.799999,44.099998,501640,0.000000,0.000000,38.344681,38.693663,38.213810,38.475548
2023-08-13,44.150002,44.500000,44.000000,44.450001,499602,0.000000,0.000000,38.519173,38.824533,38.388302,38.780910
2023-08-14,44.299999,44.299999,44.049999,44.049999,278943,0.000000,0.000000,38.650046,38.650046,38.431931,38.431931
2023-08-15,44.049999,44.200001,43.500000,43.650002,436765,0.000000,0.000000,38.431922,38.562792,37.952069,38.082939
2023-08-16,43.650002,44.000000,43.299999,43.650002,370505,0.000000,0.000000,38.082939,38.388299,37.777576,38.082939
2023-08-17,43.700001,43.900002,43.599998,43.599998,231495,0.000000,0.000000,38.126566,38.301059,38.039318,38.039318
2023-08-20,43.650002,43.950001,43.599998,43.700001,182680,0.000000,0.000000,38.082942,38.344679,38.039316,38.126564
2023-08-21,43.799999,43.900002,43.500000,43.500000,287995,0.000000,0.000000,38.213806,38.301054,37.952068,37.952068
2023-08-22,42.099998,42.799999,41.900002,42.799999,846190,0.000000,0.000000,36.730623,37.341347,36.556133,37.341347
2023-08-23,42.799999,43.299999,42.700001,43.000000,440711,0.000000,0.000000,37.341349,37.777580,37.254105,37.515842
2023-08-24,43.000000,43.250000,42.700001,42.750000,281569,0.000000,0.000000,37.515841,37.733956,37.254103,37.297726
2023-08-27,43.000000,43.250000,42.849998,43.099998,163149,0.000000,0.000000,37.515840,37.733955,37.384969,37.603085
2023-08-28,42.849998,43.450001,42.849998,43.049999,318843,0.000000,0.000000,37.384974,37.908453,37.384974,37.559467
2023-08-29,43.250000,43.250000,42.799999,42.799999,300882,0.000000,0.000000,37.733955,37.733955,37.341347,37.341347
2023-08-30,42.900002,43.500000,42.849998,43.099998,302401,0.000000,0.000000,37.428595,37.952070,37.384969,37.603085
2023-08-31,43.250000,43.450001,42.299999,42.299999,941444,0.000000,0.000000,37.733956,37.908449,36.905117,36.905117
2023-09-03,42.650002,43.299999,42.549999,43.299999,282296,0.000000,0.000000,37.210482,37.777580,37.123234,37.777580
2023-09-04,43.349998,43.900002,43.299999,43.299999,497058,0.000000,0.000000,37.821203,38.301059,37.777580,37.777580
2023-09-05,43.299999,43.349998,42.200001,42.599998,829191,0.000000,0.000000,37.777579,37.821201,36.817872,37.166855
2023-09-06,42.599998,42.599998,42.150002,42.150002,492766,0.000000,0.000000,37.166855,37.166855,36.774250,36.774250
2023-09-07,42.150002,42.250000,42.000000,42.049999,393719,0.000000,0.000000,36.774248,36.861493,36.643378,36.687000
2023-09-10,42.049999,42.049999,42.049999,42.049999,0,0.000000,0.000000,36.687000,36.687000,36.687000,36.687000
2023-09-11,42.250000,42.900002,42.000000,42.799999,323180,0.000000,0.000000,36.861494,37.428595,36.643378,37.341347
2023-09-12,42.849998,42.849998,42.200001,42.349998,416402,0.000000,0.000000,37.384969,37.384969,36.817871,36.948738
2023-09-13,42.450001,42.500000,42.200001,42.400002,283700,0.000000,0.000000,37.035989,37.079612,36.817874,36.992367
2023-09-14,42.400002,42.450001,41.900002,41.900002,660537,0.000000,0.000000,36.992368,37.035990,36.556137,36.556137
2023-09-17,41.900002,41.900002,41.900002,41.900002,0,0.000000,0.000000,36.556137,36.556137,36.556137,36.556137
2023-09-18,42.099998,42.200001,41.500000,41.650002,374501,0.000000,0.000000,36.730625,36.817873,36.207150,36.338020
2023-09-19,41.700001,41.849998,41.400002,41.750000,351495,0.000000,0.000000,36.381644,36.512511,36.119906,36.425266
2023-09-20,41.750000,41.950001,41.650002,41.950001,230947,0.000000,0.000000,36.425265,36.599758,36.338020,36.599758
2023-09-21,42.000000,42.099998,41.700001,41.750000,343954,0.000000,0.000000,36.643382,36.730626,36.381644,36.425266
2023-09-25,41.950001,41.950001,41.200001,41.200001,334751,0.000000,0.000000,36.599758,36.599758,35.945412,35.945412
2023-09-26,41.400002,41.650002,41.200001,41.250000,376296,0.000000,0.000000,36.119903,36.338019,35.945410,35.989033
2023-09-27,41.349998,41.900002,41.349998,41.599998,294429,0.000000,0.000000,36.076280,36.556137,36.076280,36.294395
2023-09-28,41.799999,42.099998,41.599998,41.599998,317835,0.000000,0.000000,36.468888,36.730626,36.294395,36.294395
2023-10-01,41.599998,41.599998,41.599998,41.599998,0,0.000000,0.000000,36.294395,36.294395,36.294395,36.294395
2023-10-02,41.450001,41.599998,41.200001,41.200001,339269,0.000000,0.000000,36.163527,36.294394,35.945412,35.945412
2023-10-03,41.099998,41.150002,40.500000,40.500000,587394,0.000000,0.000000,35.858158,35.901784,35.334682,35.334682
2023-10-04,40.549999,41.150002,40.000000,40.750000,637206,0.000000,0.000000,35.378310,35.901789,34.898457,35.552803
2023-10-05,40.750000,40.900002,40.400002,40.400002,380226,0.000000,0.000000,35.552804,35.683675,35.247444,35.247444
2023-10-08,40.450001,40.500000,39.849998,40.049999,401892,0.000000,0.000000,35.291060,35.334682,34.767581,34.942074
2023-10-09,40.000000,40.049999,39.549999,39.549999,583470,0.000000,0.000000,34.898452,34.942075,34.505844,34.505844
2023-10-10,39.650002,39.950001,39.500000,39.500000,448467,0.000000,0.000000,34.593094,34.854831,34.462223,34.462223
2023-10-11,39.599998,39.700001,39.000000,39.000000,671646,0.000000,0.000000,34.549469,34.636717,34.025993,34.025993
2023-10-12,39.299999,39.299999,38.650002,38.900002,573647,0.000000,0.000000,34.287730,34.287730,33.720632,33.938747
2023-10-15,39.150002,39.849998,38.950001,39.400002,466535,0.000000,0.000000,34.156866,34.767586,33.982373,34.374981
2023-10-16,39.849998,39.849998,39.400002,39.400002,365117,0.000000,0.000000,34.767586,34.767586,34.374981,34.374981
2023-10-17,39.599998,40.000000,39.400002,39.900002,384247,0.000000,0.000000,34.549473,34.898459,34.374984,34.811214
2023-10-18,39.950001,39.950001,39.000000,39.000000,1129737,0.000000,0.000000,34.854832,34.854832,34.025993,34.025993
2023-10-19,39.000000,39.299999,39.000000,39.099998,342443,0.000000,0.000000,34.025994,34.287732,34.025994,34.113239
2023-10-22,39.150002,39.299999,38.849998,38.950001,249081,0.000000,0.000000,34.156861,34.287729,33.895120,33.982368
2023-10-23,38.950001,39.250000,37.549999,37.650002,941151,0.000000,0.000000,33.982374,34.244112,32.760927,32.848175
2023-10-24,37.650002,37.650002,36.500000,36.700001,967775,0.000000,0.000000,32.848176,32.848176,31.844844,32.019337
2023-10-25,36.849998,37.400002,36.349998,37.250000,1218044,0.000000,0.000000,32.150205,32.630062,31.713975,32.499191
2023-10-26,37.250000,37.400002,36.900002,37.250000,659579,0.000000,0.000000,32.499191,32.630062,32.193831,32.499191
2023-10-29,37.250000,37.750000,36.849998,37.500000,448320,0.000000,0.000000,32.499185,32.935416,32.150199,32.717300
2023-10-30,37.549999,38.000000,37.500000,37.500000,479449,0.000000,0.000000,32.760923,33.153531,32.717300,32.717300
2023-10-31,37.549999,37.950001,37.450001,37.849998,395205,0.000000,0.000000,32.760925,33.109911,32.673681,33.022663
2023-11-01,37.900002,37.950001,37.500000,37.500000,492954,0.000000,0.000000,33.066286,33.109909,32.717300,32.717300
2023-11-02,37.500000,38.349998,37.500000,38.099998,464369,0.000000,0.000000,32.717301,33.458891,32.717301,33.240776
2023-11-05,38.150002,38.599998,37.950001,38.049999,441828,0.000000,0.000000,33.284399,33.677004,33.109906,33.197151
2023-11-06,38.150002,38.400002,37.700001,38.150002,463907,0.000000,0.000000,33.284409,33.502524,32.891800,33.284409
2023-11-07,38.250000,38.349998,37.849998,38.099998,390055,0.000000,0.000000,33.371647,33.458891,33.022661,33.240776
2023-11-08,38.099998,38.099998,37.700001,37.700001,308870,0.000000,0.000000,33.240783,33.240783,32.891800,32.891800
2023-11-09,37.700001,37.849998,37.500000,37.700001,262761,0.000000,0.000000,32.891800,33.022667,32.717307,32.891800
2023-11-12,37.750000,37.900002,37.549999,37.700001,161591,0.000000,0.000000,32.935422,33.066293,32.760929,32.891800
2023-11-13,37.799999,37.799999,37.500000,37.500000,348657,0.000000,0.000000,32.979038,32.979038,32.717300,32.717300
2023-11-14,37.500000,37.700001,37.349998,37.349998,362564,0.000000,0.000000,32.717300,32.891793,32.586430,32.586430
2023-11-15,37.549999,37.900002,37.549999,37.900002,447124,0.000000,0.000000,32.760925,33.066288,32.760925,33.066288
2023-11-16,38.000000,38.400002,37.750000,37.750000,748707,0.000000,0.000000,33.153533,33.502518,32.935417,32.935417
2023-11-19,37.950001,38.349998,37.950001,38.299999,395219,0.000000,0.000000,33.109915,33.458898,33.109915,33.415276
2023-11-20,38.200001,38.549999,38.099998,38.299999,964989,0.000000,0.000000,33.328031,33.633391,33.240783,33.415276
2023-11-21,38.349998,38.450001,37.750000,37.900002,621466,0.000000,0.000000,33.458893,33.546141,32.935417,33.066288
2023-11-22,37.900002,38.000000,37.599998,37.750000,329930,0.000000,0.000000,33.066288,33.153533,32.804547,32.935417
2023-11-23,37.900002,38.000000,37.599998,37.750000,329930,0.000000,0.000000,33.066288,33.153533,32.804547,32.935417
2023-11-26,37.750000,37.849998,37.500000,37.700001,281717,0.000000,0.000000,32.935422,33.022667,32.717307,32.891800
2023-11-27,37.700001,37.849998,37.599998,37.599998,343135,0.000000,0.000000,32.891794,33.022662,32.804546,32.804546
2023-11-28,37.599998,37.799999,37.400002,37.450001,522939,0.000000,0.000000,32.804547,32.979040,32.630057,32.673679
2023-11-29,37.500000,37.700001,37.400002,37.549999,316605,0.000000,0.000000,32.717303,32.891796,32.630058,32.760925
2023-11-30,37.599998,37.750000,37.500000,37.650002,749462,0.000000,0.000000,32.804549,32.935420,32.717304,32.848175
2023-12-03,37.750000,38.099998,37.700001,37.950001,375008,0.000000,0.000000,32.935416,33.240776,32.891794,33.109909
2023-12-04,38.000000,38.200001,37.950001,38.000000,383364,0.000000,0.000000,33.153534,33.328027,33.109912,33.153534
2023-12-05,38.000000,38.099998,37.549999,37.750000,621166,0.000000,0.000000,33.153533,33.240777,32.760924,32.935417
2023-12-06,37.599998,37.650002,37.200001,37.250000,986500,0.000000,0.000000,32.804551,32.848177,32.455569,32.499191
2023-12-07,37.250000,37.349998,37.099998,37.299999,441431,0.000000,0.000000,32.499190,32.586435,32.368319,32.542812
2023-12-10,37.299999,37.549999,37.250000,37.500000,428026,0.000000,0.000000,32.542807,32.760923,32.499185,32.717300
2023-12-11,37.549999,37.950001,37.299999,37.650002,883365,0.000000,0.000000,32.760927,33.109913,32.542812,32.848175
2023-12-12,37.650002,37.849998,37.400002,37.400002,592031,0.000000,0.000000,32.848174,33.022663,32.630058,32.630058
2023-12-13,37.500000,37.500000,37.000000,37.250000,830174,0.000000,0.000000,32.717307,32.717307,32.281076,32.499191
2023-12-14,37.250000,37.400002,36.950001,36.950001,1319319,0.000000,0.000000,32.499187,32.630058,32.237450,32.237450
2023-12-17,37.099998,37.299999,37.049999,37.150002,720315,0.000000,0.000000,32.368320,32.542813,32.324697,32.411945
2023-12-18,37.150002,37.950001,37.150002,37.650002,1282749,0.000000,0.000000,32.411944,33.109913,32.411944,32.848175
2023-12-19,37.700001,38.250000,37.650002,38.099998,1022430,0.000000,0.000000,32.891794,33.371647,32.848171,33.240776
2023-12-20,38.099998,38.299999,37.849998,38.099998,572944,0.000000,0.000000,33.240776,33.415269,33.022661,33.240776
2023-12-21,38.049999,38.099998,37.750000,37.950001,580930,0.000000,0.000000,33.197154,33.240776,32.935416,33.109909
2023-12-24,38.000000,38.099998,37.900002,38.000000,520984,0.000000,0.000000,33.153534,33.240779,33.066289,33.153534
2023-12-25,38.049999,38.299999,38.049999,38.099998,790862,0.000000,0.000000,33.197154,33.415269,33.197154,33.240776
2023-12-26,38.250000,38.500000,38.049999,38.200001,1412320,0.000000,0.000000,33.371648,33.589764,33.197155,33.328026
2023-12-27,38.250000,38.400002,38.049999,38.099998,1143259,0.000000,0.000000,33.371647,33.502517,33.197154,33.240776
2023-12-28,38.099998,38.250000,37.950001,38.000000,1360247,0.000000,0.000000,33.240779,33.371649,33.109912,33.153534
2023-12-31,38.000000,38.200001,38.000000,38.049999,1133330,0.000000,0.000000,33.153529,33.328022,33.153529,33.197151
2024-01-01,38.049999,38.150002,38.000000,38.099998,783452,0.000000,0.000000,33.197154,33.284402,33.153531,33.240776
2024-01-02,38.099998,39.400002,38.049999,39.400002,2675629,0.000000,0.000000,33.240778,34.374981,33.197156,34.374981
2024-01-03,39.549999,39.750000,38.750000,38.849998,2697964,0.000000,0.000000,34.505850,34.680343,33.807882,33.895126
2024-01-04,38.200001,39.200001,38.000000,39.049999,1912504,0.000000,0.000000,33.328027,34.200489,33.153534,34.069618
2024-01-07,39.200001,40.799999,39.200001,40.799999,2493975,0.000000,0.000000,34.200487,35.596424,34.200487,35.596424
2024-01-08,40.799999,41.349998,40.299999,40.299999,1583860,0.000000,0.000000,35.596425,36.076278,35.160194,35.160194
2024-01-09,40.299999,40.650002,39.849998,39.900002,873238,0.000000,0.000000,35.160197,35.465561,34.767589,34.811214
2024-01-10,39.900002,39.950001,38.950001,38.950001,1043009,0.000000,0.000000,34.811207,34.854830,33.982368,33.982368
2024-01-11,38.950001,39.200001,38.349998,38.349998,775000,0.000000,0.000000,33.982372,34.200487,33.458893,33.458893
2024-01-14,38.250000,38.750000,38.000000,38.400002,413112,0.000000,0.000000,33.371647,33.807878,33.153532,33.502518
2024-01-15,38.450001,38.750000,37.849998,37.849998,1062347,0.000000,0.000000,33.546142,33.807880,33.022663,33.022663
2024-01-16,37.849998,38.000000,37.549999,37.750000,641306,0.000000,0.000000,33.022662,33.153533,32.760924,32.935417
2024-01-17,37.900002,38.450001,37.549999,37.650002,984455,0.000000,0.000000,33.066290,33.546144,32.760927,32.848175
2024-01-18,37.700001,37.849998,37.000000,37.650002,1230350,0.000000,0.000000,32.891797,33.022665,32.281074,32.848175
2024-01-21,36.950001,37.750000,36.950001,37.599998,603435,0.000000,0.000000,32.237448,32.935417,32.237448,32.804546
2024-01-22,37.599998,37.599998,37.599998,37.599998,0,0.000000,0.000000,32.804546,32.804546,32.804546,32.804546
2024-01-23,38.349998,38.400002,37.849998,38.049999,330444,0.000000,0.000000,33.458889,33.502515,33.022658,33.197151
2024-01-24,38.049999,38.099998,37.799999,37.950001,314995,0.000000,0.000000,33.197154,33.240776,32.979039,33.109909
2024-01-25,38.000000,38.349998,37.799999,38.349998,572150,0.000000,0.000000,33.153533,33.458893,32.979040,33.458893
2024-01-28,38.500000,39.000000,38.450001,38.650002,499347,0.000000,0.000000,33.589764,34.025995,33.546142,33.720634
2024-01-29,38.700001,39.000000,38.450001,38.799999,519016,0.000000,0.000000,33.764257,34.025994,33.546141,33.851501
2024-01-30,38.900002,39.000000,37.700001,38.000000,1022311,0.000000,0.000000,33.938751,34.025995,32.891796,33.153534
2024-01-31,37.950001,38.799999,37.650002,38.400002,1015609,0.000000,0.000000,33.109909,33.851500,32.848172,33.502518
2024-02-01,38.250000,38.250000,37.799999,37.950001,553415,0.000000,0.000000,33.371647,33.371647,32.979039,33.109909
2024-02-04,37.950001,38.099998,37.650002,37.750000,478131,0.000000,0.000000,33.109910,33.240777,32.848172,32.935417
2024-02-05,37.799999,38.000000,37.700001,38.000000,614087,0.000000,0.000000,32.979041,33.153534,32.891796,33.153534
2024-02-06,37.849998,38.000000,37.599998,38.000000,548917,0.000000,0.000000,33.022663,33.153534,32.804548,33.153534
2024-02-07,38.000000,38.049999,37.750000,38.000000,524389,0.000000,0.000000,33.153534,33.197156,32.935419,33.153534
2024-02-08,38.000000,38.049999,37.750000,38.000000,524389,0.000000,0.000000,33.153534,33.197156,32.935419,33.153534
2024-02-11,37.950001,38.000000,37.750000,37.799999,423655,0.000000,0.000000,33.109913,33.153535,32.935420,32.979042
2024-02-12,37.599998,38.099998,37.549999,38.000000,846031,0.000000,0.000000,32.804548,33.240779,32.760926,33.153534
2024-02-13,37.900002,38.099998,37.849998,38.049999,706675,0.000000,0.000000,33.066284,33.240774,33.022658,33.197151
2024-02-14,38.000000,38.000000,37.750000,37.849998,629304,0.000000,0.000000,33.153534,33.153534,32.935418,33.022663
2024-02-15,37.849998,38.200001,37.799999,38.200001,695888,0.000000,0.000000,33.022662,33.328026,32.979040,33.328026
2024-02-18,38.200001,38.750000,38.200001,38.599998,1195336,0.000000,0.000000,33.328027,33.807880,33.328027,33.677010
2024-02-19,39.000000,40.250000,38.799999,39.200001,2928118,0.000000,0.000000,34.025996,35.116573,33.851503,34.200489
2024-02-20,40.099998,40.099998,38.849998,38.950001,1105348,0.000000,0.000000,34.985697,34.985697,33.895120,33.982368
2024-02-21,39.000000,39.250000,38.650002,39.250000,733978,0.000000,0.000000,34.025995,34.244110,33.720635,34.244110
2024-02-25,39.000000,39.299999,38.849998,39.049999,981239,0.000000,0.000000,34.025996,34.287734,33.895125,34.069618
2024-02-26,38.450001,38.500000,37.900002,38.000000,1093138,0.750000,0.000000,34.203054,34.247530,33.713804,33.802757
2024-02-27,38.000000,38.349998,37.750000,38.150002,520762,0.000000,0.000000,33.802754,34.114094,33.580368,33.936188
2024-02-28,38.150002,38.299999,37.849998,38.150002,441646,0.000000,0.000000,33.936188,34.069618,33.669321,33.936188
2024-02-29,38.099998,38.150002,37.450001,37.450001,1444614,0.000000,0.000000,33.891706,33.936186,33.313503,33.313503
2024-03-03,37.549999,37.799999,37.500000,37.700001,572595,0.000000,0.000000,33.402459,33.624846,33.357983,33.535892
2024-03-04,37.650002,37.799999,37.299999,37.450001,610217,0.000000,0.000000,33.491413,33.624843,33.180070,33.313503
2024-03-05,37.450001,37.450001,37.450001,37.450001,0,0.000000,0.000000,33.313503,33.313503,33.313503,33.313503
2024-03-06,37.599998,37.700001,37.450001,37.599998,735315,0.000000,0.000000,33.446938,33.535894,33.313508,33.446938
2024-03-07,37.599998,37.599998,37.400002,37.549999,498341,0.000000,0.000000,33.446935,33.446935,33.269028,33.402458
2024-03-10,37.599998,38.000000,37.500000,37.799999,724509,0.000000,0.000000,33.446934,33.802754,33.357980,33.624844
2024-03-11,37.799999,38.099998,37.500000,37.650002,630806,0.000000,0.000000,33.624843,33.891706,33.357980,33.491413
2024-03-12,37.650002,38.099998,37.500000,37.950001,855573,0.000000,0.000000,33.491415,33.891708,33.357981,33.758278
2024-03-13,38.000000,38.099998,37.900002,37.900002,1167929,0.000000,0.000000,33.802752,33.891705,33.713799,33.713799
2024-03-14,38.049999,38.299999,37.900002,38.000000,1886432,0.000000,0.000000,33.847234,34.069620,33.713804,33.802757
2024-03-17,38.000000,38.200001,37.950001,38.099998,584629,0.000000,0.000000,33.802755,33.980665,33.758278,33.891708
2024-03-18,38.099998,38.250000,37.950001,38.250000,568716,0.000000,0.000000,33.891709,34.025143,33.758279,34.025143
2024-03-19,38.349998,38.400002,37.799999,37.900002,712300,0.000000,0.000000,34.114092,34.158572,33.624842,33.713799
2024-03-20,37.900002,37.950001,37.700001,37.700001,1003669,0.000000,0.000000,33.713802,33.758279,33.535892,33.535892
2024-03-21,37.950001,38.049999,37.700001,37.799999,847768,0.000000,0.000000,33.758277,33.847230,33.535890,33.624844
2024-03-24,37.799999,37.849998,37.500000,37.599998,368682,0.000000,0.000000,33.624847,33.669324,33.357984,33.446938
2024-03-25,37.599998,37.700001,37.500000,37.500000,437031,0.000000,0.000000,33.446932,33.535889,33.357979,33.357979
2024-03-26,37.500000,37.599998,36.849998,36.849998,847288,0.000000,0.000000,33.357984,33.446937,32.779778,32.779778
2024-03-27,36.900002,37.200001,36.849998,37.000000,342393,0.000000,0.000000,32.824251,33.091114,32.779771,32.913204
2024-03-28,37.000000,37.250000,36.799999,37.250000,460700,0.000000,0.000000,32.913207,33.135593,32.735297,33.135593
2024-03-31,37.250000,38.500000,37.000000,37.750000,1456723,0.000000,0.000000,33.135595,34.247528,32.913208,33.580368
2024-04-01,37.849998,38.299999,37.500000,37.700001,818077,0.000000,0.000000,33.669322,34.069619,33.357983,33.535892
2024-04-02,37.750000,39.549999,37.700001,39.349998,4816979,0.000000,0.000000,33.580367,35.181549,33.535890,35.003639
2024-04-03,39.500000,41.200001,39.299999,40.500000,3253734,0.000000,0.000000,35.137073,36.649302,34.959163,36.026619
2024-04-04,40.549999,41.700001,40.349998,40.549999,2428035,0.000000,0.000000,36.071098,37.094078,35.893188,36.071098
2024-04-15,39.700001,40.150002,39.500000,39.700001,1067687,0.000000,0.000000,35.314983,35.715280,35.137073,35.314983
2024-04-16,39.599998,39.700001,38.000000,38.099998,1584146,0.000000,0.000000,35.226028,35.314984,33.802755,33.891708
2024-04-17,38.099998,38.250000,37.250000,37.250000,1933840,0.000000,0.000000,33.891706,34.025140,33.135593,33.135593
2024-04-18,37.500000,37.900002,37.200001,37.450001,693812,0.000000,0.000000,33.357980,33.713800,33.091117,33.313503
2024-04-21,37.549999,38.099998,37.549999,37.900002,532614,0.000000,0.000000,33.402455,33.891705,33.402455,33.713799
2024-04-22,38.099998,38.150002,37.150002,37.150002,1400473,0.000000,0.000000,33.891712,33.936192,33.046646,33.046646
2024-04-23,37.200001,37.599998,37.000000,37.049999,931414,0.000000,0.000000,33.091121,33.446937,32.913211,32.957687
2024-04-24,37.049999,37.200001,36.500000,36.599998,1148965,0.000000,0.000000,32.957685,33.091118,32.468435,32.557388
2024-04-25,36.799999,37.049999,36.700001,36.700001,624978,0.000000,0.000000,32.735300,32.957687,32.646347,32.646347
2024-04-28,36.700001,36.700001,36.700001,36.700001,0,0.000000,0.000000,32.646347,32.646347,32.646347,32.646347
2024-04-29,39.000000,39.400002,38.250000,39.000000,3144487,0.000000,0.000000,34.692303,35.048123,34.025143,34.692303
2024-04-30,39.000000,39.000000,38.400002,38.750000,1159536,0.000000,0.000000,34.692300,34.692300,34.158574,34.469913
2024-05-01,38.650002,39.400002,38.450001,38.650002,935767,0.000000,0.000000,34.380962,35.048122,34.203052,34.380962
2024-05-02,38.750000,39.150002,38.599998,39.150002,2300567,0.000000,0.000000,34.469917,34.825737,34.336484,34.825737
2024-05-05,39.250000,39.400002,38.500000,38.599998,466809,0.000000,0.000000,34.914689,35.048123,34.247530,34.336483
2024-05-06,38.549999,38.549999,38.049999,38.150002,778620,0.000000,0.000000,34.292004,34.292004,33.847231,33.936188
2024-05-07,38.200001,38.200001,37.599998,37.900002,833371,0.000000,0.000000,33.980662,33.980662,33.446932,33.713799
2024-05-08,37.950001,38.150002,37.599998,38.099998,741472,0.000000,0.000000,33.758278,33.936188,33.446935,33.891708
2024-05-09,38.099998,38.250000,37.650002,37.650002,626472,0.000000,0.000000,33.891706,34.025139,33.491413,33.491413
2024-05-12,37.700001,37.799999,37.099998,37.500000,564043,0.000000,0.000000,33.535889,33.624842,33.002159,33.357979
2024-05-13,37.500000,38.000000,37.400002,37.900002,455095,0.000000,0.000000,33.357979,33.802752,33.269025,33.713799
2024-05-14,37.950001,37.950001,37.250000,37.299999,488406,0.000000,0.000000,33.758279,33.758279,33.135596,33.180073
2024-05-15,37.450001,37.599998,37.200001,37.200001,487703,0.000000,0.000000,33.313504,33.446934,33.091118,33.091118
2024-05-16,37.299999,37.849998,37.299999,37.849998,595048,0.000000,0.000000,33.180073,33.669323,33.180073,33.669323
2024-05-19,37.849998,37.849998,37.849998,37.849998,0,0.000000,0.000000,33.669323,33.669323,33.669323,33.669323
2024-05-20,37.750000,37.750000,37.000000,37.099998,651222,0.000000,0.000000,33.580369,33.580369,32.913210,33.002163
2024-05-21,37.099998,37.349998,36.900002,37.299999,578158,0.000000,0.000000,33.002163,33.224549,32.824256,33.180073
2024-05-22,37.349998,37.400002,37.000000,37.049999,387679,0.000000,0.000000,33.224551,33.269031,32.913211,32.957687
2024-05-23,37.000000,37.200001,36.849998,37.099998,480101,0.000000,0.000000,32.913210,33.091120,32.779776,33.002163
2024-05-26,37.000000,37.200001,36.599998,36.599998,708586,0.000000,0.000000,32.913208,33.091118,32.557388,32.557388
2024-05-27,36.650002,36.700001,35.900002,36.549999,1716808,0.000000,0.000000,32.601869,32.646346,31.934710,32.512913
2024-05-28,36.549999,36.700001,35.849998,35.900002,1510502,0.000000,0.000000,32.512914,32.646348,31.890231,31.934711
2024-05-29,36.049999,36.650002,35.900002,36.549999,986369,0.000000,0.000000,32.068140,32.601869,31.934710,32.512913
2024-05-30,36.549999,36.549999,36.549999,36.549999,0,0.000000,0.000000,32.512913,32.512913,32.512913,32.512913
2024-06-02,36.549999,36.549999,36.549999,36.549999,0,0.000000,0.000000,32.512913,32.512913,32.512913,32.512913
2024-06-03,36.799999,37.500000,36.700001,37.500000,881542,0.000000,0.000000,32.735296,33.357979,32.646343,33.357979
2024-06-04,37.500000,37.549999,36.799999,36.950001,884760,0.000000,0.000000,33.357982,33.402459,32.735299,32.868732
2024-06-05,37.150002,37.150002,36.599998,36.650002,869791,0.000000,0.000000,33.046641,33.046641,32.557388,32.601868
2024-06-06,36.849998,37.049999,36.099998,36.099998,871476,0.000000,0.000000,32.779773,32.957683,32.112614,32.112614
2024-06-09,36.200001,37.099998,36.150002,36.950001,530309,0.000000,0.000000,32.201573,33.002162,32.157096,32.868732
2024-06-10,36.950001,37.150002,36.849998,37.099998,453984,0.000000,0.000000,32.868733,33.046643,32.779776,33.002163
2024-06-11,37.099998,37.400002,37.000000,37.150002,662307,0.000000,0.000000,33.002166,33.269033,32.913213,33.046646
2024-06-12,37.299999,37.299999,36.700001,36.700001,708297,0.000000,0.000000,33.180073,33.180073,32.646347,32.646347
2024-06-13,36.900002,37.000000,36.349998,36.349998,1037398,0.000000,0.000000,32.824252,32.913205,32.334999,32.334999
2024-06-23,37.000000,37.200001,36.849998,37.000000,280307,0.000000,0.000000,32.913204,33.091114,32.779771,32.913204
2024-06-24,37.000000,37.150002,36.849998,36.849998,631579,0.000000,0.000000,32.913211,33.046644,32.779778,32.779778
2024-06-25,36.950001,37.200001,36.900002,36.950001,352886,0.000000,0.000000,32.868732,33.091119,32.824256,32.868732
2024-06-26,36.950001,37.099998,36.549999,36.549999,452853,0.000000,0.000000,32.868733,33.002162,32.512913,32.512913
2024-06-27,36.599998,37.049999,36.599998,36.650002,369099,0.000000,0.000000,32.557388,32.957684,32.557388,32.601868
2024-06-30,36.650002,36.650002,36.650002,36.650002,0,0.000000,0.000000,32.601868,32.601868,32.601868,32.601868
2024-07-01,37.450001,37.599998,37.049999,37.099998,479813,0.000000,0.000000,33.313506,33.446936,32.957686,33.002163
2024-07-02,37.099998,38.250000,37.099998,37.700001,1248589,0.000000,0.000000,33.002163,34.025142,33.002163,33.535892
2024-07-03,37.700001,37.950001,37.450001,37.900002,500848,0.000000,0.000000,33.535889,33.758275,33.313502,33.713799
2024-07-04,37.950001,38.200001,37.750000,37.849998,547686,0.000000,0.000000,33.758280,33.980666,33.580370,33.669323
2024-07-07,37.900002,39.400002,37.849998,39.349998,1301222,0.000000,0.000000,33.713800,35.048119,33.669320,35.003639
2024-07-08,39.349998,39.599998,38.599998,39.299999,1059024,0.000000,0.000000,35.003640,35.226027,34.336481,34.959164
2024-07-09,39.299999,39.299999,38.799999,39.200001,626242,0.000000,0.000000,34.959162,34.959162,34.514389,34.870209
2024-07-10,39.250000,39.250000,38.750000,39.200001,780882,0.000000,0.000000,34.914685,34.914685,34.469912,34.870209
2024-07-11,39.000000,39.150002,38.799999,38.950001,459364,0.000000,0.000000,34.692304,34.825737,34.514394,34.647827
2024-07-14,38.950001,40.500000,38.950001,39.950001,1704020,0.000000,0.000000,34.647826,36.026622,34.647826,35.537373
2024-07-15,40.099998,40.200001,39.549999,39.900002,814057,0.000000,0.000000,35.670800,35.759756,35.181550,35.492893
2024-07-16,39.900002,40.250000,39.750000,40.000000,936482,0.000000,0.000000,35.492899,35.804239,35.359465,35.581852
2024-07-17,40.000000,40.150002,39.700001,39.900002,801375,0.000000,0.000000,35.581846,35.715280,35.314983,35.492893
2024-07-18,39.900002,40.450001,39.799999,40.349998,1247450,0.000000,0.000000,35.492895,35.982145,35.403939,35.893188
2024-07-21,40.299999,40.349998,39.799999,39.900002,838742,0.000000,0.000000,35.848710,35.893186,35.403937,35.492893
2024-07-22,39.849998,39.950001,39.299999,39.750000,866387,0.000000,0.000000,35.448412,35.537369,34.959162,35.359459
2024-07-23,39.750000,39.849998,39.500000,39.849998,536053,0.000000,0.000000,35.359461,35.448414,35.137074,35.448414
2024-07-24,39.900002,39.900002,39.400002,39.400002,647615,0.000000,0.000000,35.492896,35.492896,35.048122,35.048122
2024-07-25,39.400002,39.650002,39.200001,39.549999,596583,0.000000,0.000000,35.048123,35.270510,34.870213,35.181553
2024-07-28,41.000000,41.250000,40.099998,40.400002,2830086,0.000000,0.000000,36.471394,36.693781,35.670801,35.937668
2024-07-29,40.500000,41.000000,40.349998,41.000000,1601548,0.000000,0.000000,36.026620,36.471394,35.893187,36.471394
2024-07-30,40.950001,40.950001,40.200001,40.500000,943174,0.000000,0.000000,36.426915,36.426915,35.759756,36.026619
2024-07-31,40.549999,40.599998,39.900002,40.450001,1120258,0.000000,0.000000,36.071100,36.115577,35.492897,35.982147
2024-08-01,39.250000,39.900002,39.250000,39.849998,1063588,1.000000,0.000000,35.799722,36.392585,35.799722,36.346977
2024-08-04,39.150002,39.200001,38.349998,38.549999,1074501,0.000000,0.000000,35.708514,35.754118,34.978835,35.161255
2024-08-05,38.099998,38.250000,36.799999,37.500000,1816234,0.000000,0.000000,34.750812,34.887627,33.565089,34.203556
2024-08-06,37.150002,38.450001,37.150002,38.000000,1299477,0.000000,0.000000,33.884328,35.070050,33.884328,34.659607
2024-08-07,38.049999,39.000000,38.049999,38.849998,633194,0.000000,0.000000,34.705208,35.571699,34.705208,35.434883
2024-08-08,38.500000,38.900002,37.849998,38.450001,499165,0.000000,0.000000,35.115653,35.480493,34.522790,35.070049
2024-08-11,39.000000,39.049999,38.299999,38.400002,306968,0.000000,0.000000,35.571700,35.617304,34.933233,35.024445
2024-08-12,38.549999,38.900002,38.250000,38.700001,1367973,0.000000,0.000000,35.161257,35.480492,34.887629,35.298073
2024-08-13,38.700001,38.750000,38.299999,38.750000,697666,0.000000,0.000000,35.298073,35.343678,34.933234,35.343678
2024-08-14,38.750000,38.799999,38.450001,38.700001,944778,0.000000,0.000000,35.343677,35.389281,35.070049,35.298073
2024-08-15,38.700001,38.849998,38.450001,38.450001,684262,0.000000,0.000000,35.298073,35.434885,35.070049,35.070049
2024-08-18,38.450001,38.750000,38.450001,38.500000,304791,0.000000,0.000000,35.070050,35.343678,35.070050,35.115654
2024-08-19,38.500000,39.200001,38.450001,39.000000,739314,0.000000,0.000000,35.115654,35.754121,35.070050,35.571701
2024-08-20,39.049999,39.299999,38.650002,38.900002,506243,0.000000,0.000000,35.617300,35.845324,35.252464,35.480488
2024-08-21,38.900002,39.500000,38.849998,39.099998,561104,0.000000,0.000000,35.480494,36.027750,35.434887,35.662910
2024-08-22,39.099998,39.700001,39.099998,39.650002,722867,0.000000,0.000000,35.662907,36.210166,35.662907,36.164562
2024-08-25,39.650002,40.099998,39.450001,39.549999,790773,0.000000,0.000000,36.164561,36.575000,35.982141,36.073349
2024-08-26,39.500000,40.150002,39.400002,40.000000,984308,0.000000,0.000000,36.027748,36.620611,35.936540,36.483795
2024-08-27,40.000000,40.099998,39.599998,39.599998,582402,0.000000,0.000000,36.483793,36.575001,36.118954,36.118954
2024-08-28,39.599998,40.049999,39.599998,39.599998,642394,0.000000,0.000000,36.118954,36.529397,36.118954,36.118954
2024-08-29,39.650002,40.299999,39.549999,40.200001,1653992,0.000000,0.000000,36.164563,36.757422,36.073351,36.666214
2024-09-01,40.349998,40.349998,39.900002,40.150002,942601,0.000000,0.000000,36.803025,36.803025,36.392586,36.620609
2024-09-02,40.150002,40.450001,40.000000,40.400002,913436,0.000000,0.000000,36.620609,36.894237,36.483793,36.848633
2024-09-03,40.299999,40.599998,40.200001,40.250000,557945,0.000000,0.000000,36.757423,37.031051,36.666215,36.711819
2024-09-04,40.000000,40.049999,39.099998,39.599998,622250,0.000000,0.000000,36.483793,36.529397,35.662906,36.118954
2024-09-05,39.500000,40.000000,39.500000,39.849998,603305,0.000000,0.000000,36.027745,36.483793,36.027745,36.346977
2024-09-08,39.200001,40.000000,39.200001,39.849998,551743,0.000000,0.000000,35.754118,36.483793,35.754118,36.346977
2024-09-09,39.849998,40.299999,39.750000,40.000000,491341,0.000000,0.000000,36.346980,36.757423,36.255771,36.483795
2024-09-10,40.000000,40.349998,39.900002,40.099998,297928,0.000000,0.000000,36.483796,36.803028,36.392588,36.575005
2024-09-11,40.000000,40.000000,39.349998,39.349998,524903,0.000000,0.000000,36.483797,36.483797,35.890934,35.890934
2024-09-12,39.349998,40.000000,39.349998,39.799999,354781,0.000000,0.000000,35.890933,36.483796,35.890933,36.301376
2024-09-15,39.799999,40.099998,39.599998,39.599998,158584,0.000000,0.000000,36.301373,36.575001,36.118954,36.118954
2024-09-16,39.750000,39.900002,39.000000,39.150002,422687,0.000000,0.000000,36.255775,36.392590,35.571703,35.708519
2024-09-17,39.099998,39.650002,39.099998,39.599998,295562,0.000000,0.000000,35.662906,36.164561,35.662906,36.118954
2024-09-18,39.400002,40.200001,39.099998,40.000000,408758,0.000000,0.000000,35.936540,36.666215,35.662908,36.483795
2024-09-19,40.099998,40.650002,40.049999,40.650002,833585,0.000000,0.000000,36.575001,37.076656,36.529397,37.076656
2024-09-22,40.750000,40.849998,40.549999,40.849998,254589,0.000000,0.000000,37.167867,37.259075,36.985447,37.259075
2024-09-24,40.849998,42.250000,40.750000,42.250000,1865905,0.000000,0.000000,37.259073,38.536007,37.167865,38.536007
2024-09-25,42.200001,42.500000,41.599998,42.349998,1005413,0.000000,0.000000,38.490404,38.764032,37.943145,38.627216
2024-09-26,42.150002,42.500000,41.750000,42.000000,804533,0.000000,0.000000,38.444803,38.764035,38.079963,38.307987
2024-09-29,41.950001,42.450001,41.750000,42.000000,704577,0.000000,0.000000,38.262383,38.718431,38.079963,38.307987
2024-09-30,41.750000,43.000000,41.750000,42.700001,1357093,0.000000,0.000000,38.079962,39.220081,38.079962,38.946453
2024-10-01,42.700001,42.799999,42.150002,42.700001,521352,0.000000,0.000000,38.946453,39.037661,38.444802,38.946453
2024-10-02,42.700001,42.700001,42.700001,42.700001,0,0.000000,0.000000,38.946453,38.946453,38.946453,38.946453
2024-10-03,42.500000,42.700001,41.150002,42.150002,943705,0.000000,0.000000,38.764029,38.946449,37.532703,38.444798
2024-10-06,42.099998,42.150002,41.000000,41.450001,559994,0.000000,0.000000,38.399195,38.444803,37.395892,37.806335
2024-10-07,41.049999,41.400002,40.700001,41.049999,785131,0.000000,0.000000,37.441494,37.760729,37.122262,37.441494
2024-10-08,41.000000,42.349998,40.750000,42.000000,981738,0.000000,0.000000,37.395892,38.627219,37.167869,38.307987
2024-10-09,41.849998,42.250000,41.849998,42.200001,503112,0.000000,0.000000,38.171167,38.536006,38.171167,38.490402
2024-10-10,42.200001,42.200001,41.549999,41.549999,786049,0.000000,0.000000,38.490404,38.490404,37.897541,37.897541
2024-10-13,41.549999,41.849998,41.450001,41.549999,177361,0.000000,0.000000,37.897541,38.171169,37.806333,37.897541
2024-10-14,41.549999,41.650002,41.000000,41.000000,556408,0.000000,0.000000,37.897541,37.988752,37.395889,37.395889
2024-10-15,41.000000,41.500000,40.750000,41.000000,587206,0.000000,0.000000,37.395889,37.851937,37.167866,37.395889
2024-10-16,41.000000,41.650002,41.000000,41.549999,904878,0.000000,0.000000,37.395890,37.988753,37.395890,37.897541
2024-10-17,41.299999,41.549999,41.150002,41.200001,455617,0.000000,0.000000,37.669516,37.897540,37.532704,37.578308
2024-10-20,41.150002,41.150002,40.400002,40.650002,279433,0.000000,0.000000,37.532704,37.532704,36.848633,37.076656
2024-10-21,40.650002,41.200001,40.599998,41.049999,312576,0.000000,0.000000,37.076658,37.578310,37.031051,37.441494
2024-10-22,41.099998,41.400002,40.400002,40.450001,433849,0.000000,0.000000,37.487101,37.760732,36.848637,36.894241
2024-10-23,40.450001,41.250000,40.299999,41.250000,372316,0.000000,0.000000,36.894238,37.623913,36.757422,37.623913
2024-10-24,41.250000,41.299999,40.700001,40.700001,262537,0.000000,0.000000,37.623913,37.669517,37.122261,37.122261
2024-10-27,41.000000,41.400002,40.599998,40.799999,651751,0.000000,0.000000,37.395890,37.760729,37.031051,37.213470
2024-10-28,40.799999,40.799999,40.150002,40.150002,520780,0.000000,0.000000,37.213469,37.213469,36.620609,36.620609
2024-10-29,40.000000,40.200001,39.650002,40.099998,524156,0.000000,0.000000,36.483796,36.666216,36.164565,36.575005
2024-10-30,39.950001,40.349998,39.950001,40.099998,287242,0.000000,0.000000,36.438192,36.803028,36.438192,36.575005
2024-10-31,39.900002,40.150002,39.700001,39.799999,524537,0.000000,0.000000,36.392588,36.620612,36.210168,36.301376
2024-11-03,39.799999,39.950001,39.299999,39.299999,310306,0.000000,0.000000,36.301373,36.438188,35.845325,35.845325
2024-11-04,39.400002,39.900002,39.250000,39.799999,318638,0.000000,0.000000,35.936540,36.392588,35.799725,36.301376
2024-11-05,39.799999,40.150002,39.400002,39.650002,361841,0.000000,0.000000,36.301374,36.620610,35.936539,36.164562
2024-11-06,39.650002,39.849998,39.400002,39.799999,287265,0.000000,0.000000,36.164564,36.346980,35.936540,36.301376
2024-11-07,39.849998,40.099998,39.549999,39.900002,463151,0.000000,0.000000,36.346978,36.575002,36.073350,36.392586
2024-11-10,39.950001,40.299999,39.950001,40.099998,222659,0.000000,0.000000,36.438192,36.757424,36.438192,36.575005
2024-11-11,40.099998,40.099998,39.549999,39.599998,617479,0.000000,0.000000,36.575001,36.575001,36.073350,36.118954
2024-11-12,39.599998,39.799999,39.500000,39.500000,573599,0.000000,0.000000,36.118952,36.301372,36.027744,36.027744
2024-11-13,39.500000,40.099998,39.500000,40.049999,472060,0.000000,0.000000,36.027745,36.575000,36.027745,36.529396
2024-11-14,40.000000,40.150002,39.700001,39.950001,425194,0.000000,0.000000,36.483795,36.620610,36.210167,36.438190
2024-11-17,39.950001,39.950001,39.950001,39.950001,0,0.000000,0.000000,36.438190,36.438190,36.438190,36.438190
2024-11-18,39.750000,40.500000,39.750000,39.799999,496775,0.000000,0.000000,36.255772,36.939843,36.255772,36.301376
2024-11-19,39.700001,39.849998,38.799999,39.000000,578813,0.000000,0.000000,36.210168,36.346980,35.389281,35.571701
2024-11-20,39.000000,39.250000,38.500000,38.750000,284873,0.000000,0.000000,35.571701,35.799725,35.115654,35.343678
2024-11-21,38.450001,38.450001,37.650002,37.849998,548192,0.000000,0.000000,35.070048,35.070048,34.340373,34.522789
2024-11-24,37.849998,38.000000,37.549999,37.549999,308796,0.000000,0.000000,34.522789,34.659604,34.249161,34.249161
2024-11-25,37.549999,37.950001,37.450001,37.450001,1042975,0.000000,0.000000,34.249163,34.614003,34.157955,34.157955
2024-11-26,37.400002,38.000000,37.400002,37.450001,524120,0.000000,0.000000,34.112351,34.659607,34.112351,34.157955
2024-11-27,37.450001,37.750000,37.099998,37.099998,381003,0.000000,0.000000,34.157954,34.431581,33.838718,33.838718
2024-11-28,37.299999,37.450001,37.150002,37.299999,188091,0.000000,0.000000,34.021137,34.157953,33.884325,34.021137
2024-12-01,37.299999,37.450001,37.150002,37.299999,188091,0.000000,0.000000,34.021137,34.157953,33.884325,34.021137
2024-12-02,37.650002,37.799999,37.299999,37.549999,232484,0.000000,0.000000,34.340372,34.477184,34.021137,34.249161
2024-12-03,37.450001,37.650002,37.250000,37.549999,256553,0.000000,0.000000,34.157953,34.340372,33.975533,34.249161
2024-12-04,37.500000,37.650002,37.299999,37.500000,195875,0.000000,0.000000,34.203556,34.340372,34.021136,34.203556
2024-12-05,37.650002,37.950001,37.349998,37.950001,416199,0.000000,0.000000,34.340374,34.614002,34.066743,34.614002
2024-12-08,38.000000,38.400002,37.650002,37.650002,313692,0.000000,0.000000,34.659606,35.024445,34.340374,34.340374
2024-12-09,37.750000,38.099998,37.650002,37.900002,452994,0.000000,0.000000,34.431582,34.750814,34.340374,34.568398
2024-12-10,38.000000,38.549999,38.000000,38.450001,345222,0.000000,0.000000,34.659606,35.161257,34.659606,35.070049
2024-12-11,38.450001,39.049999,38.099998,38.349998,532155,0.000000,0.000000,35.070048,35.617303,34.750812,34.978836
2024-12-12,38.450001,38.599998,37.849998,37.849998,369792,0.000000,0.000000,35.070048,35.206860,34.522789,34.522789
2024-12-15,37.849998,38.200001,37.849998,38.200001,87867,0.000000,0.000000,34.522787,34.842022,34.522787,34.842022
2024-12-16,37.950001,38.099998,37.650002,37.750000,257852,0.000000,0.000000,34.613999,34.750811,34.340371,34.431580
2024-12-17,37.750000,37.799999,37.400002,37.500000,355444,0.000000,0.000000,34.431580,34.477184,34.112348,34.203556
2024-12-18,37.450001,37.500000,37.000000,37.000000,583768,0.000000,0.000000,34.157952,34.203556,33.747509,33.747509
2024-12-19,37.000000,37.299999,36.700001,37.299999,517675,0.000000,0.000000,33.747509,34.021137,33.473882,34.021137
2024-12-22,37.099998,37.500000,36.849998,36.950001,309624,0.000000,0.000000,33.838716,34.203556,33.610693,33.701904
2024-12-23,36.950001,37.250000,36.650002,37.250000,226781,0.000000,0.000000,33.701905,33.975533,33.428277,33.975533
2024-12-24,37.150002,37.450001,37.000000,37.250000,242390,0.000000,0.000000,33.884324,34.157952,33.747509,33.975533
2024-12-25,37.200001,37.400002,37.150002,37.250000,107678,0.000000,0.000000,33.929928,34.112348,33.884324,33.975533
2024-12-26,37.250000,37.450001,37.200001,37.299999,120975,0.000000,0.000000,33.975533,34.157953,33.929929,34.021137
2024-12-29,37.500000,37.650002,37.299999,37.599998,425314,0.000000,0.000000,34.203557,34.340373,34.021138,34.294765
2024-12-30,37.799999,38.299999,37.799999,37.900002,467571,0.000000,0.000000,34.477186,34.933233,34.477186,34.568398
2024-12-31,38.099998,38.150002,37.799999,37.799999,165930,0.000000,0.000000,34.750812,34.796420,34.477184,34.477184
2025-01-01,37.799999,37.900002,37.450001,37.700001,285487,0.000000,0.000000,34.477187,34.568398,34.157955,34.385979
2025-01-02,37.599998,37.650002,36.849998,36.950001,722510,0.000000,0.000000,34.294764,34.340371,33.610693,33.701904
2025-01-05,37.150002,37.150002,36.799999,36.849998,279519,0.000000,0.000000,33.884330,33.884330,33.565095,33.610699
2025-01-06,36.900002,36.950001,36.799999,36.849998,404534,0.000000,0.000000,33.656306,33.701910,33.565095,33.610699
2025-01-07,36.849998,36.950001,36.700001,36.799999,392593,0.000000,0.000000,33.610698,33.701910,33.473886,33.565094
2025-01-08,36.799999,37.150002,36.700001,36.750000,533306,0.000000,0.000000,33.565090,33.884325,33.473881,33.519485
2025-01-09,36.750000,36.750000,36.750000,36.750000,0,0.000000,0.000000,33.519485,33.519485,33.519485,33.519485
2025-01-12,36.799999,37.400002,36.799999,37.299999,520260,0.000000,0.000000,33.565090,34.112349,33.565090,34.021137
2025-01-13,37.599998,38.150002,37.400002,37.400002,939736,0.000000,0.000000,34.294767,34.796422,34.112350,34.112350
2025-01-14,37.500000,37.750000,37.349998,37.549999,456324,0.000000,0.000000,34.203557,34.431580,34.066741,34.249161
2025-01-15,37.549999,37.750000,37.200001,37.200001,561458,0.000000,0.000000,34.249160,34.431579,33.929928,33.929928
2025-01-16,37.349998,37.650002,37.250000,37.500000,446667,0.000000,0.000000,34.066740,34.340372,33.975532,34.203556
2025-01-19,37.500000,37.900002,37.500000,37.799999,313363,0.000000,0.000000,34.203557,34.568396,34.203557,34.477184
2025-01-20,37.799999,37.950001,37.650002,37.900002,351242,0.000000,0.000000,34.477186,34.614002,34.340374,34.568398
2025-01-21,37.900002,37.900002,37.599998,37.799999,351933,0.000000,0.000000,34.568396,34.568396,34.294765,34.477184
2025-01-22,37.799999,37.849998,37.450001,37.450001,581055,0.000000,0.000000,34.477187,34.522791,34.157955,34.157955
2025-01-23,37.450001,37.700001,37.349998,37.650002,422880,0.000000,0.000000,34.157954,34.385978,34.066743,34.340374
2025-01-26,37.650002,37.950001,37.599998,37.950001,301589,0.000000,0.000000,34.340374,34.614002,34.294767,34.614002
2025-01-27,37.950001,38.049999,37.650002,37.700001,292733,0.000000,0.000000,34.614002,34.705211,34.340375,34.385979
2025-01-28,37.700001,37.700001,37.700001,37.700001,0,0.000000,0.000000,34.385979,34.385979,34.385979,34.385979
2025-01-29,37.599998,37.799999,37.450001,37.650002,261359,0.000000,0.000000,34.294766,34.477186,34.157954,34.340374
2025-01-30,37.500000,37.650002,37.299999,37.500000,515091,0.000000,0.000000,34.203556,34.340372,34.021136,34.203556
2025-02-02,37.500000,37.650002,37.000000,37.000000,406872,0.000000,0.000000,34.203556,34.340372,33.747509,33.747509
2025-02-03,37.099998,37.200001,36.900002,37.150002,387604,0.000000,0.000000,33.838719,33.929931,33.656303,33.884327
2025-02-04,37.150002,37.500000,37.049999,37.500000,243800,0.000000,0.000000,33.884324,34.203556,33.793113,34.203556
2025-02-05,37.450001,37.500000,37.250000,37.299999,263992,0.000000,0.000000,34.157953,34.203557,33.975533,34.021137
2025-02-06,37.349998,37.400002,37.200001,37.349998,283023,0.000000,0.000000,34.066742,34.112349,33.929930,34.066742
2025-02-09,37.450001,37.450001,37.150002,37.250000,339348,0.000000,0.000000,34.157952,34.157952,33.884324,33.975533
2025-02-10,37.349998,37.349998,37.049999,37.049999,572402,0.000000,0.000000,34.066741,34.066741,33.793114,33.793114
2025-02-11,37.250000,37.250000,36.950001,37.200001,384451,0.000000,0.000000,33.975532,33.975532,33.701904,33.929928
2025-02-12,37.099998,37.200001,37.000000,37.150002,248995,0.000000,0.000000,33.838719,33.929931,33.747511,33.884327
2025-02-13,37.049999,37.200001,37.049999,37.099998,166823,0.000000,0.000000,33.793114,33.929930,33.793114,33.838718
2025-02-16,37.200001,37.250000,37.049999,37.150002,214383,0.000000,0.000000,33.929931,33.975535,33.793115,33.884327
2025-02-17,37.150002,37.150002,36.950001,37.049999,351704,0.000000,0.000000,33.884325,33.884325,33.701906,33.793114
2025-02-18,37.000000,37.150002,36.900002,37.049999,340100,0.000000,0.000000,33.747510,33.884325,33.656302,33.793114
2025-02-19,37.049999,37.049999,37.049999,37.049999,0,0.000000,0.000000,33.793114,33.793114,33.793114,33.793114
2025-02-20,37.000000,37.400002,36.950001,37.400002,460904,0.000000,0.000000,33.747511,34.112350,33.701907,34.112350
2025-02-24,37.500000,37.599998,37.299999,37.450001,682818,0.000000,0.000000,34.203559,34.294767,34.021140,34.157955
2025-02-25,37.000000,37.000000,36.400002,36.799999,1129965,0.000000,0.000000,33.747514,33.747514,33.200258,33.565094
2025-02-26,36.000000,36.049999,35.049999,35.250000,1079727,1.000000,0.000000,33.752606,33.799484,32.861912,33.049427
2025-02-27,35.250000,35.299999,34.849998,34.950001,773003,0.000000,0.000000,33.049429,33.096307,32.674399,32.768158
2025-03-02,34.950001,34.950001,34.150002,34.500000,547552,0.000000,0.000000,32.768157,32.768157,32.018100,32.346249
2025-03-03,34.450001,34.700001,33.799999,34.250000,589623,0.000000,0.000000,32.299370,32.533763,31.689946,32.111855
2025-03-04,34.250000,34.250000,33.599998,33.599998,749607,0.000000,0.000000,32.111857,32.111857,31.502434,31.502434
2025-03-05,33.650002,34.500000,33.599998,34.049999,446608,0.000000,0.000000,31.549314,32.346250,31.502433,31.924341
2025-03-06,34.099998,34.400002,33.750000,33.900002,591071,0.000000,0.000000,31.971218,32.252493,31.643069,31.783707
2025-03-09,33.950001,34.200001,33.900002,34.200001,423397,0.000000,0.000000,31.830586,32.064980,31.783709,32.064980
2025-03-10,34.200001,34.450001,33.750000,34.450001,540086,0.000000,0.000000,32.064977,32.299370,31.643068,32.299370
2025-03-11,34.299999,34.349998,33.750000,34.299999,559907,0.000000,0.000000,32.158733,32.205611,31.643069,32.158733
2025-03-12,34.049999,34.349998,33.650002,33.750000,436371,0.000000,0.000000,31.924341,32.205612,31.549314,31.643070
2025-03-13,33.750000,33.900002,33.500000,33.599998,439580,0.000000,0.000000,31.643071,31.783708,31.408678,31.502434
2025-03-16,33.599998,34.400002,33.200001,34.250000,532421,0.000000,0.000000,31.502431,32.252492,31.127404,32.111855
2025-03-17,34.250000,34.750000,34.200001,34.450001,390531,0.000000,0.000000,32.111855,32.580641,32.064977,32.299370
2025-03-18,34.599998,34.599998,33.500000,33.500000,499776,0.000000,0.000000,32.440006,32.440006,31.408678,31.408678
2025-03-19,33.450001,33.650002,33.000000,33.049999,534404,0.000000,0.000000,31.361799,31.549314,30.939891,30.986769
2025-03-20,33.049999,33.049999,33.049999,33.049999,0,0.000000,0.000000,30.986769,30.986769,30.986769,30.986769
2025-03-23,32.950001,33.250000,32.700001,33.099998,530422,0.000000,0.000000,30.893014,31.174285,30.658621,31.033648
2025-03-24,33.150002,33.299999,32.950001,33.299999,368820,0.000000,0.000000,31.080529,31.221163,30.893014,31.221163
2025-03-25,33.299999,33.849998,33.299999,33.299999,525019,0.000000,0.000000,31.221163,31.736827,31.221163,31.221163
2025-03-26,33.650002,34.000000,33.500000,33.950001,570031,0.000000,0.000000,31.549314,31.877463,31.408677,31.830585
2025-03-27,34.000000,34.700001,33.900002,34.700001,483835,0.000000,0.000000,31.877462,32.533764,31.783707,32.533764
2025-04-03,34.700001,34.700001,33.750000,33.750000,411728,0.000000,0.000000,32.533765,32.533765,31.643070,31.643070
2025-04-06,32.000000,32.450001,30.850000,30.850000,701753,0.000000,0.000000,30.002316,30.424225,28.924109,28.924109
2025-04-07,30.850000,31.600000,30.000000,31.150000,892829,0.000000,0.000000,28.924108,29.627288,28.127172,29.205379
2025-04-08,31.400000,32.049999,31.350000,31.600000,609970,0.000000,0.000000,29.439774,30.049195,29.392896,29.627289
2025-04-09,31.549999,32.900002,31.500000,31.900000,926752,0.000000,0.000000,29.580409,30.846134,29.533531,29.908560
2025-04-10,31.900000,31.900000,31.900000,31.900000,0,0.000000,0.000000,29.908560,29.908560,29.908560,29.908560
2025-04-13,33.400002,34.150002,33.299999,34.000000,442708,0.000000,0.000000,31.314920,32.018100,31.221161,31.877462
2025-04-14,34.150002,34.349998,33.750000,33.799999,411904,0.000000,0.000000,32.018102,32.205613,31.643071,31.689949
2025-04-15,33.849998,34.150002,33.549999,33.799999,562734,0.000000,0.000000,31.736827,32.018102,31.455556,31.689949
2025-04-16,33.650002,33.700001,33.150002,33.450001,278340,0.000000,0.000000,31.549314,31.596192,31.080528,31.361799
2025-04-17,33.450001,33.450001,33.450001,33.450001,0,0.000000,0.000000,31.361799,31.361799,31.361799,31.361799
2025-04-20,33.549999,33.750000,33.349998,33.349998,141211,0.000000,0.000000,31.455555,31.643070,31.268040,31.268040
2025-04-21,33.400002,33.450001,33.000000,33.000000,158698,0.000000,0.000000,31.314922,31.361800,30.939892,30.939892
2025-04-22,33.099998,33.299999,32.700001,32.950001,278422,0.000000,0.000000,31.033647,31.221162,30.658620,30.893013
2025-04-23,33.000000,33.349998,33.000000,33.200001,255429,0.000000,0.000000,30.939892,31.268041,30.939892,31.127407
2025-04-24,33.099998,33.950001,33.049999,33.950001,613372,0.000000,0.000000,31.033647,31.830585,30.986769,31.830585
2025-04-27,33.549999,33.549999,33.000000,33.049999,452104,0.000000,0.000000,31.455555,31.455555,30.939891,30.986769
2025-04-28,33.150002,33.150002,32.450001,32.500000,598631,0.000000,0.000000,31.080527,31.080527,30.424226,30.471104
2025-04-29,32.599998,32.599998,32.099998,32.099998,375965,0.000000,0.000000,30.564859,30.564859,30.096073,30.096073
2025-04-30,32.150002,32.750000,31.799999,31.950001,579534,0.000000,0.000000,30.142954,30.705496,29.814801,29.955439
2025-05-01,32.000000,32.000000,31.600000,31.750000,265196,0.000000,0.000000,30.002316,30.002316,29.627288,29.767923
2025-05-04,31.750000,31.799999,31.250000,31.250000,355220,0.000000,0.000000,29.767923,29.814801,29.299137,29.299137
2025-05-05,31.250000,31.500000,31.049999,31.250000,377761,0.000000,0.000000,29.299137,29.533530,29.111622,29.299137
2025-05-06,31.200001,31.350000,31.049999,31.150000,296470,0.000000,0.000000,29.252259,29.392895,29.111622,29.205379
2025-05-07,31.100000,31.350000,30.950001,31.299999,267292,0.000000,0.000000,29.158503,29.392896,29.017867,29.346016
2025-05-08,31.450001,31.450001,30.650000,30.650000,333993,0.000000,0.000000,29.486652,29.486652,28.736593,28.736593
2025-05-11,30.650000,31.049999,30.450001,30.600000,229247,0.000000,0.000000,28.736594,29.111623,28.549081,28.689716
2025-05-12,30.700001,31.450001,30.700001,31.200001,503816,0.000000,0.000000,28.783474,29.486653,28.783474,29.252260
2025-05-13,31.400000,31.400000,30.700001,30.950001,435231,0.000000,0.000000,29.439773,29.439773,28.783473,29.017866
2025-05-14,31.000000,31.250000,30.900000,31.000000,398104,0.000000,0.000000,29.064745,29.299138,28.970987,29.064745
2025-05-15,30.950001,31.100000,30.650000,30.850000,341888,0.000000,0.000000,29.017866,29.158502,28.736593,28.924109
2025-05-18,30.850000,30.850000,30.850000,30.850000,0,0.000000,0.000000,28.924109,28.924109,28.924109,28.924109
2025-05-19,30.799999,31.049999,30.400000,30.650000,355457,0.000000,0.000000,28.877229,29.111622,28.502200,28.736593
2025-05-20,30.600000,30.700001,30.299999,30.450001,290065,0.000000,0.000000,28.689715,28.783473,28.408443,28.549080
2025-05-21,30.500000,30.700001,30.049999,30.049999,301631,0.000000,0.000000,28.595958,28.783473,28.174049,28.174049
2025-05-22,30.150000,30.200001,30.000000,30.000000,543579,0.000000,0.000000,28.267808,28.314688,28.127172,28.127172
2025-05-25,30.000000,30.000000,29.600000,29.750000,282647,0.000000,0.000000,28.127171,28.127171,27.752143,27.892778
2025-05-26,29.850000,29.900000,29.400000,29.799999,603160,0.000000,0.000000,27.986537,28.033415,27.564629,27.939657
2025-05-27,29.850000,29.950001,29.250000,29.450001,363646,0.000000,0.000000,27.986536,28.080294,27.423992,27.611507
2025-05-28,29.500000,29.799999,29.350000,29.549999,730436,0.000000,0.000000,27.658385,27.939656,27.517750,27.705263
2025-05-29,29.600000,29.799999,29.350000,29.799999,1759528,0.000000,0.000000,27.752144,27.939657,27.517751,27.939657
2025-06-01,29.700001,29.700001,29.299999,29.400000,253555,0.000000,0.000000,27.845901,27.845901,27.470871,27.564629
2025-06-02,29.400000,29.650000,29.299999,29.650000,308408,0.000000,0.000000,27.564628,27.799021,27.470870,27.799021
2025-06-03,29.650000,30.100000,29.500000,30.100000,642265,0.000000,0.000000,27.799022,28.220930,27.658386,28.220930
2025-06-04,30.350000,30.450001,29.600000,29.700001,724894,0.000000,0.000000,28.455323,28.549081,27.752144,27.845901
2025-06-11,30.000000,30.400000,29.500000,29.500000,957216,0.000000,0.000000,28.127172,28.502201,27.658386,27.658386
2025-06-12,29.500000,29.500000,28.700001,29.150000,756226,0.000000,0.000000,27.658385,27.658385,26.908328,27.330235
2025-06-15,28.500000,29.549999,28.250000,28.900000,470562,0.000000,0.000000,26.720814,27.705264,26.486421,27.095842
2025-06-16,28.950001,29.850000,28.950001,29.500000,470616,0.000000,0.000000,27.142722,27.986537,27.142722,27.658386
2025-06-17,29.500000,29.850000,29.100000,29.100000,478188,0.000000,0.000000,27.658386,27.986537,27.283358,27.283358
2025-06-18,29.049999,29.100000,28.600000,28.799999,407946,0.000000,0.000000,27.236478,27.283358,26.814571,27.002085
2025-06-19,28.850000,29.500000,28.549999,29.500000,1095092,0.000000,0.000000,27.048965,27.658386,26.767692,27.658386
2025-06-22,29.450001,29.750000,28.799999,28.799999,399147,0.000000,0.000000,27.611508,27.892779,27.002085,27.002085
2025-06-23,28.850000,29.250000,28.799999,28.900000,481087,0.000000,0.000000,27.048964,27.423993,27.002085,27.095842
2025-06-24,29.250000,29.600000,28.900000,29.350000,816125,0.000000,0.000000,27.423992,27.752143,27.095841,27.517750
2025-06-25,29.400000,29.750000,29.299999,29.549999,489133,0.000000,0.000000,27.564628,27.892778,27.470870,27.705263
2025-06-26,29.549999,30.250000,29.450001,29.900000,754460,0.000000,0.000000,27.705264,28.361566,27.611508,28.033415
2025-06-29,29.980000,30.420000,29.879999,30.379999,427268,0.000000,0.000000,28.108419,28.520952,28.014662,28.483448
2025-06-30,30.379999,30.520000,30.160000,30.200001,374032,0.000000,0.000000,28.483449,28.614711,28.277184,28.314688
2025-07-01,30.200001,30.459999,30.139999,30.299999,298848,0.000000,0.000000,28.314688,28.558455,28.258432,28.408443
2025-07-02,30.299999,30.379999,30.120001,30.180000,435652,0.000000,0.000000,28.408442,28.483448,28.239681,28.295935
2025-07-03,30.160000,30.639999,30.160000,30.600000,638713,0.000000,0.000000,28.277184,28.727218,28.277184,28.689716
2025-07-06,30.600000,30.620001,30.260000,30.459999,325670,0.000000,0.000000,28.689716,28.708468,28.370941,28.558455
2025-07-07,30.459999,30.500000,30.200001,30.219999,417743,0.000000,0.000000,28.558456,28.595960,28.314689,28.333439
2025-07-08,30.219999,30.219999,30.020000,30.059999,362350,0.000000,0.000000,28.333437,28.333437,28.145924,28.183426
2025-07-09,30.080000,30.100000,29.820000,30.040001,285669,0.000000,0.000000,28.202177,28.220929,27.958408,28.164675
2025-07-10,30.040001,30.200001,29.940001,29.940001,320789,0.000000,0.000000,28.164675,28.314686,28.070917,28.070917
2025-07-13,30.000000,30.080000,29.600000,29.700001,302202,0.000000,0.000000,28.127172,28.202178,27.752144,27.845901
2025-07-14,29.600000,29.680000,29.320000,29.639999,372877,0.000000,0.000000,27.752142,27.827148,27.489621,27.789644
2025-07-15,29.639999,29.760000,29.420000,29.700001,380698,0.000000,0.000000,27.789646,27.902155,27.583381,27.845901
2025-07-16,29.700001,29.879999,29.400000,29.400000,361729,0.000000,0.000000,27.845901,28.014663,27.564629,27.564629
2025-07-17,29.400000,29.400000,29.400000,29.400000,0,0.000000,0.000000,27.564629,27.564629,27.564629,27.564629
2025-07-20,29.500000,29.680000,29.000000,29.280001,264528,0.000000,0.000000,27.658385,27.827148,27.189599,27.452120
2025-07-21,29.120001,29.160000,28.760000,29.059999,299883,0.000000,0.000000,27.302109,27.339611,26.964582,27.245853
2025-07-22,29.040001,29.040001,28.280001,28.600000,341116,0.000000,0.000000,27.227104,27.227104,26.514548,26.814571
2025-07-23,28.480000,28.719999,28.400000,28.680000,325744,0.000000,0.000000,26.702061,26.927078,26.627055,26.889576
2025-07-24,28.740000,29.180000,28.559999,29.160000,413512,0.000000,0.000000,26.945831,27.358363,26.777067,27.339611
2025-07-27,29.420000,30.200001,29.420000,30.000000,473584,0.000000,0.000000,27.583381,28.314688,27.583381,28.127172
2025-07-28,29.900000,30.500000,29.900000,30.440001,903614,0.000000,0.000000,28.033413,28.595957,28.033413,28.539703
2025-07-29,30.379999,30.680000,30.200001,30.500000,524221,0.000000,0.000000,28.483449,28.764722,28.314688,28.595959
2025-07-30,30.500000,30.620001,30.160000,30.559999,248661,0.000000,0.000000,28.595958,28.708468,28.277184,28.652212
2025-07-31,30.559999,30.660000,29.940001,30.500000,492835,0.000000,0.000000,28.652213,28.745970,28.070919,28.595959
2025-08-03,30.219999,30.320000,29.940001,30.040001,226871,0.000000,0.000000,28.333436,28.427194,28.070917,28.164675
2025-08-04,30.000000,30.240000,29.959999,30.040001,274409,0.000000,0.000000,28.127171,28.352188,28.089667,28.164675
2025-08-05,30.120001,31.440001,30.120001,31.340000,750520,0.000000,0.000000,28.239681,29.477276,28.239681,29.383518
2025-08-06,31.340000,32.480000,31.299999,32.080002,933249,0.000000,0.000000,29.383519,30.452351,29.346015,30.077324
2025-08-07,32.000000,32.200001,31.740000,32.160000,719684,0.000000,0.000000,30.002317,30.189832,29.758548,30.152328
2025-08-10,32.160000,32.480000,32.020000,32.259998,209663,0.000000,0.000000,30.152328,30.452351,30.021069,30.246084
2025-08-11,32.279999,32.279999,31.820000,31.820000,419886,0.000000,0.000000,30.264836,30.264836,29.833553,29.833553
2025-08-12,31.760000,31.920000,31.420000,31.639999,258951,0.000000,0.000000,29.777299,29.927310,29.458524,29.664789
2025-08-13,31.680000,31.799999,31.400000,31.420000,193682,0.000000,0.000000,29.702294,29.814801,29.439773,29.458525
2025-08-14,31.440001,31.980000,31.440001,31.980000,327647,0.000000,0.000000,29.477276,29.983564,29.477276,29.983564
2025-08-17,32.000000,32.180000,31.820000,32.139999,414911,0.000000,0.000000,30.002316,30.171079,29.833553,30.133575
2025-08-18,32.139999,32.340000,31.900000,32.240002,638958,0.000000,0.000000,30.133576,30.321091,29.908558,30.227335
2025-08-19,32.240002,32.520000,31.879999,32.099998,625388,0.000000,0.000000,30.227336,30.489855,29.889808,30.096073
2025-08-20,32.139999,32.599998,31.920000,32.380001,773721,0.000000,0.000000,30.133576,30.564858,29.927311,30.358595
2025-08-21,32.220001,33.840000,32.220001,33.700001,1598477,0.000000,0.000000,30.208586,31.727453,30.208586,31.596193
2025-08-24,33.700001,35.240002,33.700001,35.139999,2184925,0.000000,0.000000,31.596190,33.040052,31.596190,32.946293
2025-08-25,34.119999,34.340000,33.020000,33.439999,1497849,1.000000,0.000000,32.926991,33.139300,31.865454,32.270767
2025-08-26,33.200001,33.860001,33.139999,33.220001,1279039,0.000000,0.000000,32.039163,32.676086,31.981259,32.058464
2025-08-27,33.139999,33.459999,33.139999,33.299999,516113,0.000000,0.000000,31.981257,32.290068,31.981257,32.135662
2025-08-28,33.320000,33.540001,32.860001,32.860001,641818,0.000000,0.000000,32.154965,32.367274,31.711050,31.711050
2025-08-31,32.860001,32.860001,32.400002,32.580002,302403,0.000000,0.000000,31.711050,31.711050,31.267135,31.440842
2025-09-01,32.580002,32.759998,32.180000,32.299999,340937,0.000000,0.000000,31.440840,31.614543,31.054824,31.170628
2025-09-02,32.160000,32.299999,31.840000,32.119999,515247,0.000000,0.000000,31.035524,31.170628,30.726713,30.996922
2025-09-03,32.139999,32.779999,32.139999,32.520000,239173,0.000000,0.000000,31.016222,31.633844,31.016222,31.382936
2025-09-04,32.500000,32.700001,31.920000,32.080002,371802,0.000000,0.000000,31.363635,31.556643,30.803915,30.958323
2025-09-07,32.040001,32.259998,32.000000,32.020000,135603,0.000000,0.000000,30.919720,31.132026,30.881118,30.900419
2025-09-08,31.959999,32.240002,31.700001,31.980000,295893,0.000000,0.000000,30.842517,31.112729,30.591610,30.861818
2025-09-09,31.980000,32.040001,31.480000,31.860001,331944,0.000000,0.000000,30.861817,30.919720,30.379299,30.746014
2025-09-10,31.879999,32.439999,31.660000,32.400002,504777,0.000000,0.000000,30.765313,31.305732,30.553006,31.267134
2025-09-11,32.380001,32.599998,32.160000,32.540001,526186,0.000000,0.000000,31.247833,31.460139,31.035525,31.402239
2025-09-14,32.540001,32.740002,31.900000,32.060001,346817,0.000000,0.000000,31.402238,31.595246,30.784615,30.939022
2025-09-15,32.060001,32.520000,31.959999,32.480000,320439,0.000000,0.000000,30.939023,31.382938,30.842517,31.344336
2025-09-16,32.500000,32.779999,32.380001,32.700001,271954,0.000000,0.000000,31.363637,31.633845,31.247834,31.556644
2025-09-17,32.700001,32.939999,32.419998,32.919998,204057,0.000000,0.000000,31.556644,31.788251,31.286432,31.768950
2025-09-18,32.980000,33.880001,32.919998,33.680000,613030,0.000000,0.000000,31.826851,32.695384,31.768948,32.502377
2025-09-21,33.660000,34.200001,33.419998,34.000000,355679,0.000000,0.000000,32.483076,33.004195,32.251466,32.811188
2025-09-22,34.200001,34.200001,33.660000,33.900002,352772,0.000000,0.000000,33.004197,33.004197,32.483077,32.714687
2025-09-24,37.279999,37.279999,35.020000,35.619999,1497516,0.000000,0.000000,35.976504,35.976504,33.795527,34.374546
2025-09-25,35.619999,35.619999,35.619999,35.619999,0,0.000000,0.000000,34.374546,34.374546,34.374546,34.374546
2025-09-28,33.660000,33.799999,33.240002,33.400002,256778,0.000000,0.000000,32.483078,32.618182,32.077765,32.232170
2025-09-29,33.419998,34.200001,33.360001,33.860001,610064,0.000000,0.000000,32.251465,33.004195,32.193565,32.676083
2025-09-30,33.900002,35.200001,33.900002,34.939999,1019152,0.000000,0.000000,32.714685,33.969230,32.714685,33.718319
2025-10-01,33.900002,35.200001,33.900002,34.939999,1019152,0.000000,0.000000,32.714685,33.969230,32.714685,33.718319
2025-10-02,34.980000,35.000000,34.720001,34.759998,318224,0.000000,0.000000,33.756922,33.776223,33.506014,33.544613
2025-10-05,35.180000,35.180000,34.700001,34.860001,187120,0.000000,0.000000,33.949932,33.949932,33.486715,33.641121
2025-10-06,34.860001,35.480000,34.860001,35.080002,336731,0.000000,0.000000,33.641119,34.239440,33.641119,33.853428
2025-10-07,35.040001,35.060001,34.619999,34.619999,254536,0.000000,0.000000,33.814824,33.834125,33.409508,33.409508
2025-10-08,34.520000,34.580002,34.220001,34.240002,245341,0.000000,0.000000,33.313006,33.370909,33.023496,33.042797
2025-10-09,34.200001,34.639999,34.160000,34.320000,327318,0.000000,0.000000,33.004196,33.428810,32.965593,33.119999
2025-10-12,34.119999,34.119999,33.680000,33.939999,233048,0.000000,0.000000,32.926991,32.926991,32.502377,32.753284
2025-10-13,33.939999,34.400002,33.939999,34.139999,184163,0.000000,0.000000,32.753285,33.197204,32.753285,32.946293
2025-10-14,34.200001,34.680000,34.180000,34.480000,295177,0.000000,0.000000,33.004198,33.467414,32.984897,33.274406
2025-10-15,34.500000,35.000000,34.279999,35.000000,702178,0.000000,0.000000,33.293705,33.776222,33.081396,33.776222
2025-10-16,35.000000,35.040001,34.540001,34.840000,476668,0.000000,0.000000,33.776224,33.814826,33.332309,33.621819
2025-10-19,34.560001,35.000000,34.560001,35.000000,208983,0.000000,0.000000,33.351608,33.776222,33.351608,33.776222
2025-10-20,35.000000,35.000000,34.580002,34.799999,314456,0.000000,0.000000,33.776225,33.776225,33.370912,33.583218
2025-10-21,34.639999,34.900002,34.639999,34.660000,268707,0.000000,0.000000,33.428811,33.679723,33.428811,33.448112
2025-10-22,34.500000,34.500000,33.840000,34.040001,221711,0.000000,0.000000,33.293708,33.293708,32.656785,32.849792
2025-10-23,33.919998,34.259998,33.900002,34.220001,195075,0.000000,0.000000,32.733985,33.062097,32.714688,33.023499
2025-10-26,34.240002,34.340000,33.340000,33.540001,445532,0.000000,0.000000,33.042800,33.139303,32.174267,32.367275
2025-10-27,33.540001,33.840000,33.119999,33.500000,408598,0.000000,0.000000,32.367273,32.656783,31.961956,32.328671
2025-10-28,33.500000,34.340000,33.500000,34.200001,687699,0.000000,0.000000,32.328671,33.139300,32.328671,33.004196
2025-10-29,34.299999,34.740002,34.119999,34.580002,255793,0.000000,0.000000,33.100698,33.525316,32.926992,33.370911
2025-10-30,34.599998,35.000000,34.480000,34.500000,1550924,0.000000,0.000000,33.390207,33.776222,33.274404,33.293705
2025-11-02,34.500000,34.500000,33.900002,33.900002,133799,0.000000,0.000000,33.293707,33.293707,32.714687,32.714687
2025-11-03,33.820000,33.880001,32.939999,33.060001,438646,0.000000,0.000000,32.637481,32.695385,31.788250,31.904057
2025-11-04,33.099998,33.259998,32.220001,32.360001,948427,0.000000,0.000000,31.942657,32.097062,31.093428,31.228533
2025-11-05,32.299999,32.400002,32.000000,32.000000,426264,0.000000,0.000000,31.170629,31.267134,30.881119,30.881119
2025-11-06,32.000000,32.220001,31.780001,31.820000,338697,0.000000,0.000000,30.881119,31.093428,30.668812,30.707413
2025-11-09,31.820000,31.980000,31.500000,31.920000,101768,0.000000,0.000000,30.707413,30.861819,30.398602,30.803917
2025-11-10,31.920000,32.299999,31.900000,31.940001,322092,0.000000,0.000000,30.803916,31.170629,30.784615,30.823217
2025-11-11,31.940001,32.200001,31.840000,31.940001,207068,0.000000,0.000000,30.823217,31.074127,30.726714,30.823217
2025-11-12,31.940001,32.080002,31.799999,31.840000,208444,0.000000,0.000000,30.823217,30.958323,30.688111,30.726713
2025-11-13,31.799999,31.959999,31.639999,31.660000,141472,0.000000,0.000000,30.688111,30.842517,30.533706,30.553007
2025-11-16,31.500000,31.520000,30.940001,30.959999,193552,0.000000,0.000000,30.398601,30.417902,29.858182,29.877481
2025-11-17,30.959999,31.280001,30.820000,31.020000,340500,0.000000,0.000000,29.877481,30.186294,29.742377,29.935385
2025-11-18,31.000000,31.379999,30.879999,31.340000,250006,0.000000,0.000000,29.916084,30.282796,29.800279,30.244196
2025-11-19,31.320000,31.459999,30.959999,31.240000,583879,0.000000,0.000000,30.224894,30.359999,29.877481,30.147692
2025-11-20,31.160000,31.240000,30.959999,31.000000,304705,0.000000,0.000000,30.070490,30.147692,29.877482,29.916084
2025-11-23,30.920000,31.120001,30.920000,31.000000,83859,0.000000,0.000000,29.838882,30.031889,29.838882,29.916084
2025-11-24,30.920000,31.260000,30.900000,31.219999,612934,0.000000,0.000000,29.838882,30.166994,29.819580,30.128391
2025-11-25,30.900000,31.260000,30.440001,30.440001,324975,0.000000,0.000000,29.819581,30.166994,29.375666,29.375666
2025-11-26,30.440001,30.740000,30.299999,30.680000,242249,0.000000,0.000000,29.375665,29.665175,29.240559,29.607273
2025-11-27,30.719999,30.719999,30.379999,30.459999,169017,0.000000,0.000000,29.645874,29.645874,29.317761,29.394964
2025-11-30,30.400000,30.700001,30.299999,30.299999,90194,0.000000,0.000000,29.337062,29.626574,29.240559,29.240559
2025-12-01,30.500000,30.559999,30.160000,30.400000,193075,0.000000,0.000000,29.433567,29.491468,29.105455,29.337063
2025-12-02,30.299999,30.500000,30.219999,30.420000,169085,0.000000,0.000000,29.240558,29.433566,29.163356,29.356363
2025-12-03,30.400000,30.520000,30.139999,30.520000,174252,0.000000,0.000000,29.337063,29.452868,29.086153,29.452868
2025-12-04,30.520000,30.760000,30.299999,30.420000,247688,0.000000,0.000000,29.452867,29.684475,29.240558,29.356363
2025-12-07,30.420000,30.600000,30.139999,30.280001,200363,0.000000,0.000000,29.356364,29.530071,29.086154,29.221260
2025-12-08,30.280001,30.299999,30.000000,30.000000,230560,0.000000,0.000000,29.221260,29.240560,28.951050,28.951050
2025-12-09,30.000000,30.219999,29.780001,30.020000,467442,0.000000,0.000000,28.951049,29.163356,28.738742,28.970350
2025-12-10,30.020000,30.120001,29.500000,29.680000,470945,0.000000,0.000000,28.970351,29.066855,28.468532,28.642239
2025-12-11,29.700001,29.840000,29.639999,29.760000,214153,0.000000,0.000000,28.661539,28.796643,28.603635,28.719440
2025-12-14,29.760000,29.760000,29.200001,29.340000,259483,0.000000,0.000000,28.719440,28.719440,28.179021,28.314125
2025-12-15,29.200001,29.280001,28.980000,29.180000,428383,0.000000,0.000000,28.179023,28.256225,27.966714,28.159721
2025-12-16,29.180000,29.180000,28.660000,28.860001,555585,0.000000,0.000000,28.159721,28.159721,27.657902,27.850910
2025-12-17,28.780001,28.860001,28.320000,28.379999,532059,0.000000,0.000000,27.773707,27.850910,27.329790,27.387691
2025-12-18,28.400000,28.400000,28.000000,28.160000,945910,0.000000,0.000000,27.406993,27.406993,27.020979,27.175385
2025-12-21,28.139999,28.480000,27.860001,27.860001,391557,0.000000,0.000000,27.156082,27.484194,26.885874,26.885874
2025-12-22,27.860001,27.980000,27.740000,27.900000,364729,0.000000,0.000000,26.885874,27.001677,26.770069,26.924475
2025-12-23,27.900000,27.920000,27.660000,27.799999,600903,0.000000,0.000000,26.924474,26.943776,26.692866,26.827971
2025-12-24,27.860001,27.860001,27.540001,27.540001,414889,0.000000,0.000000,26.885875,26.885875,26.577065,26.577065
2025-12-25,27.540001,27.639999,27.459999,27.480000,239779,0.000000,0.000000,26.577065,26.673567,26.499860,26.519161
2025-12-28,27.500000,27.520000,26.860001,26.879999,299048,0.000000,0.000000,26.538462,26.557763,25.920840,25.940140
2025-12-29,26.879999,27.280001,26.799999,27.219999,423875,0.000000,0.000000,25.940139,26.326155,25.862937,26.268251
2025-12-30,27.219999,27.299999,26.860001,26.980000,260048,0.000000,0.000000,26.268250,26.345453,25.920839,26.036642
2025-12-31,27.020000,27.480000,27.020000,27.480000,162257,0.000000,0.000000,26.075246,26.519161,26.075246,26.519161
2026-01-01,27.500000,28.000000,27.500000,28.000000,167322,0.000000,0.000000,26.538461,27.020979,26.538461,27.020979
2026-01-04,28.000000,28.020000,27.000000,27.680000,180958,0.000000,0.000000,27.020979,27.040280,26.055944,26.712168
2026-01-05,27.500000,27.600000,26.920000,27.000000,349716,0.000000,0.000000,26.538462,26.634966,25.978742,26.055944
2026-01-06,27.000000,27.080000,26.299999,26.660000,372395,0.000000,0.000000,26.055945,26.133148,25.380420,25.727833
2026-01-07,27.500000,27.500000,26.440001,26.740000,624324,0.000000,0.000000,26.538461,26.538461,25.515525,25.805035
2026-01-08,26.740000,26.740000,26.219999,26.459999,430395,0.000000,0.000000,25.805035,25.805035,25.303216,25.534824
2026-01-11,26.459999,27.200001,26.420000,27.180000,292789,0.000000,0.000000,25.534824,26.248952,25.496224,26.229650
2026-01-12,27.200001,28.180000,27.200001,27.959999,647394,0.000000,0.000000,26.248951,27.194685,26.248951,26.982376
2026-01-13,28.059999,28.100000,27.620001,27.920000,356413,0.000000,0.000000,27.078881,27.117484,26.654267,26.943777
2026-01-14,27.980000,28.240000,27.559999,27.559999,590624,0.000000,0.000000,27.001678,27.252587,26.596363,26.596363
2026-01-15,27.500000,27.500000,27.100000,27.280001,363296,0.000000,0.000000,26.538462,26.538462,26.152448,26.326155
2026-01-18,27.340000,27.600000,27.100000,27.400000,291027,0.000000,0.000000,26.384056,26.634965,26.152448,26.441957
2026-01-19,27.260000,27.360001,26.940001,26.959999,515137,0.000000,0.000000,26.306853,26.403357,25.998042,26.017342
2026-01-20,27.100000,27.100000,26.240000,26.240000,801263,0.000000,0.000000,26.152448,26.152448,25.322517,25.322517
2026-01-21,26.299999,26.580000,26.200001,26.379999,611498,0.000000,0.000000,25.380418,25.650628,25.283916,25.457621
2026-01-22,26.420000,26.700001,26.420000,26.580000,530053,0.000000,0.000000,25.496224,25.766434,25.496224,25.650629
2026-01-25,26.580000,26.860001,26.500000,26.799999,481888,0.000000,0.000000,25.650629,25.920839,25.573426,25.862936
2026-01-26,26.799999,27.260000,26.520000,27.000000,500730,0.000000,0.000000,25.862937,26.306854,25.592728,26.055944
2026-01-27,27.020000,27.379999,27.020000,27.100000,691685,0.000000,0.000000,26.075246,26.422657,26.075246,26.152449
2026-01-28,27.200001,27.580000,27.000000,27.080000,824517,0.000000,0.000000,26.248951,26.615664,26.055944,26.133146
2026-01-29,27.100000,27.280001,26.820000,27.000000,827192,0.000000,0.000000,26.152448,26.326155,25.882238,26.055944
2026-02-01,27.200001,27.280001,26.200001,26.520000,523252,0.000000,0.000000,26.248952,26.326154,25.283917,25.592728
2026-02-02,26.480000,26.799999,26.080000,26.740000,910066,0.000000,0.000000,25.554125,25.862936,25.168112,25.805035
2026-02-03,26.680000,26.959999,26.620001,26.760000,342345,0.000000,0.000000,25.747132,26.017341,25.689231,25.824335
2026-02-04,26.760000,27.299999,26.760000,27.059999,501605,0.000000,0.000000,25.824336,26.345454,25.824336,26.113846
2026-02-05,27.200001,27.200001,26.520000,26.520000,359019,0.000000,0.000000,26.248952,26.248952,25.592728,25.592728
2026-02-08,26.520000,26.900000,26.100000,26.340000,248703,0.000000,0.000000,25.592728,25.959441,25.187413,25.419022
2026-02-09,26.540001,27.080000,26.320000,26.920000,1153822,0.000000,0.000000,25.612028,26.133146,25.399719,25.978741
2026-02-10,27.160000,27.799999,26.980000,27.580000,736068,0.000000,0.000000,26.210349,26.827971,26.036642,26.615664
2026-02-11,27.580000,27.719999,27.360001,27.480000,510594,0.000000,0.000000,26.615665,26.750769,26.403358,26.519161
2026-02-12,27.480000,28.180000,27.440001,28.080000,1459897,0.000000,0.000000,26.519159,27.194685,26.480559,27.098181
2026-02-15,28.299999,29.320000,28.299999,29.299999,1107168,0.000000,0.000000,27.310489,28.294825,27.310489,28.275524
2026-02-16,29.219999,29.379999,28.540001,28.799999,978399,0.000000,0.000000,28.198322,28.352727,27.542099,27.793007
2026-02-17,28.799999,28.799999,28.160000,28.600000,484165,0.000000,0.000000,27.793006,27.793006,27.175384,27.600000
2026-02-18,27.299999,27.500000,26.900000,27.200001,791993,1.000000,0.000000,27.299999,27.500000,26.900000,27.200001
2026-02-19,27.379999,27.379999,26.219999,26.400000,480582,0.000000,0.000000,27.379999,27.379999,26.219999,26.400000
2026-02-23,26.500000,26.740000,25.740000,26.200001,665079,0.000000,0.000000,26.500000,26.740000,25.740000,26.200001
2026-02-24,26.200001,26.379999,25.959999,26.280001,408206,0.000000,0.000000,26.200001,26.379999,25.959999,26.280001
2026-02-25,26.280001,26.600000,25.719999,25.719999,530964,0.000000,0.000000,26.280001,26.600000,25.719999,25.719999
2026-02-26,25.719999,25.959999,25.139999,25.200001,1231536,0.000000,0.000000,25.719999,25.959999,25.139999,25.200001
2026-03-01,24.000000,25.000000,24.000000,24.690001,390927,0.000000,0.000000,24.000000,25.000000,24.000000,24.690001
2026-03-02,24.950001,24.980000,24.320000,24.450001,881450,0.000000,0.000000,24.950001,24.980000,24.320000,24.450001
2026-03-03,24.500000,26.879999,24.500000,26.879999,1473593,0.000000,0.000000,24.500000,26.879999,24.500000,26.879999
2026-03-04,27.820000,29.360001,27.540001,28.600000,3502031,0.000000,0.000000,27.820000,29.360001,27.540001,28.600000
2026-03-05,28.680000,29.100000,28.040001,28.379999,1175164,0.000000,0.000000,28.680000,29.100000,28.040001,28.379999
2026-03-08,29.059999,31.200001,29.059999,31.200001,2014423,0.000000,0.000000,29.059999,31.200001,29.059999,31.200001
2026-03-09,33.200001,33.740002,32.000000,33.020000,5639733,0.000000,0.000000,33.200001,33.740002,32.000000,33.020000
2026-03-10,32.639999,32.680000,31.020000,31.600000,2717152,0.000000,0.000000,32.639999,32.680000,31.020000,31.600000
2026-03-11,31.400000,32.000000,31.200001,31.920000,1181640,0.000000,0.000000,31.400000,32.000000,31.200001,31.920000
2026-03-12,32.200001,33.400002,31.879999,32.000000,1982307,0.000000,0.000000,32.200001,33.400002,31.879999,32.000000
2026-03-15,33.000000,33.459999,32.200001,33.400002,2428625,0.000000,0.000000,33.000000,33.459999,32.200001,33.400002
2026-03-16,33.000000,33.000000,31.840000,32.119999,2202871,0.000000,0.000000,33.000000,33.000000,31.840000,32.119999
2026-03-24,33.000000,34.240002,32.259998,32.959999,1939102,0.000000,0.000000,33.000000,34.240002,32.259998,32.959999
2026-03-25,32.580002,33.360001,31.559999,32.040001,1870850,0.000000,0.000000,32.580002,33.360001,31.559999,32.040001
2026-03-26,32.040001,34.400002,32.040001,34.360001,2479307,0.000000,0.000000,32.040001,34.400002,32.040001,34.360001
2026-03-29,34.400002,34.959999,34.360001,34.639999,945373,0.000000,0.000000,34.400002,34.959999,34.360001,34.639999
2026-03-30,34.400002,34.959999,34.360001,34.639999,945373,0.000000,0.000000,34.400002,34.959999,34.360001,34.639999
2026-03-31,35.680000,35.900002,34.980000,35.680000,1314671,0.000000,0.000000,35.680000,35.900002,34.980000,35.680000
2026-04-01,35.680000,35.740002,34.400002,34.439999,1112413,0.000000,0.000000,35.680000,35.740002,34.400002,34.439999
2026-04-02,35.180000,36.400002,34.700001,35.900002,2161909,0.000000,0.000000,35.180000,36.400002,34.700001,35.900002
2026-04-05,35.900002,36.459999,35.860001,36.200001,803467,0.000000,0.000000,35.900002,36.459999,35.860001,36.200001
2026-04-06,36.200001,36.340000,35.599998,36.099998,887999,0.000000,0.000000,36.200001,36.340000,35.599998,36.099998
2026-04-07,35.919998,36.459999,35.500000,35.700001,1390075,0.000000,0.000000,35.919998,36.459999,35.500000,35.700001
2026-04-08,35.000000,35.299999,33.500000,33.799999,3180753,0.000000,0.000000,35.000000,35.299999,33.500000,33.799999
2026-04-09,33.860001,34.919998,33.740002,34.000000,2554260,0.000000,0.000000,33.860001,34.919998,33.740002,34.000000
2026-04-12,34.180000,35.400002,34.099998,34.980000,1422445,0.000000,0.000000,34.180000,35.400002,34.099998,34.980000
2026-04-13,35.180000,35.779999,34.799999,34.799999,1395107,0.000000,0.000000,35.180000,35.779999,34.799999,34.799999
2026-04-14,34.799999,35.000000,34.639999,34.860001,1045732,0.000000,0.000000,34.799999,35.000000,34.639999,34.860001
2026-04-15,35.000000,35.740002,34.919998,35.200001,1163826,0.000000,0.000000,35.000000,35.740002,34.919998,35.200001
2026-04-16,35.340000,35.560001,35.200001,35.380001,705767,0.000000,0.000000,35.340000,35.560001,35.200001,35.380001
2026-04-19,35.500000,36.200001,35.000000,35.560001,812236,0.000000,0.000000,35.500000,36.200001,35.000000,35.560001
2026-04-20,35.560001,35.720001,34.900002,34.900002,716325,0.000000,0.000000,35.560001,35.720001,34.900002,34.900002
2026-04-21,34.880001,34.900002,34.000000,34.040001,779736,0.000000,0.000000,34.880001,34.900002,34.000000,34.040001
2026-04-22,34.160000,34.540001,33.520000,33.619999,1132418,0.000000,0.000000,34.160000,34.540001,33.520000,33.619999
2026-04-23,33.700001,34.020000,33.000000,33.000000,1455355,0.000000,0.000000,33.700001,34.020000,33.000000,33.000000
2026-04-26,32.220001,35.799999,32.020000,35.299999,2077411,0.000000,0.000000,32.220001,35.799999,32.020000,35.299999
2026-04-27,34.939999,38.439999,34.939999,38.000000,5230004,0.000000,0.000000,34.939999,38.439999,34.939999,38.000000
2026-04-28,37.840000,37.840000,36.560001,37.000000,1232379,0.000000,0.000000,37.840000,37.840000,36.560001,37.000000
2026-04-29,36.980000,37.000000,36.220001,36.560001,773835,0.000000,0.000000,36.980000,37.000000,36.220001,36.560001
2026-04-30,36.599998,37.639999,36.480000,36.740002,1849669,0.000000,0.000000,36.599998,37.639999,36.480000,36.740002
2026-05-03,36.700001,37.259998,36.480000,37.060001,872182,0.000000,0.000000,36.700001,37.259998,36.480000,37.060001
2026-05-04,37.060001,37.060001,37.060001,37.060001,0,0.000000,0.000000,37.060001,37.060001,37.060001,37.060001
2026-05-05,36.500000,36.980000,36.020000,36.439999,1957892,0.000000,0.000000,36.500000,36.980000,36.020000,36.439999
2026-05-06,36.299999,36.560001,34.820000,34.820000,1396764,0.000000,0.000000,36.299999,36.560001,34.820000,34.820000
2026-05-07,34.860001,35.020000,34.200001,34.200001,1053423,0.000000,0.000000,34.860001,35.020000,34.200001,34.200001
2026-05-10,34.259998,34.480000,33.900002,33.959999,789936,0.000000,0.000000,34.259998,34.480000,33.900002,33.959999
2026-05-11,34.419998,34.759998,34.220001,34.419998,1154336,0.000000,0.000000,34.419998,34.759998,34.220001,34.419998
2026-05-12,34.419998,35.400002,34.419998,35.020000,964578,0.000000,0.000000,34.419998,35.400002,34.419998,35.020000
2026-05-13,35.279999,35.599998,34.959999,35.320000,651834,0.000000,0.000000,35.279999,35.599998,34.959999,35.320000
2026-05-14,35.279999,35.500000,34.720001,34.939999,729489,0.000000,0.000000,35.279999,35.500000,34.720001,34.939999
2026-05-17,34.939999,35.060001,34.279999,34.700001,231592,0.000000,0.000000,34.939999,35.060001,34.279999,34.700001
2026-05-18,34.700001,34.880001,34.279999,34.500000,323113,0.000000,0.000000,34.700001,34.880001,34.279999,34.500000
2026-05-19,34.500000,34.540001,33.959999,34.279999,296261,0.000000,0.000000,34.500000,34.540001,33.959999,34.279999
2026-05-20,34.279999,34.279999,33.919998,34.000000,397913,0.000000,0.000000,34.279999,34.279999,33.919998,34.000000
2026-05-21,34.000000,34.240002,33.820000,34.040001,903138,0.000000,0.000000,34.000000,34.240002,33.820000,34.040001
2026-05-24,34.040001,34.040001,34.040001,34.040001,0,0.000000,0.000000,34.040001,34.040001,34.040001,34.040001
2026-05-25,34.040001,34.040001,34.040001,34.040001,0,0.000000,0.000000,34.040001,34.040001,34.040001,34.040001
2026-05-26,34.040001,34.040001,34.040001,34.040001,0,0.000000,0.000000,34.040001,34.040001,34.040001,34.040001
2026-05-27,34.040001,34.040001,34.040001,34.040001,0,0.000000,0.000000,34.040001,34.040001,34.040001,34.040001
2026-05-28,34.040001,34.040001,34.040001,34.040001,0,0.000000,0.000000,34.040001,34.040001,34.040001,34.040001
2026-05-31,33.020000,34.000000,32.700001,33.740002,497749,0.000000,0.000000,33.020000,34.000000,32.700001,33.740002
2026-06-01,33.000000,33.419998,32.240002,32.560001,950334,0.000000,0.000000,33.000000,33.419998,32.240002,32.560001
2026-06-02,32.500000,33.240002,32.279999,32.980000,512368,0.000000,0.000000,32.500000,33.240002,32.279999,32.980000
2026-06-03,33.099998,33.180000,32.520000,32.520000,409202,0.000000,0.000000,33.099998,33.180000,32.520000,32.520000
2026-06-04,32.520000,32.619999,31.700001,31.799999,996567,0.000000,0.000000,32.520000,32.619999,31.700001,31.799999
2026-06-07,31.700001,32.340000,31.700001,31.820000,327273,0.000000,0.000000,31.700001,32.340000,31.700001,31.820000
2026-06-08,32.000000,33.099998,31.700001,31.959999,1220739,0.000000,0.000000,32.000000,33.099998,31.700001,31.959999
2026-06-09,31.940001,32.119999,31.600000,31.680000,822512,0.000000,0.000000,31.940001,32.119999,31.600000,31.680000
2026-06-10,31.540001,31.540001,30.420000,30.540001,1552540,0.000000,0.000000,31.540001,31.540001,30.420000,30.540001
2026-06-11,30.600000,31.280001,30.559999,31.100000,768048,0.000000,0.000000,30.600000,31.280001,30.559999,31.100000
2026-06-14,31.100000,31.240000,29.920000,30.100000,1229947,0.000000,0.000000,31.100000,31.240000,29.920000,30.100000
2026-06-15,30.000000,30.639999,29.520000,30.480000,2021901,0.000000,0.000000,30.000000,30.639999,29.520000,30.480000
2026-06-16,30.500000,30.860001,30.020000,30.160000,703459,0.000000,0.000000,30.500000,30.860001,30.020000,30.160000
2026-06-17,30.120001,30.120001,29.559999,29.660000,1267961,0.000000,0.000000,30.120001,30.120001,29.559999,29.660000
2026-06-18,29.660000,29.860001,29.500000,29.500000,1525633,0.000000,0.000000,29.660000,29.860001,29.500000,29.500000
2026-06-21,29.719999,30.160000,29.500000,30.000000,1106082,0.000000,0.000000,29.719999,30.160000,29.500000,30.000000
2026-06-22,29.879999,30.000000,29.459999,29.879999,897287,0.000000,0.000000,29.879999,30.000000,29.459999,29.879999
2026-06-23,29.860001,29.860001,29.320000,29.420000,1048335,0.000000,0.000000,29.860001,29.860001,29.320000,29.420000
2026-06-24,29.400000,29.740000,29.219999,29.400000,938424,0.000000,0.000000,29.400000,29.740000,29.219999,29.400000
2026-06-25,29.580000,29.920000,29.200001,29.559999,1468866,0.000000,0.000000,29.580000,29.920000,29.200001,29.559999
2026-06-28,29.500000,30.440001,29.500000,30.440001,917083,0.000000,0.000000,29.500000,30.440001,29.500000,30.440001
2026-06-29,30.400000,30.440001,29.440001,29.600000,1085920,0.000000,0.000000,30.400000,30.440001,29.440001,29.600000
2026-06-30,29.719999,29.719999,29.299999,29.420000,462520,0.000000,0.000000,29.719999,29.719999,29.299999,29.420000
2026-07-01,29.500000,30.040001,29.459999,29.760000,620630,0.000000,0.000000,29.500000,30.040001,29.459999,29.760000
2026-07-02,29.719999,29.719999,29.260000,29.280001,516372,0.000000,0.000000,29.719999,29.719999,29.260000,29.280001
2026-07-05,29.320000,29.379999,29.000000,29.160000,335018,0.000000,0.000000,29.320000,29.379999,29.000000,29.160000
2026-07-06,29.160000,29.360001,28.799999,29.200001,597806,0.000000,0.000000,29.160000,29.360001,28.799999,29.200001
2026-07-07,29.219999,29.920000,29.160000,29.700001,693873,0.000000,0.000000,29.219999,29.920000,29.160000,29.700001
2026-07-08,29.920000,30.840000,29.559999,30.600000,1750737,0.000000,0.000000,29.920000,30.840000,29.559999,30.600000
2026-07-09,30.600000,30.740000,30.200001,30.700001,711195,0.000000,0.000000,30.600000,30.740000,30.200001,30.700001
2026-07-12,30.879999,31.500000,30.700001,31.440001,780562,0.000000,0.000000,30.879999,31.500000,30.700001,31.440001
2026-07-13,31.400000,31.780001,31.100000,31.420000,1273577,0.000000,0.000000,31.400000,31.780001,31.100000,31.420000
2026-07-14,31.420000,31.600000,31.160000,31.420000,635806,0.000000,0.000000,31.420000,31.600000,31.160000,31.420000
2026-07-15,31.200001,31.480000,31.139999,31.240000,437394,0.000000,0.000000,31.200001,31.480000,31.139999,31.240000
2026-07-16,31.100000,31.760000,31.059999,31.500000,680262,0.000000,0.000000,31.100000,31.760000,31.059999,31.500000
2026-07-19,31.480000,31.900000,31.440001,31.500000,393509,0.000000,0.000000,31.480000,31.900000,31.440001,31.500000
2026-07-20,31.400000,31.639999,30.620001,30.660000,1061464,0.000000,0.000000,31.400000,31.639999,30.620001,30.660000
2026-07-21,30.639999,31.420000,30.600000,31.299999,733594,0.000000,0.000000,30.639999,31.420000,30.600000,31.299999
2026-07-22,32.779999,33.400002,32.419998,32.560001,2285942,0.000000,0.000000,32.779999,33.400002,32.419998,32.560001
2026-07-23,32.599998,32.660000,31.660000,31.980000,1489616,0.000000,0.000000,32.599998,32.660000,31.660000,31.980000
2026-07-26,31.879999,31.879999,30.780001,30.780001,770819,0.000000,0.000000,31.879999,31.879999,30.780001,30.780001
2026-07-27,30.840000,31.260000,30.639999,31.040001,683645,0.000000,0.000000,30.840000,31.260000,30.639999,31.040001
2026-07-28,31.059999,31.420000,30.920000,31.280001,546091,0.000000,0.000000,31.059999,31.420000,30.920000,31.280001
2026-07-29,30.840000,31.080000,30.059999,30.500000,656413,0.000000,0.000000,30.840000,31.080000,30.059999,30.500000
2026-07-30,30.100000,31.299999,30.100000,30.700001,999740,0.000000,0.000000,30.100000,31.299999,30.100000,30.700001
2026-08-02,30.500000,30.700001,30.000000,30.400000,620036,0.000000,0.000000,30.500000,30.700001,30.000000,30.400000
2026-08-03,30.400000,31.299999,30.299999,31.240000,681126,0.000000,0.000000,30.400000,31.299999,30.299999,31.240000
