Date,Open,High,Low,Close,Volume,Dividends,Splits,AdjOpen,AdjHigh,AdjLow,AdjClose
2021-01-03,21.299999,21.400000,21.000000,21.200001,1676655,0.000000,0.000000,17.286354,17.367511,17.042884,17.205198
2021-01-04,21.299999,21.299999,21.059999,21.180000,1264624,0.000000,0.000000,17.286352,17.286352,17.091576,17.188965
2021-01-05,21.200001,21.340000,21.040001,21.340000,1742267,0.000000,0.000000,17.205197,17.318815,17.075346,17.318815
2021-01-06,21.219999,21.299999,21.160000,21.299999,705265,0.000000,0.000000,17.221425,17.286350,17.172732,17.286350
2021-01-07,21.280001,21.680000,21.100000,21.559999,1852418,0.000000,0.000000,17.270121,17.594747,17.124039,17.497358
2021-01-10,21.559999,22.100000,21.559999,22.100000,4377789,0.000000,0.000000,17.497358,17.935604,17.497358,17.935604
2021-01-11,22.100000,22.280001,22.000000,22.219999,2716089,0.000000,0.000000,17.935604,18.081686,17.854447,18.032991
2021-01-12,22.139999,22.260000,22.020000,22.180000,1343009,0.000000,0.000000,17.968065,18.065454,17.870678,18.000528
2021-01-13,22.200001,22.219999,22.000000,22.100000,1619944,0.000000,0.000000,18.016761,18.032991,17.854447,17.935604
2021-01-14,22.080000,22.139999,21.900000,22.000000,2022335,0.000000,0.000000,17.919374,17.968067,17.773291,17.854448
2021-01-17,21.900000,21.959999,21.760000,21.840000,933156,0.000000,0.000000,17.773293,17.821987,17.659675,17.724600
2021-01-18,21.799999,22.379999,21.799999,22.299999,3823651,0.000000,0.000000,17.692137,18.162845,17.692137,18.097919
2021-01-19,22.299999,22.700001,22.100000,22.260000,4393890,0.000000,0.000000,18.097918,18.422546,17.935606,18.065456
2021-01-20,22.340000,22.639999,22.280001,22.420000,2429764,0.000000,0.000000,18.130382,18.373851,18.081688,18.195307
2021-01-21,22.420000,23.120001,22.420000,22.760000,3882890,0.000000,0.000000,18.195307,18.763403,18.195307,18.471239
2021-01-24,22.799999,22.799999,22.459999,22.719999,1090039,0.000000,0.000000,18.503697,18.503697,18.227765,18.438772
2021-01-25,22.860001,22.860001,22.740000,22.860001,2053796,0.000000,0.000000,18.552395,18.552395,18.455006,18.552395
2021-01-26,22.840000,22.840000,22.299999,22.459999,1816025,0.000000,0.000000,18.536164,18.536164,18.097918,18.227768
2021-01-27,22.500000,22.660000,22.000000,22.000000,1578298,0.000000,0.000000,18.260231,18.390082,17.854448,17.854448
2021-01-28,22.000000,22.200001,21.740000,22.200001,2730170,0.000000,0.000000,17.854448,18.016762,17.643441,18.016762
2021-01-31,22.200001,22.240000,21.500000,21.900000,1836066,0.000000,0.000000,18.016761,18.049223,17.448665,17.773291
2021-02-01,21.920000,21.959999,21.500000,21.500000,1358999,0.000000,0.000000,17.789525,17.821987,17.448668,17.448668
2021-02-02,21.740000,21.740000,21.139999,21.240000,1279618,0.000000,0.000000,17.643442,17.643442,17.156503,17.237659
2021-02-03,21.240000,22.219999,21.240000,21.580000,1196865,0.000000,0.000000,17.237659,18.032993,17.237659,17.513592
2021-02-04,21.299999,22.020000,21.299999,21.840000,859838,0.000000,0.000000,17.286353,17.870682,17.286353,17.724600
2021-02-07,21.980000,22.020000,21.740000,21.820000,698221,0.000000,0.000000,17.838217,17.870680,17.643441,17.708366
2021-02-08,21.719999,22.139999,21.719999,22.020000,1254050,0.000000,0.000000,17.627209,17.968067,17.627209,17.870680
2021-02-09,22.080000,22.280001,22.059999,22.100000,817763,0.000000,0.000000,17.919372,18.081686,17.903141,17.935604
2021-02-10,22.200001,22.200001,22.040001,22.120001,371481,0.000000,0.000000,18.016763,18.016763,17.886912,17.951838
2021-02-11,22.120001,22.200001,22.000000,22.139999,617911,0.000000,0.000000,17.951833,18.016758,17.854445,17.968063
2021-02-14,22.100000,22.139999,22.059999,22.139999,1495835,0.000000,0.000000,17.935602,17.968063,17.903138,17.968063
2021-02-15,22.139999,22.240000,22.080000,22.160000,1055112,0.000000,0.000000,17.968067,18.049224,17.919374,17.984299
2021-02-16,22.200001,22.240000,22.040001,22.040001,578713,0.000000,0.000000,18.016764,18.049226,17.886913,17.886913
2021-02-17,22.059999,22.180000,22.040001,22.180000,670619,0.000000,0.000000,17.903140,18.000528,17.886910,18.000528
2021-02-18,22.080000,22.200001,21.900000,21.900000,1087737,0.000000,0.000000,17.919373,18.016761,17.773291,17.773291
2021-02-21,22.180000,22.180000,21.980000,22.000000,1024910,0.000000,0.000000,18.000530,18.000530,17.838217,17.854448
2021-02-22,22.059999,22.059999,21.620001,21.639999,1777766,0.000000,0.000000,17.903138,17.903138,17.546051,17.562281
2021-02-23,21.680000,21.900000,21.660000,21.700001,1057362,0.000000,0.000000,17.594747,17.773291,17.578516,17.610979
2021-02-24,21.780001,21.780001,21.500000,21.600000,1600248,0.000000,0.000000,17.675903,17.675903,17.448665,17.529821
2021-02-25,21.600000,21.760000,21.080000,21.080000,2506648,0.000000,0.000000,17.529824,17.659674,17.107809,17.107809
2021-02-28,21.080000,21.139999,21.000000,21.100000,788732,0.000000,0.000000,17.107805,17.156499,17.042880,17.124037
2021-03-01,21.100000,21.200001,21.000000,21.020000,1270373,0.000000,0.000000,17.124038,17.205195,17.042881,17.059113
2021-03-02,21.120001,21.200001,21.000000,21.139999,1196413,0.000000,0.000000,17.140272,17.205197,17.042883,17.156502
2021-03-03,21.020000,21.600000,21.020000,21.440001,1602924,0.000000,0.000000,17.059113,17.529821,17.059113,17.399971
2021-03-04,21.520000,21.520000,21.240000,21.240000,1097283,0.000000,0.000000,17.464898,17.464898,17.237659,17.237659
2021-03-07,21.299999,21.480000,21.299999,21.480000,751711,0.000000,0.000000,17.286352,17.432434,17.286352,17.432434
2021-03-08,21.459999,21.580000,21.299999,21.520000,1430049,0.000000,0.000000,17.416202,17.513591,17.286352,17.464897
2021-03-09,21.500000,21.559999,21.280001,21.400000,1476196,0.000000,0.000000,17.448667,17.497360,17.270123,17.367510
2021-03-10,21.400000,21.840000,21.360001,21.780001,2903838,0.000000,0.000000,17.367509,17.724599,17.335047,17.675905
2021-03-11,21.760000,21.799999,21.379999,21.480000,1943260,0.000000,0.000000,17.659673,17.692135,17.351277,17.432434
2021-03-14,21.420000,21.680000,21.400000,21.680000,2267805,0.000000,0.000000,17.383740,17.594748,17.367509,17.594748
2021-03-15,21.600000,21.639999,21.500000,21.600000,1595445,0.000000,0.000000,17.529821,17.562283,17.448665,17.529821
2021-03-16,21.600000,21.600000,21.420000,21.440001,1659349,0.000000,0.000000,17.529821,17.529821,17.383739,17.399971
2021-03-17,21.440001,21.639999,21.420000,21.520000,2256997,0.000000,0.000000,17.399972,17.562284,17.383740,17.464897
2021-03-18,21.500000,21.520000,21.440001,21.440001,1765612,0.000000,0.000000,17.448665,17.464896,17.399971,17.399971
2021-03-21,21.440001,21.520000,21.400000,21.480000,733994,0.000000,0.000000,17.399972,17.464897,17.367509,17.432434
2021-03-22,21.440001,21.500000,21.400000,21.440001,1092062,0.000000,0.000000,17.399971,17.448665,17.367508,17.399971
2021-03-23,21.440001,21.440001,21.379999,21.420000,1086521,0.000000,0.000000,17.399973,17.399973,17.351278,17.383741
2021-03-24,21.400000,21.400000,21.260000,21.299999,1583647,0.000000,0.000000,17.367507,17.367507,17.253888,17.286350
2021-03-25,21.360001,21.360001,21.200001,21.200001,1698094,0.000000,0.000000,17.335049,17.335049,17.205198,17.205198
2021-03-28,21.219999,21.280001,21.059999,21.280001,937616,0.000000,0.000000,17.221424,17.270119,17.091573,17.270119
2021-03-29,21.280001,21.379999,21.200001,21.360001,1466158,0.000000,0.000000,17.270120,17.351275,17.205194,17.335045
2021-03-30,21.700001,23.480000,21.700001,23.480000,22973714,0.000000,0.000000,17.610980,19.055567,17.610980,19.055567
2021-03-31,23.959999,24.480000,23.400000,23.500000,11075056,0.000000,0.000000,19.445118,19.867133,18.990641,19.071798
2021-04-01,23.400000,23.500000,22.980000,22.980000,5644369,0.000000,0.000000,18.990638,19.071795,18.649780,18.649780
2021-04-04,23.100000,23.100000,22.799999,23.000000,4965714,0.000000,0.000000,18.747171,18.747171,18.503700,18.666014
2021-04-05,22.980000,24.180000,22.940001,24.080000,12828265,0.000000,0.000000,18.649783,19.623662,18.617321,19.542505
2021-04-06,24.080000,25.450001,23.959999,24.879999,15064708,0.000000,0.000000,19.542503,20.654349,19.445115,20.191755
2021-04-07,24.879999,24.879999,24.879999,24.879999,0,0.000000,0.000000,20.191755,20.191755,20.191755,20.191755
2021-04-08,24.799999,25.100000,24.500000,24.780001,3275249,0.000000,0.000000,20.126832,20.370302,19.883362,20.110601
2021-04-11,24.780001,24.780001,24.780001,24.780001,0,0.000000,0.000000,20.110601,20.110601,20.110601,20.110601
2021-04-12,24.799999,25.049999,24.780001,24.840000,2596424,0.000000,0.000000,20.126833,20.329724,20.110603,20.159296
2021-04-13,24.900000,25.000000,24.600000,24.799999,3167431,0.000000,0.000000,20.207988,20.289145,19.964519,20.126831
2021-04-14,24.680000,24.700001,24.320000,24.400000,2190830,0.000000,0.000000,20.029445,20.045677,19.737281,19.802206
2021-04-15,24.500000,24.540001,24.200001,24.480000,2790226,0.000000,0.000000,19.883364,19.915827,19.639895,19.867132
2021-04-18,24.480000,25.250000,24.459999,25.049999,5109234,0.000000,0.000000,19.867131,20.492037,19.850899,20.329723
2021-04-19,25.200001,25.250000,24.920000,25.150000,2614266,0.000000,0.000000,20.451460,20.492038,20.224221,20.410881
2021-04-20,25.000000,25.250000,24.920000,24.920000,2947570,0.000000,0.000000,20.289144,20.492035,20.224218,20.224218
2021-04-21,25.000000,25.049999,24.740000,25.000000,1694903,0.000000,0.000000,20.289146,20.329724,20.078139,20.289146
2021-04-22,24.980000,25.700001,24.900000,25.400000,3605793,0.000000,0.000000,20.272916,20.857244,20.207990,20.613773
2021-04-25,25.450001,26.200001,25.299999,26.049999,4540184,0.000000,0.000000,20.654351,21.263025,20.532614,21.141289
2021-04-26,26.049999,26.350000,25.799999,26.200001,3380702,0.000000,0.000000,21.141291,21.384762,20.938400,21.263027
2021-04-27,26.200001,26.200001,25.700001,26.000000,5578950,0.000000,0.000000,21.263028,21.263028,20.857245,21.100714
2021-04-28,25.700001,27.150000,25.200001,27.049999,8079459,0.700000,0.000000,21.434321,22.643650,21.017311,22.560247
2021-04-29,27.000000,27.000000,26.000000,26.000000,3664336,0.000000,0.000000,22.518547,22.518547,21.684526,21.684526
2021-05-02,25.850000,26.000000,25.750000,25.950001,1653258,0.000000,0.000000,21.559424,21.684526,21.476021,21.642826
2021-05-03,25.950001,26.450001,25.700001,25.700001,2497705,0.000000,0.000000,21.642826,22.059836,21.434320,21.434320
2021-05-04,25.799999,25.900000,25.100000,25.100000,4402028,0.000000,0.000000,21.517720,21.601122,20.933907,20.933907
2021-05-05,25.299999,25.400000,24.100000,24.200001,8675442,0.000000,0.000000,21.100709,21.184112,20.099886,20.183289
2021-05-06,24.320000,24.320000,23.520000,23.660000,6330925,0.000000,0.000000,20.283371,20.283371,19.616155,19.732918
2021-05-09,23.700001,23.840000,23.440001,23.639999,2354229,0.000000,0.000000,19.766280,19.883043,19.549435,19.716238
2021-05-10,23.719999,23.959999,23.660000,23.840000,4251382,0.000000,0.000000,19.782960,19.983125,19.732919,19.883043
2021-05-17,23.860001,25.049999,23.660000,25.000000,5957667,0.000000,0.000000,19.899721,20.892204,19.732917,20.850504
2021-05-18,25.000000,25.000000,24.719999,24.879999,2321289,0.000000,0.000000,20.850505,20.850505,20.616978,20.750422
2021-05-19,24.760000,24.799999,24.459999,24.600000,2342830,0.000000,0.000000,20.650342,20.683702,20.400135,20.516899
2021-05-20,24.520000,24.600000,24.120001,24.180000,2860304,0.000000,0.000000,20.450176,20.516897,20.116568,20.166609
2021-05-23,24.299999,24.299999,24.000000,24.020000,1728383,0.000000,0.000000,20.266690,20.266690,20.016484,20.033165
2021-05-24,24.020000,24.180000,23.900000,23.940001,2300924,0.000000,0.000000,20.033166,20.166609,19.933082,19.966444
2021-05-25,23.980000,24.500000,23.940001,24.480000,3099625,0.000000,0.000000,19.999805,20.433496,19.966445,20.416815
2021-05-26,24.639999,24.639999,24.360001,24.400000,1704627,0.000000,0.000000,20.550257,20.550257,20.316732,20.350092
2021-05-27,24.299999,24.600000,24.299999,24.600000,2960647,0.000000,0.000000,20.266692,20.516899,20.266692,20.516899
2021-05-30,24.700001,24.920000,24.580000,24.860001,1636886,0.000000,0.000000,20.600301,20.783784,20.500217,20.733744
2021-05-31,24.879999,24.900000,24.500000,24.700001,1912961,0.000000,0.000000,20.750422,20.767103,20.433495,20.600300
2021-06-01,24.700001,24.780001,24.500000,24.500000,2001646,0.000000,0.000000,20.600299,20.667021,20.433495,20.433495
2021-06-02,24.500000,24.620001,24.400000,24.580000,1701460,0.000000,0.000000,20.433494,20.533577,20.350092,20.500216
2021-06-03,24.580000,25.049999,24.440001,24.700001,3369894,0.000000,0.000000,20.500217,20.892206,20.383454,20.600300
2021-06-06,24.680000,24.760000,24.520000,24.520000,1174816,0.000000,0.000000,20.583619,20.650341,20.450176,20.450176
2021-06-07,24.680000,24.879999,24.520000,24.760000,2663773,0.000000,0.000000,20.583621,20.750424,20.450178,20.650343
2021-06-08,24.760000,24.959999,24.000000,24.540001,3063024,0.000000,0.000000,20.650342,20.817145,20.016486,20.466858
2021-06-09,24.540001,24.660000,24.520000,24.559999,2355963,0.000000,0.000000,20.466857,20.566938,20.450176,20.483536
2021-06-10,24.559999,24.620001,24.440001,24.440001,1763544,0.000000,0.000000,20.483535,20.533577,20.383453,20.383453
2021-06-13,24.500000,24.559999,24.420000,24.440001,1584810,0.000000,0.000000,20.433494,20.483535,20.366773,20.383453
2021-06-14,24.459999,24.680000,24.379999,24.520000,2266957,0.000000,0.000000,20.400134,20.583619,20.333412,20.450176
2021-06-15,24.520000,24.559999,24.320000,24.459999,1347209,0.000000,0.000000,20.450175,20.483535,20.283371,20.400133
2021-06-16,24.459999,24.459999,24.240000,24.379999,663460,0.000000,0.000000,20.400134,20.400134,20.216650,20.333412
2021-06-17,24.379999,24.480000,24.180000,24.480000,3820591,0.000000,0.000000,20.333412,20.416815,20.166609,20.416815
2021-06-20,24.480000,24.480000,24.020000,24.200001,1528742,0.000000,0.000000,20.416813,20.416813,20.033165,20.183289
2021-06-21,24.180000,24.200001,23.959999,24.020000,2537016,0.000000,0.000000,20.166608,20.183289,19.983123,20.033165
2021-06-22,24.080000,24.260000,24.020000,24.240000,1796789,0.000000,0.000000,20.083207,20.233331,20.033166,20.216650
2021-06-23,24.240000,24.299999,24.120001,24.200001,1399501,0.000000,0.000000,20.216649,20.266689,20.116567,20.183289
2021-06-24,24.200001,24.260000,24.139999,24.200001,1206789,0.000000,0.000000,20.183289,20.233329,20.133246,20.183289
2021-06-27,24.200001,24.200001,24.200001,24.200001,0,0.000000,0.000000,20.183289,20.183289,20.183289,20.183289
2021-06-28,24.200001,24.360001,24.059999,24.299999,3130724,0.000000,0.000000,20.183289,20.316732,20.066525,20.266689
2021-06-29,24.299999,24.299999,24.139999,24.260000,708187,0.000000,0.000000,20.266690,20.266690,20.133247,20.233330
2021-06-30,24.200001,24.280001,24.059999,24.139999,1522753,0.000000,0.000000,20.183290,20.250011,20.066526,20.133247
2021-07-01,24.139999,24.240000,24.100000,24.120001,915656,0.000000,0.000000,20.133247,20.216649,20.099887,20.116568
2021-07-04,24.200001,24.240000,24.139999,24.160000,1057808,0.000000,0.000000,20.183289,20.216649,20.133246,20.149927
2021-07-05,24.160000,24.780001,24.160000,24.700001,7469506,0.000000,0.000000,20.149928,20.667021,20.149928,20.600300
2021-07-06,24.799999,25.650000,24.799999,25.600000,12018560,0.000000,0.000000,20.683701,21.392618,20.683701,21.350918
2021-07-07,25.750000,25.850000,25.350000,25.600000,5276912,0.000000,0.000000,21.476021,21.559423,21.142413,21.350918
2021-07-08,25.600000,25.650000,24.920000,24.920000,2970058,0.000000,0.000000,21.350917,21.392617,20.783783,20.783783
2021-07-11,25.100000,25.100000,24.500000,24.719999,2365516,0.000000,0.000000,20.933908,20.933908,20.433496,20.616980
2021-07-12,24.700001,25.200001,24.540001,24.760000,2596808,0.000000,0.000000,20.600302,21.017312,20.466859,20.650343
2021-07-13,24.799999,25.049999,24.740000,24.820000,1066536,0.000000,0.000000,20.683701,20.892207,20.633661,20.700382
2021-07-14,24.840000,24.980000,24.719999,24.840000,849847,0.000000,0.000000,20.717062,20.833824,20.616979,20.717062
2021-07-15,24.860001,25.350000,24.840000,24.900000,1980328,0.000000,0.000000,20.733741,21.142411,20.717061,20.767101
2021-07-25,25.100000,26.200001,25.100000,26.200001,4293596,0.000000,0.000000,20.933909,21.851332,20.933909,21.851332
2021-07-26,26.250000,26.250000,25.650000,25.950001,2952765,0.000000,0.000000,21.893032,21.893032,21.392619,21.642826
2021-07-27,25.850000,26.100000,25.200001,25.250000,2647546,0.000000,0.000000,21.559422,21.767927,21.017309,21.059010
2021-07-28,25.299999,25.900000,25.250000,25.700001,1926179,0.000000,0.000000,21.100711,21.601124,21.059011,21.434320
2021-07-29,25.500000,25.900000,25.400000,25.900000,1759247,0.000000,0.000000,21.267514,21.601122,21.184112,21.601122
2021-08-01,25.900000,25.900000,25.549999,25.750000,1937185,0.000000,0.000000,21.601122,21.601122,21.309214,21.476019
2021-08-02,25.750000,26.200001,25.600000,26.200001,2728867,0.000000,0.000000,21.476022,21.851332,21.350919,21.851332
2021-08-03,26.100000,26.150000,25.650000,25.900000,2295454,0.000000,0.000000,21.767927,21.809627,21.392617,21.601122
2021-08-04,25.850000,25.850000,25.450001,25.700001,1623501,0.000000,0.000000,21.559423,21.559423,21.225815,21.434320
2021-08-05,25.500000,25.950001,25.350000,25.950001,1433962,0.000000,0.000000,21.267516,21.642826,21.142414,21.642826
2021-08-08,26.799999,26.850000,25.650000,25.700001,8802510,0.000000,0.000000,22.351741,22.393443,21.392618,21.434320
2021-08-09,25.750000,25.850000,25.350000,25.600000,2166613,0.000000,0.000000,21.476021,21.559423,21.142413,21.350918
2021-08-10,25.600000,25.950001,25.600000,25.900000,3024108,0.000000,0.000000,21.350916,21.642824,21.350916,21.601122
2021-08-11,25.799999,26.150000,25.750000,26.150000,2196385,0.000000,0.000000,21.517720,21.809628,21.476020,21.809628
2021-08-12,26.150000,26.950001,26.049999,26.950001,6731962,0.000000,0.000000,21.809628,22.476845,21.726225,22.476845
2021-08-15,27.100000,27.700001,26.900000,27.500000,6420380,0.000000,0.000000,22.601949,23.102361,22.435144,22.935556
2021-08-16,27.500000,27.799999,27.250000,27.450001,2303210,0.000000,0.000000,22.935555,23.185760,22.727049,22.893854
2021-08-17,27.350000,27.500000,27.100000,27.350000,2729107,0.000000,0.000000,22.810455,22.935558,22.601950,22.810455
2021-08-18,27.299999,27.299999,26.850000,27.000000,2128672,0.000000,0.000000,22.768751,22.768751,22.393442,22.518545
2021-08-19,26.799999,26.850000,26.299999,26.450001,2640188,0.000000,0.000000,22.351741,22.393443,21.934731,22.059835
2021-08-22,26.250000,26.549999,25.850000,26.450001,3974004,0.000000,0.000000,21.893031,22.143236,21.559423,22.059835
2021-08-23,26.450001,26.700001,25.900000,25.950001,2194235,0.000000,0.000000,22.059836,22.268341,21.601124,21.642826
2021-08-24,26.200001,26.500000,25.950001,26.450001,2301489,0.000000,0.000000,21.851330,22.101536,21.642825,22.059835
2021-08-25,26.600000,26.700001,26.100000,26.500000,2955613,0.000000,0.000000,22.184938,22.268340,21.767928,22.101536
2021-08-26,26.500000,26.700001,26.350000,26.700001,1452470,0.000000,0.000000,22.101536,22.268341,21.976434,22.268341
2021-08-29,26.700001,27.100000,26.600000,27.000000,1142457,0.000000,0.000000,22.268340,22.601947,22.184937,22.518545
2021-08-30,27.000000,27.100000,26.850000,27.000000,943561,0.000000,0.000000,22.518545,22.601947,22.393442,22.518545
2021-08-31,27.000000,27.299999,26.950001,27.299999,3193208,0.000000,0.000000,22.518546,22.768751,22.476845,22.768751
2021-09-01,27.299999,28.200001,27.250000,28.150000,3391174,0.000000,0.000000,22.768751,23.519371,22.727051,23.477669
2021-09-02,28.200001,28.700001,27.600000,27.799999,4658725,0.000000,0.000000,23.519372,23.936382,23.018959,23.185762
2021-09-05,27.950001,28.400000,27.799999,27.950001,3024965,0.000000,0.000000,23.310865,23.686174,23.185761,23.310865
2021-09-06,28.000000,28.000000,27.500000,27.700001,2980160,0.000000,0.000000,23.352567,23.352567,22.935557,23.102362
2021-09-07,27.650000,28.000000,27.450001,27.700001,2545950,0.000000,0.000000,23.060660,23.352567,22.893857,23.102362
2021-09-08,27.850000,27.900000,27.400000,27.500000,3044263,0.000000,0.000000,23.227464,23.269164,22.852154,22.935556
2021-09-09,27.500000,27.500000,27.100000,27.350000,2686125,0.000000,0.000000,22.935558,22.935558,22.601950,22.810455
2021-09-12,27.350000,27.350000,26.950001,27.100000,1944633,0.000000,0.000000,22.810453,22.810453,22.476845,22.601948
2021-09-13,27.100000,27.150000,26.750000,26.850000,3241501,0.000000,0.000000,22.601949,22.643650,22.310042,22.393444
2021-09-14,26.850000,27.350000,26.850000,27.250000,1703845,0.000000,0.000000,22.393443,22.810453,22.393443,22.727051
2021-09-15,27.299999,27.500000,27.200001,27.500000,2077766,0.000000,0.000000,22.768752,22.935556,22.685351,22.935556
2021-09-16,27.500000,27.900000,27.200001,27.900000,3945193,0.000000,0.000000,22.935557,23.269165,22.685352,23.269165
2021-09-19,27.799999,27.900000,27.200001,27.450001,2052047,0.000000,0.000000,23.185760,23.269162,22.685349,22.893854
2021-09-20,27.350000,27.350000,26.850000,26.900000,4189616,0.000000,0.000000,22.810450,22.810450,22.393440,22.435141
2021-09-21,26.900000,27.400000,26.650000,27.049999,2371866,0.000000,0.000000,22.435145,22.852155,22.226640,22.560247
2021-09-22,27.100000,27.200001,26.700001,26.799999,2521141,0.000000,0.000000,22.601945,22.685347,22.268337,22.351738
2021-09-26,26.900000,27.000000,26.750000,26.950001,2035449,0.000000,0.000000,22.435143,22.518545,22.310040,22.476845
2021-09-27,26.950001,27.000000,26.299999,26.850000,3984118,0.000000,0.000000,22.476846,22.518547,21.934732,22.393444
2021-09-28,26.700001,27.150000,26.549999,26.700001,3495234,0.000000,0.000000,22.268341,22.643649,22.143237,22.268341
2021-09-29,26.700001,27.049999,26.700001,27.000000,2508288,0.000000,0.000000,22.268340,22.560246,22.268340,22.518545
2021-09-30,27.000000,27.049999,26.850000,26.900000,1840278,0.000000,0.000000,22.518543,22.560243,22.393440,22.435141
2021-10-03,27.000000,27.000000,26.700001,26.900000,1568270,0.000000,0.000000,22.518543,22.518543,22.268338,22.435141
2021-10-04,26.850000,26.900000,26.600000,26.750000,2123097,0.000000,0.000000,22.393442,22.435142,22.184937,22.310040
2021-10-05,26.799999,27.400000,26.799999,27.350000,5694296,0.000000,0.000000,22.351743,22.852156,22.351743,22.810455
2021-10-06,27.450001,27.650000,26.900000,27.049999,6297252,0.000000,0.000000,22.893857,23.060660,22.435145,22.560247
2021-10-07,27.049999,27.450001,26.950001,27.400000,2988584,0.000000,0.000000,22.560244,22.893854,22.476844,22.852152
2021-10-10,27.299999,27.450001,26.950001,27.049999,2399990,0.000000,0.000000,22.768752,22.893857,22.476847,22.560247
2021-10-11,27.049999,27.049999,27.049999,27.049999,0,0.000000,0.000000,22.560247,22.560247,22.560247,22.560247
2021-10-12,27.299999,27.299999,26.850000,27.000000,2625616,0.000000,0.000000,22.768751,22.768751,22.393442,22.518545
2021-10-13,26.950001,27.100000,26.850000,27.000000,3234781,0.000000,0.000000,22.476845,22.601947,22.393442,22.518545
2021-10-14,26.950001,27.299999,26.650000,27.150000,6188186,0.000000,0.000000,22.476845,22.768751,22.226638,22.643648
2021-10-17,27.200001,27.799999,27.000000,27.799999,5600518,0.000000,0.000000,22.685352,23.185762,22.518547,23.185762
2021-10-18,27.750000,27.850000,27.450001,27.700001,2379595,0.000000,0.000000,23.144062,23.227464,22.893857,23.102362
2021-10-19,27.700001,27.700001,27.250000,27.549999,3113524,0.000000,0.000000,23.102361,23.102361,22.727051,22.977257
2021-10-20,27.549999,27.600000,27.299999,27.500000,1708853,0.000000,0.000000,22.977257,23.018959,22.768752,22.935556
2021-10-21,27.400000,27.799999,27.350000,27.500000,4464988,0.000000,0.000000,22.852154,23.185762,22.810454,22.935556
2021-10-24,27.500000,27.799999,27.400000,27.600000,3599243,0.000000,0.000000,22.935555,23.185760,22.852152,23.018957
2021-10-25,27.600000,28.600000,27.549999,28.500000,8892974,0.000000,0.000000,23.018959,23.852979,22.977257,23.769577
2021-10-26,28.500000,28.650000,27.850000,28.000000,6262346,0.000000,0.000000,23.769578,23.894681,23.227465,23.352568
2021-10-27,28.000000,28.250000,27.799999,28.000000,3691241,0.000000,0.000000,23.352568,23.561073,23.185763,23.352568
2021-10-28,27.799999,28.600000,27.799999,28.500000,3921144,0.000000,0.000000,23.185762,23.852979,23.185762,23.769577
2021-10-31,28.500000,29.400000,28.500000,29.400000,7830080,0.000000,0.000000,23.769575,24.520193,23.769575,24.520193
2021-11-01,29.299999,29.500000,28.950001,29.400000,4846304,0.000000,0.000000,24.436791,24.603595,24.144885,24.520193
2021-11-02,29.200001,29.549999,29.100000,29.100000,2435754,0.000000,0.000000,24.353389,24.645295,24.269987,24.269987
2021-11-03,29.100000,29.100000,28.000000,28.000000,4689284,0.000000,0.000000,24.269990,24.269990,23.352568,23.352568
2021-11-04,27.799999,28.200001,27.400000,27.950001,3802336,0.000000,0.000000,23.185761,23.519370,22.852153,23.310865
2021-11-07,27.600000,27.900000,27.000000,27.400000,11304822,0.000000,0.000000,23.018957,23.269162,22.518544,22.852152
2021-11-08,27.400000,27.450001,26.799999,27.250000,5316828,0.000000,0.000000,22.852153,22.893855,22.351741,22.727051
2021-11-09,27.250000,27.250000,26.100000,26.150000,7165361,0.000000,0.000000,22.727050,22.727050,21.767927,21.809628
2021-11-10,26.049999,26.450001,26.049999,26.450001,4118714,0.000000,0.000000,21.726226,22.059835,21.726226,22.059835
2021-11-11,26.400000,26.750000,26.200001,26.400000,3650849,0.000000,0.000000,22.018133,22.310041,21.851330,22.018133
2021-11-14,26.450001,26.750000,26.299999,26.700001,1963980,0.000000,0.000000,22.059836,22.310041,21.934732,22.268341
2021-11-15,26.650000,26.799999,26.299999,26.400000,1664030,0.000000,0.000000,22.226638,22.351741,21.934731,22.018133
2021-11-16,26.299999,26.500000,26.100000,26.450001,2886127,0.000000,0.000000,21.934731,22.101536,21.767928,22.059835
2021-11-17,26.350000,26.500000,26.200001,26.299999,1853380,0.000000,0.000000,21.976432,22.101535,21.851330,21.934731
2021-11-18,26.299999,26.299999,26.299999,26.299999,0,0.000000,0.000000,21.934731,21.934731,21.934731,21.934731
2021-11-21,25.799999,25.900000,25.299999,25.500000,2475203,0.000000,0.000000,21.517723,21.601125,21.100712,21.267517
2021-11-22,25.500000,25.650000,24.639999,24.700001,3730805,0.000000,0.000000,21.267515,21.392618,20.550257,20.600300
2021-11-23,24.600000,24.959999,24.080000,24.400000,9968819,0.000000,0.000000,20.516897,20.817143,20.083206,20.350092
2021-11-24,24.459999,24.540001,24.139999,24.480000,7264026,0.000000,0.000000,20.400134,20.466857,20.133248,20.416815
2021-11-25,24.500000,25.150000,24.440001,24.740000,7862709,0.000000,0.000000,20.433497,20.975609,20.383456,20.633661
2021-11-28,24.740000,24.740000,24.740000,24.740000,0,0.000000,0.000000,20.633661,20.633661,20.633661,20.633661
2021-11-29,24.100000,24.420000,23.740000,24.000000,4719413,0.000000,0.000000,20.099889,20.366776,19.799642,20.016487
2021-11-30,23.959999,23.959999,23.240000,23.600000,7046499,0.000000,0.000000,19.983123,19.983123,19.382629,19.682877
2021-12-01,23.760000,23.860001,23.520000,23.719999,3060603,0.000000,0.000000,19.816319,19.899721,19.616154,19.782957
2021-12-02,23.600000,23.860001,23.520000,23.660000,2748045,0.000000,0.000000,19.682877,19.899722,19.616155,19.732918
2021-12-05,23.959999,24.280001,23.820000,24.200001,2477267,0.000000,0.000000,19.983122,20.250010,19.866360,20.183289
2021-12-06,24.200001,24.400000,24.120001,24.379999,4711065,0.000000,0.000000,20.183290,20.350093,20.116568,20.333412
2021-12-07,24.340000,24.620001,24.299999,24.360001,2623307,0.000000,0.000000,20.300050,20.533576,20.266688,20.316730
2021-12-08,24.360001,24.360001,23.780001,23.959999,4544862,0.000000,0.000000,20.316731,20.316731,19.833000,19.983122
2021-12-09,24.000000,24.000000,23.639999,23.900000,1741020,0.000000,0.000000,20.016485,20.016485,19.716237,19.933083
2021-12-12,23.799999,23.860001,23.500000,23.860001,1962542,0.000000,0.000000,19.849681,19.899723,19.599475,19.899723
2021-12-13,23.879999,24.020000,23.820000,23.879999,2782187,0.000000,0.000000,19.916401,20.033165,19.866360,19.916401
2021-12-14,23.820000,23.860001,23.719999,23.860001,1568700,0.000000,0.000000,19.866361,19.899723,19.782959,19.899723
2021-12-15,23.860001,24.400000,23.740000,24.400000,3284982,0.000000,0.000000,19.899722,20.350092,19.799639,20.350092
2021-12-16,24.440001,24.700001,24.420000,24.440001,3630206,0.000000,0.000000,20.383453,20.600299,20.366773,20.383453
2021-12-19,24.280001,24.280001,24.000000,24.020000,1949829,0.000000,0.000000,20.250010,20.250010,20.016484,20.033165
2021-12-20,23.980000,23.980000,23.700001,23.879999,1988179,0.000000,0.000000,19.999803,19.999803,19.766279,19.916401
2021-12-21,23.820000,23.940001,23.760000,23.900000,1297559,0.000000,0.000000,19.866361,19.966444,19.816320,19.933083
2021-12-22,23.959999,24.139999,23.740000,23.799999,2162555,0.000000,0.000000,19.983125,20.133249,19.799641,19.849682
2021-12-23,23.799999,24.000000,23.740000,24.000000,1642310,0.000000,0.000000,19.849682,20.016487,19.799642,20.016487
2021-12-26,24.040001,24.400000,23.860001,24.120001,2224658,0.000000,0.000000,20.049846,20.350092,19.899722,20.116568
2021-12-27,24.100000,24.100000,23.879999,24.080000,1106430,0.000000,0.000000,20.099887,20.099887,19.916402,20.083206
2021-12-28,24.000000,24.139999,23.980000,24.059999,2453306,0.000000,0.000000,20.016486,20.133248,19.999805,20.066526
2021-12-29,24.000000,24.180000,23.860001,24.020000,2583020,0.000000,0.000000,20.016484,20.166608,19.899722,20.033165
2021-12-30,24.000000,24.100000,23.860001,23.980000,1790517,0.000000,0.000000,20.016484,20.099887,19.899722,19.999804
2022-01-02,23.940001,24.059999,23.940001,24.000000,848927,0.000000,0.000000,19.966446,20.066528,19.966446,20.016487
2022-01-03,24.059999,24.080000,23.840000,23.959999,1175207,0.000000,0.000000,20.066524,20.083205,19.883040,19.983122
2022-01-04,23.879999,24.020000,23.879999,24.000000,1170011,0.000000,0.000000,19.916404,20.033168,19.916404,20.016487
2022-01-05,24.000000,24.440001,23.940001,24.379999,3061252,0.000000,0.000000,20.016485,20.383455,19.966444,20.333412
2022-01-06,24.299999,24.299999,24.100000,24.240000,1958318,0.000000,0.000000,20.266691,20.266691,20.099888,20.216650
2022-01-09,24.320000,24.620001,24.260000,24.600000,2053419,0.000000,0.000000,20.283373,20.533580,20.233332,20.516899
2022-01-10,24.639999,25.150000,24.639999,25.150000,2941982,0.000000,0.000000,20.550258,20.975609,20.550258,20.975609
2022-01-11,25.299999,25.400000,24.940001,25.200001,4257846,0.000000,0.000000,21.100710,21.184112,20.800464,21.017309
2022-01-12,25.200001,25.299999,24.980000,25.150000,2657984,0.000000,0.000000,21.017311,21.100712,20.833825,20.975609
2022-01-13,25.150000,25.500000,25.100000,25.400000,3021799,0.000000,0.000000,20.975609,21.267517,20.933909,21.184114
2022-01-16,25.500000,25.850000,25.400000,25.700001,2405336,0.000000,0.000000,21.267516,21.559423,21.184113,21.434320
2022-01-17,25.799999,25.799999,25.500000,25.700001,1777292,0.000000,0.000000,21.517721,21.517721,21.267516,21.434320
2022-01-18,25.750000,25.750000,25.450001,25.600000,1319996,0.000000,0.000000,21.476021,21.476021,21.225815,21.350918
2022-01-19,25.549999,25.600000,25.299999,25.400000,1023048,0.000000,0.000000,21.309217,21.350919,21.100712,21.184114
2022-01-20,25.400000,25.549999,25.299999,25.450001,1030843,0.000000,0.000000,21.184111,21.309214,21.100709,21.225813
2022-01-23,25.350000,25.450001,25.150000,25.350000,1068295,0.000000,0.000000,21.142414,21.225816,20.975609,21.142414
2022-01-24,25.450001,26.049999,25.450001,25.799999,3968371,0.000000,0.000000,21.225815,21.726226,21.225815,21.517721
2022-01-25,25.650000,26.200001,25.549999,26.200001,2695540,0.000000,0.000000,21.392620,21.851332,21.309217,21.851332
2022-01-26,26.200001,26.200001,26.200001,26.200001,0,0.000000,0.000000,21.851332,21.851332,21.851332,21.851332
2022-01-27,26.200001,26.200001,26.200001,26.200001,0,0.000000,0.000000,21.851332,21.851332,21.851332,21.851332
2022-01-30,26.150000,26.650000,26.100000,26.600000,1710473,0.000000,0.000000,21.809629,22.226639,21.767928,22.184938
2022-01-31,26.650000,26.700001,26.150000,26.250000,3186263,0.000000,0.000000,22.226638,22.268340,21.809628,21.893030
2022-02-01,26.500000,26.500000,26.200001,26.400000,1558019,0.000000,0.000000,22.101536,22.101536,21.851330,22.018133
2022-02-02,26.450001,26.700001,26.200001,26.250000,2528050,0.000000,0.000000,22.059835,22.268340,21.851330,21.893030
2022-02-03,26.250000,26.299999,25.950001,26.150000,1665401,0.000000,0.000000,21.893030,21.934730,21.642824,21.809628
2022-02-06,26.200001,26.299999,25.950001,26.150000,1040030,0.000000,0.000000,21.851329,21.934730,21.642824,21.809628
2022-02-07,26.150000,26.549999,26.100000,26.450001,1824074,0.000000,0.000000,21.809628,22.143236,21.767928,22.059835
2022-02-08,26.500000,26.600000,26.250000,26.400000,1510260,0.000000,0.000000,22.101536,22.184938,21.893030,22.018133
2022-02-09,26.500000,26.500000,26.200001,26.400000,2255796,0.000000,0.000000,22.101536,22.101536,21.851330,22.018133
2022-02-10,26.350000,26.450001,26.200001,26.400000,2140928,0.000000,0.000000,21.976433,22.059835,21.851330,22.018133
2022-02-13,26.250000,26.299999,25.500000,25.850000,2773687,0.000000,0.000000,21.893031,21.934732,21.267516,21.559423
2022-02-14,25.850000,26.450001,25.700001,26.450001,2348911,0.000000,0.000000,21.559423,22.059835,21.434320,22.059835
2022-02-15,26.250000,26.450001,26.100000,26.400000,2036789,0.000000,0.000000,21.893030,22.059835,21.767928,22.018133
2022-02-16,26.400000,26.700001,26.350000,26.600000,3838388,0.000000,0.000000,22.018134,22.268341,21.976433,22.184938
2022-02-17,26.600000,26.700001,26.299999,26.549999,2530768,0.000000,0.000000,22.184940,22.268342,21.934733,22.143238
2022-02-20,26.350000,26.450001,26.049999,26.100000,1827232,0.000000,0.000000,21.976430,22.059833,21.726223,21.767925
2022-02-21,26.100000,27.000000,26.100000,26.549999,3685036,0.000000,0.000000,21.767930,22.518548,21.767930,22.143238
2022-02-23,26.549999,27.400000,26.450001,27.250000,5680471,0.000000,0.000000,22.143236,22.852153,22.059835,22.727051
2022-02-24,27.000000,27.200001,26.600000,26.950001,7032744,0.000000,0.000000,22.518545,22.685350,22.184937,22.476845
2022-02-27,27.299999,28.200001,27.150000,27.850000,6850354,0.000000,0.000000,22.768751,23.519370,22.643648,23.227463
2022-02-28,27.950001,28.000000,27.600000,27.600000,3621121,0.000000,0.000000,23.310865,23.352565,23.018957,23.018957
2022-03-01,27.700001,28.250000,27.600000,28.150000,5226766,0.000000,0.000000,23.102361,23.561071,23.018958,23.477669
2022-03-02,27.950001,28.549999,27.950001,28.299999,4480003,0.000000,0.000000,23.310864,23.811275,23.310864,23.602770
2022-03-03,28.200001,28.650000,28.100000,28.500000,4989202,0.000000,0.000000,23.519372,23.894680,23.435969,23.769577
2022-03-06,28.500000,28.600000,28.250000,28.299999,2735408,0.000000,0.000000,23.769575,23.852977,23.561069,23.602770
2022-03-07,28.350000,28.400000,28.000000,28.100000,4046582,0.000000,0.000000,23.644472,23.686172,23.352564,23.435966
2022-03-08,28.100000,29.250000,28.049999,28.900000,8609773,0.000000,0.000000,23.435968,24.395091,23.394266,24.103184
2022-03-09,28.900000,29.299999,28.400000,29.049999,5235265,0.000000,0.000000,24.103186,24.436794,23.686176,24.228289
2022-03-10,28.900000,30.000000,28.799999,29.799999,7711210,0.000000,0.000000,24.103184,25.020606,24.019782,24.853802
2022-03-13,29.799999,30.500000,29.150000,29.299999,5113473,0.000000,0.000000,24.853802,25.437617,24.311690,24.436792
2022-03-14,29.250000,31.000000,28.799999,30.500000,6723574,0.000000,0.000000,24.395091,25.854626,24.019781,25.437616
2022-03-15,30.350000,31.000000,30.250000,30.750000,9146905,0.000000,0.000000,25.312512,25.854625,25.229110,25.646120
2022-03-16,28.400000,28.700001,27.700001,27.700001,28733420,0.000000,0.000000,23.686175,23.936382,23.102362,23.102362
2022-03-17,26.799999,26.950001,25.600000,26.000000,32426833,0.000000,0.000000,22.351742,22.476846,21.350919,21.684526
2022-03-20,26.000000,26.350000,25.950001,26.000000,7582840,0.000000,0.000000,21.684526,21.976434,21.642826,21.684526
2022-03-21,26.150000,26.200001,25.750000,25.750000,5252371,0.000000,0.000000,21.809627,21.851329,21.476019,21.476019
2022-03-22,26.000000,26.000000,25.549999,25.799999,3629841,0.000000,0.000000,21.684526,21.684526,21.309216,21.517721
2022-03-23,25.799999,26.100000,25.650000,25.750000,3325151,0.000000,0.000000,21.517719,21.767926,21.392617,21.476019
2022-03-24,25.850000,26.000000,25.750000,26.000000,2862961,0.000000,0.000000,21.559424,21.684526,21.476021,21.684526
2022-03-27,26.000000,26.750000,25.900000,26.700001,5604521,0.000000,0.000000,21.684526,22.310041,21.601124,22.268341
2022-03-28,26.750000,27.100000,26.600000,26.900000,5020966,0.000000,0.000000,22.310038,22.601945,22.184935,22.435141
2022-03-29,26.900000,26.900000,26.450001,26.500000,3142008,0.000000,0.000000,22.435144,22.435144,22.059835,22.101536
2022-03-30,26.549999,26.600000,26.200001,26.500000,1239172,0.000000,0.000000,22.143236,22.184938,21.851330,22.101536
2022-03-31,26.400000,26.600000,26.250000,26.500000,2384942,0.000000,0.000000,22.018133,22.184938,21.893031,22.101536
2022-04-03,26.650000,26.650000,26.450001,26.500000,729410,0.000000,0.000000,22.226639,22.226639,22.059835,22.101536
2022-04-04,26.500000,26.500000,26.500000,26.500000,0,0.000000,0.000000,22.101536,22.101536,22.101536,22.101536
2022-04-05,26.650000,26.700001,26.200001,26.450001,5727595,0.000000,0.000000,22.226639,22.268340,21.851330,22.059835
2022-04-06,26.450001,27.000000,26.299999,26.950001,5873621,0.000000,0.000000,22.059835,22.518545,21.934730,22.476845
2022-04-07,26.900000,27.100000,26.700001,26.950001,2457412,0.000000,0.000000,22.435143,22.601947,22.268340,22.476845
2022-04-10,27.000000,27.049999,26.799999,26.850000,2734979,0.000000,0.000000,22.518547,22.560247,22.351742,22.393444
2022-04-11,26.799999,27.600000,26.799999,27.600000,4001111,0.000000,0.000000,22.351740,23.018957,22.351740,23.018957
2022-04-12,27.600000,27.850000,27.250000,27.850000,3690173,0.000000,0.000000,23.018958,23.227463,22.727050,23.227463
2022-04-13,27.799999,27.799999,27.250000,27.400000,2665152,0.000000,0.000000,23.185760,23.185760,22.727049,22.852152
2022-04-14,27.250000,27.650000,27.000000,27.000000,2929495,0.000000,0.000000,22.727050,23.060658,22.518545,22.518545
2022-04-17,27.000000,27.100000,26.850000,27.049999,1575745,0.000000,0.000000,22.518547,22.601949,22.393444,22.560247
2022-04-18,27.100000,27.350000,27.049999,27.200001,1040250,0.000000,0.000000,22.601948,22.810453,22.560246,22.685350
2022-04-19,27.100000,27.200001,26.500000,26.500000,2261659,0.000000,0.000000,22.601948,22.685351,22.101536,22.101536
2022-04-20,26.600000,27.350000,26.549999,27.299999,2899518,0.000000,0.000000,22.184938,22.810453,22.143236,22.768751
2022-04-21,27.150000,27.250000,26.850000,26.850000,2068752,0.000000,0.000000,22.643650,22.727052,22.393444,22.393444
2022-04-24,26.799999,26.950001,26.700001,26.799999,827819,0.000000,0.000000,22.351738,22.476842,22.268337,22.351738
2022-04-25,26.799999,27.450001,26.750000,27.450001,2225593,0.000000,0.000000,22.351740,22.893854,22.310039,22.893854
2022-04-26,27.450001,27.450001,26.850000,27.100000,1825598,0.000000,0.000000,22.893855,22.893855,22.393443,22.601948
2022-04-27,27.000000,27.000000,26.650000,26.900000,2120473,0.000000,0.000000,22.518543,22.518543,22.226636,22.435141
2022-04-28,26.900000,27.250000,26.850000,27.049999,1713513,0.000000,0.000000,22.435145,22.727052,22.393444,22.560247
2022-05-08,27.000000,27.100000,26.900000,27.000000,1315199,0.000000,0.000000,22.518545,22.601947,22.435143,22.518545
2022-05-09,27.000000,27.299999,26.900000,27.299999,2380576,0.000000,0.000000,22.518546,22.768751,22.435143,22.768751
2022-05-10,27.250000,27.299999,26.950001,27.150000,2037261,0.000000,0.000000,22.727050,22.768751,22.476845,22.643648
2022-05-11,27.100000,27.650000,27.000000,27.400000,3966987,0.000000,0.000000,22.601946,23.060657,22.518544,22.852152
2022-05-12,27.500000,27.500000,26.700001,26.700001,3198760,0.000000,0.000000,22.935557,22.935557,22.268341,22.268341
2022-05-15,26.700001,27.049999,26.700001,26.950001,894439,0.000000,0.000000,22.268340,22.560246,22.268340,22.476845
2022-05-16,26.900000,27.100000,26.850000,27.049999,1823299,0.000000,0.000000,22.435145,22.601949,22.393444,22.560247
2022-05-17,27.000000,27.000000,26.500000,26.799999,2673141,0.000000,0.000000,22.518543,22.518543,22.101533,22.351738
2022-05-18,26.799999,26.799999,26.799999,26.799999,0,0.700000,0.000000,22.951212,22.951212,22.951212,22.951212
2022-05-19,24.000000,24.000000,22.820000,23.299999,7395846,0.000000,0.000000,20.553326,20.553326,19.542787,19.953854
2022-05-22,23.240000,23.280001,22.700001,22.940001,3058504,0.000000,0.000000,19.902469,19.936726,19.440021,19.645554
2022-05-23,22.920000,23.280001,22.840000,23.080000,2405112,0.000000,0.000000,19.628427,19.936728,19.559916,19.765450
2022-05-24,23.040001,23.980000,22.980000,23.959999,2449480,0.000000,0.000000,19.731192,20.536196,19.679807,20.519068
2022-05-25,24.000000,25.450001,23.980000,25.450001,4132480,0.000000,0.000000,20.553326,21.795090,20.536197,21.795090
2022-05-26,25.500000,25.600000,24.740000,24.900000,2474740,0.000000,0.000000,21.837909,21.923548,21.187054,21.324076
2022-05-29,24.900000,25.100000,24.900000,25.049999,983488,0.000000,0.000000,21.324076,21.495354,21.324076,21.452534
2022-05-30,25.049999,25.350000,24.959999,25.200001,2330221,0.000000,0.000000,21.452532,21.709450,21.375457,21.580992
2022-05-31,25.200001,25.200001,24.280001,24.280001,6286620,0.000000,0.000000,21.580993,21.580993,20.793116,20.793116
2022-06-01,24.340000,24.559999,24.260000,24.420000,1109411,0.000000,0.000000,20.844499,21.032904,20.775988,20.913010
2022-06-02,24.480000,24.480000,23.920000,23.940001,2302998,0.000000,0.000000,20.964391,20.964391,20.484814,20.501942
2022-06-05,23.940001,24.059999,23.780001,23.959999,770262,0.000000,0.000000,20.501941,20.604707,20.364919,20.519068
2022-06-06,23.980000,24.299999,23.980000,24.260000,1419657,0.000000,0.000000,20.536198,20.810242,20.536198,20.775988
2022-06-07,24.340000,24.340000,24.000000,24.219999,1319453,0.000000,0.000000,20.844495,20.844495,20.553323,20.741728
2022-06-08,24.020000,24.219999,24.000000,24.180000,1038915,0.000000,0.000000,20.570454,20.741730,20.553325,20.707476
2022-06-09,23.980000,24.440001,23.980000,24.440001,1525353,0.000000,0.000000,20.536196,20.930136,20.536196,20.930136
2022-06-12,24.200001,24.240000,23.760000,23.799999,2822016,0.000000,0.000000,20.724606,20.758861,20.347795,20.382050
2022-06-13,23.799999,23.799999,23.500000,23.600000,2264415,0.000000,0.000000,20.382046,20.382046,20.125130,20.210770
2022-06-14,23.600000,23.780001,23.020000,23.240000,2874873,0.000000,0.000000,20.210770,20.364920,19.714065,19.902470
2022-06-15,23.240000,23.299999,22.920000,22.959999,5272244,0.000000,0.000000,19.902471,19.953854,19.628427,19.662682
2022-06-16,23.000000,23.100000,22.660000,23.000000,3911400,0.000000,0.000000,19.696936,19.782575,19.405763,19.696936
2022-06-19,22.500000,22.700001,21.740000,21.820000,2246509,0.000000,0.000000,19.268742,19.440020,18.617887,18.686398
2022-06-20,22.000000,22.900000,21.799999,22.500000,1575057,0.000000,0.000000,18.840547,19.611297,18.669269,19.268742
2022-06-21,22.780001,23.700001,22.700001,23.320000,1748134,0.000000,0.000000,19.508533,20.296410,19.440022,19.970982
2022-06-22,23.320000,23.500000,22.780001,23.000000,1910782,0.000000,0.000000,19.970980,20.125130,19.508531,19.696936
2022-06-23,23.000000,23.139999,22.700001,22.959999,729998,0.000000,0.000000,19.696938,19.816832,19.440022,19.662682
2022-06-26,23.400000,23.400000,23.040001,23.379999,718000,0.000000,0.000000,20.039494,20.039494,19.731195,20.022366
2022-06-27,23.400000,23.400000,23.139999,23.340000,922789,0.000000,0.000000,20.039492,20.039492,19.816831,19.988110
2022-06-28,23.400000,24.000000,23.139999,24.000000,1781087,0.000000,0.000000,20.039494,20.553328,19.816833,20.553328
2022-06-29,24.000000,24.260000,23.860001,24.100000,1446615,0.000000,0.000000,20.553325,20.775986,20.433431,20.638964
2022-06-30,24.100000,24.240000,23.799999,24.200001,1728317,0.000000,0.000000,20.638964,20.758858,20.382047,20.724604
2022-07-03,24.200001,24.379999,24.000000,24.219999,505815,0.000000,0.000000,20.724601,20.878750,20.553323,20.741728
2022-07-04,24.120001,24.180000,23.840000,23.900000,1867427,0.000000,0.000000,20.656092,20.707475,20.416303,20.467686
2022-07-05,23.980000,24.100000,23.500000,23.600000,1234654,0.000000,0.000000,20.536197,20.638964,20.125130,20.210770
2022-07-06,23.160000,23.980000,23.160000,23.940001,857054,0.000000,0.000000,19.833958,20.536196,19.833958,20.501942
2022-07-13,23.940001,24.700001,23.600000,23.600000,1880095,0.000000,0.000000,20.501942,21.152797,20.210770,20.210770
2022-07-14,23.620001,23.840000,23.180000,23.420000,1356243,0.000000,0.000000,20.227896,20.416301,19.851085,20.056618
2022-07-17,23.500000,23.760000,23.379999,23.440001,711467,0.000000,0.000000,20.125132,20.347794,20.022365,20.073750
2022-07-18,23.480000,23.500000,23.160000,23.379999,1838038,0.000000,0.000000,20.108005,20.125133,19.833961,20.022366
2022-07-19,23.379999,23.820000,23.260000,23.700001,1934132,0.000000,0.000000,20.022364,20.399175,19.919598,20.296410
2022-07-20,23.719999,24.160000,23.700001,23.959999,1367997,0.000000,0.000000,20.313535,20.690346,20.296408,20.519068
2022-07-21,23.959999,24.500000,23.940001,24.500000,2086648,0.000000,0.000000,20.519069,20.981520,20.501943,20.981520
2022-07-24,24.520000,24.600000,24.299999,24.320000,1316994,0.000000,0.000000,20.998650,21.067161,20.810243,20.827372
2022-07-25,24.480000,24.480000,24.100000,24.400000,965572,0.000000,0.000000,20.964391,20.964391,20.638964,20.895880
2022-07-26,24.400000,24.480000,24.219999,24.440001,743306,0.000000,0.000000,20.895879,20.964390,20.741729,20.930136
2022-07-27,24.360001,24.959999,24.360001,24.799999,1951507,0.000000,0.000000,20.861626,21.375458,20.861626,21.238436
2022-07-28,24.799999,24.900000,24.580000,24.639999,1923988,0.000000,0.000000,21.238434,21.324073,21.050029,21.101412
2022-07-31,24.900000,24.900000,24.719999,24.799999,621770,0.000000,0.000000,21.324075,21.324075,21.169925,21.238436
2022-08-01,24.980000,25.450001,24.920000,25.450001,1965208,0.000000,0.000000,21.392586,21.795090,21.341203,21.795090
2022-08-02,25.250000,25.500000,24.980000,25.500000,1454627,0.000000,0.000000,21.623813,21.837910,21.392587,21.837910
2022-08-03,25.400000,25.700001,25.200001,25.700001,1164804,0.000000,0.000000,21.752270,22.009188,21.580993,22.009188
2022-08-04,25.650000,25.900000,25.500000,25.850000,1514099,0.000000,0.000000,21.966367,22.180464,21.837909,22.137646
2022-08-07,25.850000,25.850000,25.549999,25.600000,234795,0.000000,0.000000,22.137645,22.137645,21.880727,21.923548
2022-08-08,25.600000,26.049999,25.600000,26.000000,1145475,0.000000,0.000000,21.923549,22.308923,21.923549,22.266104
2022-08-09,26.000000,26.000000,25.799999,25.850000,637849,0.000000,0.000000,22.266104,22.266104,22.094825,22.137646
2022-08-10,26.000000,26.000000,25.700001,25.900000,551027,0.000000,0.000000,22.266101,22.266101,22.009185,22.180462
2022-08-11,26.000000,26.049999,25.900000,26.049999,891333,0.000000,0.000000,22.266101,22.308920,22.180462,22.308920
2022-08-14,25.950001,26.150000,25.900000,26.049999,640930,0.000000,0.000000,22.223282,22.394559,22.180462,22.308920
2022-08-15,26.000000,26.100000,25.799999,26.100000,437920,0.000000,0.000000,22.266101,22.351740,22.094822,22.351740
2022-08-16,26.049999,26.200001,25.950001,26.200001,1351418,0.000000,0.000000,22.308924,22.437384,22.223286,22.437384
2022-08-17,26.250000,26.250000,26.000000,26.200001,801638,0.000000,0.000000,22.480202,22.480202,22.266105,22.437384
2022-08-18,26.250000,26.799999,26.200001,26.750000,2926874,0.000000,0.000000,22.480200,22.951213,22.437381,22.908394
2022-08-21,26.750000,26.750000,26.400000,26.500000,1173234,0.000000,0.000000,22.908395,22.908395,22.608659,22.694298
2022-08-22,25.799999,26.299999,25.799999,26.100000,2252913,0.000000,0.000000,22.094822,22.523017,22.094822,22.351740
2022-08-23,26.000000,26.400000,25.950001,26.200001,1105328,0.000000,0.000000,22.266105,22.608660,22.223286,22.437384
2022-08-24,26.000000,26.250000,25.900000,26.250000,1078554,0.000000,0.000000,22.266103,22.480200,22.180463,22.480200
2022-08-25,26.250000,26.400000,26.150000,26.400000,813355,0.000000,0.000000,22.480200,22.608658,22.394561,22.608658
2022-08-28,26.299999,26.299999,26.000000,26.049999,933792,0.000000,0.000000,22.523017,22.523017,22.266101,22.308920
2022-08-29,26.049999,26.200001,26.000000,26.000000,1557047,0.000000,0.000000,22.308923,22.437382,22.266104,22.266104
2022-08-30,26.100000,26.150000,25.900000,25.950001,994951,0.000000,0.000000,22.351744,22.394562,22.180465,22.223286
2022-08-31,25.900000,26.200001,25.250000,25.250000,6498125,0.000000,0.000000,22.180462,22.437380,21.623810,21.623810
2022-09-01,25.299999,25.600000,25.250000,25.299999,1173021,0.000000,0.000000,21.666630,21.923547,21.623811,21.666630
2022-09-04,25.400000,25.500000,25.299999,25.450001,242302,0.000000,0.000000,21.752269,21.837908,21.666630,21.795090
2022-09-05,25.299999,25.549999,25.000000,25.100000,699091,0.000000,0.000000,21.666630,21.880728,21.409715,21.495354
2022-09-06,25.250000,25.299999,25.000000,25.000000,1051313,0.000000,0.000000,21.623811,21.666630,21.409714,21.409714
2022-09-07,24.900000,24.959999,24.600000,24.700001,1107733,0.000000,0.000000,21.324074,21.375457,21.067159,21.152798
2022-09-08,24.760000,24.959999,24.580000,24.959999,685697,0.000000,0.000000,21.204181,21.375458,21.050031,21.375458
2022-09-11,24.959999,25.350000,24.860001,24.900000,821486,0.000000,0.000000,21.375459,21.709451,21.289821,21.324076
2022-09-12,24.900000,25.100000,24.760000,24.900000,504357,0.000000,0.000000,21.324076,21.495354,21.204182,21.324076
2022-09-13,24.940001,25.250000,24.860001,25.250000,1413920,0.000000,0.000000,21.358330,21.623810,21.289819,21.623810
2022-09-14,24.879999,25.400000,24.879999,25.350000,891778,0.000000,0.000000,21.306948,21.752270,21.306948,21.709452
2022-09-15,25.250000,25.600000,25.150000,25.600000,2430883,0.000000,0.000000,21.623811,21.923548,21.538172,21.923548
2022-09-18,25.600000,25.600000,24.799999,25.000000,884601,0.000000,0.000000,21.923547,21.923547,21.238435,21.409714
2022-09-19,24.600000,25.100000,24.480000,25.000000,686473,0.000000,0.000000,21.067159,21.495353,20.964391,21.409714
2022-09-20,25.000000,25.450001,24.980000,25.200001,1691845,0.000000,0.000000,21.409713,21.795089,21.392585,21.580992
2022-09-21,25.100000,25.250000,24.740000,25.049999,1220245,0.000000,0.000000,21.495354,21.623812,21.187054,21.452534
2022-09-25,24.900000,24.900000,24.299999,24.500000,560984,0.000000,0.000000,21.324075,21.324075,20.810241,20.981520
2022-09-26,24.500000,24.680000,23.719999,23.719999,1526835,0.000000,0.000000,20.981519,21.135670,20.313536,20.313536
2022-09-27,23.719999,24.200001,23.440001,23.500000,1271803,0.000000,0.000000,20.313537,20.724604,20.073749,20.125132
2022-09-28,23.959999,25.000000,23.740000,24.139999,1650274,0.000000,0.000000,20.519069,21.409714,20.330665,20.673220
2022-09-29,24.680000,24.680000,24.000000,24.540001,1486364,0.000000,0.000000,21.135671,21.135671,20.553327,21.015778
2022-10-02,24.080000,24.820000,24.080000,24.799999,354899,0.000000,0.000000,20.621837,21.255564,20.621837,21.238436
2022-10-03,24.879999,25.650000,24.840000,25.450001,1298704,0.000000,0.000000,21.306947,21.966366,21.272692,21.795090
2022-10-04,25.450001,25.450001,25.450001,25.450001,0,0.000000,0.000000,21.795090,21.795090,21.795090,21.795090
2022-10-05,26.100000,26.250000,25.850000,26.150000,1153684,0.000000,0.000000,22.351743,22.480201,22.137646,22.394562
2022-10-06,26.150000,26.150000,25.799999,25.950001,770458,0.000000,0.000000,22.394562,22.394562,22.094826,22.223286
2022-10-09,25.799999,26.049999,25.600000,25.600000,555992,0.000000,0.000000,22.094824,22.308922,21.923548,21.923548
2022-10-10,25.600000,26.100000,25.549999,25.650000,1207583,0.000000,0.000000,21.923547,22.351741,21.880727,21.966366
2022-10-11,25.650000,26.000000,25.600000,25.950001,1009823,0.000000,0.000000,21.966368,22.266104,21.923549,22.223286
2022-10-12,26.000000,26.150000,25.799999,26.000000,1340251,0.000000,0.000000,22.266104,22.394562,22.094825,22.266104
2022-10-13,26.000000,26.049999,25.799999,25.950001,1082427,0.000000,0.000000,22.266104,22.308923,22.094826,22.223286
2022-10-16,25.850000,25.850000,25.299999,25.500000,1123788,0.000000,0.000000,22.137646,22.137646,21.666631,21.837910
2022-10-17,25.299999,25.700001,25.299999,25.700001,691043,0.000000,0.000000,21.666631,22.009188,21.666631,22.009188
2022-10-18,25.600000,26.049999,25.600000,26.049999,896824,0.000000,0.000000,21.923546,22.308920,21.923546,22.308920
2022-10-19,25.799999,26.049999,25.799999,25.900000,488925,0.000000,0.000000,22.094823,22.308920,22.094823,22.180462
2022-10-20,26.000000,26.100000,25.950001,26.100000,963809,0.000000,0.000000,22.266101,22.351740,22.223282,22.351740
2022-10-23,26.200001,26.200001,26.000000,26.100000,524098,0.000000,0.000000,22.437379,22.437379,22.266101,22.351740
2022-10-24,26.100000,26.799999,26.100000,26.799999,2577664,0.000000,0.000000,22.351741,22.951212,22.351741,22.951212
2022-10-25,26.799999,27.299999,26.150000,26.350000,4265030,0.000000,0.000000,22.951212,23.379406,22.394560,22.565838
2022-10-26,26.700001,27.049999,26.299999,26.950001,1340247,0.000000,0.000000,22.865575,23.165309,22.523018,23.079672
2022-10-27,26.950001,27.299999,26.400000,26.799999,3334522,0.000000,0.000000,23.079672,23.379406,22.608657,22.951212
2022-10-30,27.000000,27.000000,26.700001,26.750000,248056,0.000000,0.000000,23.122491,23.122491,22.865575,22.908394
2022-10-31,26.750000,26.750000,26.750000,26.750000,0,0.000000,0.000000,22.908394,22.908394,22.908394,22.908394
2022-11-01,26.950001,26.950001,26.299999,26.500000,995273,0.000000,0.000000,23.079673,23.079673,22.523019,22.694298
2022-11-02,26.299999,26.350000,25.950001,26.200001,1057197,0.000000,0.000000,22.523021,22.565842,22.223286,22.437384
2022-11-03,26.000000,26.350000,25.900000,25.950001,1051008,0.000000,0.000000,22.266104,22.565841,22.180465,22.223286
2022-11-06,26.700001,26.750000,26.150000,26.299999,305355,0.000000,0.000000,22.865577,22.908395,22.394562,22.523020
2022-11-07,26.200001,26.950001,26.200001,26.950001,1323161,0.000000,0.000000,22.437380,23.079672,22.437380,23.079672
2022-11-08,26.500000,26.900000,26.350000,26.700001,830094,0.000000,0.000000,22.694297,23.036853,22.565839,22.865576
2022-11-09,26.500000,26.700001,26.250000,26.450001,766948,0.000000,0.000000,22.694297,22.865575,22.480199,22.651478
2022-11-10,26.100000,26.299999,25.150000,25.299999,1313945,0.000000,0.000000,22.351742,22.523018,21.538172,21.666630
2022-11-13,25.500000,25.500000,24.980000,25.150000,302178,0.000000,0.000000,21.837910,21.837910,21.392588,21.538174
2022-11-14,25.299999,25.900000,24.980000,25.900000,961707,0.000000,0.000000,21.666628,22.180462,21.392584,22.180462
2022-11-15,25.900000,26.150000,25.549999,26.150000,939880,0.000000,0.000000,22.180465,22.394562,21.880728,22.394562
2022-11-16,26.200001,26.400000,25.799999,26.400000,981449,0.000000,0.000000,22.437381,22.608658,22.094824,22.608658
2022-11-17,26.400000,26.500000,26.000000,26.000000,779763,0.000000,0.000000,22.608659,22.694298,22.266104,22.266104
2022-11-20,26.100000,26.250000,25.900000,26.000000,217997,0.000000,0.000000,22.351743,22.480201,22.180465,22.266104
2022-11-21,26.000000,26.250000,25.750000,26.100000,364786,0.000000,0.000000,22.266101,22.480198,22.052004,22.351740
2022-11-22,25.900000,26.250000,25.700001,25.950001,1395580,0.000000,0.000000,22.180465,22.480202,22.009189,22.223286
2022-11-24,25.799999,26.000000,25.450001,26.000000,920872,0.000000,0.000000,22.094825,22.266104,21.795091,22.266104
2022-11-27,25.600000,25.799999,25.350000,25.500000,261421,0.000000,0.000000,21.923549,22.094826,21.709452,21.837910
2022-11-28,25.250000,25.250000,24.440001,24.440001,1242018,0.000000,0.000000,21.623810,21.623810,20.930136,20.930136
2022-11-29,24.440001,24.900000,24.379999,24.639999,494003,0.000000,0.000000,20.930135,21.324073,20.878751,21.101412
2022-11-30,24.639999,25.000000,24.559999,24.740000,1592236,0.000000,0.000000,21.101416,21.409717,21.032905,21.187056
2022-12-01,24.940001,24.940001,24.299999,24.299999,517074,0.000000,0.000000,21.358331,21.358331,20.810242,20.810242
2022-12-04,24.780001,24.780001,24.120001,24.219999,287767,0.000000,0.000000,21.221307,21.221307,20.656090,20.741728
2022-12-05,24.200001,24.200001,23.299999,23.500000,949751,0.000000,0.000000,20.724604,20.724604,19.953853,20.125132
2022-12-06,23.540001,23.799999,23.000000,23.200001,910110,0.000000,0.000000,20.159388,20.382047,19.696937,19.868216
2022-12-07,23.180000,23.200001,22.920000,22.920000,596056,0.000000,0.000000,19.851087,19.868215,19.628426,19.628426
2022-12-08,22.920000,23.600000,22.920000,23.500000,716695,0.000000,0.000000,19.628426,20.210771,19.628426,20.125132
2022-12-11,23.520000,23.559999,23.020000,23.020000,215201,0.000000,0.000000,20.142260,20.176515,19.714066,19.714066
2022-12-12,23.040001,23.639999,22.780001,23.639999,717634,0.000000,0.000000,19.731194,20.245026,19.508533,20.245026
2022-12-13,23.700001,23.700001,23.180000,23.180000,836474,0.000000,0.000000,20.296408,20.296408,19.851086,19.851086
2022-12-14,23.219999,23.500000,23.160000,23.500000,923007,0.000000,0.000000,19.885342,20.125132,19.833959,20.125132
2022-12-15,23.260000,23.740000,23.260000,23.740000,1906595,0.000000,0.000000,19.919598,20.330664,19.919598,20.330664
2022-12-18,23.700001,23.700001,23.240000,23.240000,444754,0.000000,0.000000,20.296409,20.296409,19.902470,19.902470
2022-12-19,23.280001,23.280001,23.059999,23.200001,452430,0.000000,0.000000,19.936727,19.936727,19.748320,19.868216
2022-12-20,23.020000,23.260000,22.879999,23.200001,750383,0.000000,0.000000,19.714065,19.919598,19.594170,19.868216
2022-12-21,23.200001,23.240000,23.080000,23.139999,751350,0.000000,0.000000,19.868214,19.902469,19.765447,19.816830
2022-12-22,23.200001,23.200001,22.959999,23.000000,503149,0.000000,0.000000,19.868214,19.868214,19.662679,19.696936
2022-12-25,23.080000,23.080000,22.940001,23.000000,172590,0.000000,0.000000,19.765447,19.765447,19.645553,19.696936
2022-12-26,23.080000,23.080000,23.000000,23.020000,76224,0.000000,0.000000,19.765448,19.765448,19.696937,19.714066
2022-12-27,23.040001,23.219999,22.959999,23.139999,203997,0.000000,0.000000,19.731192,19.885341,19.662679,19.816830
2022-12-28,23.200001,23.219999,23.059999,23.200001,524557,0.000000,0.000000,19.868216,19.885342,19.748320,19.868216
2022-12-29,23.219999,23.219999,23.059999,23.100000,469862,0.000000,0.000000,19.885343,19.885343,19.748321,19.782578
2023-01-01,23.400000,23.400000,23.100000,23.160000,233513,0.000000,0.000000,20.039493,20.039493,19.782577,19.833960
2023-01-02,23.160000,23.400000,23.120001,23.200001,319496,0.000000,0.000000,19.833959,20.039492,19.799705,19.868216
2023-01-03,23.200001,23.200001,23.200001,23.200001,0,0.000000,0.000000,19.868216,19.868216,19.868216,19.868216
2023-01-04,23.180000,23.240000,23.000000,23.139999,707763,0.000000,0.000000,19.851086,19.902469,19.696936,19.816830
2023-01-05,23.000000,23.080000,22.860001,23.080000,825490,0.000000,0.000000,19.696938,19.765450,19.577045,19.765450
2023-01-08,23.080000,23.219999,23.059999,23.100000,422319,0.000000,0.000000,19.765449,19.885343,19.748321,19.782578
2023-01-09,23.080000,23.360001,23.040001,23.360001,1025786,0.000000,0.000000,19.765448,20.005238,19.731193,20.005238
2023-01-10,23.240000,23.600000,23.200001,23.600000,1337600,0.000000,0.000000,19.902469,20.210770,19.868215,20.210770
2023-01-11,23.600000,23.740000,23.280001,23.500000,1312955,0.000000,0.000000,20.210771,20.330665,19.936727,20.125132
2023-01-12,23.320000,23.440001,23.219999,23.440001,993993,0.000000,0.000000,19.970982,20.073750,19.885343,20.073750
2023-01-15,23.440001,23.440001,23.440001,23.440001,0,0.000000,0.000000,20.073750,20.073750,20.073750,20.073750
2023-01-16,23.280001,23.280001,22.900000,23.059999,1147941,0.000000,0.000000,19.936726,19.936726,19.611298,19.748320
2023-01-17,22.959999,23.080000,22.879999,23.080000,1075567,0.000000,0.000000,19.662682,19.765450,19.594171,19.765450
2023-01-18,22.959999,23.080000,22.879999,23.080000,1075567,0.000000,0.000000,19.662682,19.765450,19.594171,19.765450
2023-01-19,22.980000,23.340000,22.860001,23.340000,1256994,0.000000,0.000000,19.679809,19.988110,19.577043,19.988110
2023-01-22,23.340000,23.340000,23.340000,23.340000,0,0.000000,0.000000,19.988110,19.988110,19.988110,19.988110
2023-01-23,23.100000,23.299999,23.000000,23.299999,453865,0.000000,0.000000,19.782577,19.953854,19.696938,19.953854
2023-01-24,23.299999,23.299999,23.100000,23.200001,413476,0.000000,0.000000,19.953853,19.953853,19.782576,19.868216
2023-01-25,23.200001,23.200001,23.040001,23.180000,308811,0.000000,0.000000,19.868214,19.868214,19.731192,19.851086
2023-01-26,23.139999,23.180000,23.059999,23.180000,249354,0.000000,0.000000,19.816829,19.851086,19.748318,19.851086
2023-01-29,23.200001,23.219999,23.139999,23.200001,370980,0.000000,0.000000,19.868216,19.885342,19.816831,19.868216
2023-01-30,23.200001,23.200001,23.059999,23.180000,916013,0.000000,0.000000,19.868214,19.868214,19.748318,19.851086
2023-01-31,23.059999,23.180000,23.020000,23.020000,1145448,0.000000,0.000000,19.748320,19.851088,19.714066,19.714066
2023-02-01,23.000000,23.219999,23.000000,23.219999,632482,0.000000,0.000000,19.696937,19.885342,19.696937,19.885342
2023-02-02,23.180000,23.180000,23.040001,23.160000,386681,0.000000,0.000000,19.851088,19.851088,19.731194,19.833960
2023-02-05,23.059999,23.120001,22.900000,23.120001,261581,0.000000,0.000000,19.748319,19.799704,19.611297,19.799704
2023-02-06,23.180000,23.180000,22.420000,22.700001,1163457,0.000000,0.000000,19.851088,19.851088,19.200232,19.440022
2023-02-07,22.700001,22.860001,22.600000,22.860001,607007,0.000000,0.000000,19.440020,19.577042,19.354380,19.577042
2023-02-08,22.799999,22.959999,22.680000,22.959999,408208,0.000000,0.000000,19.525660,19.662682,19.422894,19.662682
2023-02-09,22.820000,22.820000,22.680000,22.780001,477405,0.000000,0.000000,19.542788,19.542788,19.422894,19.508533
2023-02-12,22.780001,22.780001,22.780001,22.780001,0,0.000000,0.000000,19.508533,19.508533,19.508533,19.508533
2023-02-13,22.660000,22.700001,22.620001,22.620001,348505,0.000000,0.000000,19.405764,19.440021,19.371510,19.371510
2023-02-14,22.620001,22.719999,22.600000,22.620001,247115,0.000000,0.000000,19.371510,19.457147,19.354381,19.371510
2023-02-15,22.620001,22.620001,22.500000,22.600000,545123,0.000000,0.000000,19.371512,19.371512,19.268744,19.354383
2023-02-16,22.480000,22.540001,22.320000,22.320000,808627,0.000000,0.000000,19.251616,19.303000,19.114594,19.114594
2023-02-19,22.320000,22.340000,22.100000,22.100000,253635,0.000000,0.000000,19.114592,19.131721,18.926188,18.926188
2023-02-20,22.100000,22.120001,22.000000,22.120001,380813,0.000000,0.000000,18.926189,18.943317,18.840550,18.943317
2023-02-21,22.100000,22.100000,21.680000,21.760000,502653,0.000000,0.000000,18.926186,18.926186,18.566503,18.635014
2023-02-23,21.760000,21.760000,21.080000,21.139999,852954,0.000000,0.000000,18.635015,18.635015,18.052671,18.104053
2023-02-26,21.059999,21.139999,21.040001,21.100000,299147,0.000000,0.000000,18.035543,18.104054,18.018417,18.069799
2023-02-27,21.120001,21.780001,21.100000,21.780001,736906,0.000000,0.000000,18.086927,18.652143,18.069799,18.652143
2023-02-28,21.440001,22.200001,21.200001,22.200001,1205391,0.000000,0.000000,18.360970,19.011826,18.155437,19.011826
2023-03-01,22.000000,22.100000,21.740000,21.780001,4918,0.000000,0.000000,18.840548,18.926188,18.617887,18.652143
2023-03-02,21.799999,21.879999,21.719999,21.760000,3000,0.000000,0.000000,18.669268,18.737779,18.600757,18.635014
2023-03-05,21.760000,21.920000,21.760000,21.900000,4200,0.000000,0.000000,18.635014,18.772036,18.635014,18.754908
2023-03-06,21.900000,21.900000,21.900000,21.900000,0,0.000000,0.000000,18.754908,18.754908,18.754908,18.754908
2023-03-07,21.900000,21.900000,21.900000,21.900000,0,0.000000,0.000000,18.754908,18.754908,18.754908,18.754908
2023-03-08,21.900000,22.420000,21.840000,22.420000,900,0.000000,0.000000,18.754909,19.200232,18.703526,19.200232
2023-03-09,22.420000,22.420000,22.420000,22.420000,0,0.000000,0.000000,19.200232,19.200232,19.200232,19.200232
2023-03-12,22.420000,22.420000,22.420000,22.420000,0,0.000000,0.000000,19.200232,19.200232,19.200232,19.200232
2023-03-13,22.420000,22.420000,22.420000,22.420000,0,0.000000,0.000000,19.200232,19.200232,19.200232,19.200232
2023-03-14,22.700001,22.860001,22.520000,22.620001,853,0.000000,0.000000,19.440021,19.577043,19.285870,19.371510
2023-03-15,22.559999,22.639999,21.980000,22.000000,4698,0.000000,0.000000,19.320125,19.388636,18.823419,18.840548
2023-03-16,22.299999,22.360001,22.000000,22.000000,527416,0.000000,0.000000,19.097463,19.148848,18.840548,18.840548
2023-03-19,22.000000,22.000000,22.000000,22.000000,0,0.000000,0.000000,18.840548,18.840548,18.840548,18.840548
2023-03-20,22.000000,22.200001,22.000000,22.200001,3045,0.000000,0.000000,18.840547,19.011826,18.840547,19.011826
2023-03-21,22.200001,22.680000,22.139999,22.680000,3094,0.000000,0.000000,19.011827,19.422894,18.960443,19.422894
2023-03-22,22.760000,22.780001,22.559999,22.780001,3340,0.000000,0.000000,19.491405,19.508533,19.320127,19.508533
2023-03-23,22.520000,23.400000,22.520000,23.400000,3070,0.000000,0.000000,19.285870,20.039492,19.285870,20.039492
2023-03-26,23.400000,23.400000,23.400000,23.400000,0,0.000000,0.000000,20.039492,20.039492,20.039492,20.039492
2023-03-27,23.400000,23.400000,23.400000,23.400000,0,0.000000,0.000000,20.039492,20.039492,20.039492,20.039492
2023-03-28,23.400000,23.400000,23.400000,23.400000,0,0.000000,0.000000,20.039492,20.039492,20.039492,20.039492
2023-03-29,23.200001,23.299999,23.020000,23.160000,2233,0.000000,0.000000,19.868216,19.953853,19.714066,19.833960
2023-03-30,23.120001,23.360001,23.080000,23.360001,11000,0.000000,0.000000,19.799705,20.005238,19.765448,20.005238
2023-04-02,23.360001,23.360001,23.360001,23.360001,0,0.000000,0.000000,20.005238,20.005238,20.005238,20.005238
2023-04-03,23.500000,23.500000,23.320000,23.320000,1278,0.000000,0.000000,20.125132,20.125132,19.970982,19.970982
2023-04-04,23.440001,23.459999,23.299999,23.360001,2500,0.000000,0.000000,20.073749,20.090875,19.953853,20.005238
2023-04-05,23.440001,23.440001,23.299999,23.360001,1945,0.000000,0.000000,20.073749,20.073749,19.953853,20.005238
2023-04-06,23.320000,23.400000,23.299999,23.320000,1000,0.000000,0.000000,19.970982,20.039493,19.953853,19.970982
2023-04-09,23.360001,23.500000,23.320000,23.480000,1715,0.000000,0.000000,20.005236,20.125130,19.970980,20.108002
2023-04-10,23.459999,23.480000,23.400000,23.420000,783,0.000000,0.000000,20.090872,20.108001,20.039490,20.056618
2023-04-11,23.400000,23.420000,23.299999,23.299999,2244,0.000000,0.000000,20.039493,20.056621,19.953854,19.953854
2023-04-12,23.299999,23.480000,23.299999,23.320000,728,0.000000,0.000000,19.953853,20.108004,19.953853,19.970982
2023-04-13,23.340000,23.620001,23.320000,23.540001,3354,0.000000,0.000000,19.988109,20.227899,19.970981,20.159388
2023-04-16,23.480000,24.120001,23.480000,24.059999,1716,0.000000,0.000000,20.108004,20.656094,20.108004,20.604710
2023-04-17,24.059999,24.100000,23.680000,23.860001,11000,0.000000,0.000000,20.604710,20.638967,20.279283,20.433434
2023-04-25,23.840000,23.900000,23.700001,23.900000,1725,0.000000,0.000000,20.416303,20.467686,20.296409,20.467686
2023-04-26,23.799999,24.379999,23.799999,24.160000,2182,0.000000,0.000000,20.382045,20.878751,20.382045,20.690346
2023-04-27,24.180000,24.299999,24.020000,24.200001,1000,0.000000,0.000000,20.707475,20.810241,20.570453,20.724604
2023-04-30,24.200001,24.200001,24.200001,24.200001,0,0.000000,0.000000,20.724604,20.724604,20.724604,20.724604
2023-05-01,24.200001,24.200001,24.200001,24.200001,0,0.000000,0.000000,20.724604,20.724604,20.724604,20.724604
2023-05-02,24.400000,24.500000,24.200001,24.480000,817,0.000000,0.000000,20.895881,20.981520,20.724604,20.964392
2023-05-03,24.200001,24.400000,24.200001,24.400000,3298,0.000000,0.000000,20.724603,20.895880,20.724603,20.895880
2023-05-04,24.260000,24.559999,24.219999,24.559999,1552,0.000000,0.000000,20.775988,21.032904,20.741731,21.032904
2023-05-07,24.559999,24.700001,24.500000,24.660000,957,0.000000,0.000000,21.032903,21.152798,20.981520,21.118542
2023-05-08,24.620001,24.700001,24.260000,24.480000,1000,0.000000,0.000000,21.084287,21.152798,20.775987,20.964392
2023-05-09,24.320000,24.459999,24.240000,24.420000,700,0.000000,0.000000,20.827370,20.947264,20.758859,20.913010
2023-05-10,23.500000,23.500000,22.920000,22.940001,1117,0.700000,0.000000,20.719043,20.719043,20.207680,20.225313
2023-05-11,22.900000,23.080000,22.860001,23.000000,1000,0.000000,0.000000,20.190045,20.348744,20.154780,20.278212
2023-05-14,23.000000,23.040001,22.760000,22.760000,3575,0.000000,0.000000,20.278213,20.313480,20.066614,20.066614
2023-05-15,22.760000,22.920000,22.639999,22.639999,1000,0.000000,0.000000,20.066612,20.207677,19.960812,19.960812
2023-05-16,22.700001,22.860001,22.540001,22.540001,891,0.000000,0.000000,20.013716,20.154782,19.872650,19.872650
2023-05-17,22.600000,22.840000,22.540001,22.700001,2588,0.000000,0.000000,19.925547,20.137146,19.872648,20.013714
2023-05-18,22.740000,23.000000,22.600000,23.000000,6990,0.000000,0.000000,20.048979,20.278212,19.925547,20.278212
2023-05-21,23.000000,23.000000,22.799999,22.840000,14189,0.000000,0.000000,20.278212,20.278212,20.101879,20.137146
2023-05-22,22.900000,22.920000,22.760000,22.760000,1300,0.000000,0.000000,20.190046,20.207680,20.066614,20.066614
2023-05-23,22.760000,22.799999,22.620001,22.620001,750,0.000000,0.000000,20.066614,20.101880,19.943182,19.943182
2023-05-24,22.620001,22.820000,22.459999,22.540001,3333,0.000000,0.000000,19.943183,20.119514,19.802116,19.872650
2023-05-25,22.600000,22.700001,22.400000,22.420000,1000,0.000000,0.000000,19.925547,20.013713,19.749214,19.766848
2023-05-28,22.459999,22.580000,22.420000,22.520000,700,0.000000,0.000000,19.802116,19.907916,19.766850,19.855017
2023-05-29,22.500000,22.500000,22.360001,22.360001,1728,0.000000,0.000000,19.837381,19.837381,19.713949,19.713949
2023-05-30,22.459999,22.540001,22.280001,22.280001,1000,0.000000,0.000000,19.802113,19.872648,19.643415,19.643415
2023-05-31,22.280001,22.299999,21.600000,21.600000,823,0.000000,0.000000,19.643416,19.661048,19.043886,19.043886
2023-06-01,21.780001,21.799999,21.200001,21.200001,8327,0.000000,0.000000,19.202587,19.220219,18.691223,18.691223
2023-06-04,21.340000,22.059999,21.340000,21.959999,2846,0.000000,0.000000,18.814655,19.449451,18.814655,19.361284
2023-06-05,22.100000,22.299999,22.080000,22.200001,1000,0.000000,0.000000,19.484717,19.661048,19.467083,19.572884
2023-06-06,22.160000,22.160000,22.020000,22.020000,1000,0.000000,0.000000,19.537617,19.537617,19.414185,19.414185
2023-06-07,22.020000,22.620001,22.000000,22.600000,3036,0.000000,0.000000,19.414185,19.943182,19.396551,19.925549
2023-06-08,21.780001,21.799999,21.200001,21.200001,4628,0.000000,0.000000,19.202587,19.220219,18.691223,18.691223
2023-06-11,22.360001,22.580000,22.360001,22.420000,10254,0.000000,0.000000,19.713948,19.907913,19.713948,19.766848
2023-06-12,22.420000,22.440001,22.360001,22.440001,1024,0.000000,0.000000,19.766849,19.784483,19.713950,19.784483
2023-06-13,22.400000,22.459999,22.260000,22.260000,1000,0.000000,0.000000,19.749216,19.802115,19.625784,19.625784
2023-06-14,22.299999,22.620001,22.260000,22.480000,780,0.000000,0.000000,19.661049,19.943182,19.625783,19.819748
2023-06-15,22.500000,22.799999,22.459999,22.799999,3000,0.000000,0.000000,19.837383,20.101881,19.802116,20.101881
2023-06-18,22.799999,23.000000,22.780001,22.920000,1000,0.000000,0.000000,20.101878,20.278211,20.084246,20.207678
2023-06-19,22.980000,22.980000,22.260000,22.480000,987156,0.000000,0.000000,20.260579,20.260579,19.625783,19.819748
2023-06-20,22.360001,22.500000,22.299999,22.500000,422104,0.000000,0.000000,19.713949,19.837381,19.661048,19.837381
2023-06-21,22.459999,22.600000,22.420000,22.600000,440156,0.000000,0.000000,19.802115,19.925549,19.766849,19.925549
2023-06-22,22.600000,22.680000,22.540001,22.540001,512113,0.000000,0.000000,19.925549,19.996082,19.872650,19.872650
2023-07-02,22.540001,22.879999,22.500000,22.840000,667527,0.000000,0.000000,19.872648,20.172412,19.837381,20.137146
2023-07-03,22.840000,23.160000,22.680000,23.120001,2079110,0.000000,0.000000,20.137146,20.419278,19.996081,20.384012
2023-07-04,23.100000,23.480000,23.100000,23.480000,2290840,0.000000,0.000000,20.366380,20.701410,20.366380,20.701410
2023-07-05,23.480000,23.480000,22.959999,23.200001,1804874,0.000000,0.000000,20.701408,20.701408,20.242944,20.454544
2023-07-06,23.180000,23.180000,23.059999,23.160000,870748,0.000000,0.000000,20.436913,20.436913,20.331113,20.419279
2023-07-09,23.200001,23.219999,22.980000,23.020000,420113,0.000000,0.000000,20.454544,20.472176,20.260578,20.295845
2023-07-10,22.980000,23.020000,22.900000,22.900000,722653,0.000000,0.000000,20.260579,20.295846,20.190046,20.190046
2023-07-11,22.900000,23.040001,22.860001,22.860001,663776,0.000000,0.000000,20.190047,20.313481,20.154781,20.154781
2023-07-12,22.860001,23.040001,22.860001,22.900000,699523,0.000000,0.000000,20.154781,20.313480,20.154781,20.190046
2023-07-13,22.900000,22.940001,22.780001,22.780001,656239,0.000000,0.000000,20.190046,20.225313,20.084248,20.084248
2023-07-16,22.780001,22.920000,22.740000,22.840000,519651,0.000000,0.000000,20.084247,20.207679,20.048980,20.137146
2023-07-17,22.760000,22.799999,22.500000,22.520000,1224869,0.000000,0.000000,20.066615,20.101881,19.837383,19.855017
2023-07-18,22.520000,22.799999,22.500000,22.700001,770164,0.000000,0.000000,19.855015,20.101879,19.837381,20.013714
2023-07-19,22.700001,22.980000,22.660000,22.660000,576012,0.000000,0.000000,20.013714,20.260578,19.978447,19.978447
2023-07-20,22.620001,22.780001,22.580000,22.600000,417086,0.000000,0.000000,19.943182,20.084248,19.907915,19.925549
2023-07-23,22.600000,22.760000,22.580000,22.680000,193765,0.000000,0.000000,19.925548,20.066613,19.907914,19.996080
2023-07-24,22.680000,22.900000,22.639999,22.860001,774085,0.000000,0.000000,19.996082,20.190047,19.960815,20.154781
2023-07-25,22.920000,23.040001,22.780001,22.879999,1029260,0.000000,0.000000,20.207680,20.313480,20.084248,20.172413
2023-07-26,22.920000,22.920000,22.580000,22.879999,744574,0.000000,0.000000,20.207680,20.207680,19.907915,20.172413
2023-07-27,22.680000,22.900000,22.600000,22.639999,823902,0.000000,0.000000,19.996079,20.190044,19.925546,19.960812
2023-07-30,22.600000,22.600000,22.480000,22.580000,620639,0.000000,0.000000,19.925549,19.925549,19.819749,19.907915
2023-07-31,22.559999,22.559999,22.200001,22.440001,1160078,0.000000,0.000000,19.890281,19.890281,19.572884,19.784483
2023-08-01,22.480000,22.480000,22.100000,22.100000,906629,0.000000,0.000000,19.819747,19.819747,19.484716,19.484716
2023-08-02,22.120001,22.180000,21.879999,22.020000,1022017,0.000000,0.000000,19.502351,19.555250,19.290751,19.414185
2023-08-03,21.900000,21.980000,21.700001,21.700001,1386823,0.000000,0.000000,19.308385,19.378917,19.132053,19.132053
2023-08-06,21.700001,21.840000,21.600000,21.840000,541900,0.000000,0.000000,19.132052,19.255484,19.043885,19.255484
2023-08-07,21.680000,21.900000,21.440001,21.559999,1117652,0.000000,0.000000,19.114419,19.308384,18.902821,19.008619
2023-08-08,21.680000,21.820000,21.459999,21.520000,1139521,0.000000,0.000000,19.114418,19.237850,18.920452,18.973352
2023-08-09,21.280001,21.320000,21.020000,21.160000,1252913,0.000000,0.000000,18.761754,18.797020,18.532522,18.655954
2023-08-10,21.200001,21.360001,21.080000,21.139999,1204273,0.000000,0.000000,18.691222,18.832288,18.585422,18.638321
2023-08-13,21.219999,21.420000,21.219999,21.400000,555294,0.000000,0.000000,18.708854,18.885187,18.708854,18.867554
2023-08-14,21.400000,21.420000,21.100000,21.100000,1062610,0.000000,0.000000,18.867554,18.885187,18.603056,18.603056
2023-08-15,21.120001,21.379999,21.100000,21.180000,788220,0.000000,0.000000,18.620689,18.849919,18.603055,18.673588
2023-08-16,21.160000,21.379999,21.059999,21.059999,918453,0.000000,0.000000,18.655956,18.849920,18.567789,18.567789
2023-08-17,21.059999,21.180000,21.020000,21.020000,872304,0.000000,0.000000,18.567790,18.673590,18.532524,18.532524
2023-08-20,21.120001,21.180000,21.020000,21.100000,474592,0.000000,0.000000,18.620690,18.673589,18.532523,18.603056
2023-08-21,21.120001,21.240000,21.040001,21.040001,970360,0.000000,0.000000,18.620688,18.726487,18.550156,18.550156
2023-08-22,21.040001,21.120001,20.760000,20.820000,1092715,0.000000,0.000000,18.550156,18.620689,18.303291,18.356190
2023-08-23,20.940001,20.980000,20.799999,20.799999,565434,0.000000,0.000000,18.461990,18.497256,18.338556,18.338556
2023-08-24,20.820000,20.940001,20.540001,20.540001,863779,0.000000,0.000000,18.356190,18.461990,18.109325,18.109325
2023-08-27,20.680000,20.760000,20.600000,20.740000,329403,0.000000,0.000000,18.232759,18.303292,18.162226,18.285658
2023-08-28,20.740000,20.959999,20.740000,20.780001,574170,0.000000,0.000000,18.285657,18.479622,18.285657,18.320925
2023-08-29,20.900000,20.980000,20.740000,20.820000,434518,0.000000,0.000000,18.426723,18.497255,18.285657,18.356190
2023-08-30,20.900000,21.040001,20.799999,21.000000,450533,0.000000,0.000000,18.426724,18.550158,18.338558,18.514891
2023-08-31,21.059999,21.100000,20.700001,20.700001,1896516,0.000000,0.000000,18.567790,18.603057,18.250393,18.250393
2023-09-03,20.719999,20.900000,20.700001,20.780001,334039,0.000000,0.000000,18.268024,18.426723,18.250392,18.320925
2023-09-04,20.760000,20.760000,20.240000,20.320000,1120298,0.000000,0.000000,18.303291,18.303291,17.844827,17.915359
2023-09-05,20.299999,20.360001,19.900000,19.980000,2296842,0.000000,0.000000,17.897724,17.950625,17.545060,17.615593
2023-09-06,20.000000,20.020000,19.639999,19.639999,1234380,0.000000,0.000000,17.633227,17.650861,17.315828,17.315828
2023-09-07,19.620001,19.780001,19.520000,19.620001,810893,0.000000,0.000000,17.298197,17.439262,17.210030,17.298197
2023-09-10,19.620001,19.620001,19.620001,19.620001,0,0.000000,0.000000,17.298197,17.298197,17.298197,17.298197
2023-09-11,19.680000,19.780001,19.580000,19.700001,891475,0.000000,0.000000,17.351095,17.439261,17.262929,17.368729
2023-09-12,19.700001,19.760000,19.559999,19.559999,799004,0.000000,0.000000,17.368730,17.421629,17.245296,17.245296
2023-09-13,19.639999,19.879999,19.580000,19.879999,897286,0.000000,0.000000,17.315829,17.527428,17.262930,17.527428
2023-09-14,19.900000,19.900000,19.559999,19.559999,1871152,0.000000,0.000000,17.545061,17.545061,17.245296,17.245296
2023-09-17,19.559999,19.559999,19.559999,19.559999,0,0.000000,0.000000,17.245296,17.245296,17.245296,17.245296
2023-09-18,19.559999,19.760000,19.299999,19.299999,932308,0.000000,0.000000,17.245296,17.421629,17.016064,17.016064
2023-09-19,19.340000,19.600000,19.260000,19.600000,536221,0.000000,0.000000,17.051333,17.280565,16.980800,17.280565
2023-09-20,19.600000,19.680000,19.459999,19.459999,564436,0.000000,0.000000,17.280563,17.351096,17.157129,17.157129
2023-09-21,19.459999,19.540001,19.340000,19.400000,445976,0.000000,0.000000,17.157130,17.227665,17.051332,17.104231
2023-09-25,19.360001,19.459999,19.139999,19.160000,746499,0.000000,0.000000,17.068964,17.157129,16.874998,16.892632
2023-09-26,19.160000,19.260000,19.040001,19.180000,523337,0.000000,0.000000,16.892631,16.980798,16.786833,16.910265
2023-09-27,19.180000,19.379999,19.080000,19.299999,883238,0.000000,0.000000,16.910265,17.086597,16.822099,17.016064
2023-09-28,19.299999,19.480000,19.000000,19.059999,1139193,0.000000,0.000000,17.016065,17.174764,16.751567,16.804466
2023-10-01,19.059999,19.059999,19.059999,19.059999,0,0.000000,0.000000,16.804466,16.804466,16.804466,16.804466
2023-10-02,19.000000,19.000000,18.719999,18.719999,969413,0.000000,0.000000,16.751567,16.751567,16.504702,16.504702
2023-10-03,18.700001,18.820000,18.520000,18.820000,926732,0.000000,0.000000,16.487068,16.592867,16.328369,16.592867
2023-10-04,18.780001,18.780001,18.340000,18.340000,954918,0.000000,0.000000,16.557604,16.557604,16.169672,16.169672
2023-10-05,18.360001,18.420000,18.100000,18.120001,1290429,0.000000,0.000000,16.187303,16.240202,15.958071,15.975704
2023-10-08,18.139999,18.299999,18.080000,18.120001,645212,0.000000,0.000000,15.993336,16.134402,15.940437,15.975704
2023-10-09,18.139999,18.360001,18.080000,18.139999,1378899,0.000000,0.000000,15.993338,16.187304,15.940438,15.993338
2023-10-10,18.160000,18.219999,17.820000,17.820000,1349779,0.000000,0.000000,16.010971,16.063871,15.711206,15.711206
2023-10-11,17.840000,18.040001,17.760000,17.920000,1754024,0.000000,0.000000,15.728839,15.905172,15.658306,15.799372
2023-10-12,17.980000,17.980000,17.700001,17.840000,952732,0.000000,0.000000,15.852270,15.852270,15.605406,15.728838
2023-10-15,17.840000,17.900000,17.760000,17.860001,556302,0.000000,0.000000,15.728840,15.781739,15.658307,15.746473
2023-10-16,17.860001,18.000000,17.559999,17.620001,1554628,0.000000,0.000000,15.746472,15.869905,15.481973,15.534874
2023-10-17,17.620001,17.660000,17.480000,17.500000,2896013,0.000000,0.000000,15.534875,15.570141,15.411442,15.429075
2023-10-18,17.540001,17.540001,17.160000,17.160000,2038200,0.000000,0.000000,15.464342,15.464342,15.129310,15.129310
2023-10-19,17.160000,17.200001,17.020000,17.180000,1866911,0.000000,0.000000,15.129309,15.164577,15.005877,15.146943
2023-10-22,17.160000,17.219999,17.120001,17.120001,614331,0.000000,0.000000,15.129309,15.182209,15.094044,15.094044
2023-10-23,17.120001,17.260000,17.059999,17.059999,1161407,0.000000,0.000000,15.094043,15.217475,15.041142,15.041142
2023-10-24,17.120001,17.160000,16.920000,16.959999,1191349,0.000000,0.000000,15.094045,15.129310,14.917712,14.952977
2023-10-25,16.980000,17.400000,16.980000,17.400000,1207238,0.000000,0.000000,14.970610,15.340908,14.970610,15.340908
2023-10-26,17.400000,17.580000,17.260000,17.480000,1879860,0.000000,0.000000,15.340907,15.499606,15.217475,15.411440
2023-10-29,17.540001,17.799999,17.400000,17.760000,948430,0.000000,0.000000,15.464340,15.693571,15.340907,15.658305
2023-10-30,17.760000,17.959999,17.639999,17.639999,1229739,0.000000,0.000000,15.658308,15.834640,15.552508,15.552508
2023-10-31,17.719999,17.860001,17.580000,17.799999,1143082,0.000000,0.000000,15.623040,15.746474,15.499608,15.693573
2023-11-01,17.799999,17.879999,17.580000,17.700001,945553,0.000000,0.000000,15.693572,15.764104,15.499607,15.605407
2023-11-02,17.760000,17.860001,17.420000,17.440001,1049082,0.000000,0.000000,15.658307,15.746474,15.358542,15.376176
2023-11-05,17.540001,17.580000,17.379999,17.480000,1026222,0.000000,0.000000,15.464341,15.499606,15.323273,15.411440
2023-11-06,17.500000,17.540001,17.360001,17.400000,1108894,0.000000,0.000000,15.429075,15.464342,15.305642,15.340908
2023-11-07,17.480000,17.480000,17.120001,17.280001,1471908,0.000000,0.000000,15.411440,15.411440,15.094043,15.235108
2023-11-08,17.420000,17.420000,17.020000,17.020000,1572642,0.000000,0.000000,15.358542,15.358542,15.005877,15.005877
2023-11-09,17.100000,17.379999,17.100000,17.299999,1267145,0.000000,0.000000,15.076411,15.323275,15.076411,15.252742
2023-11-12,17.379999,18.400000,17.320000,18.340000,2910823,0.000000,0.000000,15.323276,16.222571,15.270377,16.169672
2023-11-13,18.700001,18.799999,18.299999,18.520000,1717648,0.000000,0.000000,16.487068,16.575233,16.134403,16.328369
2023-11-14,18.520000,18.540001,18.299999,18.320000,1234180,0.000000,0.000000,16.328370,16.346003,16.134403,16.152037
2023-11-15,18.400000,18.840000,18.400000,18.840000,1387648,0.000000,0.000000,16.222569,16.610500,16.222569,16.610500
2023-11-16,18.780001,18.799999,18.420000,18.500000,1548848,0.000000,0.000000,16.557601,16.575233,16.240203,16.310736
2023-11-19,18.680000,18.740000,18.520000,18.600000,447297,0.000000,0.000000,16.469436,16.522335,16.328370,16.398903
2023-11-20,18.600000,18.620001,18.400000,18.459999,2304673,0.000000,0.000000,16.398901,16.416534,16.222568,16.275467
2023-11-21,18.500000,18.520000,18.320000,18.500000,546620,0.000000,0.000000,16.310736,16.328369,16.152036,16.310736
2023-11-22,18.500000,18.660000,18.340000,18.660000,498371,0.000000,0.000000,16.310736,16.451801,16.169670,16.451801
2023-11-23,18.500000,18.660000,18.340000,18.660000,498371,0.000000,0.000000,16.310736,16.451801,16.169670,16.451801
2023-11-26,18.680000,18.680000,18.400000,18.440001,496613,0.000000,0.000000,16.469436,16.469436,16.222570,16.257837
2023-11-27,18.120001,18.280001,18.100000,18.100000,1265052,0.000000,0.000000,15.975704,16.116770,15.958071,15.958071
2023-11-28,18.120001,18.200001,17.980000,18.080000,1063230,0.000000,0.000000,15.975706,16.046239,15.852273,15.940439
2023-11-29,18.120001,18.139999,17.879999,17.940001,1002447,0.000000,0.000000,15.975705,15.993337,15.764105,15.817006
2023-11-30,17.940001,18.080000,17.860001,18.059999,1640574,0.000000,0.000000,15.817006,15.940438,15.746474,15.922805
2023-12-03,18.340000,18.400000,18.100000,18.400000,910947,0.000000,0.000000,16.169671,16.222570,15.958073,16.222570
2023-12-04,18.400000,18.580000,18.320000,18.360001,818364,0.000000,0.000000,16.222571,16.381270,16.152038,16.187305
2023-12-05,18.340000,18.540001,18.180000,18.540001,809351,0.000000,0.000000,16.169670,16.346003,16.028604,16.346003
2023-12-06,18.520000,18.660000,18.219999,18.219999,900028,0.000000,0.000000,16.328369,16.451801,16.063869,16.063869
2023-12-07,18.340000,18.340000,18.139999,18.280001,518883,0.000000,0.000000,16.169669,16.169669,15.993336,16.116770
2023-12-10,18.280001,18.320000,18.219999,18.320000,293774,0.000000,0.000000,16.116771,16.152037,16.063870,16.152037
2023-12-11,18.299999,18.320000,18.200001,18.240000,620985,0.000000,0.000000,16.134402,16.152036,16.046237,16.081503
2023-12-12,18.240000,18.320000,18.180000,18.320000,619883,0.000000,0.000000,16.081504,16.152037,16.028605,16.152037
2023-12-13,18.320000,18.320000,18.000000,18.000000,981197,0.000000,0.000000,16.152038,16.152038,15.869906,15.869906
2023-12-14,18.139999,18.420000,18.040001,18.219999,2640811,0.000000,0.000000,15.993337,16.240202,15.905172,16.063869
2023-12-17,18.219999,18.379999,18.219999,18.299999,497916,0.000000,0.000000,16.063870,16.204936,16.063870,16.134403
2023-12-18,18.340000,18.459999,18.280001,18.340000,1029601,0.000000,0.000000,16.169672,16.275470,16.116773,16.169672
2023-12-19,18.340000,19.059999,18.280001,18.959999,3152288,0.000000,0.000000,16.169672,16.804467,16.116773,16.716301
2023-12-20,18.980000,19.020000,18.760000,18.840000,1051841,0.000000,0.000000,16.733932,16.769200,16.539967,16.610500
2023-12-21,18.860001,18.860001,18.559999,18.799999,1070393,0.000000,0.000000,16.628134,16.628134,16.363635,16.575233
2023-12-24,18.799999,18.900000,18.700001,18.840000,405485,0.000000,0.000000,16.575233,16.663400,16.487068,16.610500
2023-12-25,18.840000,18.860001,18.719999,18.840000,551152,0.000000,0.000000,16.610500,16.628134,16.504700,16.610500
2023-12-26,18.840000,18.920000,18.799999,18.840000,650485,0.000000,0.000000,16.610500,16.681033,16.575233,16.610500
2023-12-27,18.900000,19.059999,18.820000,18.980000,1016222,0.000000,0.000000,16.663402,16.804467,16.592869,16.733934
2023-12-28,18.980000,18.980000,18.820000,18.959999,894068,0.000000,0.000000,16.733935,16.733935,16.592869,16.716301
2023-12-31,18.959999,18.980000,18.920000,18.980000,329147,0.000000,0.000000,16.716301,16.733934,16.681035,16.733934
2024-01-01,18.980000,19.139999,18.959999,19.120001,766931,0.000000,0.000000,16.733933,16.874999,16.716299,16.857367
2024-01-02,19.139999,19.480000,19.139999,19.480000,1547314,0.000000,0.000000,16.874998,17.174763,16.874998,17.174763
2024-01-03,19.400000,19.600000,19.280001,19.280001,1411571,0.000000,0.000000,17.104231,17.280564,16.998432,16.998432
2024-01-04,19.280001,19.400000,19.000000,19.400000,1788985,0.000000,0.000000,16.998432,17.104231,16.751567,17.104231
2024-01-07,19.400000,19.680000,19.280001,19.620001,1497353,0.000000,0.000000,17.104230,17.351096,16.998432,17.298197
2024-01-08,19.620001,19.840000,19.400000,19.520000,1406096,0.000000,0.000000,17.298198,17.492163,17.104231,17.210032
2024-01-09,19.500000,19.680000,19.459999,19.660000,816006,0.000000,0.000000,17.192398,17.351097,17.157131,17.333464
2024-01-10,19.680000,19.680000,19.400000,19.400000,792789,0.000000,0.000000,17.351097,17.351097,17.104231,17.104231
2024-01-11,19.400000,19.420000,19.020000,19.080000,1725400,0.000000,0.000000,17.104229,17.121863,16.769199,16.822098
2024-01-14,19.080000,19.100000,18.959999,18.980000,581700,0.000000,0.000000,16.822101,16.839735,16.716301,16.733934
2024-01-15,18.980000,19.040001,18.740000,18.780001,1296093,0.000000,0.000000,16.733933,16.786834,16.522335,16.557602
2024-01-16,18.799999,18.860001,18.580000,18.580000,1000607,0.000000,0.000000,16.575232,16.628133,16.381268,16.381268
2024-01-17,18.520000,18.799999,18.520000,18.600000,702946,0.000000,0.000000,16.328370,16.575234,16.328370,16.398903
2024-01-18,18.600000,18.740000,18.180000,18.180000,1196091,0.000000,0.000000,16.398902,16.522334,16.028605,16.028605
2024-01-21,18.240000,18.480000,18.240000,18.440001,502941,0.000000,0.000000,16.081504,16.293103,16.081504,16.257837
2024-01-22,18.440001,18.440001,18.440001,18.440001,0,0.000000,0.000000,16.257837,16.257837,16.257837,16.257837
2024-01-23,19.180000,19.500000,19.100000,19.200001,1124217,0.000000,0.000000,16.910267,17.192398,16.839734,16.927900
2024-01-24,19.200001,19.200001,19.000000,19.040001,675692,0.000000,0.000000,16.927900,16.927900,16.751567,16.786835
2024-01-25,19.059999,19.160000,19.020000,19.020000,729716,0.000000,0.000000,16.804465,16.892631,16.769199,16.769199
2024-01-28,19.139999,19.180000,19.020000,19.180000,458969,0.000000,0.000000,16.874998,16.910265,16.769199,16.910265
2024-01-29,19.219999,20.420000,19.219999,20.420000,5271016,0.000000,0.000000,16.945532,18.003527,16.945532,18.003527
2024-01-30,20.500000,20.600000,19.500000,19.500000,2786137,0.000000,0.000000,18.074060,18.162226,17.192398,17.192398
2024-01-31,19.459999,19.540001,18.959999,18.959999,3168935,0.000000,0.000000,17.157132,17.227666,16.716301,16.716301
2024-02-01,18.959999,19.280001,18.520000,18.719999,1633901,0.000000,0.000000,16.716300,16.998433,16.328370,16.504702
2024-02-04,18.780001,19.200001,18.719999,19.100000,850055,0.000000,0.000000,16.557602,16.927900,16.504701,16.839733
2024-02-05,19.100000,19.680000,19.080000,19.680000,1357310,0.000000,0.000000,16.839734,17.351097,16.822100,17.351097
2024-02-06,19.760000,19.780001,19.260000,19.500000,1694599,0.000000,0.000000,17.421630,17.439264,16.980800,17.192398
2024-02-07,19.480000,19.660000,19.299999,19.559999,1559858,0.000000,0.000000,17.174764,17.333463,17.016064,17.245296
2024-02-08,19.480000,19.660000,19.299999,19.559999,1559858,0.000000,0.000000,17.174764,17.333463,17.016064,17.245296
2024-02-11,19.540001,19.840000,19.420000,19.799999,815313,0.000000,0.000000,17.227665,17.492163,17.121865,17.456896
2024-02-12,19.799999,19.940001,19.540001,19.780001,888947,0.000000,0.000000,17.456894,17.580328,17.227664,17.439262
2024-02-13,19.780001,19.959999,19.639999,19.940001,1308905,0.000000,0.000000,17.439264,17.597962,17.315830,17.580330
2024-02-14,19.940001,20.000000,19.700001,20.000000,1408599,0.000000,0.000000,17.580329,17.633228,17.368731,17.633228
2024-02-15,20.000000,20.180000,19.879999,20.180000,1299543,0.000000,0.000000,17.633228,17.791927,17.527428,17.791927
2024-02-18,20.080000,20.139999,19.920000,20.040001,1121220,0.000000,0.000000,17.703761,17.756660,17.562695,17.668495
2024-02-19,20.000000,20.000000,19.760000,19.879999,1869446,0.000000,0.000000,17.633228,17.633228,17.421629,17.527428
2024-02-20,19.840000,19.860001,19.700001,19.860001,1221268,0.000000,0.000000,17.492163,17.509796,17.368730,17.509796
2024-02-21,19.760000,19.860001,19.680000,19.700001,1360532,0.000000,0.000000,17.421628,17.509794,17.351095,17.368729
2024-02-25,19.700001,19.959999,19.639999,19.959999,866379,0.000000,0.000000,17.368731,17.597961,17.315830,17.597961
2024-02-26,19.959999,20.360001,19.719999,19.719999,1649147,0.000000,0.000000,17.597959,17.950625,17.386360,17.386360
2024-02-27,19.780001,19.959999,19.719999,19.920000,1209758,0.000000,0.000000,17.439262,17.597960,17.386362,17.562695
2024-02-28,19.879999,19.920000,19.799999,19.799999,1765559,0.000000,0.000000,17.527429,17.562696,17.456896,17.456896
2024-02-29,19.799999,20.040001,19.760000,20.000000,2790728,0.000000,0.000000,17.456895,17.668496,17.421630,17.633228
2024-03-03,19.959999,19.959999,19.799999,19.879999,458750,0.000000,0.000000,17.597961,17.597961,17.456895,17.527428
2024-03-04,19.860001,19.900000,19.700001,19.740000,807016,0.000000,0.000000,17.509796,17.545061,17.368730,17.403996
2024-03-05,19.740000,19.740000,19.740000,19.740000,0,0.000000,0.000000,17.403996,17.403996,17.403996,17.403996
2024-03-06,19.500000,19.900000,19.459999,19.900000,1135437,0.000000,0.000000,17.192397,17.545061,17.157130,17.545061
2024-03-07,19.900000,19.900000,19.580000,19.740000,1503335,0.000000,0.000000,17.545061,17.545061,17.262930,17.403996
2024-03-10,19.740000,19.799999,19.660000,19.799999,334003,0.000000,0.000000,17.403997,17.456896,17.333464,17.456896
2024-03-11,19.799999,19.879999,19.660000,19.719999,833812,0.000000,0.000000,17.456893,17.527426,17.333461,17.386360
2024-03-12,19.719999,20.020000,19.700001,19.820000,1293865,0.000000,0.000000,17.386363,17.650862,17.368731,17.474529
2024-03-13,19.799999,19.900000,19.700001,19.719999,1559121,0.000000,0.000000,17.456893,17.545059,17.368728,17.386360
2024-03-14,19.740000,19.820000,19.660000,19.780001,2722284,0.000000,0.000000,17.403995,17.474528,17.333462,17.439262
2024-03-17,19.799999,19.820000,19.620001,19.660000,1600208,0.000000,0.000000,17.456896,17.474529,17.298198,17.333464
2024-03-18,19.639999,19.680000,19.540001,19.580000,1134310,0.000000,0.000000,17.315829,17.351096,17.227664,17.262930
2024-03-19,19.559999,20.000000,19.520000,19.799999,2907360,0.000000,0.000000,17.245297,17.633229,17.210032,17.456896
2024-03-20,19.980000,19.980000,19.760000,19.780001,1268580,0.000000,0.000000,17.615594,17.615594,17.421629,17.439262
2024-03-21,19.820000,19.879999,19.680000,19.860001,802995,0.000000,0.000000,17.474529,17.527428,17.351097,17.509796
2024-03-24,19.620001,19.879999,19.620001,19.860001,657651,0.000000,0.000000,17.298198,17.527428,17.298198,17.509796
2024-03-25,19.799999,20.000000,19.780001,19.820000,1844913,0.000000,0.000000,17.456896,17.633229,17.439264,17.474529
2024-03-26,19.799999,20.000000,19.700001,19.740000,1383029,0.000000,0.000000,17.456895,17.633228,17.368730,17.403996
2024-03-27,19.700001,19.780001,19.500000,19.559999,1276471,0.000000,0.000000,17.368730,17.439263,17.192397,17.245296
2024-03-28,19.600000,19.840000,19.600000,19.780001,1059745,0.000000,0.000000,17.280563,17.492162,17.280563,17.439262
2024-03-31,19.620001,19.900000,19.620001,19.740000,613631,0.000000,0.000000,17.298197,17.545061,17.298197,17.403996
2024-04-01,19.760000,19.780001,19.639999,19.700001,439109,0.000000,0.000000,17.421628,17.439261,17.315828,17.368729
2024-04-02,19.620001,19.740000,19.580000,19.580000,1411574,0.000000,0.000000,17.298197,17.403996,17.262930,17.262930
2024-04-03,19.660000,19.719999,19.580000,19.680000,851043,0.000000,0.000000,17.333463,17.386363,17.262931,17.351097
2024-04-04,19.700001,20.000000,19.680000,19.900000,1271478,0.000000,0.000000,17.368730,17.633228,17.351096,17.545061
2024-04-15,19.920000,20.459999,19.900000,20.420000,2881321,0.000000,0.000000,17.562696,18.038792,17.545062,18.003527
2024-04-16,20.420000,20.639999,20.139999,20.280001,3613015,0.000000,0.000000,18.003527,18.197492,17.756661,17.880095
2024-04-17,20.200001,20.200001,19.660000,19.780001,1898296,0.000000,0.000000,17.809560,17.809560,17.333462,17.439262
2024-04-18,19.760000,20.100000,19.760000,19.920000,1174002,0.000000,0.000000,17.421629,17.721394,17.421629,17.562695
2024-04-21,19.920000,20.180000,19.840000,19.900000,1103636,0.000000,0.000000,17.562695,17.791927,17.492162,17.545061
2024-04-22,19.799999,19.980000,19.660000,19.660000,3249363,0.000000,0.000000,17.456896,17.615595,17.333464,17.333464
2024-04-23,19.680000,19.879999,19.620001,19.700001,827783,0.000000,0.000000,17.351095,17.527426,17.298196,17.368729
2024-04-24,19.700001,19.799999,19.360001,19.360001,1237698,0.000000,0.000000,17.368729,17.456894,17.068964,17.068964
2024-04-25,19.379999,19.520000,19.219999,19.360001,884711,0.000000,0.000000,17.086596,17.210030,16.945530,17.068964
2024-04-28,19.360001,19.360001,19.360001,19.360001,0,0.000000,0.000000,17.068964,17.068964,17.068964,17.068964
2024-04-29,19.200001,19.379999,19.120001,19.340000,1298437,0.000000,0.000000,16.927900,17.086598,16.857368,17.051332
2024-04-30,19.360001,19.420000,18.520000,18.620001,6737529,0.000000,0.000000,17.068968,17.121867,16.328372,16.416538
2024-05-01,18.639999,18.660000,18.340000,18.360001,2646250,0.000000,0.000000,16.434170,16.451803,16.169672,16.187305
2024-05-02,18.400000,18.559999,18.320000,18.379999,3390544,0.000000,0.000000,16.222569,16.363634,16.152036,16.204935
2024-05-05,18.480000,18.740000,18.400000,18.740000,1542790,0.000000,0.000000,16.293101,16.522333,16.222568,16.522333
2024-05-06,18.860001,18.860001,18.520000,18.600000,2035365,0.000000,0.000000,16.628135,16.628135,16.328370,16.398903
2024-05-07,18.580000,18.600000,18.520000,18.600000,1134350,0.000000,0.000000,16.381269,16.398903,16.328370,16.398903
2024-05-08,18.600000,18.639999,18.520000,18.620001,1528124,0.000000,0.000000,16.398905,16.434170,16.328372,16.416538
2024-05-09,18.620001,18.680000,18.340000,18.340000,2061628,0.000000,0.000000,16.416538,16.469437,16.169672,16.169672
2024-05-12,18.400000,18.600000,18.400000,18.520000,745289,0.000000,0.000000,16.222569,16.398902,16.222569,16.328369
2024-05-13,18.500000,18.860001,18.440001,18.840000,2347784,0.000000,0.000000,16.310735,16.628134,16.257836,16.610500
2024-05-14,18.840000,18.879999,18.639999,18.780001,2434220,0.000000,0.000000,16.610501,16.645767,16.434168,16.557602
2024-05-15,18.280001,18.280001,17.719999,17.719999,2488402,0.700000,0.000000,16.740762,16.740762,16.227915,16.227915
2024-05-16,17.719999,17.799999,17.580000,17.639999,1977395,0.000000,0.000000,16.227915,16.301179,16.099704,16.154652
2024-05-19,17.639999,17.639999,17.639999,17.639999,0,0.000000,0.000000,16.154652,16.154652,16.154652,16.154652
2024-05-20,17.580000,17.580000,17.299999,17.480000,1345506,0.000000,0.000000,16.099701,16.099701,15.843278,16.008121
2024-05-21,17.500000,18.340000,17.459999,18.299999,3307753,0.000000,0.000000,16.026439,16.795708,15.989806,16.759075
2024-05-22,18.299999,18.299999,17.700001,17.719999,1703638,0.000000,0.000000,16.759077,16.759077,16.209600,16.227915
2024-05-23,17.719999,17.860001,17.700001,17.820000,773396,0.000000,0.000000,16.227914,16.356127,16.209600,16.319494
2024-05-26,17.860001,17.860001,17.360001,17.400000,1113092,0.000000,0.000000,16.356127,16.356127,15.898228,15.934859
2024-05-27,17.400000,17.459999,16.940001,17.020000,2412462,0.000000,0.000000,15.934860,15.989807,15.513594,15.586858
2024-05-28,17.020000,17.180000,16.879999,16.920000,2102126,0.000000,0.000000,15.586856,15.733384,15.458644,15.495276
2024-05-29,16.940001,17.020000,16.879999,16.900000,2198477,0.000000,0.000000,15.513594,15.586857,15.458645,15.476961
2024-05-30,16.900000,16.900000,16.900000,16.900000,0,0.000000,0.000000,15.476961,15.476961,15.476961,15.476961
2024-06-02,16.900000,16.900000,16.900000,16.900000,0,0.000000,0.000000,15.476961,15.476961,15.476961,15.476961
2024-06-03,16.900000,17.180000,16.860001,17.139999,1558941,0.000000,0.000000,15.476961,15.733384,15.440330,15.696752
2024-06-04,17.139999,17.139999,16.740000,16.940001,1860121,0.000000,0.000000,15.696753,15.696753,15.330435,15.513595
2024-06-05,16.940001,17.040001,16.700001,16.879999,1686970,0.000000,0.000000,15.513594,15.605174,15.293803,15.458645
2024-06-06,16.900000,17.040001,16.600000,16.600000,2310826,0.000000,0.000000,15.476961,15.605174,15.202223,15.202223
2024-06-09,16.600000,17.000000,16.600000,17.000000,1288492,0.000000,0.000000,15.202222,15.568541,15.202222,15.568541
2024-06-10,17.000000,17.100000,16.900000,16.920000,1622346,0.000000,0.000000,15.568540,15.660120,15.476960,15.495276
2024-06-11,16.959999,16.980000,16.799999,16.799999,1450367,0.000000,0.000000,15.531909,15.550225,15.385382,15.385382
2024-06-12,16.820000,16.900000,16.540001,16.540001,1430951,0.000000,0.000000,15.403697,15.476961,15.147275,15.147275
2024-06-13,16.700001,16.700001,16.420000,16.420000,2879219,0.000000,0.000000,15.293803,15.293803,15.037379,15.037379
2024-06-23,16.639999,16.920000,16.639999,16.840000,876452,0.000000,0.000000,15.238853,15.495277,15.238853,15.422013
2024-06-24,16.879999,17.040001,16.559999,16.600000,2787286,0.000000,0.000000,15.458645,15.605174,15.165590,15.202223
2024-06-25,16.660000,16.660000,16.459999,16.500000,1786948,0.000000,0.000000,15.257170,15.257170,15.074010,15.110642
2024-06-26,16.459999,16.480000,16.340000,16.340000,2205998,0.000000,0.000000,15.074010,15.092326,14.964115,14.964115
2024-06-27,16.340000,16.459999,16.340000,16.459999,1759190,0.000000,0.000000,14.964115,15.074010,14.964115,15.074010
2024-06-30,16.459999,16.459999,16.459999,16.459999,0,0.000000,0.000000,15.074010,15.074010,15.074010,15.074010
2024-07-01,16.420000,16.500000,16.379999,16.459999,1483100,0.000000,0.000000,15.037379,15.110643,15.000746,15.074010
2024-07-02,16.480000,16.480000,16.219999,16.219999,1795854,0.000000,0.000000,15.092326,15.092326,14.854218,14.854218
2024-07-03,16.260000,16.280001,16.139999,16.139999,1009506,0.000000,0.000000,14.890852,14.909168,14.780955,14.780955
2024-07-04,16.219999,16.219999,16.100000,16.139999,622106,0.000000,0.000000,14.854219,14.854219,14.744324,14.780955
2024-07-07,16.180000,16.260000,16.160000,16.180000,677550,0.000000,0.000000,14.817588,14.890852,14.799272,14.817588
2024-07-08,16.500000,16.500000,16.200001,16.340000,1356822,0.000000,0.000000,15.110642,15.110642,14.835904,14.964115
2024-07-09,16.379999,16.500000,16.240000,16.240000,1876279,0.000000,0.000000,15.000747,15.110643,14.872536,14.872536
2024-07-10,16.299999,16.360001,16.200001,16.240000,1238775,0.000000,0.000000,14.927483,14.982432,14.835905,14.872536
2024-07-11,16.219999,16.320000,16.200001,16.299999,1394313,0.000000,0.000000,14.854219,14.945799,14.835904,14.927483
2024-07-14,16.320000,16.420000,16.299999,16.420000,652032,0.000000,0.000000,14.945799,15.037379,14.927483,15.037379
2024-07-15,16.440001,16.459999,16.299999,16.360001,1425907,0.000000,0.000000,15.055695,15.074010,14.927482,14.982431
2024-07-16,16.379999,16.480000,16.340000,16.459999,1708847,0.000000,0.000000,15.000746,15.092326,14.964115,15.074010
2024-07-17,16.480000,16.860001,16.459999,16.760000,3416381,0.000000,0.000000,15.092326,15.440330,15.074010,15.348750
2024-07-18,16.840000,16.840000,16.620001,16.799999,1213277,0.000000,0.000000,15.422014,15.422014,15.220540,15.385382
2024-07-21,16.799999,16.959999,16.760000,16.959999,1190041,0.000000,0.000000,15.385382,15.531909,15.348751,15.531909
2024-07-22,16.900000,17.040001,16.860001,16.920000,1179114,0.000000,0.000000,15.476960,15.605173,15.440329,15.495276
2024-07-23,16.940001,16.959999,16.780001,16.860001,807443,0.000000,0.000000,15.513593,15.531908,15.367066,15.440330
2024-07-24,16.860001,16.879999,16.719999,16.780001,904265,0.000000,0.000000,15.440330,15.458645,15.312117,15.367066
2024-07-25,16.799999,16.820000,16.660000,16.660000,1206153,0.000000,0.000000,15.385381,15.403697,15.257170,15.257170
2024-07-28,16.700001,16.980000,16.620001,16.980000,1947724,0.000000,0.000000,15.293802,15.550224,15.220539,15.550224
2024-07-29,16.879999,17.219999,16.879999,17.000000,1851301,0.000000,0.000000,15.458644,15.770015,15.458644,15.568541
2024-07-30,17.000000,17.180000,17.000000,17.080000,1537633,0.000000,0.000000,15.568542,15.733386,15.568542,15.641806
2024-07-31,17.000000,17.080000,16.760000,17.080000,2751265,0.000000,0.000000,15.568542,15.641806,15.348751,15.641806
2024-08-01,17.080000,17.120001,16.940001,17.100000,1255649,0.000000,0.000000,15.641805,15.678437,15.513594,15.660121
2024-08-04,16.760000,16.920000,16.700001,16.719999,1469391,0.000000,0.000000,15.348749,15.495277,15.293802,15.312117
2024-08-05,16.700001,16.740000,16.120001,16.540001,2813515,0.000000,0.000000,15.293802,15.330433,14.762640,15.147275
2024-08-06,16.600000,16.900000,16.559999,16.700001,2374775,0.000000,0.000000,15.202222,15.476961,15.165590,15.293802
2024-08-07,16.719999,16.799999,16.520000,16.639999,2305916,0.000000,0.000000,15.312117,15.385381,15.128959,15.238853
2024-08-08,16.620001,16.940001,16.540001,16.799999,1650950,0.000000,0.000000,15.220540,15.513594,15.147276,15.385382
2024-08-11,16.840000,17.299999,16.840000,17.240000,2345238,0.000000,0.000000,15.422014,15.843279,15.422014,15.788332
2024-08-12,17.219999,17.240000,16.799999,16.799999,1713341,0.000000,0.000000,15.770016,15.788333,15.385382,15.385382
2024-08-13,16.799999,17.040001,16.740000,16.980000,1110014,0.000000,0.000000,15.385381,15.605173,15.330433,15.550224
2024-08-14,17.000000,17.120001,16.900000,16.900000,1633232,0.000000,0.000000,15.568541,15.678437,15.476961,15.476961
2024-08-15,16.920000,17.040001,16.900000,16.980000,1138583,0.000000,0.000000,15.495277,15.605173,15.476961,15.550224
2024-08-18,16.980000,17.040001,16.900000,16.900000,1194365,0.000000,0.000000,15.550225,15.605174,15.476961,15.476961
2024-08-19,16.920000,16.959999,16.740000,16.820000,1336674,0.000000,0.000000,15.495278,15.531909,15.330434,15.403698
2024-08-20,16.840000,16.959999,16.820000,16.959999,1147488,0.000000,0.000000,15.422014,15.531909,15.403698,15.531909
2024-08-21,16.820000,17.160000,16.820000,17.100000,1564642,0.000000,0.000000,15.403697,15.715068,15.403697,15.660121
2024-08-22,17.080000,17.219999,17.040001,17.200001,1996210,0.000000,0.000000,15.641804,15.770015,15.605173,15.751700
2024-08-25,17.200001,17.540001,17.180000,17.420000,1547546,0.000000,0.000000,15.751700,16.063071,15.733384,15.953175
2024-08-26,17.459999,17.900000,17.459999,17.620001,2276976,0.000000,0.000000,15.989806,16.392757,15.989806,16.136335
2024-08-27,17.600000,17.940001,17.500000,17.799999,1797879,0.000000,0.000000,16.118020,16.429391,16.026440,16.301178
2024-08-28,17.799999,17.900000,17.400000,17.420000,1426124,0.000000,0.000000,16.301176,16.392756,15.934858,15.953175
2024-08-29,17.400000,17.700001,17.400000,17.540001,2268202,0.000000,0.000000,15.934860,16.209600,15.934860,16.063072
2024-09-01,17.540001,17.740000,17.260000,17.260000,939193,0.000000,0.000000,16.063072,16.246230,15.806648,15.806648
2024-09-02,17.360001,17.480000,17.260000,17.280001,1006990,0.000000,0.000000,15.898227,16.008122,15.806647,15.824964
2024-09-03,17.280001,17.400000,17.280001,17.320000,617297,0.000000,0.000000,15.824964,15.934859,15.824964,15.861595
2024-09-04,17.280001,17.400000,17.080000,17.100000,967639,0.000000,0.000000,15.824965,15.934859,15.641805,15.660121
2024-09-05,17.100000,17.340000,17.080000,17.160000,1323388,0.000000,0.000000,15.660122,15.879912,15.641805,15.715069
2024-09-08,17.100000,17.280001,17.000000,17.000000,887580,0.000000,0.000000,15.660121,15.824964,15.568541,15.568541
2024-09-09,17.000000,17.100000,16.900000,17.000000,769001,0.000000,0.000000,15.568541,15.660121,15.476961,15.568541
2024-09-10,16.959999,17.059999,16.820000,16.820000,1120267,0.000000,0.000000,15.531909,15.623489,15.403698,15.403698
2024-09-11,16.820000,16.860001,16.580000,16.580000,1222091,0.000000,0.000000,15.403698,15.440330,15.183907,15.183907
2024-09-12,16.660000,16.780001,16.639999,16.680000,1322441,0.000000,0.000000,15.257171,15.367067,15.238854,15.275487
2024-09-15,16.719999,16.860001,16.680000,16.740000,396376,0.000000,0.000000,15.312117,15.440330,15.275487,15.330434
2024-09-16,16.740000,16.959999,16.700001,16.959999,717293,0.000000,0.000000,15.330434,15.531909,15.293803,15.531909
2024-09-17,16.940001,16.940001,16.780001,16.780001,606831,0.000000,0.000000,15.513594,15.513594,15.367066,15.367066
2024-09-18,16.760000,16.879999,16.719999,16.840000,482851,0.000000,0.000000,15.348750,15.458644,15.312117,15.422013
2024-09-19,16.940001,16.959999,16.780001,16.959999,2078979,0.000000,0.000000,15.513594,15.531909,15.367067,15.531909
2024-09-22,16.719999,16.959999,16.719999,16.760000,672536,0.000000,0.000000,15.312117,15.531908,15.312117,15.348750
2024-09-24,16.780001,17.000000,16.780001,16.940001,1584208,0.000000,0.000000,15.367067,15.568542,15.367067,15.513595
2024-09-25,16.940001,16.980000,16.840000,16.980000,993300,0.000000,0.000000,15.513593,15.550224,15.422013,15.550224
2024-09-26,17.000000,17.000000,16.879999,16.940001,811128,0.000000,0.000000,15.568542,15.568542,15.458646,15.513595
2024-09-29,16.959999,16.980000,16.760000,16.799999,802788,0.000000,0.000000,15.531909,15.550225,15.348751,15.385382
2024-09-30,16.900000,16.940001,16.660000,16.660000,1559964,0.000000,0.000000,15.476961,15.513593,15.257170,15.257170
2024-10-01,16.719999,16.840000,16.660000,16.799999,1160915,0.000000,0.000000,15.312118,15.422014,15.257171,15.385382
2024-10-02,16.799999,16.799999,16.799999,16.799999,0,0.000000,0.000000,15.385382,15.385382,15.385382,15.385382
2024-10-03,16.620001,16.660000,16.320000,16.340000,1418096,0.000000,0.000000,15.220539,15.257170,14.945799,14.964115
2024-10-06,16.360001,16.440001,16.120001,16.120001,1213701,0.000000,0.000000,14.982431,15.055695,14.762640,14.762640
2024-10-07,16.200001,16.500000,16.180000,16.299999,1310815,0.000000,0.000000,14.835904,15.110643,14.817588,14.927483
2024-10-08,16.320000,16.379999,16.139999,16.160000,1534453,0.000000,0.000000,14.945800,15.000747,14.780956,14.799273
2024-10-09,16.280001,16.299999,16.180000,16.240000,909663,0.000000,0.000000,14.909168,14.927483,14.817588,14.872536
2024-10-10,16.200001,16.340000,16.200001,16.200001,812503,0.000000,0.000000,14.835905,14.964116,14.835905,14.835905
2024-10-13,16.340000,16.379999,16.219999,16.219999,873715,0.000000,0.000000,14.964115,15.000746,14.854218,14.854218
2024-10-14,16.219999,16.240000,16.160000,16.180000,1027062,0.000000,0.000000,14.854219,14.872535,14.799272,14.817588
2024-10-15,16.180000,16.180000,16.059999,16.059999,2969452,0.000000,0.000000,14.817589,14.817589,14.707692,14.707692
2024-10-16,16.080000,16.320000,16.059999,16.059999,3769139,0.000000,0.000000,14.726008,14.945799,14.707692,14.707692
2024-10-17,16.160000,16.320000,16.040001,16.059999,2772890,0.000000,0.000000,14.799272,14.945799,14.689378,14.707692
2024-10-20,16.120001,16.180000,16.059999,16.139999,796466,0.000000,0.000000,14.762641,14.817588,14.707692,14.780955
2024-10-21,16.120001,16.299999,16.120001,16.299999,1063269,0.000000,0.000000,14.762641,14.927483,14.762641,14.927483
2024-10-22,16.299999,16.299999,16.080000,16.080000,1188538,0.000000,0.000000,14.927482,14.927482,14.726007,14.726007
2024-10-23,16.180000,16.180000,16.059999,16.100000,1074812,0.000000,0.000000,14.817588,14.817588,14.707692,14.744325
2024-10-24,16.139999,16.180000,16.059999,16.059999,860507,0.000000,0.000000,14.780956,14.817589,14.707692,14.707692
2024-10-27,16.120001,16.280001,16.120001,16.240000,604120,0.000000,0.000000,14.762641,14.909168,14.762641,14.872536
2024-10-28,16.240000,16.260000,16.160000,16.240000,668757,0.000000,0.000000,14.872536,14.890852,14.799272,14.872536
2024-10-29,16.240000,16.299999,16.180000,16.299999,805245,0.000000,0.000000,14.872535,14.927483,14.817588,14.927483
2024-10-30,16.280001,16.500000,16.219999,16.480000,2221420,0.000000,0.000000,14.909168,15.110643,14.854219,15.092326
2024-10-31,16.480000,16.580000,16.360001,16.400000,1407167,0.000000,0.000000,15.092327,15.183907,14.982432,15.019063
2024-11-03,16.400000,16.459999,16.340000,16.400000,327801,0.000000,0.000000,15.019063,15.074010,14.964116,15.019063
2024-11-04,16.400000,16.400000,16.180000,16.280001,846390,0.000000,0.000000,15.019063,15.019063,14.817588,14.909168
2024-11-05,16.299999,16.379999,16.200001,16.240000,590768,0.000000,0.000000,14.927483,15.000747,14.835905,14.872536
2024-11-06,16.559999,17.320000,16.480000,17.260000,6998569,0.000000,0.000000,15.165590,15.861596,15.092326,15.806648
2024-11-07,17.260000,17.500000,16.940001,17.040001,2130239,0.000000,0.000000,15.806649,16.026440,15.513594,15.605174
2024-11-10,17.040001,17.160000,16.780001,16.840000,871951,0.000000,0.000000,15.605173,15.715068,15.367066,15.422013
2024-11-11,16.700001,17.180000,16.700001,17.059999,1359997,0.000000,0.000000,15.293802,15.733384,15.293802,15.623487
2024-11-12,17.139999,17.180000,16.879999,16.879999,1976235,0.000000,0.000000,15.696752,15.733385,15.458645,15.458645
2024-11-13,17.000000,17.100000,16.920000,17.059999,998934,0.000000,0.000000,15.568540,15.660120,15.495277,15.623487
2024-11-14,17.040001,17.040001,16.700001,16.799999,1393961,0.000000,0.000000,15.605174,15.605174,15.293803,15.385382
2024-11-17,16.799999,16.799999,16.799999,16.799999,0,0.000000,0.000000,15.385382,15.385382,15.385382,15.385382
2024-11-18,16.700001,17.020000,16.680000,16.760000,875943,0.000000,0.000000,15.293803,15.586857,15.275486,15.348750
2024-11-19,16.860001,17.020000,16.719999,17.020000,1505516,0.000000,0.000000,15.440330,15.586858,15.312118,15.586858
2024-11-20,17.059999,17.059999,16.740000,16.860001,707987,0.000000,0.000000,15.623488,15.623488,15.330433,15.440330
2024-11-21,16.860001,16.860001,16.600000,16.780001,1039856,0.000000,0.000000,15.440330,15.440330,15.202223,15.367066
2024-11-24,16.820000,16.920000,16.660000,16.879999,562101,0.000000,0.000000,15.403698,15.495278,15.257170,15.458645
2024-11-25,16.860001,16.860001,16.440001,16.600000,3254478,0.000000,0.000000,15.440330,15.440330,15.055696,15.202223
2024-11-26,16.600000,16.799999,16.500000,16.799999,918669,0.000000,0.000000,15.202223,15.385382,15.110643,15.385382
2024-11-27,16.760000,16.780001,16.559999,16.760000,821651,0.000000,0.000000,15.348750,15.367066,15.165590,15.348750
2024-11-28,16.820000,16.820000,16.620001,16.620001,487425,0.000000,0.000000,15.403697,15.403697,15.220539,15.220539
2024-12-01,16.820000,16.820000,16.620001,16.620001,487425,0.000000,0.000000,15.403697,15.403697,15.220539,15.220539
2024-12-02,16.660000,16.760000,16.580000,16.760000,993850,0.000000,0.000000,15.257170,15.348750,15.183906,15.348750
2024-12-03,16.660000,16.980000,16.660000,16.980000,1258817,0.000000,0.000000,15.257170,15.550224,15.257170,15.550224
2024-12-04,16.980000,17.000000,16.799999,16.799999,1010606,0.000000,0.000000,15.550225,15.568542,15.385382,15.385382
2024-12-05,16.799999,16.900000,16.680000,16.799999,1096757,0.000000,0.000000,15.385382,15.476962,15.275487,15.385382
2024-12-08,16.799999,16.820000,16.620001,16.780001,2365104,0.000000,0.000000,15.385381,15.403697,15.220539,15.367066
2024-12-09,16.760000,16.840000,16.660000,16.840000,1531484,0.000000,0.000000,15.348750,15.422013,15.257170,15.422013
2024-12-10,16.840000,17.200001,16.760000,17.180000,2764175,0.000000,0.000000,15.422014,15.751701,15.348750,15.733385
2024-12-11,17.180000,17.200001,16.959999,17.000000,1515401,0.000000,0.000000,15.733384,15.751701,15.531908,15.568541
2024-12-12,17.059999,17.160000,16.959999,17.100000,2260391,0.000000,0.000000,15.623488,15.715068,15.531908,15.660121
2024-12-15,17.160000,17.180000,17.080000,17.160000,843271,0.000000,0.000000,15.715069,15.733385,15.641805,15.715069
2024-12-16,17.139999,17.139999,17.040001,17.059999,903977,0.000000,0.000000,15.696751,15.696751,15.605173,15.623487
2024-12-17,17.059999,17.080000,16.980000,17.040001,1284019,0.000000,0.000000,15.623489,15.641805,15.550225,15.605174
2024-12-18,17.059999,17.080000,16.940001,16.940001,1087224,0.000000,0.000000,15.623489,15.641806,15.513595,15.513595
2024-12-19,16.940001,16.959999,16.719999,16.719999,2945012,0.000000,0.000000,15.513593,15.531908,15.312117,15.312117
2024-12-22,16.740000,16.900000,16.740000,16.879999,319329,0.000000,0.000000,15.330434,15.476961,15.330434,15.458645
2024-12-23,16.780001,17.000000,16.760000,17.000000,634411,0.000000,0.000000,15.367066,15.568541,15.348750,15.568541
2024-12-24,16.980000,17.000000,16.879999,16.920000,408432,0.000000,0.000000,15.550224,15.568540,15.458644,15.495276
2024-12-25,16.920000,16.940001,16.879999,16.940001,204985,0.000000,0.000000,15.495278,15.513595,15.458646,15.513595
2024-12-26,16.940001,16.940001,16.840000,16.860001,380862,0.000000,0.000000,15.513593,15.513593,15.422013,15.440330
2024-12-29,16.860001,16.980000,16.840000,16.860001,832342,0.000000,0.000000,15.440330,15.550224,15.422013,15.440330
2024-12-30,16.840000,16.840000,16.620001,16.780001,1047653,0.000000,0.000000,15.422014,15.422014,15.220539,15.367066
2024-12-31,16.799999,17.000000,16.740000,16.900000,883945,0.000000,0.000000,15.385381,15.568541,15.330434,15.476961
2025-01-01,16.879999,17.000000,16.860001,17.000000,178980,0.000000,0.000000,15.458644,15.568541,15.440330,15.568541
2025-01-02,17.000000,17.000000,16.860001,16.980000,975646,0.000000,0.000000,15.568541,15.568541,15.440330,15.550224
2025-01-05,16.959999,16.959999,16.840000,16.920000,458864,0.000000,0.000000,15.531907,15.531907,15.422013,15.495276
2025-01-06,16.920000,16.920000,16.540001,16.540001,1944254,0.000000,0.000000,15.495277,15.495277,15.147275,15.147275
2025-01-07,16.559999,16.660000,16.459999,16.620001,1139883,0.000000,0.000000,15.165590,15.257170,15.074010,15.220539
2025-01-08,16.660000,16.740000,16.520000,16.639999,1397234,0.000000,0.000000,15.257170,15.330433,15.128959,15.238853
2025-01-09,16.639999,16.639999,16.639999,16.639999,0,0.000000,0.000000,15.238853,15.238853,15.238853,15.238853
2025-01-12,16.559999,16.719999,16.540001,16.719999,574468,0.000000,0.000000,15.165589,15.312117,15.147275,15.312117
2025-01-13,16.700001,16.740000,16.600000,16.600000,1109118,0.000000,0.000000,15.293803,15.330434,15.202223,15.202223
2025-01-14,16.600000,16.700001,16.600000,16.700001,781221,0.000000,0.000000,15.202222,15.293802,15.202222,15.293802
2025-01-15,16.700001,16.719999,16.639999,16.700001,884376,0.000000,0.000000,15.293802,15.312117,15.238853,15.293802
2025-01-16,16.700001,16.780001,16.660000,16.780001,1496835,0.000000,0.000000,15.293803,15.367066,15.257170,15.367066
2025-01-19,16.740000,16.840000,16.719999,16.799999,744523,0.000000,0.000000,15.330434,15.422014,15.312118,15.385382
2025-01-20,16.799999,16.980000,16.799999,16.980000,1361979,0.000000,0.000000,15.385381,15.550224,15.385381,15.550224
2025-01-21,16.980000,17.040001,16.879999,16.940001,1981852,0.000000,0.000000,15.550226,15.605175,15.458646,15.513595
2025-01-22,16.980000,17.020000,16.900000,17.000000,1017038,0.000000,0.000000,15.550224,15.586857,15.476961,15.568541
2025-01-23,16.900000,17.139999,16.900000,17.139999,1483880,0.000000,0.000000,15.476961,15.696752,15.476961,15.696752
2025-01-26,17.139999,17.139999,17.020000,17.120001,587931,0.000000,0.000000,15.696752,15.696752,15.586857,15.678437
2025-01-27,17.100000,17.100000,16.920000,16.920000,705571,0.000000,0.000000,15.660120,15.660120,15.495276,15.495276
2025-01-28,16.920000,16.920000,16.920000,16.920000,0,0.000000,0.000000,15.495276,15.495276,15.495276,15.495276
2025-01-29,16.920000,16.920000,16.920000,16.920000,0,0.000000,0.000000,15.495276,15.495276,15.495276,15.495276
2025-01-30,16.959999,17.040001,16.840000,17.020000,682036,0.000000,0.000000,15.531909,15.605174,15.422014,15.586858
2025-02-02,17.059999,17.260000,17.000000,17.160000,1418868,0.000000,0.000000,15.623489,15.806649,15.568542,15.715069
2025-02-03,17.100000,17.139999,17.000000,17.100000,659204,0.000000,0.000000,15.660121,15.696752,15.568541,15.660121
2025-02-04,17.100000,17.160000,17.000000,17.020000,1206175,0.000000,0.000000,15.660121,15.715069,15.568541,15.586858
2025-02-05,17.059999,17.299999,17.040001,17.299999,1303578,0.000000,0.000000,15.623489,15.843280,15.605174,15.843280
2025-02-06,17.299999,17.360001,17.180000,17.320000,1083445,0.000000,0.000000,15.843279,15.898228,15.733384,15.861595
2025-02-09,17.320000,17.320000,17.200001,17.260000,257207,0.000000,0.000000,15.861596,15.861596,15.751701,15.806648
2025-02-10,17.260000,17.299999,17.139999,17.299999,689274,0.000000,0.000000,15.806649,15.843280,15.696753,15.843280
2025-02-11,17.280001,17.280001,17.080000,17.219999,583656,0.000000,0.000000,15.824966,15.824966,15.641806,15.770017
2025-02-12,17.139999,17.180000,17.080000,17.139999,353115,0.000000,0.000000,15.696752,15.733384,15.641804,15.696752
2025-02-13,17.120001,17.280001,17.100000,17.280001,397770,0.000000,0.000000,15.678436,15.824964,15.660120,15.824964
2025-02-16,17.160000,17.260000,17.120001,17.219999,496219,0.000000,0.000000,15.715069,15.806649,15.678438,15.770017
2025-02-17,17.180000,17.180000,16.959999,16.959999,1247333,0.000000,0.000000,15.733385,15.733385,15.531909,15.531909
2025-02-18,17.000000,17.059999,16.940001,17.040001,1392600,0.000000,0.000000,15.568541,15.623489,15.513594,15.605174
2025-02-19,17.040001,17.040001,17.040001,17.040001,0,0.000000,0.000000,15.605174,15.605174,15.605174,15.605174
2025-02-20,17.080000,17.219999,17.020000,17.160000,839286,0.000000,0.000000,15.641805,15.770016,15.586858,15.715069
2025-02-24,17.160000,17.160000,17.040001,17.139999,1303852,0.000000,0.000000,15.715068,15.715068,15.605173,15.696752
2025-02-25,17.100000,17.100000,16.940001,17.000000,862725,0.000000,0.000000,15.660121,15.660121,15.513593,15.568541
2025-02-26,17.000000,17.020000,16.760000,16.900000,1647083,0.000000,0.000000,15.568541,15.586857,15.348750,15.476961
2025-02-27,16.900000,16.900000,16.639999,16.639999,2139077,0.000000,0.000000,15.476961,15.476961,15.238853,15.238853
2025-03-02,16.860001,16.879999,16.600000,16.760000,776394,0.000000,0.000000,15.440330,15.458645,15.202223,15.348750
2025-03-03,16.660000,16.920000,16.540001,16.860001,985482,0.000000,0.000000,15.257170,15.495277,15.147275,15.440330
2025-03-04,16.820000,16.900000,16.600000,16.600000,1233856,0.000000,0.000000,15.403697,15.476961,15.202223,15.202223
2025-03-05,16.600000,16.639999,16.459999,16.459999,1959134,0.000000,0.000000,15.202223,15.238854,15.074010,15.074010
2025-03-06,16.500000,16.500000,15.920000,15.960000,2754396,0.000000,0.000000,15.110643,15.110643,14.579481,14.616113
2025-03-09,16.020000,16.260000,16.000000,16.059999,954811,0.000000,0.000000,14.671061,14.890852,14.652745,14.707692
2025-03-10,16.059999,16.160000,15.940000,16.100000,1261659,0.000000,0.000000,14.707692,14.799272,14.597797,14.744325
2025-03-11,16.059999,16.059999,15.840000,15.840000,1849042,0.000000,0.000000,14.707692,14.707692,14.506217,14.506217
2025-03-12,15.860000,15.900000,15.760000,15.800000,2214348,0.000000,0.000000,14.524533,14.561165,14.432954,14.469585
2025-03-13,15.800000,15.860000,15.720000,15.860000,1656825,0.000000,0.000000,14.469585,14.524532,14.396321,14.524532
2025-03-16,15.860000,15.920000,15.840000,15.900000,724982,0.000000,0.000000,14.524532,14.579480,14.506217,14.561164
2025-03-17,15.920000,16.100000,15.900000,16.080000,1009854,0.000000,0.000000,14.579480,14.744324,14.561164,14.726007
2025-03-18,16.080000,16.100000,15.900000,16.000000,977328,0.000000,0.000000,14.726008,14.744324,14.561164,14.652744
2025-03-19,15.880000,15.900000,15.700000,15.860000,1777270,0.000000,0.000000,14.542849,14.561164,14.378005,14.524532
2025-03-20,15.860000,15.860000,15.860000,15.860000,0,0.000000,0.000000,14.524532,14.524532,14.524532,14.524532
2025-03-23,15.800000,15.960000,15.720000,15.900000,719609,0.000000,0.000000,14.469585,14.616112,14.396321,14.561164
2025-03-24,15.900000,15.940000,15.800000,15.820000,971065,0.000000,0.000000,14.561164,14.597796,14.469585,14.487901
2025-03-25,15.880000,15.900000,15.720000,15.720000,1623961,0.000000,0.000000,14.542849,14.561164,14.396321,14.396321
2025-03-26,15.720000,15.900000,15.720000,15.900000,1668769,0.000000,0.000000,14.396321,14.561164,14.396321,14.561164
2025-03-27,15.900000,15.960000,15.800000,15.960000,1393893,0.000000,0.000000,14.561165,14.616113,14.469585,14.616113
2025-04-03,15.940000,15.960000,15.700000,15.700000,2355350,0.000000,0.000000,14.597796,14.616112,14.378005,14.378005
2025-04-06,15.380000,15.400000,14.620000,14.620000,4926299,0.000000,0.000000,14.084950,14.103266,13.388945,13.388945
2025-04-07,14.600000,14.780000,13.960000,14.620000,5611596,0.000000,0.000000,13.370629,13.535472,12.784519,13.388945
2025-04-08,14.680000,14.920000,14.580000,14.800000,3749508,0.000000,0.000000,13.443893,13.663684,13.352313,13.553788
2025-04-09,14.800000,14.880000,14.480000,14.640000,3085140,0.000000,0.000000,13.553789,13.627053,13.260734,13.407262
2025-04-10,14.640000,14.640000,14.640000,14.640000,0,0.000000,0.000000,13.407262,13.407262,13.407262,13.407262
2025-04-13,15.280000,15.280000,14.980000,14.980000,2068631,0.000000,0.000000,13.993371,13.993371,13.718632,13.718632
2025-04-14,15.060000,15.080000,14.800000,14.980000,1792891,0.000000,0.000000,13.791896,13.810212,13.553789,13.718632
2025-04-15,14.980000,15.080000,14.960000,14.960000,2217024,0.000000,0.000000,13.718632,13.810212,13.700316,13.700316
2025-04-16,15.000000,15.040000,14.920000,15.040000,1404047,0.000000,0.000000,13.736948,13.773580,13.663684,13.773580
2025-04-17,15.040000,15.040000,15.040000,15.040000,0,0.000000,0.000000,13.773580,13.773580,13.773580,13.773580
2025-04-20,14.960000,15.040000,14.940000,15.020000,935965,0.000000,0.000000,13.700316,13.773580,13.682000,13.755264
2025-04-21,15.020000,15.020000,14.940000,14.960000,896882,0.000000,0.000000,13.755265,13.755265,13.682000,13.700316
2025-04-22,14.920000,15.040000,14.920000,15.040000,1763801,0.000000,0.000000,13.663684,13.773580,13.663684,13.773580
2025-04-23,15.080000,15.160000,15.040000,15.060000,1637396,0.000000,0.000000,13.810211,13.883475,13.773580,13.791896
2025-04-24,15.060000,15.140000,15.040000,15.140000,2568214,0.000000,0.000000,13.791895,13.865159,13.773579,13.865159
2025-04-27,15.160000,15.320000,15.100000,15.280000,1763845,0.000000,0.000000,13.883475,14.030002,13.828527,13.993370
2025-04-28,15.280000,15.280000,15.180000,15.260000,1260215,0.000000,0.000000,13.993371,13.993371,13.901792,13.975056
2025-04-29,15.280000,15.280000,15.000000,15.000000,3439550,0.000000,0.000000,13.993371,13.993371,13.736948,13.736948
2025-04-30,15.000000,15.040000,14.860000,14.980000,3584563,0.000000,0.000000,13.736948,13.773580,13.608736,13.718632
2025-05-01,14.920000,15.020000,14.880000,14.960000,1754238,0.000000,0.000000,13.663685,13.755265,13.627053,13.700316
2025-05-04,15.000000,15.060000,14.960000,14.960000,1238561,0.000000,0.000000,13.736948,13.791896,13.700316,13.700316
2025-05-05,14.940000,14.960000,14.840000,14.900000,2613649,0.000000,0.000000,13.681999,13.700316,13.590420,13.645368
2025-05-06,14.900000,15.000000,14.900000,14.980000,1496152,0.000000,0.000000,13.645368,13.736948,13.645368,13.718632
2025-05-07,14.980000,15.000000,14.820000,14.820000,2541296,0.000000,0.000000,13.718632,13.736948,13.572104,13.572104
2025-05-08,14.860000,14.940000,14.800000,14.880000,2067651,0.000000,0.000000,13.608736,13.682000,13.553789,13.627052
2025-05-11,14.960000,15.060000,14.900000,15.040000,1426475,0.000000,0.000000,13.700316,13.791896,13.645368,13.773580
2025-05-12,15.060000,15.140000,15.000000,15.140000,2189478,0.000000,0.000000,13.791895,13.865159,13.736947,13.865159
2025-05-13,15.160000,15.180000,15.040000,15.180000,3877408,0.000000,0.000000,13.883475,13.901792,13.773580,13.901792
2025-05-14,14.480000,14.560000,14.400000,14.440000,3986678,0.700000,0.000000,13.901791,13.978597,13.824985,13.863388
2025-05-15,14.480000,14.500000,14.200000,14.360000,2998699,0.000000,0.000000,13.901791,13.920993,13.632972,13.786583
2025-05-18,14.360000,14.360000,14.360000,14.360000,0,0.000000,0.000000,13.786583,13.786583,13.786583,13.786583
2025-05-19,14.380000,14.400000,14.260000,14.340000,1243836,0.000000,0.000000,13.805784,13.824985,13.690576,13.767382
2025-05-20,14.320000,14.340000,14.200000,14.280000,2284552,0.000000,0.000000,13.748181,13.767382,13.632972,13.709778
2025-05-21,14.340000,14.440000,14.240000,14.360000,2223659,0.000000,0.000000,13.767382,13.863388,13.671375,13.786583
2025-05-22,14.360000,14.460000,14.260000,14.460000,2913826,0.000000,0.000000,13.786583,13.882590,13.690577,13.882590
2025-05-25,14.460000,14.480000,14.300000,14.380000,1024453,0.000000,0.000000,13.882590,13.901791,13.728979,13.805784
2025-05-26,14.360000,14.520000,14.340000,14.440000,1905466,0.000000,0.000000,13.786583,13.940194,13.767382,13.863388
2025-05-27,14.440000,14.460000,14.140000,14.220000,1777950,0.000000,0.000000,13.863388,13.882590,13.575369,13.652174
2025-05-28,14.260000,14.300000,14.140000,14.140000,1554445,0.000000,0.000000,13.690577,13.728980,13.575369,13.575369
2025-05-29,14.200000,14.240000,14.120000,14.160000,3641785,0.000000,0.000000,13.632972,13.671375,13.556167,13.594569
2025-06-01,14.240000,14.240000,14.060000,14.120000,953575,0.000000,0.000000,13.671375,13.671375,13.498563,13.556167
2025-06-02,14.120000,14.420000,14.080000,14.360000,3293443,0.000000,0.000000,13.556167,13.844187,13.517764,13.786583
2025-06-03,14.380000,14.380000,14.240000,14.320000,1256904,0.000000,0.000000,13.805785,13.805785,13.671375,13.748180
2025-06-04,14.460000,14.580000,14.360000,14.480000,3245278,0.000000,0.000000,13.882590,13.997798,13.786583,13.901791
2025-06-11,14.500000,14.540000,14.280000,14.320000,2259054,0.000000,0.000000,13.920993,13.959396,13.709778,13.748180
2025-06-12,14.300000,14.400000,14.140000,14.400000,2604752,0.000000,0.000000,13.728979,13.824986,13.575368,13.824986
2025-06-15,14.040000,14.280000,13.940000,14.100000,1796342,0.000000,0.000000,13.479361,13.709777,13.383354,13.536965
2025-06-16,14.180000,14.400000,14.180000,14.180000,1048106,0.000000,0.000000,13.613771,13.824986,13.613771,13.613771
2025-06-17,14.260000,14.260000,13.940000,13.960000,2138337,0.000000,0.000000,13.690576,13.690576,13.383354,13.402555
2025-06-18,13.960000,14.060000,13.860000,13.880000,2417993,0.000000,0.000000,13.402556,13.498563,13.306549,13.325750
2025-06-19,13.880000,13.960000,13.720000,13.960000,4200491,0.000000,0.000000,13.325750,13.402555,13.172139,13.402555
2025-06-22,13.960000,14.120000,13.920000,13.960000,1064729,0.000000,0.000000,13.402555,13.556166,13.364153,13.402555
2025-06-23,13.980000,14.080000,13.920000,14.000000,1265607,0.000000,0.000000,13.421756,13.517763,13.364153,13.440958
2025-06-24,14.140000,14.380000,14.140000,14.380000,2725891,0.000000,0.000000,13.575368,13.805784,13.575368,13.805784
2025-06-25,14.400000,14.580000,14.340000,14.460000,2300313,0.000000,0.000000,13.824986,13.997798,13.767382,13.882590
2025-06-26,14.500000,14.960000,14.460000,14.960000,2475955,0.000000,0.000000,13.920993,14.362624,13.882590,14.362624
2025-06-29,14.960000,14.970000,14.740000,14.810000,950737,0.000000,0.000000,14.362624,14.372225,14.151409,14.218615
2025-06-30,14.840000,14.930000,14.700000,14.700000,1458372,0.000000,0.000000,14.247417,14.333823,14.113007,14.113007
2025-07-01,14.800000,14.940000,14.770000,14.900000,950732,0.000000,0.000000,14.209013,14.343422,14.180211,14.305019
2025-07-02,14.900000,14.950000,14.850000,14.860000,909821,0.000000,0.000000,14.305020,14.353023,14.257017,14.266617
2025-07-03,14.880000,15.100000,14.880000,15.070000,2151147,0.000000,0.000000,14.285819,14.497034,14.285819,14.468231
2025-07-06,15.090000,15.090000,14.880000,14.940000,623899,0.000000,0.000000,14.487434,14.487434,14.285819,14.343423
2025-07-07,14.900000,15.050000,14.860000,15.050000,896964,0.000000,0.000000,14.305020,14.449031,14.266617,14.449031
2025-07-08,15.040000,15.050000,14.840000,14.950000,1318956,0.000000,0.000000,14.439430,14.449031,14.247416,14.353024
2025-07-09,14.980000,15.000000,14.870000,14.990000,685306,0.000000,0.000000,14.381825,14.401027,14.276218,14.391426
2025-07-10,14.990000,15.090000,14.970000,15.030000,1004612,0.000000,0.000000,14.391426,14.487433,14.372225,14.429829
2025-07-13,15.030000,15.050000,14.900000,15.040000,415789,0.000000,0.000000,14.429828,14.449030,14.305019,14.439429
2025-07-14,15.050000,15.050000,14.810000,14.950000,1078033,0.000000,0.000000,14.449031,14.449031,14.218615,14.353024
2025-07-15,14.980000,15.070000,14.910000,15.000000,1189932,0.000000,0.000000,14.381825,14.468231,14.314620,14.401027
2025-07-16,14.920000,14.950000,14.830000,14.850000,1251894,0.000000,0.000000,14.324222,14.353023,14.237815,14.257017
2025-07-17,14.850000,14.850000,14.850000,14.850000,0,0.000000,0.000000,14.257017,14.257017,14.257017,14.257017
2025-07-20,14.930000,14.990000,14.670000,14.680000,650484,0.000000,0.000000,14.333822,14.391426,14.084204,14.093805
2025-07-21,14.710000,14.880000,14.710000,14.800000,800853,0.000000,0.000000,14.122607,14.285818,14.122607,14.209013
2025-07-22,14.750000,14.850000,14.630000,14.670000,1571448,0.000000,0.000000,14.161010,14.257017,14.045802,14.084205
2025-07-23,14.890000,14.970000,14.650000,14.970000,1011818,0.000000,0.000000,14.295419,14.372225,14.065002,14.372225
2025-07-24,14.850000,14.890000,14.760000,14.800000,638128,0.000000,0.000000,14.257017,14.295419,14.170610,14.209013
2025-07-27,14.860000,14.940000,14.860000,14.940000,519946,0.000000,0.000000,14.266617,14.343423,14.266617,14.343423
2025-07-28,15.000000,15.000000,14.750000,14.760000,638305,0.000000,0.000000,14.401027,14.401027,14.161010,14.170610
2025-07-29,14.830000,14.830000,14.660000,14.660000,778818,0.000000,0.000000,14.237815,14.237815,14.074603,14.074603
2025-07-30,14.730000,14.730000,14.650000,14.660000,453895,0.000000,0.000000,14.141808,14.141808,14.065002,14.074603
2025-07-31,14.680000,14.800000,14.640000,14.770000,2168050,0.000000,0.000000,14.093806,14.209014,14.055403,14.180212
2025-08-03,14.650000,14.710000,14.480000,14.710000,841466,0.000000,0.000000,14.065003,14.122607,13.901791,14.122607
2025-08-04,14.660000,14.810000,14.610000,14.760000,666339,0.000000,0.000000,14.074603,14.218614,14.026600,14.170610
2025-08-05,14.810000,15.000000,14.800000,14.990000,1452833,0.000000,0.000000,14.218614,14.401027,14.209013,14.391426
2025-08-06,14.920000,14.990000,14.860000,14.890000,440091,0.000000,0.000000,14.324221,14.391426,14.266617,14.295420
2025-08-07,14.890000,14.990000,14.850000,14.990000,547370,0.000000,0.000000,14.295420,14.391426,14.257017,14.391426
2025-08-10,14.960000,14.960000,14.860000,14.880000,245003,0.000000,0.000000,14.362624,14.362624,14.266617,14.285819
2025-08-11,15.000000,15.030000,14.700000,14.700000,1830309,0.000000,0.000000,14.401027,14.429829,14.113007,14.113007
2025-08-12,14.700000,14.700000,14.520000,14.610000,994195,0.000000,0.000000,14.113006,14.113006,13.940194,14.026600
2025-08-13,14.610000,14.690000,14.440000,14.440000,845380,0.000000,0.000000,14.026600,14.103405,13.863388,13.863388
2025-08-14,14.470000,14.620000,14.420000,14.420000,1071905,0.000000,0.000000,13.892191,14.036201,13.844188,13.844188
2025-08-17,14.450000,14.570000,14.450000,14.570000,503237,0.000000,0.000000,13.872989,13.988197,13.872989,13.988197
2025-08-18,14.420000,14.690000,14.390000,14.560000,1066406,0.000000,0.000000,13.844188,14.103406,13.815386,13.978598
2025-08-19,14.530000,14.610000,14.480000,14.500000,947916,0.000000,0.000000,13.949795,14.026600,13.901791,13.920993
2025-08-20,14.480000,14.640000,14.480000,14.640000,1371494,0.000000,0.000000,13.901791,14.055403,13.901791,14.055403
2025-08-21,14.530000,14.600000,14.510000,14.520000,1025573,0.000000,0.000000,13.949794,14.017000,13.930593,13.940194
2025-08-24,14.620000,14.740000,14.580000,14.660000,754569,0.000000,0.000000,14.036200,14.151408,13.997798,14.074603
2025-08-25,14.660000,14.730000,14.540000,14.630000,1057088,0.000000,0.000000,14.074604,14.141808,13.959396,14.045802
2025-08-26,14.640000,14.730000,14.550000,14.560000,1785808,0.000000,0.000000,14.055403,14.141808,13.968997,13.978598
2025-08-27,14.610000,14.750000,14.580000,14.600000,725629,0.000000,0.000000,14.026600,14.161010,13.997798,14.017000
2025-08-28,14.650000,14.700000,14.530000,14.530000,1399480,0.000000,0.000000,14.065003,14.113006,13.949795,13.949795
2025-08-31,14.570000,14.600000,14.490000,14.600000,694046,0.000000,0.000000,13.988197,14.017000,13.911392,14.017000
2025-09-01,14.580000,14.650000,14.500000,14.570000,784337,0.000000,0.000000,13.997798,14.065003,13.920993,13.988197
2025-09-02,14.550000,14.550000,14.420000,14.480000,713167,0.000000,0.000000,13.968996,13.968996,13.844187,13.901791
2025-09-03,14.480000,14.480000,14.360000,14.480000,764311,0.000000,0.000000,13.901791,13.901791,13.786583,13.901791
2025-09-04,14.420000,14.570000,14.410000,14.540000,451431,0.000000,0.000000,13.844187,13.988197,13.834586,13.959395
2025-09-07,14.540000,14.560000,14.500000,14.530000,202225,0.000000,0.000000,13.959396,13.978597,13.920993,13.949795
2025-09-08,14.530000,14.580000,14.460000,14.530000,596144,0.000000,0.000000,13.949795,13.997798,13.882590,13.949795
2025-09-09,14.490000,14.490000,14.260000,14.300000,1595478,0.000000,0.000000,13.911392,13.911392,13.690576,13.728979
2025-09-10,14.320000,14.360000,14.140000,14.200000,1278507,0.000000,0.000000,13.748180,13.786583,13.575368,13.632972
2025-09-11,14.250000,14.290000,13.970000,14.150000,2053235,0.000000,0.000000,13.680976,13.719378,13.412157,13.584969
2025-09-14,14.150000,14.300000,14.150000,14.300000,482929,0.000000,0.000000,13.584968,13.728979,13.584968,13.728979
2025-09-15,14.220000,14.370000,14.220000,14.300000,1410823,0.000000,0.000000,13.652174,13.796184,13.652174,13.728979
2025-09-16,14.330000,14.360000,14.230000,14.300000,1000149,0.000000,0.000000,13.757781,13.786583,13.661774,13.728979
2025-09-17,14.310000,14.400000,14.230000,14.370000,2027678,0.000000,0.000000,13.738580,13.824985,13.661774,13.796184
2025-09-18,14.370000,14.660000,14.370000,14.660000,2781262,0.000000,0.000000,13.796183,14.074603,13.796183,14.074603
2025-09-21,14.660000,14.820000,14.580000,14.660000,1189416,0.000000,0.000000,14.074603,14.228214,13.997798,14.074603
2025-09-22,14.700000,14.880000,14.680000,14.880000,1261211,0.000000,0.000000,14.113006,14.285819,14.093806,14.285819
2025-09-24,14.920000,15.200000,14.920000,15.170000,3309055,0.000000,0.000000,14.324221,14.593040,14.324221,14.564239
2025-09-25,15.170000,15.170000,15.170000,15.170000,0,0.000000,0.000000,14.564239,14.564239,14.564239,14.564239
2025-09-28,14.710000,14.880000,14.710000,14.860000,797141,0.000000,0.000000,14.122607,14.285819,14.122607,14.266617
2025-09-29,14.880000,15.080000,14.810000,15.080000,1548356,0.000000,0.000000,14.285819,14.477833,14.218615,14.477833
2025-09-30,15.080000,15.300000,15.080000,15.190000,2411614,0.000000,0.000000,14.477833,14.689048,14.477833,14.583440
2025-10-01,15.080000,15.300000,15.080000,15.190000,2411614,0.000000,0.000000,14.477833,14.689048,14.477833,14.583440
2025-10-02,15.450000,15.890000,15.440000,15.840000,2579715,0.000000,0.000000,14.833057,15.255488,14.823456,15.207484
2025-10-05,15.840000,15.890000,15.680000,15.720000,721263,0.000000,0.000000,15.207485,15.255488,15.053874,15.092277
2025-10-06,15.640000,15.800000,15.600000,15.720000,949019,0.000000,0.000000,15.015471,15.169082,14.977068,15.092277
2025-10-07,15.750000,15.810000,15.650000,15.650000,1053640,0.000000,0.000000,15.121078,15.178683,15.025071,15.025071
2025-10-08,15.650000,15.660000,15.390000,15.510000,902745,0.000000,0.000000,15.025071,15.034672,14.775454,14.890662
2025-10-09,15.500000,15.630000,15.420000,15.630000,869822,0.000000,0.000000,14.881061,15.005870,14.804255,15.005870
2025-10-12,15.070000,15.440000,15.070000,15.320000,757280,0.000000,0.000000,14.468231,14.823456,14.468231,14.708248
2025-10-13,15.320000,15.450000,15.320000,15.370000,793230,0.000000,0.000000,14.708249,14.833058,14.708249,14.756252
2025-10-14,15.340000,15.530000,15.340000,15.430000,1065804,0.000000,0.000000,14.727451,14.909863,14.727451,14.813857
2025-10-15,15.500000,15.550000,15.400000,15.550000,3252788,0.000000,0.000000,14.881061,14.929065,14.785054,14.929065
2025-10-16,15.500000,15.670000,15.500000,15.630000,958934,0.000000,0.000000,14.881061,15.044273,14.881061,15.005870
2025-10-19,15.620000,15.790000,15.610000,15.710000,643797,0.000000,0.000000,14.996270,15.159481,14.986669,15.082676
2025-10-20,15.720000,15.830000,15.550000,15.650000,1279170,0.000000,0.000000,15.092277,15.197884,14.929065,15.025071
2025-10-21,15.610000,15.800000,15.590000,15.770000,1363470,0.000000,0.000000,14.986668,15.169082,14.967467,15.140280
2025-10-22,15.770000,15.990000,15.660000,15.800000,1350616,0.000000,0.000000,15.140280,15.351494,15.034672,15.169082
2025-10-23,15.870000,15.940000,15.750000,15.880000,1702163,0.000000,0.000000,15.236287,15.303491,15.121079,15.245888
2025-10-26,15.940000,15.980000,15.800000,15.960000,811126,0.000000,0.000000,15.303491,15.341894,15.169082,15.322693
2025-10-27,15.960000,15.970000,15.830000,15.830000,1042068,0.000000,0.000000,15.322693,15.332294,15.197884,15.197884
2025-10-28,15.840000,15.930000,15.750000,15.870000,773727,0.000000,0.000000,15.207484,15.293891,15.121078,15.236286
2025-10-29,15.850000,15.900000,15.760000,15.830000,664153,0.000000,0.000000,15.217085,15.265088,15.130679,15.197884
2025-10-30,15.830000,16.049999,15.830000,16.030001,1928753,0.000000,0.000000,15.197884,15.409098,15.197884,15.389898
2025-11-02,15.940000,15.960000,15.810000,15.810000,575381,0.000000,0.000000,15.303491,15.322693,15.178683,15.178683
2025-11-03,15.810000,15.900000,15.720000,15.850000,1097060,0.000000,0.000000,15.178683,15.265089,15.092277,15.217086
2025-11-04,15.820000,15.890000,15.730000,15.800000,844190,0.000000,0.000000,15.188283,15.255488,15.101876,15.169082
2025-11-05,15.110000,15.700000,14.470000,14.530000,5139109,0.000000,0.000000,14.506634,15.073075,13.892191,13.949795
2025-11-06,14.530000,14.750000,14.530000,14.610000,2461177,0.000000,0.000000,13.949794,14.161010,13.949794,14.026600
2025-11-09,14.620000,14.680000,14.480000,14.550000,2208202,0.000000,0.000000,14.036201,14.093805,13.901791,13.968996
2025-11-10,14.550000,14.710000,14.150000,14.650000,3022722,0.000000,0.000000,13.968996,14.122607,13.584968,14.065002
2025-11-11,14.650000,14.700000,14.540000,14.700000,717515,0.000000,0.000000,14.065003,14.113007,13.959396,14.113007
2025-11-12,14.670000,14.790000,14.580000,14.580000,943752,0.000000,0.000000,14.084204,14.199412,13.997798,13.997798
2025-11-13,14.570000,14.690000,14.430000,14.430000,1000806,0.000000,0.000000,13.988197,14.103405,13.853788,13.853788
2025-11-16,14.540000,14.710000,14.460000,14.610000,809382,0.000000,0.000000,13.959395,14.122607,13.882590,14.026600
2025-11-17,14.610000,14.760000,14.550000,14.630000,958074,0.000000,0.000000,14.026600,14.170611,13.968997,14.045802
2025-11-18,14.640000,14.640000,14.460000,14.480000,932832,0.000000,0.000000,14.055402,14.055402,13.882590,13.901791
2025-11-19,14.500000,14.650000,14.340000,14.420000,1502817,0.000000,0.000000,13.920993,14.065003,13.767382,13.844188
2025-11-20,14.420000,14.450000,14.180000,14.220000,2407218,0.000000,0.000000,13.844188,13.872989,13.613771,13.652174
2025-11-23,14.280000,14.400000,14.250000,14.380000,734249,0.000000,0.000000,13.709777,13.824985,13.680975,13.805784
2025-11-24,14.370000,14.370000,14.230000,14.320000,2065776,0.000000,0.000000,13.796184,13.796184,13.661774,13.748180
2025-11-25,14.320000,14.340000,14.160000,14.160000,1001682,0.000000,0.000000,13.748180,13.767382,13.594569,13.594569
2025-11-26,14.160000,14.210000,14.080000,14.170000,1285582,0.000000,0.000000,13.594569,13.642573,13.517764,13.604170
2025-11-27,14.200000,14.240000,14.090000,14.110000,1051861,0.000000,0.000000,13.632972,13.671375,13.527365,13.546566
2025-11-30,14.150000,14.190000,14.050000,14.050000,918130,0.000000,0.000000,13.584968,13.623371,13.488962,13.488962
2025-12-01,14.100000,14.100000,14.000000,14.030000,1541691,0.000000,0.000000,13.536965,13.536965,13.440958,13.469760
2025-12-02,14.100000,14.170000,14.050000,14.160000,748357,0.000000,0.000000,13.536966,13.604170,13.488962,13.594569
2025-12-03,14.160000,14.170000,14.050000,14.150000,810493,0.000000,0.000000,13.594569,13.604170,13.488962,13.584969
2025-12-04,14.150000,14.210000,14.120000,14.140000,826496,0.000000,0.000000,13.584969,13.642573,13.556167,13.575369
2025-12-07,14.140000,14.220000,14.120000,14.210000,293009,0.000000,0.000000,13.575369,13.652174,13.556167,13.642573
2025-12-08,14.210000,14.210000,14.060000,14.140000,755464,0.000000,0.000000,13.642573,13.642573,13.498563,13.575369
2025-12-09,14.110000,14.120000,13.970000,13.990000,2078583,0.000000,0.000000,13.546565,13.556166,13.412156,13.431357
2025-12-10,14.020000,14.080000,14.010000,14.080000,918323,0.000000,0.000000,13.460160,13.517764,13.450560,13.517764
2025-12-11,14.080000,14.220000,14.040000,14.120000,1240463,0.000000,0.000000,13.517764,13.652174,13.479361,13.556167
2025-12-14,14.170000,14.210000,14.070000,14.160000,486910,0.000000,0.000000,13.604170,13.642573,13.508163,13.594569
2025-12-15,14.110000,14.150000,14.040000,14.050000,1051312,0.000000,0.000000,13.546566,13.584968,13.479361,13.488962
2025-12-16,14.090000,14.110000,13.920000,13.930000,1467026,0.000000,0.000000,13.527364,13.546565,13.364153,13.373754
2025-12-17,13.950000,14.000000,13.900000,13.920000,960000,0.000000,0.000000,13.392955,13.440958,13.344951,13.364153
2025-12-18,13.920000,13.920000,13.750000,13.750000,4093572,0.000000,0.000000,13.364153,13.364153,13.200941,13.200941
2025-12-21,13.800000,13.900000,13.790000,13.800000,1091891,0.000000,0.000000,13.248945,13.344952,13.239344,13.248945
2025-12-22,13.800000,13.890000,13.640000,13.890000,2958746,0.000000,0.000000,13.248945,13.335351,13.095334,13.335351
2025-12-23,13.890000,14.100000,13.850000,14.100000,1342494,0.000000,0.000000,13.335351,13.536965,13.296948,13.536965
2025-12-24,14.050000,14.160000,14.010000,14.010000,558641,0.000000,0.000000,13.488962,13.594570,13.450560,13.450560
2025-12-25,14.020000,14.620000,13.850000,14.200000,1069588,0.000000,0.000000,13.460160,14.036201,13.296948,13.632972
2025-12-28,14.090000,14.140000,14.020000,14.080000,369888,0.000000,0.000000,13.527365,13.575369,13.460160,13.517764
2025-12-29,14.280000,14.280000,14.010000,14.050000,749966,0.000000,0.000000,13.709777,13.709777,13.450559,13.488962
2025-12-30,14.060000,14.120000,13.940000,13.960000,820885,0.000000,0.000000,13.498563,13.556166,13.383354,13.402555
2025-12-31,13.980000,14.120000,13.980000,14.050000,620240,0.000000,0.000000,13.421757,13.556167,13.421757,13.488962
2026-01-01,14.110000,14.310000,14.090000,14.250000,622112,0.000000,0.000000,13.546566,13.738580,13.527365,13.680976
2026-01-04,14.170000,14.240000,14.040000,14.150000,425951,0.000000,0.000000,13.604170,13.671375,13.479361,13.584969
2026-01-05,14.140000,14.170000,13.950000,13.990000,1341274,0.000000,0.000000,13.575368,13.604170,13.392955,13.431357
2026-01-06,13.990000,14.020000,13.930000,13.960000,852037,0.000000,0.000000,13.431357,13.460160,13.373754,13.402555
2026-01-07,14.110000,14.160000,14.010000,14.130000,1386345,0.000000,0.000000,13.546565,13.594569,13.450559,13.565767
2026-01-08,14.050000,14.050000,13.970000,14.000000,1142774,0.000000,0.000000,13.488962,13.488962,13.412156,13.440958
2026-01-11,14.050000,14.070000,13.980000,13.980000,1412809,0.000000,0.000000,13.488962,13.508163,13.421757,13.421757
2026-01-12,13.980000,14.100000,13.980000,14.010000,1461067,0.000000,0.000000,13.421757,13.536966,13.421757,13.450560
2026-01-13,14.080000,14.220000,14.030000,14.210000,2251973,0.000000,0.000000,13.517764,13.652174,13.469761,13.642573
2026-01-14,14.210000,14.260000,14.030000,14.070000,2320183,0.000000,0.000000,13.642573,13.690577,13.469761,13.508163
2026-01-15,14.100000,14.100000,14.000000,14.080000,1651734,0.000000,0.000000,13.536966,13.536966,13.440959,13.517764
2026-01-18,14.090000,14.170000,14.000000,14.000000,1114660,0.000000,0.000000,13.527364,13.604170,13.440958,13.440958
2026-01-19,14.100000,14.200000,14.060000,14.200000,1410386,0.000000,0.000000,13.536965,13.632972,13.498563,13.632972
2026-01-20,14.110000,14.300000,14.110000,14.160000,1512505,0.000000,0.000000,13.546566,13.728979,13.546566,13.594569
2026-01-21,14.160000,14.180000,14.070000,14.070000,1613321,0.000000,0.000000,13.594570,13.613772,13.508163,13.508163
2026-01-22,14.150000,14.230000,14.130000,14.220000,2301604,0.000000,0.000000,13.584969,13.661774,13.565768,13.652174
2026-01-25,14.170000,14.390000,14.170000,14.390000,842426,0.000000,0.000000,13.604170,13.815386,13.604170,13.815386
2026-01-26,14.390000,14.400000,14.230000,14.400000,1006053,0.000000,0.000000,13.815386,13.824986,13.661774,13.824986
2026-01-27,14.340000,14.470000,14.330000,14.470000,1582275,0.000000,0.000000,13.767382,13.892191,13.757781,13.892191
2026-01-28,14.480000,14.490000,14.370000,14.440000,1452994,0.000000,0.000000,13.901791,13.911392,13.796184,13.863388
2026-01-29,14.460000,14.470000,14.300000,14.400000,4293402,0.000000,0.000000,13.882590,13.892191,13.728979,13.824986
2026-02-01,14.400000,14.400000,14.180000,14.400000,845507,0.000000,0.000000,13.824986,13.824986,13.613771,13.824986
2026-02-02,14.300000,14.440000,14.150000,14.440000,1970610,0.000000,0.000000,13.728979,13.863388,13.584968,13.863388
2026-02-03,14.460000,14.560000,14.420000,14.480000,1541681,0.000000,0.000000,13.882590,13.978597,13.844187,13.901791
2026-02-04,14.440000,14.500000,14.380000,14.380000,1002035,0.000000,0.000000,13.863388,13.920992,13.805784,13.805784
2026-02-05,14.400000,14.410000,14.240000,14.250000,1395585,0.000000,0.000000,13.824986,13.834587,13.671375,13.680976
2026-02-08,14.270000,14.390000,14.260000,14.380000,390317,0.000000,0.000000,13.700177,13.815385,13.690576,13.805784
2026-02-09,14.370000,14.370000,14.140000,14.210000,1794612,0.000000,0.000000,13.796184,13.796184,13.575369,13.642573
2026-02-10,14.250000,14.250000,14.150000,14.200000,709816,0.000000,0.000000,13.680975,13.680975,13.584968,13.632972
2026-02-11,14.200000,14.280000,14.160000,14.170000,1125419,0.000000,0.000000,13.632972,13.709777,13.594569,13.604170
2026-02-12,14.170000,14.210000,14.120000,14.180000,1339986,0.000000,0.000000,13.604171,13.642573,13.556167,13.613771
2026-02-15,14.190000,14.270000,14.190000,14.210000,494105,0.000000,0.000000,13.623372,13.700178,13.623372,13.642573
2026-02-16,14.190000,14.190000,14.000000,14.000000,2270758,0.000000,0.000000,13.623371,13.623371,13.440958,13.440958
2026-02-17,14.050000,14.060000,13.860000,13.960000,2763700,0.000000,0.000000,13.488962,13.498563,13.306548,13.402555
2026-02-18,13.960000,13.980000,13.830000,13.940000,1519383,0.000000,0.000000,13.402556,13.421757,13.277747,13.383354
2026-02-19,13.940000,13.940000,13.750000,13.750000,2651012,0.000000,0.000000,13.383354,13.383354,13.200941,13.200941
2026-02-23,13.760000,13.920000,13.720000,13.820000,1350174,0.000000,0.000000,13.210542,13.364153,13.172139,13.268146
2026-02-24,13.760000,13.790000,13.660000,13.740000,1805256,0.000000,0.000000,13.210542,13.239344,13.114535,13.191340
2026-02-25,13.790000,13.820000,13.690000,13.760000,1333743,0.000000,0.000000,13.239344,13.268146,13.143337,13.210543
2026-02-26,13.760000,13.760000,13.540000,13.540000,3582264,0.000000,0.000000,13.210542,13.210542,12.999327,12.999327
2026-03-01,13.050000,13.540000,13.000000,13.200000,2286146,0.000000,0.000000,12.528894,12.999327,12.480890,12.672904
2026-03-02,13.200000,13.510000,13.190000,13.510000,2811081,0.000000,0.000000,12.672903,12.970525,12.663302,12.970525
2026-03-03,13.460000,13.890000,13.380000,13.770000,2594827,0.000000,0.000000,12.922522,13.335351,12.845716,13.220143
2026-03-04,13.850000,14.120000,13.750000,14.060000,2132072,0.000000,0.000000,13.296948,13.556166,13.200941,13.498563
2026-03-05,14.060000,14.250000,14.010000,14.220000,1801614,0.000000,0.000000,13.498563,13.680976,13.450560,13.652174
2026-03-08,14.230000,14.360000,14.180000,14.190000,2134155,0.000000,0.000000,13.661774,13.786583,13.613771,13.623371
2026-03-09,14.190000,14.420000,14.110000,14.300000,3191124,0.000000,0.000000,13.623371,13.844187,13.546566,13.728979
2026-03-10,14.300000,14.480000,14.270000,14.480000,1178088,0.000000,0.000000,13.728979,13.901791,13.700177,13.901791
2026-03-11,14.480000,14.580000,14.420000,14.480000,884938,0.000000,0.000000,13.901791,13.997798,13.844187,13.901791
2026-03-12,14.510000,14.740000,14.480000,14.680000,2003944,0.000000,0.000000,13.930594,14.151409,13.901791,14.093805
2026-03-15,14.700000,14.730000,14.520000,14.520000,761753,0.000000,0.000000,14.113006,14.141808,13.940194,13.940194
2026-03-16,14.520000,14.980000,14.520000,14.950000,2961174,0.000000,0.000000,13.940195,14.381825,13.940195,14.353024
2026-03-24,14.950000,15.390000,14.950000,15.360000,4980878,0.000000,0.000000,14.353024,14.775454,14.353024,14.746652
2026-03-25,15.280000,15.500000,15.270000,15.500000,2311006,0.000000,0.000000,14.669846,14.881062,14.660246,14.881062
2026-03-26,15.500000,16.340000,15.490000,16.000000,6410953,0.000000,0.000000,14.881061,15.687519,14.871460,15.361095
2026-03-29,15.980000,16.040001,15.800000,15.940000,1563818,0.000000,0.000000,15.341893,15.399499,15.169082,15.303491
2026-03-30,15.980000,16.040001,15.800000,15.940000,1563818,0.000000,0.000000,15.341893,15.399499,15.169082,15.303491
2026-03-31,16.549999,17.120001,16.480000,16.930000,5466402,0.000000,0.000000,15.889133,16.436373,15.821928,16.253960
2026-04-01,16.959999,17.100000,16.799999,17.100000,3607077,0.000000,0.000000,16.282761,16.417171,16.129150,16.417171
2026-04-02,17.059999,17.250000,16.900000,17.250000,3560170,0.000000,0.000000,16.378767,16.561180,16.225156,16.561180
2026-04-05,17.250000,17.250000,16.500000,16.500000,1681971,0.000000,0.000000,16.561181,16.561181,15.841129,15.841129
2026-04-06,16.500000,17.080000,16.500000,17.059999,2293521,0.000000,0.000000,15.841129,16.397969,15.841129,16.378767
2026-04-07,17.000000,17.049999,16.690001,16.799999,2662829,0.000000,0.000000,16.321165,16.369168,16.023544,16.129150
2026-04-08,16.900000,17.000000,16.660000,16.809999,2163474,0.000000,0.000000,16.225156,16.321164,15.994740,16.138750
2026-04-09,16.809999,17.129999,16.770000,17.129999,2998853,0.000000,0.000000,16.138751,16.445972,16.100349,16.445972
2026-04-12,17.100000,17.100000,16.950001,17.049999,773310,0.000000,0.000000,16.417172,16.417172,16.273162,16.369167
2026-04-13,17.030001,17.490000,17.000000,17.490000,4844259,0.000000,0.000000,16.349967,16.791597,16.321164,16.791597
2026-04-14,17.459999,17.750000,17.350000,17.629999,3133453,0.000000,0.000000,16.762795,17.041215,16.657188,16.926006
2026-04-15,17.629999,17.799999,17.420000,17.719999,3143335,0.000000,0.000000,16.926007,17.089218,16.724393,17.012413
2026-04-16,17.719999,17.719999,17.469999,17.639999,2372741,0.000000,0.000000,17.012413,17.012413,16.772396,16.935608
2026-04-19,17.690001,17.690001,17.120001,17.120001,810238,0.000000,0.000000,16.983611,16.983611,16.436373,16.436373
2026-04-20,17.150000,17.600000,17.139999,17.299999,1658145,0.000000,0.000000,16.465174,16.897206,16.455573,16.609184
2026-04-21,17.490000,17.600000,17.360001,17.600000,1410184,0.000000,0.000000,16.791597,16.897205,16.666789,16.897205
2026-04-22,17.500000,17.629999,17.350000,17.590000,1088045,0.000000,0.000000,16.801197,16.926006,16.657188,16.887604
2026-04-23,17.510000,17.629999,17.170000,17.230000,1843047,0.000000,0.000000,16.810799,16.926006,16.484375,16.541979
2026-04-26,17.240000,17.500000,17.240000,17.350000,498679,0.000000,0.000000,16.551580,16.801198,16.551580,16.657188
2026-04-27,17.360001,17.700001,17.360001,17.660000,1736186,0.000000,0.000000,16.666789,16.993213,16.666789,16.954809
2026-04-28,17.680000,17.690001,17.430000,17.530001,1774397,0.000000,0.000000,16.974010,16.983611,16.733993,16.830000
2026-04-29,17.530001,17.780001,17.450001,17.760000,2078933,0.000000,0.000000,16.830000,17.070017,16.753195,17.050816
2026-04-30,17.700001,17.740000,17.500000,17.740000,2516118,0.000000,0.000000,16.993213,17.031614,16.801198,17.031614
2026-05-03,17.740000,17.920000,17.520000,17.680000,2058495,0.000000,0.000000,17.031614,17.204427,16.820400,16.974010
2026-05-04,17.680000,17.680000,17.680000,17.680000,0,0.000000,0.000000,16.974010,16.974010,16.974010,16.974010
2026-05-05,17.580000,17.700001,17.360001,17.530001,2131483,0.000000,0.000000,16.878003,16.993212,16.666788,16.830000
2026-05-06,16.700001,17.160000,16.330000,16.750000,4170682,0.700000,0.000000,16.700001,17.160000,16.330000,16.750000
2026-05-07,16.700001,16.879999,16.500000,16.850000,1806918,0.000000,0.000000,16.700001,16.879999,16.500000,16.850000
2026-05-10,16.700001,16.700001,16.500000,16.570000,770779,0.000000,0.000000,16.700001,16.700001,16.500000,16.570000
2026-05-11,16.510000,17.340000,16.500000,17.299999,3296201,0.000000,0.000000,16.510000,17.340000,16.500000,17.299999
2026-05-12,17.200001,17.270000,16.809999,16.809999,1062003,0.000000,0.000000,17.200001,17.270000,16.809999,16.809999
2026-05-13,16.870001,17.490000,16.870001,17.490000,2828829,0.000000,0.000000,16.870001,17.490000,16.870001,17.490000
2026-05-14,17.490000,17.490000,17.049999,17.100000,1710758,0.000000,0.000000,17.490000,17.490000,17.049999,17.100000
2026-05-17,16.990000,17.090000,16.709999,16.709999,585178,0.000000,0.000000,16.990000,17.090000,16.709999,16.709999
2026-05-18,16.700001,17.200001,16.700001,16.980000,1812542,0.000000,0.000000,16.700001,17.200001,16.700001,16.980000
2026-05-19,16.799999,16.850000,16.709999,16.830000,825658,0.000000,0.000000,16.799999,16.850000,16.709999,16.830000
2026-05-20,16.730000,16.730000,16.440001,16.639999,1183887,0.000000,0.000000,16.730000,16.730000,16.440001,16.639999
2026-05-21,16.600000,16.850000,16.459999,16.850000,3144692,0.000000,0.000000,16.600000,16.850000,16.459999,16.850000
2026-05-24,16.850000,16.850000,16.850000,16.850000,0,0.000000,0.000000,16.850000,16.850000,16.850000,16.850000
2026-05-25,16.850000,16.850000,16.850000,16.850000,0,0.000000,0.000000,16.850000,16.850000,16.850000,16.850000
2026-05-26,16.850000,16.850000,16.850000,16.850000,0,0.000000,0.000000,16.850000,16.850000,16.850000,16.850000
2026-05-27,16.850000,16.850000,16.850000,16.850000,0,0.000000,0.000000,16.850000,16.850000,16.850000,16.850000
2026-05-28,16.850000,16.850000,16.850000,16.850000,0,0.000000,0.000000,16.850000,16.850000,16.850000,16.850000
2026-05-31,16.400000,16.600000,16.230000,16.230000,1828333,0.000000,0.000000,16.400000,16.600000,16.230000,16.230000
2026-06-01,16.559999,16.559999,16.260000,16.400000,2280858,0.000000,0.000000,16.559999,16.559999,16.260000,16.400000
2026-06-02,16.420000,16.670000,16.420000,16.670000,2929864,0.000000,0.000000,16.420000,16.670000,16.420000,16.670000
2026-06-03,16.700001,16.730000,16.450001,16.540001,801512,0.000000,0.000000,16.700001,16.730000,16.450001,16.540001
2026-06-04,16.660000,16.660000,16.450001,16.450001,706974,0.000000,0.000000,16.660000,16.660000,16.450001,16.450001
2026-06-07,16.450001,16.450001,16.170000,16.170000,715274,0.000000,0.000000,16.450001,16.450001,16.170000,16.170000
2026-06-08,16.180000,16.590000,16.180000,16.540001,1243492,0.000000,0.000000,16.180000,16.590000,16.180000,16.540001
2026-06-09,16.500000,16.639999,16.410000,16.540001,1341088,0.000000,0.000000,16.500000,16.639999,16.410000,16.540001
2026-06-10,16.600000,16.850000,16.570000,16.730000,1296164,0.000000,0.000000,16.600000,16.850000,16.570000,16.730000
2026-06-11,16.690001,17.100000,16.629999,17.080000,2329625,0.000000,0.000000,16.690001,17.100000,16.629999,17.080000
2026-06-14,17.100000,17.170000,16.840000,17.000000,570101,0.000000,0.000000,17.100000,17.170000,16.840000,17.000000
2026-06-15,16.950001,17.260000,16.950001,17.160000,1014696,0.000000,0.000000,16.950001,17.260000,16.950001,17.160000
2026-06-16,17.180000,17.719999,17.180000,17.330000,2099938,0.000000,0.000000,17.180000,17.719999,17.180000,17.330000
2026-06-17,17.400000,17.480000,17.330000,17.469999,940834,0.000000,0.000000,17.400000,17.480000,17.330000,17.469999
2026-06-18,17.469999,17.990000,17.469999,17.990000,3958692,0.000000,0.000000,17.469999,17.990000,17.469999,17.990000
2026-06-21,17.950001,17.969999,17.760000,17.820000,388797,0.000000,0.000000,17.950001,17.969999,17.760000,17.820000
2026-06-22,17.820000,18.480000,17.820000,18.370001,4122190,0.000000,0.000000,17.820000,18.480000,17.820000,18.370001
2026-06-23,18.360001,18.360001,17.959999,18.040001,1844128,0.000000,0.000000,18.360001,18.360001,17.959999,18.040001
2026-06-24,17.879999,18.150000,17.770000,17.930000,1343099,0.000000,0.000000,17.879999,18.150000,17.770000,17.930000
2026-06-25,17.950001,18.160000,17.950001,18.100000,2004815,0.000000,0.000000,17.950001,18.160000,17.950001,18.100000
2026-06-28,18.010000,18.090000,17.850000,17.950001,510524,0.000000,0.000000,18.010000,18.090000,17.850000,17.950001
2026-06-29,17.719999,18.120001,17.719999,18.000000,1763035,0.000000,0.000000,17.719999,18.120001,17.719999,18.000000
2026-06-30,18.000000,18.000000,17.629999,17.799999,847517,0.000000,0.000000,18.000000,18.000000,17.629999,17.799999
2026-07-01,17.700001,18.000000,17.700001,18.000000,422231,0.000000,0.000000,17.700001,18.000000,17.700001,18.000000
2026-07-02,17.860001,18.090000,17.860001,17.959999,757408,0.000000,0.000000,17.860001,18.090000,17.860001,17.959999
2026-07-05,17.950001,17.950001,17.750000,17.850000,220830,0.000000,0.000000,17.950001,17.950001,17.750000,17.850000
2026-07-06,17.820000,17.950001,17.770000,17.770000,721499,0.000000,0.000000,17.820000,17.950001,17.770000,17.770000
2026-07-07,17.770000,18.030001,17.750000,18.000000,913633,0.000000,0.000000,17.770000,18.030001,17.750000,18.000000
2026-07-08,18.000000,18.280001,18.000000,18.129999,1191092,0.000000,0.000000,18.000000,18.280001,18.000000,18.129999
2026-07-09,18.049999,18.230000,17.950001,18.049999,912581,0.000000,0.000000,18.049999,18.230000,17.950001,18.049999
2026-07-12,17.950001,18.049999,17.950001,18.000000,173984,0.000000,0.000000,17.950001,18.049999,17.950001,18.000000
2026-07-13,18.000000,18.280001,17.760000,17.799999,1366336,0.000000,0.000000,18.000000,18.280001,17.760000,17.799999
2026-07-14,17.760000,17.820000,17.620001,17.629999,696799,0.000000,0.000000,17.760000,17.820000,17.620001,17.629999
2026-07-15,17.680000,17.840000,17.620001,17.620001,498316,0.000000,0.000000,17.680000,17.840000,17.620001,17.620001
2026-07-16,17.690001,17.790001,17.530001,17.590000,578108,0.000000,0.000000,17.690001,17.790001,17.530001,17.590000
2026-07-19,17.420000,17.500000,17.180000,17.200001,348073,0.000000,0.000000,17.420000,17.500000,17.180000,17.200001
2026-07-20,17.219999,17.680000,17.219999,17.660000,899020,0.000000,0.000000,17.219999,17.680000,17.219999,17.660000
2026-07-21,17.510000,17.600000,17.230000,17.250000,712295,0.000000,0.000000,17.510000,17.600000,17.230000,17.250000
2026-07-22,17.500000,18.040001,17.500000,17.760000,1931488,0.000000,0.000000,17.500000,18.040001,17.500000,17.760000
2026-07-23,17.760000,18.049999,17.650000,17.830000,1682443,0.000000,0.000000,17.760000,18.049999,17.650000,17.830000
2026-07-26,17.540001,17.700001,17.540001,17.629999,514049,0.000000,0.000000,17.540001,17.700001,17.540001,17.629999
2026-07-27,17.650000,17.830000,17.610001,17.790001,869910,0.000000,0.000000,17.650000,17.830000,17.610001,17.790001
2026-07-28,17.760000,18.059999,17.760000,17.950001,2040429,0.000000,0.000000,17.760000,18.059999,17.760000,17.950001
2026-07-29,17.760000,17.760000,16.950001,17.010000,2467657,0.000000,0.000000,17.760000,17.760000,16.950001,17.010000
2026-07-30,17.000000,17.080000,16.809999,16.950001,1322507,0.000000,0.000000,17.000000,17.080000,16.809999,16.950001
2026-08-02,16.969999,17.120001,16.879999,17.040001,582099,0.000000,0.000000,16.969999,17.120001,16.879999,17.040001
2026-08-03,17.090000,17.570000,17.080000,17.480000,1000552,0.000000,0.000000,17.090000,17.570000,17.080000,17.480000
